round,p1_jid,p1_strategy,p1_action,p2_jid,p2_strategy,p2_action,p1_payoff,p2_payoff,p1_cumulative,p2_cumulative
1,player_ef604557-c391-410a-bac1-2e6a67423c66@localhost,AlwaysDefect,D,player_c7198461-9891-46ff-8bc2-bea4935b9b89@localhost,Random,C,10,0,10,0
2,player_ef604557-c391-410a-bac1-2e6a67423c66@localhost,AlwaysDefect,D,player_c7198461-9891-46ff-8bc2-bea4935b9b89@localhost,Random,C,10,0,20,0
3,player_ef604557-c391-410a-bac1-2e6a67423c66@localhost,AlwaysDefect,D,player_c7198461-9891-46ff-8bc2-bea4935b9b89@localhost,Random,C,10,0,30,0
4,player_ef604557-c391-410a-bac1-2e6a67423c66@localhost,AlwaysDefect,D,player_c7198461-9891-46ff-8bc2-bea4935b9b89@localhost,Random,D,1,1,31,1
5,player_ef604557-c391-410a-bac1-2e6a67423c66@localhost,AlwaysDefect,D,player_c7198461-9891-46ff-8bc2-bea4935b9b89@localhost,Random,C,10,0,41,1
6,player_ef604557-c391-410a-bac1-2e6a67423c66@localhost,AlwaysDefect,D,player_c7198461-9891-46ff-8bc2-bea4935b9b89@localhost,Random,C,10,0,51,1
7,player_ef604557-c391-410a-bac1-2e6a67423c66@localhost,AlwaysDefect,D,player_c7198461-9891-46ff-8bc2-bea4935b9b89@localhost,Random,D,1,1,52,2
8,player_ef604557-c391-410a-bac1-2e6a67423c66@localhost,AlwaysDefect,D,player_c7198461-9891-46ff-8bc2-bea4935b9b89@localhost,Random,C,10,0,62,2
9,player_ef604557-c391-410a-bac1-2e6a67423c66@localhost,AlwaysDefect,D,player_c7198461-9891-46ff-8bc2-bea4935b9b89@localhost,Random,D,1,1,63,3
10,player_ef604557-c391-410a-bac1-2e6a67423c66@localhost,AlwaysDefect,D,player_c7198461-9891-46ff-8bc2-bea4935b9b89@localhost,Random,C,10,0,73,3
11,player_ef604557-c391-410a-bac1-2e6a67423c66@localhost,AlwaysDefect,D,player_c7198461-9891-46ff-8bc2-bea4935b9b89@localhost,Random,C,10,0,83,3
12,player_ef604557-c391-410a-bac1-2e6a67423c66@localhost,AlwaysDefect,D,player_c7198461-9891-46ff-8bc2-bea4935b9b89@localhost,Random,C,10,0,93,3
13,player_ef604557-c391-410a-bac1-2e6a67423c66@localhost,AlwaysDefect,D,player_c7198461-9891-46ff-8bc2-bea4935b9b89@localhost,Random,C,10,0,103,3
14,player_ef604557-c391-410a-bac1-2e6a67423c66@localhost,AlwaysDefect,D,player_c7198461-9891-46ff-8bc2-bea4935b9b89@localhost,Random,D,1,1,104,4
15,player_ef604557-c391-410a-bac1-2e6a67423c66@localhost,AlwaysDefect,D,player_c7198461-9891-46ff-8bc2-bea4935b9b89@localhost,Random,D,1,1,105,5
16,player_ef604557-c391-410a-bac1-2e6a67423c66@localhost,AlwaysDefect,D,player_c7198461-9891-46ff-8bc2-bea4935b9b89@localhost,Random,C,10,0,115,5
17,player_ef604557-c391-410a-bac1-2e6a67423c66@localhost,AlwaysDefect,D,player_c7198461-9891-46ff-8bc2-bea4935b9b89@localhost,Random,D,1,1,116,6
18,player_ef604557-c391-410a-bac1-2e6a67423c66@localhost,AlwaysDefect,D,player_c7198461-9891-46ff-8bc2-bea4935b9b89@localhost,Random,D,1,1,117,7
19,player_ef604557-c391-410a-bac1-2e6a67423c66@localhost,AlwaysDefect,D,player_c7198461-9891-46ff-8bc2-bea4935b9b89@localhost,Random,C,10,0,127,7
20,player_ef604557-c391-410a-bac1-2e6a67423c66@localhost,AlwaysDefect,D,player_c7198461-9891-46ff-8bc2-bea4935b9b89@localhost,Random,C,10,0,137,7
21,player_ef604557-c391-410a-bac1-2e6a67423c66@localhost,AlwaysDefect,D,player_c7198461-9891-46ff-8bc2-bea4935b9b89@localhost,Random,D,1,1,138,8
22,player_ef604557-c391-410a-bac1-2e6a67423c66@localhost,AlwaysDefect,D,player_c7198461-9891-46ff-8bc2-bea4935b9b89@localhost,Random,D,1,1,139,9
23,player_ef604557-c391-410a-bac1-2e6a67423c66@localhost,AlwaysDefect,D,player_c7198461-9891-46ff-8bc2-bea4935b9b89@localhost,Random,C,10,0,149,9
24,player_ef604557-c391-410a-bac1-2e6a67423c66@localhost,AlwaysDefect,D,player_c7198461-9891-46ff-8bc2-bea4935b9b89@localhost,Random,D,1,1,150,10
25,player_ef604557-c391-410a-bac1-2e6a67423c66@localhost,AlwaysDefect,D,player_c7198461-9891-46ff-8bc2-bea4935b9b89@localhost,Random,D,1,1,151,11
26,player_ef604557-c391-410a-bac1-2e6a67423c66@localhost,AlwaysDefect,D,player_c7198461-9891-46ff-8bc2-bea4935b9b89@localhost,Random,C,10,0,161,11
27,player_ef604557-c391-410a-bac1-2e6a67423c66@localhost,AlwaysDefect,D,player_c7198461-9891-46ff-8bc2-bea4935b9b89@localhost,Random,C,10,0,171,11
28,player_ef604557-c391-410a-bac1-2e6a67423c66@localhost,AlwaysDefect,D,player_c7198461-9891-46ff-8bc2-bea4935b9b89@localhost,Random,D,1,1,172,12
29,player_ef604557-c391-410a-bac1-2e6a67423c66@localhost,AlwaysDefect,D,player_c7198461-9891-46ff-8bc2-bea4935b9b89@localhost,Random,C,10,0,182,12
30,player_ef604557-c391-410a-bac1-2e6a67423c66@localhost,AlwaysDefect,D,player_c7198461-9891-46ff-8bc2-bea4935b9b89@localhost,Random,C,10,0,192,12
31,player_ef604557-c391-410a-bac1-2e6a67423c66@localhost,AlwaysDefect,D,player_c7198461-9891-46ff-8bc2-bea4935b9b89@localhost,Random,C,10,0,202,12
32,player_ef604557-c391-410a-bac1-2e6a67423c66@localhost,AlwaysDefect,D,player_c7198461-9891-46ff-8bc2-bea4935b9b89@localhost,Random,C,10,0,212,12
33,player_ef604557-c391-410a-bac1-2e6a67423c66@localhost,AlwaysDefect,D,player_c7198461-9891-46ff-8bc2-bea4935b9b89@localhost,Random,C,10,0,222,12
34,player_ef604557-c391-410a-bac1-2e6a67423c66@localhost,AlwaysDefect,D,player_c7198461-9891-46ff-8bc2-bea4935b9b89@localhost,Random,C,10,0,232,12
35,player_ef604557-c391-410a-bac1-2e6a67423c66@localhost,AlwaysDefect,D,player_c7198461-9891-46ff-8bc2-bea4935b9b89@localhost,Random,D,1,1,233,13
36,player_ef604557-c391-410a-bac1-2e6a67423c66@localhost,AlwaysDefect,D,player_c7198461-9891-46ff-8bc2-bea4935b9b89@localhost,Random,C,10,0,243,13
37,player_ef604557-c391-410a-bac1-2e6a67423c66@localhost,AlwaysDefect,D,player_c7198461-9891-46ff-8bc2-bea4935b9b89@localhost,Random,D,1,1,244,14
38,player_ef604557-c391-410a-bac1-2e6a67423c66@localhost,AlwaysDefect,D,player_c7198461-9891-46ff-8bc2-bea4935b9b89@localhost,Random,D,1,1,245,15
39,player_ef604557-c391-410a-bac1-2e6a67423c66@localhost,AlwaysDefect,D,player_c7198461-9891-46ff-8bc2-bea4935b9b89@localhost,Random,C,10,0,255,15
40,player_ef604557-c391-410a-bac1-2e6a67423c66@localhost,AlwaysDefect,D,player_c7198461-9891-46ff-8bc2-bea4935b9b89@localhost,Random,D,1,1,256,16
41,player_ef604557-c391-410a-bac1-2e6a67423c66@localhost,AlwaysDefect,D,player_c7198461-9891-46ff-8bc2-bea4935b9b89@localhost,Random,C,10,0,266,16
42,player_ef604557-c391-410a-bac1-2e6a67423c66@localhost,AlwaysDefect,D,player_c7198461-9891-46ff-8bc2-bea4935b9b89@localhost,Random,C,10,0,276,16
43,player_ef604557-c391-410a-bac1-2e6a67423c66@localhost,AlwaysDefect,D,player_c7198461-9891-46ff-8bc2-bea4935b9b89@localhost,Random,D,1,1,277,17
44,player_ef604557-c391-410a-bac1-2e6a67423c66@localhost,AlwaysDefect,D,player_c7198461-9891-46ff-8bc2-bea4935b9b89@localhost,Random,D,1,1,278,18
45,player_ef604557-c391-410a-bac1-2e6a67423c66@localhost,AlwaysDefect,D,player_c7198461-9891-46ff-8bc2-bea4935b9b89@localhost,Random,C,10,0,288,18
46,player_ef604557-c391-410a-bac1-2e6a67423c66@localhost,AlwaysDefect,D,player_c7198461-9891-46ff-8bc2-bea4935b9b89@localhost,Random,D,1,1,289,19
47,player_ef604557-c391-410a-bac1-2e6a67423c66@localhost,AlwaysDefect,D,player_c7198461-9891-46ff-8bc2-bea4935b9b89@localhost,Random,D,1,1,290,20
48,player_ef604557-c391-410a-bac1-2e6a67423c66@localhost,AlwaysDefect,D,player_c7198461-9891-46ff-8bc2-bea4935b9b89@localhost,Random,D,1,1,291,21
49,player_ef604557-c391-410a-bac1-2e6a67423c66@localhost,AlwaysDefect,D,player_c7198461-9891-46ff-8bc2-bea4935b9b89@localhost,Random,C,10,0,301,21
50,player_ef604557-c391-410a-bac1-2e6a67423c66@localhost,AlwaysDefect,D,player_c7198461-9891-46ff-8bc2-bea4935b9b89@localhost,Random,D,1,1,302,22
51,player_ef604557-c391-410a-bac1-2e6a67423c66@localhost,AlwaysDefect,D,player_c7198461-9891-46ff-8bc2-bea4935b9b89@localhost,Random,C,10,0,312,22
52,player_ef604557-c391-410a-bac1-2e6a67423c66@localhost,AlwaysDefect,D,player_c7198461-9891-46ff-8bc2-bea4935b9b89@localhost,Random,C,10,0,322,22
53,player_ef604557-c391-410a-bac1-2e6a67423c66@localhost,AlwaysDefect,D,player_c7198461-9891-46ff-8bc2-bea4935b9b89@localhost,Random,C,10,0,332,22
54,player_ef604557-c391-410a-bac1-2e6a67423c66@localhost,AlwaysDefect,D,player_c7198461-9891-46ff-8bc2-bea4935b9b89@localhost,Random,C,10,0,342,22
55,player_ef604557-c391-410a-bac1-2e6a67423c66@localhost,AlwaysDefect,D,player_c7198461-9891-46ff-8bc2-bea4935b9b89@localhost,Random,D,1,1,343,23
56,player_ef604557-c391-410a-bac1-2e6a67423c66@localhost,AlwaysDefect,D,player_c7198461-9891-46ff-8bc2-bea4935b9b89@localhost,Random,C,10,0,353,23
57,player_ef604557-c391-410a-bac1-2e6a67423c66@localhost,AlwaysDefect,D,player_c7198461-9891-46ff-8bc2-bea4935b9b89@localhost,Random,D,1,1,354,24
58,player_ef604557-c391-410a-bac1-2e6a67423c66@localhost,AlwaysDefect,D,player_c7198461-9891-46ff-8bc2-bea4935b9b89@localhost,Random,D,1,1,355,25
59,player_ef604557-c391-410a-bac1-2e6a67423c66@localhost,AlwaysDefect,D,player_c7198461-9891-46ff-8bc2-bea4935b9b89@localhost,Random,C,10,0,365,25
60,player_ef604557-c391-410a-bac1-2e6a67423c66@localhost,AlwaysDefect,D,player_c7198461-9891-46ff-8bc2-bea4935b9b89@localhost,Random,C,10,0,375,25
61,player_ef604557-c391-410a-bac1-2e6a67423c66@localhost,AlwaysDefect,D,player_c7198461-9891-46ff-8bc2-bea4935b9b89@localhost,Random,D,1,1,376,26
62,player_ef604557-c391-410a-bac1-2e6a67423c66@localhost,AlwaysDefect,D,player_c7198461-9891-46ff-8bc2-bea4935b9b89@localhost,Random,D,1,1,377,27
63,player_ef604557-c391-410a-bac1-2e6a67423c66@localhost,AlwaysDefect,D,player_c7198461-9891-46ff-8bc2-bea4935b9b89@localhost,Random,D,1,1,378,28
64,player_ef604557-c391-410a-bac1-2e6a67423c66@localhost,AlwaysDefect,D,player_c7198461-9891-46ff-8bc2-bea4935b9b89@localhost,Random,C,10,0,388,28
65,player_ef604557-c391-410a-bac1-2e6a67423c66@localhost,AlwaysDefect,D,player_c7198461-9891-46ff-8bc2-bea4935b9b89@localhost,Random,D,1,1,389,29
66,player_ef604557-c391-410a-bac1-2e6a67423c66@localhost,AlwaysDefect,D,player_c7198461-9891-46ff-8bc2-bea4935b9b89@localhost,Random,D,1,1,390,30
67,player_ef604557-c391-410a-bac1-2e6a67423c66@localhost,AlwaysDefect,D,player_c7198461-9891-46ff-8bc2-bea4935b9b89@localhost,Random,D,1,1,391,31
68,player_ef604557-c391-410a-bac1-2e6a67423c66@localhost,AlwaysDefect,D,player_c7198461-9891-46ff-8bc2-bea4935b9b89@localhost,Random,D,1,1,392,32
69,player_ef604557-c391-410a-bac1-2e6a67423c66@localhost,AlwaysDefect,D,player_c7198461-9891-46ff-8bc2-bea4935b9b89@localhost,Random,D,1,1,393,33
70,player_ef604557-c391-410a-bac1-2e6a67423c66@localhost,AlwaysDefect,D,player_c7198461-9891-46ff-8bc2-bea4935b9b89@localhost,Random,D,1,1,394,34
71,player_ef604557-c391-410a-bac1-2e6a67423c66@localhost,AlwaysDefect,D,player_c7198461-9891-46ff-8bc2-bea4935b9b89@localhost,Random,D,1,1,395,35
72,player_ef604557-c391-410a-bac1-2e6a67423c66@localhost,AlwaysDefect,D,player_c7198461-9891-46ff-8bc2-bea4935b9b89@localhost,Random,C,10,0,405,35
73,player_ef604557-c391-410a-bac1-2e6a67423c66@localhost,AlwaysDefect,D,player_c7198461-9891-46ff-8bc2-bea4935b9b89@localhost,Random,D,1,1,406,36
74,player_ef604557-c391-410a-bac1-2e6a67423c66@localhost,AlwaysDefect,D,player_c7198461-9891-46ff-8bc2-bea4935b9b89@localhost,Random,C,10,0,416,36
75,player_ef604557-c391-410a-bac1-2e6a67423c66@localhost,AlwaysDefect,D,player_c7198461-9891-46ff-8bc2-bea4935b9b89@localhost,Random,D,1,1,417,37
76,player_ef604557-c391-410a-bac1-2e6a67423c66@localhost,AlwaysDefect,D,player_c7198461-9891-46ff-8bc2-bea4935b9b89@localhost,Random,C,10,0,427,37
77,player_ef604557-c391-410a-bac1-2e6a67423c66@localhost,AlwaysDefect,D,player_c7198461-9891-46ff-8bc2-bea4935b9b89@localhost,Random,C,10,0,437,37
78,player_ef604557-c391-410a-bac1-2e6a67423c66@localhost,AlwaysDefect,D,player_c7198461-9891-46ff-8bc2-bea4935b9b89@localhost,Random,D,1,1,438,38
79,player_ef604557-c391-410a-bac1-2e6a67423c66@localhost,AlwaysDefect,D,player_c7198461-9891-46ff-8bc2-bea4935b9b89@localhost,Random,C,10,0,448,38
80,player_ef604557-c391-410a-bac1-2e6a67423c66@localhost,AlwaysDefect,D,player_c7198461-9891-46ff-8bc2-bea4935b9b89@localhost,Random,D,1,1,449,39
81,player_ef604557-c391-410a-bac1-2e6a67423c66@localhost,AlwaysDefect,D,player_c7198461-9891-46ff-8bc2-bea4935b9b89@localhost,Random,C,10,0,459,39
82,player_ef604557-c391-410a-bac1-2e6a67423c66@localhost,AlwaysDefect,D,player_c7198461-9891-46ff-8bc2-bea4935b9b89@localhost,Random,D,1,1,460,40
83,player_ef604557-c391-410a-bac1-2e6a67423c66@localhost,AlwaysDefect,D,player_c7198461-9891-46ff-8bc2-bea4935b9b89@localhost,Random,C,10,0,470,40
84,player_ef604557-c391-410a-bac1-2e6a67423c66@localhost,AlwaysDefect,D,player_c7198461-9891-46ff-8bc2-bea4935b9b89@localhost,Random,D,1,1,471,41
85,player_ef604557-c391-410a-bac1-2e6a67423c66@localhost,AlwaysDefect,D,player_c7198461-9891-46ff-8bc2-bea4935b9b89@localhost,Random,D,1,1,472,42
86,player_ef604557-c391-410a-bac1-2e6a67423c66@localhost,AlwaysDefect,D,player_c7198461-9891-46ff-8bc2-bea4935b9b89@localhost,Random,C,10,0,482,42
87,player_ef604557-c391-410a-bac1-2e6a67423c66@localhost,AlwaysDefect,D,player_c7198461-9891-46ff-8bc2-bea4935b9b89@localhost,Random,D,1,1,483,43
88,player_ef604557-c391-410a-bac1-2e6a67423c66@localhost,AlwaysDefect,D,player_c7198461-9891-46ff-8bc2-bea4935b9b89@localhost,Random,C,10,0,493,43
89,player_ef604557-c391-410a-bac1-2e6a67423c66@localhost,AlwaysDefect,D,player_c7198461-9891-46ff-8bc2-bea4935b9b89@localhost,Random,D,1,1,494,44
90,player_ef604557-c391-410a-bac1-2e6a67423c66@localhost,AlwaysDefect,D,player_c7198461-9891-46ff-8bc2-bea4935b9b89@localhost,Random,D,1,1,495,45
91,player_ef604557-c391-410a-bac1-2e6a67423c66@localhost,AlwaysDefect,D,player_c7198461-9891-46ff-8bc2-bea4935b9b89@localhost,Random,D,1,1,496,46
92,player_ef604557-c391-410a-bac1-2e6a67423c66@localhost,AlwaysDefect,D,player_c7198461-9891-46ff-8bc2-bea4935b9b89@localhost,Random,D,1,1,497,47
93,player_ef604557-c391-410a-bac1-2e6a67423c66@localhost,AlwaysDefect,D,player_c7198461-9891-46ff-8bc2-bea4935b9b89@localhost,Random,C,10,0,507,47
94,player_ef604557-c391-410a-bac1-2e6a67423c66@localhost,AlwaysDefect,D,player_c7198461-9891-46ff-8bc2-bea4935b9b89@localhost,Random,D,1,1,508,48
95,player_ef604557-c391-410a-bac1-2e6a67423c66@localhost,AlwaysDefect,D,player_c7198461-9891-46ff-8bc2-bea4935b9b89@localhost,Random,C,10,0,518,48
96,player_ef604557-c391-410a-bac1-2e6a67423c66@localhost,AlwaysDefect,D,player_c7198461-9891-46ff-8bc2-bea4935b9b89@localhost,Random,D,1,1,519,49
97,player_ef604557-c391-410a-bac1-2e6a67423c66@localhost,AlwaysDefect,D,player_c7198461-9891-46ff-8bc2-bea4935b9b89@localhost,Random,C,10,0,529,49
98,player_ef604557-c391-410a-bac1-2e6a67423c66@localhost,AlwaysDefect,D,player_c7198461-9891-46ff-8bc2-bea4935b9b89@localhost,Random,D,1,1,530,50
99,player_ef604557-c391-410a-bac1-2e6a67423c66@localhost,AlwaysDefect,D,player_c7198461-9891-46ff-8bc2-bea4935b9b89@localhost,Random,D,1,1,531,51
100,player_ef604557-c391-410a-bac1-2e6a67423c66@localhost,AlwaysDefect,D,player_c7198461-9891-46ff-8bc2-bea4935b9b89@localhost,Random,D,1,1,532,52
101,player_ef604557-c391-410a-bac1-2e6a67423c66@localhost,AlwaysDefect,D,player_c7198461-9891-46ff-8bc2-bea4935b9b89@localhost,Random,D,1,1,533,53
102,player_ef604557-c391-410a-bac1-2e6a67423c66@localhost,AlwaysDefect,D,player_c7198461-9891-46ff-8bc2-bea4935b9b89@localhost,Random,D,1,1,534,54
103,player_ef604557-c391-410a-bac1-2e6a67423c66@localhost,AlwaysDefect,D,player_c7198461-9891-46ff-8bc2-bea4935b9b89@localhost,Random,C,10,0,544,54
104,player_ef604557-c391-410a-bac1-2e6a67423c66@localhost,AlwaysDefect,D,player_c7198461-9891-46ff-8bc2-bea4935b9b89@localhost,Random,C,10,0,554,54
105,player_ef604557-c391-410a-bac1-2e6a67423c66@localhost,AlwaysDefect,D,player_c7198461-9891-46ff-8bc2-bea4935b9b89@localhost,Random,D,1,1,555,55
106,player_ef604557-c391-410a-bac1-2e6a67423c66@localhost,AlwaysDefect,D,player_c7198461-9891-46ff-8bc2-bea4935b9b89@localhost,Random,D,1,1,556,56
107,player_ef604557-c391-410a-bac1-2e6a67423c66@localhost,AlwaysDefect,D,player_c7198461-9891-46ff-8bc2-bea4935b9b89@localhost,Random,D,1,1,557,57
108,player_ef604557-c391-410a-bac1-2e6a67423c66@localhost,AlwaysDefect,D,player_c7198461-9891-46ff-8bc2-bea4935b9b89@localhost,Random,D,1,1,558,58
109,player_ef604557-c391-410a-bac1-2e6a67423c66@localhost,AlwaysDefect,D,player_c7198461-9891-46ff-8bc2-bea4935b9b89@localhost,Random,D,1,1,559,59
110,player_ef604557-c391-410a-bac1-2e6a67423c66@localhost,AlwaysDefect,D,player_c7198461-9891-46ff-8bc2-bea4935b9b89@localhost,Random,D,1,1,560,60
111,player_ef604557-c391-410a-bac1-2e6a67423c66@localhost,AlwaysDefect,D,player_c7198461-9891-46ff-8bc2-bea4935b9b89@localhost,Random,D,1,1,561,61
112,player_ef604557-c391-410a-bac1-2e6a67423c66@localhost,AlwaysDefect,D,player_c7198461-9891-46ff-8bc2-bea4935b9b89@localhost,Random,C,10,0,571,61
113,player_ef604557-c391-410a-bac1-2e6a67423c66@localhost,AlwaysDefect,D,player_c7198461-9891-46ff-8bc2-bea4935b9b89@localhost,Random,C,10,0,581,61
114,player_ef604557-c391-410a-bac1-2e6a67423c66@localhost,AlwaysDefect,D,player_c7198461-9891-46ff-8bc2-bea4935b9b89@localhost,Random,D,1,1,582,62
115,player_ef604557-c391-410a-bac1-2e6a67423c66@localhost,AlwaysDefect,D,player_c7198461-9891-46ff-8bc2-bea4935b9b89@localhost,Random,C,10,0,592,62
116,player_ef604557-c391-410a-bac1-2e6a67423c66@localhost,AlwaysDefect,D,player_c7198461-9891-46ff-8bc2-bea4935b9b89@localhost,Random,C,10,0,602,62
117,player_ef604557-c391-410a-bac1-2e6a67423c66@localhost,AlwaysDefect,D,player_c7198461-9891-46ff-8bc2-bea4935b9b89@localhost,Random,D,1,1,603,63
118,player_ef604557-c391-410a-bac1-2e6a67423c66@localhost,AlwaysDefect,D,player_c7198461-9891-46ff-8bc2-bea4935b9b89@localhost,Random,D,1,1,604,64
119,player_ef604557-c391-410a-bac1-2e6a67423c66@localhost,AlwaysDefect,D,player_c7198461-9891-46ff-8bc2-bea4935b9b89@localhost,Random,D,1,1,605,65
120,player_ef604557-c391-410a-bac1-2e6a67423c66@localhost,AlwaysDefect,D,player_c7198461-9891-46ff-8bc2-bea4935b9b89@localhost,Random,C,10,0,615,65
121,player_ef604557-c391-410a-bac1-2e6a67423c66@localhost,AlwaysDefect,D,player_c7198461-9891-46ff-8bc2-bea4935b9b89@localhost,Random,D,1,1,616,66
122,player_ef604557-c391-410a-bac1-2e6a67423c66@localhost,AlwaysDefect,D,player_c7198461-9891-46ff-8bc2-bea4935b9b89@localhost,Random,C,10,0,626,66
123,player_ef604557-c391-410a-bac1-2e6a67423c66@localhost,AlwaysDefect,D,player_c7198461-9891-46ff-8bc2-bea4935b9b89@localhost,Random,C,10,0,636,66
124,player_ef604557-c391-410a-bac1-2e6a67423c66@localhost,AlwaysDefect,D,player_c7198461-9891-46ff-8bc2-bea4935b9b89@localhost,Random,D,1,1,637,67
125,player_ef604557-c391-410a-bac1-2e6a67423c66@localhost,AlwaysDefect,D,player_c7198461-9891-46ff-8bc2-bea4935b9b89@localhost,Random,D,1,1,638,68
126,player_ef604557-c391-410a-bac1-2e6a67423c66@localhost,AlwaysDefect,D,player_c7198461-9891-46ff-8bc2-bea4935b9b89@localhost,Random,D,1,1,639,69
127,player_ef604557-c391-410a-bac1-2e6a67423c66@localhost,AlwaysDefect,D,player_c7198461-9891-46ff-8bc2-bea4935b9b89@localhost,Random,C,10,0,649,69
128,player_ef604557-c391-410a-bac1-2e6a67423c66@localhost,AlwaysDefect,D,player_c7198461-9891-46ff-8bc2-bea4935b9b89@localhost,Random,D,1,1,650,70
129,player_ef604557-c391-410a-bac1-2e6a67423c66@localhost,AlwaysDefect,D,player_c7198461-9891-46ff-8bc2-bea4935b9b89@localhost,Random,C,10,0,660,70
130,player_ef604557-c391-410a-bac1-2e6a67423c66@localhost,AlwaysDefect,D,player_c7198461-9891-46ff-8bc2-bea4935b9b89@localhost,Random,D,1,1,661,71
131,player_ef604557-c391-410a-bac1-2e6a67423c66@localhost,AlwaysDefect,D,player_c7198461-9891-46ff-8bc2-bea4935b9b89@localhost,Random,D,1,1,662,72
132,player_ef604557-c391-410a-bac1-2e6a67423c66@localhost,AlwaysDefect,D,player_c7198461-9891-46ff-8bc2-bea4935b9b89@localhost,Random,D,1,1,663,73
133,player_ef604557-c391-410a-bac1-2e6a67423c66@localhost,AlwaysDefect,D,player_c7198461-9891-46ff-8bc2-bea4935b9b89@localhost,Random,C,10,0,673,73
134,player_ef604557-c391-410a-bac1-2e6a67423c66@localhost,AlwaysDefect,D,player_c7198461-9891-46ff-8bc2-bea4935b9b89@localhost,Random,C,10,0,683,73
135,player_ef604557-c391-410a-bac1-2e6a67423c66@localhost,AlwaysDefect,D,player_c7198461-9891-46ff-8bc2-bea4935b9b89@localhost,Random,D,1,1,684,74
136,player_ef604557-c391-410a-bac1-2e6a67423c66@localhost,AlwaysDefect,D,player_c7198461-9891-46ff-8bc2-bea4935b9b89@localhost,Random,D,1,1,685,75
137,player_ef604557-c391-410a-bac1-2e6a67423c66@localhost,AlwaysDefect,D,player_c7198461-9891-46ff-8bc2-bea4935b9b89@localhost,Random,D,1,1,686,76
138,player_ef604557-c391-410a-bac1-2e6a67423c66@localhost,AlwaysDefect,D,player_c7198461-9891-46ff-8bc2-bea4935b9b89@localhost,Random,D,1,1,687,77
139,player_ef604557-c391-410a-bac1-2e6a67423c66@localhost,AlwaysDefect,D,player_c7198461-9891-46ff-8bc2-bea4935b9b89@localhost,Random,C,10,0,697,77
140,player_ef604557-c391-410a-bac1-2e6a67423c66@localhost,AlwaysDefect,D,player_c7198461-9891-46ff-8bc2-bea4935b9b89@localhost,Random,C,10,0,707,77
141,player_ef604557-c391-410a-bac1-2e6a67423c66@localhost,AlwaysDefect,D,player_c7198461-9891-46ff-8bc2-bea4935b9b89@localhost,Random,C,10,0,717,77
142,player_ef604557-c391-410a-bac1-2e6a67423c66@localhost,AlwaysDefect,D,player_c7198461-9891-46ff-8bc2-bea4935b9b89@localhost,Random,C,10,0,727,77
143,player_ef604557-c391-410a-bac1-2e6a67423c66@localhost,AlwaysDefect,D,player_c7198461-9891-46ff-8bc2-bea4935b9b89@localhost,Random,C,10,0,737,77
144,player_ef604557-c391-410a-bac1-2e6a67423c66@localhost,AlwaysDefect,D,player_c7198461-9891-46ff-8bc2-bea4935b9b89@localhost,Random,C,10,0,747,77
145,player_ef604557-c391-410a-bac1-2e6a67423c66@localhost,AlwaysDefect,D,player_c7198461-9891-46ff-8bc2-bea4935b9b89@localhost,Random,D,1,1,748,78
146,player_ef604557-c391-410a-bac1-2e6a67423c66@localhost,AlwaysDefect,D,player_c7198461-9891-46ff-8bc2-bea4935b9b89@localhost,Random,D,1,1,749,79
147,player_ef604557-c391-410a-bac1-2e6a67423c66@localhost,AlwaysDefect,D,player_c7198461-9891-46ff-8bc2-bea4935b9b89@localhost,Random,C,10,0,759,79
148,player_ef604557-c391-410a-bac1-2e6a67423c66@localhost,AlwaysDefect,D,player_c7198461-9891-46ff-8bc2-bea4935b9b89@localhost,Random,C,10,0,769,79
149,player_ef604557-c391-410a-bac1-2e6a67423c66@localhost,AlwaysDefect,D,player_c7198461-9891-46ff-8bc2-bea4935b9b89@localhost,Random,C,10,0,779,79
150,player_ef604557-c391-410a-bac1-2e6a67423c66@localhost,AlwaysDefect,D,player_c7198461-9891-46ff-8bc2-bea4935b9b89@localhost,Random,C,10,0,789,79
151,player_ef604557-c391-410a-bac1-2e6a67423c66@localhost,AlwaysDefect,D,player_c7198461-9891-46ff-8bc2-bea4935b9b89@localhost,Random,C,10,0,799,79
152,player_ef604557-c391-410a-bac1-2e6a67423c66@localhost,AlwaysDefect,D,player_c7198461-9891-46ff-8bc2-bea4935b9b89@localhost,Random,D,1,1,800,80
153,player_ef604557-c391-410a-bac1-2e6a67423c66@localhost,AlwaysDefect,D,player_c7198461-9891-46ff-8bc2-bea4935b9b89@localhost,Random,C,10,0,810,80
154,player_ef604557-c391-410a-bac1-2e6a67423c66@localhost,AlwaysDefect,D,player_c7198461-9891-46ff-8bc2-bea4935b9b89@localhost,Random,D,1,1,811,81
155,player_ef604557-c391-410a-bac1-2e6a67423c66@localhost,AlwaysDefect,D,player_c7198461-9891-46ff-8bc2-bea4935b9b89@localhost,Random,D,1,1,812,82
156,player_ef604557-c391-410a-bac1-2e6a67423c66@localhost,AlwaysDefect,D,player_c7198461-9891-46ff-8bc2-bea4935b9b89@localhost,Random,D,1,1,813,83
157,player_ef604557-c391-410a-bac1-2e6a67423c66@localhost,AlwaysDefect,D,player_c7198461-9891-46ff-8bc2-bea4935b9b89@localhost,Random,D,1,1,814,84
158,player_ef604557-c391-410a-bac1-2e6a67423c66@localhost,AlwaysDefect,D,player_c7198461-9891-46ff-8bc2-bea4935b9b89@localhost,Random,D,1,1,815,85
159,player_ef604557-c391-410a-bac1-2e6a67423c66@localhost,AlwaysDefect,D,player_c7198461-9891-46ff-8bc2-bea4935b9b89@localhost,Random,D,1,1,816,86
160,player_ef604557-c391-410a-bac1-2e6a67423c66@localhost,AlwaysDefect,D,player_c7198461-9891-46ff-8bc2-bea4935b9b89@localhost,Random,C,10,0,826,86
161,player_ef604557-c391-410a-bac1-2e6a67423c66@localhost,AlwaysDefect,D,player_c7198461-9891-46ff-8bc2-bea4935b9b89@localhost,Random,D,1,1,827,87
162,player_ef604557-c391-410a-bac1-2e6a67423c66@localhost,AlwaysDefect,D,player_c7198461-9891-46ff-8bc2-bea4935b9b89@localhost,Random,C,10,0,837,87
163,player_ef604557-c391-410a-bac1-2e6a67423c66@localhost,AlwaysDefect,D,player_c7198461-9891-46ff-8bc2-bea4935b9b89@localhost,Random,C,10,0,847,87
164,player_ef604557-c391-410a-bac1-2e6a67423c66@localhost,AlwaysDefect,D,player_c7198461-9891-46ff-8bc2-bea4935b9b89@localhost,Random,D,1,1,848,88
165,player_ef604557-c391-410a-bac1-2e6a67423c66@localhost,AlwaysDefect,D,player_c7198461-9891-46ff-8bc2-bea4935b9b89@localhost,Random,D,1,1,849,89
166,player_ef604557-c391-410a-bac1-2e6a67423c66@localhost,AlwaysDefect,D,player_c7198461-9891-46ff-8bc2-bea4935b9b89@localhost,Random,C,10,0,859,89
167,player_ef604557-c391-410a-bac1-2e6a67423c66@localhost,AlwaysDefect,D,player_c7198461-9891-46ff-8bc2-bea4935b9b89@localhost,Random,D,1,1,860,90
168,player_ef604557-c391-410a-bac1-2e6a67423c66@localhost,AlwaysDefect,D,player_c7198461-9891-46ff-8bc2-bea4935b9b89@localhost,Random,D,1,1,861,91
169,player_ef604557-c391-410a-bac1-2e6a67423c66@localhost,AlwaysDefect,D,player_c7198461-9891-46ff-8bc2-bea4935b9b89@localhost,Random,D,1,1,862,92
170,player_ef604557-c391-410a-bac1-2e6a67423c66@localhost,AlwaysDefect,D,player_c7198461-9891-46ff-8bc2-bea4935b9b89@localhost,Random,D,1,1,863,93
171,player_ef604557-c391-410a-bac1-2e6a67423c66@localhost,AlwaysDefect,D,player_c7198461-9891-46ff-8bc2-bea4935b9b89@localhost,Random,D,1,1,864,94
172,player_ef604557-c391-410a-bac1-2e6a67423c66@localhost,AlwaysDefect,D,player_c7198461-9891-46ff-8bc2-bea4935b9b89@localhost,Random,C,10,0,874,94
173,player_ef604557-c391-410a-bac1-2e6a67423c66@localhost,AlwaysDefect,D,player_c7198461-9891-46ff-8bc2-bea4935b9b89@localhost,Random,D,1,1,875,95
174,player_ef604557-c391-410a-bac1-2e6a67423c66@localhost,AlwaysDefect,D,player_c7198461-9891-46ff-8bc2-bea4935b9b89@localhost,Random,D,1,1,876,96
175,player_ef604557-c391-410a-bac1-2e6a67423c66@localhost,AlwaysDefect,D,player_c7198461-9891-46ff-8bc2-bea4935b9b89@localhost,Random,D,1,1,877,97
176,player_ef604557-c391-410a-bac1-2e6a67423c66@localhost,AlwaysDefect,D,player_c7198461-9891-46ff-8bc2-bea4935b9b89@localhost,Random,D,1,1,878,98
177,player_ef604557-c391-410a-bac1-2e6a67423c66@localhost,AlwaysDefect,D,player_c7198461-9891-46ff-8bc2-bea4935b9b89@localhost,Random,C,10,0,888,98
178,player_ef604557-c391-410a-bac1-2e6a67423c66@localhost,AlwaysDefect,D,player_c7198461-9891-46ff-8bc2-bea4935b9b89@localhost,Random,D,1,1,889,99
179,player_ef604557-c391-410a-bac1-2e6a67423c66@localhost,AlwaysDefect,D,player_c7198461-9891-46ff-8bc2-bea4935b9b89@localhost,Random,C,10,0,899,99
180,player_ef604557-c391-410a-bac1-2e6a67423c66@localhost,AlwaysDefect,D,player_c7198461-9891-46ff-8bc2-bea4935b9b89@localhost,Random,D,1,1,900,100
181,player_ef604557-c391-410a-bac1-2e6a67423c66@localhost,AlwaysDefect,D,player_c7198461-9891-46ff-8bc2-bea4935b9b89@localhost,Random,C,10,0,910,100
182,player_ef604557-c391-410a-bac1-2e6a67423c66@localhost,AlwaysDefect,D,player_c7198461-9891-46ff-8bc2-bea4935b9b89@localhost,Random,D,1,1,911,101
183,player_ef604557-c391-410a-bac1-2e6a67423c66@localhost,AlwaysDefect,D,player_c7198461-9891-46ff-8bc2-bea4935b9b89@localhost,Random,C,10,0,921,101
184,player_ef604557-c391-410a-bac1-2e6a67423c66@localhost,AlwaysDefect,D,player_c7198461-9891-46ff-8bc2-bea4935b9b89@localhost,Random,C,10,0,931,101
185,player_ef604557-c391-410a-bac1-2e6a67423c66@localhost,AlwaysDefect,D,player_c7198461-9891-46ff-8bc2-bea4935b9b89@localhost,Random,D,1,1,932,102
186,player_ef604557-c391-410a-bac1-2e6a67423c66@localhost,AlwaysDefect,D,player_c7198461-9891-46ff-8bc2-bea4935b9b89@localhost,Random,D,1,1,933,103
187,player_ef604557-c391-410a-bac1-2e6a67423c66@localhost,AlwaysDefect,D,player_c7198461-9891-46ff-8bc2-bea4935b9b89@localhost,Random,C,10,0,943,103
188,player_ef604557-c391-410a-bac1-2e6a67423c66@localhost,AlwaysDefect,D,player_c7198461-9891-46ff-8bc2-bea4935b9b89@localhost,Random,D,1,1,944,104
189,player_ef604557-c391-410a-bac1-2e6a67423c66@localhost,AlwaysDefect,D,player_c7198461-9891-46ff-8bc2-bea4935b9b89@localhost,Random,C,10,0,954,104
190,player_ef604557-c391-410a-bac1-2e6a67423c66@localhost,AlwaysDefect,D,player_c7198461-9891-46ff-8bc2-bea4935b9b89@localhost,Random,D,1,1,955,105
191,player_ef604557-c391-410a-bac1-2e6a67423c66@localhost,AlwaysDefect,D,player_c7198461-9891-46ff-8bc2-bea4935b9b89@localhost,Random,D,1,1,956,106
192,player_ef604557-c391-410a-bac1-2e6a67423c66@localhost,AlwaysDefect,D,player_c7198461-9891-46ff-8bc2-bea4935b9b89@localhost,Random,C,10,0,966,106
193,player_ef604557-c391-410a-bac1-2e6a67423c66@localhost,AlwaysDefect,D,player_c7198461-9891-46ff-8bc2-bea4935b9b89@localhost,Random,D,1,1,967,107
194,player_ef604557-c391-410a-bac1-2e6a67423c66@localhost,AlwaysDefect,D,player_c7198461-9891-46ff-8bc2-bea4935b9b89@localhost,Random,C,10,0,977,107
195,player_ef604557-c391-410a-bac1-2e6a67423c66@localhost,AlwaysDefect,D,player_c7198461-9891-46ff-8bc2-bea4935b9b89@localhost,Random,C,10,0,987,107
196,player_ef604557-c391-410a-bac1-2e6a67423c66@localhost,AlwaysDefect,D,player_c7198461-9891-46ff-8bc2-bea4935b9b89@localhost,Random,D,1,1,988,108
197,player_ef604557-c391-410a-bac1-2e6a67423c66@localhost,AlwaysDefect,D,player_c7198461-9891-46ff-8bc2-bea4935b9b89@localhost,Random,C,10,0,998,108
198,player_ef604557-c391-410a-bac1-2e6a67423c66@localhost,AlwaysDefect,D,player_c7198461-9891-46ff-8bc2-bea4935b9b89@localhost,Random,D,1,1,999,109
199,player_ef604557-c391-410a-bac1-2e6a67423c66@localhost,AlwaysDefect,D,player_c7198461-9891-46ff-8bc2-bea4935b9b89@localhost,Random,D,1,1,1000,110
200,player_ef604557-c391-410a-bac1-2e6a67423c66@localhost,AlwaysDefect,D,player_c7198461-9891-46ff-8bc2-bea4935b9b89@localhost,Random,D,1,1,1001,111
201,player_ef604557-c391-410a-bac1-2e6a67423c66@localhost,AlwaysDefect,D,player_c7198461-9891-46ff-8bc2-bea4935b9b89@localhost,Random,D,1,1,1002,112
202,player_ef604557-c391-410a-bac1-2e6a67423c66@localhost,AlwaysDefect,D,player_c7198461-9891-46ff-8bc2-bea4935b9b89@localhost,Random,D,1,1,1003,113
203,player_ef604557-c391-410a-bac1-2e6a67423c66@localhost,AlwaysDefect,D,player_c7198461-9891-46ff-8bc2-bea4935b9b89@localhost,Random,C,10,0,1013,113
204,player_ef604557-c391-410a-bac1-2e6a67423c66@localhost,AlwaysDefect,D,player_c7198461-9891-46ff-8bc2-bea4935b9b89@localhost,Random,D,1,1,1014,114
205,player_ef604557-c391-410a-bac1-2e6a67423c66@localhost,AlwaysDefect,D,player_c7198461-9891-46ff-8bc2-bea4935b9b89@localhost,Random,D,1,1,1015,115
206,player_ef604557-c391-410a-bac1-2e6a67423c66@localhost,AlwaysDefect,D,player_c7198461-9891-46ff-8bc2-bea4935b9b89@localhost,Random,D,1,1,1016,116
207,player_ef604557-c391-410a-bac1-2e6a67423c66@localhost,AlwaysDefect,D,player_c7198461-9891-46ff-8bc2-bea4935b9b89@localhost,Random,D,1,1,1017,117
208,player_ef604557-c391-410a-bac1-2e6a67423c66@localhost,AlwaysDefect,D,player_c7198461-9891-46ff-8bc2-bea4935b9b89@localhost,Random,C,10,0,1027,117
209,player_ef604557-c391-410a-bac1-2e6a67423c66@localhost,AlwaysDefect,D,player_c7198461-9891-46ff-8bc2-bea4935b9b89@localhost,Random,C,10,0,1037,117
210,player_ef604557-c391-410a-bac1-2e6a67423c66@localhost,AlwaysDefect,D,player_c7198461-9891-46ff-8bc2-bea4935b9b89@localhost,Random,D,1,1,1038,118
211,player_ef604557-c391-410a-bac1-2e6a67423c66@localhost,AlwaysDefect,D,player_c7198461-9891-46ff-8bc2-bea4935b9b89@localhost,Random,D,1,1,1039,119
212,player_ef604557-c391-410a-bac1-2e6a67423c66@localhost,AlwaysDefect,D,player_c7198461-9891-46ff-8bc2-bea4935b9b89@localhost,Random,C,10,0,1049,119
213,player_ef604557-c391-410a-bac1-2e6a67423c66@localhost,AlwaysDefect,D,player_c7198461-9891-46ff-8bc2-bea4935b9b89@localhost,Random,C,10,0,1059,119
214,player_ef604557-c391-410a-bac1-2e6a67423c66@localhost,AlwaysDefect,D,player_c7198461-9891-46ff-8bc2-bea4935b9b89@localhost,Random,D,1,1,1060,120
215,player_ef604557-c391-410a-bac1-2e6a67423c66@localhost,AlwaysDefect,D,player_c7198461-9891-46ff-8bc2-bea4935b9b89@localhost,Random,D,1,1,1061,121
216,player_ef604557-c391-410a-bac1-2e6a67423c66@localhost,AlwaysDefect,D,player_c7198461-9891-46ff-8bc2-bea4935b9b89@localhost,Random,C,10,0,1071,121
217,player_ef604557-c391-410a-bac1-2e6a67423c66@localhost,AlwaysDefect,D,player_c7198461-9891-46ff-8bc2-bea4935b9b89@localhost,Random,D,1,1,1072,122
218,player_ef604557-c391-410a-bac1-2e6a67423c66@localhost,AlwaysDefect,D,player_c7198461-9891-46ff-8bc2-bea4935b9b89@localhost,Random,D,1,1,1073,123
219,player_ef604557-c391-410a-bac1-2e6a67423c66@localhost,AlwaysDefect,D,player_c7198461-9891-46ff-8bc2-bea4935b9b89@localhost,Random,D,1,1,1074,124
220,player_ef604557-c391-410a-bac1-2e6a67423c66@localhost,AlwaysDefect,D,player_c7198461-9891-46ff-8bc2-bea4935b9b89@localhost,Random,D,1,1,1075,125
221,player_ef604557-c391-410a-bac1-2e6a67423c66@localhost,AlwaysDefect,D,player_c7198461-9891-46ff-8bc2-bea4935b9b89@localhost,Random,C,10,0,1085,125
222,player_ef604557-c391-410a-bac1-2e6a67423c66@localhost,AlwaysDefect,D,player_c7198461-9891-46ff-8bc2-bea4935b9b89@localhost,Random,C,10,0,1095,125
223,player_ef604557-c391-410a-bac1-2e6a67423c66@localhost,AlwaysDefect,D,player_c7198461-9891-46ff-8bc2-bea4935b9b89@localhost,Random,C,10,0,1105,125
224,player_ef604557-c391-410a-bac1-2e6a67423c66@localhost,AlwaysDefect,D,player_c7198461-9891-46ff-8bc2-bea4935b9b89@localhost,Random,C,10,0,1115,125
225,player_ef604557-c391-410a-bac1-2e6a67423c66@localhost,AlwaysDefect,D,player_c7198461-9891-46ff-8bc2-bea4935b9b89@localhost,Random,C,10,0,1125,125
226,player_ef604557-c391-410a-bac1-2e6a67423c66@localhost,AlwaysDefect,D,player_c7198461-9891-46ff-8bc2-bea4935b9b89@localhost,Random,D,1,1,1126,126
227,player_ef604557-c391-410a-bac1-2e6a67423c66@localhost,AlwaysDefect,D,player_c7198461-9891-46ff-8bc2-bea4935b9b89@localhost,Random,C,10,0,1136,126
228,player_ef604557-c391-410a-bac1-2e6a67423c66@localhost,AlwaysDefect,D,player_c7198461-9891-46ff-8bc2-bea4935b9b89@localhost,Random,D,1,1,1137,127
229,player_ef604557-c391-410a-bac1-2e6a67423c66@localhost,AlwaysDefect,D,player_c7198461-9891-46ff-8bc2-bea4935b9b89@localhost,Random,C,10,0,1147,127
230,player_ef604557-c391-410a-bac1-2e6a67423c66@localhost,AlwaysDefect,D,player_c7198461-9891-46ff-8bc2-bea4935b9b89@localhost,Random,C,10,0,1157,127
231,player_ef604557-c391-410a-bac1-2e6a67423c66@localhost,AlwaysDefect,D,player_c7198461-9891-46ff-8bc2-bea4935b9b89@localhost,Random,D,1,1,1158,128
232,player_ef604557-c391-410a-bac1-2e6a67423c66@localhost,AlwaysDefect,D,player_c7198461-9891-46ff-8bc2-bea4935b9b89@localhost,Random,C,10,0,1168,128
233,player_ef604557-c391-410a-bac1-2e6a67423c66@localhost,AlwaysDefect,D,player_c7198461-9891-46ff-8bc2-bea4935b9b89@localhost,Random,D,1,1,1169,129
234,player_ef604557-c391-410a-bac1-2e6a67423c66@localhost,AlwaysDefect,D,player_c7198461-9891-46ff-8bc2-bea4935b9b89@localhost,Random,D,1,1,1170,130
235,player_ef604557-c391-410a-bac1-2e6a67423c66@localhost,AlwaysDefect,D,player_c7198461-9891-46ff-8bc2-bea4935b9b89@localhost,Random,C,10,0,1180,130
236,player_ef604557-c391-410a-bac1-2e6a67423c66@localhost,AlwaysDefect,D,player_c7198461-9891-46ff-8bc2-bea4935b9b89@localhost,Random,C,10,0,1190,130
237,player_ef604557-c391-410a-bac1-2e6a67423c66@localhost,AlwaysDefect,D,player_c7198461-9891-46ff-8bc2-bea4935b9b89@localhost,Random,C,10,0,1200,130
238,player_ef604557-c391-410a-bac1-2e6a67423c66@localhost,AlwaysDefect,D,player_c7198461-9891-46ff-8bc2-bea4935b9b89@localhost,Random,C,10,0,1210,130
239,player_ef604557-c391-410a-bac1-2e6a67423c66@localhost,AlwaysDefect,D,player_c7198461-9891-46ff-8bc2-bea4935b9b89@localhost,Random,D,1,1,1211,131
240,player_ef604557-c391-410a-bac1-2e6a67423c66@localhost,AlwaysDefect,D,player_c7198461-9891-46ff-8bc2-bea4935b9b89@localhost,Random,C,10,0,1221,131
241,player_ef604557-c391-410a-bac1-2e6a67423c66@localhost,AlwaysDefect,D,player_c7198461-9891-46ff-8bc2-bea4935b9b89@localhost,Random,C,10,0,1231,131
242,player_ef604557-c391-410a-bac1-2e6a67423c66@localhost,AlwaysDefect,D,player_c7198461-9891-46ff-8bc2-bea4935b9b89@localhost,Random,C,10,0,1241,131
243,player_ef604557-c391-410a-bac1-2e6a67423c66@localhost,AlwaysDefect,D,player_c7198461-9891-46ff-8bc2-bea4935b9b89@localhost,Random,C,10,0,1251,131
244,player_ef604557-c391-410a-bac1-2e6a67423c66@localhost,AlwaysDefect,D,player_c7198461-9891-46ff-8bc2-bea4935b9b89@localhost,Random,C,10,0,1261,131
245,player_ef604557-c391-410a-bac1-2e6a67423c66@localhost,AlwaysDefect,D,player_c7198461-9891-46ff-8bc2-bea4935b9b89@localhost,Random,C,10,0,1271,131
246,player_ef604557-c391-410a-bac1-2e6a67423c66@localhost,AlwaysDefect,D,player_c7198461-9891-46ff-8bc2-bea4935b9b89@localhost,Random,D,1,1,1272,132
247,player_ef604557-c391-410a-bac1-2e6a67423c66@localhost,AlwaysDefect,D,player_c7198461-9891-46ff-8bc2-bea4935b9b89@localhost,Random,D,1,1,1273,133
248,player_ef604557-c391-410a-bac1-2e6a67423c66@localhost,AlwaysDefect,D,player_c7198461-9891-46ff-8bc2-bea4935b9b89@localhost,Random,D,1,1,1274,134
249,player_ef604557-c391-410a-bac1-2e6a67423c66@localhost,AlwaysDefect,D,player_c7198461-9891-46ff-8bc2-bea4935b9b89@localhost,Random,C,10,0,1284,134
250,player_ef604557-c391-410a-bac1-2e6a67423c66@localhost,AlwaysDefect,D,player_c7198461-9891-46ff-8bc2-bea4935b9b89@localhost,Random,C,10,0,1294,134
251,player_ef604557-c391-410a-bac1-2e6a67423c66@localhost,AlwaysDefect,D,player_c7198461-9891-46ff-8bc2-bea4935b9b89@localhost,Random,D,1,1,1295,135
252,player_ef604557-c391-410a-bac1-2e6a67423c66@localhost,AlwaysDefect,D,player_c7198461-9891-46ff-8bc2-bea4935b9b89@localhost,Random,D,1,1,1296,136
253,player_ef604557-c391-410a-bac1-2e6a67423c66@localhost,AlwaysDefect,D,player_c7198461-9891-46ff-8bc2-bea4935b9b89@localhost,Random,D,1,1,1297,137
254,player_ef604557-c391-410a-bac1-2e6a67423c66@localhost,AlwaysDefect,D,player_c7198461-9891-46ff-8bc2-bea4935b9b89@localhost,Random,D,1,1,1298,138
255,player_ef604557-c391-410a-bac1-2e6a67423c66@localhost,AlwaysDefect,D,player_c7198461-9891-46ff-8bc2-bea4935b9b89@localhost,Random,C,10,0,1308,138
256,player_ef604557-c391-410a-bac1-2e6a67423c66@localhost,AlwaysDefect,D,player_c7198461-9891-46ff-8bc2-bea4935b9b89@localhost,Random,C,10,0,1318,138
257,player_ef604557-c391-410a-bac1-2e6a67423c66@localhost,AlwaysDefect,D,player_c7198461-9891-46ff-8bc2-bea4935b9b89@localhost,Random,C,10,0,1328,138
258,player_ef604557-c391-410a-bac1-2e6a67423c66@localhost,AlwaysDefect,D,player_c7198461-9891-46ff-8bc2-bea4935b9b89@localhost,Random,C,10,0,1338,138
259,player_ef604557-c391-410a-bac1-2e6a67423c66@localhost,AlwaysDefect,D,player_c7198461-9891-46ff-8bc2-bea4935b9b89@localhost,Random,C,10,0,1348,138
260,player_ef604557-c391-410a-bac1-2e6a67423c66@localhost,AlwaysDefect,D,player_c7198461-9891-46ff-8bc2-bea4935b9b89@localhost,Random,C,10,0,1358,138
261,player_ef604557-c391-410a-bac1-2e6a67423c66@localhost,AlwaysDefect,D,player_c7198461-9891-46ff-8bc2-bea4935b9b89@localhost,Random,D,1,1,1359,139
262,player_ef604557-c391-410a-bac1-2e6a67423c66@localhost,AlwaysDefect,D,player_c7198461-9891-46ff-8bc2-bea4935b9b89@localhost,Random,C,10,0,1369,139
263,player_ef604557-c391-410a-bac1-2e6a67423c66@localhost,AlwaysDefect,D,player_c7198461-9891-46ff-8bc2-bea4935b9b89@localhost,Random,D,1,1,1370,140
264,player_ef604557-c391-410a-bac1-2e6a67423c66@localhost,AlwaysDefect,D,player_c7198461-9891-46ff-8bc2-bea4935b9b89@localhost,Random,C,10,0,1380,140
265,player_ef604557-c391-410a-bac1-2e6a67423c66@localhost,AlwaysDefect,D,player_c7198461-9891-46ff-8bc2-bea4935b9b89@localhost,Random,D,1,1,1381,141
266,player_ef604557-c391-410a-bac1-2e6a67423c66@localhost,AlwaysDefect,D,player_c7198461-9891-46ff-8bc2-bea4935b9b89@localhost,Random,D,1,1,1382,142
267,player_ef604557-c391-410a-bac1-2e6a67423c66@localhost,AlwaysDefect,D,player_c7198461-9891-46ff-8bc2-bea4935b9b89@localhost,Random,C,10,0,1392,142
268,player_ef604557-c391-410a-bac1-2e6a67423c66@localhost,AlwaysDefect,D,player_c7198461-9891-46ff-8bc2-bea4935b9b89@localhost,Random,D,1,1,1393,143
269,player_ef604557-c391-410a-bac1-2e6a67423c66@localhost,AlwaysDefect,D,player_c7198461-9891-46ff-8bc2-bea4935b9b89@localhost,Random,D,1,1,1394,144
270,player_ef604557-c391-410a-bac1-2e6a67423c66@localhost,AlwaysDefect,D,player_c7198461-9891-46ff-8bc2-bea4935b9b89@localhost,Random,C,10,0,1404,144
271,player_ef604557-c391-410a-bac1-2e6a67423c66@localhost,AlwaysDefect,D,player_c7198461-9891-46ff-8bc2-bea4935b9b89@localhost,Random,D,1,1,1405,145
272,player_ef604557-c391-410a-bac1-2e6a67423c66@localhost,AlwaysDefect,D,player_c7198461-9891-46ff-8bc2-bea4935b9b89@localhost,Random,C,10,0,1415,145
273,player_ef604557-c391-410a-bac1-2e6a67423c66@localhost,AlwaysDefect,D,player_c7198461-9891-46ff-8bc2-bea4935b9b89@localhost,Random,C,10,0,1425,145
274,player_ef604557-c391-410a-bac1-2e6a67423c66@localhost,AlwaysDefect,D,player_c7198461-9891-46ff-8bc2-bea4935b9b89@localhost,Random,D,1,1,1426,146
275,player_ef604557-c391-410a-bac1-2e6a67423c66@localhost,AlwaysDefect,D,player_c7198461-9891-46ff-8bc2-bea4935b9b89@localhost,Random,C,10,0,1436,146
276,player_ef604557-c391-410a-bac1-2e6a67423c66@localhost,AlwaysDefect,D,player_c7198461-9891-46ff-8bc2-bea4935b9b89@localhost,Random,D,1,1,1437,147
277,player_ef604557-c391-410a-bac1-2e6a67423c66@localhost,AlwaysDefect,D,player_c7198461-9891-46ff-8bc2-bea4935b9b89@localhost,Random,C,10,0,1447,147
278,player_ef604557-c391-410a-bac1-2e6a67423c66@localhost,AlwaysDefect,D,player_c7198461-9891-46ff-8bc2-bea4935b9b89@localhost,Random,C,10,0,1457,147
279,player_ef604557-c391-410a-bac1-2e6a67423c66@localhost,AlwaysDefect,D,player_c7198461-9891-46ff-8bc2-bea4935b9b89@localhost,Random,C,10,0,1467,147
280,player_ef604557-c391-410a-bac1-2e6a67423c66@localhost,AlwaysDefect,D,player_c7198461-9891-46ff-8bc2-bea4935b9b89@localhost,Random,C,10,0,1477,147
281,player_ef604557-c391-410a-bac1-2e6a67423c66@localhost,AlwaysDefect,D,player_c7198461-9891-46ff-8bc2-bea4935b9b89@localhost,Random,D,1,1,1478,148
282,player_ef604557-c391-410a-bac1-2e6a67423c66@localhost,AlwaysDefect,D,player_c7198461-9891-46ff-8bc2-bea4935b9b89@localhost,Random,D,1,1,1479,149
283,player_ef604557-c391-410a-bac1-2e6a67423c66@localhost,AlwaysDefect,D,player_c7198461-9891-46ff-8bc2-bea4935b9b89@localhost,Random,C,10,0,1489,149
284,player_ef604557-c391-410a-bac1-2e6a67423c66@localhost,AlwaysDefect,D,player_c7198461-9891-46ff-8bc2-bea4935b9b89@localhost,Random,D,1,1,1490,150
285,player_ef604557-c391-410a-bac1-2e6a67423c66@localhost,AlwaysDefect,D,player_c7198461-9891-46ff-8bc2-bea4935b9b89@localhost,Random,D,1,1,1491,151
286,player_ef604557-c391-410a-bac1-2e6a67423c66@localhost,AlwaysDefect,D,player_c7198461-9891-46ff-8bc2-bea4935b9b89@localhost,Random,D,1,1,1492,152
287,player_ef604557-c391-410a-bac1-2e6a67423c66@localhost,AlwaysDefect,D,player_c7198461-9891-46ff-8bc2-bea4935b9b89@localhost,Random,C,10,0,1502,152
288,player_ef604557-c391-410a-bac1-2e6a67423c66@localhost,AlwaysDefect,D,player_c7198461-9891-46ff-8bc2-bea4935b9b89@localhost,Random,C,10,0,1512,152
289,player_ef604557-c391-410a-bac1-2e6a67423c66@localhost,AlwaysDefect,D,player_c7198461-9891-46ff-8bc2-bea4935b9b89@localhost,Random,D,1,1,1513,153
290,player_ef604557-c391-410a-bac1-2e6a67423c66@localhost,AlwaysDefect,D,player_c7198461-9891-46ff-8bc2-bea4935b9b89@localhost,Random,C,10,0,1523,153
291,player_ef604557-c391-410a-bac1-2e6a67423c66@localhost,AlwaysDefect,D,player_c7198461-9891-46ff-8bc2-bea4935b9b89@localhost,Random,C,10,0,1533,153
292,player_ef604557-c391-410a-bac1-2e6a67423c66@localhost,AlwaysDefect,D,player_c7198461-9891-46ff-8bc2-bea4935b9b89@localhost,Random,D,1,1,1534,154
293,player_ef604557-c391-410a-bac1-2e6a67423c66@localhost,AlwaysDefect,D,player_c7198461-9891-46ff-8bc2-bea4935b9b89@localhost,Random,C,10,0,1544,154
294,player_ef604557-c391-410a-bac1-2e6a67423c66@localhost,AlwaysDefect,D,player_c7198461-9891-46ff-8bc2-bea4935b9b89@localhost,Random,C,10,0,1554,154
295,player_ef604557-c391-410a-bac1-2e6a67423c66@localhost,AlwaysDefect,D,player_c7198461-9891-46ff-8bc2-bea4935b9b89@localhost,Random,C,10,0,1564,154
296,player_ef604557-c391-410a-bac1-2e6a67423c66@localhost,AlwaysDefect,D,player_c7198461-9891-46ff-8bc2-bea4935b9b89@localhost,Random,D,1,1,1565,155
297,player_ef604557-c391-410a-bac1-2e6a67423c66@localhost,AlwaysDefect,D,player_c7198461-9891-46ff-8bc2-bea4935b9b89@localhost,Random,D,1,1,1566,156
298,player_ef604557-c391-410a-bac1-2e6a67423c66@localhost,AlwaysDefect,D,player_c7198461-9891-46ff-8bc2-bea4935b9b89@localhost,Random,D,1,1,1567,157
299,player_ef604557-c391-410a-bac1-2e6a67423c66@localhost,AlwaysDefect,D,player_c7198461-9891-46ff-8bc2-bea4935b9b89@localhost,Random,C,10,0,1577,157
300,player_ef604557-c391-410a-bac1-2e6a67423c66@localhost,AlwaysDefect,D,player_c7198461-9891-46ff-8bc2-bea4935b9b89@localhost,Random,C,10,0,1587,157
301,player_ef604557-c391-410a-bac1-2e6a67423c66@localhost,AlwaysDefect,D,player_c7198461-9891-46ff-8bc2-bea4935b9b89@localhost,Random,C,10,0,1597,157
302,player_ef604557-c391-410a-bac1-2e6a67423c66@localhost,AlwaysDefect,D,player_c7198461-9891-46ff-8bc2-bea4935b9b89@localhost,Random,D,1,1,1598,158
303,player_ef604557-c391-410a-bac1-2e6a67423c66@localhost,AlwaysDefect,D,player_c7198461-9891-46ff-8bc2-bea4935b9b89@localhost,Random,C,10,0,1608,158
304,player_ef604557-c391-410a-bac1-2e6a67423c66@localhost,AlwaysDefect,D,player_c7198461-9891-46ff-8bc2-bea4935b9b89@localhost,Random,C,10,0,1618,158
305,player_ef604557-c391-410a-bac1-2e6a67423c66@localhost,AlwaysDefect,D,player_c7198461-9891-46ff-8bc2-bea4935b9b89@localhost,Random,C,10,0,1628,158
306,player_ef604557-c391-410a-bac1-2e6a67423c66@localhost,AlwaysDefect,D,player_c7198461-9891-46ff-8bc2-bea4935b9b89@localhost,Random,C,10,0,1638,158
307,player_ef604557-c391-410a-bac1-2e6a67423c66@localhost,AlwaysDefect,D,player_c7198461-9891-46ff-8bc2-bea4935b9b89@localhost,Random,D,1,1,1639,159
308,player_ef604557-c391-410a-bac1-2e6a67423c66@localhost,AlwaysDefect,D,player_c7198461-9891-46ff-8bc2-bea4935b9b89@localhost,Random,D,1,1,1640,160
309,player_ef604557-c391-410a-bac1-2e6a67423c66@localhost,AlwaysDefect,D,player_c7198461-9891-46ff-8bc2-bea4935b9b89@localhost,Random,C,10,0,1650,160
310,player_ef604557-c391-410a-bac1-2e6a67423c66@localhost,AlwaysDefect,D,player_c7198461-9891-46ff-8bc2-bea4935b9b89@localhost,Random,D,1,1,1651,161
311,player_ef604557-c391-410a-bac1-2e6a67423c66@localhost,AlwaysDefect,D,player_c7198461-9891-46ff-8bc2-bea4935b9b89@localhost,Random,D,1,1,1652,162
312,player_ef604557-c391-410a-bac1-2e6a67423c66@localhost,AlwaysDefect,D,player_c7198461-9891-46ff-8bc2-bea4935b9b89@localhost,Random,C,10,0,1662,162
313,player_ef604557-c391-410a-bac1-2e6a67423c66@localhost,AlwaysDefect,D,player_c7198461-9891-46ff-8bc2-bea4935b9b89@localhost,Random,D,1,1,1663,163
314,player_ef604557-c391-410a-bac1-2e6a67423c66@localhost,AlwaysDefect,D,player_c7198461-9891-46ff-8bc2-bea4935b9b89@localhost,Random,D,1,1,1664,164
315,player_ef604557-c391-410a-bac1-2e6a67423c66@localhost,AlwaysDefect,D,player_c7198461-9891-46ff-8bc2-bea4935b9b89@localhost,Random,C,10,0,1674,164
316,player_ef604557-c391-410a-bac1-2e6a67423c66@localhost,AlwaysDefect,D,player_c7198461-9891-46ff-8bc2-bea4935b9b89@localhost,Random,D,1,1,1675,165
317,player_ef604557-c391-410a-bac1-2e6a67423c66@localhost,AlwaysDefect,D,player_c7198461-9891-46ff-8bc2-bea4935b9b89@localhost,Random,C,10,0,1685,165
318,player_ef604557-c391-410a-bac1-2e6a67423c66@localhost,AlwaysDefect,D,player_c7198461-9891-46ff-8bc2-bea4935b9b89@localhost,Random,C,10,0,1695,165
319,player_ef604557-c391-410a-bac1-2e6a67423c66@localhost,AlwaysDefect,D,player_c7198461-9891-46ff-8bc2-bea4935b9b89@localhost,Random,D,1,1,1696,166
320,player_ef604557-c391-410a-bac1-2e6a67423c66@localhost,AlwaysDefect,D,player_c7198461-9891-46ff-8bc2-bea4935b9b89@localhost,Random,D,1,1,1697,167
321,player_ef604557-c391-410a-bac1-2e6a67423c66@localhost,AlwaysDefect,D,player_c7198461-9891-46ff-8bc2-bea4935b9b89@localhost,Random,D,1,1,1698,168
322,player_ef604557-c391-410a-bac1-2e6a67423c66@localhost,AlwaysDefect,D,player_c7198461-9891-46ff-8bc2-bea4935b9b89@localhost,Random,C,10,0,1708,168
323,player_ef604557-c391-410a-bac1-2e6a67423c66@localhost,AlwaysDefect,D,player_c7198461-9891-46ff-8bc2-bea4935b9b89@localhost,Random,D,1,1,1709,169
324,player_ef604557-c391-410a-bac1-2e6a67423c66@localhost,AlwaysDefect,D,player_c7198461-9891-46ff-8bc2-bea4935b9b89@localhost,Random,D,1,1,1710,170
325,player_ef604557-c391-410a-bac1-2e6a67423c66@localhost,AlwaysDefect,D,player_c7198461-9891-46ff-8bc2-bea4935b9b89@localhost,Random,D,1,1,1711,171
326,player_ef604557-c391-410a-bac1-2e6a67423c66@localhost,AlwaysDefect,D,player_c7198461-9891-46ff-8bc2-bea4935b9b89@localhost,Random,C,10,0,1721,171
327,player_ef604557-c391-410a-bac1-2e6a67423c66@localhost,AlwaysDefect,D,player_c7198461-9891-46ff-8bc2-bea4935b9b89@localhost,Random,D,1,1,1722,172
328,player_ef604557-c391-410a-bac1-2e6a67423c66@localhost,AlwaysDefect,D,player_c7198461-9891-46ff-8bc2-bea4935b9b89@localhost,Random,C,10,0,1732,172
329,player_ef604557-c391-410a-bac1-2e6a67423c66@localhost,AlwaysDefect,D,player_c7198461-9891-46ff-8bc2-bea4935b9b89@localhost,Random,D,1,1,1733,173
330,player_ef604557-c391-410a-bac1-2e6a67423c66@localhost,AlwaysDefect,D,player_c7198461-9891-46ff-8bc2-bea4935b9b89@localhost,Random,C,10,0,1743,173
331,player_ef604557-c391-410a-bac1-2e6a67423c66@localhost,AlwaysDefect,D,player_c7198461-9891-46ff-8bc2-bea4935b9b89@localhost,Random,C,10,0,1753,173
332,player_ef604557-c391-410a-bac1-2e6a67423c66@localhost,AlwaysDefect,D,player_c7198461-9891-46ff-8bc2-bea4935b9b89@localhost,Random,D,1,1,1754,174
333,player_ef604557-c391-410a-bac1-2e6a67423c66@localhost,AlwaysDefect,D,player_c7198461-9891-46ff-8bc2-bea4935b9b89@localhost,Random,C,10,0,1764,174
334,player_ef604557-c391-410a-bac1-2e6a67423c66@localhost,AlwaysDefect,D,player_c7198461-9891-46ff-8bc2-bea4935b9b89@localhost,Random,C,10,0,1774,174
335,player_ef604557-c391-410a-bac1-2e6a67423c66@localhost,AlwaysDefect,D,player_c7198461-9891-46ff-8bc2-bea4935b9b89@localhost,Random,C,10,0,1784,174
336,player_ef604557-c391-410a-bac1-2e6a67423c66@localhost,AlwaysDefect,D,player_c7198461-9891-46ff-8bc2-bea4935b9b89@localhost,Random,D,1,1,1785,175
337,player_ef604557-c391-410a-bac1-2e6a67423c66@localhost,AlwaysDefect,D,player_c7198461-9891-46ff-8bc2-bea4935b9b89@localhost,Random,C,10,0,1795,175
338,player_ef604557-c391-410a-bac1-2e6a67423c66@localhost,AlwaysDefect,D,player_c7198461-9891-46ff-8bc2-bea4935b9b89@localhost,Random,C,10,0,1805,175
339,player_ef604557-c391-410a-bac1-2e6a67423c66@localhost,AlwaysDefect,D,player_c7198461-9891-46ff-8bc2-bea4935b9b89@localhost,Random,D,1,1,1806,176
340,player_ef604557-c391-410a-bac1-2e6a67423c66@localhost,AlwaysDefect,D,player_c7198461-9891-46ff-8bc2-bea4935b9b89@localhost,Random,D,1,1,1807,177
341,player_ef604557-c391-410a-bac1-2e6a67423c66@localhost,AlwaysDefect,D,player_c7198461-9891-46ff-8bc2-bea4935b9b89@localhost,Random,C,10,0,1817,177
342,player_ef604557-c391-410a-bac1-2e6a67423c66@localhost,AlwaysDefect,D,player_c7198461-9891-46ff-8bc2-bea4935b9b89@localhost,Random,D,1,1,1818,178
343,player_ef604557-c391-410a-bac1-2e6a67423c66@localhost,AlwaysDefect,D,player_c7198461-9891-46ff-8bc2-bea4935b9b89@localhost,Random,C,10,0,1828,178
344,player_ef604557-c391-410a-bac1-2e6a67423c66@localhost,AlwaysDefect,D,player_c7198461-9891-46ff-8bc2-bea4935b9b89@localhost,Random,C,10,0,1838,178
345,player_ef604557-c391-410a-bac1-2e6a67423c66@localhost,AlwaysDefect,D,player_c7198461-9891-46ff-8bc2-bea4935b9b89@localhost,Random,D,1,1,1839,179
346,player_ef604557-c391-410a-bac1-2e6a67423c66@localhost,AlwaysDefect,D,player_c7198461-9891-46ff-8bc2-bea4935b9b89@localhost,Random,C,10,0,1849,179
347,player_ef604557-c391-410a-bac1-2e6a67423c66@localhost,AlwaysDefect,D,player_c7198461-9891-46ff-8bc2-bea4935b9b89@localhost,Random,C,10,0,1859,179
348,player_ef604557-c391-410a-bac1-2e6a67423c66@localhost,AlwaysDefect,D,player_c7198461-9891-46ff-8bc2-bea4935b9b89@localhost,Random,C,10,0,1869,179
349,player_ef604557-c391-410a-bac1-2e6a67423c66@localhost,AlwaysDefect,D,player_c7198461-9891-46ff-8bc2-bea4935b9b89@localhost,Random,C,10,0,1879,179
350,player_ef604557-c391-410a-bac1-2e6a67423c66@localhost,AlwaysDefect,D,player_c7198461-9891-46ff-8bc2-bea4935b9b89@localhost,Random,C,10,0,1889,179
351,player_ef604557-c391-410a-bac1-2e6a67423c66@localhost,AlwaysDefect,D,player_c7198461-9891-46ff-8bc2-bea4935b9b89@localhost,Random,D,1,1,1890,180
352,player_ef604557-c391-410a-bac1-2e6a67423c66@localhost,AlwaysDefect,D,player_c7198461-9891-46ff-8bc2-bea4935b9b89@localhost,Random,D,1,1,1891,181
353,player_ef604557-c391-410a-bac1-2e6a67423c66@localhost,AlwaysDefect,D,player_c7198461-9891-46ff-8bc2-bea4935b9b89@localhost,Random,D,1,1,1892,182
354,player_ef604557-c391-410a-bac1-2e6a67423c66@localhost,AlwaysDefect,D,player_c7198461-9891-46ff-8bc2-bea4935b9b89@localhost,Random,C,10,0,1902,182
355,player_ef604557-c391-410a-bac1-2e6a67423c66@localhost,AlwaysDefect,D,player_c7198461-9891-46ff-8bc2-bea4935b9b89@localhost,Random,D,1,1,1903,183
356,player_ef604557-c391-410a-bac1-2e6a67423c66@localhost,AlwaysDefect,D,player_c7198461-9891-46ff-8bc2-bea4935b9b89@localhost,Random,C,10,0,1913,183
357,player_ef604557-c391-410a-bac1-2e6a67423c66@localhost,AlwaysDefect,D,player_c7198461-9891-46ff-8bc2-bea4935b9b89@localhost,Random,D,1,1,1914,184
358,player_ef604557-c391-410a-bac1-2e6a67423c66@localhost,AlwaysDefect,D,player_c7198461-9891-46ff-8bc2-bea4935b9b89@localhost,Random,C,10,0,1924,184
359,player_ef604557-c391-410a-bac1-2e6a67423c66@localhost,AlwaysDefect,D,player_c7198461-9891-46ff-8bc2-bea4935b9b89@localhost,Random,C,10,0,1934,184
360,player_ef604557-c391-410a-bac1-2e6a67423c66@localhost,AlwaysDefect,D,player_c7198461-9891-46ff-8bc2-bea4935b9b89@localhost,Random,C,10,0,1944,184
361,player_ef604557-c391-410a-bac1-2e6a67423c66@localhost,AlwaysDefect,D,player_c7198461-9891-46ff-8bc2-bea4935b9b89@localhost,Random,D,1,1,1945,185
362,player_ef604557-c391-410a-bac1-2e6a67423c66@localhost,AlwaysDefect,D,player_c7198461-9891-46ff-8bc2-bea4935b9b89@localhost,Random,C,10,0,1955,185
363,player_ef604557-c391-410a-bac1-2e6a67423c66@localhost,AlwaysDefect,D,player_c7198461-9891-46ff-8bc2-bea4935b9b89@localhost,Random,C,10,0,1965,185
364,player_ef604557-c391-410a-bac1-2e6a67423c66@localhost,AlwaysDefect,D,player_c7198461-9891-46ff-8bc2-bea4935b9b89@localhost,Random,D,1,1,1966,186
365,player_ef604557-c391-410a-bac1-2e6a67423c66@localhost,AlwaysDefect,D,player_c7198461-9891-46ff-8bc2-bea4935b9b89@localhost,Random,D,1,1,1967,187
366,player_ef604557-c391-410a-bac1-2e6a67423c66@localhost,AlwaysDefect,D,player_c7198461-9891-46ff-8bc2-bea4935b9b89@localhost,Random,D,1,1,1968,188
367,player_ef604557-c391-410a-bac1-2e6a67423c66@localhost,AlwaysDefect,D,player_c7198461-9891-46ff-8bc2-bea4935b9b89@localhost,Random,C,10,0,1978,188
368,player_ef604557-c391-410a-bac1-2e6a67423c66@localhost,AlwaysDefect,D,player_c7198461-9891-46ff-8bc2-bea4935b9b89@localhost,Random,C,10,0,1988,188
369,player_ef604557-c391-410a-bac1-2e6a67423c66@localhost,AlwaysDefect,D,player_c7198461-9891-46ff-8bc2-bea4935b9b89@localhost,Random,D,1,1,1989,189
370,player_ef604557-c391-410a-bac1-2e6a67423c66@localhost,AlwaysDefect,D,player_c7198461-9891-46ff-8bc2-bea4935b9b89@localhost,Random,C,10,0,1999,189
371,player_ef604557-c391-410a-bac1-2e6a67423c66@localhost,AlwaysDefect,D,player_c7198461-9891-46ff-8bc2-bea4935b9b89@localhost,Random,D,1,1,2000,190
372,player_ef604557-c391-410a-bac1-2e6a67423c66@localhost,AlwaysDefect,D,player_c7198461-9891-46ff-8bc2-bea4935b9b89@localhost,Random,C,10,0,2010,190
373,player_ef604557-c391-410a-bac1-2e6a67423c66@localhost,AlwaysDefect,D,player_c7198461-9891-46ff-8bc2-bea4935b9b89@localhost,Random,C,10,0,2020,190
374,player_ef604557-c391-410a-bac1-2e6a67423c66@localhost,AlwaysDefect,D,player_c7198461-9891-46ff-8bc2-bea4935b9b89@localhost,Random,C,10,0,2030,190
375,player_ef604557-c391-410a-bac1-2e6a67423c66@localhost,AlwaysDefect,D,player_c7198461-9891-46ff-8bc2-bea4935b9b89@localhost,Random,D,1,1,2031,191
376,player_ef604557-c391-410a-bac1-2e6a67423c66@localhost,AlwaysDefect,D,player_c7198461-9891-46ff-8bc2-bea4935b9b89@localhost,Random,C,10,0,2041,191
377,player_ef604557-c391-410a-bac1-2e6a67423c66@localhost,AlwaysDefect,D,player_c7198461-9891-46ff-8bc2-bea4935b9b89@localhost,Random,D,1,1,2042,192
378,player_ef604557-c391-410a-bac1-2e6a67423c66@localhost,AlwaysDefect,D,player_c7198461-9891-46ff-8bc2-bea4935b9b89@localhost,Random,D,1,1,2043,193
379,player_ef604557-c391-410a-bac1-2e6a67423c66@localhost,AlwaysDefect,D,player_c7198461-9891-46ff-8bc2-bea4935b9b89@localhost,Random,C,10,0,2053,193
380,player_ef604557-c391-410a-bac1-2e6a67423c66@localhost,AlwaysDefect,D,player_c7198461-9891-46ff-8bc2-bea4935b9b89@localhost,Random,C,10,0,2063,193
381,player_ef604557-c391-410a-bac1-2e6a67423c66@localhost,AlwaysDefect,D,player_c7198461-9891-46ff-8bc2-bea4935b9b89@localhost,Random,D,1,1,2064,194
382,player_ef604557-c391-410a-bac1-2e6a67423c66@localhost,AlwaysDefect,D,player_c7198461-9891-46ff-8bc2-bea4935b9b89@localhost,Random,C,10,0,2074,194
383,player_ef604557-c391-410a-bac1-2e6a67423c66@localhost,AlwaysDefect,D,player_c7198461-9891-46ff-8bc2-bea4935b9b89@localhost,Random,C,10,0,2084,194
384,player_ef604557-c391-410a-bac1-2e6a67423c66@localhost,AlwaysDefect,D,player_c7198461-9891-46ff-8bc2-bea4935b9b89@localhost,Random,C,10,0,2094,194
385,player_ef604557-c391-410a-bac1-2e6a67423c66@localhost,AlwaysDefect,D,player_c7198461-9891-46ff-8bc2-bea4935b9b89@localhost,Random,D,1,1,2095,195
386,player_ef604557-c391-410a-bac1-2e6a67423c66@localhost,AlwaysDefect,D,player_c7198461-9891-46ff-8bc2-bea4935b9b89@localhost,Random,D,1,1,2096,196
387,player_ef604557-c391-410a-bac1-2e6a67423c66@localhost,AlwaysDefect,D,player_c7198461-9891-46ff-8bc2-bea4935b9b89@localhost,Random,D,1,1,2097,197
388,player_ef604557-c391-410a-bac1-2e6a67423c66@localhost,AlwaysDefect,D,player_c7198461-9891-46ff-8bc2-bea4935b9b89@localhost,Random,C,10,0,2107,197
389,player_ef604557-c391-410a-bac1-2e6a67423c66@localhost,AlwaysDefect,D,player_c7198461-9891-46ff-8bc2-bea4935b9b89@localhost,Random,D,1,1,2108,198
390,player_ef604557-c391-410a-bac1-2e6a67423c66@localhost,AlwaysDefect,D,player_c7198461-9891-46ff-8bc2-bea4935b9b89@localhost,Random,C,10,0,2118,198
391,player_ef604557-c391-410a-bac1-2e6a67423c66@localhost,AlwaysDefect,D,player_c7198461-9891-46ff-8bc2-bea4935b9b89@localhost,Random,D,1,1,2119,199
392,player_ef604557-c391-410a-bac1-2e6a67423c66@localhost,AlwaysDefect,D,player_c7198461-9891-46ff-8bc2-bea4935b9b89@localhost,Random,C,10,0,2129,199
393,player_ef604557-c391-410a-bac1-2e6a67423c66@localhost,AlwaysDefect,D,player_c7198461-9891-46ff-8bc2-bea4935b9b89@localhost,Random,C,10,0,2139,199
394,player_ef604557-c391-410a-bac1-2e6a67423c66@localhost,AlwaysDefect,D,player_c7198461-9891-46ff-8bc2-bea4935b9b89@localhost,Random,C,10,0,2149,199
395,player_ef604557-c391-410a-bac1-2e6a67423c66@localhost,AlwaysDefect,D,player_c7198461-9891-46ff-8bc2-bea4935b9b89@localhost,Random,D,1,1,2150,200
396,player_ef604557-c391-410a-bac1-2e6a67423c66@localhost,AlwaysDefect,D,player_c7198461-9891-46ff-8bc2-bea4935b9b89@localhost,Random,D,1,1,2151,201
397,player_ef604557-c391-410a-bac1-2e6a67423c66@localhost,AlwaysDefect,D,player_c7198461-9891-46ff-8bc2-bea4935b9b89@localhost,Random,D,1,1,2152,202
398,player_ef604557-c391-410a-bac1-2e6a67423c66@localhost,AlwaysDefect,D,player_c7198461-9891-46ff-8bc2-bea4935b9b89@localhost,Random,D,1,1,2153,203
399,player_ef604557-c391-410a-bac1-2e6a67423c66@localhost,AlwaysDefect,D,player_c7198461-9891-46ff-8bc2-bea4935b9b89@localhost,Random,D,1,1,2154,204
400,player_ef604557-c391-410a-bac1-2e6a67423c66@localhost,AlwaysDefect,D,player_c7198461-9891-46ff-8bc2-bea4935b9b89@localhost,Random,D,1,1,2155,205
401,player_ef604557-c391-410a-bac1-2e6a67423c66@localhost,AlwaysDefect,D,player_c7198461-9891-46ff-8bc2-bea4935b9b89@localhost,Random,D,1,1,2156,206
402,player_ef604557-c391-410a-bac1-2e6a67423c66@localhost,AlwaysDefect,D,player_c7198461-9891-46ff-8bc2-bea4935b9b89@localhost,Random,C,10,0,2166,206
403,player_ef604557-c391-410a-bac1-2e6a67423c66@localhost,AlwaysDefect,D,player_c7198461-9891-46ff-8bc2-bea4935b9b89@localhost,Random,D,1,1,2167,207
404,player_ef604557-c391-410a-bac1-2e6a67423c66@localhost,AlwaysDefect,D,player_c7198461-9891-46ff-8bc2-bea4935b9b89@localhost,Random,D,1,1,2168,208
405,player_ef604557-c391-410a-bac1-2e6a67423c66@localhost,AlwaysDefect,D,player_c7198461-9891-46ff-8bc2-bea4935b9b89@localhost,Random,D,1,1,2169,209
406,player_ef604557-c391-410a-bac1-2e6a67423c66@localhost,AlwaysDefect,D,player_c7198461-9891-46ff-8bc2-bea4935b9b89@localhost,Random,D,1,1,2170,210
407,player_ef604557-c391-410a-bac1-2e6a67423c66@localhost,AlwaysDefect,D,player_c7198461-9891-46ff-8bc2-bea4935b9b89@localhost,Random,D,1,1,2171,211
408,player_ef604557-c391-410a-bac1-2e6a67423c66@localhost,AlwaysDefect,D,player_c7198461-9891-46ff-8bc2-bea4935b9b89@localhost,Random,C,10,0,2181,211
409,player_ef604557-c391-410a-bac1-2e6a67423c66@localhost,AlwaysDefect,D,player_c7198461-9891-46ff-8bc2-bea4935b9b89@localhost,Random,C,10,0,2191,211
410,player_ef604557-c391-410a-bac1-2e6a67423c66@localhost,AlwaysDefect,D,player_c7198461-9891-46ff-8bc2-bea4935b9b89@localhost,Random,C,10,0,2201,211
411,player_ef604557-c391-410a-bac1-2e6a67423c66@localhost,AlwaysDefect,D,player_c7198461-9891-46ff-8bc2-bea4935b9b89@localhost,Random,C,10,0,2211,211
412,player_ef604557-c391-410a-bac1-2e6a67423c66@localhost,AlwaysDefect,D,player_c7198461-9891-46ff-8bc2-bea4935b9b89@localhost,Random,D,1,1,2212,212
413,player_ef604557-c391-410a-bac1-2e6a67423c66@localhost,AlwaysDefect,D,player_c7198461-9891-46ff-8bc2-bea4935b9b89@localhost,Random,D,1,1,2213,213
414,player_ef604557-c391-410a-bac1-2e6a67423c66@localhost,AlwaysDefect,D,player_c7198461-9891-46ff-8bc2-bea4935b9b89@localhost,Random,C,10,0,2223,213
415,player_ef604557-c391-410a-bac1-2e6a67423c66@localhost,AlwaysDefect,D,player_c7198461-9891-46ff-8bc2-bea4935b9b89@localhost,Random,D,1,1,2224,214
416,player_ef604557-c391-410a-bac1-2e6a67423c66@localhost,AlwaysDefect,D,player_c7198461-9891-46ff-8bc2-bea4935b9b89@localhost,Random,D,1,1,2225,215
417,player_ef604557-c391-410a-bac1-2e6a67423c66@localhost,AlwaysDefect,D,player_c7198461-9891-46ff-8bc2-bea4935b9b89@localhost,Random,C,10,0,2235,215
418,player_ef604557-c391-410a-bac1-2e6a67423c66@localhost,AlwaysDefect,D,player_c7198461-9891-46ff-8bc2-bea4935b9b89@localhost,Random,C,10,0,2245,215
419,player_ef604557-c391-410a-bac1-2e6a67423c66@localhost,AlwaysDefect,D,player_c7198461-9891-46ff-8bc2-bea4935b9b89@localhost,Random,C,10,0,2255,215
420,player_ef604557-c391-410a-bac1-2e6a67423c66@localhost,AlwaysDefect,D,player_c7198461-9891-46ff-8bc2-bea4935b9b89@localhost,Random,C,10,0,2265,215
421,player_ef604557-c391-410a-bac1-2e6a67423c66@localhost,AlwaysDefect,D,player_c7198461-9891-46ff-8bc2-bea4935b9b89@localhost,Random,C,10,0,2275,215
422,player_ef604557-c391-410a-bac1-2e6a67423c66@localhost,AlwaysDefect,D,player_c7198461-9891-46ff-8bc2-bea4935b9b89@localhost,Random,D,1,1,2276,216
423,player_ef604557-c391-410a-bac1-2e6a67423c66@localhost,AlwaysDefect,D,player_c7198461-9891-46ff-8bc2-bea4935b9b89@localhost,Random,D,1,1,2277,217
424,player_ef604557-c391-410a-bac1-2e6a67423c66@localhost,AlwaysDefect,D,player_c7198461-9891-46ff-8bc2-bea4935b9b89@localhost,Random,D,1,1,2278,218
425,player_ef604557-c391-410a-bac1-2e6a67423c66@localhost,AlwaysDefect,D,player_c7198461-9891-46ff-8bc2-bea4935b9b89@localhost,Random,D,1,1,2279,219
426,player_ef604557-c391-410a-bac1-2e6a67423c66@localhost,AlwaysDefect,D,player_c7198461-9891-46ff-8bc2-bea4935b9b89@localhost,Random,D,1,1,2280,220
427,player_ef604557-c391-410a-bac1-2e6a67423c66@localhost,AlwaysDefect,D,player_c7198461-9891-46ff-8bc2-bea4935b9b89@localhost,Random,C,10,0,2290,220
428,player_ef604557-c391-410a-bac1-2e6a67423c66@localhost,AlwaysDefect,D,player_c7198461-9891-46ff-8bc2-bea4935b9b89@localhost,Random,C,10,0,2300,220
429,player_ef604557-c391-410a-bac1-2e6a67423c66@localhost,AlwaysDefect,D,player_c7198461-9891-46ff-8bc2-bea4935b9b89@localhost,Random,D,1,1,2301,221
430,player_ef604557-c391-410a-bac1-2e6a67423c66@localhost,AlwaysDefect,D,player_c7198461-9891-46ff-8bc2-bea4935b9b89@localhost,Random,C,10,0,2311,221
431,player_ef604557-c391-410a-bac1-2e6a67423c66@localhost,AlwaysDefect,D,player_c7198461-9891-46ff-8bc2-bea4935b9b89@localhost,Random,C,10,0,2321,221
432,player_ef604557-c391-410a-bac1-2e6a67423c66@localhost,AlwaysDefect,D,player_c7198461-9891-46ff-8bc2-bea4935b9b89@localhost,Random,C,10,0,2331,221
433,player_ef604557-c391-410a-bac1-2e6a67423c66@localhost,AlwaysDefect,D,player_c7198461-9891-46ff-8bc2-bea4935b9b89@localhost,Random,C,10,0,2341,221
434,player_ef604557-c391-410a-bac1-2e6a67423c66@localhost,AlwaysDefect,D,player_c7198461-9891-46ff-8bc2-bea4935b9b89@localhost,Random,C,10,0,2351,221
435,player_ef604557-c391-410a-bac1-2e6a67423c66@localhost,AlwaysDefect,D,player_c7198461-9891-46ff-8bc2-bea4935b9b89@localhost,Random,D,1,1,2352,222
436,player_ef604557-c391-410a-bac1-2e6a67423c66@localhost,AlwaysDefect,D,player_c7198461-9891-46ff-8bc2-bea4935b9b89@localhost,Random,D,1,1,2353,223
437,player_ef604557-c391-410a-bac1-2e6a67423c66@localhost,AlwaysDefect,D,player_c7198461-9891-46ff-8bc2-bea4935b9b89@localhost,Random,C,10,0,2363,223
438,player_ef604557-c391-410a-bac1-2e6a67423c66@localhost,AlwaysDefect,D,player_c7198461-9891-46ff-8bc2-bea4935b9b89@localhost,Random,D,1,1,2364,224
439,player_ef604557-c391-410a-bac1-2e6a67423c66@localhost,AlwaysDefect,D,player_c7198461-9891-46ff-8bc2-bea4935b9b89@localhost,Random,D,1,1,2365,225
440,player_ef604557-c391-410a-bac1-2e6a67423c66@localhost,AlwaysDefect,D,player_c7198461-9891-46ff-8bc2-bea4935b9b89@localhost,Random,C,10,0,2375,225
441,player_ef604557-c391-410a-bac1-2e6a67423c66@localhost,AlwaysDefect,D,player_c7198461-9891-46ff-8bc2-bea4935b9b89@localhost,Random,D,1,1,2376,226
442,player_ef604557-c391-410a-bac1-2e6a67423c66@localhost,AlwaysDefect,D,player_c7198461-9891-46ff-8bc2-bea4935b9b89@localhost,Random,C,10,0,2386,226
443,player_ef604557-c391-410a-bac1-2e6a67423c66@localhost,AlwaysDefect,D,player_c7198461-9891-46ff-8bc2-bea4935b9b89@localhost,Random,D,1,1,2387,227
444,player_ef604557-c391-410a-bac1-2e6a67423c66@localhost,AlwaysDefect,D,player_c7198461-9891-46ff-8bc2-bea4935b9b89@localhost,Random,D,1,1,2388,228
445,player_ef604557-c391-410a-bac1-2e6a67423c66@localhost,AlwaysDefect,D,player_c7198461-9891-46ff-8bc2-bea4935b9b89@localhost,Random,C,10,0,2398,228
446,player_ef604557-c391-410a-bac1-2e6a67423c66@localhost,AlwaysDefect,D,player_c7198461-9891-46ff-8bc2-bea4935b9b89@localhost,Random,C,10,0,2408,228
447,player_ef604557-c391-410a-bac1-2e6a67423c66@localhost,AlwaysDefect,D,player_c7198461-9891-46ff-8bc2-bea4935b9b89@localhost,Random,D,1,1,2409,229
448,player_ef604557-c391-410a-bac1-2e6a67423c66@localhost,AlwaysDefect,D,player_c7198461-9891-46ff-8bc2-bea4935b9b89@localhost,Random,C,10,0,2419,229
449,player_ef604557-c391-410a-bac1-2e6a67423c66@localhost,AlwaysDefect,D,player_c7198461-9891-46ff-8bc2-bea4935b9b89@localhost,Random,D,1,1,2420,230
450,player_ef604557-c391-410a-bac1-2e6a67423c66@localhost,AlwaysDefect,D,player_c7198461-9891-46ff-8bc2-bea4935b9b89@localhost,Random,C,10,0,2430,230
451,player_ef604557-c391-410a-bac1-2e6a67423c66@localhost,AlwaysDefect,D,player_c7198461-9891-46ff-8bc2-bea4935b9b89@localhost,Random,C,10,0,2440,230
452,player_ef604557-c391-410a-bac1-2e6a67423c66@localhost,AlwaysDefect,D,player_c7198461-9891-46ff-8bc2-bea4935b9b89@localhost,Random,D,1,1,2441,231
453,player_ef604557-c391-410a-bac1-2e6a67423c66@localhost,AlwaysDefect,D,player_c7198461-9891-46ff-8bc2-bea4935b9b89@localhost,Random,D,1,1,2442,232
454,player_ef604557-c391-410a-bac1-2e6a67423c66@localhost,AlwaysDefect,D,player_c7198461-9891-46ff-8bc2-bea4935b9b89@localhost,Random,D,1,1,2443,233
455,player_ef604557-c391-410a-bac1-2e6a67423c66@localhost,AlwaysDefect,D,player_c7198461-9891-46ff-8bc2-bea4935b9b89@localhost,Random,D,1,1,2444,234
456,player_ef604557-c391-410a-bac1-2e6a67423c66@localhost,AlwaysDefect,D,player_c7198461-9891-46ff-8bc2-bea4935b9b89@localhost,Random,C,10,0,2454,234
457,player_ef604557-c391-410a-bac1-2e6a67423c66@localhost,AlwaysDefect,D,player_c7198461-9891-46ff-8bc2-bea4935b9b89@localhost,Random,C,10,0,2464,234
458,player_ef604557-c391-410a-bac1-2e6a67423c66@localhost,AlwaysDefect,D,player_c7198461-9891-46ff-8bc2-bea4935b9b89@localhost,Random,D,1,1,2465,235
459,player_ef604557-c391-410a-bac1-2e6a67423c66@localhost,AlwaysDefect,D,player_c7198461-9891-46ff-8bc2-bea4935b9b89@localhost,Random,C,10,0,2475,235
460,player_ef604557-c391-410a-bac1-2e6a67423c66@localhost,AlwaysDefect,D,player_c7198461-9891-46ff-8bc2-bea4935b9b89@localhost,Random,C,10,0,2485,235
461,player_ef604557-c391-410a-bac1-2e6a67423c66@localhost,AlwaysDefect,D,player_c7198461-9891-46ff-8bc2-bea4935b9b89@localhost,Random,C,10,0,2495,235
462,player_ef604557-c391-410a-bac1-2e6a67423c66@localhost,AlwaysDefect,D,player_c7198461-9891-46ff-8bc2-bea4935b9b89@localhost,Random,D,1,1,2496,236
463,player_ef604557-c391-410a-bac1-2e6a67423c66@localhost,AlwaysDefect,D,player_c7198461-9891-46ff-8bc2-bea4935b9b89@localhost,Random,D,1,1,2497,237
464,player_ef604557-c391-410a-bac1-2e6a67423c66@localhost,AlwaysDefect,D,player_c7198461-9891-46ff-8bc2-bea4935b9b89@localhost,Random,D,1,1,2498,238
465,player_ef604557-c391-410a-bac1-2e6a67423c66@localhost,AlwaysDefect,D,player_c7198461-9891-46ff-8bc2-bea4935b9b89@localhost,Random,D,1,1,2499,239
466,player_ef604557-c391-410a-bac1-2e6a67423c66@localhost,AlwaysDefect,D,player_c7198461-9891-46ff-8bc2-bea4935b9b89@localhost,Random,D,1,1,2500,240
467,player_ef604557-c391-410a-bac1-2e6a67423c66@localhost,AlwaysDefect,D,player_c7198461-9891-46ff-8bc2-bea4935b9b89@localhost,Random,D,1,1,2501,241
468,player_ef604557-c391-410a-bac1-2e6a67423c66@localhost,AlwaysDefect,D,player_c7198461-9891-46ff-8bc2-bea4935b9b89@localhost,Random,C,10,0,2511,241
469,player_ef604557-c391-410a-bac1-2e6a67423c66@localhost,AlwaysDefect,D,player_c7198461-9891-46ff-8bc2-bea4935b9b89@localhost,Random,D,1,1,2512,242
470,player_ef604557-c391-410a-bac1-2e6a67423c66@localhost,AlwaysDefect,D,player_c7198461-9891-46ff-8bc2-bea4935b9b89@localhost,Random,C,10,0,2522,242
471,player_ef604557-c391-410a-bac1-2e6a67423c66@localhost,AlwaysDefect,D,player_c7198461-9891-46ff-8bc2-bea4935b9b89@localhost,Random,C,10,0,2532,242
472,player_ef604557-c391-410a-bac1-2e6a67423c66@localhost,AlwaysDefect,D,player_c7198461-9891-46ff-8bc2-bea4935b9b89@localhost,Random,C,10,0,2542,242
473,player_ef604557-c391-410a-bac1-2e6a67423c66@localhost,AlwaysDefect,D,player_c7198461-9891-46ff-8bc2-bea4935b9b89@localhost,Random,C,10,0,2552,242
474,player_ef604557-c391-410a-bac1-2e6a67423c66@localhost,AlwaysDefect,D,player_c7198461-9891-46ff-8bc2-bea4935b9b89@localhost,Random,D,1,1,2553,243
475,player_ef604557-c391-410a-bac1-2e6a67423c66@localhost,AlwaysDefect,D,player_c7198461-9891-46ff-8bc2-bea4935b9b89@localhost,Random,D,1,1,2554,244
476,player_ef604557-c391-410a-bac1-2e6a67423c66@localhost,AlwaysDefect,D,player_c7198461-9891-46ff-8bc2-bea4935b9b89@localhost,Random,C,10,0,2564,244
477,player_ef604557-c391-410a-bac1-2e6a67423c66@localhost,AlwaysDefect,D,player_c7198461-9891-46ff-8bc2-bea4935b9b89@localhost,Random,D,1,1,2565,245
478,player_ef604557-c391-410a-bac1-2e6a67423c66@localhost,AlwaysDefect,D,player_c7198461-9891-46ff-8bc2-bea4935b9b89@localhost,Random,D,1,1,2566,246
479,player_ef604557-c391-410a-bac1-2e6a67423c66@localhost,AlwaysDefect,D,player_c7198461-9891-46ff-8bc2-bea4935b9b89@localhost,Random,C,10,0,2576,246
480,player_ef604557-c391-410a-bac1-2e6a67423c66@localhost,AlwaysDefect,D,player_c7198461-9891-46ff-8bc2-bea4935b9b89@localhost,Random,D,1,1,2577,247
481,player_ef604557-c391-410a-bac1-2e6a67423c66@localhost,AlwaysDefect,D,player_c7198461-9891-46ff-8bc2-bea4935b9b89@localhost,Random,D,1,1,2578,248
482,player_ef604557-c391-410a-bac1-2e6a67423c66@localhost,AlwaysDefect,D,player_c7198461-9891-46ff-8bc2-bea4935b9b89@localhost,Random,C,10,0,2588,248
483,player_ef604557-c391-410a-bac1-2e6a67423c66@localhost,AlwaysDefect,D,player_c7198461-9891-46ff-8bc2-bea4935b9b89@localhost,Random,D,1,1,2589,249
484,player_ef604557-c391-410a-bac1-2e6a67423c66@localhost,AlwaysDefect,D,player_c7198461-9891-46ff-8bc2-bea4935b9b89@localhost,Random,C,10,0,2599,249
485,player_ef604557-c391-410a-bac1-2e6a67423c66@localhost,AlwaysDefect,D,player_c7198461-9891-46ff-8bc2-bea4935b9b89@localhost,Random,C,10,0,2609,249
486,player_ef604557-c391-410a-bac1-2e6a67423c66@localhost,AlwaysDefect,D,player_c7198461-9891-46ff-8bc2-bea4935b9b89@localhost,Random,C,10,0,2619,249
487,player_ef604557-c391-410a-bac1-2e6a67423c66@localhost,AlwaysDefect,D,player_c7198461-9891-46ff-8bc2-bea4935b9b89@localhost,Random,D,1,1,2620,250
488,player_ef604557-c391-410a-bac1-2e6a67423c66@localhost,AlwaysDefect,D,player_c7198461-9891-46ff-8bc2-bea4935b9b89@localhost,Random,D,1,1,2621,251
489,player_ef604557-c391-410a-bac1-2e6a67423c66@localhost,AlwaysDefect,D,player_c7198461-9891-46ff-8bc2-bea4935b9b89@localhost,Random,D,1,1,2622,252
490,player_ef604557-c391-410a-bac1-2e6a67423c66@localhost,AlwaysDefect,D,player_c7198461-9891-46ff-8bc2-bea4935b9b89@localhost,Random,D,1,1,2623,253
491,player_ef604557-c391-410a-bac1-2e6a67423c66@localhost,AlwaysDefect,D,player_c7198461-9891-46ff-8bc2-bea4935b9b89@localhost,Random,D,1,1,2624,254
492,player_ef604557-c391-410a-bac1-2e6a67423c66@localhost,AlwaysDefect,D,player_c7198461-9891-46ff-8bc2-bea4935b9b89@localhost,Random,C,10,0,2634,254
493,player_ef604557-c391-410a-bac1-2e6a67423c66@localhost,AlwaysDefect,D,player_c7198461-9891-46ff-8bc2-bea4935b9b89@localhost,Random,D,1,1,2635,255
494,player_ef604557-c391-410a-bac1-2e6a67423c66@localhost,AlwaysDefect,D,player_c7198461-9891-46ff-8bc2-bea4935b9b89@localhost,Random,D,1,1,2636,256
495,player_ef604557-c391-410a-bac1-2e6a67423c66@localhost,AlwaysDefect,D,player_c7198461-9891-46ff-8bc2-bea4935b9b89@localhost,Random,C,10,0,2646,256
496,player_ef604557-c391-410a-bac1-2e6a67423c66@localhost,AlwaysDefect,D,player_c7198461-9891-46ff-8bc2-bea4935b9b89@localhost,Random,D,1,1,2647,257
497,player_ef604557-c391-410a-bac1-2e6a67423c66@localhost,AlwaysDefect,D,player_c7198461-9891-46ff-8bc2-bea4935b9b89@localhost,Random,D,1,1,2648,258
498,player_ef604557-c391-410a-bac1-2e6a67423c66@localhost,AlwaysDefect,D,player_c7198461-9891-46ff-8bc2-bea4935b9b89@localhost,Random,D,1,1,2649,259
499,player_ef604557-c391-410a-bac1-2e6a67423c66@localhost,AlwaysDefect,D,player_c7198461-9891-46ff-8bc2-bea4935b9b89@localhost,Random,D,1,1,2650,260
500,player_ef604557-c391-410a-bac1-2e6a67423c66@localhost,AlwaysDefect,D,player_c7198461-9891-46ff-8bc2-bea4935b9b89@localhost,Random,C,10,0,2660,260
501,player_ef604557-c391-410a-bac1-2e6a67423c66@localhost,AlwaysDefect,D,player_c7198461-9891-46ff-8bc2-bea4935b9b89@localhost,Random,D,1,1,2661,261
502,player_ef604557-c391-410a-bac1-2e6a67423c66@localhost,AlwaysDefect,D,player_c7198461-9891-46ff-8bc2-bea4935b9b89@localhost,Random,C,10,0,2671,261
503,player_ef604557-c391-410a-bac1-2e6a67423c66@localhost,AlwaysDefect,D,player_c7198461-9891-46ff-8bc2-bea4935b9b89@localhost,Random,D,1,1,2672,262
504,player_ef604557-c391-410a-bac1-2e6a67423c66@localhost,AlwaysDefect,D,player_c7198461-9891-46ff-8bc2-bea4935b9b89@localhost,Random,D,1,1,2673,263
505,player_ef604557-c391-410a-bac1-2e6a67423c66@localhost,AlwaysDefect,D,player_c7198461-9891-46ff-8bc2-bea4935b9b89@localhost,Random,C,10,0,2683,263
506,player_ef604557-c391-410a-bac1-2e6a67423c66@localhost,AlwaysDefect,D,player_c7198461-9891-46ff-8bc2-bea4935b9b89@localhost,Random,C,10,0,2693,263
507,player_ef604557-c391-410a-bac1-2e6a67423c66@localhost,AlwaysDefect,D,player_c7198461-9891-46ff-8bc2-bea4935b9b89@localhost,Random,C,10,0,2703,263
508,player_ef604557-c391-410a-bac1-2e6a67423c66@localhost,AlwaysDefect,D,player_c7198461-9891-46ff-8bc2-bea4935b9b89@localhost,Random,D,1,1,2704,264
509,player_ef604557-c391-410a-bac1-2e6a67423c66@localhost,AlwaysDefect,D,player_c7198461-9891-46ff-8bc2-bea4935b9b89@localhost,Random,D,1,1,2705,265
510,player_ef604557-c391-410a-bac1-2e6a67423c66@localhost,AlwaysDefect,D,player_c7198461-9891-46ff-8bc2-bea4935b9b89@localhost,Random,D,1,1,2706,266
511,player_ef604557-c391-410a-bac1-2e6a67423c66@localhost,AlwaysDefect,D,player_c7198461-9891-46ff-8bc2-bea4935b9b89@localhost,Random,C,10,0,2716,266
512,player_ef604557-c391-410a-bac1-2e6a67423c66@localhost,AlwaysDefect,D,player_c7198461-9891-46ff-8bc2-bea4935b9b89@localhost,Random,C,10,0,2726,266
513,player_ef604557-c391-410a-bac1-2e6a67423c66@localhost,AlwaysDefect,D,player_c7198461-9891-46ff-8bc2-bea4935b9b89@localhost,Random,D,1,1,2727,267
514,player_ef604557-c391-410a-bac1-2e6a67423c66@localhost,AlwaysDefect,D,player_c7198461-9891-46ff-8bc2-bea4935b9b89@localhost,Random,D,1,1,2728,268
515,player_ef604557-c391-410a-bac1-2e6a67423c66@localhost,AlwaysDefect,D,player_c7198461-9891-46ff-8bc2-bea4935b9b89@localhost,Random,D,1,1,2729,269
516,player_ef604557-c391-410a-bac1-2e6a67423c66@localhost,AlwaysDefect,D,player_c7198461-9891-46ff-8bc2-bea4935b9b89@localhost,Random,D,1,1,2730,270
517,player_ef604557-c391-410a-bac1-2e6a67423c66@localhost,AlwaysDefect,D,player_c7198461-9891-46ff-8bc2-bea4935b9b89@localhost,Random,C,10,0,2740,270
518,player_ef604557-c391-410a-bac1-2e6a67423c66@localhost,AlwaysDefect,D,player_c7198461-9891-46ff-8bc2-bea4935b9b89@localhost,Random,D,1,1,2741,271
519,player_ef604557-c391-410a-bac1-2e6a67423c66@localhost,AlwaysDefect,D,player_c7198461-9891-46ff-8bc2-bea4935b9b89@localhost,Random,C,10,0,2751,271
520,player_ef604557-c391-410a-bac1-2e6a67423c66@localhost,AlwaysDefect,D,player_c7198461-9891-46ff-8bc2-bea4935b9b89@localhost,Random,D,1,1,2752,272
521,player_ef604557-c391-410a-bac1-2e6a67423c66@localhost,AlwaysDefect,D,player_c7198461-9891-46ff-8bc2-bea4935b9b89@localhost,Random,D,1,1,2753,273
522,player_ef604557-c391-410a-bac1-2e6a67423c66@localhost,AlwaysDefect,D,player_c7198461-9891-46ff-8bc2-bea4935b9b89@localhost,Random,C,10,0,2763,273
523,player_ef604557-c391-410a-bac1-2e6a67423c66@localhost,AlwaysDefect,D,player_c7198461-9891-46ff-8bc2-bea4935b9b89@localhost,Random,D,1,1,2764,274
524,player_ef604557-c391-410a-bac1-2e6a67423c66@localhost,AlwaysDefect,D,player_c7198461-9891-46ff-8bc2-bea4935b9b89@localhost,Random,C,10,0,2774,274
525,player_ef604557-c391-410a-bac1-2e6a67423c66@localhost,AlwaysDefect,D,player_c7198461-9891-46ff-8bc2-bea4935b9b89@localhost,Random,C,10,0,2784,274
526,player_ef604557-c391-410a-bac1-2e6a67423c66@localhost,AlwaysDefect,D,player_c7198461-9891-46ff-8bc2-bea4935b9b89@localhost,Random,C,10,0,2794,274
527,player_ef604557-c391-410a-bac1-2e6a67423c66@localhost,AlwaysDefect,D,player_c7198461-9891-46ff-8bc2-bea4935b9b89@localhost,Random,D,1,1,2795,275
528,player_ef604557-c391-410a-bac1-2e6a67423c66@localhost,AlwaysDefect,D,player_c7198461-9891-46ff-8bc2-bea4935b9b89@localhost,Random,C,10,0,2805,275
529,player_ef604557-c391-410a-bac1-2e6a67423c66@localhost,AlwaysDefect,D,player_c7198461-9891-46ff-8bc2-bea4935b9b89@localhost,Random,D,1,1,2806,276
530,player_ef604557-c391-410a-bac1-2e6a67423c66@localhost,AlwaysDefect,D,player_c7198461-9891-46ff-8bc2-bea4935b9b89@localhost,Random,D,1,1,2807,277
531,player_ef604557-c391-410a-bac1-2e6a67423c66@localhost,AlwaysDefect,D,player_c7198461-9891-46ff-8bc2-bea4935b9b89@localhost,Random,D,1,1,2808,278
532,player_ef604557-c391-410a-bac1-2e6a67423c66@localhost,AlwaysDefect,D,player_c7198461-9891-46ff-8bc2-bea4935b9b89@localhost,Random,D,1,1,2809,279
533,player_ef604557-c391-410a-bac1-2e6a67423c66@localhost,AlwaysDefect,D,player_c7198461-9891-46ff-8bc2-bea4935b9b89@localhost,Random,C,10,0,2819,279
534,player_ef604557-c391-410a-bac1-2e6a67423c66@localhost,AlwaysDefect,D,player_c7198461-9891-46ff-8bc2-bea4935b9b89@localhost,Random,C,10,0,2829,279
535,player_ef604557-c391-410a-bac1-2e6a67423c66@localhost,AlwaysDefect,D,player_c7198461-9891-46ff-8bc2-bea4935b9b89@localhost,Random,D,1,1,2830,280
536,player_ef604557-c391-410a-bac1-2e6a67423c66@localhost,AlwaysDefect,D,player_c7198461-9891-46ff-8bc2-bea4935b9b89@localhost,Random,D,1,1,2831,281
537,player_ef604557-c391-410a-bac1-2e6a67423c66@localhost,AlwaysDefect,D,player_c7198461-9891-46ff-8bc2-bea4935b9b89@localhost,Random,C,10,0,2841,281
538,player_ef604557-c391-410a-bac1-2e6a67423c66@localhost,AlwaysDefect,D,player_c7198461-9891-46ff-8bc2-bea4935b9b89@localhost,Random,C,10,0,2851,281
539,player_ef604557-c391-410a-bac1-2e6a67423c66@localhost,AlwaysDefect,D,player_c7198461-9891-46ff-8bc2-bea4935b9b89@localhost,Random,C,10,0,2861,281
540,player_ef604557-c391-410a-bac1-2e6a67423c66@localhost,AlwaysDefect,D,player_c7198461-9891-46ff-8bc2-bea4935b9b89@localhost,Random,C,10,0,2871,281
541,player_ef604557-c391-410a-bac1-2e6a67423c66@localhost,AlwaysDefect,D,player_c7198461-9891-46ff-8bc2-bea4935b9b89@localhost,Random,C,10,0,2881,281
542,player_ef604557-c391-410a-bac1-2e6a67423c66@localhost,AlwaysDefect,D,player_c7198461-9891-46ff-8bc2-bea4935b9b89@localhost,Random,D,1,1,2882,282
543,player_ef604557-c391-410a-bac1-2e6a67423c66@localhost,AlwaysDefect,D,player_c7198461-9891-46ff-8bc2-bea4935b9b89@localhost,Random,C,10,0,2892,282
544,player_ef604557-c391-410a-bac1-2e6a67423c66@localhost,AlwaysDefect,D,player_c7198461-9891-46ff-8bc2-bea4935b9b89@localhost,Random,C,10,0,2902,282
545,player_ef604557-c391-410a-bac1-2e6a67423c66@localhost,AlwaysDefect,D,player_c7198461-9891-46ff-8bc2-bea4935b9b89@localhost,Random,C,10,0,2912,282
546,player_ef604557-c391-410a-bac1-2e6a67423c66@localhost,AlwaysDefect,D,player_c7198461-9891-46ff-8bc2-bea4935b9b89@localhost,Random,D,1,1,2913,283
547,player_ef604557-c391-410a-bac1-2e6a67423c66@localhost,AlwaysDefect,D,player_c7198461-9891-46ff-8bc2-bea4935b9b89@localhost,Random,C,10,0,2923,283
548,player_ef604557-c391-410a-bac1-2e6a67423c66@localhost,AlwaysDefect,D,player_c7198461-9891-46ff-8bc2-bea4935b9b89@localhost,Random,D,1,1,2924,284
549,player_ef604557-c391-410a-bac1-2e6a67423c66@localhost,AlwaysDefect,D,player_c7198461-9891-46ff-8bc2-bea4935b9b89@localhost,Random,C,10,0,2934,284
550,player_ef604557-c391-410a-bac1-2e6a67423c66@localhost,AlwaysDefect,D,player_c7198461-9891-46ff-8bc2-bea4935b9b89@localhost,Random,C,10,0,2944,284
551,player_ef604557-c391-410a-bac1-2e6a67423c66@localhost,AlwaysDefect,D,player_c7198461-9891-46ff-8bc2-bea4935b9b89@localhost,Random,D,1,1,2945,285
552,player_ef604557-c391-410a-bac1-2e6a67423c66@localhost,AlwaysDefect,D,player_c7198461-9891-46ff-8bc2-bea4935b9b89@localhost,Random,D,1,1,2946,286
553,player_ef604557-c391-410a-bac1-2e6a67423c66@localhost,AlwaysDefect,D,player_c7198461-9891-46ff-8bc2-bea4935b9b89@localhost,Random,D,1,1,2947,287
554,player_ef604557-c391-410a-bac1-2e6a67423c66@localhost,AlwaysDefect,D,player_c7198461-9891-46ff-8bc2-bea4935b9b89@localhost,Random,C,10,0,2957,287
555,player_ef604557-c391-410a-bac1-2e6a67423c66@localhost,AlwaysDefect,D,player_c7198461-9891-46ff-8bc2-bea4935b9b89@localhost,Random,D,1,1,2958,288
556,player_ef604557-c391-410a-bac1-2e6a67423c66@localhost,AlwaysDefect,D,player_c7198461-9891-46ff-8bc2-bea4935b9b89@localhost,Random,D,1,1,2959,289
557,player_ef604557-c391-410a-bac1-2e6a67423c66@localhost,AlwaysDefect,D,player_c7198461-9891-46ff-8bc2-bea4935b9b89@localhost,Random,C,10,0,2969,289
558,player_ef604557-c391-410a-bac1-2e6a67423c66@localhost,AlwaysDefect,D,player_c7198461-9891-46ff-8bc2-bea4935b9b89@localhost,Random,D,1,1,2970,290
559,player_ef604557-c391-410a-bac1-2e6a67423c66@localhost,AlwaysDefect,D,player_c7198461-9891-46ff-8bc2-bea4935b9b89@localhost,Random,C,10,0,2980,290
560,player_ef604557-c391-410a-bac1-2e6a67423c66@localhost,AlwaysDefect,D,player_c7198461-9891-46ff-8bc2-bea4935b9b89@localhost,Random,D,1,1,2981,291
561,player_ef604557-c391-410a-bac1-2e6a67423c66@localhost,AlwaysDefect,D,player_c7198461-9891-46ff-8bc2-bea4935b9b89@localhost,Random,D,1,1,2982,292
562,player_ef604557-c391-410a-bac1-2e6a67423c66@localhost,AlwaysDefect,D,player_c7198461-9891-46ff-8bc2-bea4935b9b89@localhost,Random,C,10,0,2992,292
563,player_ef604557-c391-410a-bac1-2e6a67423c66@localhost,AlwaysDefect,D,player_c7198461-9891-46ff-8bc2-bea4935b9b89@localhost,Random,C,10,0,3002,292
564,player_ef604557-c391-410a-bac1-2e6a67423c66@localhost,AlwaysDefect,D,player_c7198461-9891-46ff-8bc2-bea4935b9b89@localhost,Random,D,1,1,3003,293
565,player_ef604557-c391-410a-bac1-2e6a67423c66@localhost,AlwaysDefect,D,player_c7198461-9891-46ff-8bc2-bea4935b9b89@localhost,Random,C,10,0,3013,293
566,player_ef604557-c391-410a-bac1-2e6a67423c66@localhost,AlwaysDefect,D,player_c7198461-9891-46ff-8bc2-bea4935b9b89@localhost,Random,C,10,0,3023,293
567,player_ef604557-c391-410a-bac1-2e6a67423c66@localhost,AlwaysDefect,D,player_c7198461-9891-46ff-8bc2-bea4935b9b89@localhost,Random,D,1,1,3024,294
568,player_ef604557-c391-410a-bac1-2e6a67423c66@localhost,AlwaysDefect,D,player_c7198461-9891-46ff-8bc2-bea4935b9b89@localhost,Random,C,10,0,3034,294
569,player_ef604557-c391-410a-bac1-2e6a67423c66@localhost,AlwaysDefect,D,player_c7198461-9891-46ff-8bc2-bea4935b9b89@localhost,Random,C,10,0,3044,294
570,player_ef604557-c391-410a-bac1-2e6a67423c66@localhost,AlwaysDefect,D,player_c7198461-9891-46ff-8bc2-bea4935b9b89@localhost,Random,C,10,0,3054,294
571,player_ef604557-c391-410a-bac1-2e6a67423c66@localhost,AlwaysDefect,D,player_c7198461-9891-46ff-8bc2-bea4935b9b89@localhost,Random,C,10,0,3064,294
572,player_ef604557-c391-410a-bac1-2e6a67423c66@localhost,AlwaysDefect,D,player_c7198461-9891-46ff-8bc2-bea4935b9b89@localhost,Random,C,10,0,3074,294
573,player_ef604557-c391-410a-bac1-2e6a67423c66@localhost,AlwaysDefect,D,player_c7198461-9891-46ff-8bc2-bea4935b9b89@localhost,Random,D,1,1,3075,295
574,player_ef604557-c391-410a-bac1-2e6a67423c66@localhost,AlwaysDefect,D,player_c7198461-9891-46ff-8bc2-bea4935b9b89@localhost,Random,D,1,1,3076,296
575,player_ef604557-c391-410a-bac1-2e6a67423c66@localhost,AlwaysDefect,D,player_c7198461-9891-46ff-8bc2-bea4935b9b89@localhost,Random,D,1,1,3077,297
576,player_ef604557-c391-410a-bac1-2e6a67423c66@localhost,AlwaysDefect,D,player_c7198461-9891-46ff-8bc2-bea4935b9b89@localhost,Random,C,10,0,3087,297
577,player_ef604557-c391-410a-bac1-2e6a67423c66@localhost,AlwaysDefect,D,player_c7198461-9891-46ff-8bc2-bea4935b9b89@localhost,Random,D,1,1,3088,298
578,player_ef604557-c391-410a-bac1-2e6a67423c66@localhost,AlwaysDefect,D,player_c7198461-9891-46ff-8bc2-bea4935b9b89@localhost,Random,D,1,1,3089,299
579,player_ef604557-c391-410a-bac1-2e6a67423c66@localhost,AlwaysDefect,D,player_c7198461-9891-46ff-8bc2-bea4935b9b89@localhost,Random,C,10,0,3099,299
580,player_ef604557-c391-410a-bac1-2e6a67423c66@localhost,AlwaysDefect,D,player_c7198461-9891-46ff-8bc2-bea4935b9b89@localhost,Random,D,1,1,3100,300
581,player_ef604557-c391-410a-bac1-2e6a67423c66@localhost,AlwaysDefect,D,player_c7198461-9891-46ff-8bc2-bea4935b9b89@localhost,Random,C,10,0,3110,300
582,player_ef604557-c391-410a-bac1-2e6a67423c66@localhost,AlwaysDefect,D,player_c7198461-9891-46ff-8bc2-bea4935b9b89@localhost,Random,D,1,1,3111,301
583,player_ef604557-c391-410a-bac1-2e6a67423c66@localhost,AlwaysDefect,D,player_c7198461-9891-46ff-8bc2-bea4935b9b89@localhost,Random,D,1,1,3112,302
584,player_ef604557-c391-410a-bac1-2e6a67423c66@localhost,AlwaysDefect,D,player_c7198461-9891-46ff-8bc2-bea4935b9b89@localhost,Random,D,1,1,3113,303
585,player_ef604557-c391-410a-bac1-2e6a67423c66@localhost,AlwaysDefect,D,player_c7198461-9891-46ff-8bc2-bea4935b9b89@localhost,Random,C,10,0,3123,303
586,player_ef604557-c391-410a-bac1-2e6a67423c66@localhost,AlwaysDefect,D,player_c7198461-9891-46ff-8bc2-bea4935b9b89@localhost,Random,D,1,1,3124,304
587,player_ef604557-c391-410a-bac1-2e6a67423c66@localhost,AlwaysDefect,D,player_c7198461-9891-46ff-8bc2-bea4935b9b89@localhost,Random,D,1,1,3125,305
588,player_ef604557-c391-410a-bac1-2e6a67423c66@localhost,AlwaysDefect,D,player_c7198461-9891-46ff-8bc2-bea4935b9b89@localhost,Random,C,10,0,3135,305
589,player_ef604557-c391-410a-bac1-2e6a67423c66@localhost,AlwaysDefect,D,player_c7198461-9891-46ff-8bc2-bea4935b9b89@localhost,Random,D,1,1,3136,306
590,player_ef604557-c391-410a-bac1-2e6a67423c66@localhost,AlwaysDefect,D,player_c7198461-9891-46ff-8bc2-bea4935b9b89@localhost,Random,C,10,0,3146,306
591,player_ef604557-c391-410a-bac1-2e6a67423c66@localhost,AlwaysDefect,D,player_c7198461-9891-46ff-8bc2-bea4935b9b89@localhost,Random,C,10,0,3156,306
592,player_ef604557-c391-410a-bac1-2e6a67423c66@localhost,AlwaysDefect,D,player_c7198461-9891-46ff-8bc2-bea4935b9b89@localhost,Random,D,1,1,3157,307
593,player_ef604557-c391-410a-bac1-2e6a67423c66@localhost,AlwaysDefect,D,player_c7198461-9891-46ff-8bc2-bea4935b9b89@localhost,Random,C,10,0,3167,307
594,player_ef604557-c391-410a-bac1-2e6a67423c66@localhost,AlwaysDefect,D,player_c7198461-9891-46ff-8bc2-bea4935b9b89@localhost,Random,C,10,0,3177,307
595,player_ef604557-c391-410a-bac1-2e6a67423c66@localhost,AlwaysDefect,D,player_c7198461-9891-46ff-8bc2-bea4935b9b89@localhost,Random,C,10,0,3187,307
596,player_ef604557-c391-410a-bac1-2e6a67423c66@localhost,AlwaysDefect,D,player_c7198461-9891-46ff-8bc2-bea4935b9b89@localhost,Random,D,1,1,3188,308
597,player_ef604557-c391-410a-bac1-2e6a67423c66@localhost,AlwaysDefect,D,player_c7198461-9891-46ff-8bc2-bea4935b9b89@localhost,Random,C,10,0,3198,308
598,player_ef604557-c391-410a-bac1-2e6a67423c66@localhost,AlwaysDefect,D,player_c7198461-9891-46ff-8bc2-bea4935b9b89@localhost,Random,C,10,0,3208,308
599,player_ef604557-c391-410a-bac1-2e6a67423c66@localhost,AlwaysDefect,D,player_c7198461-9891-46ff-8bc2-bea4935b9b89@localhost,Random,D,1,1,3209,309
600,player_ef604557-c391-410a-bac1-2e6a67423c66@localhost,AlwaysDefect,D,player_c7198461-9891-46ff-8bc2-bea4935b9b89@localhost,Random,D,1,1,3210,310
601,player_ef604557-c391-410a-bac1-2e6a67423c66@localhost,AlwaysDefect,D,player_c7198461-9891-46ff-8bc2-bea4935b9b89@localhost,Random,C,10,0,3220,310
602,player_ef604557-c391-410a-bac1-2e6a67423c66@localhost,AlwaysDefect,D,player_c7198461-9891-46ff-8bc2-bea4935b9b89@localhost,Random,C,10,0,3230,310
603,player_ef604557-c391-410a-bac1-2e6a67423c66@localhost,AlwaysDefect,D,player_c7198461-9891-46ff-8bc2-bea4935b9b89@localhost,Random,C,10,0,3240,310
604,player_ef604557-c391-410a-bac1-2e6a67423c66@localhost,AlwaysDefect,D,player_c7198461-9891-46ff-8bc2-bea4935b9b89@localhost,Random,C,10,0,3250,310
605,player_ef604557-c391-410a-bac1-2e6a67423c66@localhost,AlwaysDefect,D,player_c7198461-9891-46ff-8bc2-bea4935b9b89@localhost,Random,C,10,0,3260,310
606,player_ef604557-c391-410a-bac1-2e6a67423c66@localhost,AlwaysDefect,D,player_c7198461-9891-46ff-8bc2-bea4935b9b89@localhost,Random,D,1,1,3261,311
607,player_ef604557-c391-410a-bac1-2e6a67423c66@localhost,AlwaysDefect,D,player_c7198461-9891-46ff-8bc2-bea4935b9b89@localhost,Random,D,1,1,3262,312
608,player_ef604557-c391-410a-bac1-2e6a67423c66@localhost,AlwaysDefect,D,player_c7198461-9891-46ff-8bc2-bea4935b9b89@localhost,Random,C,10,0,3272,312
609,player_ef604557-c391-410a-bac1-2e6a67423c66@localhost,AlwaysDefect,D,player_c7198461-9891-46ff-8bc2-bea4935b9b89@localhost,Random,C,10,0,3282,312
610,player_ef604557-c391-410a-bac1-2e6a67423c66@localhost,AlwaysDefect,D,player_c7198461-9891-46ff-8bc2-bea4935b9b89@localhost,Random,D,1,1,3283,313
611,player_ef604557-c391-410a-bac1-2e6a67423c66@localhost,AlwaysDefect,D,player_c7198461-9891-46ff-8bc2-bea4935b9b89@localhost,Random,C,10,0,3293,313
612,player_ef604557-c391-410a-bac1-2e6a67423c66@localhost,AlwaysDefect,D,player_c7198461-9891-46ff-8bc2-bea4935b9b89@localhost,Random,D,1,1,3294,314
613,player_ef604557-c391-410a-bac1-2e6a67423c66@localhost,AlwaysDefect,D,player_c7198461-9891-46ff-8bc2-bea4935b9b89@localhost,Random,D,1,1,3295,315
614,player_ef604557-c391-410a-bac1-2e6a67423c66@localhost,AlwaysDefect,D,player_c7198461-9891-46ff-8bc2-bea4935b9b89@localhost,Random,D,1,1,3296,316
615,player_ef604557-c391-410a-bac1-2e6a67423c66@localhost,AlwaysDefect,D,player_c7198461-9891-46ff-8bc2-bea4935b9b89@localhost,Random,D,1,1,3297,317
616,player_ef604557-c391-410a-bac1-2e6a67423c66@localhost,AlwaysDefect,D,player_c7198461-9891-46ff-8bc2-bea4935b9b89@localhost,Random,D,1,1,3298,318
617,player_ef604557-c391-410a-bac1-2e6a67423c66@localhost,AlwaysDefect,D,player_c7198461-9891-46ff-8bc2-bea4935b9b89@localhost,Random,C,10,0,3308,318
618,player_ef604557-c391-410a-bac1-2e6a67423c66@localhost,AlwaysDefect,D,player_c7198461-9891-46ff-8bc2-bea4935b9b89@localhost,Random,D,1,1,3309,319
619,player_ef604557-c391-410a-bac1-2e6a67423c66@localhost,AlwaysDefect,D,player_c7198461-9891-46ff-8bc2-bea4935b9b89@localhost,Random,D,1,1,3310,320
620,player_ef604557-c391-410a-bac1-2e6a67423c66@localhost,AlwaysDefect,D,player_c7198461-9891-46ff-8bc2-bea4935b9b89@localhost,Random,D,1,1,3311,321
621,player_ef604557-c391-410a-bac1-2e6a67423c66@localhost,AlwaysDefect,D,player_c7198461-9891-46ff-8bc2-bea4935b9b89@localhost,Random,D,1,1,3312,322
622,player_ef604557-c391-410a-bac1-2e6a67423c66@localhost,AlwaysDefect,D,player_c7198461-9891-46ff-8bc2-bea4935b9b89@localhost,Random,C,10,0,3322,322
623,player_ef604557-c391-410a-bac1-2e6a67423c66@localhost,AlwaysDefect,D,player_c7198461-9891-46ff-8bc2-bea4935b9b89@localhost,Random,C,10,0,3332,322
624,player_ef604557-c391-410a-bac1-2e6a67423c66@localhost,AlwaysDefect,D,player_c7198461-9891-46ff-8bc2-bea4935b9b89@localhost,Random,C,10,0,3342,322
625,player_ef604557-c391-410a-bac1-2e6a67423c66@localhost,AlwaysDefect,D,player_c7198461-9891-46ff-8bc2-bea4935b9b89@localhost,Random,D,1,1,3343,323
626,player_ef604557-c391-410a-bac1-2e6a67423c66@localhost,AlwaysDefect,D,player_c7198461-9891-46ff-8bc2-bea4935b9b89@localhost,Random,C,10,0,3353,323
627,player_ef604557-c391-410a-bac1-2e6a67423c66@localhost,AlwaysDefect,D,player_c7198461-9891-46ff-8bc2-bea4935b9b89@localhost,Random,D,1,1,3354,324
628,player_ef604557-c391-410a-bac1-2e6a67423c66@localhost,AlwaysDefect,D,player_c7198461-9891-46ff-8bc2-bea4935b9b89@localhost,Random,D,1,1,3355,325
629,player_ef604557-c391-410a-bac1-2e6a67423c66@localhost,AlwaysDefect,D,player_c7198461-9891-46ff-8bc2-bea4935b9b89@localhost,Random,C,10,0,3365,325
630,player_ef604557-c391-410a-bac1-2e6a67423c66@localhost,AlwaysDefect,D,player_c7198461-9891-46ff-8bc2-bea4935b9b89@localhost,Random,D,1,1,3366,326
631,player_ef604557-c391-410a-bac1-2e6a67423c66@localhost,AlwaysDefect,D,player_c7198461-9891-46ff-8bc2-bea4935b9b89@localhost,Random,C,10,0,3376,326
632,player_ef604557-c391-410a-bac1-2e6a67423c66@localhost,AlwaysDefect,D,player_c7198461-9891-46ff-8bc2-bea4935b9b89@localhost,Random,C,10,0,3386,326
633,player_ef604557-c391-410a-bac1-2e6a67423c66@localhost,AlwaysDefect,D,player_c7198461-9891-46ff-8bc2-bea4935b9b89@localhost,Random,C,10,0,3396,326
634,player_ef604557-c391-410a-bac1-2e6a67423c66@localhost,AlwaysDefect,D,player_c7198461-9891-46ff-8bc2-bea4935b9b89@localhost,Random,C,10,0,3406,326
635,player_ef604557-c391-410a-bac1-2e6a67423c66@localhost,AlwaysDefect,D,player_c7198461-9891-46ff-8bc2-bea4935b9b89@localhost,Random,C,10,0,3416,326
636,player_ef604557-c391-410a-bac1-2e6a67423c66@localhost,AlwaysDefect,D,player_c7198461-9891-46ff-8bc2-bea4935b9b89@localhost,Random,D,1,1,3417,327
637,player_ef604557-c391-410a-bac1-2e6a67423c66@localhost,AlwaysDefect,D,player_c7198461-9891-46ff-8bc2-bea4935b9b89@localhost,Random,D,1,1,3418,328
638,player_ef604557-c391-410a-bac1-2e6a67423c66@localhost,AlwaysDefect,D,player_c7198461-9891-46ff-8bc2-bea4935b9b89@localhost,Random,C,10,0,3428,328
639,player_ef604557-c391-410a-bac1-2e6a67423c66@localhost,AlwaysDefect,D,player_c7198461-9891-46ff-8bc2-bea4935b9b89@localhost,Random,D,1,1,3429,329
640,player_ef604557-c391-410a-bac1-2e6a67423c66@localhost,AlwaysDefect,D,player_c7198461-9891-46ff-8bc2-bea4935b9b89@localhost,Random,D,1,1,3430,330
641,player_ef604557-c391-410a-bac1-2e6a67423c66@localhost,AlwaysDefect,D,player_c7198461-9891-46ff-8bc2-bea4935b9b89@localhost,Random,D,1,1,3431,331
642,player_ef604557-c391-410a-bac1-2e6a67423c66@localhost,AlwaysDefect,D,player_c7198461-9891-46ff-8bc2-bea4935b9b89@localhost,Random,C,10,0,3441,331
643,player_ef604557-c391-410a-bac1-2e6a67423c66@localhost,AlwaysDefect,D,player_c7198461-9891-46ff-8bc2-bea4935b9b89@localhost,Random,D,1,1,3442,332
644,player_ef604557-c391-410a-bac1-2e6a67423c66@localhost,AlwaysDefect,D,player_c7198461-9891-46ff-8bc2-bea4935b9b89@localhost,Random,C,10,0,3452,332
645,player_ef604557-c391-410a-bac1-2e6a67423c66@localhost,AlwaysDefect,D,player_c7198461-9891-46ff-8bc2-bea4935b9b89@localhost,Random,C,10,0,3462,332
646,player_ef604557-c391-410a-bac1-2e6a67423c66@localhost,AlwaysDefect,D,player_c7198461-9891-46ff-8bc2-bea4935b9b89@localhost,Random,C,10,0,3472,332
647,player_ef604557-c391-410a-bac1-2e6a67423c66@localhost,AlwaysDefect,D,player_c7198461-9891-46ff-8bc2-bea4935b9b89@localhost,Random,D,1,1,3473,333
648,player_ef604557-c391-410a-bac1-2e6a67423c66@localhost,AlwaysDefect,D,player_c7198461-9891-46ff-8bc2-bea4935b9b89@localhost,Random,C,10,0,3483,333
649,player_ef604557-c391-410a-bac1-2e6a67423c66@localhost,AlwaysDefect,D,player_c7198461-9891-46ff-8bc2-bea4935b9b89@localhost,Random,D,1,1,3484,334
650,player_ef604557-c391-410a-bac1-2e6a67423c66@localhost,AlwaysDefect,D,player_c7198461-9891-46ff-8bc2-bea4935b9b89@localhost,Random,C,10,0,3494,334
651,player_ef604557-c391-410a-bac1-2e6a67423c66@localhost,AlwaysDefect,D,player_c7198461-9891-46ff-8bc2-bea4935b9b89@localhost,Random,C,10,0,3504,334
652,player_ef604557-c391-410a-bac1-2e6a67423c66@localhost,AlwaysDefect,D,player_c7198461-9891-46ff-8bc2-bea4935b9b89@localhost,Random,D,1,1,3505,335
653,player_ef604557-c391-410a-bac1-2e6a67423c66@localhost,AlwaysDefect,D,player_c7198461-9891-46ff-8bc2-bea4935b9b89@localhost,Random,D,1,1,3506,336
654,player_ef604557-c391-410a-bac1-2e6a67423c66@localhost,AlwaysDefect,D,player_c7198461-9891-46ff-8bc2-bea4935b9b89@localhost,Random,C,10,0,3516,336
655,player_ef604557-c391-410a-bac1-2e6a67423c66@localhost,AlwaysDefect,D,player_c7198461-9891-46ff-8bc2-bea4935b9b89@localhost,Random,C,10,0,3526,336
656,player_ef604557-c391-410a-bac1-2e6a67423c66@localhost,AlwaysDefect,D,player_c7198461-9891-46ff-8bc2-bea4935b9b89@localhost,Random,C,10,0,3536,336
657,player_ef604557-c391-410a-bac1-2e6a67423c66@localhost,AlwaysDefect,D,player_c7198461-9891-46ff-8bc2-bea4935b9b89@localhost,Random,C,10,0,3546,336
658,player_ef604557-c391-410a-bac1-2e6a67423c66@localhost,AlwaysDefect,D,player_c7198461-9891-46ff-8bc2-bea4935b9b89@localhost,Random,D,1,1,3547,337
659,player_ef604557-c391-410a-bac1-2e6a67423c66@localhost,AlwaysDefect,D,player_c7198461-9891-46ff-8bc2-bea4935b9b89@localhost,Random,D,1,1,3548,338
660,player_ef604557-c391-410a-bac1-2e6a67423c66@localhost,AlwaysDefect,D,player_c7198461-9891-46ff-8bc2-bea4935b9b89@localhost,Random,D,1,1,3549,339
661,player_ef604557-c391-410a-bac1-2e6a67423c66@localhost,AlwaysDefect,D,player_c7198461-9891-46ff-8bc2-bea4935b9b89@localhost,Random,D,1,1,3550,340
662,player_ef604557-c391-410a-bac1-2e6a67423c66@localhost,AlwaysDefect,D,player_c7198461-9891-46ff-8bc2-bea4935b9b89@localhost,Random,D,1,1,3551,341
663,player_ef604557-c391-410a-bac1-2e6a67423c66@localhost,AlwaysDefect,D,player_c7198461-9891-46ff-8bc2-bea4935b9b89@localhost,Random,C,10,0,3561,341
664,player_ef604557-c391-410a-bac1-2e6a67423c66@localhost,AlwaysDefect,D,player_c7198461-9891-46ff-8bc2-bea4935b9b89@localhost,Random,D,1,1,3562,342
665,player_ef604557-c391-410a-bac1-2e6a67423c66@localhost,AlwaysDefect,D,player_c7198461-9891-46ff-8bc2-bea4935b9b89@localhost,Random,C,10,0,3572,342
666,player_ef604557-c391-410a-bac1-2e6a67423c66@localhost,AlwaysDefect,D,player_c7198461-9891-46ff-8bc2-bea4935b9b89@localhost,Random,C,10,0,3582,342
667,player_ef604557-c391-410a-bac1-2e6a67423c66@localhost,AlwaysDefect,D,player_c7198461-9891-46ff-8bc2-bea4935b9b89@localhost,Random,C,10,0,3592,342
668,player_ef604557-c391-410a-bac1-2e6a67423c66@localhost,AlwaysDefect,D,player_c7198461-9891-46ff-8bc2-bea4935b9b89@localhost,Random,D,1,1,3593,343
669,player_ef604557-c391-410a-bac1-2e6a67423c66@localhost,AlwaysDefect,D,player_c7198461-9891-46ff-8bc2-bea4935b9b89@localhost,Random,C,10,0,3603,343
670,player_ef604557-c391-410a-bac1-2e6a67423c66@localhost,AlwaysDefect,D,player_c7198461-9891-46ff-8bc2-bea4935b9b89@localhost,Random,D,1,1,3604,344
671,player_ef604557-c391-410a-bac1-2e6a67423c66@localhost,AlwaysDefect,D,player_c7198461-9891-46ff-8bc2-bea4935b9b89@localhost,Random,D,1,1,3605,345
672,player_ef604557-c391-410a-bac1-2e6a67423c66@localhost,AlwaysDefect,D,player_c7198461-9891-46ff-8bc2-bea4935b9b89@localhost,Random,D,1,1,3606,346
673,player_ef604557-c391-410a-bac1-2e6a67423c66@localhost,AlwaysDefect,D,player_c7198461-9891-46ff-8bc2-bea4935b9b89@localhost,Random,C,10,0,3616,346
674,player_ef604557-c391-410a-bac1-2e6a67423c66@localhost,AlwaysDefect,D,player_c7198461-9891-46ff-8bc2-bea4935b9b89@localhost,Random,C,10,0,3626,346
675,player_ef604557-c391-410a-bac1-2e6a67423c66@localhost,AlwaysDefect,D,player_c7198461-9891-46ff-8bc2-bea4935b9b89@localhost,Random,D,1,1,3627,347
676,player_ef604557-c391-410a-bac1-2e6a67423c66@localhost,AlwaysDefect,D,player_c7198461-9891-46ff-8bc2-bea4935b9b89@localhost,Random,D,1,1,3628,348
677,player_ef604557-c391-410a-bac1-2e6a67423c66@localhost,AlwaysDefect,D,player_c7198461-9891-46ff-8bc2-bea4935b9b89@localhost,Random,C,10,0,3638,348
678,player_ef604557-c391-410a-bac1-2e6a67423c66@localhost,AlwaysDefect,D,player_c7198461-9891-46ff-8bc2-bea4935b9b89@localhost,Random,D,1,1,3639,349
679,player_ef604557-c391-410a-bac1-2e6a67423c66@localhost,AlwaysDefect,D,player_c7198461-9891-46ff-8bc2-bea4935b9b89@localhost,Random,C,10,0,3649,349
680,player_ef604557-c391-410a-bac1-2e6a67423c66@localhost,AlwaysDefect,D,player_c7198461-9891-46ff-8bc2-bea4935b9b89@localhost,Random,D,1,1,3650,350
681,player_ef604557-c391-410a-bac1-2e6a67423c66@localhost,AlwaysDefect,D,player_c7198461-9891-46ff-8bc2-bea4935b9b89@localhost,Random,D,1,1,3651,351
682,player_ef604557-c391-410a-bac1-2e6a67423c66@localhost,AlwaysDefect,D,player_c7198461-9891-46ff-8bc2-bea4935b9b89@localhost,Random,C,10,0,3661,351
683,player_ef604557-c391-410a-bac1-2e6a67423c66@localhost,AlwaysDefect,D,player_c7198461-9891-46ff-8bc2-bea4935b9b89@localhost,Random,C,10,0,3671,351
684,player_ef604557-c391-410a-bac1-2e6a67423c66@localhost,AlwaysDefect,D,player_c7198461-9891-46ff-8bc2-bea4935b9b89@localhost,Random,D,1,1,3672,352
685,player_ef604557-c391-410a-bac1-2e6a67423c66@localhost,AlwaysDefect,D,player_c7198461-9891-46ff-8bc2-bea4935b9b89@localhost,Random,D,1,1,3673,353
686,player_ef604557-c391-410a-bac1-2e6a67423c66@localhost,AlwaysDefect,D,player_c7198461-9891-46ff-8bc2-bea4935b9b89@localhost,Random,D,1,1,3674,354
687,player_ef604557-c391-410a-bac1-2e6a67423c66@localhost,AlwaysDefect,D,player_c7198461-9891-46ff-8bc2-bea4935b9b89@localhost,Random,D,1,1,3675,355
688,player_ef604557-c391-410a-bac1-2e6a67423c66@localhost,AlwaysDefect,D,player_c7198461-9891-46ff-8bc2-bea4935b9b89@localhost,Random,C,10,0,3685,355
689,player_ef604557-c391-410a-bac1-2e6a67423c66@localhost,AlwaysDefect,D,player_c7198461-9891-46ff-8bc2-bea4935b9b89@localhost,Random,C,10,0,3695,355
690,player_ef604557-c391-410a-bac1-2e6a67423c66@localhost,AlwaysDefect,D,player_c7198461-9891-46ff-8bc2-bea4935b9b89@localhost,Random,C,10,0,3705,355
691,player_ef604557-c391-410a-bac1-2e6a67423c66@localhost,AlwaysDefect,D,player_c7198461-9891-46ff-8bc2-bea4935b9b89@localhost,Random,C,10,0,3715,355
692,player_ef604557-c391-410a-bac1-2e6a67423c66@localhost,AlwaysDefect,D,player_c7198461-9891-46ff-8bc2-bea4935b9b89@localhost,Random,C,10,0,3725,355
693,player_ef604557-c391-410a-bac1-2e6a67423c66@localhost,AlwaysDefect,D,player_c7198461-9891-46ff-8bc2-bea4935b9b89@localhost,Random,D,1,1,3726,356
694,player_ef604557-c391-410a-bac1-2e6a67423c66@localhost,AlwaysDefect,D,player_c7198461-9891-46ff-8bc2-bea4935b9b89@localhost,Random,D,1,1,3727,357
695,player_ef604557-c391-410a-bac1-2e6a67423c66@localhost,AlwaysDefect,D,player_c7198461-9891-46ff-8bc2-bea4935b9b89@localhost,Random,D,1,1,3728,358
696,player_ef604557-c391-410a-bac1-2e6a67423c66@localhost,AlwaysDefect,D,player_c7198461-9891-46ff-8bc2-bea4935b9b89@localhost,Random,D,1,1,3729,359
697,player_ef604557-c391-410a-bac1-2e6a67423c66@localhost,AlwaysDefect,D,player_c7198461-9891-46ff-8bc2-bea4935b9b89@localhost,Random,D,1,1,3730,360
698,player_ef604557-c391-410a-bac1-2e6a67423c66@localhost,AlwaysDefect,D,player_c7198461-9891-46ff-8bc2-bea4935b9b89@localhost,Random,C,10,0,3740,360
699,player_ef604557-c391-410a-bac1-2e6a67423c66@localhost,AlwaysDefect,D,player_c7198461-9891-46ff-8bc2-bea4935b9b89@localhost,Random,C,10,0,3750,360
700,player_ef604557-c391-410a-bac1-2e6a67423c66@localhost,AlwaysDefect,D,player_c7198461-9891-46ff-8bc2-bea4935b9b89@localhost,Random,D,1,1,3751,361
701,player_ef604557-c391-410a-bac1-2e6a67423c66@localhost,AlwaysDefect,D,player_c7198461-9891-46ff-8bc2-bea4935b9b89@localhost,Random,C,10,0,3761,361
702,player_ef604557-c391-410a-bac1-2e6a67423c66@localhost,AlwaysDefect,D,player_c7198461-9891-46ff-8bc2-bea4935b9b89@localhost,Random,D,1,1,3762,362
703,player_ef604557-c391-410a-bac1-2e6a67423c66@localhost,AlwaysDefect,D,player_c7198461-9891-46ff-8bc2-bea4935b9b89@localhost,Random,C,10,0,3772,362
704,player_ef604557-c391-410a-bac1-2e6a67423c66@localhost,AlwaysDefect,D,player_c7198461-9891-46ff-8bc2-bea4935b9b89@localhost,Random,D,1,1,3773,363
705,player_ef604557-c391-410a-bac1-2e6a67423c66@localhost,AlwaysDefect,D,player_c7198461-9891-46ff-8bc2-bea4935b9b89@localhost,Random,C,10,0,3783,363
706,player_ef604557-c391-410a-bac1-2e6a67423c66@localhost,AlwaysDefect,D,player_c7198461-9891-46ff-8bc2-bea4935b9b89@localhost,Random,D,1,1,3784,364
707,player_ef604557-c391-410a-bac1-2e6a67423c66@localhost,AlwaysDefect,D,player_c7198461-9891-46ff-8bc2-bea4935b9b89@localhost,Random,D,1,1,3785,365
708,player_ef604557-c391-410a-bac1-2e6a67423c66@localhost,AlwaysDefect,D,player_c7198461-9891-46ff-8bc2-bea4935b9b89@localhost,Random,C,10,0,3795,365
709,player_ef604557-c391-410a-bac1-2e6a67423c66@localhost,AlwaysDefect,D,player_c7198461-9891-46ff-8bc2-bea4935b9b89@localhost,Random,C,10,0,3805,365
710,player_ef604557-c391-410a-bac1-2e6a67423c66@localhost,AlwaysDefect,D,player_c7198461-9891-46ff-8bc2-bea4935b9b89@localhost,Random,D,1,1,3806,366
711,player_ef604557-c391-410a-bac1-2e6a67423c66@localhost,AlwaysDefect,D,player_c7198461-9891-46ff-8bc2-bea4935b9b89@localhost,Random,D,1,1,3807,367
712,player_ef604557-c391-410a-bac1-2e6a67423c66@localhost,AlwaysDefect,D,player_c7198461-9891-46ff-8bc2-bea4935b9b89@localhost,Random,D,1,1,3808,368
713,player_ef604557-c391-410a-bac1-2e6a67423c66@localhost,AlwaysDefect,D,player_c7198461-9891-46ff-8bc2-bea4935b9b89@localhost,Random,C,10,0,3818,368
714,player_ef604557-c391-410a-bac1-2e6a67423c66@localhost,AlwaysDefect,D,player_c7198461-9891-46ff-8bc2-bea4935b9b89@localhost,Random,C,10,0,3828,368
715,player_ef604557-c391-410a-bac1-2e6a67423c66@localhost,AlwaysDefect,D,player_c7198461-9891-46ff-8bc2-bea4935b9b89@localhost,Random,D,1,1,3829,369
716,player_ef604557-c391-410a-bac1-2e6a67423c66@localhost,AlwaysDefect,D,player_c7198461-9891-46ff-8bc2-bea4935b9b89@localhost,Random,D,1,1,3830,370
717,player_ef604557-c391-410a-bac1-2e6a67423c66@localhost,AlwaysDefect,D,player_c7198461-9891-46ff-8bc2-bea4935b9b89@localhost,Random,C,10,0,3840,370
718,player_ef604557-c391-410a-bac1-2e6a67423c66@localhost,AlwaysDefect,D,player_c7198461-9891-46ff-8bc2-bea4935b9b89@localhost,Random,D,1,1,3841,371
719,player_ef604557-c391-410a-bac1-2e6a67423c66@localhost,AlwaysDefect,D,player_c7198461-9891-46ff-8bc2-bea4935b9b89@localhost,Random,D,1,1,3842,372
720,player_ef604557-c391-410a-bac1-2e6a67423c66@localhost,AlwaysDefect,D,player_c7198461-9891-46ff-8bc2-bea4935b9b89@localhost,Random,D,1,1,3843,373
721,player_ef604557-c391-410a-bac1-2e6a67423c66@localhost,AlwaysDefect,D,player_c7198461-9891-46ff-8bc2-bea4935b9b89@localhost,Random,C,10,0,3853,373
722,player_ef604557-c391-410a-bac1-2e6a67423c66@localhost,AlwaysDefect,D,player_c7198461-9891-46ff-8bc2-bea4935b9b89@localhost,Random,C,10,0,3863,373
723,player_ef604557-c391-410a-bac1-2e6a67423c66@localhost,AlwaysDefect,D,player_c7198461-9891-46ff-8bc2-bea4935b9b89@localhost,Random,D,1,1,3864,374
724,player_ef604557-c391-410a-bac1-2e6a67423c66@localhost,AlwaysDefect,D,player_c7198461-9891-46ff-8bc2-bea4935b9b89@localhost,Random,D,1,1,3865,375
725,player_ef604557-c391-410a-bac1-2e6a67423c66@localhost,AlwaysDefect,D,player_c7198461-9891-46ff-8bc2-bea4935b9b89@localhost,Random,C,10,0,3875,375
726,player_ef604557-c391-410a-bac1-2e6a67423c66@localhost,AlwaysDefect,D,player_c7198461-9891-46ff-8bc2-bea4935b9b89@localhost,Random,C,10,0,3885,375
727,player_ef604557-c391-410a-bac1-2e6a67423c66@localhost,AlwaysDefect,D,player_c7198461-9891-46ff-8bc2-bea4935b9b89@localhost,Random,C,10,0,3895,375
728,player_ef604557-c391-410a-bac1-2e6a67423c66@localhost,AlwaysDefect,D,player_c7198461-9891-46ff-8bc2-bea4935b9b89@localhost,Random,D,1,1,3896,376
729,player_ef604557-c391-410a-bac1-2e6a67423c66@localhost,AlwaysDefect,D,player_c7198461-9891-46ff-8bc2-bea4935b9b89@localhost,Random,C,10,0,3906,376
730,player_ef604557-c391-410a-bac1-2e6a67423c66@localhost,AlwaysDefect,D,player_c7198461-9891-46ff-8bc2-bea4935b9b89@localhost,Random,C,10,0,3916,376
731,player_ef604557-c391-410a-bac1-2e6a67423c66@localhost,AlwaysDefect,D,player_c7198461-9891-46ff-8bc2-bea4935b9b89@localhost,Random,C,10,0,3926,376
732,player_ef604557-c391-410a-bac1-2e6a67423c66@localhost,AlwaysDefect,D,player_c7198461-9891-46ff-8bc2-bea4935b9b89@localhost,Random,D,1,1,3927,377
733,player_ef604557-c391-410a-bac1-2e6a67423c66@localhost,AlwaysDefect,D,player_c7198461-9891-46ff-8bc2-bea4935b9b89@localhost,Random,D,1,1,3928,378
734,player_ef604557-c391-410a-bac1-2e6a67423c66@localhost,AlwaysDefect,D,player_c7198461-9891-46ff-8bc2-bea4935b9b89@localhost,Random,C,10,0,3938,378
735,player_ef604557-c391-410a-bac1-2e6a67423c66@localhost,AlwaysDefect,D,player_c7198461-9891-46ff-8bc2-bea4935b9b89@localhost,Random,D,1,1,3939,379
736,player_ef604557-c391-410a-bac1-2e6a67423c66@localhost,AlwaysDefect,D,player_c7198461-9891-46ff-8bc2-bea4935b9b89@localhost,Random,D,1,1,3940,380
737,player_ef604557-c391-410a-bac1-2e6a67423c66@localhost,AlwaysDefect,D,player_c7198461-9891-46ff-8bc2-bea4935b9b89@localhost,Random,C,10,0,3950,380
738,player_ef604557-c391-410a-bac1-2e6a67423c66@localhost,AlwaysDefect,D,player_c7198461-9891-46ff-8bc2-bea4935b9b89@localhost,Random,D,1,1,3951,381
739,player_ef604557-c391-410a-bac1-2e6a67423c66@localhost,AlwaysDefect,D,player_c7198461-9891-46ff-8bc2-bea4935b9b89@localhost,Random,C,10,0,3961,381
740,player_ef604557-c391-410a-bac1-2e6a67423c66@localhost,AlwaysDefect,D,player_c7198461-9891-46ff-8bc2-bea4935b9b89@localhost,Random,C,10,0,3971,381
741,player_ef604557-c391-410a-bac1-2e6a67423c66@localhost,AlwaysDefect,D,player_c7198461-9891-46ff-8bc2-bea4935b9b89@localhost,Random,C,10,0,3981,381
742,player_ef604557-c391-410a-bac1-2e6a67423c66@localhost,AlwaysDefect,D,player_c7198461-9891-46ff-8bc2-bea4935b9b89@localhost,Random,D,1,1,3982,382
743,player_ef604557-c391-410a-bac1-2e6a67423c66@localhost,AlwaysDefect,D,player_c7198461-9891-46ff-8bc2-bea4935b9b89@localhost,Random,D,1,1,3983,383
744,player_ef604557-c391-410a-bac1-2e6a67423c66@localhost,AlwaysDefect,D,player_c7198461-9891-46ff-8bc2-bea4935b9b89@localhost,Random,C,10,0,3993,383
745,player_ef604557-c391-410a-bac1-2e6a67423c66@localhost,AlwaysDefect,D,player_c7198461-9891-46ff-8bc2-bea4935b9b89@localhost,Random,C,10,0,4003,383
746,player_ef604557-c391-410a-bac1-2e6a67423c66@localhost,AlwaysDefect,D,player_c7198461-9891-46ff-8bc2-bea4935b9b89@localhost,Random,D,1,1,4004,384
747,player_ef604557-c391-410a-bac1-2e6a67423c66@localhost,AlwaysDefect,D,player_c7198461-9891-46ff-8bc2-bea4935b9b89@localhost,Random,C,10,0,4014,384
748,player_ef604557-c391-410a-bac1-2e6a67423c66@localhost,AlwaysDefect,D,player_c7198461-9891-46ff-8bc2-bea4935b9b89@localhost,Random,D,1,1,4015,385
749,player_ef604557-c391-410a-bac1-2e6a67423c66@localhost,AlwaysDefect,D,player_c7198461-9891-46ff-8bc2-bea4935b9b89@localhost,Random,C,10,0,4025,385
750,player_ef604557-c391-410a-bac1-2e6a67423c66@localhost,AlwaysDefect,D,player_c7198461-9891-46ff-8bc2-bea4935b9b89@localhost,Random,C,10,0,4035,385
751,player_ef604557-c391-410a-bac1-2e6a67423c66@localhost,AlwaysDefect,D,player_c7198461-9891-46ff-8bc2-bea4935b9b89@localhost,Random,C,10,0,4045,385
752,player_ef604557-c391-410a-bac1-2e6a67423c66@localhost,AlwaysDefect,D,player_c7198461-9891-46ff-8bc2-bea4935b9b89@localhost,Random,C,10,0,4055,385
753,player_ef604557-c391-410a-bac1-2e6a67423c66@localhost,AlwaysDefect,D,player_c7198461-9891-46ff-8bc2-bea4935b9b89@localhost,Random,D,1,1,4056,386
754,player_ef604557-c391-410a-bac1-2e6a67423c66@localhost,AlwaysDefect,D,player_c7198461-9891-46ff-8bc2-bea4935b9b89@localhost,Random,C,10,0,4066,386
755,player_ef604557-c391-410a-bac1-2e6a67423c66@localhost,AlwaysDefect,D,player_c7198461-9891-46ff-8bc2-bea4935b9b89@localhost,Random,D,1,1,4067,387
756,player_ef604557-c391-410a-bac1-2e6a67423c66@localhost,AlwaysDefect,D,player_c7198461-9891-46ff-8bc2-bea4935b9b89@localhost,Random,C,10,0,4077,387
757,player_ef604557-c391-410a-bac1-2e6a67423c66@localhost,AlwaysDefect,D,player_c7198461-9891-46ff-8bc2-bea4935b9b89@localhost,Random,C,10,0,4087,387
758,player_ef604557-c391-410a-bac1-2e6a67423c66@localhost,AlwaysDefect,D,player_c7198461-9891-46ff-8bc2-bea4935b9b89@localhost,Random,D,1,1,4088,388
759,player_ef604557-c391-410a-bac1-2e6a67423c66@localhost,AlwaysDefect,D,player_c7198461-9891-46ff-8bc2-bea4935b9b89@localhost,Random,C,10,0,4098,388
760,player_ef604557-c391-410a-bac1-2e6a67423c66@localhost,AlwaysDefect,D,player_c7198461-9891-46ff-8bc2-bea4935b9b89@localhost,Random,D,1,1,4099,389
761,player_ef604557-c391-410a-bac1-2e6a67423c66@localhost,AlwaysDefect,D,player_c7198461-9891-46ff-8bc2-bea4935b9b89@localhost,Random,C,10,0,4109,389
762,player_ef604557-c391-410a-bac1-2e6a67423c66@localhost,AlwaysDefect,D,player_c7198461-9891-46ff-8bc2-bea4935b9b89@localhost,Random,C,10,0,4119,389
763,player_ef604557-c391-410a-bac1-2e6a67423c66@localhost,AlwaysDefect,D,player_c7198461-9891-46ff-8bc2-bea4935b9b89@localhost,Random,D,1,1,4120,390
764,player_ef604557-c391-410a-bac1-2e6a67423c66@localhost,AlwaysDefect,D,player_c7198461-9891-46ff-8bc2-bea4935b9b89@localhost,Random,D,1,1,4121,391
765,player_ef604557-c391-410a-bac1-2e6a67423c66@localhost,AlwaysDefect,D,player_c7198461-9891-46ff-8bc2-bea4935b9b89@localhost,Random,C,10,0,4131,391
766,player_ef604557-c391-410a-bac1-2e6a67423c66@localhost,AlwaysDefect,D,player_c7198461-9891-46ff-8bc2-bea4935b9b89@localhost,Random,C,10,0,4141,391
767,player_ef604557-c391-410a-bac1-2e6a67423c66@localhost,AlwaysDefect,D,player_c7198461-9891-46ff-8bc2-bea4935b9b89@localhost,Random,C,10,0,4151,391
768,player_ef604557-c391-410a-bac1-2e6a67423c66@localhost,AlwaysDefect,D,player_c7198461-9891-46ff-8bc2-bea4935b9b89@localhost,Random,D,1,1,4152,392
769,player_ef604557-c391-410a-bac1-2e6a67423c66@localhost,AlwaysDefect,D,player_c7198461-9891-46ff-8bc2-bea4935b9b89@localhost,Random,D,1,1,4153,393
770,player_ef604557-c391-410a-bac1-2e6a67423c66@localhost,AlwaysDefect,D,player_c7198461-9891-46ff-8bc2-bea4935b9b89@localhost,Random,C,10,0,4163,393
771,player_ef604557-c391-410a-bac1-2e6a67423c66@localhost,AlwaysDefect,D,player_c7198461-9891-46ff-8bc2-bea4935b9b89@localhost,Random,D,1,1,4164,394
772,player_ef604557-c391-410a-bac1-2e6a67423c66@localhost,AlwaysDefect,D,player_c7198461-9891-46ff-8bc2-bea4935b9b89@localhost,Random,D,1,1,4165,395
773,player_ef604557-c391-410a-bac1-2e6a67423c66@localhost,AlwaysDefect,D,player_c7198461-9891-46ff-8bc2-bea4935b9b89@localhost,Random,D,1,1,4166,396
774,player_ef604557-c391-410a-bac1-2e6a67423c66@localhost,AlwaysDefect,D,player_c7198461-9891-46ff-8bc2-bea4935b9b89@localhost,Random,D,1,1,4167,397
775,player_ef604557-c391-410a-bac1-2e6a67423c66@localhost,AlwaysDefect,D,player_c7198461-9891-46ff-8bc2-bea4935b9b89@localhost,Random,D,1,1,4168,398
776,player_ef604557-c391-410a-bac1-2e6a67423c66@localhost,AlwaysDefect,D,player_c7198461-9891-46ff-8bc2-bea4935b9b89@localhost,Random,C,10,0,4178,398
777,player_ef604557-c391-410a-bac1-2e6a67423c66@localhost,AlwaysDefect,D,player_c7198461-9891-46ff-8bc2-bea4935b9b89@localhost,Random,D,1,1,4179,399
778,player_ef604557-c391-410a-bac1-2e6a67423c66@localhost,AlwaysDefect,D,player_c7198461-9891-46ff-8bc2-bea4935b9b89@localhost,Random,D,1,1,4180,400
779,player_ef604557-c391-410a-bac1-2e6a67423c66@localhost,AlwaysDefect,D,player_c7198461-9891-46ff-8bc2-bea4935b9b89@localhost,Random,D,1,1,4181,401
780,player_ef604557-c391-410a-bac1-2e6a67423c66@localhost,AlwaysDefect,D,player_c7198461-9891-46ff-8bc2-bea4935b9b89@localhost,Random,C,10,0,4191,401
781,player_ef604557-c391-410a-bac1-2e6a67423c66@localhost,AlwaysDefect,D,player_c7198461-9891-46ff-8bc2-bea4935b9b89@localhost,Random,D,1,1,4192,402
782,player_ef604557-c391-410a-bac1-2e6a67423c66@localhost,AlwaysDefect,D,player_c7198461-9891-46ff-8bc2-bea4935b9b89@localhost,Random,D,1,1,4193,403
783,player_ef604557-c391-410a-bac1-2e6a67423c66@localhost,AlwaysDefect,D,player_c7198461-9891-46ff-8bc2-bea4935b9b89@localhost,Random,C,10,0,4203,403
784,player_ef604557-c391-410a-bac1-2e6a67423c66@localhost,AlwaysDefect,D,player_c7198461-9891-46ff-8bc2-bea4935b9b89@localhost,Random,D,1,1,4204,404
785,player_ef604557-c391-410a-bac1-2e6a67423c66@localhost,AlwaysDefect,D,player_c7198461-9891-46ff-8bc2-bea4935b9b89@localhost,Random,C,10,0,4214,404
786,player_ef604557-c391-410a-bac1-2e6a67423c66@localhost,AlwaysDefect,D,player_c7198461-9891-46ff-8bc2-bea4935b9b89@localhost,Random,D,1,1,4215,405
787,player_ef604557-c391-410a-bac1-2e6a67423c66@localhost,AlwaysDefect,D,player_c7198461-9891-46ff-8bc2-bea4935b9b89@localhost,Random,D,1,1,4216,406
788,player_ef604557-c391-410a-bac1-2e6a67423c66@localhost,AlwaysDefect,D,player_c7198461-9891-46ff-8bc2-bea4935b9b89@localhost,Random,D,1,1,4217,407
789,player_ef604557-c391-410a-bac1-2e6a67423c66@localhost,AlwaysDefect,D,player_c7198461-9891-46ff-8bc2-bea4935b9b89@localhost,Random,C,10,0,4227,407
790,player_ef604557-c391-410a-bac1-2e6a67423c66@localhost,AlwaysDefect,D,player_c7198461-9891-46ff-8bc2-bea4935b9b89@localhost,Random,C,10,0,4237,407
791,player_ef604557-c391-410a-bac1-2e6a67423c66@localhost,AlwaysDefect,D,player_c7198461-9891-46ff-8bc2-bea4935b9b89@localhost,Random,C,10,0,4247,407
792,player_ef604557-c391-410a-bac1-2e6a67423c66@localhost,AlwaysDefect,D,player_c7198461-9891-46ff-8bc2-bea4935b9b89@localhost,Random,D,1,1,4248,408
793,player_ef604557-c391-410a-bac1-2e6a67423c66@localhost,AlwaysDefect,D,player_c7198461-9891-46ff-8bc2-bea4935b9b89@localhost,Random,D,1,1,4249,409
794,player_ef604557-c391-410a-bac1-2e6a67423c66@localhost,AlwaysDefect,D,player_c7198461-9891-46ff-8bc2-bea4935b9b89@localhost,Random,C,10,0,4259,409
795,player_ef604557-c391-410a-bac1-2e6a67423c66@localhost,AlwaysDefect,D,player_c7198461-9891-46ff-8bc2-bea4935b9b89@localhost,Random,C,10,0,4269,409
796,player_ef604557-c391-410a-bac1-2e6a67423c66@localhost,AlwaysDefect,D,player_c7198461-9891-46ff-8bc2-bea4935b9b89@localhost,Random,C,10,0,4279,409
797,player_ef604557-c391-410a-bac1-2e6a67423c66@localhost,AlwaysDefect,D,player_c7198461-9891-46ff-8bc2-bea4935b9b89@localhost,Random,D,1,1,4280,410
798,player_ef604557-c391-410a-bac1-2e6a67423c66@localhost,AlwaysDefect,D,player_c7198461-9891-46ff-8bc2-bea4935b9b89@localhost,Random,C,10,0,4290,410
799,player_ef604557-c391-410a-bac1-2e6a67423c66@localhost,AlwaysDefect,D,player_c7198461-9891-46ff-8bc2-bea4935b9b89@localhost,Random,C,10,0,4300,410
800,player_ef604557-c391-410a-bac1-2e6a67423c66@localhost,AlwaysDefect,D,player_c7198461-9891-46ff-8bc2-bea4935b9b89@localhost,Random,D,1,1,4301,411
801,player_ef604557-c391-410a-bac1-2e6a67423c66@localhost,AlwaysDefect,D,player_c7198461-9891-46ff-8bc2-bea4935b9b89@localhost,Random,D,1,1,4302,412
802,player_ef604557-c391-410a-bac1-2e6a67423c66@localhost,AlwaysDefect,D,player_c7198461-9891-46ff-8bc2-bea4935b9b89@localhost,Random,D,1,1,4303,413
803,player_ef604557-c391-410a-bac1-2e6a67423c66@localhost,AlwaysDefect,D,player_c7198461-9891-46ff-8bc2-bea4935b9b89@localhost,Random,D,1,1,4304,414
804,player_ef604557-c391-410a-bac1-2e6a67423c66@localhost,AlwaysDefect,D,player_c7198461-9891-46ff-8bc2-bea4935b9b89@localhost,Random,C,10,0,4314,414
805,player_ef604557-c391-410a-bac1-2e6a67423c66@localhost,AlwaysDefect,D,player_c7198461-9891-46ff-8bc2-bea4935b9b89@localhost,Random,C,10,0,4324,414
806,player_ef604557-c391-410a-bac1-2e6a67423c66@localhost,AlwaysDefect,D,player_c7198461-9891-46ff-8bc2-bea4935b9b89@localhost,Random,D,1,1,4325,415
807,player_ef604557-c391-410a-bac1-2e6a67423c66@localhost,AlwaysDefect,D,player_c7198461-9891-46ff-8bc2-bea4935b9b89@localhost,Random,D,1,1,4326,416
808,player_ef604557-c391-410a-bac1-2e6a67423c66@localhost,AlwaysDefect,D,player_c7198461-9891-46ff-8bc2-bea4935b9b89@localhost,Random,C,10,0,4336,416
809,player_ef604557-c391-410a-bac1-2e6a67423c66@localhost,AlwaysDefect,D,player_c7198461-9891-46ff-8bc2-bea4935b9b89@localhost,Random,C,10,0,4346,416
810,player_ef604557-c391-410a-bac1-2e6a67423c66@localhost,AlwaysDefect,D,player_c7198461-9891-46ff-8bc2-bea4935b9b89@localhost,Random,C,10,0,4356,416
811,player_ef604557-c391-410a-bac1-2e6a67423c66@localhost,AlwaysDefect,D,player_c7198461-9891-46ff-8bc2-bea4935b9b89@localhost,Random,D,1,1,4357,417
812,player_ef604557-c391-410a-bac1-2e6a67423c66@localhost,AlwaysDefect,D,player_c7198461-9891-46ff-8bc2-bea4935b9b89@localhost,Random,C,10,0,4367,417
813,player_ef604557-c391-410a-bac1-2e6a67423c66@localhost,AlwaysDefect,D,player_c7198461-9891-46ff-8bc2-bea4935b9b89@localhost,Random,C,10,0,4377,417
814,player_ef604557-c391-410a-bac1-2e6a67423c66@localhost,AlwaysDefect,D,player_c7198461-9891-46ff-8bc2-bea4935b9b89@localhost,Random,C,10,0,4387,417
815,player_ef604557-c391-410a-bac1-2e6a67423c66@localhost,AlwaysDefect,D,player_c7198461-9891-46ff-8bc2-bea4935b9b89@localhost,Random,C,10,0,4397,417
816,player_ef604557-c391-410a-bac1-2e6a67423c66@localhost,AlwaysDefect,D,player_c7198461-9891-46ff-8bc2-bea4935b9b89@localhost,Random,C,10,0,4407,417
817,player_ef604557-c391-410a-bac1-2e6a67423c66@localhost,AlwaysDefect,D,player_c7198461-9891-46ff-8bc2-bea4935b9b89@localhost,Random,D,1,1,4408,418
818,player_ef604557-c391-410a-bac1-2e6a67423c66@localhost,AlwaysDefect,D,player_c7198461-9891-46ff-8bc2-bea4935b9b89@localhost,Random,C,10,0,4418,418
819,player_ef604557-c391-410a-bac1-2e6a67423c66@localhost,AlwaysDefect,D,player_c7198461-9891-46ff-8bc2-bea4935b9b89@localhost,Random,D,1,1,4419,419
820,player_ef604557-c391-410a-bac1-2e6a67423c66@localhost,AlwaysDefect,D,player_c7198461-9891-46ff-8bc2-bea4935b9b89@localhost,Random,C,10,0,4429,419
821,player_ef604557-c391-410a-bac1-2e6a67423c66@localhost,AlwaysDefect,D,player_c7198461-9891-46ff-8bc2-bea4935b9b89@localhost,Random,D,1,1,4430,420
822,player_ef604557-c391-410a-bac1-2e6a67423c66@localhost,AlwaysDefect,D,player_c7198461-9891-46ff-8bc2-bea4935b9b89@localhost,Random,C,10,0,4440,420
823,player_ef604557-c391-410a-bac1-2e6a67423c66@localhost,AlwaysDefect,D,player_c7198461-9891-46ff-8bc2-bea4935b9b89@localhost,Random,C,10,0,4450,420
824,player_ef604557-c391-410a-bac1-2e6a67423c66@localhost,AlwaysDefect,D,player_c7198461-9891-46ff-8bc2-bea4935b9b89@localhost,Random,C,10,0,4460,420
825,player_ef604557-c391-410a-bac1-2e6a67423c66@localhost,AlwaysDefect,D,player_c7198461-9891-46ff-8bc2-bea4935b9b89@localhost,Random,D,1,1,4461,421
826,player_ef604557-c391-410a-bac1-2e6a67423c66@localhost,AlwaysDefect,D,player_c7198461-9891-46ff-8bc2-bea4935b9b89@localhost,Random,D,1,1,4462,422
827,player_ef604557-c391-410a-bac1-2e6a67423c66@localhost,AlwaysDefect,D,player_c7198461-9891-46ff-8bc2-bea4935b9b89@localhost,Random,C,10,0,4472,422
828,player_ef604557-c391-410a-bac1-2e6a67423c66@localhost,AlwaysDefect,D,player_c7198461-9891-46ff-8bc2-bea4935b9b89@localhost,Random,C,10,0,4482,422
829,player_ef604557-c391-410a-bac1-2e6a67423c66@localhost,AlwaysDefect,D,player_c7198461-9891-46ff-8bc2-bea4935b9b89@localhost,Random,C,10,0,4492,422
830,player_ef604557-c391-410a-bac1-2e6a67423c66@localhost,AlwaysDefect,D,player_c7198461-9891-46ff-8bc2-bea4935b9b89@localhost,Random,D,1,1,4493,423
831,player_ef604557-c391-410a-bac1-2e6a67423c66@localhost,AlwaysDefect,D,player_c7198461-9891-46ff-8bc2-bea4935b9b89@localhost,Random,C,10,0,4503,423
832,player_ef604557-c391-410a-bac1-2e6a67423c66@localhost,AlwaysDefect,D,player_c7198461-9891-46ff-8bc2-bea4935b9b89@localhost,Random,D,1,1,4504,424
833,player_ef604557-c391-410a-bac1-2e6a67423c66@localhost,AlwaysDefect,D,player_c7198461-9891-46ff-8bc2-bea4935b9b89@localhost,Random,D,1,1,4505,425
834,player_ef604557-c391-410a-bac1-2e6a67423c66@localhost,AlwaysDefect,D,player_c7198461-9891-46ff-8bc2-bea4935b9b89@localhost,Random,D,1,1,4506,426
835,player_ef604557-c391-410a-bac1-2e6a67423c66@localhost,AlwaysDefect,D,player_c7198461-9891-46ff-8bc2-bea4935b9b89@localhost,Random,D,1,1,4507,427
836,player_ef604557-c391-410a-bac1-2e6a67423c66@localhost,AlwaysDefect,D,player_c7198461-9891-46ff-8bc2-bea4935b9b89@localhost,Random,C,10,0,4517,427
837,player_ef604557-c391-410a-bac1-2e6a67423c66@localhost,AlwaysDefect,D,player_c7198461-9891-46ff-8bc2-bea4935b9b89@localhost,Random,D,1,1,4518,428
838,player_ef604557-c391-410a-bac1-2e6a67423c66@localhost,AlwaysDefect,D,player_c7198461-9891-46ff-8bc2-bea4935b9b89@localhost,Random,D,1,1,4519,429
839,player_ef604557-c391-410a-bac1-2e6a67423c66@localhost,AlwaysDefect,D,player_c7198461-9891-46ff-8bc2-bea4935b9b89@localhost,Random,C,10,0,4529,429
840,player_ef604557-c391-410a-bac1-2e6a67423c66@localhost,AlwaysDefect,D,player_c7198461-9891-46ff-8bc2-bea4935b9b89@localhost,Random,D,1,1,4530,430
841,player_ef604557-c391-410a-bac1-2e6a67423c66@localhost,AlwaysDefect,D,player_c7198461-9891-46ff-8bc2-bea4935b9b89@localhost,Random,C,10,0,4540,430
842,player_ef604557-c391-410a-bac1-2e6a67423c66@localhost,AlwaysDefect,D,player_c7198461-9891-46ff-8bc2-bea4935b9b89@localhost,Random,C,10,0,4550,430
843,player_ef604557-c391-410a-bac1-2e6a67423c66@localhost,AlwaysDefect,D,player_c7198461-9891-46ff-8bc2-bea4935b9b89@localhost,Random,C,10,0,4560,430
844,player_ef604557-c391-410a-bac1-2e6a67423c66@localhost,AlwaysDefect,D,player_c7198461-9891-46ff-8bc2-bea4935b9b89@localhost,Random,D,1,1,4561,431
845,player_ef604557-c391-410a-bac1-2e6a67423c66@localhost,AlwaysDefect,D,player_c7198461-9891-46ff-8bc2-bea4935b9b89@localhost,Random,D,1,1,4562,432
846,player_ef604557-c391-410a-bac1-2e6a67423c66@localhost,AlwaysDefect,D,player_c7198461-9891-46ff-8bc2-bea4935b9b89@localhost,Random,C,10,0,4572,432
847,player_ef604557-c391-410a-bac1-2e6a67423c66@localhost,AlwaysDefect,D,player_c7198461-9891-46ff-8bc2-bea4935b9b89@localhost,Random,D,1,1,4573,433
848,player_ef604557-c391-410a-bac1-2e6a67423c66@localhost,AlwaysDefect,D,player_c7198461-9891-46ff-8bc2-bea4935b9b89@localhost,Random,C,10,0,4583,433
849,player_ef604557-c391-410a-bac1-2e6a67423c66@localhost,AlwaysDefect,D,player_c7198461-9891-46ff-8bc2-bea4935b9b89@localhost,Random,C,10,0,4593,433
850,player_ef604557-c391-410a-bac1-2e6a67423c66@localhost,AlwaysDefect,D,player_c7198461-9891-46ff-8bc2-bea4935b9b89@localhost,Random,D,1,1,4594,434
851,player_ef604557-c391-410a-bac1-2e6a67423c66@localhost,AlwaysDefect,D,player_c7198461-9891-46ff-8bc2-bea4935b9b89@localhost,Random,D,1,1,4595,435
852,player_ef604557-c391-410a-bac1-2e6a67423c66@localhost,AlwaysDefect,D,player_c7198461-9891-46ff-8bc2-bea4935b9b89@localhost,Random,C,10,0,4605,435
853,player_ef604557-c391-410a-bac1-2e6a67423c66@localhost,AlwaysDefect,D,player_c7198461-9891-46ff-8bc2-bea4935b9b89@localhost,Random,D,1,1,4606,436
854,player_ef604557-c391-410a-bac1-2e6a67423c66@localhost,AlwaysDefect,D,player_c7198461-9891-46ff-8bc2-bea4935b9b89@localhost,Random,C,10,0,4616,436
855,player_ef604557-c391-410a-bac1-2e6a67423c66@localhost,AlwaysDefect,D,player_c7198461-9891-46ff-8bc2-bea4935b9b89@localhost,Random,C,10,0,4626,436
856,player_ef604557-c391-410a-bac1-2e6a67423c66@localhost,AlwaysDefect,D,player_c7198461-9891-46ff-8bc2-bea4935b9b89@localhost,Random,D,1,1,4627,437
857,player_ef604557-c391-410a-bac1-2e6a67423c66@localhost,AlwaysDefect,D,player_c7198461-9891-46ff-8bc2-bea4935b9b89@localhost,Random,C,10,0,4637,437
858,player_ef604557-c391-410a-bac1-2e6a67423c66@localhost,AlwaysDefect,D,player_c7198461-9891-46ff-8bc2-bea4935b9b89@localhost,Random,C,10,0,4647,437
859,player_ef604557-c391-410a-bac1-2e6a67423c66@localhost,AlwaysDefect,D,player_c7198461-9891-46ff-8bc2-bea4935b9b89@localhost,Random,C,10,0,4657,437
860,player_ef604557-c391-410a-bac1-2e6a67423c66@localhost,AlwaysDefect,D,player_c7198461-9891-46ff-8bc2-bea4935b9b89@localhost,Random,C,10,0,4667,437
861,player_ef604557-c391-410a-bac1-2e6a67423c66@localhost,AlwaysDefect,D,player_c7198461-9891-46ff-8bc2-bea4935b9b89@localhost,Random,C,10,0,4677,437
862,player_ef604557-c391-410a-bac1-2e6a67423c66@localhost,AlwaysDefect,D,player_c7198461-9891-46ff-8bc2-bea4935b9b89@localhost,Random,C,10,0,4687,437
863,player_ef604557-c391-410a-bac1-2e6a67423c66@localhost,AlwaysDefect,D,player_c7198461-9891-46ff-8bc2-bea4935b9b89@localhost,Random,D,1,1,4688,438
864,player_ef604557-c391-410a-bac1-2e6a67423c66@localhost,AlwaysDefect,D,player_c7198461-9891-46ff-8bc2-bea4935b9b89@localhost,Random,D,1,1,4689,439
865,player_ef604557-c391-410a-bac1-2e6a67423c66@localhost,AlwaysDefect,D,player_c7198461-9891-46ff-8bc2-bea4935b9b89@localhost,Random,C,10,0,4699,439
866,player_ef604557-c391-410a-bac1-2e6a67423c66@localhost,AlwaysDefect,D,player_c7198461-9891-46ff-8bc2-bea4935b9b89@localhost,Random,D,1,1,4700,440
867,player_ef604557-c391-410a-bac1-2e6a67423c66@localhost,AlwaysDefect,D,player_c7198461-9891-46ff-8bc2-bea4935b9b89@localhost,Random,D,1,1,4701,441
868,player_ef604557-c391-410a-bac1-2e6a67423c66@localhost,AlwaysDefect,D,player_c7198461-9891-46ff-8bc2-bea4935b9b89@localhost,Random,C,10,0,4711,441
869,player_ef604557-c391-410a-bac1-2e6a67423c66@localhost,AlwaysDefect,D,player_c7198461-9891-46ff-8bc2-bea4935b9b89@localhost,Random,C,10,0,4721,441
870,player_ef604557-c391-410a-bac1-2e6a67423c66@localhost,AlwaysDefect,D,player_c7198461-9891-46ff-8bc2-bea4935b9b89@localhost,Random,D,1,1,4722,442
871,player_ef604557-c391-410a-bac1-2e6a67423c66@localhost,AlwaysDefect,D,player_c7198461-9891-46ff-8bc2-bea4935b9b89@localhost,Random,D,1,1,4723,443
872,player_ef604557-c391-410a-bac1-2e6a67423c66@localhost,AlwaysDefect,D,player_c7198461-9891-46ff-8bc2-bea4935b9b89@localhost,Random,D,1,1,4724,444
873,player_ef604557-c391-410a-bac1-2e6a67423c66@localhost,AlwaysDefect,D,player_c7198461-9891-46ff-8bc2-bea4935b9b89@localhost,Random,D,1,1,4725,445
874,player_ef604557-c391-410a-bac1-2e6a67423c66@localhost,AlwaysDefect,D,player_c7198461-9891-46ff-8bc2-bea4935b9b89@localhost,Random,C,10,0,4735,445
875,player_ef604557-c391-410a-bac1-2e6a67423c66@localhost,AlwaysDefect,D,player_c7198461-9891-46ff-8bc2-bea4935b9b89@localhost,Random,C,10,0,4745,445
876,player_ef604557-c391-410a-bac1-2e6a67423c66@localhost,AlwaysDefect,D,player_c7198461-9891-46ff-8bc2-bea4935b9b89@localhost,Random,C,10,0,4755,445
877,player_ef604557-c391-410a-bac1-2e6a67423c66@localhost,AlwaysDefect,D,player_c7198461-9891-46ff-8bc2-bea4935b9b89@localhost,Random,D,1,1,4756,446
878,player_ef604557-c391-410a-bac1-2e6a67423c66@localhost,AlwaysDefect,D,player_c7198461-9891-46ff-8bc2-bea4935b9b89@localhost,Random,D,1,1,4757,447
879,player_ef604557-c391-410a-bac1-2e6a67423c66@localhost,AlwaysDefect,D,player_c7198461-9891-46ff-8bc2-bea4935b9b89@localhost,Random,D,1,1,4758,448
880,player_ef604557-c391-410a-bac1-2e6a67423c66@localhost,AlwaysDefect,D,player_c7198461-9891-46ff-8bc2-bea4935b9b89@localhost,Random,D,1,1,4759,449
881,player_ef604557-c391-410a-bac1-2e6a67423c66@localhost,AlwaysDefect,D,player_c7198461-9891-46ff-8bc2-bea4935b9b89@localhost,Random,D,1,1,4760,450
882,player_ef604557-c391-410a-bac1-2e6a67423c66@localhost,AlwaysDefect,D,player_c7198461-9891-46ff-8bc2-bea4935b9b89@localhost,Random,D,1,1,4761,451
883,player_ef604557-c391-410a-bac1-2e6a67423c66@localhost,AlwaysDefect,D,player_c7198461-9891-46ff-8bc2-bea4935b9b89@localhost,Random,C,10,0,4771,451
884,player_ef604557-c391-410a-bac1-2e6a67423c66@localhost,AlwaysDefect,D,player_c7198461-9891-46ff-8bc2-bea4935b9b89@localhost,Random,C,10,0,4781,451
885,player_ef604557-c391-410a-bac1-2e6a67423c66@localhost,AlwaysDefect,D,player_c7198461-9891-46ff-8bc2-bea4935b9b89@localhost,Random,D,1,1,4782,452
886,player_ef604557-c391-410a-bac1-2e6a67423c66@localhost,AlwaysDefect,D,player_c7198461-9891-46ff-8bc2-bea4935b9b89@localhost,Random,D,1,1,4783,453
887,player_ef604557-c391-410a-bac1-2e6a67423c66@localhost,AlwaysDefect,D,player_c7198461-9891-46ff-8bc2-bea4935b9b89@localhost,Random,C,10,0,4793,453
888,player_ef604557-c391-410a-bac1-2e6a67423c66@localhost,AlwaysDefect,D,player_c7198461-9891-46ff-8bc2-bea4935b9b89@localhost,Random,C,10,0,4803,453
889,player_ef604557-c391-410a-bac1-2e6a67423c66@localhost,AlwaysDefect,D,player_c7198461-9891-46ff-8bc2-bea4935b9b89@localhost,Random,D,1,1,4804,454
890,player_ef604557-c391-410a-bac1-2e6a67423c66@localhost,AlwaysDefect,D,player_c7198461-9891-46ff-8bc2-bea4935b9b89@localhost,Random,C,10,0,4814,454
891,player_ef604557-c391-410a-bac1-2e6a67423c66@localhost,AlwaysDefect,D,player_c7198461-9891-46ff-8bc2-bea4935b9b89@localhost,Random,C,10,0,4824,454
892,player_ef604557-c391-410a-bac1-2e6a67423c66@localhost,AlwaysDefect,D,player_c7198461-9891-46ff-8bc2-bea4935b9b89@localhost,Random,C,10,0,4834,454
893,player_ef604557-c391-410a-bac1-2e6a67423c66@localhost,AlwaysDefect,D,player_c7198461-9891-46ff-8bc2-bea4935b9b89@localhost,Random,C,10,0,4844,454
894,player_ef604557-c391-410a-bac1-2e6a67423c66@localhost,AlwaysDefect,D,player_c7198461-9891-46ff-8bc2-bea4935b9b89@localhost,Random,C,10,0,4854,454
895,player_ef604557-c391-410a-bac1-2e6a67423c66@localhost,AlwaysDefect,D,player_c7198461-9891-46ff-8bc2-bea4935b9b89@localhost,Random,D,1,1,4855,455
896,player_ef604557-c391-410a-bac1-2e6a67423c66@localhost,AlwaysDefect,D,player_c7198461-9891-46ff-8bc2-bea4935b9b89@localhost,Random,D,1,1,4856,456
897,player_ef604557-c391-410a-bac1-2e6a67423c66@localhost,AlwaysDefect,D,player_c7198461-9891-46ff-8bc2-bea4935b9b89@localhost,Random,D,1,1,4857,457
898,player_ef604557-c391-410a-bac1-2e6a67423c66@localhost,AlwaysDefect,D,player_c7198461-9891-46ff-8bc2-bea4935b9b89@localhost,Random,C,10,0,4867,457
899,player_ef604557-c391-410a-bac1-2e6a67423c66@localhost,AlwaysDefect,D,player_c7198461-9891-46ff-8bc2-bea4935b9b89@localhost,Random,C,10,0,4877,457
900,player_ef604557-c391-410a-bac1-2e6a67423c66@localhost,AlwaysDefect,D,player_c7198461-9891-46ff-8bc2-bea4935b9b89@localhost,Random,C,10,0,4887,457
901,player_ef604557-c391-410a-bac1-2e6a67423c66@localhost,AlwaysDefect,D,player_c7198461-9891-46ff-8bc2-bea4935b9b89@localhost,Random,C,10,0,4897,457
902,player_ef604557-c391-410a-bac1-2e6a67423c66@localhost,AlwaysDefect,D,player_c7198461-9891-46ff-8bc2-bea4935b9b89@localhost,Random,D,1,1,4898,458
903,player_ef604557-c391-410a-bac1-2e6a67423c66@localhost,AlwaysDefect,D,player_c7198461-9891-46ff-8bc2-bea4935b9b89@localhost,Random,D,1,1,4899,459
904,player_ef604557-c391-410a-bac1-2e6a67423c66@localhost,AlwaysDefect,D,player_c7198461-9891-46ff-8bc2-bea4935b9b89@localhost,Random,D,1,1,4900,460
905,player_ef604557-c391-410a-bac1-2e6a67423c66@localhost,AlwaysDefect,D,player_c7198461-9891-46ff-8bc2-bea4935b9b89@localhost,Random,C,10,0,4910,460
906,player_ef604557-c391-410a-bac1-2e6a67423c66@localhost,AlwaysDefect,D,player_c7198461-9891-46ff-8bc2-bea4935b9b89@localhost,Random,D,1,1,4911,461
907,player_ef604557-c391-410a-bac1-2e6a67423c66@localhost,AlwaysDefect,D,player_c7198461-9891-46ff-8bc2-bea4935b9b89@localhost,Random,C,10,0,4921,461
908,player_ef604557-c391-410a-bac1-2e6a67423c66@localhost,AlwaysDefect,D,player_c7198461-9891-46ff-8bc2-bea4935b9b89@localhost,Random,C,10,0,4931,461
909,player_ef604557-c391-410a-bac1-2e6a67423c66@localhost,AlwaysDefect,D,player_c7198461-9891-46ff-8bc2-bea4935b9b89@localhost,Random,C,10,0,4941,461
910,player_ef604557-c391-410a-bac1-2e6a67423c66@localhost,AlwaysDefect,D,player_c7198461-9891-46ff-8bc2-bea4935b9b89@localhost,Random,C,10,0,4951,461
911,player_ef604557-c391-410a-bac1-2e6a67423c66@localhost,AlwaysDefect,D,player_c7198461-9891-46ff-8bc2-bea4935b9b89@localhost,Random,D,1,1,4952,462
912,player_ef604557-c391-410a-bac1-2e6a67423c66@localhost,AlwaysDefect,D,player_c7198461-9891-46ff-8bc2-bea4935b9b89@localhost,Random,C,10,0,4962,462
913,player_ef604557-c391-410a-bac1-2e6a67423c66@localhost,AlwaysDefect,D,player_c7198461-9891-46ff-8bc2-bea4935b9b89@localhost,Random,D,1,1,4963,463
914,player_ef604557-c391-410a-bac1-2e6a67423c66@localhost,AlwaysDefect,D,player_c7198461-9891-46ff-8bc2-bea4935b9b89@localhost,Random,C,10,0,4973,463
915,player_ef604557-c391-410a-bac1-2e6a67423c66@localhost,AlwaysDefect,D,player_c7198461-9891-46ff-8bc2-bea4935b9b89@localhost,Random,C,10,0,4983,463
916,player_ef604557-c391-410a-bac1-2e6a67423c66@localhost,AlwaysDefect,D,player_c7198461-9891-46ff-8bc2-bea4935b9b89@localhost,Random,D,1,1,4984,464
917,player_ef604557-c391-410a-bac1-2e6a67423c66@localhost,AlwaysDefect,D,player_c7198461-9891-46ff-8bc2-bea4935b9b89@localhost,Random,C,10,0,4994,464
918,player_ef604557-c391-410a-bac1-2e6a67423c66@localhost,AlwaysDefect,D,player_c7198461-9891-46ff-8bc2-bea4935b9b89@localhost,Random,D,1,1,4995,465
919,player_ef604557-c391-410a-bac1-2e6a67423c66@localhost,AlwaysDefect,D,player_c7198461-9891-46ff-8bc2-bea4935b9b89@localhost,Random,C,10,0,5005,465
920,player_ef604557-c391-410a-bac1-2e6a67423c66@localhost,AlwaysDefect,D,player_c7198461-9891-46ff-8bc2-bea4935b9b89@localhost,Random,D,1,1,5006,466
921,player_ef604557-c391-410a-bac1-2e6a67423c66@localhost,AlwaysDefect,D,player_c7198461-9891-46ff-8bc2-bea4935b9b89@localhost,Random,D,1,1,5007,467
922,player_ef604557-c391-410a-bac1-2e6a67423c66@localhost,AlwaysDefect,D,player_c7198461-9891-46ff-8bc2-bea4935b9b89@localhost,Random,C,10,0,5017,467
923,player_ef604557-c391-410a-bac1-2e6a67423c66@localhost,AlwaysDefect,D,player_c7198461-9891-46ff-8bc2-bea4935b9b89@localhost,Random,C,10,0,5027,467
924,player_ef604557-c391-410a-bac1-2e6a67423c66@localhost,AlwaysDefect,D,player_c7198461-9891-46ff-8bc2-bea4935b9b89@localhost,Random,D,1,1,5028,468
925,player_ef604557-c391-410a-bac1-2e6a67423c66@localhost,AlwaysDefect,D,player_c7198461-9891-46ff-8bc2-bea4935b9b89@localhost,Random,D,1,1,5029,469
926,player_ef604557-c391-410a-bac1-2e6a67423c66@localhost,AlwaysDefect,D,player_c7198461-9891-46ff-8bc2-bea4935b9b89@localhost,Random,C,10,0,5039,469
927,player_ef604557-c391-410a-bac1-2e6a67423c66@localhost,AlwaysDefect,D,player_c7198461-9891-46ff-8bc2-bea4935b9b89@localhost,Random,C,10,0,5049,469
928,player_ef604557-c391-410a-bac1-2e6a67423c66@localhost,AlwaysDefect,D,player_c7198461-9891-46ff-8bc2-bea4935b9b89@localhost,Random,D,1,1,5050,470
929,player_ef604557-c391-410a-bac1-2e6a67423c66@localhost,AlwaysDefect,D,player_c7198461-9891-46ff-8bc2-bea4935b9b89@localhost,Random,C,10,0,5060,470
930,player_ef604557-c391-410a-bac1-2e6a67423c66@localhost,AlwaysDefect,D,player_c7198461-9891-46ff-8bc2-bea4935b9b89@localhost,Random,C,10,0,5070,470
931,player_ef604557-c391-410a-bac1-2e6a67423c66@localhost,AlwaysDefect,D,player_c7198461-9891-46ff-8bc2-bea4935b9b89@localhost,Random,D,1,1,5071,471
932,player_ef604557-c391-410a-bac1-2e6a67423c66@localhost,AlwaysDefect,D,player_c7198461-9891-46ff-8bc2-bea4935b9b89@localhost,Random,D,1,1,5072,472
933,player_ef604557-c391-410a-bac1-2e6a67423c66@localhost,AlwaysDefect,D,player_c7198461-9891-46ff-8bc2-bea4935b9b89@localhost,Random,D,1,1,5073,473
934,player_ef604557-c391-410a-bac1-2e6a67423c66@localhost,AlwaysDefect,D,player_c7198461-9891-46ff-8bc2-bea4935b9b89@localhost,Random,D,1,1,5074,474
935,player_ef604557-c391-410a-bac1-2e6a67423c66@localhost,AlwaysDefect,D,player_c7198461-9891-46ff-8bc2-bea4935b9b89@localhost,Random,C,10,0,5084,474
936,player_ef604557-c391-410a-bac1-2e6a67423c66@localhost,AlwaysDefect,D,player_c7198461-9891-46ff-8bc2-bea4935b9b89@localhost,Random,C,10,0,5094,474
937,player_ef604557-c391-410a-bac1-2e6a67423c66@localhost,AlwaysDefect,D,player_c7198461-9891-46ff-8bc2-bea4935b9b89@localhost,Random,D,1,1,5095,475
938,player_ef604557-c391-410a-bac1-2e6a67423c66@localhost,AlwaysDefect,D,player_c7198461-9891-46ff-8bc2-bea4935b9b89@localhost,Random,C,10,0,5105,475
939,player_ef604557-c391-410a-bac1-2e6a67423c66@localhost,AlwaysDefect,D,player_c7198461-9891-46ff-8bc2-bea4935b9b89@localhost,Random,D,1,1,5106,476
940,player_ef604557-c391-410a-bac1-2e6a67423c66@localhost,AlwaysDefect,D,player_c7198461-9891-46ff-8bc2-bea4935b9b89@localhost,Random,C,10,0,5116,476
941,player_ef604557-c391-410a-bac1-2e6a67423c66@localhost,AlwaysDefect,D,player_c7198461-9891-46ff-8bc2-bea4935b9b89@localhost,Random,C,10,0,5126,476
942,player_ef604557-c391-410a-bac1-2e6a67423c66@localhost,AlwaysDefect,D,player_c7198461-9891-46ff-8bc2-bea4935b9b89@localhost,Random,C,10,0,5136,476
943,player_ef604557-c391-410a-bac1-2e6a67423c66@localhost,AlwaysDefect,D,player_c7198461-9891-46ff-8bc2-bea4935b9b89@localhost,Random,D,1,1,5137,477
944,player_ef604557-c391-410a-bac1-2e6a67423c66@localhost,AlwaysDefect,D,player_c7198461-9891-46ff-8bc2-bea4935b9b89@localhost,Random,D,1,1,5138,478
945,player_ef604557-c391-410a-bac1-2e6a67423c66@localhost,AlwaysDefect,D,player_c7198461-9891-46ff-8bc2-bea4935b9b89@localhost,Random,D,1,1,5139,479
946,player_ef604557-c391-410a-bac1-2e6a67423c66@localhost,AlwaysDefect,D,player_c7198461-9891-46ff-8bc2-bea4935b9b89@localhost,Random,C,10,0,5149,479
947,player_ef604557-c391-410a-bac1-2e6a67423c66@localhost,AlwaysDefect,D,player_c7198461-9891-46ff-8bc2-bea4935b9b89@localhost,Random,C,10,0,5159,479
948,player_ef604557-c391-410a-bac1-2e6a67423c66@localhost,AlwaysDefect,D,player_c7198461-9891-46ff-8bc2-bea4935b9b89@localhost,Random,D,1,1,5160,480
949,player_ef604557-c391-410a-bac1-2e6a67423c66@localhost,AlwaysDefect,D,player_c7198461-9891-46ff-8bc2-bea4935b9b89@localhost,Random,D,1,1,5161,481
950,player_ef604557-c391-410a-bac1-2e6a67423c66@localhost,AlwaysDefect,D,player_c7198461-9891-46ff-8bc2-bea4935b9b89@localhost,Random,D,1,1,5162,482
951,player_ef604557-c391-410a-bac1-2e6a67423c66@localhost,AlwaysDefect,D,player_c7198461-9891-46ff-8bc2-bea4935b9b89@localhost,Random,D,1,1,5163,483
952,player_ef604557-c391-410a-bac1-2e6a67423c66@localhost,AlwaysDefect,D,player_c7198461-9891-46ff-8bc2-bea4935b9b89@localhost,Random,D,1,1,5164,484
953,player_ef604557-c391-410a-bac1-2e6a67423c66@localhost,AlwaysDefect,D,player_c7198461-9891-46ff-8bc2-bea4935b9b89@localhost,Random,C,10,0,5174,484
954,player_ef604557-c391-410a-bac1-2e6a67423c66@localhost,AlwaysDefect,D,player_c7198461-9891-46ff-8bc2-bea4935b9b89@localhost,Random,D,1,1,5175,485
955,player_ef604557-c391-410a-bac1-2e6a67423c66@localhost,AlwaysDefect,D,player_c7198461-9891-46ff-8bc2-bea4935b9b89@localhost,Random,C,10,0,5185,485
956,player_ef604557-c391-410a-bac1-2e6a67423c66@localhost,AlwaysDefect,D,player_c7198461-9891-46ff-8bc2-bea4935b9b89@localhost,Random,D,1,1,5186,486
957,player_ef604557-c391-410a-bac1-2e6a67423c66@localhost,AlwaysDefect,D,player_c7198461-9891-46ff-8bc2-bea4935b9b89@localhost,Random,D,1,1,5187,487
958,player_ef604557-c391-410a-bac1-2e6a67423c66@localhost,AlwaysDefect,D,player_c7198461-9891-46ff-8bc2-bea4935b9b89@localhost,Random,D,1,1,5188,488
959,player_ef604557-c391-410a-bac1-2e6a67423c66@localhost,AlwaysDefect,D,player_c7198461-9891-46ff-8bc2-bea4935b9b89@localhost,Random,D,1,1,5189,489
960,player_ef604557-c391-410a-bac1-2e6a67423c66@localhost,AlwaysDefect,D,player_c7198461-9891-46ff-8bc2-bea4935b9b89@localhost,Random,D,1,1,5190,490
961,player_ef604557-c391-410a-bac1-2e6a67423c66@localhost,AlwaysDefect,D,player_c7198461-9891-46ff-8bc2-bea4935b9b89@localhost,Random,C,10,0,5200,490
962,player_ef604557-c391-410a-bac1-2e6a67423c66@localhost,AlwaysDefect,D,player_c7198461-9891-46ff-8bc2-bea4935b9b89@localhost,Random,D,1,1,5201,491
963,player_ef604557-c391-410a-bac1-2e6a67423c66@localhost,AlwaysDefect,D,player_c7198461-9891-46ff-8bc2-bea4935b9b89@localhost,Random,D,1,1,5202,492
964,player_ef604557-c391-410a-bac1-2e6a67423c66@localhost,AlwaysDefect,D,player_c7198461-9891-46ff-8bc2-bea4935b9b89@localhost,Random,D,1,1,5203,493
965,player_ef604557-c391-410a-bac1-2e6a67423c66@localhost,AlwaysDefect,D,player_c7198461-9891-46ff-8bc2-bea4935b9b89@localhost,Random,D,1,1,5204,494
966,player_ef604557-c391-410a-bac1-2e6a67423c66@localhost,AlwaysDefect,D,player_c7198461-9891-46ff-8bc2-bea4935b9b89@localhost,Random,C,10,0,5214,494
967,player_ef604557-c391-410a-bac1-2e6a67423c66@localhost,AlwaysDefect,D,player_c7198461-9891-46ff-8bc2-bea4935b9b89@localhost,Random,D,1,1,5215,495
968,player_ef604557-c391-410a-bac1-2e6a67423c66@localhost,AlwaysDefect,D,player_c7198461-9891-46ff-8bc2-bea4935b9b89@localhost,Random,D,1,1,5216,496
969,player_ef604557-c391-410a-bac1-2e6a67423c66@localhost,AlwaysDefect,D,player_c7198461-9891-46ff-8bc2-bea4935b9b89@localhost,Random,C,10,0,5226,496
970,player_ef604557-c391-410a-bac1-2e6a67423c66@localhost,AlwaysDefect,D,player_c7198461-9891-46ff-8bc2-bea4935b9b89@localhost,Random,C,10,0,5236,496
971,player_ef604557-c391-410a-bac1-2e6a67423c66@localhost,AlwaysDefect,D,player_c7198461-9891-46ff-8bc2-bea4935b9b89@localhost,Random,D,1,1,5237,497
972,player_ef604557-c391-410a-bac1-2e6a67423c66@localhost,AlwaysDefect,D,player_c7198461-9891-46ff-8bc2-bea4935b9b89@localhost,Random,D,1,1,5238,498
973,player_ef604557-c391-410a-bac1-2e6a67423c66@localhost,AlwaysDefect,D,player_c7198461-9891-46ff-8bc2-bea4935b9b89@localhost,Random,D,1,1,5239,499
974,player_ef604557-c391-410a-bac1-2e6a67423c66@localhost,AlwaysDefect,D,player_c7198461-9891-46ff-8bc2-bea4935b9b89@localhost,Random,C,10,0,5249,499
975,player_ef604557-c391-410a-bac1-2e6a67423c66@localhost,AlwaysDefect,D,player_c7198461-9891-46ff-8bc2-bea4935b9b89@localhost,Random,D,1,1,5250,500
976,player_ef604557-c391-410a-bac1-2e6a67423c66@localhost,AlwaysDefect,D,player_c7198461-9891-46ff-8bc2-bea4935b9b89@localhost,Random,D,1,1,5251,501
977,player_ef604557-c391-410a-bac1-2e6a67423c66@localhost,AlwaysDefect,D,player_c7198461-9891-46ff-8bc2-bea4935b9b89@localhost,Random,D,1,1,5252,502
978,player_ef604557-c391-410a-bac1-2e6a67423c66@localhost,AlwaysDefect,D,player_c7198461-9891-46ff-8bc2-bea4935b9b89@localhost,Random,C,10,0,5262,502
979,player_ef604557-c391-410a-bac1-2e6a67423c66@localhost,AlwaysDefect,D,player_c7198461-9891-46ff-8bc2-bea4935b9b89@localhost,Random,C,10,0,5272,502
980,player_ef604557-c391-410a-bac1-2e6a67423c66@localhost,AlwaysDefect,D,player_c7198461-9891-46ff-8bc2-bea4935b9b89@localhost,Random,C,10,0,5282,502
981,player_ef604557-c391-410a-bac1-2e6a67423c66@localhost,AlwaysDefect,D,player_c7198461-9891-46ff-8bc2-bea4935b9b89@localhost,Random,C,10,0,5292,502
982,player_ef604557-c391-410a-bac1-2e6a67423c66@localhost,AlwaysDefect,D,player_c7198461-9891-46ff-8bc2-bea4935b9b89@localhost,Random,D,1,1,5293,503
983,player_ef604557-c391-410a-bac1-2e6a67423c66@localhost,AlwaysDefect,D,player_c7198461-9891-46ff-8bc2-bea4935b9b89@localhost,Random,D,1,1,5294,504
984,player_ef604557-c391-410a-bac1-2e6a67423c66@localhost,AlwaysDefect,D,player_c7198461-9891-46ff-8bc2-bea4935b9b89@localhost,Random,D,1,1,5295,505
985,player_ef604557-c391-410a-bac1-2e6a67423c66@localhost,AlwaysDefect,D,player_c7198461-9891-46ff-8bc2-bea4935b9b89@localhost,Random,D,1,1,5296,506
986,player_ef604557-c391-410a-bac1-2e6a67423c66@localhost,AlwaysDefect,D,player_c7198461-9891-46ff-8bc2-bea4935b9b89@localhost,Random,C,10,0,5306,506
987,player_ef604557-c391-410a-bac1-2e6a67423c66@localhost,AlwaysDefect,D,player_c7198461-9891-46ff-8bc2-bea4935b9b89@localhost,Random,D,1,1,5307,507
988,player_ef604557-c391-410a-bac1-2e6a67423c66@localhost,AlwaysDefect,D,player_c7198461-9891-46ff-8bc2-bea4935b9b89@localhost,Random,C,10,0,5317,507
989,player_ef604557-c391-410a-bac1-2e6a67423c66@localhost,AlwaysDefect,D,player_c7198461-9891-46ff-8bc2-bea4935b9b89@localhost,Random,C,10,0,5327,507
990,player_ef604557-c391-410a-bac1-2e6a67423c66@localhost,AlwaysDefect,D,player_c7198461-9891-46ff-8bc2-bea4935b9b89@localhost,Random,C,10,0,5337,507
991,player_ef604557-c391-410a-bac1-2e6a67423c66@localhost,AlwaysDefect,D,player_c7198461-9891-46ff-8bc2-bea4935b9b89@localhost,Random,D,1,1,5338,508
992,player_ef604557-c391-410a-bac1-2e6a67423c66@localhost,AlwaysDefect,D,player_c7198461-9891-46ff-8bc2-bea4935b9b89@localhost,Random,D,1,1,5339,509
993,player_ef604557-c391-410a-bac1-2e6a67423c66@localhost,AlwaysDefect,D,player_c7198461-9891-46ff-8bc2-bea4935b9b89@localhost,Random,D,1,1,5340,510
994,player_ef604557-c391-410a-bac1-2e6a67423c66@localhost,AlwaysDefect,D,player_c7198461-9891-46ff-8bc2-bea4935b9b89@localhost,Random,C,10,0,5350,510
995,player_ef604557-c391-410a-bac1-2e6a67423c66@localhost,AlwaysDefect,D,player_c7198461-9891-46ff-8bc2-bea4935b9b89@localhost,Random,C,10,0,5360,510
996,player_ef604557-c391-410a-bac1-2e6a67423c66@localhost,AlwaysDefect,D,player_c7198461-9891-46ff-8bc2-bea4935b9b89@localhost,Random,D,1,1,5361,511
997,player_ef604557-c391-410a-bac1-2e6a67423c66@localhost,AlwaysDefect,D,player_c7198461-9891-46ff-8bc2-bea4935b9b89@localhost,Random,C,10,0,5371,511
998,player_ef604557-c391-410a-bac1-2e6a67423c66@localhost,AlwaysDefect,D,player_c7198461-9891-46ff-8bc2-bea4935b9b89@localhost,Random,C,10,0,5381,511
999,player_ef604557-c391-410a-bac1-2e6a67423c66@localhost,AlwaysDefect,D,player_c7198461-9891-46ff-8bc2-bea4935b9b89@localhost,Random,D,1,1,5382,512
1000,player_ef604557-c391-410a-bac1-2e6a67423c66@localhost,AlwaysDefect,D,player_c7198461-9891-46ff-8bc2-bea4935b9b89@localhost,Random,C,10,0,5392,512
,,,,,,,,,,
# AGGREGATED METRICS
# p1_jid,player_ef604557-c391-410a-bac1-2e6a67423c66@localhost
# p2_jid,player_c7198461-9891-46ff-8bc2-bea4935b9b89@localhost
# total_rounds,1000
# cooperation_rate_p1,0.0000
# cooperation_rate_p2,0.4880
# defection_rate_p1,1.0000
# defection_rate_p2,0.5120
# total_payoff_p1,5392
# total_payoff_p2,512
# avg_payoff_p1,5.3920
# avg_payoff_p2,0.5120
