round,p1_jid,p1_strategy,p1_action,p2_jid,p2_strategy,p2_action,p1_payoff,p2_payoff,p1_cumulative,p2_cumulative
1,player_6ebe71f5-6ea3-4c3f-8f02-12c0acb3e2b1@localhost,AlwaysDefect,D,player_c6eab88c-8170-4016-a9a7-e28eb1ab3c11@localhost,WinStayLoseShift,C,10,0,10,0
2,player_6ebe71f5-6ea3-4c3f-8f02-12c0acb3e2b1@localhost,AlwaysDefect,D,player_c6eab88c-8170-4016-a9a7-e28eb1ab3c11@localhost,WinStayLoseShift,D,1,1,11,1
3,player_6ebe71f5-6ea3-4c3f-8f02-12c0acb3e2b1@localhost,AlwaysDefect,D,player_c6eab88c-8170-4016-a9a7-e28eb1ab3c11@localhost,WinStayLoseShift,C,10,0,21,1
4,player_6ebe71f5-6ea3-4c3f-8f02-12c0acb3e2b1@localhost,AlwaysDefect,D,player_c6eab88c-8170-4016-a9a7-e28eb1ab3c11@localhost,WinStayLoseShift,D,1,1,22,2
5,player_6ebe71f5-6ea3-4c3f-8f02-12c0acb3e2b1@localhost,AlwaysDefect,D,player_c6eab88c-8170-4016-a9a7-e28eb1ab3c11@localhost,WinStayLoseShift,C,10,0,32,2
6,player_6ebe71f5-6ea3-4c3f-8f02-12c0acb3e2b1@localhost,AlwaysDefect,D,player_c6eab88c-8170-4016-a9a7-e28eb1ab3c11@localhost,WinStayLoseShift,D,1,1,33,3
7,player_6ebe71f5-6ea3-4c3f-8f02-12c0acb3e2b1@localhost,AlwaysDefect,D,player_c6eab88c-8170-4016-a9a7-e28eb1ab3c11@localhost,WinStayLoseShift,C,10,0,43,3
8,player_6ebe71f5-6ea3-4c3f-8f02-12c0acb3e2b1@localhost,AlwaysDefect,D,player_c6eab88c-8170-4016-a9a7-e28eb1ab3c11@localhost,WinStayLoseShift,D,1,1,44,4
9,player_6ebe71f5-6ea3-4c3f-8f02-12c0acb3e2b1@localhost,AlwaysDefect,D,player_c6eab88c-8170-4016-a9a7-e28eb1ab3c11@localhost,WinStayLoseShift,C,10,0,54,4
10,player_6ebe71f5-6ea3-4c3f-8f02-12c0acb3e2b1@localhost,AlwaysDefect,D,player_c6eab88c-8170-4016-a9a7-e28eb1ab3c11@localhost,WinStayLoseShift,D,1,1,55,5
11,player_6ebe71f5-6ea3-4c3f-8f02-12c0acb3e2b1@localhost,AlwaysDefect,D,player_c6eab88c-8170-4016-a9a7-e28eb1ab3c11@localhost,WinStayLoseShift,C,10,0,65,5
12,player_6ebe71f5-6ea3-4c3f-8f02-12c0acb3e2b1@localhost,AlwaysDefect,D,player_c6eab88c-8170-4016-a9a7-e28eb1ab3c11@localhost,WinStayLoseShift,D,1,1,66,6
13,player_6ebe71f5-6ea3-4c3f-8f02-12c0acb3e2b1@localhost,AlwaysDefect,D,player_c6eab88c-8170-4016-a9a7-e28eb1ab3c11@localhost,WinStayLoseShift,C,10,0,76,6
14,player_6ebe71f5-6ea3-4c3f-8f02-12c0acb3e2b1@localhost,AlwaysDefect,D,player_c6eab88c-8170-4016-a9a7-e28eb1ab3c11@localhost,WinStayLoseShift,D,1,1,77,7
15,player_6ebe71f5-6ea3-4c3f-8f02-12c0acb3e2b1@localhost,AlwaysDefect,D,player_c6eab88c-8170-4016-a9a7-e28eb1ab3c11@localhost,WinStayLoseShift,C,10,0,87,7
16,player_6ebe71f5-6ea3-4c3f-8f02-12c0acb3e2b1@localhost,AlwaysDefect,D,player_c6eab88c-8170-4016-a9a7-e28eb1ab3c11@localhost,WinStayLoseShift,D,1,1,88,8
17,player_6ebe71f5-6ea3-4c3f-8f02-12c0acb3e2b1@localhost,AlwaysDefect,D,player_c6eab88c-8170-4016-a9a7-e28eb1ab3c11@localhost,WinStayLoseShift,C,10,0,98,8
18,player_6ebe71f5-6ea3-4c3f-8f02-12c0acb3e2b1@localhost,AlwaysDefect,D,player_c6eab88c-8170-4016-a9a7-e28eb1ab3c11@localhost,WinStayLoseShift,D,1,1,99,9
19,player_6ebe71f5-6ea3-4c3f-8f02-12c0acb3e2b1@localhost,AlwaysDefect,D,player_c6eab88c-8170-4016-a9a7-e28eb1ab3c11@localhost,WinStayLoseShift,C,10,0,109,9
20,player_6ebe71f5-6ea3-4c3f-8f02-12c0acb3e2b1@localhost,AlwaysDefect,D,player_c6eab88c-8170-4016-a9a7-e28eb1ab3c11@localhost,WinStayLoseShift,D,1,1,110,10
21,player_6ebe71f5-6ea3-4c3f-8f02-12c0acb3e2b1@localhost,AlwaysDefect,D,player_c6eab88c-8170-4016-a9a7-e28eb1ab3c11@localhost,WinStayLoseShift,C,10,0,120,10
22,player_6ebe71f5-6ea3-4c3f-8f02-12c0acb3e2b1@localhost,AlwaysDefect,D,player_c6eab88c-8170-4016-a9a7-e28eb1ab3c11@localhost,WinStayLoseShift,D,1,1,121,11
23,player_6ebe71f5-6ea3-4c3f-8f02-12c0acb3e2b1@localhost,AlwaysDefect,D,player_c6eab88c-8170-4016-a9a7-e28eb1ab3c11@localhost,WinStayLoseShift,C,10,0,131,11
24,player_6ebe71f5-6ea3-4c3f-8f02-12c0acb3e2b1@localhost,AlwaysDefect,D,player_c6eab88c-8170-4016-a9a7-e28eb1ab3c11@localhost,WinStayLoseShift,D,1,1,132,12
25,player_6ebe71f5-6ea3-4c3f-8f02-12c0acb3e2b1@localhost,AlwaysDefect,D,player_c6eab88c-8170-4016-a9a7-e28eb1ab3c11@localhost,WinStayLoseShift,C,10,0,142,12
26,player_6ebe71f5-6ea3-4c3f-8f02-12c0acb3e2b1@localhost,AlwaysDefect,D,player_c6eab88c-8170-4016-a9a7-e28eb1ab3c11@localhost,WinStayLoseShift,D,1,1,143,13
27,player_6ebe71f5-6ea3-4c3f-8f02-12c0acb3e2b1@localhost,AlwaysDefect,D,player_c6eab88c-8170-4016-a9a7-e28eb1ab3c11@localhost,WinStayLoseShift,C,10,0,153,13
28,player_6ebe71f5-6ea3-4c3f-8f02-12c0acb3e2b1@localhost,AlwaysDefect,D,player_c6eab88c-8170-4016-a9a7-e28eb1ab3c11@localhost,WinStayLoseShift,D,1,1,154,14
29,player_6ebe71f5-6ea3-4c3f-8f02-12c0acb3e2b1@localhost,AlwaysDefect,D,player_c6eab88c-8170-4016-a9a7-e28eb1ab3c11@localhost,WinStayLoseShift,C,10,0,164,14
30,player_6ebe71f5-6ea3-4c3f-8f02-12c0acb3e2b1@localhost,AlwaysDefect,D,player_c6eab88c-8170-4016-a9a7-e28eb1ab3c11@localhost,WinStayLoseShift,D,1,1,165,15
31,player_6ebe71f5-6ea3-4c3f-8f02-12c0acb3e2b1@localhost,AlwaysDefect,D,player_c6eab88c-8170-4016-a9a7-e28eb1ab3c11@localhost,WinStayLoseShift,C,10,0,175,15
32,player_6ebe71f5-6ea3-4c3f-8f02-12c0acb3e2b1@localhost,AlwaysDefect,D,player_c6eab88c-8170-4016-a9a7-e28eb1ab3c11@localhost,WinStayLoseShift,D,1,1,176,16
33,player_6ebe71f5-6ea3-4c3f-8f02-12c0acb3e2b1@localhost,AlwaysDefect,D,player_c6eab88c-8170-4016-a9a7-e28eb1ab3c11@localhost,WinStayLoseShift,C,10,0,186,16
34,player_6ebe71f5-6ea3-4c3f-8f02-12c0acb3e2b1@localhost,AlwaysDefect,D,player_c6eab88c-8170-4016-a9a7-e28eb1ab3c11@localhost,WinStayLoseShift,D,1,1,187,17
35,player_6ebe71f5-6ea3-4c3f-8f02-12c0acb3e2b1@localhost,AlwaysDefect,D,player_c6eab88c-8170-4016-a9a7-e28eb1ab3c11@localhost,WinStayLoseShift,C,10,0,197,17
36,player_6ebe71f5-6ea3-4c3f-8f02-12c0acb3e2b1@localhost,AlwaysDefect,D,player_c6eab88c-8170-4016-a9a7-e28eb1ab3c11@localhost,WinStayLoseShift,D,1,1,198,18
37,player_6ebe71f5-6ea3-4c3f-8f02-12c0acb3e2b1@localhost,AlwaysDefect,D,player_c6eab88c-8170-4016-a9a7-e28eb1ab3c11@localhost,WinStayLoseShift,C,10,0,208,18
38,player_6ebe71f5-6ea3-4c3f-8f02-12c0acb3e2b1@localhost,AlwaysDefect,D,player_c6eab88c-8170-4016-a9a7-e28eb1ab3c11@localhost,WinStayLoseShift,D,1,1,209,19
39,player_6ebe71f5-6ea3-4c3f-8f02-12c0acb3e2b1@localhost,AlwaysDefect,D,player_c6eab88c-8170-4016-a9a7-e28eb1ab3c11@localhost,WinStayLoseShift,C,10,0,219,19
40,player_6ebe71f5-6ea3-4c3f-8f02-12c0acb3e2b1@localhost,AlwaysDefect,D,player_c6eab88c-8170-4016-a9a7-e28eb1ab3c11@localhost,WinStayLoseShift,D,1,1,220,20
41,player_6ebe71f5-6ea3-4c3f-8f02-12c0acb3e2b1@localhost,AlwaysDefect,D,player_c6eab88c-8170-4016-a9a7-e28eb1ab3c11@localhost,WinStayLoseShift,C,10,0,230,20
42,player_6ebe71f5-6ea3-4c3f-8f02-12c0acb3e2b1@localhost,AlwaysDefect,D,player_c6eab88c-8170-4016-a9a7-e28eb1ab3c11@localhost,WinStayLoseShift,D,1,1,231,21
43,player_6ebe71f5-6ea3-4c3f-8f02-12c0acb3e2b1@localhost,AlwaysDefect,D,player_c6eab88c-8170-4016-a9a7-e28eb1ab3c11@localhost,WinStayLoseShift,C,10,0,241,21
44,player_6ebe71f5-6ea3-4c3f-8f02-12c0acb3e2b1@localhost,AlwaysDefect,D,player_c6eab88c-8170-4016-a9a7-e28eb1ab3c11@localhost,WinStayLoseShift,D,1,1,242,22
45,player_6ebe71f5-6ea3-4c3f-8f02-12c0acb3e2b1@localhost,AlwaysDefect,D,player_c6eab88c-8170-4016-a9a7-e28eb1ab3c11@localhost,WinStayLoseShift,C,10,0,252,22
46,player_6ebe71f5-6ea3-4c3f-8f02-12c0acb3e2b1@localhost,AlwaysDefect,D,player_c6eab88c-8170-4016-a9a7-e28eb1ab3c11@localhost,WinStayLoseShift,D,1,1,253,23
47,player_6ebe71f5-6ea3-4c3f-8f02-12c0acb3e2b1@localhost,AlwaysDefect,D,player_c6eab88c-8170-4016-a9a7-e28eb1ab3c11@localhost,WinStayLoseShift,C,10,0,263,23
48,player_6ebe71f5-6ea3-4c3f-8f02-12c0acb3e2b1@localhost,AlwaysDefect,D,player_c6eab88c-8170-4016-a9a7-e28eb1ab3c11@localhost,WinStayLoseShift,D,1,1,264,24
49,player_6ebe71f5-6ea3-4c3f-8f02-12c0acb3e2b1@localhost,AlwaysDefect,D,player_c6eab88c-8170-4016-a9a7-e28eb1ab3c11@localhost,WinStayLoseShift,C,10,0,274,24
50,player_6ebe71f5-6ea3-4c3f-8f02-12c0acb3e2b1@localhost,AlwaysDefect,D,player_c6eab88c-8170-4016-a9a7-e28eb1ab3c11@localhost,WinStayLoseShift,D,1,1,275,25
51,player_6ebe71f5-6ea3-4c3f-8f02-12c0acb3e2b1@localhost,AlwaysDefect,D,player_c6eab88c-8170-4016-a9a7-e28eb1ab3c11@localhost,WinStayLoseShift,C,10,0,285,25
52,player_6ebe71f5-6ea3-4c3f-8f02-12c0acb3e2b1@localhost,AlwaysDefect,D,player_c6eab88c-8170-4016-a9a7-e28eb1ab3c11@localhost,WinStayLoseShift,D,1,1,286,26
53,player_6ebe71f5-6ea3-4c3f-8f02-12c0acb3e2b1@localhost,AlwaysDefect,D,player_c6eab88c-8170-4016-a9a7-e28eb1ab3c11@localhost,WinStayLoseShift,C,10,0,296,26
54,player_6ebe71f5-6ea3-4c3f-8f02-12c0acb3e2b1@localhost,AlwaysDefect,D,player_c6eab88c-8170-4016-a9a7-e28eb1ab3c11@localhost,WinStayLoseShift,D,1,1,297,27
55,player_6ebe71f5-6ea3-4c3f-8f02-12c0acb3e2b1@localhost,AlwaysDefect,D,player_c6eab88c-8170-4016-a9a7-e28eb1ab3c11@localhost,WinStayLoseShift,C,10,0,307,27
56,player_6ebe71f5-6ea3-4c3f-8f02-12c0acb3e2b1@localhost,AlwaysDefect,D,player_c6eab88c-8170-4016-a9a7-e28eb1ab3c11@localhost,WinStayLoseShift,D,1,1,308,28
57,player_6ebe71f5-6ea3-4c3f-8f02-12c0acb3e2b1@localhost,AlwaysDefect,D,player_c6eab88c-8170-4016-a9a7-e28eb1ab3c11@localhost,WinStayLoseShift,C,10,0,318,28
58,player_6ebe71f5-6ea3-4c3f-8f02-12c0acb3e2b1@localhost,AlwaysDefect,D,player_c6eab88c-8170-4016-a9a7-e28eb1ab3c11@localhost,WinStayLoseShift,D,1,1,319,29
59,player_6ebe71f5-6ea3-4c3f-8f02-12c0acb3e2b1@localhost,AlwaysDefect,D,player_c6eab88c-8170-4016-a9a7-e28eb1ab3c11@localhost,WinStayLoseShift,C,10,0,329,29
60,player_6ebe71f5-6ea3-4c3f-8f02-12c0acb3e2b1@localhost,AlwaysDefect,D,player_c6eab88c-8170-4016-a9a7-e28eb1ab3c11@localhost,WinStayLoseShift,D,1,1,330,30
61,player_6ebe71f5-6ea3-4c3f-8f02-12c0acb3e2b1@localhost,AlwaysDefect,D,player_c6eab88c-8170-4016-a9a7-e28eb1ab3c11@localhost,WinStayLoseShift,C,10,0,340,30
62,player_6ebe71f5-6ea3-4c3f-8f02-12c0acb3e2b1@localhost,AlwaysDefect,D,player_c6eab88c-8170-4016-a9a7-e28eb1ab3c11@localhost,WinStayLoseShift,D,1,1,341,31
63,player_6ebe71f5-6ea3-4c3f-8f02-12c0acb3e2b1@localhost,AlwaysDefect,D,player_c6eab88c-8170-4016-a9a7-e28eb1ab3c11@localhost,WinStayLoseShift,C,10,0,351,31
64,player_6ebe71f5-6ea3-4c3f-8f02-12c0acb3e2b1@localhost,AlwaysDefect,D,player_c6eab88c-8170-4016-a9a7-e28eb1ab3c11@localhost,WinStayLoseShift,D,1,1,352,32
65,player_6ebe71f5-6ea3-4c3f-8f02-12c0acb3e2b1@localhost,AlwaysDefect,D,player_c6eab88c-8170-4016-a9a7-e28eb1ab3c11@localhost,WinStayLoseShift,C,10,0,362,32
66,player_6ebe71f5-6ea3-4c3f-8f02-12c0acb3e2b1@localhost,AlwaysDefect,D,player_c6eab88c-8170-4016-a9a7-e28eb1ab3c11@localhost,WinStayLoseShift,D,1,1,363,33
67,player_6ebe71f5-6ea3-4c3f-8f02-12c0acb3e2b1@localhost,AlwaysDefect,D,player_c6eab88c-8170-4016-a9a7-e28eb1ab3c11@localhost,WinStayLoseShift,C,10,0,373,33
68,player_6ebe71f5-6ea3-4c3f-8f02-12c0acb3e2b1@localhost,AlwaysDefect,D,player_c6eab88c-8170-4016-a9a7-e28eb1ab3c11@localhost,WinStayLoseShift,D,1,1,374,34
69,player_6ebe71f5-6ea3-4c3f-8f02-12c0acb3e2b1@localhost,AlwaysDefect,D,player_c6eab88c-8170-4016-a9a7-e28eb1ab3c11@localhost,WinStayLoseShift,C,10,0,384,34
70,player_6ebe71f5-6ea3-4c3f-8f02-12c0acb3e2b1@localhost,AlwaysDefect,D,player_c6eab88c-8170-4016-a9a7-e28eb1ab3c11@localhost,WinStayLoseShift,D,1,1,385,35
71,player_6ebe71f5-6ea3-4c3f-8f02-12c0acb3e2b1@localhost,AlwaysDefect,D,player_c6eab88c-8170-4016-a9a7-e28eb1ab3c11@localhost,WinStayLoseShift,C,10,0,395,35
72,player_6ebe71f5-6ea3-4c3f-8f02-12c0acb3e2b1@localhost,AlwaysDefect,D,player_c6eab88c-8170-4016-a9a7-e28eb1ab3c11@localhost,WinStayLoseShift,D,1,1,396,36
73,player_6ebe71f5-6ea3-4c3f-8f02-12c0acb3e2b1@localhost,AlwaysDefect,D,player_c6eab88c-8170-4016-a9a7-e28eb1ab3c11@localhost,WinStayLoseShift,C,10,0,406,36
74,player_6ebe71f5-6ea3-4c3f-8f02-12c0acb3e2b1@localhost,AlwaysDefect,D,player_c6eab88c-8170-4016-a9a7-e28eb1ab3c11@localhost,WinStayLoseShift,D,1,1,407,37
75,player_6ebe71f5-6ea3-4c3f-8f02-12c0acb3e2b1@localhost,AlwaysDefect,D,player_c6eab88c-8170-4016-a9a7-e28eb1ab3c11@localhost,WinStayLoseShift,C,10,0,417,37
76,player_6ebe71f5-6ea3-4c3f-8f02-12c0acb3e2b1@localhost,AlwaysDefect,D,player_c6eab88c-8170-4016-a9a7-e28eb1ab3c11@localhost,WinStayLoseShift,D,1,1,418,38
77,player_6ebe71f5-6ea3-4c3f-8f02-12c0acb3e2b1@localhost,AlwaysDefect,D,player_c6eab88c-8170-4016-a9a7-e28eb1ab3c11@localhost,WinStayLoseShift,C,10,0,428,38
78,player_6ebe71f5-6ea3-4c3f-8f02-12c0acb3e2b1@localhost,AlwaysDefect,D,player_c6eab88c-8170-4016-a9a7-e28eb1ab3c11@localhost,WinStayLoseShift,D,1,1,429,39
79,player_6ebe71f5-6ea3-4c3f-8f02-12c0acb3e2b1@localhost,AlwaysDefect,D,player_c6eab88c-8170-4016-a9a7-e28eb1ab3c11@localhost,WinStayLoseShift,C,10,0,439,39
80,player_6ebe71f5-6ea3-4c3f-8f02-12c0acb3e2b1@localhost,AlwaysDefect,D,player_c6eab88c-8170-4016-a9a7-e28eb1ab3c11@localhost,WinStayLoseShift,D,1,1,440,40
81,player_6ebe71f5-6ea3-4c3f-8f02-12c0acb3e2b1@localhost,AlwaysDefect,D,player_c6eab88c-8170-4016-a9a7-e28eb1ab3c11@localhost,WinStayLoseShift,C,10,0,450,40
82,player_6ebe71f5-6ea3-4c3f-8f02-12c0acb3e2b1@localhost,AlwaysDefect,D,player_c6eab88c-8170-4016-a9a7-e28eb1ab3c11@localhost,WinStayLoseShift,D,1,1,451,41
83,player_6ebe71f5-6ea3-4c3f-8f02-12c0acb3e2b1@localhost,AlwaysDefect,D,player_c6eab88c-8170-4016-a9a7-e28eb1ab3c11@localhost,WinStayLoseShift,C,10,0,461,41
84,player_6ebe71f5-6ea3-4c3f-8f02-12c0acb3e2b1@localhost,AlwaysDefect,D,player_c6eab88c-8170-4016-a9a7-e28eb1ab3c11@localhost,WinStayLoseShift,D,1,1,462,42
85,player_6ebe71f5-6ea3-4c3f-8f02-12c0acb3e2b1@localhost,AlwaysDefect,D,player_c6eab88c-8170-4016-a9a7-e28eb1ab3c11@localhost,WinStayLoseShift,C,10,0,472,42
86,player_6ebe71f5-6ea3-4c3f-8f02-12c0acb3e2b1@localhost,AlwaysDefect,D,player_c6eab88c-8170-4016-a9a7-e28eb1ab3c11@localhost,WinStayLoseShift,D,1,1,473,43
87,player_6ebe71f5-6ea3-4c3f-8f02-12c0acb3e2b1@localhost,AlwaysDefect,D,player_c6eab88c-8170-4016-a9a7-e28eb1ab3c11@localhost,WinStayLoseShift,C,10,0,483,43
88,player_6ebe71f5-6ea3-4c3f-8f02-12c0acb3e2b1@localhost,AlwaysDefect,D,player_c6eab88c-8170-4016-a9a7-e28eb1ab3c11@localhost,WinStayLoseShift,D,1,1,484,44
89,player_6ebe71f5-6ea3-4c3f-8f02-12c0acb3e2b1@localhost,AlwaysDefect,D,player_c6eab88c-8170-4016-a9a7-e28eb1ab3c11@localhost,WinStayLoseShift,C,10,0,494,44
90,player_6ebe71f5-6ea3-4c3f-8f02-12c0acb3e2b1@localhost,AlwaysDefect,D,player_c6eab88c-8170-4016-a9a7-e28eb1ab3c11@localhost,WinStayLoseShift,D,1,1,495,45
91,player_6ebe71f5-6ea3-4c3f-8f02-12c0acb3e2b1@localhost,AlwaysDefect,D,player_c6eab88c-8170-4016-a9a7-e28eb1ab3c11@localhost,WinStayLoseShift,C,10,0,505,45
92,player_6ebe71f5-6ea3-4c3f-8f02-12c0acb3e2b1@localhost,AlwaysDefect,D,player_c6eab88c-8170-4016-a9a7-e28eb1ab3c11@localhost,WinStayLoseShift,D,1,1,506,46
93,player_6ebe71f5-6ea3-4c3f-8f02-12c0acb3e2b1@localhost,AlwaysDefect,D,player_c6eab88c-8170-4016-a9a7-e28eb1ab3c11@localhost,WinStayLoseShift,C,10,0,516,46
94,player_6ebe71f5-6ea3-4c3f-8f02-12c0acb3e2b1@localhost,AlwaysDefect,D,player_c6eab88c-8170-4016-a9a7-e28eb1ab3c11@localhost,WinStayLoseShift,D,1,1,517,47
95,player_6ebe71f5-6ea3-4c3f-8f02-12c0acb3e2b1@localhost,AlwaysDefect,D,player_c6eab88c-8170-4016-a9a7-e28eb1ab3c11@localhost,WinStayLoseShift,C,10,0,527,47
96,player_6ebe71f5-6ea3-4c3f-8f02-12c0acb3e2b1@localhost,AlwaysDefect,D,player_c6eab88c-8170-4016-a9a7-e28eb1ab3c11@localhost,WinStayLoseShift,D,1,1,528,48
97,player_6ebe71f5-6ea3-4c3f-8f02-12c0acb3e2b1@localhost,AlwaysDefect,D,player_c6eab88c-8170-4016-a9a7-e28eb1ab3c11@localhost,WinStayLoseShift,C,10,0,538,48
98,player_6ebe71f5-6ea3-4c3f-8f02-12c0acb3e2b1@localhost,AlwaysDefect,D,player_c6eab88c-8170-4016-a9a7-e28eb1ab3c11@localhost,WinStayLoseShift,D,1,1,539,49
99,player_6ebe71f5-6ea3-4c3f-8f02-12c0acb3e2b1@localhost,AlwaysDefect,D,player_c6eab88c-8170-4016-a9a7-e28eb1ab3c11@localhost,WinStayLoseShift,C,10,0,549,49
100,player_6ebe71f5-6ea3-4c3f-8f02-12c0acb3e2b1@localhost,AlwaysDefect,D,player_c6eab88c-8170-4016-a9a7-e28eb1ab3c11@localhost,WinStayLoseShift,D,1,1,550,50
101,player_6ebe71f5-6ea3-4c3f-8f02-12c0acb3e2b1@localhost,AlwaysDefect,D,player_c6eab88c-8170-4016-a9a7-e28eb1ab3c11@localhost,WinStayLoseShift,C,10,0,560,50
102,player_6ebe71f5-6ea3-4c3f-8f02-12c0acb3e2b1@localhost,AlwaysDefect,D,player_c6eab88c-8170-4016-a9a7-e28eb1ab3c11@localhost,WinStayLoseShift,D,1,1,561,51
103,player_6ebe71f5-6ea3-4c3f-8f02-12c0acb3e2b1@localhost,AlwaysDefect,D,player_c6eab88c-8170-4016-a9a7-e28eb1ab3c11@localhost,WinStayLoseShift,C,10,0,571,51
104,player_6ebe71f5-6ea3-4c3f-8f02-12c0acb3e2b1@localhost,AlwaysDefect,D,player_c6eab88c-8170-4016-a9a7-e28eb1ab3c11@localhost,WinStayLoseShift,D,1,1,572,52
105,player_6ebe71f5-6ea3-4c3f-8f02-12c0acb3e2b1@localhost,AlwaysDefect,D,player_c6eab88c-8170-4016-a9a7-e28eb1ab3c11@localhost,WinStayLoseShift,C,10,0,582,52
106,player_6ebe71f5-6ea3-4c3f-8f02-12c0acb3e2b1@localhost,AlwaysDefect,D,player_c6eab88c-8170-4016-a9a7-e28eb1ab3c11@localhost,WinStayLoseShift,D,1,1,583,53
107,player_6ebe71f5-6ea3-4c3f-8f02-12c0acb3e2b1@localhost,AlwaysDefect,D,player_c6eab88c-8170-4016-a9a7-e28eb1ab3c11@localhost,WinStayLoseShift,C,10,0,593,53
108,player_6ebe71f5-6ea3-4c3f-8f02-12c0acb3e2b1@localhost,AlwaysDefect,D,player_c6eab88c-8170-4016-a9a7-e28eb1ab3c11@localhost,WinStayLoseShift,D,1,1,594,54
109,player_6ebe71f5-6ea3-4c3f-8f02-12c0acb3e2b1@localhost,AlwaysDefect,D,player_c6eab88c-8170-4016-a9a7-e28eb1ab3c11@localhost,WinStayLoseShift,C,10,0,604,54
110,player_6ebe71f5-6ea3-4c3f-8f02-12c0acb3e2b1@localhost,AlwaysDefect,D,player_c6eab88c-8170-4016-a9a7-e28eb1ab3c11@localhost,WinStayLoseShift,D,1,1,605,55
111,player_6ebe71f5-6ea3-4c3f-8f02-12c0acb3e2b1@localhost,AlwaysDefect,D,player_c6eab88c-8170-4016-a9a7-e28eb1ab3c11@localhost,WinStayLoseShift,C,10,0,615,55
112,player_6ebe71f5-6ea3-4c3f-8f02-12c0acb3e2b1@localhost,AlwaysDefect,D,player_c6eab88c-8170-4016-a9a7-e28eb1ab3c11@localhost,WinStayLoseShift,D,1,1,616,56
113,player_6ebe71f5-6ea3-4c3f-8f02-12c0acb3e2b1@localhost,AlwaysDefect,D,player_c6eab88c-8170-4016-a9a7-e28eb1ab3c11@localhost,WinStayLoseShift,C,10,0,626,56
114,player_6ebe71f5-6ea3-4c3f-8f02-12c0acb3e2b1@localhost,AlwaysDefect,D,player_c6eab88c-8170-4016-a9a7-e28eb1ab3c11@localhost,WinStayLoseShift,D,1,1,627,57
115,player_6ebe71f5-6ea3-4c3f-8f02-12c0acb3e2b1@localhost,AlwaysDefect,D,player_c6eab88c-8170-4016-a9a7-e28eb1ab3c11@localhost,WinStayLoseShift,C,10,0,637,57
116,player_6ebe71f5-6ea3-4c3f-8f02-12c0acb3e2b1@localhost,AlwaysDefect,D,player_c6eab88c-8170-4016-a9a7-e28eb1ab3c11@localhost,WinStayLoseShift,D,1,1,638,58
117,player_6ebe71f5-6ea3-4c3f-8f02-12c0acb3e2b1@localhost,AlwaysDefect,D,player_c6eab88c-8170-4016-a9a7-e28eb1ab3c11@localhost,WinStayLoseShift,C,10,0,648,58
118,player_6ebe71f5-6ea3-4c3f-8f02-12c0acb3e2b1@localhost,AlwaysDefect,D,player_c6eab88c-8170-4016-a9a7-e28eb1ab3c11@localhost,WinStayLoseShift,D,1,1,649,59
119,player_6ebe71f5-6ea3-4c3f-8f02-12c0acb3e2b1@localhost,AlwaysDefect,D,player_c6eab88c-8170-4016-a9a7-e28eb1ab3c11@localhost,WinStayLoseShift,C,10,0,659,59
120,player_6ebe71f5-6ea3-4c3f-8f02-12c0acb3e2b1@localhost,AlwaysDefect,D,player_c6eab88c-8170-4016-a9a7-e28eb1ab3c11@localhost,WinStayLoseShift,D,1,1,660,60
121,player_6ebe71f5-6ea3-4c3f-8f02-12c0acb3e2b1@localhost,AlwaysDefect,D,player_c6eab88c-8170-4016-a9a7-e28eb1ab3c11@localhost,WinStayLoseShift,C,10,0,670,60
122,player_6ebe71f5-6ea3-4c3f-8f02-12c0acb3e2b1@localhost,AlwaysDefect,D,player_c6eab88c-8170-4016-a9a7-e28eb1ab3c11@localhost,WinStayLoseShift,D,1,1,671,61
123,player_6ebe71f5-6ea3-4c3f-8f02-12c0acb3e2b1@localhost,AlwaysDefect,D,player_c6eab88c-8170-4016-a9a7-e28eb1ab3c11@localhost,WinStayLoseShift,C,10,0,681,61
124,player_6ebe71f5-6ea3-4c3f-8f02-12c0acb3e2b1@localhost,AlwaysDefect,D,player_c6eab88c-8170-4016-a9a7-e28eb1ab3c11@localhost,WinStayLoseShift,D,1,1,682,62
125,player_6ebe71f5-6ea3-4c3f-8f02-12c0acb3e2b1@localhost,AlwaysDefect,D,player_c6eab88c-8170-4016-a9a7-e28eb1ab3c11@localhost,WinStayLoseShift,C,10,0,692,62
126,player_6ebe71f5-6ea3-4c3f-8f02-12c0acb3e2b1@localhost,AlwaysDefect,D,player_c6eab88c-8170-4016-a9a7-e28eb1ab3c11@localhost,WinStayLoseShift,D,1,1,693,63
127,player_6ebe71f5-6ea3-4c3f-8f02-12c0acb3e2b1@localhost,AlwaysDefect,D,player_c6eab88c-8170-4016-a9a7-e28eb1ab3c11@localhost,WinStayLoseShift,C,10,0,703,63
128,player_6ebe71f5-6ea3-4c3f-8f02-12c0acb3e2b1@localhost,AlwaysDefect,D,player_c6eab88c-8170-4016-a9a7-e28eb1ab3c11@localhost,WinStayLoseShift,D,1,1,704,64
129,player_6ebe71f5-6ea3-4c3f-8f02-12c0acb3e2b1@localhost,AlwaysDefect,D,player_c6eab88c-8170-4016-a9a7-e28eb1ab3c11@localhost,WinStayLoseShift,C,10,0,714,64
130,player_6ebe71f5-6ea3-4c3f-8f02-12c0acb3e2b1@localhost,AlwaysDefect,D,player_c6eab88c-8170-4016-a9a7-e28eb1ab3c11@localhost,WinStayLoseShift,D,1,1,715,65
131,player_6ebe71f5-6ea3-4c3f-8f02-12c0acb3e2b1@localhost,AlwaysDefect,D,player_c6eab88c-8170-4016-a9a7-e28eb1ab3c11@localhost,WinStayLoseShift,C,10,0,725,65
132,player_6ebe71f5-6ea3-4c3f-8f02-12c0acb3e2b1@localhost,AlwaysDefect,D,player_c6eab88c-8170-4016-a9a7-e28eb1ab3c11@localhost,WinStayLoseShift,D,1,1,726,66
133,player_6ebe71f5-6ea3-4c3f-8f02-12c0acb3e2b1@localhost,AlwaysDefect,D,player_c6eab88c-8170-4016-a9a7-e28eb1ab3c11@localhost,WinStayLoseShift,C,10,0,736,66
134,player_6ebe71f5-6ea3-4c3f-8f02-12c0acb3e2b1@localhost,AlwaysDefect,D,player_c6eab88c-8170-4016-a9a7-e28eb1ab3c11@localhost,WinStayLoseShift,D,1,1,737,67
135,player_6ebe71f5-6ea3-4c3f-8f02-12c0acb3e2b1@localhost,AlwaysDefect,D,player_c6eab88c-8170-4016-a9a7-e28eb1ab3c11@localhost,WinStayLoseShift,C,10,0,747,67
136,player_6ebe71f5-6ea3-4c3f-8f02-12c0acb3e2b1@localhost,AlwaysDefect,D,player_c6eab88c-8170-4016-a9a7-e28eb1ab3c11@localhost,WinStayLoseShift,D,1,1,748,68
137,player_6ebe71f5-6ea3-4c3f-8f02-12c0acb3e2b1@localhost,AlwaysDefect,D,player_c6eab88c-8170-4016-a9a7-e28eb1ab3c11@localhost,WinStayLoseShift,C,10,0,758,68
138,player_6ebe71f5-6ea3-4c3f-8f02-12c0acb3e2b1@localhost,AlwaysDefect,D,player_c6eab88c-8170-4016-a9a7-e28eb1ab3c11@localhost,WinStayLoseShift,D,1,1,759,69
139,player_6ebe71f5-6ea3-4c3f-8f02-12c0acb3e2b1@localhost,AlwaysDefect,D,player_c6eab88c-8170-4016-a9a7-e28eb1ab3c11@localhost,WinStayLoseShift,C,10,0,769,69
140,player_6ebe71f5-6ea3-4c3f-8f02-12c0acb3e2b1@localhost,AlwaysDefect,D,player_c6eab88c-8170-4016-a9a7-e28eb1ab3c11@localhost,WinStayLoseShift,D,1,1,770,70
141,player_6ebe71f5-6ea3-4c3f-8f02-12c0acb3e2b1@localhost,AlwaysDefect,D,player_c6eab88c-8170-4016-a9a7-e28eb1ab3c11@localhost,WinStayLoseShift,C,10,0,780,70
142,player_6ebe71f5-6ea3-4c3f-8f02-12c0acb3e2b1@localhost,AlwaysDefect,D,player_c6eab88c-8170-4016-a9a7-e28eb1ab3c11@localhost,WinStayLoseShift,D,1,1,781,71
143,player_6ebe71f5-6ea3-4c3f-8f02-12c0acb3e2b1@localhost,AlwaysDefect,D,player_c6eab88c-8170-4016-a9a7-e28eb1ab3c11@localhost,WinStayLoseShift,C,10,0,791,71
144,player_6ebe71f5-6ea3-4c3f-8f02-12c0acb3e2b1@localhost,AlwaysDefect,D,player_c6eab88c-8170-4016-a9a7-e28eb1ab3c11@localhost,WinStayLoseShift,D,1,1,792,72
145,player_6ebe71f5-6ea3-4c3f-8f02-12c0acb3e2b1@localhost,AlwaysDefect,D,player_c6eab88c-8170-4016-a9a7-e28eb1ab3c11@localhost,WinStayLoseShift,C,10,0,802,72
146,player_6ebe71f5-6ea3-4c3f-8f02-12c0acb3e2b1@localhost,AlwaysDefect,D,player_c6eab88c-8170-4016-a9a7-e28eb1ab3c11@localhost,WinStayLoseShift,D,1,1,803,73
147,player_6ebe71f5-6ea3-4c3f-8f02-12c0acb3e2b1@localhost,AlwaysDefect,D,player_c6eab88c-8170-4016-a9a7-e28eb1ab3c11@localhost,WinStayLoseShift,C,10,0,813,73
148,player_6ebe71f5-6ea3-4c3f-8f02-12c0acb3e2b1@localhost,AlwaysDefect,D,player_c6eab88c-8170-4016-a9a7-e28eb1ab3c11@localhost,WinStayLoseShift,D,1,1,814,74
149,player_6ebe71f5-6ea3-4c3f-8f02-12c0acb3e2b1@localhost,AlwaysDefect,D,player_c6eab88c-8170-4016-a9a7-e28eb1ab3c11@localhost,WinStayLoseShift,C,10,0,824,74
150,player_6ebe71f5-6ea3-4c3f-8f02-12c0acb3e2b1@localhost,AlwaysDefect,D,player_c6eab88c-8170-4016-a9a7-e28eb1ab3c11@localhost,WinStayLoseShift,D,1,1,825,75
151,player_6ebe71f5-6ea3-4c3f-8f02-12c0acb3e2b1@localhost,AlwaysDefect,D,player_c6eab88c-8170-4016-a9a7-e28eb1ab3c11@localhost,WinStayLoseShift,C,10,0,835,75
152,player_6ebe71f5-6ea3-4c3f-8f02-12c0acb3e2b1@localhost,AlwaysDefect,D,player_c6eab88c-8170-4016-a9a7-e28eb1ab3c11@localhost,WinStayLoseShift,D,1,1,836,76
153,player_6ebe71f5-6ea3-4c3f-8f02-12c0acb3e2b1@localhost,AlwaysDefect,D,player_c6eab88c-8170-4016-a9a7-e28eb1ab3c11@localhost,WinStayLoseShift,C,10,0,846,76
154,player_6ebe71f5-6ea3-4c3f-8f02-12c0acb3e2b1@localhost,AlwaysDefect,D,player_c6eab88c-8170-4016-a9a7-e28eb1ab3c11@localhost,WinStayLoseShift,D,1,1,847,77
155,player_6ebe71f5-6ea3-4c3f-8f02-12c0acb3e2b1@localhost,AlwaysDefect,D,player_c6eab88c-8170-4016-a9a7-e28eb1ab3c11@localhost,WinStayLoseShift,C,10,0,857,77
156,player_6ebe71f5-6ea3-4c3f-8f02-12c0acb3e2b1@localhost,AlwaysDefect,D,player_c6eab88c-8170-4016-a9a7-e28eb1ab3c11@localhost,WinStayLoseShift,D,1,1,858,78
157,player_6ebe71f5-6ea3-4c3f-8f02-12c0acb3e2b1@localhost,AlwaysDefect,D,player_c6eab88c-8170-4016-a9a7-e28eb1ab3c11@localhost,WinStayLoseShift,C,10,0,868,78
158,player_6ebe71f5-6ea3-4c3f-8f02-12c0acb3e2b1@localhost,AlwaysDefect,D,player_c6eab88c-8170-4016-a9a7-e28eb1ab3c11@localhost,WinStayLoseShift,D,1,1,869,79
159,player_6ebe71f5-6ea3-4c3f-8f02-12c0acb3e2b1@localhost,AlwaysDefect,D,player_c6eab88c-8170-4016-a9a7-e28eb1ab3c11@localhost,WinStayLoseShift,C,10,0,879,79
160,player_6ebe71f5-6ea3-4c3f-8f02-12c0acb3e2b1@localhost,AlwaysDefect,D,player_c6eab88c-8170-4016-a9a7-e28eb1ab3c11@localhost,WinStayLoseShift,D,1,1,880,80
161,player_6ebe71f5-6ea3-4c3f-8f02-12c0acb3e2b1@localhost,AlwaysDefect,D,player_c6eab88c-8170-4016-a9a7-e28eb1ab3c11@localhost,WinStayLoseShift,C,10,0,890,80
162,player_6ebe71f5-6ea3-4c3f-8f02-12c0acb3e2b1@localhost,AlwaysDefect,D,player_c6eab88c-8170-4016-a9a7-e28eb1ab3c11@localhost,WinStayLoseShift,D,1,1,891,81
163,player_6ebe71f5-6ea3-4c3f-8f02-12c0acb3e2b1@localhost,AlwaysDefect,D,player_c6eab88c-8170-4016-a9a7-e28eb1ab3c11@localhost,WinStayLoseShift,C,10,0,901,81
164,player_6ebe71f5-6ea3-4c3f-8f02-12c0acb3e2b1@localhost,AlwaysDefect,D,player_c6eab88c-8170-4016-a9a7-e28eb1ab3c11@localhost,WinStayLoseShift,D,1,1,902,82
165,player_6ebe71f5-6ea3-4c3f-8f02-12c0acb3e2b1@localhost,AlwaysDefect,D,player_c6eab88c-8170-4016-a9a7-e28eb1ab3c11@localhost,WinStayLoseShift,C,10,0,912,82
166,player_6ebe71f5-6ea3-4c3f-8f02-12c0acb3e2b1@localhost,AlwaysDefect,D,player_c6eab88c-8170-4016-a9a7-e28eb1ab3c11@localhost,WinStayLoseShift,D,1,1,913,83
167,player_6ebe71f5-6ea3-4c3f-8f02-12c0acb3e2b1@localhost,AlwaysDefect,D,player_c6eab88c-8170-4016-a9a7-e28eb1ab3c11@localhost,WinStayLoseShift,C,10,0,923,83
168,player_6ebe71f5-6ea3-4c3f-8f02-12c0acb3e2b1@localhost,AlwaysDefect,D,player_c6eab88c-8170-4016-a9a7-e28eb1ab3c11@localhost,WinStayLoseShift,D,1,1,924,84
169,player_6ebe71f5-6ea3-4c3f-8f02-12c0acb3e2b1@localhost,AlwaysDefect,D,player_c6eab88c-8170-4016-a9a7-e28eb1ab3c11@localhost,WinStayLoseShift,C,10,0,934,84
170,player_6ebe71f5-6ea3-4c3f-8f02-12c0acb3e2b1@localhost,AlwaysDefect,D,player_c6eab88c-8170-4016-a9a7-e28eb1ab3c11@localhost,WinStayLoseShift,D,1,1,935,85
171,player_6ebe71f5-6ea3-4c3f-8f02-12c0acb3e2b1@localhost,AlwaysDefect,D,player_c6eab88c-8170-4016-a9a7-e28eb1ab3c11@localhost,WinStayLoseShift,C,10,0,945,85
172,player_6ebe71f5-6ea3-4c3f-8f02-12c0acb3e2b1@localhost,AlwaysDefect,D,player_c6eab88c-8170-4016-a9a7-e28eb1ab3c11@localhost,WinStayLoseShift,D,1,1,946,86
173,player_6ebe71f5-6ea3-4c3f-8f02-12c0acb3e2b1@localhost,AlwaysDefect,D,player_c6eab88c-8170-4016-a9a7-e28eb1ab3c11@localhost,WinStayLoseShift,C,10,0,956,86
174,player_6ebe71f5-6ea3-4c3f-8f02-12c0acb3e2b1@localhost,AlwaysDefect,D,player_c6eab88c-8170-4016-a9a7-e28eb1ab3c11@localhost,WinStayLoseShift,D,1,1,957,87
175,player_6ebe71f5-6ea3-4c3f-8f02-12c0acb3e2b1@localhost,AlwaysDefect,D,player_c6eab88c-8170-4016-a9a7-e28eb1ab3c11@localhost,WinStayLoseShift,C,10,0,967,87
176,player_6ebe71f5-6ea3-4c3f-8f02-12c0acb3e2b1@localhost,AlwaysDefect,D,player_c6eab88c-8170-4016-a9a7-e28eb1ab3c11@localhost,WinStayLoseShift,D,1,1,968,88
177,player_6ebe71f5-6ea3-4c3f-8f02-12c0acb3e2b1@localhost,AlwaysDefect,D,player_c6eab88c-8170-4016-a9a7-e28eb1ab3c11@localhost,WinStayLoseShift,C,10,0,978,88
178,player_6ebe71f5-6ea3-4c3f-8f02-12c0acb3e2b1@localhost,AlwaysDefect,D,player_c6eab88c-8170-4016-a9a7-e28eb1ab3c11@localhost,WinStayLoseShift,D,1,1,979,89
179,player_6ebe71f5-6ea3-4c3f-8f02-12c0acb3e2b1@localhost,AlwaysDefect,D,player_c6eab88c-8170-4016-a9a7-e28eb1ab3c11@localhost,WinStayLoseShift,C,10,0,989,89
180,player_6ebe71f5-6ea3-4c3f-8f02-12c0acb3e2b1@localhost,AlwaysDefect,D,player_c6eab88c-8170-4016-a9a7-e28eb1ab3c11@localhost,WinStayLoseShift,D,1,1,990,90
181,player_6ebe71f5-6ea3-4c3f-8f02-12c0acb3e2b1@localhost,AlwaysDefect,D,player_c6eab88c-8170-4016-a9a7-e28eb1ab3c11@localhost,WinStayLoseShift,C,10,0,1000,90
182,player_6ebe71f5-6ea3-4c3f-8f02-12c0acb3e2b1@localhost,AlwaysDefect,D,player_c6eab88c-8170-4016-a9a7-e28eb1ab3c11@localhost,WinStayLoseShift,D,1,1,1001,91
183,player_6ebe71f5-6ea3-4c3f-8f02-12c0acb3e2b1@localhost,AlwaysDefect,D,player_c6eab88c-8170-4016-a9a7-e28eb1ab3c11@localhost,WinStayLoseShift,C,10,0,1011,91
184,player_6ebe71f5-6ea3-4c3f-8f02-12c0acb3e2b1@localhost,AlwaysDefect,D,player_c6eab88c-8170-4016-a9a7-e28eb1ab3c11@localhost,WinStayLoseShift,D,1,1,1012,92
185,player_6ebe71f5-6ea3-4c3f-8f02-12c0acb3e2b1@localhost,AlwaysDefect,D,player_c6eab88c-8170-4016-a9a7-e28eb1ab3c11@localhost,WinStayLoseShift,C,10,0,1022,92
186,player_6ebe71f5-6ea3-4c3f-8f02-12c0acb3e2b1@localhost,AlwaysDefect,D,player_c6eab88c-8170-4016-a9a7-e28eb1ab3c11@localhost,WinStayLoseShift,D,1,1,1023,93
187,player_6ebe71f5-6ea3-4c3f-8f02-12c0acb3e2b1@localhost,AlwaysDefect,D,player_c6eab88c-8170-4016-a9a7-e28eb1ab3c11@localhost,WinStayLoseShift,C,10,0,1033,93
188,player_6ebe71f5-6ea3-4c3f-8f02-12c0acb3e2b1@localhost,AlwaysDefect,D,player_c6eab88c-8170-4016-a9a7-e28eb1ab3c11@localhost,WinStayLoseShift,D,1,1,1034,94
189,player_6ebe71f5-6ea3-4c3f-8f02-12c0acb3e2b1@localhost,AlwaysDefect,D,player_c6eab88c-8170-4016-a9a7-e28eb1ab3c11@localhost,WinStayLoseShift,C,10,0,1044,94
190,player_6ebe71f5-6ea3-4c3f-8f02-12c0acb3e2b1@localhost,AlwaysDefect,D,player_c6eab88c-8170-4016-a9a7-e28eb1ab3c11@localhost,WinStayLoseShift,D,1,1,1045,95
191,player_6ebe71f5-6ea3-4c3f-8f02-12c0acb3e2b1@localhost,AlwaysDefect,D,player_c6eab88c-8170-4016-a9a7-e28eb1ab3c11@localhost,WinStayLoseShift,C,10,0,1055,95
192,player_6ebe71f5-6ea3-4c3f-8f02-12c0acb3e2b1@localhost,AlwaysDefect,D,player_c6eab88c-8170-4016-a9a7-e28eb1ab3c11@localhost,WinStayLoseShift,D,1,1,1056,96
193,player_6ebe71f5-6ea3-4c3f-8f02-12c0acb3e2b1@localhost,AlwaysDefect,D,player_c6eab88c-8170-4016-a9a7-e28eb1ab3c11@localhost,WinStayLoseShift,C,10,0,1066,96
194,player_6ebe71f5-6ea3-4c3f-8f02-12c0acb3e2b1@localhost,AlwaysDefect,D,player_c6eab88c-8170-4016-a9a7-e28eb1ab3c11@localhost,WinStayLoseShift,D,1,1,1067,97
195,player_6ebe71f5-6ea3-4c3f-8f02-12c0acb3e2b1@localhost,AlwaysDefect,D,player_c6eab88c-8170-4016-a9a7-e28eb1ab3c11@localhost,WinStayLoseShift,C,10,0,1077,97
196,player_6ebe71f5-6ea3-4c3f-8f02-12c0acb3e2b1@localhost,AlwaysDefect,D,player_c6eab88c-8170-4016-a9a7-e28eb1ab3c11@localhost,WinStayLoseShift,D,1,1,1078,98
197,player_6ebe71f5-6ea3-4c3f-8f02-12c0acb3e2b1@localhost,AlwaysDefect,D,player_c6eab88c-8170-4016-a9a7-e28eb1ab3c11@localhost,WinStayLoseShift,C,10,0,1088,98
198,player_6ebe71f5-6ea3-4c3f-8f02-12c0acb3e2b1@localhost,AlwaysDefect,D,player_c6eab88c-8170-4016-a9a7-e28eb1ab3c11@localhost,WinStayLoseShift,D,1,1,1089,99
199,player_6ebe71f5-6ea3-4c3f-8f02-12c0acb3e2b1@localhost,AlwaysDefect,D,player_c6eab88c-8170-4016-a9a7-e28eb1ab3c11@localhost,WinStayLoseShift,C,10,0,1099,99
200,player_6ebe71f5-6ea3-4c3f-8f02-12c0acb3e2b1@localhost,AlwaysDefect,D,player_c6eab88c-8170-4016-a9a7-e28eb1ab3c11@localhost,WinStayLoseShift,D,1,1,1100,100
201,player_6ebe71f5-6ea3-4c3f-8f02-12c0acb3e2b1@localhost,AlwaysDefect,D,player_c6eab88c-8170-4016-a9a7-e28eb1ab3c11@localhost,WinStayLoseShift,C,10,0,1110,100
202,player_6ebe71f5-6ea3-4c3f-8f02-12c0acb3e2b1@localhost,AlwaysDefect,D,player_c6eab88c-8170-4016-a9a7-e28eb1ab3c11@localhost,WinStayLoseShift,D,1,1,1111,101
203,player_6ebe71f5-6ea3-4c3f-8f02-12c0acb3e2b1@localhost,AlwaysDefect,D,player_c6eab88c-8170-4016-a9a7-e28eb1ab3c11@localhost,WinStayLoseShift,C,10,0,1121,101
204,player_6ebe71f5-6ea3-4c3f-8f02-12c0acb3e2b1@localhost,AlwaysDefect,D,player_c6eab88c-8170-4016-a9a7-e28eb1ab3c11@localhost,WinStayLoseShift,D,1,1,1122,102
205,player_6ebe71f5-6ea3-4c3f-8f02-12c0acb3e2b1@localhost,AlwaysDefect,D,player_c6eab88c-8170-4016-a9a7-e28eb1ab3c11@localhost,WinStayLoseShift,C,10,0,1132,102
206,player_6ebe71f5-6ea3-4c3f-8f02-12c0acb3e2b1@localhost,AlwaysDefect,D,player_c6eab88c-8170-4016-a9a7-e28eb1ab3c11@localhost,WinStayLoseShift,D,1,1,1133,103
207,player_6ebe71f5-6ea3-4c3f-8f02-12c0acb3e2b1@localhost,AlwaysDefect,D,player_c6eab88c-8170-4016-a9a7-e28eb1ab3c11@localhost,WinStayLoseShift,C,10,0,1143,103
208,player_6ebe71f5-6ea3-4c3f-8f02-12c0acb3e2b1@localhost,AlwaysDefect,D,player_c6eab88c-8170-4016-a9a7-e28eb1ab3c11@localhost,WinStayLoseShift,D,1,1,1144,104
209,player_6ebe71f5-6ea3-4c3f-8f02-12c0acb3e2b1@localhost,AlwaysDefect,D,player_c6eab88c-8170-4016-a9a7-e28eb1ab3c11@localhost,WinStayLoseShift,C,10,0,1154,104
210,player_6ebe71f5-6ea3-4c3f-8f02-12c0acb3e2b1@localhost,AlwaysDefect,D,player_c6eab88c-8170-4016-a9a7-e28eb1ab3c11@localhost,WinStayLoseShift,D,1,1,1155,105
211,player_6ebe71f5-6ea3-4c3f-8f02-12c0acb3e2b1@localhost,AlwaysDefect,D,player_c6eab88c-8170-4016-a9a7-e28eb1ab3c11@localhost,WinStayLoseShift,C,10,0,1165,105
212,player_6ebe71f5-6ea3-4c3f-8f02-12c0acb3e2b1@localhost,AlwaysDefect,D,player_c6eab88c-8170-4016-a9a7-e28eb1ab3c11@localhost,WinStayLoseShift,D,1,1,1166,106
213,player_6ebe71f5-6ea3-4c3f-8f02-12c0acb3e2b1@localhost,AlwaysDefect,D,player_c6eab88c-8170-4016-a9a7-e28eb1ab3c11@localhost,WinStayLoseShift,C,10,0,1176,106
214,player_6ebe71f5-6ea3-4c3f-8f02-12c0acb3e2b1@localhost,AlwaysDefect,D,player_c6eab88c-8170-4016-a9a7-e28eb1ab3c11@localhost,WinStayLoseShift,D,1,1,1177,107
215,player_6ebe71f5-6ea3-4c3f-8f02-12c0acb3e2b1@localhost,AlwaysDefect,D,player_c6eab88c-8170-4016-a9a7-e28eb1ab3c11@localhost,WinStayLoseShift,C,10,0,1187,107
216,player_6ebe71f5-6ea3-4c3f-8f02-12c0acb3e2b1@localhost,AlwaysDefect,D,player_c6eab88c-8170-4016-a9a7-e28eb1ab3c11@localhost,WinStayLoseShift,D,1,1,1188,108
217,player_6ebe71f5-6ea3-4c3f-8f02-12c0acb3e2b1@localhost,AlwaysDefect,D,player_c6eab88c-8170-4016-a9a7-e28eb1ab3c11@localhost,WinStayLoseShift,C,10,0,1198,108
218,player_6ebe71f5-6ea3-4c3f-8f02-12c0acb3e2b1@localhost,AlwaysDefect,D,player_c6eab88c-8170-4016-a9a7-e28eb1ab3c11@localhost,WinStayLoseShift,D,1,1,1199,109
219,player_6ebe71f5-6ea3-4c3f-8f02-12c0acb3e2b1@localhost,AlwaysDefect,D,player_c6eab88c-8170-4016-a9a7-e28eb1ab3c11@localhost,WinStayLoseShift,C,10,0,1209,109
220,player_6ebe71f5-6ea3-4c3f-8f02-12c0acb3e2b1@localhost,AlwaysDefect,D,player_c6eab88c-8170-4016-a9a7-e28eb1ab3c11@localhost,WinStayLoseShift,D,1,1,1210,110
221,player_6ebe71f5-6ea3-4c3f-8f02-12c0acb3e2b1@localhost,AlwaysDefect,D,player_c6eab88c-8170-4016-a9a7-e28eb1ab3c11@localhost,WinStayLoseShift,C,10,0,1220,110
222,player_6ebe71f5-6ea3-4c3f-8f02-12c0acb3e2b1@localhost,AlwaysDefect,D,player_c6eab88c-8170-4016-a9a7-e28eb1ab3c11@localhost,WinStayLoseShift,D,1,1,1221,111
223,player_6ebe71f5-6ea3-4c3f-8f02-12c0acb3e2b1@localhost,AlwaysDefect,D,player_c6eab88c-8170-4016-a9a7-e28eb1ab3c11@localhost,WinStayLoseShift,C,10,0,1231,111
224,player_6ebe71f5-6ea3-4c3f-8f02-12c0acb3e2b1@localhost,AlwaysDefect,D,player_c6eab88c-8170-4016-a9a7-e28eb1ab3c11@localhost,WinStayLoseShift,D,1,1,1232,112
225,player_6ebe71f5-6ea3-4c3f-8f02-12c0acb3e2b1@localhost,AlwaysDefect,D,player_c6eab88c-8170-4016-a9a7-e28eb1ab3c11@localhost,WinStayLoseShift,C,10,0,1242,112
226,player_6ebe71f5-6ea3-4c3f-8f02-12c0acb3e2b1@localhost,AlwaysDefect,D,player_c6eab88c-8170-4016-a9a7-e28eb1ab3c11@localhost,WinStayLoseShift,D,1,1,1243,113
227,player_6ebe71f5-6ea3-4c3f-8f02-12c0acb3e2b1@localhost,AlwaysDefect,D,player_c6eab88c-8170-4016-a9a7-e28eb1ab3c11@localhost,WinStayLoseShift,C,10,0,1253,113
228,player_6ebe71f5-6ea3-4c3f-8f02-12c0acb3e2b1@localhost,AlwaysDefect,D,player_c6eab88c-8170-4016-a9a7-e28eb1ab3c11@localhost,WinStayLoseShift,D,1,1,1254,114
229,player_6ebe71f5-6ea3-4c3f-8f02-12c0acb3e2b1@localhost,AlwaysDefect,D,player_c6eab88c-8170-4016-a9a7-e28eb1ab3c11@localhost,WinStayLoseShift,C,10,0,1264,114
230,player_6ebe71f5-6ea3-4c3f-8f02-12c0acb3e2b1@localhost,AlwaysDefect,D,player_c6eab88c-8170-4016-a9a7-e28eb1ab3c11@localhost,WinStayLoseShift,D,1,1,1265,115
231,player_6ebe71f5-6ea3-4c3f-8f02-12c0acb3e2b1@localhost,AlwaysDefect,D,player_c6eab88c-8170-4016-a9a7-e28eb1ab3c11@localhost,WinStayLoseShift,C,10,0,1275,115
232,player_6ebe71f5-6ea3-4c3f-8f02-12c0acb3e2b1@localhost,AlwaysDefect,D,player_c6eab88c-8170-4016-a9a7-e28eb1ab3c11@localhost,WinStayLoseShift,D,1,1,1276,116
233,player_6ebe71f5-6ea3-4c3f-8f02-12c0acb3e2b1@localhost,AlwaysDefect,D,player_c6eab88c-8170-4016-a9a7-e28eb1ab3c11@localhost,WinStayLoseShift,C,10,0,1286,116
234,player_6ebe71f5-6ea3-4c3f-8f02-12c0acb3e2b1@localhost,AlwaysDefect,D,player_c6eab88c-8170-4016-a9a7-e28eb1ab3c11@localhost,WinStayLoseShift,D,1,1,1287,117
235,player_6ebe71f5-6ea3-4c3f-8f02-12c0acb3e2b1@localhost,AlwaysDefect,D,player_c6eab88c-8170-4016-a9a7-e28eb1ab3c11@localhost,WinStayLoseShift,C,10,0,1297,117
236,player_6ebe71f5-6ea3-4c3f-8f02-12c0acb3e2b1@localhost,AlwaysDefect,D,player_c6eab88c-8170-4016-a9a7-e28eb1ab3c11@localhost,WinStayLoseShift,D,1,1,1298,118
237,player_6ebe71f5-6ea3-4c3f-8f02-12c0acb3e2b1@localhost,AlwaysDefect,D,player_c6eab88c-8170-4016-a9a7-e28eb1ab3c11@localhost,WinStayLoseShift,C,10,0,1308,118
238,player_6ebe71f5-6ea3-4c3f-8f02-12c0acb3e2b1@localhost,AlwaysDefect,D,player_c6eab88c-8170-4016-a9a7-e28eb1ab3c11@localhost,WinStayLoseShift,D,1,1,1309,119
239,player_6ebe71f5-6ea3-4c3f-8f02-12c0acb3e2b1@localhost,AlwaysDefect,D,player_c6eab88c-8170-4016-a9a7-e28eb1ab3c11@localhost,WinStayLoseShift,C,10,0,1319,119
240,player_6ebe71f5-6ea3-4c3f-8f02-12c0acb3e2b1@localhost,AlwaysDefect,D,player_c6eab88c-8170-4016-a9a7-e28eb1ab3c11@localhost,WinStayLoseShift,D,1,1,1320,120
241,player_6ebe71f5-6ea3-4c3f-8f02-12c0acb3e2b1@localhost,AlwaysDefect,D,player_c6eab88c-8170-4016-a9a7-e28eb1ab3c11@localhost,WinStayLoseShift,C,10,0,1330,120
242,player_6ebe71f5-6ea3-4c3f-8f02-12c0acb3e2b1@localhost,AlwaysDefect,D,player_c6eab88c-8170-4016-a9a7-e28eb1ab3c11@localhost,WinStayLoseShift,D,1,1,1331,121
243,player_6ebe71f5-6ea3-4c3f-8f02-12c0acb3e2b1@localhost,AlwaysDefect,D,player_c6eab88c-8170-4016-a9a7-e28eb1ab3c11@localhost,WinStayLoseShift,C,10,0,1341,121
244,player_6ebe71f5-6ea3-4c3f-8f02-12c0acb3e2b1@localhost,AlwaysDefect,D,player_c6eab88c-8170-4016-a9a7-e28eb1ab3c11@localhost,WinStayLoseShift,D,1,1,1342,122
245,player_6ebe71f5-6ea3-4c3f-8f02-12c0acb3e2b1@localhost,AlwaysDefect,D,player_c6eab88c-8170-4016-a9a7-e28eb1ab3c11@localhost,WinStayLoseShift,C,10,0,1352,122
246,player_6ebe71f5-6ea3-4c3f-8f02-12c0acb3e2b1@localhost,AlwaysDefect,D,player_c6eab88c-8170-4016-a9a7-e28eb1ab3c11@localhost,WinStayLoseShift,D,1,1,1353,123
247,player_6ebe71f5-6ea3-4c3f-8f02-12c0acb3e2b1@localhost,AlwaysDefect,D,player_c6eab88c-8170-4016-a9a7-e28eb1ab3c11@localhost,WinStayLoseShift,C,10,0,1363,123
248,player_6ebe71f5-6ea3-4c3f-8f02-12c0acb3e2b1@localhost,AlwaysDefect,D,player_c6eab88c-8170-4016-a9a7-e28eb1ab3c11@localhost,WinStayLoseShift,D,1,1,1364,124
249,player_6ebe71f5-6ea3-4c3f-8f02-12c0acb3e2b1@localhost,AlwaysDefect,D,player_c6eab88c-8170-4016-a9a7-e28eb1ab3c11@localhost,WinStayLoseShift,C,10,0,1374,124
250,player_6ebe71f5-6ea3-4c3f-8f02-12c0acb3e2b1@localhost,AlwaysDefect,D,player_c6eab88c-8170-4016-a9a7-e28eb1ab3c11@localhost,WinStayLoseShift,D,1,1,1375,125
251,player_6ebe71f5-6ea3-4c3f-8f02-12c0acb3e2b1@localhost,AlwaysDefect,D,player_c6eab88c-8170-4016-a9a7-e28eb1ab3c11@localhost,WinStayLoseShift,C,10,0,1385,125
252,player_6ebe71f5-6ea3-4c3f-8f02-12c0acb3e2b1@localhost,AlwaysDefect,D,player_c6eab88c-8170-4016-a9a7-e28eb1ab3c11@localhost,WinStayLoseShift,D,1,1,1386,126
253,player_6ebe71f5-6ea3-4c3f-8f02-12c0acb3e2b1@localhost,AlwaysDefect,D,player_c6eab88c-8170-4016-a9a7-e28eb1ab3c11@localhost,WinStayLoseShift,C,10,0,1396,126
254,player_6ebe71f5-6ea3-4c3f-8f02-12c0acb3e2b1@localhost,AlwaysDefect,D,player_c6eab88c-8170-4016-a9a7-e28eb1ab3c11@localhost,WinStayLoseShift,D,1,1,1397,127
255,player_6ebe71f5-6ea3-4c3f-8f02-12c0acb3e2b1@localhost,AlwaysDefect,D,player_c6eab88c-8170-4016-a9a7-e28eb1ab3c11@localhost,WinStayLoseShift,C,10,0,1407,127
256,player_6ebe71f5-6ea3-4c3f-8f02-12c0acb3e2b1@localhost,AlwaysDefect,D,player_c6eab88c-8170-4016-a9a7-e28eb1ab3c11@localhost,WinStayLoseShift,D,1,1,1408,128
257,player_6ebe71f5-6ea3-4c3f-8f02-12c0acb3e2b1@localhost,AlwaysDefect,D,player_c6eab88c-8170-4016-a9a7-e28eb1ab3c11@localhost,WinStayLoseShift,C,10,0,1418,128
258,player_6ebe71f5-6ea3-4c3f-8f02-12c0acb3e2b1@localhost,AlwaysDefect,D,player_c6eab88c-8170-4016-a9a7-e28eb1ab3c11@localhost,WinStayLoseShift,D,1,1,1419,129
259,player_6ebe71f5-6ea3-4c3f-8f02-12c0acb3e2b1@localhost,AlwaysDefect,D,player_c6eab88c-8170-4016-a9a7-e28eb1ab3c11@localhost,WinStayLoseShift,C,10,0,1429,129
260,player_6ebe71f5-6ea3-4c3f-8f02-12c0acb3e2b1@localhost,AlwaysDefect,D,player_c6eab88c-8170-4016-a9a7-e28eb1ab3c11@localhost,WinStayLoseShift,D,1,1,1430,130
261,player_6ebe71f5-6ea3-4c3f-8f02-12c0acb3e2b1@localhost,AlwaysDefect,D,player_c6eab88c-8170-4016-a9a7-e28eb1ab3c11@localhost,WinStayLoseShift,C,10,0,1440,130
262,player_6ebe71f5-6ea3-4c3f-8f02-12c0acb3e2b1@localhost,AlwaysDefect,D,player_c6eab88c-8170-4016-a9a7-e28eb1ab3c11@localhost,WinStayLoseShift,D,1,1,1441,131
263,player_6ebe71f5-6ea3-4c3f-8f02-12c0acb3e2b1@localhost,AlwaysDefect,D,player_c6eab88c-8170-4016-a9a7-e28eb1ab3c11@localhost,WinStayLoseShift,C,10,0,1451,131
264,player_6ebe71f5-6ea3-4c3f-8f02-12c0acb3e2b1@localhost,AlwaysDefect,D,player_c6eab88c-8170-4016-a9a7-e28eb1ab3c11@localhost,WinStayLoseShift,D,1,1,1452,132
265,player_6ebe71f5-6ea3-4c3f-8f02-12c0acb3e2b1@localhost,AlwaysDefect,D,player_c6eab88c-8170-4016-a9a7-e28eb1ab3c11@localhost,WinStayLoseShift,C,10,0,1462,132
266,player_6ebe71f5-6ea3-4c3f-8f02-12c0acb3e2b1@localhost,AlwaysDefect,D,player_c6eab88c-8170-4016-a9a7-e28eb1ab3c11@localhost,WinStayLoseShift,D,1,1,1463,133
267,player_6ebe71f5-6ea3-4c3f-8f02-12c0acb3e2b1@localhost,AlwaysDefect,D,player_c6eab88c-8170-4016-a9a7-e28eb1ab3c11@localhost,WinStayLoseShift,C,10,0,1473,133
268,player_6ebe71f5-6ea3-4c3f-8f02-12c0acb3e2b1@localhost,AlwaysDefect,D,player_c6eab88c-8170-4016-a9a7-e28eb1ab3c11@localhost,WinStayLoseShift,D,1,1,1474,134
269,player_6ebe71f5-6ea3-4c3f-8f02-12c0acb3e2b1@localhost,AlwaysDefect,D,player_c6eab88c-8170-4016-a9a7-e28eb1ab3c11@localhost,WinStayLoseShift,C,10,0,1484,134
270,player_6ebe71f5-6ea3-4c3f-8f02-12c0acb3e2b1@localhost,AlwaysDefect,D,player_c6eab88c-8170-4016-a9a7-e28eb1ab3c11@localhost,WinStayLoseShift,D,1,1,1485,135
271,player_6ebe71f5-6ea3-4c3f-8f02-12c0acb3e2b1@localhost,AlwaysDefect,D,player_c6eab88c-8170-4016-a9a7-e28eb1ab3c11@localhost,WinStayLoseShift,C,10,0,1495,135
272,player_6ebe71f5-6ea3-4c3f-8f02-12c0acb3e2b1@localhost,AlwaysDefect,D,player_c6eab88c-8170-4016-a9a7-e28eb1ab3c11@localhost,WinStayLoseShift,D,1,1,1496,136
273,player_6ebe71f5-6ea3-4c3f-8f02-12c0acb3e2b1@localhost,AlwaysDefect,D,player_c6eab88c-8170-4016-a9a7-e28eb1ab3c11@localhost,WinStayLoseShift,C,10,0,1506,136
274,player_6ebe71f5-6ea3-4c3f-8f02-12c0acb3e2b1@localhost,AlwaysDefect,D,player_c6eab88c-8170-4016-a9a7-e28eb1ab3c11@localhost,WinStayLoseShift,D,1,1,1507,137
275,player_6ebe71f5-6ea3-4c3f-8f02-12c0acb3e2b1@localhost,AlwaysDefect,D,player_c6eab88c-8170-4016-a9a7-e28eb1ab3c11@localhost,WinStayLoseShift,C,10,0,1517,137
276,player_6ebe71f5-6ea3-4c3f-8f02-12c0acb3e2b1@localhost,AlwaysDefect,D,player_c6eab88c-8170-4016-a9a7-e28eb1ab3c11@localhost,WinStayLoseShift,D,1,1,1518,138
277,player_6ebe71f5-6ea3-4c3f-8f02-12c0acb3e2b1@localhost,AlwaysDefect,D,player_c6eab88c-8170-4016-a9a7-e28eb1ab3c11@localhost,WinStayLoseShift,C,10,0,1528,138
278,player_6ebe71f5-6ea3-4c3f-8f02-12c0acb3e2b1@localhost,AlwaysDefect,D,player_c6eab88c-8170-4016-a9a7-e28eb1ab3c11@localhost,WinStayLoseShift,D,1,1,1529,139
279,player_6ebe71f5-6ea3-4c3f-8f02-12c0acb3e2b1@localhost,AlwaysDefect,D,player_c6eab88c-8170-4016-a9a7-e28eb1ab3c11@localhost,WinStayLoseShift,C,10,0,1539,139
280,player_6ebe71f5-6ea3-4c3f-8f02-12c0acb3e2b1@localhost,AlwaysDefect,D,player_c6eab88c-8170-4016-a9a7-e28eb1ab3c11@localhost,WinStayLoseShift,D,1,1,1540,140
281,player_6ebe71f5-6ea3-4c3f-8f02-12c0acb3e2b1@localhost,AlwaysDefect,D,player_c6eab88c-8170-4016-a9a7-e28eb1ab3c11@localhost,WinStayLoseShift,C,10,0,1550,140
282,player_6ebe71f5-6ea3-4c3f-8f02-12c0acb3e2b1@localhost,AlwaysDefect,D,player_c6eab88c-8170-4016-a9a7-e28eb1ab3c11@localhost,WinStayLoseShift,D,1,1,1551,141
283,player_6ebe71f5-6ea3-4c3f-8f02-12c0acb3e2b1@localhost,AlwaysDefect,D,player_c6eab88c-8170-4016-a9a7-e28eb1ab3c11@localhost,WinStayLoseShift,C,10,0,1561,141
284,player_6ebe71f5-6ea3-4c3f-8f02-12c0acb3e2b1@localhost,AlwaysDefect,D,player_c6eab88c-8170-4016-a9a7-e28eb1ab3c11@localhost,WinStayLoseShift,D,1,1,1562,142
285,player_6ebe71f5-6ea3-4c3f-8f02-12c0acb3e2b1@localhost,AlwaysDefect,D,player_c6eab88c-8170-4016-a9a7-e28eb1ab3c11@localhost,WinStayLoseShift,C,10,0,1572,142
286,player_6ebe71f5-6ea3-4c3f-8f02-12c0acb3e2b1@localhost,AlwaysDefect,D,player_c6eab88c-8170-4016-a9a7-e28eb1ab3c11@localhost,WinStayLoseShift,D,1,1,1573,143
287,player_6ebe71f5-6ea3-4c3f-8f02-12c0acb3e2b1@localhost,AlwaysDefect,D,player_c6eab88c-8170-4016-a9a7-e28eb1ab3c11@localhost,WinStayLoseShift,C,10,0,1583,143
288,player_6ebe71f5-6ea3-4c3f-8f02-12c0acb3e2b1@localhost,AlwaysDefect,D,player_c6eab88c-8170-4016-a9a7-e28eb1ab3c11@localhost,WinStayLoseShift,D,1,1,1584,144
289,player_6ebe71f5-6ea3-4c3f-8f02-12c0acb3e2b1@localhost,AlwaysDefect,D,player_c6eab88c-8170-4016-a9a7-e28eb1ab3c11@localhost,WinStayLoseShift,C,10,0,1594,144
290,player_6ebe71f5-6ea3-4c3f-8f02-12c0acb3e2b1@localhost,AlwaysDefect,D,player_c6eab88c-8170-4016-a9a7-e28eb1ab3c11@localhost,WinStayLoseShift,D,1,1,1595,145
291,player_6ebe71f5-6ea3-4c3f-8f02-12c0acb3e2b1@localhost,AlwaysDefect,D,player_c6eab88c-8170-4016-a9a7-e28eb1ab3c11@localhost,WinStayLoseShift,C,10,0,1605,145
292,player_6ebe71f5-6ea3-4c3f-8f02-12c0acb3e2b1@localhost,AlwaysDefect,D,player_c6eab88c-8170-4016-a9a7-e28eb1ab3c11@localhost,WinStayLoseShift,D,1,1,1606,146
293,player_6ebe71f5-6ea3-4c3f-8f02-12c0acb3e2b1@localhost,AlwaysDefect,D,player_c6eab88c-8170-4016-a9a7-e28eb1ab3c11@localhost,WinStayLoseShift,C,10,0,1616,146
294,player_6ebe71f5-6ea3-4c3f-8f02-12c0acb3e2b1@localhost,AlwaysDefect,D,player_c6eab88c-8170-4016-a9a7-e28eb1ab3c11@localhost,WinStayLoseShift,D,1,1,1617,147
295,player_6ebe71f5-6ea3-4c3f-8f02-12c0acb3e2b1@localhost,AlwaysDefect,D,player_c6eab88c-8170-4016-a9a7-e28eb1ab3c11@localhost,WinStayLoseShift,C,10,0,1627,147
296,player_6ebe71f5-6ea3-4c3f-8f02-12c0acb3e2b1@localhost,AlwaysDefect,D,player_c6eab88c-8170-4016-a9a7-e28eb1ab3c11@localhost,WinStayLoseShift,D,1,1,1628,148
297,player_6ebe71f5-6ea3-4c3f-8f02-12c0acb3e2b1@localhost,AlwaysDefect,D,player_c6eab88c-8170-4016-a9a7-e28eb1ab3c11@localhost,WinStayLoseShift,C,10,0,1638,148
298,player_6ebe71f5-6ea3-4c3f-8f02-12c0acb3e2b1@localhost,AlwaysDefect,D,player_c6eab88c-8170-4016-a9a7-e28eb1ab3c11@localhost,WinStayLoseShift,D,1,1,1639,149
299,player_6ebe71f5-6ea3-4c3f-8f02-12c0acb3e2b1@localhost,AlwaysDefect,D,player_c6eab88c-8170-4016-a9a7-e28eb1ab3c11@localhost,WinStayLoseShift,C,10,0,1649,149
300,player_6ebe71f5-6ea3-4c3f-8f02-12c0acb3e2b1@localhost,AlwaysDefect,D,player_c6eab88c-8170-4016-a9a7-e28eb1ab3c11@localhost,WinStayLoseShift,D,1,1,1650,150
301,player_6ebe71f5-6ea3-4c3f-8f02-12c0acb3e2b1@localhost,AlwaysDefect,D,player_c6eab88c-8170-4016-a9a7-e28eb1ab3c11@localhost,WinStayLoseShift,C,10,0,1660,150
302,player_6ebe71f5-6ea3-4c3f-8f02-12c0acb3e2b1@localhost,AlwaysDefect,D,player_c6eab88c-8170-4016-a9a7-e28eb1ab3c11@localhost,WinStayLoseShift,D,1,1,1661,151
303,player_6ebe71f5-6ea3-4c3f-8f02-12c0acb3e2b1@localhost,AlwaysDefect,D,player_c6eab88c-8170-4016-a9a7-e28eb1ab3c11@localhost,WinStayLoseShift,C,10,0,1671,151
304,player_6ebe71f5-6ea3-4c3f-8f02-12c0acb3e2b1@localhost,AlwaysDefect,D,player_c6eab88c-8170-4016-a9a7-e28eb1ab3c11@localhost,WinStayLoseShift,D,1,1,1672,152
305,player_6ebe71f5-6ea3-4c3f-8f02-12c0acb3e2b1@localhost,AlwaysDefect,D,player_c6eab88c-8170-4016-a9a7-e28eb1ab3c11@localhost,WinStayLoseShift,C,10,0,1682,152
306,player_6ebe71f5-6ea3-4c3f-8f02-12c0acb3e2b1@localhost,AlwaysDefect,D,player_c6eab88c-8170-4016-a9a7-e28eb1ab3c11@localhost,WinStayLoseShift,D,1,1,1683,153
307,player_6ebe71f5-6ea3-4c3f-8f02-12c0acb3e2b1@localhost,AlwaysDefect,D,player_c6eab88c-8170-4016-a9a7-e28eb1ab3c11@localhost,WinStayLoseShift,C,10,0,1693,153
308,player_6ebe71f5-6ea3-4c3f-8f02-12c0acb3e2b1@localhost,AlwaysDefect,D,player_c6eab88c-8170-4016-a9a7-e28eb1ab3c11@localhost,WinStayLoseShift,D,1,1,1694,154
309,player_6ebe71f5-6ea3-4c3f-8f02-12c0acb3e2b1@localhost,AlwaysDefect,D,player_c6eab88c-8170-4016-a9a7-e28eb1ab3c11@localhost,WinStayLoseShift,C,10,0,1704,154
310,player_6ebe71f5-6ea3-4c3f-8f02-12c0acb3e2b1@localhost,AlwaysDefect,D,player_c6eab88c-8170-4016-a9a7-e28eb1ab3c11@localhost,WinStayLoseShift,D,1,1,1705,155
311,player_6ebe71f5-6ea3-4c3f-8f02-12c0acb3e2b1@localhost,AlwaysDefect,D,player_c6eab88c-8170-4016-a9a7-e28eb1ab3c11@localhost,WinStayLoseShift,C,10,0,1715,155
312,player_6ebe71f5-6ea3-4c3f-8f02-12c0acb3e2b1@localhost,AlwaysDefect,D,player_c6eab88c-8170-4016-a9a7-e28eb1ab3c11@localhost,WinStayLoseShift,D,1,1,1716,156
313,player_6ebe71f5-6ea3-4c3f-8f02-12c0acb3e2b1@localhost,AlwaysDefect,D,player_c6eab88c-8170-4016-a9a7-e28eb1ab3c11@localhost,WinStayLoseShift,C,10,0,1726,156
314,player_6ebe71f5-6ea3-4c3f-8f02-12c0acb3e2b1@localhost,AlwaysDefect,D,player_c6eab88c-8170-4016-a9a7-e28eb1ab3c11@localhost,WinStayLoseShift,D,1,1,1727,157
315,player_6ebe71f5-6ea3-4c3f-8f02-12c0acb3e2b1@localhost,AlwaysDefect,D,player_c6eab88c-8170-4016-a9a7-e28eb1ab3c11@localhost,WinStayLoseShift,C,10,0,1737,157
316,player_6ebe71f5-6ea3-4c3f-8f02-12c0acb3e2b1@localhost,AlwaysDefect,D,player_c6eab88c-8170-4016-a9a7-e28eb1ab3c11@localhost,WinStayLoseShift,D,1,1,1738,158
317,player_6ebe71f5-6ea3-4c3f-8f02-12c0acb3e2b1@localhost,AlwaysDefect,D,player_c6eab88c-8170-4016-a9a7-e28eb1ab3c11@localhost,WinStayLoseShift,C,10,0,1748,158
318,player_6ebe71f5-6ea3-4c3f-8f02-12c0acb3e2b1@localhost,AlwaysDefect,D,player_c6eab88c-8170-4016-a9a7-e28eb1ab3c11@localhost,WinStayLoseShift,D,1,1,1749,159
319,player_6ebe71f5-6ea3-4c3f-8f02-12c0acb3e2b1@localhost,AlwaysDefect,D,player_c6eab88c-8170-4016-a9a7-e28eb1ab3c11@localhost,WinStayLoseShift,C,10,0,1759,159
320,player_6ebe71f5-6ea3-4c3f-8f02-12c0acb3e2b1@localhost,AlwaysDefect,D,player_c6eab88c-8170-4016-a9a7-e28eb1ab3c11@localhost,WinStayLoseShift,D,1,1,1760,160
321,player_6ebe71f5-6ea3-4c3f-8f02-12c0acb3e2b1@localhost,AlwaysDefect,D,player_c6eab88c-8170-4016-a9a7-e28eb1ab3c11@localhost,WinStayLoseShift,C,10,0,1770,160
322,player_6ebe71f5-6ea3-4c3f-8f02-12c0acb3e2b1@localhost,AlwaysDefect,D,player_c6eab88c-8170-4016-a9a7-e28eb1ab3c11@localhost,WinStayLoseShift,D,1,1,1771,161
323,player_6ebe71f5-6ea3-4c3f-8f02-12c0acb3e2b1@localhost,AlwaysDefect,D,player_c6eab88c-8170-4016-a9a7-e28eb1ab3c11@localhost,WinStayLoseShift,C,10,0,1781,161
324,player_6ebe71f5-6ea3-4c3f-8f02-12c0acb3e2b1@localhost,AlwaysDefect,D,player_c6eab88c-8170-4016-a9a7-e28eb1ab3c11@localhost,WinStayLoseShift,D,1,1,1782,162
325,player_6ebe71f5-6ea3-4c3f-8f02-12c0acb3e2b1@localhost,AlwaysDefect,D,player_c6eab88c-8170-4016-a9a7-e28eb1ab3c11@localhost,WinStayLoseShift,C,10,0,1792,162
326,player_6ebe71f5-6ea3-4c3f-8f02-12c0acb3e2b1@localhost,AlwaysDefect,D,player_c6eab88c-8170-4016-a9a7-e28eb1ab3c11@localhost,WinStayLoseShift,D,1,1,1793,163
327,player_6ebe71f5-6ea3-4c3f-8f02-12c0acb3e2b1@localhost,AlwaysDefect,D,player_c6eab88c-8170-4016-a9a7-e28eb1ab3c11@localhost,WinStayLoseShift,C,10,0,1803,163
328,player_6ebe71f5-6ea3-4c3f-8f02-12c0acb3e2b1@localhost,AlwaysDefect,D,player_c6eab88c-8170-4016-a9a7-e28eb1ab3c11@localhost,WinStayLoseShift,D,1,1,1804,164
329,player_6ebe71f5-6ea3-4c3f-8f02-12c0acb3e2b1@localhost,AlwaysDefect,D,player_c6eab88c-8170-4016-a9a7-e28eb1ab3c11@localhost,WinStayLoseShift,C,10,0,1814,164
330,player_6ebe71f5-6ea3-4c3f-8f02-12c0acb3e2b1@localhost,AlwaysDefect,D,player_c6eab88c-8170-4016-a9a7-e28eb1ab3c11@localhost,WinStayLoseShift,D,1,1,1815,165
331,player_6ebe71f5-6ea3-4c3f-8f02-12c0acb3e2b1@localhost,AlwaysDefect,D,player_c6eab88c-8170-4016-a9a7-e28eb1ab3c11@localhost,WinStayLoseShift,C,10,0,1825,165
332,player_6ebe71f5-6ea3-4c3f-8f02-12c0acb3e2b1@localhost,AlwaysDefect,D,player_c6eab88c-8170-4016-a9a7-e28eb1ab3c11@localhost,WinStayLoseShift,D,1,1,1826,166
333,player_6ebe71f5-6ea3-4c3f-8f02-12c0acb3e2b1@localhost,AlwaysDefect,D,player_c6eab88c-8170-4016-a9a7-e28eb1ab3c11@localhost,WinStayLoseShift,C,10,0,1836,166
334,player_6ebe71f5-6ea3-4c3f-8f02-12c0acb3e2b1@localhost,AlwaysDefect,D,player_c6eab88c-8170-4016-a9a7-e28eb1ab3c11@localhost,WinStayLoseShift,D,1,1,1837,167
335,player_6ebe71f5-6ea3-4c3f-8f02-12c0acb3e2b1@localhost,AlwaysDefect,D,player_c6eab88c-8170-4016-a9a7-e28eb1ab3c11@localhost,WinStayLoseShift,C,10,0,1847,167
336,player_6ebe71f5-6ea3-4c3f-8f02-12c0acb3e2b1@localhost,AlwaysDefect,D,player_c6eab88c-8170-4016-a9a7-e28eb1ab3c11@localhost,WinStayLoseShift,D,1,1,1848,168
337,player_6ebe71f5-6ea3-4c3f-8f02-12c0acb3e2b1@localhost,AlwaysDefect,D,player_c6eab88c-8170-4016-a9a7-e28eb1ab3c11@localhost,WinStayLoseShift,C,10,0,1858,168
338,player_6ebe71f5-6ea3-4c3f-8f02-12c0acb3e2b1@localhost,AlwaysDefect,D,player_c6eab88c-8170-4016-a9a7-e28eb1ab3c11@localhost,WinStayLoseShift,D,1,1,1859,169
339,player_6ebe71f5-6ea3-4c3f-8f02-12c0acb3e2b1@localhost,AlwaysDefect,D,player_c6eab88c-8170-4016-a9a7-e28eb1ab3c11@localhost,WinStayLoseShift,C,10,0,1869,169
340,player_6ebe71f5-6ea3-4c3f-8f02-12c0acb3e2b1@localhost,AlwaysDefect,D,player_c6eab88c-8170-4016-a9a7-e28eb1ab3c11@localhost,WinStayLoseShift,D,1,1,1870,170
341,player_6ebe71f5-6ea3-4c3f-8f02-12c0acb3e2b1@localhost,AlwaysDefect,D,player_c6eab88c-8170-4016-a9a7-e28eb1ab3c11@localhost,WinStayLoseShift,C,10,0,1880,170
342,player_6ebe71f5-6ea3-4c3f-8f02-12c0acb3e2b1@localhost,AlwaysDefect,D,player_c6eab88c-8170-4016-a9a7-e28eb1ab3c11@localhost,WinStayLoseShift,D,1,1,1881,171
343,player_6ebe71f5-6ea3-4c3f-8f02-12c0acb3e2b1@localhost,AlwaysDefect,D,player_c6eab88c-8170-4016-a9a7-e28eb1ab3c11@localhost,WinStayLoseShift,C,10,0,1891,171
344,player_6ebe71f5-6ea3-4c3f-8f02-12c0acb3e2b1@localhost,AlwaysDefect,D,player_c6eab88c-8170-4016-a9a7-e28eb1ab3c11@localhost,WinStayLoseShift,D,1,1,1892,172
345,player_6ebe71f5-6ea3-4c3f-8f02-12c0acb3e2b1@localhost,AlwaysDefect,D,player_c6eab88c-8170-4016-a9a7-e28eb1ab3c11@localhost,WinStayLoseShift,C,10,0,1902,172
346,player_6ebe71f5-6ea3-4c3f-8f02-12c0acb3e2b1@localhost,AlwaysDefect,D,player_c6eab88c-8170-4016-a9a7-e28eb1ab3c11@localhost,WinStayLoseShift,D,1,1,1903,173
347,player_6ebe71f5-6ea3-4c3f-8f02-12c0acb3e2b1@localhost,AlwaysDefect,D,player_c6eab88c-8170-4016-a9a7-e28eb1ab3c11@localhost,WinStayLoseShift,C,10,0,1913,173
348,player_6ebe71f5-6ea3-4c3f-8f02-12c0acb3e2b1@localhost,AlwaysDefect,D,player_c6eab88c-8170-4016-a9a7-e28eb1ab3c11@localhost,WinStayLoseShift,D,1,1,1914,174
349,player_6ebe71f5-6ea3-4c3f-8f02-12c0acb3e2b1@localhost,AlwaysDefect,D,player_c6eab88c-8170-4016-a9a7-e28eb1ab3c11@localhost,WinStayLoseShift,C,10,0,1924,174
350,player_6ebe71f5-6ea3-4c3f-8f02-12c0acb3e2b1@localhost,AlwaysDefect,D,player_c6eab88c-8170-4016-a9a7-e28eb1ab3c11@localhost,WinStayLoseShift,D,1,1,1925,175
351,player_6ebe71f5-6ea3-4c3f-8f02-12c0acb3e2b1@localhost,AlwaysDefect,D,player_c6eab88c-8170-4016-a9a7-e28eb1ab3c11@localhost,WinStayLoseShift,C,10,0,1935,175
352,player_6ebe71f5-6ea3-4c3f-8f02-12c0acb3e2b1@localhost,AlwaysDefect,D,player_c6eab88c-8170-4016-a9a7-e28eb1ab3c11@localhost,WinStayLoseShift,D,1,1,1936,176
353,player_6ebe71f5-6ea3-4c3f-8f02-12c0acb3e2b1@localhost,AlwaysDefect,D,player_c6eab88c-8170-4016-a9a7-e28eb1ab3c11@localhost,WinStayLoseShift,C,10,0,1946,176
354,player_6ebe71f5-6ea3-4c3f-8f02-12c0acb3e2b1@localhost,AlwaysDefect,D,player_c6eab88c-8170-4016-a9a7-e28eb1ab3c11@localhost,WinStayLoseShift,D,1,1,1947,177
355,player_6ebe71f5-6ea3-4c3f-8f02-12c0acb3e2b1@localhost,AlwaysDefect,D,player_c6eab88c-8170-4016-a9a7-e28eb1ab3c11@localhost,WinStayLoseShift,C,10,0,1957,177
356,player_6ebe71f5-6ea3-4c3f-8f02-12c0acb3e2b1@localhost,AlwaysDefect,D,player_c6eab88c-8170-4016-a9a7-e28eb1ab3c11@localhost,WinStayLoseShift,D,1,1,1958,178
357,player_6ebe71f5-6ea3-4c3f-8f02-12c0acb3e2b1@localhost,AlwaysDefect,D,player_c6eab88c-8170-4016-a9a7-e28eb1ab3c11@localhost,WinStayLoseShift,C,10,0,1968,178
358,player_6ebe71f5-6ea3-4c3f-8f02-12c0acb3e2b1@localhost,AlwaysDefect,D,player_c6eab88c-8170-4016-a9a7-e28eb1ab3c11@localhost,WinStayLoseShift,D,1,1,1969,179
359,player_6ebe71f5-6ea3-4c3f-8f02-12c0acb3e2b1@localhost,AlwaysDefect,D,player_c6eab88c-8170-4016-a9a7-e28eb1ab3c11@localhost,WinStayLoseShift,C,10,0,1979,179
360,player_6ebe71f5-6ea3-4c3f-8f02-12c0acb3e2b1@localhost,AlwaysDefect,D,player_c6eab88c-8170-4016-a9a7-e28eb1ab3c11@localhost,WinStayLoseShift,D,1,1,1980,180
361,player_6ebe71f5-6ea3-4c3f-8f02-12c0acb3e2b1@localhost,AlwaysDefect,D,player_c6eab88c-8170-4016-a9a7-e28eb1ab3c11@localhost,WinStayLoseShift,C,10,0,1990,180
362,player_6ebe71f5-6ea3-4c3f-8f02-12c0acb3e2b1@localhost,AlwaysDefect,D,player_c6eab88c-8170-4016-a9a7-e28eb1ab3c11@localhost,WinStayLoseShift,D,1,1,1991,181
363,player_6ebe71f5-6ea3-4c3f-8f02-12c0acb3e2b1@localhost,AlwaysDefect,D,player_c6eab88c-8170-4016-a9a7-e28eb1ab3c11@localhost,WinStayLoseShift,C,10,0,2001,181
364,player_6ebe71f5-6ea3-4c3f-8f02-12c0acb3e2b1@localhost,AlwaysDefect,D,player_c6eab88c-8170-4016-a9a7-e28eb1ab3c11@localhost,WinStayLoseShift,D,1,1,2002,182
365,player_6ebe71f5-6ea3-4c3f-8f02-12c0acb3e2b1@localhost,AlwaysDefect,D,player_c6eab88c-8170-4016-a9a7-e28eb1ab3c11@localhost,WinStayLoseShift,C,10,0,2012,182
366,player_6ebe71f5-6ea3-4c3f-8f02-12c0acb3e2b1@localhost,AlwaysDefect,D,player_c6eab88c-8170-4016-a9a7-e28eb1ab3c11@localhost,WinStayLoseShift,D,1,1,2013,183
367,player_6ebe71f5-6ea3-4c3f-8f02-12c0acb3e2b1@localhost,AlwaysDefect,D,player_c6eab88c-8170-4016-a9a7-e28eb1ab3c11@localhost,WinStayLoseShift,C,10,0,2023,183
368,player_6ebe71f5-6ea3-4c3f-8f02-12c0acb3e2b1@localhost,AlwaysDefect,D,player_c6eab88c-8170-4016-a9a7-e28eb1ab3c11@localhost,WinStayLoseShift,D,1,1,2024,184
369,player_6ebe71f5-6ea3-4c3f-8f02-12c0acb3e2b1@localhost,AlwaysDefect,D,player_c6eab88c-8170-4016-a9a7-e28eb1ab3c11@localhost,WinStayLoseShift,C,10,0,2034,184
370,player_6ebe71f5-6ea3-4c3f-8f02-12c0acb3e2b1@localhost,AlwaysDefect,D,player_c6eab88c-8170-4016-a9a7-e28eb1ab3c11@localhost,WinStayLoseShift,D,1,1,2035,185
371,player_6ebe71f5-6ea3-4c3f-8f02-12c0acb3e2b1@localhost,AlwaysDefect,D,player_c6eab88c-8170-4016-a9a7-e28eb1ab3c11@localhost,WinStayLoseShift,C,10,0,2045,185
372,player_6ebe71f5-6ea3-4c3f-8f02-12c0acb3e2b1@localhost,AlwaysDefect,D,player_c6eab88c-8170-4016-a9a7-e28eb1ab3c11@localhost,WinStayLoseShift,D,1,1,2046,186
373,player_6ebe71f5-6ea3-4c3f-8f02-12c0acb3e2b1@localhost,AlwaysDefect,D,player_c6eab88c-8170-4016-a9a7-e28eb1ab3c11@localhost,WinStayLoseShift,C,10,0,2056,186
374,player_6ebe71f5-6ea3-4c3f-8f02-12c0acb3e2b1@localhost,AlwaysDefect,D,player_c6eab88c-8170-4016-a9a7-e28eb1ab3c11@localhost,WinStayLoseShift,D,1,1,2057,187
375,player_6ebe71f5-6ea3-4c3f-8f02-12c0acb3e2b1@localhost,AlwaysDefect,D,player_c6eab88c-8170-4016-a9a7-e28eb1ab3c11@localhost,WinStayLoseShift,C,10,0,2067,187
376,player_6ebe71f5-6ea3-4c3f-8f02-12c0acb3e2b1@localhost,AlwaysDefect,D,player_c6eab88c-8170-4016-a9a7-e28eb1ab3c11@localhost,WinStayLoseShift,D,1,1,2068,188
377,player_6ebe71f5-6ea3-4c3f-8f02-12c0acb3e2b1@localhost,AlwaysDefect,D,player_c6eab88c-8170-4016-a9a7-e28eb1ab3c11@localhost,WinStayLoseShift,C,10,0,2078,188
378,player_6ebe71f5-6ea3-4c3f-8f02-12c0acb3e2b1@localhost,AlwaysDefect,D,player_c6eab88c-8170-4016-a9a7-e28eb1ab3c11@localhost,WinStayLoseShift,D,1,1,2079,189
379,player_6ebe71f5-6ea3-4c3f-8f02-12c0acb3e2b1@localhost,AlwaysDefect,D,player_c6eab88c-8170-4016-a9a7-e28eb1ab3c11@localhost,WinStayLoseShift,C,10,0,2089,189
380,player_6ebe71f5-6ea3-4c3f-8f02-12c0acb3e2b1@localhost,AlwaysDefect,D,player_c6eab88c-8170-4016-a9a7-e28eb1ab3c11@localhost,WinStayLoseShift,D,1,1,2090,190
381,player_6ebe71f5-6ea3-4c3f-8f02-12c0acb3e2b1@localhost,AlwaysDefect,D,player_c6eab88c-8170-4016-a9a7-e28eb1ab3c11@localhost,WinStayLoseShift,C,10,0,2100,190
382,player_6ebe71f5-6ea3-4c3f-8f02-12c0acb3e2b1@localhost,AlwaysDefect,D,player_c6eab88c-8170-4016-a9a7-e28eb1ab3c11@localhost,WinStayLoseShift,D,1,1,2101,191
383,player_6ebe71f5-6ea3-4c3f-8f02-12c0acb3e2b1@localhost,AlwaysDefect,D,player_c6eab88c-8170-4016-a9a7-e28eb1ab3c11@localhost,WinStayLoseShift,C,10,0,2111,191
384,player_6ebe71f5-6ea3-4c3f-8f02-12c0acb3e2b1@localhost,AlwaysDefect,D,player_c6eab88c-8170-4016-a9a7-e28eb1ab3c11@localhost,WinStayLoseShift,D,1,1,2112,192
385,player_6ebe71f5-6ea3-4c3f-8f02-12c0acb3e2b1@localhost,AlwaysDefect,D,player_c6eab88c-8170-4016-a9a7-e28eb1ab3c11@localhost,WinStayLoseShift,C,10,0,2122,192
386,player_6ebe71f5-6ea3-4c3f-8f02-12c0acb3e2b1@localhost,AlwaysDefect,D,player_c6eab88c-8170-4016-a9a7-e28eb1ab3c11@localhost,WinStayLoseShift,D,1,1,2123,193
387,player_6ebe71f5-6ea3-4c3f-8f02-12c0acb3e2b1@localhost,AlwaysDefect,D,player_c6eab88c-8170-4016-a9a7-e28eb1ab3c11@localhost,WinStayLoseShift,C,10,0,2133,193
388,player_6ebe71f5-6ea3-4c3f-8f02-12c0acb3e2b1@localhost,AlwaysDefect,D,player_c6eab88c-8170-4016-a9a7-e28eb1ab3c11@localhost,WinStayLoseShift,D,1,1,2134,194
389,player_6ebe71f5-6ea3-4c3f-8f02-12c0acb3e2b1@localhost,AlwaysDefect,D,player_c6eab88c-8170-4016-a9a7-e28eb1ab3c11@localhost,WinStayLoseShift,C,10,0,2144,194
390,player_6ebe71f5-6ea3-4c3f-8f02-12c0acb3e2b1@localhost,AlwaysDefect,D,player_c6eab88c-8170-4016-a9a7-e28eb1ab3c11@localhost,WinStayLoseShift,D,1,1,2145,195
391,player_6ebe71f5-6ea3-4c3f-8f02-12c0acb3e2b1@localhost,AlwaysDefect,D,player_c6eab88c-8170-4016-a9a7-e28eb1ab3c11@localhost,WinStayLoseShift,C,10,0,2155,195
392,player_6ebe71f5-6ea3-4c3f-8f02-12c0acb3e2b1@localhost,AlwaysDefect,D,player_c6eab88c-8170-4016-a9a7-e28eb1ab3c11@localhost,WinStayLoseShift,D,1,1,2156,196
393,player_6ebe71f5-6ea3-4c3f-8f02-12c0acb3e2b1@localhost,AlwaysDefect,D,player_c6eab88c-8170-4016-a9a7-e28eb1ab3c11@localhost,WinStayLoseShift,C,10,0,2166,196
394,player_6ebe71f5-6ea3-4c3f-8f02-12c0acb3e2b1@localhost,AlwaysDefect,D,player_c6eab88c-8170-4016-a9a7-e28eb1ab3c11@localhost,WinStayLoseShift,D,1,1,2167,197
395,player_6ebe71f5-6ea3-4c3f-8f02-12c0acb3e2b1@localhost,AlwaysDefect,D,player_c6eab88c-8170-4016-a9a7-e28eb1ab3c11@localhost,WinStayLoseShift,C,10,0,2177,197
396,player_6ebe71f5-6ea3-4c3f-8f02-12c0acb3e2b1@localhost,AlwaysDefect,D,player_c6eab88c-8170-4016-a9a7-e28eb1ab3c11@localhost,WinStayLoseShift,D,1,1,2178,198
397,player_6ebe71f5-6ea3-4c3f-8f02-12c0acb3e2b1@localhost,AlwaysDefect,D,player_c6eab88c-8170-4016-a9a7-e28eb1ab3c11@localhost,WinStayLoseShift,C,10,0,2188,198
398,player_6ebe71f5-6ea3-4c3f-8f02-12c0acb3e2b1@localhost,AlwaysDefect,D,player_c6eab88c-8170-4016-a9a7-e28eb1ab3c11@localhost,WinStayLoseShift,D,1,1,2189,199
399,player_6ebe71f5-6ea3-4c3f-8f02-12c0acb3e2b1@localhost,AlwaysDefect,D,player_c6eab88c-8170-4016-a9a7-e28eb1ab3c11@localhost,WinStayLoseShift,C,10,0,2199,199
400,player_6ebe71f5-6ea3-4c3f-8f02-12c0acb3e2b1@localhost,AlwaysDefect,D,player_c6eab88c-8170-4016-a9a7-e28eb1ab3c11@localhost,WinStayLoseShift,D,1,1,2200,200
401,player_6ebe71f5-6ea3-4c3f-8f02-12c0acb3e2b1@localhost,AlwaysDefect,D,player_c6eab88c-8170-4016-a9a7-e28eb1ab3c11@localhost,WinStayLoseShift,C,10,0,2210,200
402,player_6ebe71f5-6ea3-4c3f-8f02-12c0acb3e2b1@localhost,AlwaysDefect,D,player_c6eab88c-8170-4016-a9a7-e28eb1ab3c11@localhost,WinStayLoseShift,D,1,1,2211,201
403,player_6ebe71f5-6ea3-4c3f-8f02-12c0acb3e2b1@localhost,AlwaysDefect,D,player_c6eab88c-8170-4016-a9a7-e28eb1ab3c11@localhost,WinStayLoseShift,C,10,0,2221,201
404,player_6ebe71f5-6ea3-4c3f-8f02-12c0acb3e2b1@localhost,AlwaysDefect,D,player_c6eab88c-8170-4016-a9a7-e28eb1ab3c11@localhost,WinStayLoseShift,D,1,1,2222,202
405,player_6ebe71f5-6ea3-4c3f-8f02-12c0acb3e2b1@localhost,AlwaysDefect,D,player_c6eab88c-8170-4016-a9a7-e28eb1ab3c11@localhost,WinStayLoseShift,C,10,0,2232,202
406,player_6ebe71f5-6ea3-4c3f-8f02-12c0acb3e2b1@localhost,AlwaysDefect,D,player_c6eab88c-8170-4016-a9a7-e28eb1ab3c11@localhost,WinStayLoseShift,D,1,1,2233,203
407,player_6ebe71f5-6ea3-4c3f-8f02-12c0acb3e2b1@localhost,AlwaysDefect,D,player_c6eab88c-8170-4016-a9a7-e28eb1ab3c11@localhost,WinStayLoseShift,C,10,0,2243,203
408,player_6ebe71f5-6ea3-4c3f-8f02-12c0acb3e2b1@localhost,AlwaysDefect,D,player_c6eab88c-8170-4016-a9a7-e28eb1ab3c11@localhost,WinStayLoseShift,D,1,1,2244,204
409,player_6ebe71f5-6ea3-4c3f-8f02-12c0acb3e2b1@localhost,AlwaysDefect,D,player_c6eab88c-8170-4016-a9a7-e28eb1ab3c11@localhost,WinStayLoseShift,C,10,0,2254,204
410,player_6ebe71f5-6ea3-4c3f-8f02-12c0acb3e2b1@localhost,AlwaysDefect,D,player_c6eab88c-8170-4016-a9a7-e28eb1ab3c11@localhost,WinStayLoseShift,D,1,1,2255,205
411,player_6ebe71f5-6ea3-4c3f-8f02-12c0acb3e2b1@localhost,AlwaysDefect,D,player_c6eab88c-8170-4016-a9a7-e28eb1ab3c11@localhost,WinStayLoseShift,C,10,0,2265,205
412,player_6ebe71f5-6ea3-4c3f-8f02-12c0acb3e2b1@localhost,AlwaysDefect,D,player_c6eab88c-8170-4016-a9a7-e28eb1ab3c11@localhost,WinStayLoseShift,D,1,1,2266,206
413,player_6ebe71f5-6ea3-4c3f-8f02-12c0acb3e2b1@localhost,AlwaysDefect,D,player_c6eab88c-8170-4016-a9a7-e28eb1ab3c11@localhost,WinStayLoseShift,C,10,0,2276,206
414,player_6ebe71f5-6ea3-4c3f-8f02-12c0acb3e2b1@localhost,AlwaysDefect,D,player_c6eab88c-8170-4016-a9a7-e28eb1ab3c11@localhost,WinStayLoseShift,D,1,1,2277,207
415,player_6ebe71f5-6ea3-4c3f-8f02-12c0acb3e2b1@localhost,AlwaysDefect,D,player_c6eab88c-8170-4016-a9a7-e28eb1ab3c11@localhost,WinStayLoseShift,C,10,0,2287,207
416,player_6ebe71f5-6ea3-4c3f-8f02-12c0acb3e2b1@localhost,AlwaysDefect,D,player_c6eab88c-8170-4016-a9a7-e28eb1ab3c11@localhost,WinStayLoseShift,D,1,1,2288,208
417,player_6ebe71f5-6ea3-4c3f-8f02-12c0acb3e2b1@localhost,AlwaysDefect,D,player_c6eab88c-8170-4016-a9a7-e28eb1ab3c11@localhost,WinStayLoseShift,C,10,0,2298,208
418,player_6ebe71f5-6ea3-4c3f-8f02-12c0acb3e2b1@localhost,AlwaysDefect,D,player_c6eab88c-8170-4016-a9a7-e28eb1ab3c11@localhost,WinStayLoseShift,D,1,1,2299,209
419,player_6ebe71f5-6ea3-4c3f-8f02-12c0acb3e2b1@localhost,AlwaysDefect,D,player_c6eab88c-8170-4016-a9a7-e28eb1ab3c11@localhost,WinStayLoseShift,C,10,0,2309,209
420,player_6ebe71f5-6ea3-4c3f-8f02-12c0acb3e2b1@localhost,AlwaysDefect,D,player_c6eab88c-8170-4016-a9a7-e28eb1ab3c11@localhost,WinStayLoseShift,D,1,1,2310,210
421,player_6ebe71f5-6ea3-4c3f-8f02-12c0acb3e2b1@localhost,AlwaysDefect,D,player_c6eab88c-8170-4016-a9a7-e28eb1ab3c11@localhost,WinStayLoseShift,C,10,0,2320,210
422,player_6ebe71f5-6ea3-4c3f-8f02-12c0acb3e2b1@localhost,AlwaysDefect,D,player_c6eab88c-8170-4016-a9a7-e28eb1ab3c11@localhost,WinStayLoseShift,D,1,1,2321,211
423,player_6ebe71f5-6ea3-4c3f-8f02-12c0acb3e2b1@localhost,AlwaysDefect,D,player_c6eab88c-8170-4016-a9a7-e28eb1ab3c11@localhost,WinStayLoseShift,C,10,0,2331,211
424,player_6ebe71f5-6ea3-4c3f-8f02-12c0acb3e2b1@localhost,AlwaysDefect,D,player_c6eab88c-8170-4016-a9a7-e28eb1ab3c11@localhost,WinStayLoseShift,D,1,1,2332,212
425,player_6ebe71f5-6ea3-4c3f-8f02-12c0acb3e2b1@localhost,AlwaysDefect,D,player_c6eab88c-8170-4016-a9a7-e28eb1ab3c11@localhost,WinStayLoseShift,C,10,0,2342,212
426,player_6ebe71f5-6ea3-4c3f-8f02-12c0acb3e2b1@localhost,AlwaysDefect,D,player_c6eab88c-8170-4016-a9a7-e28eb1ab3c11@localhost,WinStayLoseShift,D,1,1,2343,213
427,player_6ebe71f5-6ea3-4c3f-8f02-12c0acb3e2b1@localhost,AlwaysDefect,D,player_c6eab88c-8170-4016-a9a7-e28eb1ab3c11@localhost,WinStayLoseShift,C,10,0,2353,213
428,player_6ebe71f5-6ea3-4c3f-8f02-12c0acb3e2b1@localhost,AlwaysDefect,D,player_c6eab88c-8170-4016-a9a7-e28eb1ab3c11@localhost,WinStayLoseShift,D,1,1,2354,214
429,player_6ebe71f5-6ea3-4c3f-8f02-12c0acb3e2b1@localhost,AlwaysDefect,D,player_c6eab88c-8170-4016-a9a7-e28eb1ab3c11@localhost,WinStayLoseShift,C,10,0,2364,214
430,player_6ebe71f5-6ea3-4c3f-8f02-12c0acb3e2b1@localhost,AlwaysDefect,D,player_c6eab88c-8170-4016-a9a7-e28eb1ab3c11@localhost,WinStayLoseShift,D,1,1,2365,215
431,player_6ebe71f5-6ea3-4c3f-8f02-12c0acb3e2b1@localhost,AlwaysDefect,D,player_c6eab88c-8170-4016-a9a7-e28eb1ab3c11@localhost,WinStayLoseShift,C,10,0,2375,215
432,player_6ebe71f5-6ea3-4c3f-8f02-12c0acb3e2b1@localhost,AlwaysDefect,D,player_c6eab88c-8170-4016-a9a7-e28eb1ab3c11@localhost,WinStayLoseShift,D,1,1,2376,216
433,player_6ebe71f5-6ea3-4c3f-8f02-12c0acb3e2b1@localhost,AlwaysDefect,D,player_c6eab88c-8170-4016-a9a7-e28eb1ab3c11@localhost,WinStayLoseShift,C,10,0,2386,216
434,player_6ebe71f5-6ea3-4c3f-8f02-12c0acb3e2b1@localhost,AlwaysDefect,D,player_c6eab88c-8170-4016-a9a7-e28eb1ab3c11@localhost,WinStayLoseShift,D,1,1,2387,217
435,player_6ebe71f5-6ea3-4c3f-8f02-12c0acb3e2b1@localhost,AlwaysDefect,D,player_c6eab88c-8170-4016-a9a7-e28eb1ab3c11@localhost,WinStayLoseShift,C,10,0,2397,217
436,player_6ebe71f5-6ea3-4c3f-8f02-12c0acb3e2b1@localhost,AlwaysDefect,D,player_c6eab88c-8170-4016-a9a7-e28eb1ab3c11@localhost,WinStayLoseShift,D,1,1,2398,218
437,player_6ebe71f5-6ea3-4c3f-8f02-12c0acb3e2b1@localhost,AlwaysDefect,D,player_c6eab88c-8170-4016-a9a7-e28eb1ab3c11@localhost,WinStayLoseShift,C,10,0,2408,218
438,player_6ebe71f5-6ea3-4c3f-8f02-12c0acb3e2b1@localhost,AlwaysDefect,D,player_c6eab88c-8170-4016-a9a7-e28eb1ab3c11@localhost,WinStayLoseShift,D,1,1,2409,219
439,player_6ebe71f5-6ea3-4c3f-8f02-12c0acb3e2b1@localhost,AlwaysDefect,D,player_c6eab88c-8170-4016-a9a7-e28eb1ab3c11@localhost,WinStayLoseShift,C,10,0,2419,219
440,player_6ebe71f5-6ea3-4c3f-8f02-12c0acb3e2b1@localhost,AlwaysDefect,D,player_c6eab88c-8170-4016-a9a7-e28eb1ab3c11@localhost,WinStayLoseShift,D,1,1,2420,220
441,player_6ebe71f5-6ea3-4c3f-8f02-12c0acb3e2b1@localhost,AlwaysDefect,D,player_c6eab88c-8170-4016-a9a7-e28eb1ab3c11@localhost,WinStayLoseShift,C,10,0,2430,220
442,player_6ebe71f5-6ea3-4c3f-8f02-12c0acb3e2b1@localhost,AlwaysDefect,D,player_c6eab88c-8170-4016-a9a7-e28eb1ab3c11@localhost,WinStayLoseShift,D,1,1,2431,221
443,player_6ebe71f5-6ea3-4c3f-8f02-12c0acb3e2b1@localhost,AlwaysDefect,D,player_c6eab88c-8170-4016-a9a7-e28eb1ab3c11@localhost,WinStayLoseShift,C,10,0,2441,221
444,player_6ebe71f5-6ea3-4c3f-8f02-12c0acb3e2b1@localhost,AlwaysDefect,D,player_c6eab88c-8170-4016-a9a7-e28eb1ab3c11@localhost,WinStayLoseShift,D,1,1,2442,222
445,player_6ebe71f5-6ea3-4c3f-8f02-12c0acb3e2b1@localhost,AlwaysDefect,D,player_c6eab88c-8170-4016-a9a7-e28eb1ab3c11@localhost,WinStayLoseShift,C,10,0,2452,222
446,player_6ebe71f5-6ea3-4c3f-8f02-12c0acb3e2b1@localhost,AlwaysDefect,D,player_c6eab88c-8170-4016-a9a7-e28eb1ab3c11@localhost,WinStayLoseShift,D,1,1,2453,223
447,player_6ebe71f5-6ea3-4c3f-8f02-12c0acb3e2b1@localhost,AlwaysDefect,D,player_c6eab88c-8170-4016-a9a7-e28eb1ab3c11@localhost,WinStayLoseShift,C,10,0,2463,223
448,player_6ebe71f5-6ea3-4c3f-8f02-12c0acb3e2b1@localhost,AlwaysDefect,D,player_c6eab88c-8170-4016-a9a7-e28eb1ab3c11@localhost,WinStayLoseShift,D,1,1,2464,224
449,player_6ebe71f5-6ea3-4c3f-8f02-12c0acb3e2b1@localhost,AlwaysDefect,D,player_c6eab88c-8170-4016-a9a7-e28eb1ab3c11@localhost,WinStayLoseShift,C,10,0,2474,224
450,player_6ebe71f5-6ea3-4c3f-8f02-12c0acb3e2b1@localhost,AlwaysDefect,D,player_c6eab88c-8170-4016-a9a7-e28eb1ab3c11@localhost,WinStayLoseShift,D,1,1,2475,225
451,player_6ebe71f5-6ea3-4c3f-8f02-12c0acb3e2b1@localhost,AlwaysDefect,D,player_c6eab88c-8170-4016-a9a7-e28eb1ab3c11@localhost,WinStayLoseShift,C,10,0,2485,225
452,player_6ebe71f5-6ea3-4c3f-8f02-12c0acb3e2b1@localhost,AlwaysDefect,D,player_c6eab88c-8170-4016-a9a7-e28eb1ab3c11@localhost,WinStayLoseShift,D,1,1,2486,226
453,player_6ebe71f5-6ea3-4c3f-8f02-12c0acb3e2b1@localhost,AlwaysDefect,D,player_c6eab88c-8170-4016-a9a7-e28eb1ab3c11@localhost,WinStayLoseShift,C,10,0,2496,226
454,player_6ebe71f5-6ea3-4c3f-8f02-12c0acb3e2b1@localhost,AlwaysDefect,D,player_c6eab88c-8170-4016-a9a7-e28eb1ab3c11@localhost,WinStayLoseShift,D,1,1,2497,227
455,player_6ebe71f5-6ea3-4c3f-8f02-12c0acb3e2b1@localhost,AlwaysDefect,D,player_c6eab88c-8170-4016-a9a7-e28eb1ab3c11@localhost,WinStayLoseShift,C,10,0,2507,227
456,player_6ebe71f5-6ea3-4c3f-8f02-12c0acb3e2b1@localhost,AlwaysDefect,D,player_c6eab88c-8170-4016-a9a7-e28eb1ab3c11@localhost,WinStayLoseShift,D,1,1,2508,228
457,player_6ebe71f5-6ea3-4c3f-8f02-12c0acb3e2b1@localhost,AlwaysDefect,D,player_c6eab88c-8170-4016-a9a7-e28eb1ab3c11@localhost,WinStayLoseShift,C,10,0,2518,228
458,player_6ebe71f5-6ea3-4c3f-8f02-12c0acb3e2b1@localhost,AlwaysDefect,D,player_c6eab88c-8170-4016-a9a7-e28eb1ab3c11@localhost,WinStayLoseShift,D,1,1,2519,229
459,player_6ebe71f5-6ea3-4c3f-8f02-12c0acb3e2b1@localhost,AlwaysDefect,D,player_c6eab88c-8170-4016-a9a7-e28eb1ab3c11@localhost,WinStayLoseShift,C,10,0,2529,229
460,player_6ebe71f5-6ea3-4c3f-8f02-12c0acb3e2b1@localhost,AlwaysDefect,D,player_c6eab88c-8170-4016-a9a7-e28eb1ab3c11@localhost,WinStayLoseShift,D,1,1,2530,230
461,player_6ebe71f5-6ea3-4c3f-8f02-12c0acb3e2b1@localhost,AlwaysDefect,D,player_c6eab88c-8170-4016-a9a7-e28eb1ab3c11@localhost,WinStayLoseShift,C,10,0,2540,230
462,player_6ebe71f5-6ea3-4c3f-8f02-12c0acb3e2b1@localhost,AlwaysDefect,D,player_c6eab88c-8170-4016-a9a7-e28eb1ab3c11@localhost,WinStayLoseShift,D,1,1,2541,231
463,player_6ebe71f5-6ea3-4c3f-8f02-12c0acb3e2b1@localhost,AlwaysDefect,D,player_c6eab88c-8170-4016-a9a7-e28eb1ab3c11@localhost,WinStayLoseShift,C,10,0,2551,231
464,player_6ebe71f5-6ea3-4c3f-8f02-12c0acb3e2b1@localhost,AlwaysDefect,D,player_c6eab88c-8170-4016-a9a7-e28eb1ab3c11@localhost,WinStayLoseShift,D,1,1,2552,232
465,player_6ebe71f5-6ea3-4c3f-8f02-12c0acb3e2b1@localhost,AlwaysDefect,D,player_c6eab88c-8170-4016-a9a7-e28eb1ab3c11@localhost,WinStayLoseShift,C,10,0,2562,232
466,player_6ebe71f5-6ea3-4c3f-8f02-12c0acb3e2b1@localhost,AlwaysDefect,D,player_c6eab88c-8170-4016-a9a7-e28eb1ab3c11@localhost,WinStayLoseShift,D,1,1,2563,233
467,player_6ebe71f5-6ea3-4c3f-8f02-12c0acb3e2b1@localhost,AlwaysDefect,D,player_c6eab88c-8170-4016-a9a7-e28eb1ab3c11@localhost,WinStayLoseShift,C,10,0,2573,233
468,player_6ebe71f5-6ea3-4c3f-8f02-12c0acb3e2b1@localhost,AlwaysDefect,D,player_c6eab88c-8170-4016-a9a7-e28eb1ab3c11@localhost,WinStayLoseShift,D,1,1,2574,234
469,player_6ebe71f5-6ea3-4c3f-8f02-12c0acb3e2b1@localhost,AlwaysDefect,D,player_c6eab88c-8170-4016-a9a7-e28eb1ab3c11@localhost,WinStayLoseShift,C,10,0,2584,234
470,player_6ebe71f5-6ea3-4c3f-8f02-12c0acb3e2b1@localhost,AlwaysDefect,D,player_c6eab88c-8170-4016-a9a7-e28eb1ab3c11@localhost,WinStayLoseShift,D,1,1,2585,235
471,player_6ebe71f5-6ea3-4c3f-8f02-12c0acb3e2b1@localhost,AlwaysDefect,D,player_c6eab88c-8170-4016-a9a7-e28eb1ab3c11@localhost,WinStayLoseShift,C,10,0,2595,235
472,player_6ebe71f5-6ea3-4c3f-8f02-12c0acb3e2b1@localhost,AlwaysDefect,D,player_c6eab88c-8170-4016-a9a7-e28eb1ab3c11@localhost,WinStayLoseShift,D,1,1,2596,236
473,player_6ebe71f5-6ea3-4c3f-8f02-12c0acb3e2b1@localhost,AlwaysDefect,D,player_c6eab88c-8170-4016-a9a7-e28eb1ab3c11@localhost,WinStayLoseShift,C,10,0,2606,236
474,player_6ebe71f5-6ea3-4c3f-8f02-12c0acb3e2b1@localhost,AlwaysDefect,D,player_c6eab88c-8170-4016-a9a7-e28eb1ab3c11@localhost,WinStayLoseShift,D,1,1,2607,237
475,player_6ebe71f5-6ea3-4c3f-8f02-12c0acb3e2b1@localhost,AlwaysDefect,D,player_c6eab88c-8170-4016-a9a7-e28eb1ab3c11@localhost,WinStayLoseShift,C,10,0,2617,237
476,player_6ebe71f5-6ea3-4c3f-8f02-12c0acb3e2b1@localhost,AlwaysDefect,D,player_c6eab88c-8170-4016-a9a7-e28eb1ab3c11@localhost,WinStayLoseShift,D,1,1,2618,238
477,player_6ebe71f5-6ea3-4c3f-8f02-12c0acb3e2b1@localhost,AlwaysDefect,D,player_c6eab88c-8170-4016-a9a7-e28eb1ab3c11@localhost,WinStayLoseShift,C,10,0,2628,238
478,player_6ebe71f5-6ea3-4c3f-8f02-12c0acb3e2b1@localhost,AlwaysDefect,D,player_c6eab88c-8170-4016-a9a7-e28eb1ab3c11@localhost,WinStayLoseShift,D,1,1,2629,239
479,player_6ebe71f5-6ea3-4c3f-8f02-12c0acb3e2b1@localhost,AlwaysDefect,D,player_c6eab88c-8170-4016-a9a7-e28eb1ab3c11@localhost,WinStayLoseShift,C,10,0,2639,239
480,player_6ebe71f5-6ea3-4c3f-8f02-12c0acb3e2b1@localhost,AlwaysDefect,D,player_c6eab88c-8170-4016-a9a7-e28eb1ab3c11@localhost,WinStayLoseShift,D,1,1,2640,240
481,player_6ebe71f5-6ea3-4c3f-8f02-12c0acb3e2b1@localhost,AlwaysDefect,D,player_c6eab88c-8170-4016-a9a7-e28eb1ab3c11@localhost,WinStayLoseShift,C,10,0,2650,240
482,player_6ebe71f5-6ea3-4c3f-8f02-12c0acb3e2b1@localhost,AlwaysDefect,D,player_c6eab88c-8170-4016-a9a7-e28eb1ab3c11@localhost,WinStayLoseShift,D,1,1,2651,241
483,player_6ebe71f5-6ea3-4c3f-8f02-12c0acb3e2b1@localhost,AlwaysDefect,D,player_c6eab88c-8170-4016-a9a7-e28eb1ab3c11@localhost,WinStayLoseShift,C,10,0,2661,241
484,player_6ebe71f5-6ea3-4c3f-8f02-12c0acb3e2b1@localhost,AlwaysDefect,D,player_c6eab88c-8170-4016-a9a7-e28eb1ab3c11@localhost,WinStayLoseShift,D,1,1,2662,242
485,player_6ebe71f5-6ea3-4c3f-8f02-12c0acb3e2b1@localhost,AlwaysDefect,D,player_c6eab88c-8170-4016-a9a7-e28eb1ab3c11@localhost,WinStayLoseShift,C,10,0,2672,242
486,player_6ebe71f5-6ea3-4c3f-8f02-12c0acb3e2b1@localhost,AlwaysDefect,D,player_c6eab88c-8170-4016-a9a7-e28eb1ab3c11@localhost,WinStayLoseShift,D,1,1,2673,243
487,player_6ebe71f5-6ea3-4c3f-8f02-12c0acb3e2b1@localhost,AlwaysDefect,D,player_c6eab88c-8170-4016-a9a7-e28eb1ab3c11@localhost,WinStayLoseShift,C,10,0,2683,243
488,player_6ebe71f5-6ea3-4c3f-8f02-12c0acb3e2b1@localhost,AlwaysDefect,D,player_c6eab88c-8170-4016-a9a7-e28eb1ab3c11@localhost,WinStayLoseShift,D,1,1,2684,244
489,player_6ebe71f5-6ea3-4c3f-8f02-12c0acb3e2b1@localhost,AlwaysDefect,D,player_c6eab88c-8170-4016-a9a7-e28eb1ab3c11@localhost,WinStayLoseShift,C,10,0,2694,244
490,player_6ebe71f5-6ea3-4c3f-8f02-12c0acb3e2b1@localhost,AlwaysDefect,D,player_c6eab88c-8170-4016-a9a7-e28eb1ab3c11@localhost,WinStayLoseShift,D,1,1,2695,245
491,player_6ebe71f5-6ea3-4c3f-8f02-12c0acb3e2b1@localhost,AlwaysDefect,D,player_c6eab88c-8170-4016-a9a7-e28eb1ab3c11@localhost,WinStayLoseShift,C,10,0,2705,245
492,player_6ebe71f5-6ea3-4c3f-8f02-12c0acb3e2b1@localhost,AlwaysDefect,D,player_c6eab88c-8170-4016-a9a7-e28eb1ab3c11@localhost,WinStayLoseShift,D,1,1,2706,246
493,player_6ebe71f5-6ea3-4c3f-8f02-12c0acb3e2b1@localhost,AlwaysDefect,D,player_c6eab88c-8170-4016-a9a7-e28eb1ab3c11@localhost,WinStayLoseShift,C,10,0,2716,246
494,player_6ebe71f5-6ea3-4c3f-8f02-12c0acb3e2b1@localhost,AlwaysDefect,D,player_c6eab88c-8170-4016-a9a7-e28eb1ab3c11@localhost,WinStayLoseShift,D,1,1,2717,247
495,player_6ebe71f5-6ea3-4c3f-8f02-12c0acb3e2b1@localhost,AlwaysDefect,D,player_c6eab88c-8170-4016-a9a7-e28eb1ab3c11@localhost,WinStayLoseShift,C,10,0,2727,247
496,player_6ebe71f5-6ea3-4c3f-8f02-12c0acb3e2b1@localhost,AlwaysDefect,D,player_c6eab88c-8170-4016-a9a7-e28eb1ab3c11@localhost,WinStayLoseShift,D,1,1,2728,248
497,player_6ebe71f5-6ea3-4c3f-8f02-12c0acb3e2b1@localhost,AlwaysDefect,D,player_c6eab88c-8170-4016-a9a7-e28eb1ab3c11@localhost,WinStayLoseShift,C,10,0,2738,248
498,player_6ebe71f5-6ea3-4c3f-8f02-12c0acb3e2b1@localhost,AlwaysDefect,D,player_c6eab88c-8170-4016-a9a7-e28eb1ab3c11@localhost,WinStayLoseShift,D,1,1,2739,249
499,player_6ebe71f5-6ea3-4c3f-8f02-12c0acb3e2b1@localhost,AlwaysDefect,D,player_c6eab88c-8170-4016-a9a7-e28eb1ab3c11@localhost,WinStayLoseShift,C,10,0,2749,249
500,player_6ebe71f5-6ea3-4c3f-8f02-12c0acb3e2b1@localhost,AlwaysDefect,D,player_c6eab88c-8170-4016-a9a7-e28eb1ab3c11@localhost,WinStayLoseShift,D,1,1,2750,250
501,player_6ebe71f5-6ea3-4c3f-8f02-12c0acb3e2b1@localhost,AlwaysDefect,D,player_c6eab88c-8170-4016-a9a7-e28eb1ab3c11@localhost,WinStayLoseShift,C,10,0,2760,250
502,player_6ebe71f5-6ea3-4c3f-8f02-12c0acb3e2b1@localhost,AlwaysDefect,D,player_c6eab88c-8170-4016-a9a7-e28eb1ab3c11@localhost,WinStayLoseShift,D,1,1,2761,251
503,player_6ebe71f5-6ea3-4c3f-8f02-12c0acb3e2b1@localhost,AlwaysDefect,D,player_c6eab88c-8170-4016-a9a7-e28eb1ab3c11@localhost,WinStayLoseShift,C,10,0,2771,251
504,player_6ebe71f5-6ea3-4c3f-8f02-12c0acb3e2b1@localhost,AlwaysDefect,D,player_c6eab88c-8170-4016-a9a7-e28eb1ab3c11@localhost,WinStayLoseShift,D,1,1,2772,252
505,player_6ebe71f5-6ea3-4c3f-8f02-12c0acb3e2b1@localhost,AlwaysDefect,D,player_c6eab88c-8170-4016-a9a7-e28eb1ab3c11@localhost,WinStayLoseShift,C,10,0,2782,252
506,player_6ebe71f5-6ea3-4c3f-8f02-12c0acb3e2b1@localhost,AlwaysDefect,D,player_c6eab88c-8170-4016-a9a7-e28eb1ab3c11@localhost,WinStayLoseShift,D,1,1,2783,253
507,player_6ebe71f5-6ea3-4c3f-8f02-12c0acb3e2b1@localhost,AlwaysDefect,D,player_c6eab88c-8170-4016-a9a7-e28eb1ab3c11@localhost,WinStayLoseShift,C,10,0,2793,253
508,player_6ebe71f5-6ea3-4c3f-8f02-12c0acb3e2b1@localhost,AlwaysDefect,D,player_c6eab88c-8170-4016-a9a7-e28eb1ab3c11@localhost,WinStayLoseShift,D,1,1,2794,254
509,player_6ebe71f5-6ea3-4c3f-8f02-12c0acb3e2b1@localhost,AlwaysDefect,D,player_c6eab88c-8170-4016-a9a7-e28eb1ab3c11@localhost,WinStayLoseShift,C,10,0,2804,254
510,player_6ebe71f5-6ea3-4c3f-8f02-12c0acb3e2b1@localhost,AlwaysDefect,D,player_c6eab88c-8170-4016-a9a7-e28eb1ab3c11@localhost,WinStayLoseShift,D,1,1,2805,255
511,player_6ebe71f5-6ea3-4c3f-8f02-12c0acb3e2b1@localhost,AlwaysDefect,D,player_c6eab88c-8170-4016-a9a7-e28eb1ab3c11@localhost,WinStayLoseShift,C,10,0,2815,255
512,player_6ebe71f5-6ea3-4c3f-8f02-12c0acb3e2b1@localhost,AlwaysDefect,D,player_c6eab88c-8170-4016-a9a7-e28eb1ab3c11@localhost,WinStayLoseShift,D,1,1,2816,256
513,player_6ebe71f5-6ea3-4c3f-8f02-12c0acb3e2b1@localhost,AlwaysDefect,D,player_c6eab88c-8170-4016-a9a7-e28eb1ab3c11@localhost,WinStayLoseShift,C,10,0,2826,256
514,player_6ebe71f5-6ea3-4c3f-8f02-12c0acb3e2b1@localhost,AlwaysDefect,D,player_c6eab88c-8170-4016-a9a7-e28eb1ab3c11@localhost,WinStayLoseShift,D,1,1,2827,257
515,player_6ebe71f5-6ea3-4c3f-8f02-12c0acb3e2b1@localhost,AlwaysDefect,D,player_c6eab88c-8170-4016-a9a7-e28eb1ab3c11@localhost,WinStayLoseShift,C,10,0,2837,257
516,player_6ebe71f5-6ea3-4c3f-8f02-12c0acb3e2b1@localhost,AlwaysDefect,D,player_c6eab88c-8170-4016-a9a7-e28eb1ab3c11@localhost,WinStayLoseShift,D,1,1,2838,258
517,player_6ebe71f5-6ea3-4c3f-8f02-12c0acb3e2b1@localhost,AlwaysDefect,D,player_c6eab88c-8170-4016-a9a7-e28eb1ab3c11@localhost,WinStayLoseShift,C,10,0,2848,258
518,player_6ebe71f5-6ea3-4c3f-8f02-12c0acb3e2b1@localhost,AlwaysDefect,D,player_c6eab88c-8170-4016-a9a7-e28eb1ab3c11@localhost,WinStayLoseShift,D,1,1,2849,259
519,player_6ebe71f5-6ea3-4c3f-8f02-12c0acb3e2b1@localhost,AlwaysDefect,D,player_c6eab88c-8170-4016-a9a7-e28eb1ab3c11@localhost,WinStayLoseShift,C,10,0,2859,259
520,player_6ebe71f5-6ea3-4c3f-8f02-12c0acb3e2b1@localhost,AlwaysDefect,D,player_c6eab88c-8170-4016-a9a7-e28eb1ab3c11@localhost,WinStayLoseShift,D,1,1,2860,260
521,player_6ebe71f5-6ea3-4c3f-8f02-12c0acb3e2b1@localhost,AlwaysDefect,D,player_c6eab88c-8170-4016-a9a7-e28eb1ab3c11@localhost,WinStayLoseShift,C,10,0,2870,260
522,player_6ebe71f5-6ea3-4c3f-8f02-12c0acb3e2b1@localhost,AlwaysDefect,D,player_c6eab88c-8170-4016-a9a7-e28eb1ab3c11@localhost,WinStayLoseShift,D,1,1,2871,261
523,player_6ebe71f5-6ea3-4c3f-8f02-12c0acb3e2b1@localhost,AlwaysDefect,D,player_c6eab88c-8170-4016-a9a7-e28eb1ab3c11@localhost,WinStayLoseShift,C,10,0,2881,261
524,player_6ebe71f5-6ea3-4c3f-8f02-12c0acb3e2b1@localhost,AlwaysDefect,D,player_c6eab88c-8170-4016-a9a7-e28eb1ab3c11@localhost,WinStayLoseShift,D,1,1,2882,262
525,player_6ebe71f5-6ea3-4c3f-8f02-12c0acb3e2b1@localhost,AlwaysDefect,D,player_c6eab88c-8170-4016-a9a7-e28eb1ab3c11@localhost,WinStayLoseShift,C,10,0,2892,262
526,player_6ebe71f5-6ea3-4c3f-8f02-12c0acb3e2b1@localhost,AlwaysDefect,D,player_c6eab88c-8170-4016-a9a7-e28eb1ab3c11@localhost,WinStayLoseShift,D,1,1,2893,263
527,player_6ebe71f5-6ea3-4c3f-8f02-12c0acb3e2b1@localhost,AlwaysDefect,D,player_c6eab88c-8170-4016-a9a7-e28eb1ab3c11@localhost,WinStayLoseShift,C,10,0,2903,263
528,player_6ebe71f5-6ea3-4c3f-8f02-12c0acb3e2b1@localhost,AlwaysDefect,D,player_c6eab88c-8170-4016-a9a7-e28eb1ab3c11@localhost,WinStayLoseShift,D,1,1,2904,264
529,player_6ebe71f5-6ea3-4c3f-8f02-12c0acb3e2b1@localhost,AlwaysDefect,D,player_c6eab88c-8170-4016-a9a7-e28eb1ab3c11@localhost,WinStayLoseShift,C,10,0,2914,264
530,player_6ebe71f5-6ea3-4c3f-8f02-12c0acb3e2b1@localhost,AlwaysDefect,D,player_c6eab88c-8170-4016-a9a7-e28eb1ab3c11@localhost,WinStayLoseShift,D,1,1,2915,265
531,player_6ebe71f5-6ea3-4c3f-8f02-12c0acb3e2b1@localhost,AlwaysDefect,D,player_c6eab88c-8170-4016-a9a7-e28eb1ab3c11@localhost,WinStayLoseShift,C,10,0,2925,265
532,player_6ebe71f5-6ea3-4c3f-8f02-12c0acb3e2b1@localhost,AlwaysDefect,D,player_c6eab88c-8170-4016-a9a7-e28eb1ab3c11@localhost,WinStayLoseShift,D,1,1,2926,266
533,player_6ebe71f5-6ea3-4c3f-8f02-12c0acb3e2b1@localhost,AlwaysDefect,D,player_c6eab88c-8170-4016-a9a7-e28eb1ab3c11@localhost,WinStayLoseShift,C,10,0,2936,266
534,player_6ebe71f5-6ea3-4c3f-8f02-12c0acb3e2b1@localhost,AlwaysDefect,D,player_c6eab88c-8170-4016-a9a7-e28eb1ab3c11@localhost,WinStayLoseShift,D,1,1,2937,267
535,player_6ebe71f5-6ea3-4c3f-8f02-12c0acb3e2b1@localhost,AlwaysDefect,D,player_c6eab88c-8170-4016-a9a7-e28eb1ab3c11@localhost,WinStayLoseShift,C,10,0,2947,267
536,player_6ebe71f5-6ea3-4c3f-8f02-12c0acb3e2b1@localhost,AlwaysDefect,D,player_c6eab88c-8170-4016-a9a7-e28eb1ab3c11@localhost,WinStayLoseShift,D,1,1,2948,268
537,player_6ebe71f5-6ea3-4c3f-8f02-12c0acb3e2b1@localhost,AlwaysDefect,D,player_c6eab88c-8170-4016-a9a7-e28eb1ab3c11@localhost,WinStayLoseShift,C,10,0,2958,268
538,player_6ebe71f5-6ea3-4c3f-8f02-12c0acb3e2b1@localhost,AlwaysDefect,D,player_c6eab88c-8170-4016-a9a7-e28eb1ab3c11@localhost,WinStayLoseShift,D,1,1,2959,269
539,player_6ebe71f5-6ea3-4c3f-8f02-12c0acb3e2b1@localhost,AlwaysDefect,D,player_c6eab88c-8170-4016-a9a7-e28eb1ab3c11@localhost,WinStayLoseShift,C,10,0,2969,269
540,player_6ebe71f5-6ea3-4c3f-8f02-12c0acb3e2b1@localhost,AlwaysDefect,D,player_c6eab88c-8170-4016-a9a7-e28eb1ab3c11@localhost,WinStayLoseShift,D,1,1,2970,270
541,player_6ebe71f5-6ea3-4c3f-8f02-12c0acb3e2b1@localhost,AlwaysDefect,D,player_c6eab88c-8170-4016-a9a7-e28eb1ab3c11@localhost,WinStayLoseShift,C,10,0,2980,270
542,player_6ebe71f5-6ea3-4c3f-8f02-12c0acb3e2b1@localhost,AlwaysDefect,D,player_c6eab88c-8170-4016-a9a7-e28eb1ab3c11@localhost,WinStayLoseShift,D,1,1,2981,271
543,player_6ebe71f5-6ea3-4c3f-8f02-12c0acb3e2b1@localhost,AlwaysDefect,D,player_c6eab88c-8170-4016-a9a7-e28eb1ab3c11@localhost,WinStayLoseShift,C,10,0,2991,271
544,player_6ebe71f5-6ea3-4c3f-8f02-12c0acb3e2b1@localhost,AlwaysDefect,D,player_c6eab88c-8170-4016-a9a7-e28eb1ab3c11@localhost,WinStayLoseShift,D,1,1,2992,272
545,player_6ebe71f5-6ea3-4c3f-8f02-12c0acb3e2b1@localhost,AlwaysDefect,D,player_c6eab88c-8170-4016-a9a7-e28eb1ab3c11@localhost,WinStayLoseShift,C,10,0,3002,272
546,player_6ebe71f5-6ea3-4c3f-8f02-12c0acb3e2b1@localhost,AlwaysDefect,D,player_c6eab88c-8170-4016-a9a7-e28eb1ab3c11@localhost,WinStayLoseShift,D,1,1,3003,273
547,player_6ebe71f5-6ea3-4c3f-8f02-12c0acb3e2b1@localhost,AlwaysDefect,D,player_c6eab88c-8170-4016-a9a7-e28eb1ab3c11@localhost,WinStayLoseShift,C,10,0,3013,273
548,player_6ebe71f5-6ea3-4c3f-8f02-12c0acb3e2b1@localhost,AlwaysDefect,D,player_c6eab88c-8170-4016-a9a7-e28eb1ab3c11@localhost,WinStayLoseShift,D,1,1,3014,274
549,player_6ebe71f5-6ea3-4c3f-8f02-12c0acb3e2b1@localhost,AlwaysDefect,D,player_c6eab88c-8170-4016-a9a7-e28eb1ab3c11@localhost,WinStayLoseShift,C,10,0,3024,274
550,player_6ebe71f5-6ea3-4c3f-8f02-12c0acb3e2b1@localhost,AlwaysDefect,D,player_c6eab88c-8170-4016-a9a7-e28eb1ab3c11@localhost,WinStayLoseShift,D,1,1,3025,275
551,player_6ebe71f5-6ea3-4c3f-8f02-12c0acb3e2b1@localhost,AlwaysDefect,D,player_c6eab88c-8170-4016-a9a7-e28eb1ab3c11@localhost,WinStayLoseShift,C,10,0,3035,275
552,player_6ebe71f5-6ea3-4c3f-8f02-12c0acb3e2b1@localhost,AlwaysDefect,D,player_c6eab88c-8170-4016-a9a7-e28eb1ab3c11@localhost,WinStayLoseShift,D,1,1,3036,276
553,player_6ebe71f5-6ea3-4c3f-8f02-12c0acb3e2b1@localhost,AlwaysDefect,D,player_c6eab88c-8170-4016-a9a7-e28eb1ab3c11@localhost,WinStayLoseShift,C,10,0,3046,276
554,player_6ebe71f5-6ea3-4c3f-8f02-12c0acb3e2b1@localhost,AlwaysDefect,D,player_c6eab88c-8170-4016-a9a7-e28eb1ab3c11@localhost,WinStayLoseShift,D,1,1,3047,277
555,player_6ebe71f5-6ea3-4c3f-8f02-12c0acb3e2b1@localhost,AlwaysDefect,D,player_c6eab88c-8170-4016-a9a7-e28eb1ab3c11@localhost,WinStayLoseShift,C,10,0,3057,277
556,player_6ebe71f5-6ea3-4c3f-8f02-12c0acb3e2b1@localhost,AlwaysDefect,D,player_c6eab88c-8170-4016-a9a7-e28eb1ab3c11@localhost,WinStayLoseShift,D,1,1,3058,278
557,player_6ebe71f5-6ea3-4c3f-8f02-12c0acb3e2b1@localhost,AlwaysDefect,D,player_c6eab88c-8170-4016-a9a7-e28eb1ab3c11@localhost,WinStayLoseShift,C,10,0,3068,278
558,player_6ebe71f5-6ea3-4c3f-8f02-12c0acb3e2b1@localhost,AlwaysDefect,D,player_c6eab88c-8170-4016-a9a7-e28eb1ab3c11@localhost,WinStayLoseShift,D,1,1,3069,279
559,player_6ebe71f5-6ea3-4c3f-8f02-12c0acb3e2b1@localhost,AlwaysDefect,D,player_c6eab88c-8170-4016-a9a7-e28eb1ab3c11@localhost,WinStayLoseShift,C,10,0,3079,279
560,player_6ebe71f5-6ea3-4c3f-8f02-12c0acb3e2b1@localhost,AlwaysDefect,D,player_c6eab88c-8170-4016-a9a7-e28eb1ab3c11@localhost,WinStayLoseShift,D,1,1,3080,280
561,player_6ebe71f5-6ea3-4c3f-8f02-12c0acb3e2b1@localhost,AlwaysDefect,D,player_c6eab88c-8170-4016-a9a7-e28eb1ab3c11@localhost,WinStayLoseShift,C,10,0,3090,280
562,player_6ebe71f5-6ea3-4c3f-8f02-12c0acb3e2b1@localhost,AlwaysDefect,D,player_c6eab88c-8170-4016-a9a7-e28eb1ab3c11@localhost,WinStayLoseShift,D,1,1,3091,281
563,player_6ebe71f5-6ea3-4c3f-8f02-12c0acb3e2b1@localhost,AlwaysDefect,D,player_c6eab88c-8170-4016-a9a7-e28eb1ab3c11@localhost,WinStayLoseShift,C,10,0,3101,281
564,player_6ebe71f5-6ea3-4c3f-8f02-12c0acb3e2b1@localhost,AlwaysDefect,D,player_c6eab88c-8170-4016-a9a7-e28eb1ab3c11@localhost,WinStayLoseShift,D,1,1,3102,282
565,player_6ebe71f5-6ea3-4c3f-8f02-12c0acb3e2b1@localhost,AlwaysDefect,D,player_c6eab88c-8170-4016-a9a7-e28eb1ab3c11@localhost,WinStayLoseShift,C,10,0,3112,282
566,player_6ebe71f5-6ea3-4c3f-8f02-12c0acb3e2b1@localhost,AlwaysDefect,D,player_c6eab88c-8170-4016-a9a7-e28eb1ab3c11@localhost,WinStayLoseShift,D,1,1,3113,283
567,player_6ebe71f5-6ea3-4c3f-8f02-12c0acb3e2b1@localhost,AlwaysDefect,D,player_c6eab88c-8170-4016-a9a7-e28eb1ab3c11@localhost,WinStayLoseShift,C,10,0,3123,283
568,player_6ebe71f5-6ea3-4c3f-8f02-12c0acb3e2b1@localhost,AlwaysDefect,D,player_c6eab88c-8170-4016-a9a7-e28eb1ab3c11@localhost,WinStayLoseShift,D,1,1,3124,284
569,player_6ebe71f5-6ea3-4c3f-8f02-12c0acb3e2b1@localhost,AlwaysDefect,D,player_c6eab88c-8170-4016-a9a7-e28eb1ab3c11@localhost,WinStayLoseShift,C,10,0,3134,284
570,player_6ebe71f5-6ea3-4c3f-8f02-12c0acb3e2b1@localhost,AlwaysDefect,D,player_c6eab88c-8170-4016-a9a7-e28eb1ab3c11@localhost,WinStayLoseShift,D,1,1,3135,285
571,player_6ebe71f5-6ea3-4c3f-8f02-12c0acb3e2b1@localhost,AlwaysDefect,D,player_c6eab88c-8170-4016-a9a7-e28eb1ab3c11@localhost,WinStayLoseShift,C,10,0,3145,285
572,player_6ebe71f5-6ea3-4c3f-8f02-12c0acb3e2b1@localhost,AlwaysDefect,D,player_c6eab88c-8170-4016-a9a7-e28eb1ab3c11@localhost,WinStayLoseShift,D,1,1,3146,286
573,player_6ebe71f5-6ea3-4c3f-8f02-12c0acb3e2b1@localhost,AlwaysDefect,D,player_c6eab88c-8170-4016-a9a7-e28eb1ab3c11@localhost,WinStayLoseShift,C,10,0,3156,286
574,player_6ebe71f5-6ea3-4c3f-8f02-12c0acb3e2b1@localhost,AlwaysDefect,D,player_c6eab88c-8170-4016-a9a7-e28eb1ab3c11@localhost,WinStayLoseShift,D,1,1,3157,287
575,player_6ebe71f5-6ea3-4c3f-8f02-12c0acb3e2b1@localhost,AlwaysDefect,D,player_c6eab88c-8170-4016-a9a7-e28eb1ab3c11@localhost,WinStayLoseShift,C,10,0,3167,287
576,player_6ebe71f5-6ea3-4c3f-8f02-12c0acb3e2b1@localhost,AlwaysDefect,D,player_c6eab88c-8170-4016-a9a7-e28eb1ab3c11@localhost,WinStayLoseShift,D,1,1,3168,288
577,player_6ebe71f5-6ea3-4c3f-8f02-12c0acb3e2b1@localhost,AlwaysDefect,D,player_c6eab88c-8170-4016-a9a7-e28eb1ab3c11@localhost,WinStayLoseShift,C,10,0,3178,288
578,player_6ebe71f5-6ea3-4c3f-8f02-12c0acb3e2b1@localhost,AlwaysDefect,D,player_c6eab88c-8170-4016-a9a7-e28eb1ab3c11@localhost,WinStayLoseShift,D,1,1,3179,289
579,player_6ebe71f5-6ea3-4c3f-8f02-12c0acb3e2b1@localhost,AlwaysDefect,D,player_c6eab88c-8170-4016-a9a7-e28eb1ab3c11@localhost,WinStayLoseShift,C,10,0,3189,289
580,player_6ebe71f5-6ea3-4c3f-8f02-12c0acb3e2b1@localhost,AlwaysDefect,D,player_c6eab88c-8170-4016-a9a7-e28eb1ab3c11@localhost,WinStayLoseShift,D,1,1,3190,290
581,player_6ebe71f5-6ea3-4c3f-8f02-12c0acb3e2b1@localhost,AlwaysDefect,D,player_c6eab88c-8170-4016-a9a7-e28eb1ab3c11@localhost,WinStayLoseShift,C,10,0,3200,290
582,player_6ebe71f5-6ea3-4c3f-8f02-12c0acb3e2b1@localhost,AlwaysDefect,D,player_c6eab88c-8170-4016-a9a7-e28eb1ab3c11@localhost,WinStayLoseShift,D,1,1,3201,291
583,player_6ebe71f5-6ea3-4c3f-8f02-12c0acb3e2b1@localhost,AlwaysDefect,D,player_c6eab88c-8170-4016-a9a7-e28eb1ab3c11@localhost,WinStayLoseShift,C,10,0,3211,291
584,player_6ebe71f5-6ea3-4c3f-8f02-12c0acb3e2b1@localhost,AlwaysDefect,D,player_c6eab88c-8170-4016-a9a7-e28eb1ab3c11@localhost,WinStayLoseShift,D,1,1,3212,292
585,player_6ebe71f5-6ea3-4c3f-8f02-12c0acb3e2b1@localhost,AlwaysDefect,D,player_c6eab88c-8170-4016-a9a7-e28eb1ab3c11@localhost,WinStayLoseShift,C,10,0,3222,292
586,player_6ebe71f5-6ea3-4c3f-8f02-12c0acb3e2b1@localhost,AlwaysDefect,D,player_c6eab88c-8170-4016-a9a7-e28eb1ab3c11@localhost,WinStayLoseShift,D,1,1,3223,293
587,player_6ebe71f5-6ea3-4c3f-8f02-12c0acb3e2b1@localhost,AlwaysDefect,D,player_c6eab88c-8170-4016-a9a7-e28eb1ab3c11@localhost,WinStayLoseShift,C,10,0,3233,293
588,player_6ebe71f5-6ea3-4c3f-8f02-12c0acb3e2b1@localhost,AlwaysDefect,D,player_c6eab88c-8170-4016-a9a7-e28eb1ab3c11@localhost,WinStayLoseShift,D,1,1,3234,294
589,player_6ebe71f5-6ea3-4c3f-8f02-12c0acb3e2b1@localhost,AlwaysDefect,D,player_c6eab88c-8170-4016-a9a7-e28eb1ab3c11@localhost,WinStayLoseShift,C,10,0,3244,294
590,player_6ebe71f5-6ea3-4c3f-8f02-12c0acb3e2b1@localhost,AlwaysDefect,D,player_c6eab88c-8170-4016-a9a7-e28eb1ab3c11@localhost,WinStayLoseShift,D,1,1,3245,295
591,player_6ebe71f5-6ea3-4c3f-8f02-12c0acb3e2b1@localhost,AlwaysDefect,D,player_c6eab88c-8170-4016-a9a7-e28eb1ab3c11@localhost,WinStayLoseShift,C,10,0,3255,295
592,player_6ebe71f5-6ea3-4c3f-8f02-12c0acb3e2b1@localhost,AlwaysDefect,D,player_c6eab88c-8170-4016-a9a7-e28eb1ab3c11@localhost,WinStayLoseShift,D,1,1,3256,296
593,player_6ebe71f5-6ea3-4c3f-8f02-12c0acb3e2b1@localhost,AlwaysDefect,D,player_c6eab88c-8170-4016-a9a7-e28eb1ab3c11@localhost,WinStayLoseShift,C,10,0,3266,296
594,player_6ebe71f5-6ea3-4c3f-8f02-12c0acb3e2b1@localhost,AlwaysDefect,D,player_c6eab88c-8170-4016-a9a7-e28eb1ab3c11@localhost,WinStayLoseShift,D,1,1,3267,297
595,player_6ebe71f5-6ea3-4c3f-8f02-12c0acb3e2b1@localhost,AlwaysDefect,D,player_c6eab88c-8170-4016-a9a7-e28eb1ab3c11@localhost,WinStayLoseShift,C,10,0,3277,297
596,player_6ebe71f5-6ea3-4c3f-8f02-12c0acb3e2b1@localhost,AlwaysDefect,D,player_c6eab88c-8170-4016-a9a7-e28eb1ab3c11@localhost,WinStayLoseShift,D,1,1,3278,298
597,player_6ebe71f5-6ea3-4c3f-8f02-12c0acb3e2b1@localhost,AlwaysDefect,D,player_c6eab88c-8170-4016-a9a7-e28eb1ab3c11@localhost,WinStayLoseShift,C,10,0,3288,298
598,player_6ebe71f5-6ea3-4c3f-8f02-12c0acb3e2b1@localhost,AlwaysDefect,D,player_c6eab88c-8170-4016-a9a7-e28eb1ab3c11@localhost,WinStayLoseShift,D,1,1,3289,299
599,player_6ebe71f5-6ea3-4c3f-8f02-12c0acb3e2b1@localhost,AlwaysDefect,D,player_c6eab88c-8170-4016-a9a7-e28eb1ab3c11@localhost,WinStayLoseShift,C,10,0,3299,299
600,player_6ebe71f5-6ea3-4c3f-8f02-12c0acb3e2b1@localhost,AlwaysDefect,D,player_c6eab88c-8170-4016-a9a7-e28eb1ab3c11@localhost,WinStayLoseShift,D,1,1,3300,300
601,player_6ebe71f5-6ea3-4c3f-8f02-12c0acb3e2b1@localhost,AlwaysDefect,D,player_c6eab88c-8170-4016-a9a7-e28eb1ab3c11@localhost,WinStayLoseShift,C,10,0,3310,300
602,player_6ebe71f5-6ea3-4c3f-8f02-12c0acb3e2b1@localhost,AlwaysDefect,D,player_c6eab88c-8170-4016-a9a7-e28eb1ab3c11@localhost,WinStayLoseShift,D,1,1,3311,301
603,player_6ebe71f5-6ea3-4c3f-8f02-12c0acb3e2b1@localhost,AlwaysDefect,D,player_c6eab88c-8170-4016-a9a7-e28eb1ab3c11@localhost,WinStayLoseShift,C,10,0,3321,301
604,player_6ebe71f5-6ea3-4c3f-8f02-12c0acb3e2b1@localhost,AlwaysDefect,D,player_c6eab88c-8170-4016-a9a7-e28eb1ab3c11@localhost,WinStayLoseShift,D,1,1,3322,302
605,player_6ebe71f5-6ea3-4c3f-8f02-12c0acb3e2b1@localhost,AlwaysDefect,D,player_c6eab88c-8170-4016-a9a7-e28eb1ab3c11@localhost,WinStayLoseShift,C,10,0,3332,302
606,player_6ebe71f5-6ea3-4c3f-8f02-12c0acb3e2b1@localhost,AlwaysDefect,D,player_c6eab88c-8170-4016-a9a7-e28eb1ab3c11@localhost,WinStayLoseShift,D,1,1,3333,303
607,player_6ebe71f5-6ea3-4c3f-8f02-12c0acb3e2b1@localhost,AlwaysDefect,D,player_c6eab88c-8170-4016-a9a7-e28eb1ab3c11@localhost,WinStayLoseShift,C,10,0,3343,303
608,player_6ebe71f5-6ea3-4c3f-8f02-12c0acb3e2b1@localhost,AlwaysDefect,D,player_c6eab88c-8170-4016-a9a7-e28eb1ab3c11@localhost,WinStayLoseShift,D,1,1,3344,304
609,player_6ebe71f5-6ea3-4c3f-8f02-12c0acb3e2b1@localhost,AlwaysDefect,D,player_c6eab88c-8170-4016-a9a7-e28eb1ab3c11@localhost,WinStayLoseShift,C,10,0,3354,304
610,player_6ebe71f5-6ea3-4c3f-8f02-12c0acb3e2b1@localhost,AlwaysDefect,D,player_c6eab88c-8170-4016-a9a7-e28eb1ab3c11@localhost,WinStayLoseShift,D,1,1,3355,305
611,player_6ebe71f5-6ea3-4c3f-8f02-12c0acb3e2b1@localhost,AlwaysDefect,D,player_c6eab88c-8170-4016-a9a7-e28eb1ab3c11@localhost,WinStayLoseShift,C,10,0,3365,305
612,player_6ebe71f5-6ea3-4c3f-8f02-12c0acb3e2b1@localhost,AlwaysDefect,D,player_c6eab88c-8170-4016-a9a7-e28eb1ab3c11@localhost,WinStayLoseShift,D,1,1,3366,306
613,player_6ebe71f5-6ea3-4c3f-8f02-12c0acb3e2b1@localhost,AlwaysDefect,D,player_c6eab88c-8170-4016-a9a7-e28eb1ab3c11@localhost,WinStayLoseShift,C,10,0,3376,306
614,player_6ebe71f5-6ea3-4c3f-8f02-12c0acb3e2b1@localhost,AlwaysDefect,D,player_c6eab88c-8170-4016-a9a7-e28eb1ab3c11@localhost,WinStayLoseShift,D,1,1,3377,307
615,player_6ebe71f5-6ea3-4c3f-8f02-12c0acb3e2b1@localhost,AlwaysDefect,D,player_c6eab88c-8170-4016-a9a7-e28eb1ab3c11@localhost,WinStayLoseShift,C,10,0,3387,307
616,player_6ebe71f5-6ea3-4c3f-8f02-12c0acb3e2b1@localhost,AlwaysDefect,D,player_c6eab88c-8170-4016-a9a7-e28eb1ab3c11@localhost,WinStayLoseShift,D,1,1,3388,308
617,player_6ebe71f5-6ea3-4c3f-8f02-12c0acb3e2b1@localhost,AlwaysDefect,D,player_c6eab88c-8170-4016-a9a7-e28eb1ab3c11@localhost,WinStayLoseShift,C,10,0,3398,308
618,player_6ebe71f5-6ea3-4c3f-8f02-12c0acb3e2b1@localhost,AlwaysDefect,D,player_c6eab88c-8170-4016-a9a7-e28eb1ab3c11@localhost,WinStayLoseShift,D,1,1,3399,309
619,player_6ebe71f5-6ea3-4c3f-8f02-12c0acb3e2b1@localhost,AlwaysDefect,D,player_c6eab88c-8170-4016-a9a7-e28eb1ab3c11@localhost,WinStayLoseShift,C,10,0,3409,309
620,player_6ebe71f5-6ea3-4c3f-8f02-12c0acb3e2b1@localhost,AlwaysDefect,D,player_c6eab88c-8170-4016-a9a7-e28eb1ab3c11@localhost,WinStayLoseShift,D,1,1,3410,310
621,player_6ebe71f5-6ea3-4c3f-8f02-12c0acb3e2b1@localhost,AlwaysDefect,D,player_c6eab88c-8170-4016-a9a7-e28eb1ab3c11@localhost,WinStayLoseShift,C,10,0,3420,310
622,player_6ebe71f5-6ea3-4c3f-8f02-12c0acb3e2b1@localhost,AlwaysDefect,D,player_c6eab88c-8170-4016-a9a7-e28eb1ab3c11@localhost,WinStayLoseShift,D,1,1,3421,311
623,player_6ebe71f5-6ea3-4c3f-8f02-12c0acb3e2b1@localhost,AlwaysDefect,D,player_c6eab88c-8170-4016-a9a7-e28eb1ab3c11@localhost,WinStayLoseShift,C,10,0,3431,311
624,player_6ebe71f5-6ea3-4c3f-8f02-12c0acb3e2b1@localhost,AlwaysDefect,D,player_c6eab88c-8170-4016-a9a7-e28eb1ab3c11@localhost,WinStayLoseShift,D,1,1,3432,312
625,player_6ebe71f5-6ea3-4c3f-8f02-12c0acb3e2b1@localhost,AlwaysDefect,D,player_c6eab88c-8170-4016-a9a7-e28eb1ab3c11@localhost,WinStayLoseShift,C,10,0,3442,312
626,player_6ebe71f5-6ea3-4c3f-8f02-12c0acb3e2b1@localhost,AlwaysDefect,D,player_c6eab88c-8170-4016-a9a7-e28eb1ab3c11@localhost,WinStayLoseShift,D,1,1,3443,313
627,player_6ebe71f5-6ea3-4c3f-8f02-12c0acb3e2b1@localhost,AlwaysDefect,D,player_c6eab88c-8170-4016-a9a7-e28eb1ab3c11@localhost,WinStayLoseShift,C,10,0,3453,313
628,player_6ebe71f5-6ea3-4c3f-8f02-12c0acb3e2b1@localhost,AlwaysDefect,D,player_c6eab88c-8170-4016-a9a7-e28eb1ab3c11@localhost,WinStayLoseShift,D,1,1,3454,314
629,player_6ebe71f5-6ea3-4c3f-8f02-12c0acb3e2b1@localhost,AlwaysDefect,D,player_c6eab88c-8170-4016-a9a7-e28eb1ab3c11@localhost,WinStayLoseShift,C,10,0,3464,314
630,player_6ebe71f5-6ea3-4c3f-8f02-12c0acb3e2b1@localhost,AlwaysDefect,D,player_c6eab88c-8170-4016-a9a7-e28eb1ab3c11@localhost,WinStayLoseShift,D,1,1,3465,315
631,player_6ebe71f5-6ea3-4c3f-8f02-12c0acb3e2b1@localhost,AlwaysDefect,D,player_c6eab88c-8170-4016-a9a7-e28eb1ab3c11@localhost,WinStayLoseShift,C,10,0,3475,315
632,player_6ebe71f5-6ea3-4c3f-8f02-12c0acb3e2b1@localhost,AlwaysDefect,D,player_c6eab88c-8170-4016-a9a7-e28eb1ab3c11@localhost,WinStayLoseShift,D,1,1,3476,316
633,player_6ebe71f5-6ea3-4c3f-8f02-12c0acb3e2b1@localhost,AlwaysDefect,D,player_c6eab88c-8170-4016-a9a7-e28eb1ab3c11@localhost,WinStayLoseShift,C,10,0,3486,316
634,player_6ebe71f5-6ea3-4c3f-8f02-12c0acb3e2b1@localhost,AlwaysDefect,D,player_c6eab88c-8170-4016-a9a7-e28eb1ab3c11@localhost,WinStayLoseShift,D,1,1,3487,317
635,player_6ebe71f5-6ea3-4c3f-8f02-12c0acb3e2b1@localhost,AlwaysDefect,D,player_c6eab88c-8170-4016-a9a7-e28eb1ab3c11@localhost,WinStayLoseShift,C,10,0,3497,317
636,player_6ebe71f5-6ea3-4c3f-8f02-12c0acb3e2b1@localhost,AlwaysDefect,D,player_c6eab88c-8170-4016-a9a7-e28eb1ab3c11@localhost,WinStayLoseShift,D,1,1,3498,318
637,player_6ebe71f5-6ea3-4c3f-8f02-12c0acb3e2b1@localhost,AlwaysDefect,D,player_c6eab88c-8170-4016-a9a7-e28eb1ab3c11@localhost,WinStayLoseShift,C,10,0,3508,318
638,player_6ebe71f5-6ea3-4c3f-8f02-12c0acb3e2b1@localhost,AlwaysDefect,D,player_c6eab88c-8170-4016-a9a7-e28eb1ab3c11@localhost,WinStayLoseShift,D,1,1,3509,319
639,player_6ebe71f5-6ea3-4c3f-8f02-12c0acb3e2b1@localhost,AlwaysDefect,D,player_c6eab88c-8170-4016-a9a7-e28eb1ab3c11@localhost,WinStayLoseShift,C,10,0,3519,319
640,player_6ebe71f5-6ea3-4c3f-8f02-12c0acb3e2b1@localhost,AlwaysDefect,D,player_c6eab88c-8170-4016-a9a7-e28eb1ab3c11@localhost,WinStayLoseShift,D,1,1,3520,320
641,player_6ebe71f5-6ea3-4c3f-8f02-12c0acb3e2b1@localhost,AlwaysDefect,D,player_c6eab88c-8170-4016-a9a7-e28eb1ab3c11@localhost,WinStayLoseShift,C,10,0,3530,320
642,player_6ebe71f5-6ea3-4c3f-8f02-12c0acb3e2b1@localhost,AlwaysDefect,D,player_c6eab88c-8170-4016-a9a7-e28eb1ab3c11@localhost,WinStayLoseShift,D,1,1,3531,321
643,player_6ebe71f5-6ea3-4c3f-8f02-12c0acb3e2b1@localhost,AlwaysDefect,D,player_c6eab88c-8170-4016-a9a7-e28eb1ab3c11@localhost,WinStayLoseShift,C,10,0,3541,321
644,player_6ebe71f5-6ea3-4c3f-8f02-12c0acb3e2b1@localhost,AlwaysDefect,D,player_c6eab88c-8170-4016-a9a7-e28eb1ab3c11@localhost,WinStayLoseShift,D,1,1,3542,322
645,player_6ebe71f5-6ea3-4c3f-8f02-12c0acb3e2b1@localhost,AlwaysDefect,D,player_c6eab88c-8170-4016-a9a7-e28eb1ab3c11@localhost,WinStayLoseShift,C,10,0,3552,322
646,player_6ebe71f5-6ea3-4c3f-8f02-12c0acb3e2b1@localhost,AlwaysDefect,D,player_c6eab88c-8170-4016-a9a7-e28eb1ab3c11@localhost,WinStayLoseShift,D,1,1,3553,323
647,player_6ebe71f5-6ea3-4c3f-8f02-12c0acb3e2b1@localhost,AlwaysDefect,D,player_c6eab88c-8170-4016-a9a7-e28eb1ab3c11@localhost,WinStayLoseShift,C,10,0,3563,323
648,player_6ebe71f5-6ea3-4c3f-8f02-12c0acb3e2b1@localhost,AlwaysDefect,D,player_c6eab88c-8170-4016-a9a7-e28eb1ab3c11@localhost,WinStayLoseShift,D,1,1,3564,324
649,player_6ebe71f5-6ea3-4c3f-8f02-12c0acb3e2b1@localhost,AlwaysDefect,D,player_c6eab88c-8170-4016-a9a7-e28eb1ab3c11@localhost,WinStayLoseShift,C,10,0,3574,324
650,player_6ebe71f5-6ea3-4c3f-8f02-12c0acb3e2b1@localhost,AlwaysDefect,D,player_c6eab88c-8170-4016-a9a7-e28eb1ab3c11@localhost,WinStayLoseShift,D,1,1,3575,325
651,player_6ebe71f5-6ea3-4c3f-8f02-12c0acb3e2b1@localhost,AlwaysDefect,D,player_c6eab88c-8170-4016-a9a7-e28eb1ab3c11@localhost,WinStayLoseShift,C,10,0,3585,325
652,player_6ebe71f5-6ea3-4c3f-8f02-12c0acb3e2b1@localhost,AlwaysDefect,D,player_c6eab88c-8170-4016-a9a7-e28eb1ab3c11@localhost,WinStayLoseShift,D,1,1,3586,326
653,player_6ebe71f5-6ea3-4c3f-8f02-12c0acb3e2b1@localhost,AlwaysDefect,D,player_c6eab88c-8170-4016-a9a7-e28eb1ab3c11@localhost,WinStayLoseShift,C,10,0,3596,326
654,player_6ebe71f5-6ea3-4c3f-8f02-12c0acb3e2b1@localhost,AlwaysDefect,D,player_c6eab88c-8170-4016-a9a7-e28eb1ab3c11@localhost,WinStayLoseShift,D,1,1,3597,327
655,player_6ebe71f5-6ea3-4c3f-8f02-12c0acb3e2b1@localhost,AlwaysDefect,D,player_c6eab88c-8170-4016-a9a7-e28eb1ab3c11@localhost,WinStayLoseShift,C,10,0,3607,327
656,player_6ebe71f5-6ea3-4c3f-8f02-12c0acb3e2b1@localhost,AlwaysDefect,D,player_c6eab88c-8170-4016-a9a7-e28eb1ab3c11@localhost,WinStayLoseShift,D,1,1,3608,328
657,player_6ebe71f5-6ea3-4c3f-8f02-12c0acb3e2b1@localhost,AlwaysDefect,D,player_c6eab88c-8170-4016-a9a7-e28eb1ab3c11@localhost,WinStayLoseShift,C,10,0,3618,328
658,player_6ebe71f5-6ea3-4c3f-8f02-12c0acb3e2b1@localhost,AlwaysDefect,D,player_c6eab88c-8170-4016-a9a7-e28eb1ab3c11@localhost,WinStayLoseShift,D,1,1,3619,329
659,player_6ebe71f5-6ea3-4c3f-8f02-12c0acb3e2b1@localhost,AlwaysDefect,D,player_c6eab88c-8170-4016-a9a7-e28eb1ab3c11@localhost,WinStayLoseShift,C,10,0,3629,329
660,player_6ebe71f5-6ea3-4c3f-8f02-12c0acb3e2b1@localhost,AlwaysDefect,D,player_c6eab88c-8170-4016-a9a7-e28eb1ab3c11@localhost,WinStayLoseShift,D,1,1,3630,330
661,player_6ebe71f5-6ea3-4c3f-8f02-12c0acb3e2b1@localhost,AlwaysDefect,D,player_c6eab88c-8170-4016-a9a7-e28eb1ab3c11@localhost,WinStayLoseShift,C,10,0,3640,330
662,player_6ebe71f5-6ea3-4c3f-8f02-12c0acb3e2b1@localhost,AlwaysDefect,D,player_c6eab88c-8170-4016-a9a7-e28eb1ab3c11@localhost,WinStayLoseShift,D,1,1,3641,331
663,player_6ebe71f5-6ea3-4c3f-8f02-12c0acb3e2b1@localhost,AlwaysDefect,D,player_c6eab88c-8170-4016-a9a7-e28eb1ab3c11@localhost,WinStayLoseShift,C,10,0,3651,331
664,player_6ebe71f5-6ea3-4c3f-8f02-12c0acb3e2b1@localhost,AlwaysDefect,D,player_c6eab88c-8170-4016-a9a7-e28eb1ab3c11@localhost,WinStayLoseShift,D,1,1,3652,332
665,player_6ebe71f5-6ea3-4c3f-8f02-12c0acb3e2b1@localhost,AlwaysDefect,D,player_c6eab88c-8170-4016-a9a7-e28eb1ab3c11@localhost,WinStayLoseShift,C,10,0,3662,332
666,player_6ebe71f5-6ea3-4c3f-8f02-12c0acb3e2b1@localhost,AlwaysDefect,D,player_c6eab88c-8170-4016-a9a7-e28eb1ab3c11@localhost,WinStayLoseShift,D,1,1,3663,333
667,player_6ebe71f5-6ea3-4c3f-8f02-12c0acb3e2b1@localhost,AlwaysDefect,D,player_c6eab88c-8170-4016-a9a7-e28eb1ab3c11@localhost,WinStayLoseShift,C,10,0,3673,333
668,player_6ebe71f5-6ea3-4c3f-8f02-12c0acb3e2b1@localhost,AlwaysDefect,D,player_c6eab88c-8170-4016-a9a7-e28eb1ab3c11@localhost,WinStayLoseShift,D,1,1,3674,334
669,player_6ebe71f5-6ea3-4c3f-8f02-12c0acb3e2b1@localhost,AlwaysDefect,D,player_c6eab88c-8170-4016-a9a7-e28eb1ab3c11@localhost,WinStayLoseShift,C,10,0,3684,334
670,player_6ebe71f5-6ea3-4c3f-8f02-12c0acb3e2b1@localhost,AlwaysDefect,D,player_c6eab88c-8170-4016-a9a7-e28eb1ab3c11@localhost,WinStayLoseShift,D,1,1,3685,335
671,player_6ebe71f5-6ea3-4c3f-8f02-12c0acb3e2b1@localhost,AlwaysDefect,D,player_c6eab88c-8170-4016-a9a7-e28eb1ab3c11@localhost,WinStayLoseShift,C,10,0,3695,335
672,player_6ebe71f5-6ea3-4c3f-8f02-12c0acb3e2b1@localhost,AlwaysDefect,D,player_c6eab88c-8170-4016-a9a7-e28eb1ab3c11@localhost,WinStayLoseShift,D,1,1,3696,336
673,player_6ebe71f5-6ea3-4c3f-8f02-12c0acb3e2b1@localhost,AlwaysDefect,D,player_c6eab88c-8170-4016-a9a7-e28eb1ab3c11@localhost,WinStayLoseShift,C,10,0,3706,336
674,player_6ebe71f5-6ea3-4c3f-8f02-12c0acb3e2b1@localhost,AlwaysDefect,D,player_c6eab88c-8170-4016-a9a7-e28eb1ab3c11@localhost,WinStayLoseShift,D,1,1,3707,337
675,player_6ebe71f5-6ea3-4c3f-8f02-12c0acb3e2b1@localhost,AlwaysDefect,D,player_c6eab88c-8170-4016-a9a7-e28eb1ab3c11@localhost,WinStayLoseShift,C,10,0,3717,337
676,player_6ebe71f5-6ea3-4c3f-8f02-12c0acb3e2b1@localhost,AlwaysDefect,D,player_c6eab88c-8170-4016-a9a7-e28eb1ab3c11@localhost,WinStayLoseShift,D,1,1,3718,338
677,player_6ebe71f5-6ea3-4c3f-8f02-12c0acb3e2b1@localhost,AlwaysDefect,D,player_c6eab88c-8170-4016-a9a7-e28eb1ab3c11@localhost,WinStayLoseShift,C,10,0,3728,338
678,player_6ebe71f5-6ea3-4c3f-8f02-12c0acb3e2b1@localhost,AlwaysDefect,D,player_c6eab88c-8170-4016-a9a7-e28eb1ab3c11@localhost,WinStayLoseShift,D,1,1,3729,339
679,player_6ebe71f5-6ea3-4c3f-8f02-12c0acb3e2b1@localhost,AlwaysDefect,D,player_c6eab88c-8170-4016-a9a7-e28eb1ab3c11@localhost,WinStayLoseShift,C,10,0,3739,339
680,player_6ebe71f5-6ea3-4c3f-8f02-12c0acb3e2b1@localhost,AlwaysDefect,D,player_c6eab88c-8170-4016-a9a7-e28eb1ab3c11@localhost,WinStayLoseShift,D,1,1,3740,340
681,player_6ebe71f5-6ea3-4c3f-8f02-12c0acb3e2b1@localhost,AlwaysDefect,D,player_c6eab88c-8170-4016-a9a7-e28eb1ab3c11@localhost,WinStayLoseShift,C,10,0,3750,340
682,player_6ebe71f5-6ea3-4c3f-8f02-12c0acb3e2b1@localhost,AlwaysDefect,D,player_c6eab88c-8170-4016-a9a7-e28eb1ab3c11@localhost,WinStayLoseShift,D,1,1,3751,341
683,player_6ebe71f5-6ea3-4c3f-8f02-12c0acb3e2b1@localhost,AlwaysDefect,D,player_c6eab88c-8170-4016-a9a7-e28eb1ab3c11@localhost,WinStayLoseShift,C,10,0,3761,341
684,player_6ebe71f5-6ea3-4c3f-8f02-12c0acb3e2b1@localhost,AlwaysDefect,D,player_c6eab88c-8170-4016-a9a7-e28eb1ab3c11@localhost,WinStayLoseShift,D,1,1,3762,342
685,player_6ebe71f5-6ea3-4c3f-8f02-12c0acb3e2b1@localhost,AlwaysDefect,D,player_c6eab88c-8170-4016-a9a7-e28eb1ab3c11@localhost,WinStayLoseShift,C,10,0,3772,342
686,player_6ebe71f5-6ea3-4c3f-8f02-12c0acb3e2b1@localhost,AlwaysDefect,D,player_c6eab88c-8170-4016-a9a7-e28eb1ab3c11@localhost,WinStayLoseShift,D,1,1,3773,343
687,player_6ebe71f5-6ea3-4c3f-8f02-12c0acb3e2b1@localhost,AlwaysDefect,D,player_c6eab88c-8170-4016-a9a7-e28eb1ab3c11@localhost,WinStayLoseShift,C,10,0,3783,343
688,player_6ebe71f5-6ea3-4c3f-8f02-12c0acb3e2b1@localhost,AlwaysDefect,D,player_c6eab88c-8170-4016-a9a7-e28eb1ab3c11@localhost,WinStayLoseShift,D,1,1,3784,344
689,player_6ebe71f5-6ea3-4c3f-8f02-12c0acb3e2b1@localhost,AlwaysDefect,D,player_c6eab88c-8170-4016-a9a7-e28eb1ab3c11@localhost,WinStayLoseShift,C,10,0,3794,344
690,player_6ebe71f5-6ea3-4c3f-8f02-12c0acb3e2b1@localhost,AlwaysDefect,D,player_c6eab88c-8170-4016-a9a7-e28eb1ab3c11@localhost,WinStayLoseShift,D,1,1,3795,345
691,player_6ebe71f5-6ea3-4c3f-8f02-12c0acb3e2b1@localhost,AlwaysDefect,D,player_c6eab88c-8170-4016-a9a7-e28eb1ab3c11@localhost,WinStayLoseShift,C,10,0,3805,345
692,player_6ebe71f5-6ea3-4c3f-8f02-12c0acb3e2b1@localhost,AlwaysDefect,D,player_c6eab88c-8170-4016-a9a7-e28eb1ab3c11@localhost,WinStayLoseShift,D,1,1,3806,346
693,player_6ebe71f5-6ea3-4c3f-8f02-12c0acb3e2b1@localhost,AlwaysDefect,D,player_c6eab88c-8170-4016-a9a7-e28eb1ab3c11@localhost,WinStayLoseShift,C,10,0,3816,346
694,player_6ebe71f5-6ea3-4c3f-8f02-12c0acb3e2b1@localhost,AlwaysDefect,D,player_c6eab88c-8170-4016-a9a7-e28eb1ab3c11@localhost,WinStayLoseShift,D,1,1,3817,347
695,player_6ebe71f5-6ea3-4c3f-8f02-12c0acb3e2b1@localhost,AlwaysDefect,D,player_c6eab88c-8170-4016-a9a7-e28eb1ab3c11@localhost,WinStayLoseShift,C,10,0,3827,347
696,player_6ebe71f5-6ea3-4c3f-8f02-12c0acb3e2b1@localhost,AlwaysDefect,D,player_c6eab88c-8170-4016-a9a7-e28eb1ab3c11@localhost,WinStayLoseShift,D,1,1,3828,348
697,player_6ebe71f5-6ea3-4c3f-8f02-12c0acb3e2b1@localhost,AlwaysDefect,D,player_c6eab88c-8170-4016-a9a7-e28eb1ab3c11@localhost,WinStayLoseShift,C,10,0,3838,348
698,player_6ebe71f5-6ea3-4c3f-8f02-12c0acb3e2b1@localhost,AlwaysDefect,D,player_c6eab88c-8170-4016-a9a7-e28eb1ab3c11@localhost,WinStayLoseShift,D,1,1,3839,349
699,player_6ebe71f5-6ea3-4c3f-8f02-12c0acb3e2b1@localhost,AlwaysDefect,D,player_c6eab88c-8170-4016-a9a7-e28eb1ab3c11@localhost,WinStayLoseShift,C,10,0,3849,349
700,player_6ebe71f5-6ea3-4c3f-8f02-12c0acb3e2b1@localhost,AlwaysDefect,D,player_c6eab88c-8170-4016-a9a7-e28eb1ab3c11@localhost,WinStayLoseShift,D,1,1,3850,350
701,player_6ebe71f5-6ea3-4c3f-8f02-12c0acb3e2b1@localhost,AlwaysDefect,D,player_c6eab88c-8170-4016-a9a7-e28eb1ab3c11@localhost,WinStayLoseShift,C,10,0,3860,350
702,player_6ebe71f5-6ea3-4c3f-8f02-12c0acb3e2b1@localhost,AlwaysDefect,D,player_c6eab88c-8170-4016-a9a7-e28eb1ab3c11@localhost,WinStayLoseShift,D,1,1,3861,351
703,player_6ebe71f5-6ea3-4c3f-8f02-12c0acb3e2b1@localhost,AlwaysDefect,D,player_c6eab88c-8170-4016-a9a7-e28eb1ab3c11@localhost,WinStayLoseShift,C,10,0,3871,351
704,player_6ebe71f5-6ea3-4c3f-8f02-12c0acb3e2b1@localhost,AlwaysDefect,D,player_c6eab88c-8170-4016-a9a7-e28eb1ab3c11@localhost,WinStayLoseShift,D,1,1,3872,352
705,player_6ebe71f5-6ea3-4c3f-8f02-12c0acb3e2b1@localhost,AlwaysDefect,D,player_c6eab88c-8170-4016-a9a7-e28eb1ab3c11@localhost,WinStayLoseShift,C,10,0,3882,352
706,player_6ebe71f5-6ea3-4c3f-8f02-12c0acb3e2b1@localhost,AlwaysDefect,D,player_c6eab88c-8170-4016-a9a7-e28eb1ab3c11@localhost,WinStayLoseShift,D,1,1,3883,353
707,player_6ebe71f5-6ea3-4c3f-8f02-12c0acb3e2b1@localhost,AlwaysDefect,D,player_c6eab88c-8170-4016-a9a7-e28eb1ab3c11@localhost,WinStayLoseShift,C,10,0,3893,353
708,player_6ebe71f5-6ea3-4c3f-8f02-12c0acb3e2b1@localhost,AlwaysDefect,D,player_c6eab88c-8170-4016-a9a7-e28eb1ab3c11@localhost,WinStayLoseShift,D,1,1,3894,354
709,player_6ebe71f5-6ea3-4c3f-8f02-12c0acb3e2b1@localhost,AlwaysDefect,D,player_c6eab88c-8170-4016-a9a7-e28eb1ab3c11@localhost,WinStayLoseShift,C,10,0,3904,354
710,player_6ebe71f5-6ea3-4c3f-8f02-12c0acb3e2b1@localhost,AlwaysDefect,D,player_c6eab88c-8170-4016-a9a7-e28eb1ab3c11@localhost,WinStayLoseShift,D,1,1,3905,355
711,player_6ebe71f5-6ea3-4c3f-8f02-12c0acb3e2b1@localhost,AlwaysDefect,D,player_c6eab88c-8170-4016-a9a7-e28eb1ab3c11@localhost,WinStayLoseShift,C,10,0,3915,355
712,player_6ebe71f5-6ea3-4c3f-8f02-12c0acb3e2b1@localhost,AlwaysDefect,D,player_c6eab88c-8170-4016-a9a7-e28eb1ab3c11@localhost,WinStayLoseShift,D,1,1,3916,356
713,player_6ebe71f5-6ea3-4c3f-8f02-12c0acb3e2b1@localhost,AlwaysDefect,D,player_c6eab88c-8170-4016-a9a7-e28eb1ab3c11@localhost,WinStayLoseShift,C,10,0,3926,356
714,player_6ebe71f5-6ea3-4c3f-8f02-12c0acb3e2b1@localhost,AlwaysDefect,D,player_c6eab88c-8170-4016-a9a7-e28eb1ab3c11@localhost,WinStayLoseShift,D,1,1,3927,357
715,player_6ebe71f5-6ea3-4c3f-8f02-12c0acb3e2b1@localhost,AlwaysDefect,D,player_c6eab88c-8170-4016-a9a7-e28eb1ab3c11@localhost,WinStayLoseShift,C,10,0,3937,357
716,player_6ebe71f5-6ea3-4c3f-8f02-12c0acb3e2b1@localhost,AlwaysDefect,D,player_c6eab88c-8170-4016-a9a7-e28eb1ab3c11@localhost,WinStayLoseShift,D,1,1,3938,358
717,player_6ebe71f5-6ea3-4c3f-8f02-12c0acb3e2b1@localhost,AlwaysDefect,D,player_c6eab88c-8170-4016-a9a7-e28eb1ab3c11@localhost,WinStayLoseShift,C,10,0,3948,358
718,player_6ebe71f5-6ea3-4c3f-8f02-12c0acb3e2b1@localhost,AlwaysDefect,D,player_c6eab88c-8170-4016-a9a7-e28eb1ab3c11@localhost,WinStayLoseShift,D,1,1,3949,359
719,player_6ebe71f5-6ea3-4c3f-8f02-12c0acb3e2b1@localhost,AlwaysDefect,D,player_c6eab88c-8170-4016-a9a7-e28eb1ab3c11@localhost,WinStayLoseShift,C,10,0,3959,359
720,player_6ebe71f5-6ea3-4c3f-8f02-12c0acb3e2b1@localhost,AlwaysDefect,D,player_c6eab88c-8170-4016-a9a7-e28eb1ab3c11@localhost,WinStayLoseShift,D,1,1,3960,360
721,player_6ebe71f5-6ea3-4c3f-8f02-12c0acb3e2b1@localhost,AlwaysDefect,D,player_c6eab88c-8170-4016-a9a7-e28eb1ab3c11@localhost,WinStayLoseShift,C,10,0,3970,360
722,player_6ebe71f5-6ea3-4c3f-8f02-12c0acb3e2b1@localhost,AlwaysDefect,D,player_c6eab88c-8170-4016-a9a7-e28eb1ab3c11@localhost,WinStayLoseShift,D,1,1,3971,361
723,player_6ebe71f5-6ea3-4c3f-8f02-12c0acb3e2b1@localhost,AlwaysDefect,D,player_c6eab88c-8170-4016-a9a7-e28eb1ab3c11@localhost,WinStayLoseShift,C,10,0,3981,361
724,player_6ebe71f5-6ea3-4c3f-8f02-12c0acb3e2b1@localhost,AlwaysDefect,D,player_c6eab88c-8170-4016-a9a7-e28eb1ab3c11@localhost,WinStayLoseShift,D,1,1,3982,362
725,player_6ebe71f5-6ea3-4c3f-8f02-12c0acb3e2b1@localhost,AlwaysDefect,D,player_c6eab88c-8170-4016-a9a7-e28eb1ab3c11@localhost,WinStayLoseShift,C,10,0,3992,362
726,player_6ebe71f5-6ea3-4c3f-8f02-12c0acb3e2b1@localhost,AlwaysDefect,D,player_c6eab88c-8170-4016-a9a7-e28eb1ab3c11@localhost,WinStayLoseShift,D,1,1,3993,363
727,player_6ebe71f5-6ea3-4c3f-8f02-12c0acb3e2b1@localhost,AlwaysDefect,D,player_c6eab88c-8170-4016-a9a7-e28eb1ab3c11@localhost,WinStayLoseShift,C,10,0,4003,363
728,player_6ebe71f5-6ea3-4c3f-8f02-12c0acb3e2b1@localhost,AlwaysDefect,D,player_c6eab88c-8170-4016-a9a7-e28eb1ab3c11@localhost,WinStayLoseShift,D,1,1,4004,364
729,player_6ebe71f5-6ea3-4c3f-8f02-12c0acb3e2b1@localhost,AlwaysDefect,D,player_c6eab88c-8170-4016-a9a7-e28eb1ab3c11@localhost,WinStayLoseShift,C,10,0,4014,364
730,player_6ebe71f5-6ea3-4c3f-8f02-12c0acb3e2b1@localhost,AlwaysDefect,D,player_c6eab88c-8170-4016-a9a7-e28eb1ab3c11@localhost,WinStayLoseShift,D,1,1,4015,365
731,player_6ebe71f5-6ea3-4c3f-8f02-12c0acb3e2b1@localhost,AlwaysDefect,D,player_c6eab88c-8170-4016-a9a7-e28eb1ab3c11@localhost,WinStayLoseShift,C,10,0,4025,365
732,player_6ebe71f5-6ea3-4c3f-8f02-12c0acb3e2b1@localhost,AlwaysDefect,D,player_c6eab88c-8170-4016-a9a7-e28eb1ab3c11@localhost,WinStayLoseShift,D,1,1,4026,366
733,player_6ebe71f5-6ea3-4c3f-8f02-12c0acb3e2b1@localhost,AlwaysDefect,D,player_c6eab88c-8170-4016-a9a7-e28eb1ab3c11@localhost,WinStayLoseShift,C,10,0,4036,366
734,player_6ebe71f5-6ea3-4c3f-8f02-12c0acb3e2b1@localhost,AlwaysDefect,D,player_c6eab88c-8170-4016-a9a7-e28eb1ab3c11@localhost,WinStayLoseShift,D,1,1,4037,367
735,player_6ebe71f5-6ea3-4c3f-8f02-12c0acb3e2b1@localhost,AlwaysDefect,D,player_c6eab88c-8170-4016-a9a7-e28eb1ab3c11@localhost,WinStayLoseShift,C,10,0,4047,367
736,player_6ebe71f5-6ea3-4c3f-8f02-12c0acb3e2b1@localhost,AlwaysDefect,D,player_c6eab88c-8170-4016-a9a7-e28eb1ab3c11@localhost,WinStayLoseShift,D,1,1,4048,368
737,player_6ebe71f5-6ea3-4c3f-8f02-12c0acb3e2b1@localhost,AlwaysDefect,D,player_c6eab88c-8170-4016-a9a7-e28eb1ab3c11@localhost,WinStayLoseShift,C,10,0,4058,368
738,player_6ebe71f5-6ea3-4c3f-8f02-12c0acb3e2b1@localhost,AlwaysDefect,D,player_c6eab88c-8170-4016-a9a7-e28eb1ab3c11@localhost,WinStayLoseShift,D,1,1,4059,369
739,player_6ebe71f5-6ea3-4c3f-8f02-12c0acb3e2b1@localhost,AlwaysDefect,D,player_c6eab88c-8170-4016-a9a7-e28eb1ab3c11@localhost,WinStayLoseShift,C,10,0,4069,369
740,player_6ebe71f5-6ea3-4c3f-8f02-12c0acb3e2b1@localhost,AlwaysDefect,D,player_c6eab88c-8170-4016-a9a7-e28eb1ab3c11@localhost,WinStayLoseShift,D,1,1,4070,370
741,player_6ebe71f5-6ea3-4c3f-8f02-12c0acb3e2b1@localhost,AlwaysDefect,D,player_c6eab88c-8170-4016-a9a7-e28eb1ab3c11@localhost,WinStayLoseShift,C,10,0,4080,370
742,player_6ebe71f5-6ea3-4c3f-8f02-12c0acb3e2b1@localhost,AlwaysDefect,D,player_c6eab88c-8170-4016-a9a7-e28eb1ab3c11@localhost,WinStayLoseShift,D,1,1,4081,371
743,player_6ebe71f5-6ea3-4c3f-8f02-12c0acb3e2b1@localhost,AlwaysDefect,D,player_c6eab88c-8170-4016-a9a7-e28eb1ab3c11@localhost,WinStayLoseShift,C,10,0,4091,371
744,player_6ebe71f5-6ea3-4c3f-8f02-12c0acb3e2b1@localhost,AlwaysDefect,D,player_c6eab88c-8170-4016-a9a7-e28eb1ab3c11@localhost,WinStayLoseShift,D,1,1,4092,372
745,player_6ebe71f5-6ea3-4c3f-8f02-12c0acb3e2b1@localhost,AlwaysDefect,D,player_c6eab88c-8170-4016-a9a7-e28eb1ab3c11@localhost,WinStayLoseShift,C,10,0,4102,372
746,player_6ebe71f5-6ea3-4c3f-8f02-12c0acb3e2b1@localhost,AlwaysDefect,D,player_c6eab88c-8170-4016-a9a7-e28eb1ab3c11@localhost,WinStayLoseShift,D,1,1,4103,373
747,player_6ebe71f5-6ea3-4c3f-8f02-12c0acb3e2b1@localhost,AlwaysDefect,D,player_c6eab88c-8170-4016-a9a7-e28eb1ab3c11@localhost,WinStayLoseShift,C,10,0,4113,373
748,player_6ebe71f5-6ea3-4c3f-8f02-12c0acb3e2b1@localhost,AlwaysDefect,D,player_c6eab88c-8170-4016-a9a7-e28eb1ab3c11@localhost,WinStayLoseShift,D,1,1,4114,374
749,player_6ebe71f5-6ea3-4c3f-8f02-12c0acb3e2b1@localhost,AlwaysDefect,D,player_c6eab88c-8170-4016-a9a7-e28eb1ab3c11@localhost,WinStayLoseShift,C,10,0,4124,374
750,player_6ebe71f5-6ea3-4c3f-8f02-12c0acb3e2b1@localhost,AlwaysDefect,D,player_c6eab88c-8170-4016-a9a7-e28eb1ab3c11@localhost,WinStayLoseShift,D,1,1,4125,375
751,player_6ebe71f5-6ea3-4c3f-8f02-12c0acb3e2b1@localhost,AlwaysDefect,D,player_c6eab88c-8170-4016-a9a7-e28eb1ab3c11@localhost,WinStayLoseShift,C,10,0,4135,375
752,player_6ebe71f5-6ea3-4c3f-8f02-12c0acb3e2b1@localhost,AlwaysDefect,D,player_c6eab88c-8170-4016-a9a7-e28eb1ab3c11@localhost,WinStayLoseShift,D,1,1,4136,376
753,player_6ebe71f5-6ea3-4c3f-8f02-12c0acb3e2b1@localhost,AlwaysDefect,D,player_c6eab88c-8170-4016-a9a7-e28eb1ab3c11@localhost,WinStayLoseShift,C,10,0,4146,376
754,player_6ebe71f5-6ea3-4c3f-8f02-12c0acb3e2b1@localhost,AlwaysDefect,D,player_c6eab88c-8170-4016-a9a7-e28eb1ab3c11@localhost,WinStayLoseShift,D,1,1,4147,377
755,player_6ebe71f5-6ea3-4c3f-8f02-12c0acb3e2b1@localhost,AlwaysDefect,D,player_c6eab88c-8170-4016-a9a7-e28eb1ab3c11@localhost,WinStayLoseShift,C,10,0,4157,377
756,player_6ebe71f5-6ea3-4c3f-8f02-12c0acb3e2b1@localhost,AlwaysDefect,D,player_c6eab88c-8170-4016-a9a7-e28eb1ab3c11@localhost,WinStayLoseShift,D,1,1,4158,378
757,player_6ebe71f5-6ea3-4c3f-8f02-12c0acb3e2b1@localhost,AlwaysDefect,D,player_c6eab88c-8170-4016-a9a7-e28eb1ab3c11@localhost,WinStayLoseShift,C,10,0,4168,378
758,player_6ebe71f5-6ea3-4c3f-8f02-12c0acb3e2b1@localhost,AlwaysDefect,D,player_c6eab88c-8170-4016-a9a7-e28eb1ab3c11@localhost,WinStayLoseShift,D,1,1,4169,379
759,player_6ebe71f5-6ea3-4c3f-8f02-12c0acb3e2b1@localhost,AlwaysDefect,D,player_c6eab88c-8170-4016-a9a7-e28eb1ab3c11@localhost,WinStayLoseShift,C,10,0,4179,379
760,player_6ebe71f5-6ea3-4c3f-8f02-12c0acb3e2b1@localhost,AlwaysDefect,D,player_c6eab88c-8170-4016-a9a7-e28eb1ab3c11@localhost,WinStayLoseShift,D,1,1,4180,380
761,player_6ebe71f5-6ea3-4c3f-8f02-12c0acb3e2b1@localhost,AlwaysDefect,D,player_c6eab88c-8170-4016-a9a7-e28eb1ab3c11@localhost,WinStayLoseShift,C,10,0,4190,380
762,player_6ebe71f5-6ea3-4c3f-8f02-12c0acb3e2b1@localhost,AlwaysDefect,D,player_c6eab88c-8170-4016-a9a7-e28eb1ab3c11@localhost,WinStayLoseShift,D,1,1,4191,381
763,player_6ebe71f5-6ea3-4c3f-8f02-12c0acb3e2b1@localhost,AlwaysDefect,D,player_c6eab88c-8170-4016-a9a7-e28eb1ab3c11@localhost,WinStayLoseShift,C,10,0,4201,381
764,player_6ebe71f5-6ea3-4c3f-8f02-12c0acb3e2b1@localhost,AlwaysDefect,D,player_c6eab88c-8170-4016-a9a7-e28eb1ab3c11@localhost,WinStayLoseShift,D,1,1,4202,382
765,player_6ebe71f5-6ea3-4c3f-8f02-12c0acb3e2b1@localhost,AlwaysDefect,D,player_c6eab88c-8170-4016-a9a7-e28eb1ab3c11@localhost,WinStayLoseShift,C,10,0,4212,382
766,player_6ebe71f5-6ea3-4c3f-8f02-12c0acb3e2b1@localhost,AlwaysDefect,D,player_c6eab88c-8170-4016-a9a7-e28eb1ab3c11@localhost,WinStayLoseShift,D,1,1,4213,383
767,player_6ebe71f5-6ea3-4c3f-8f02-12c0acb3e2b1@localhost,AlwaysDefect,D,player_c6eab88c-8170-4016-a9a7-e28eb1ab3c11@localhost,WinStayLoseShift,C,10,0,4223,383
768,player_6ebe71f5-6ea3-4c3f-8f02-12c0acb3e2b1@localhost,AlwaysDefect,D,player_c6eab88c-8170-4016-a9a7-e28eb1ab3c11@localhost,WinStayLoseShift,D,1,1,4224,384
769,player_6ebe71f5-6ea3-4c3f-8f02-12c0acb3e2b1@localhost,AlwaysDefect,D,player_c6eab88c-8170-4016-a9a7-e28eb1ab3c11@localhost,WinStayLoseShift,C,10,0,4234,384
770,player_6ebe71f5-6ea3-4c3f-8f02-12c0acb3e2b1@localhost,AlwaysDefect,D,player_c6eab88c-8170-4016-a9a7-e28eb1ab3c11@localhost,WinStayLoseShift,D,1,1,4235,385
771,player_6ebe71f5-6ea3-4c3f-8f02-12c0acb3e2b1@localhost,AlwaysDefect,D,player_c6eab88c-8170-4016-a9a7-e28eb1ab3c11@localhost,WinStayLoseShift,C,10,0,4245,385
772,player_6ebe71f5-6ea3-4c3f-8f02-12c0acb3e2b1@localhost,AlwaysDefect,D,player_c6eab88c-8170-4016-a9a7-e28eb1ab3c11@localhost,WinStayLoseShift,D,1,1,4246,386
773,player_6ebe71f5-6ea3-4c3f-8f02-12c0acb3e2b1@localhost,AlwaysDefect,D,player_c6eab88c-8170-4016-a9a7-e28eb1ab3c11@localhost,WinStayLoseShift,C,10,0,4256,386
774,player_6ebe71f5-6ea3-4c3f-8f02-12c0acb3e2b1@localhost,AlwaysDefect,D,player_c6eab88c-8170-4016-a9a7-e28eb1ab3c11@localhost,WinStayLoseShift,D,1,1,4257,387
775,player_6ebe71f5-6ea3-4c3f-8f02-12c0acb3e2b1@localhost,AlwaysDefect,D,player_c6eab88c-8170-4016-a9a7-e28eb1ab3c11@localhost,WinStayLoseShift,C,10,0,4267,387
776,player_6ebe71f5-6ea3-4c3f-8f02-12c0acb3e2b1@localhost,AlwaysDefect,D,player_c6eab88c-8170-4016-a9a7-e28eb1ab3c11@localhost,WinStayLoseShift,D,1,1,4268,388
777,player_6ebe71f5-6ea3-4c3f-8f02-12c0acb3e2b1@localhost,AlwaysDefect,D,player_c6eab88c-8170-4016-a9a7-e28eb1ab3c11@localhost,WinStayLoseShift,C,10,0,4278,388
778,player_6ebe71f5-6ea3-4c3f-8f02-12c0acb3e2b1@localhost,AlwaysDefect,D,player_c6eab88c-8170-4016-a9a7-e28eb1ab3c11@localhost,WinStayLoseShift,D,1,1,4279,389
779,player_6ebe71f5-6ea3-4c3f-8f02-12c0acb3e2b1@localhost,AlwaysDefect,D,player_c6eab88c-8170-4016-a9a7-e28eb1ab3c11@localhost,WinStayLoseShift,C,10,0,4289,389
780,player_6ebe71f5-6ea3-4c3f-8f02-12c0acb3e2b1@localhost,AlwaysDefect,D,player_c6eab88c-8170-4016-a9a7-e28eb1ab3c11@localhost,WinStayLoseShift,D,1,1,4290,390
781,player_6ebe71f5-6ea3-4c3f-8f02-12c0acb3e2b1@localhost,AlwaysDefect,D,player_c6eab88c-8170-4016-a9a7-e28eb1ab3c11@localhost,WinStayLoseShift,C,10,0,4300,390
782,player_6ebe71f5-6ea3-4c3f-8f02-12c0acb3e2b1@localhost,AlwaysDefect,D,player_c6eab88c-8170-4016-a9a7-e28eb1ab3c11@localhost,WinStayLoseShift,D,1,1,4301,391
783,player_6ebe71f5-6ea3-4c3f-8f02-12c0acb3e2b1@localhost,AlwaysDefect,D,player_c6eab88c-8170-4016-a9a7-e28eb1ab3c11@localhost,WinStayLoseShift,C,10,0,4311,391
784,player_6ebe71f5-6ea3-4c3f-8f02-12c0acb3e2b1@localhost,AlwaysDefect,D,player_c6eab88c-8170-4016-a9a7-e28eb1ab3c11@localhost,WinStayLoseShift,D,1,1,4312,392
785,player_6ebe71f5-6ea3-4c3f-8f02-12c0acb3e2b1@localhost,AlwaysDefect,D,player_c6eab88c-8170-4016-a9a7-e28eb1ab3c11@localhost,WinStayLoseShift,C,10,0,4322,392
786,player_6ebe71f5-6ea3-4c3f-8f02-12c0acb3e2b1@localhost,AlwaysDefect,D,player_c6eab88c-8170-4016-a9a7-e28eb1ab3c11@localhost,WinStayLoseShift,D,1,1,4323,393
787,player_6ebe71f5-6ea3-4c3f-8f02-12c0acb3e2b1@localhost,AlwaysDefect,D,player_c6eab88c-8170-4016-a9a7-e28eb1ab3c11@localhost,WinStayLoseShift,C,10,0,4333,393
788,player_6ebe71f5-6ea3-4c3f-8f02-12c0acb3e2b1@localhost,AlwaysDefect,D,player_c6eab88c-8170-4016-a9a7-e28eb1ab3c11@localhost,WinStayLoseShift,D,1,1,4334,394
789,player_6ebe71f5-6ea3-4c3f-8f02-12c0acb3e2b1@localhost,AlwaysDefect,D,player_c6eab88c-8170-4016-a9a7-e28eb1ab3c11@localhost,WinStayLoseShift,C,10,0,4344,394
790,player_6ebe71f5-6ea3-4c3f-8f02-12c0acb3e2b1@localhost,AlwaysDefect,D,player_c6eab88c-8170-4016-a9a7-e28eb1ab3c11@localhost,WinStayLoseShift,D,1,1,4345,395
791,player_6ebe71f5-6ea3-4c3f-8f02-12c0acb3e2b1@localhost,AlwaysDefect,D,player_c6eab88c-8170-4016-a9a7-e28eb1ab3c11@localhost,WinStayLoseShift,C,10,0,4355,395
792,player_6ebe71f5-6ea3-4c3f-8f02-12c0acb3e2b1@localhost,AlwaysDefect,D,player_c6eab88c-8170-4016-a9a7-e28eb1ab3c11@localhost,WinStayLoseShift,D,1,1,4356,396
793,player_6ebe71f5-6ea3-4c3f-8f02-12c0acb3e2b1@localhost,AlwaysDefect,D,player_c6eab88c-8170-4016-a9a7-e28eb1ab3c11@localhost,WinStayLoseShift,C,10,0,4366,396
794,player_6ebe71f5-6ea3-4c3f-8f02-12c0acb3e2b1@localhost,AlwaysDefect,D,player_c6eab88c-8170-4016-a9a7-e28eb1ab3c11@localhost,WinStayLoseShift,D,1,1,4367,397
795,player_6ebe71f5-6ea3-4c3f-8f02-12c0acb3e2b1@localhost,AlwaysDefect,D,player_c6eab88c-8170-4016-a9a7-e28eb1ab3c11@localhost,WinStayLoseShift,C,10,0,4377,397
796,player_6ebe71f5-6ea3-4c3f-8f02-12c0acb3e2b1@localhost,AlwaysDefect,D,player_c6eab88c-8170-4016-a9a7-e28eb1ab3c11@localhost,WinStayLoseShift,D,1,1,4378,398
797,player_6ebe71f5-6ea3-4c3f-8f02-12c0acb3e2b1@localhost,AlwaysDefect,D,player_c6eab88c-8170-4016-a9a7-e28eb1ab3c11@localhost,WinStayLoseShift,C,10,0,4388,398
798,player_6ebe71f5-6ea3-4c3f-8f02-12c0acb3e2b1@localhost,AlwaysDefect,D,player_c6eab88c-8170-4016-a9a7-e28eb1ab3c11@localhost,WinStayLoseShift,D,1,1,4389,399
799,player_6ebe71f5-6ea3-4c3f-8f02-12c0acb3e2b1@localhost,AlwaysDefect,D,player_c6eab88c-8170-4016-a9a7-e28eb1ab3c11@localhost,WinStayLoseShift,C,10,0,4399,399
800,player_6ebe71f5-6ea3-4c3f-8f02-12c0acb3e2b1@localhost,AlwaysDefect,D,player_c6eab88c-8170-4016-a9a7-e28eb1ab3c11@localhost,WinStayLoseShift,D,1,1,4400,400
801,player_6ebe71f5-6ea3-4c3f-8f02-12c0acb3e2b1@localhost,AlwaysDefect,D,player_c6eab88c-8170-4016-a9a7-e28eb1ab3c11@localhost,WinStayLoseShift,C,10,0,4410,400
802,player_6ebe71f5-6ea3-4c3f-8f02-12c0acb3e2b1@localhost,AlwaysDefect,D,player_c6eab88c-8170-4016-a9a7-e28eb1ab3c11@localhost,WinStayLoseShift,D,1,1,4411,401
803,player_6ebe71f5-6ea3-4c3f-8f02-12c0acb3e2b1@localhost,AlwaysDefect,D,player_c6eab88c-8170-4016-a9a7-e28eb1ab3c11@localhost,WinStayLoseShift,C,10,0,4421,401
804,player_6ebe71f5-6ea3-4c3f-8f02-12c0acb3e2b1@localhost,AlwaysDefect,D,player_c6eab88c-8170-4016-a9a7-e28eb1ab3c11@localhost,WinStayLoseShift,D,1,1,4422,402
805,player_6ebe71f5-6ea3-4c3f-8f02-12c0acb3e2b1@localhost,AlwaysDefect,D,player_c6eab88c-8170-4016-a9a7-e28eb1ab3c11@localhost,WinStayLoseShift,C,10,0,4432,402
806,player_6ebe71f5-6ea3-4c3f-8f02-12c0acb3e2b1@localhost,AlwaysDefect,D,player_c6eab88c-8170-4016-a9a7-e28eb1ab3c11@localhost,WinStayLoseShift,D,1,1,4433,403
807,player_6ebe71f5-6ea3-4c3f-8f02-12c0acb3e2b1@localhost,AlwaysDefect,D,player_c6eab88c-8170-4016-a9a7-e28eb1ab3c11@localhost,WinStayLoseShift,C,10,0,4443,403
808,player_6ebe71f5-6ea3-4c3f-8f02-12c0acb3e2b1@localhost,AlwaysDefect,D,player_c6eab88c-8170-4016-a9a7-e28eb1ab3c11@localhost,WinStayLoseShift,D,1,1,4444,404
809,player_6ebe71f5-6ea3-4c3f-8f02-12c0acb3e2b1@localhost,AlwaysDefect,D,player_c6eab88c-8170-4016-a9a7-e28eb1ab3c11@localhost,WinStayLoseShift,C,10,0,4454,404
810,player_6ebe71f5-6ea3-4c3f-8f02-12c0acb3e2b1@localhost,AlwaysDefect,D,player_c6eab88c-8170-4016-a9a7-e28eb1ab3c11@localhost,WinStayLoseShift,D,1,1,4455,405
811,player_6ebe71f5-6ea3-4c3f-8f02-12c0acb3e2b1@localhost,AlwaysDefect,D,player_c6eab88c-8170-4016-a9a7-e28eb1ab3c11@localhost,WinStayLoseShift,C,10,0,4465,405
812,player_6ebe71f5-6ea3-4c3f-8f02-12c0acb3e2b1@localhost,AlwaysDefect,D,player_c6eab88c-8170-4016-a9a7-e28eb1ab3c11@localhost,WinStayLoseShift,D,1,1,4466,406
813,player_6ebe71f5-6ea3-4c3f-8f02-12c0acb3e2b1@localhost,AlwaysDefect,D,player_c6eab88c-8170-4016-a9a7-e28eb1ab3c11@localhost,WinStayLoseShift,C,10,0,4476,406
814,player_6ebe71f5-6ea3-4c3f-8f02-12c0acb3e2b1@localhost,AlwaysDefect,D,player_c6eab88c-8170-4016-a9a7-e28eb1ab3c11@localhost,WinStayLoseShift,D,1,1,4477,407
815,player_6ebe71f5-6ea3-4c3f-8f02-12c0acb3e2b1@localhost,AlwaysDefect,D,player_c6eab88c-8170-4016-a9a7-e28eb1ab3c11@localhost,WinStayLoseShift,C,10,0,4487,407
816,player_6ebe71f5-6ea3-4c3f-8f02-12c0acb3e2b1@localhost,AlwaysDefect,D,player_c6eab88c-8170-4016-a9a7-e28eb1ab3c11@localhost,WinStayLoseShift,D,1,1,4488,408
817,player_6ebe71f5-6ea3-4c3f-8f02-12c0acb3e2b1@localhost,AlwaysDefect,D,player_c6eab88c-8170-4016-a9a7-e28eb1ab3c11@localhost,WinStayLoseShift,C,10,0,4498,408
818,player_6ebe71f5-6ea3-4c3f-8f02-12c0acb3e2b1@localhost,AlwaysDefect,D,player_c6eab88c-8170-4016-a9a7-e28eb1ab3c11@localhost,WinStayLoseShift,D,1,1,4499,409
819,player_6ebe71f5-6ea3-4c3f-8f02-12c0acb3e2b1@localhost,AlwaysDefect,D,player_c6eab88c-8170-4016-a9a7-e28eb1ab3c11@localhost,WinStayLoseShift,C,10,0,4509,409
820,player_6ebe71f5-6ea3-4c3f-8f02-12c0acb3e2b1@localhost,AlwaysDefect,D,player_c6eab88c-8170-4016-a9a7-e28eb1ab3c11@localhost,WinStayLoseShift,D,1,1,4510,410
821,player_6ebe71f5-6ea3-4c3f-8f02-12c0acb3e2b1@localhost,AlwaysDefect,D,player_c6eab88c-8170-4016-a9a7-e28eb1ab3c11@localhost,WinStayLoseShift,C,10,0,4520,410
822,player_6ebe71f5-6ea3-4c3f-8f02-12c0acb3e2b1@localhost,AlwaysDefect,D,player_c6eab88c-8170-4016-a9a7-e28eb1ab3c11@localhost,WinStayLoseShift,D,1,1,4521,411
823,player_6ebe71f5-6ea3-4c3f-8f02-12c0acb3e2b1@localhost,AlwaysDefect,D,player_c6eab88c-8170-4016-a9a7-e28eb1ab3c11@localhost,WinStayLoseShift,C,10,0,4531,411
824,player_6ebe71f5-6ea3-4c3f-8f02-12c0acb3e2b1@localhost,AlwaysDefect,D,player_c6eab88c-8170-4016-a9a7-e28eb1ab3c11@localhost,WinStayLoseShift,D,1,1,4532,412
825,player_6ebe71f5-6ea3-4c3f-8f02-12c0acb3e2b1@localhost,AlwaysDefect,D,player_c6eab88c-8170-4016-a9a7-e28eb1ab3c11@localhost,WinStayLoseShift,C,10,0,4542,412
826,player_6ebe71f5-6ea3-4c3f-8f02-12c0acb3e2b1@localhost,AlwaysDefect,D,player_c6eab88c-8170-4016-a9a7-e28eb1ab3c11@localhost,WinStayLoseShift,D,1,1,4543,413
827,player_6ebe71f5-6ea3-4c3f-8f02-12c0acb3e2b1@localhost,AlwaysDefect,D,player_c6eab88c-8170-4016-a9a7-e28eb1ab3c11@localhost,WinStayLoseShift,C,10,0,4553,413
828,player_6ebe71f5-6ea3-4c3f-8f02-12c0acb3e2b1@localhost,AlwaysDefect,D,player_c6eab88c-8170-4016-a9a7-e28eb1ab3c11@localhost,WinStayLoseShift,D,1,1,4554,414
829,player_6ebe71f5-6ea3-4c3f-8f02-12c0acb3e2b1@localhost,AlwaysDefect,D,player_c6eab88c-8170-4016-a9a7-e28eb1ab3c11@localhost,WinStayLoseShift,C,10,0,4564,414
830,player_6ebe71f5-6ea3-4c3f-8f02-12c0acb3e2b1@localhost,AlwaysDefect,D,player_c6eab88c-8170-4016-a9a7-e28eb1ab3c11@localhost,WinStayLoseShift,D,1,1,4565,415
831,player_6ebe71f5-6ea3-4c3f-8f02-12c0acb3e2b1@localhost,AlwaysDefect,D,player_c6eab88c-8170-4016-a9a7-e28eb1ab3c11@localhost,WinStayLoseShift,C,10,0,4575,415
832,player_6ebe71f5-6ea3-4c3f-8f02-12c0acb3e2b1@localhost,AlwaysDefect,D,player_c6eab88c-8170-4016-a9a7-e28eb1ab3c11@localhost,WinStayLoseShift,D,1,1,4576,416
833,player_6ebe71f5-6ea3-4c3f-8f02-12c0acb3e2b1@localhost,AlwaysDefect,D,player_c6eab88c-8170-4016-a9a7-e28eb1ab3c11@localhost,WinStayLoseShift,C,10,0,4586,416
834,player_6ebe71f5-6ea3-4c3f-8f02-12c0acb3e2b1@localhost,AlwaysDefect,D,player_c6eab88c-8170-4016-a9a7-e28eb1ab3c11@localhost,WinStayLoseShift,D,1,1,4587,417
835,player_6ebe71f5-6ea3-4c3f-8f02-12c0acb3e2b1@localhost,AlwaysDefect,D,player_c6eab88c-8170-4016-a9a7-e28eb1ab3c11@localhost,WinStayLoseShift,C,10,0,4597,417
836,player_6ebe71f5-6ea3-4c3f-8f02-12c0acb3e2b1@localhost,AlwaysDefect,D,player_c6eab88c-8170-4016-a9a7-e28eb1ab3c11@localhost,WinStayLoseShift,D,1,1,4598,418
837,player_6ebe71f5-6ea3-4c3f-8f02-12c0acb3e2b1@localhost,AlwaysDefect,D,player_c6eab88c-8170-4016-a9a7-e28eb1ab3c11@localhost,WinStayLoseShift,C,10,0,4608,418
838,player_6ebe71f5-6ea3-4c3f-8f02-12c0acb3e2b1@localhost,AlwaysDefect,D,player_c6eab88c-8170-4016-a9a7-e28eb1ab3c11@localhost,WinStayLoseShift,D,1,1,4609,419
839,player_6ebe71f5-6ea3-4c3f-8f02-12c0acb3e2b1@localhost,AlwaysDefect,D,player_c6eab88c-8170-4016-a9a7-e28eb1ab3c11@localhost,WinStayLoseShift,C,10,0,4619,419
840,player_6ebe71f5-6ea3-4c3f-8f02-12c0acb3e2b1@localhost,AlwaysDefect,D,player_c6eab88c-8170-4016-a9a7-e28eb1ab3c11@localhost,WinStayLoseShift,D,1,1,4620,420
841,player_6ebe71f5-6ea3-4c3f-8f02-12c0acb3e2b1@localhost,AlwaysDefect,D,player_c6eab88c-8170-4016-a9a7-e28eb1ab3c11@localhost,WinStayLoseShift,C,10,0,4630,420
842,player_6ebe71f5-6ea3-4c3f-8f02-12c0acb3e2b1@localhost,AlwaysDefect,D,player_c6eab88c-8170-4016-a9a7-e28eb1ab3c11@localhost,WinStayLoseShift,D,1,1,4631,421
843,player_6ebe71f5-6ea3-4c3f-8f02-12c0acb3e2b1@localhost,AlwaysDefect,D,player_c6eab88c-8170-4016-a9a7-e28eb1ab3c11@localhost,WinStayLoseShift,C,10,0,4641,421
844,player_6ebe71f5-6ea3-4c3f-8f02-12c0acb3e2b1@localhost,AlwaysDefect,D,player_c6eab88c-8170-4016-a9a7-e28eb1ab3c11@localhost,WinStayLoseShift,D,1,1,4642,422
845,player_6ebe71f5-6ea3-4c3f-8f02-12c0acb3e2b1@localhost,AlwaysDefect,D,player_c6eab88c-8170-4016-a9a7-e28eb1ab3c11@localhost,WinStayLoseShift,C,10,0,4652,422
846,player_6ebe71f5-6ea3-4c3f-8f02-12c0acb3e2b1@localhost,AlwaysDefect,D,player_c6eab88c-8170-4016-a9a7-e28eb1ab3c11@localhost,WinStayLoseShift,D,1,1,4653,423
847,player_6ebe71f5-6ea3-4c3f-8f02-12c0acb3e2b1@localhost,AlwaysDefect,D,player_c6eab88c-8170-4016-a9a7-e28eb1ab3c11@localhost,WinStayLoseShift,C,10,0,4663,423
848,player_6ebe71f5-6ea3-4c3f-8f02-12c0acb3e2b1@localhost,AlwaysDefect,D,player_c6eab88c-8170-4016-a9a7-e28eb1ab3c11@localhost,WinStayLoseShift,D,1,1,4664,424
849,player_6ebe71f5-6ea3-4c3f-8f02-12c0acb3e2b1@localhost,AlwaysDefect,D,player_c6eab88c-8170-4016-a9a7-e28eb1ab3c11@localhost,WinStayLoseShift,C,10,0,4674,424
850,player_6ebe71f5-6ea3-4c3f-8f02-12c0acb3e2b1@localhost,AlwaysDefect,D,player_c6eab88c-8170-4016-a9a7-e28eb1ab3c11@localhost,WinStayLoseShift,D,1,1,4675,425
851,player_6ebe71f5-6ea3-4c3f-8f02-12c0acb3e2b1@localhost,AlwaysDefect,D,player_c6eab88c-8170-4016-a9a7-e28eb1ab3c11@localhost,WinStayLoseShift,C,10,0,4685,425
852,player_6ebe71f5-6ea3-4c3f-8f02-12c0acb3e2b1@localhost,AlwaysDefect,D,player_c6eab88c-8170-4016-a9a7-e28eb1ab3c11@localhost,WinStayLoseShift,D,1,1,4686,426
853,player_6ebe71f5-6ea3-4c3f-8f02-12c0acb3e2b1@localhost,AlwaysDefect,D,player_c6eab88c-8170-4016-a9a7-e28eb1ab3c11@localhost,WinStayLoseShift,C,10,0,4696,426
854,player_6ebe71f5-6ea3-4c3f-8f02-12c0acb3e2b1@localhost,AlwaysDefect,D,player_c6eab88c-8170-4016-a9a7-e28eb1ab3c11@localhost,WinStayLoseShift,D,1,1,4697,427
855,player_6ebe71f5-6ea3-4c3f-8f02-12c0acb3e2b1@localhost,AlwaysDefect,D,player_c6eab88c-8170-4016-a9a7-e28eb1ab3c11@localhost,WinStayLoseShift,C,10,0,4707,427
856,player_6ebe71f5-6ea3-4c3f-8f02-12c0acb3e2b1@localhost,AlwaysDefect,D,player_c6eab88c-8170-4016-a9a7-e28eb1ab3c11@localhost,WinStayLoseShift,D,1,1,4708,428
857,player_6ebe71f5-6ea3-4c3f-8f02-12c0acb3e2b1@localhost,AlwaysDefect,D,player_c6eab88c-8170-4016-a9a7-e28eb1ab3c11@localhost,WinStayLoseShift,C,10,0,4718,428
858,player_6ebe71f5-6ea3-4c3f-8f02-12c0acb3e2b1@localhost,AlwaysDefect,D,player_c6eab88c-8170-4016-a9a7-e28eb1ab3c11@localhost,WinStayLoseShift,D,1,1,4719,429
859,player_6ebe71f5-6ea3-4c3f-8f02-12c0acb3e2b1@localhost,AlwaysDefect,D,player_c6eab88c-8170-4016-a9a7-e28eb1ab3c11@localhost,WinStayLoseShift,C,10,0,4729,429
860,player_6ebe71f5-6ea3-4c3f-8f02-12c0acb3e2b1@localhost,AlwaysDefect,D,player_c6eab88c-8170-4016-a9a7-e28eb1ab3c11@localhost,WinStayLoseShift,D,1,1,4730,430
861,player_6ebe71f5-6ea3-4c3f-8f02-12c0acb3e2b1@localhost,AlwaysDefect,D,player_c6eab88c-8170-4016-a9a7-e28eb1ab3c11@localhost,WinStayLoseShift,C,10,0,4740,430
862,player_6ebe71f5-6ea3-4c3f-8f02-12c0acb3e2b1@localhost,AlwaysDefect,D,player_c6eab88c-8170-4016-a9a7-e28eb1ab3c11@localhost,WinStayLoseShift,D,1,1,4741,431
863,player_6ebe71f5-6ea3-4c3f-8f02-12c0acb3e2b1@localhost,AlwaysDefect,D,player_c6eab88c-8170-4016-a9a7-e28eb1ab3c11@localhost,WinStayLoseShift,C,10,0,4751,431
864,player_6ebe71f5-6ea3-4c3f-8f02-12c0acb3e2b1@localhost,AlwaysDefect,D,player_c6eab88c-8170-4016-a9a7-e28eb1ab3c11@localhost,WinStayLoseShift,D,1,1,4752,432
865,player_6ebe71f5-6ea3-4c3f-8f02-12c0acb3e2b1@localhost,AlwaysDefect,D,player_c6eab88c-8170-4016-a9a7-e28eb1ab3c11@localhost,WinStayLoseShift,C,10,0,4762,432
866,player_6ebe71f5-6ea3-4c3f-8f02-12c0acb3e2b1@localhost,AlwaysDefect,D,player_c6eab88c-8170-4016-a9a7-e28eb1ab3c11@localhost,WinStayLoseShift,D,1,1,4763,433
867,player_6ebe71f5-6ea3-4c3f-8f02-12c0acb3e2b1@localhost,AlwaysDefect,D,player_c6eab88c-8170-4016-a9a7-e28eb1ab3c11@localhost,WinStayLoseShift,C,10,0,4773,433
868,player_6ebe71f5-6ea3-4c3f-8f02-12c0acb3e2b1@localhost,AlwaysDefect,D,player_c6eab88c-8170-4016-a9a7-e28eb1ab3c11@localhost,WinStayLoseShift,D,1,1,4774,434
869,player_6ebe71f5-6ea3-4c3f-8f02-12c0acb3e2b1@localhost,AlwaysDefect,D,player_c6eab88c-8170-4016-a9a7-e28eb1ab3c11@localhost,WinStayLoseShift,C,10,0,4784,434
870,player_6ebe71f5-6ea3-4c3f-8f02-12c0acb3e2b1@localhost,AlwaysDefect,D,player_c6eab88c-8170-4016-a9a7-e28eb1ab3c11@localhost,WinStayLoseShift,D,1,1,4785,435
871,player_6ebe71f5-6ea3-4c3f-8f02-12c0acb3e2b1@localhost,AlwaysDefect,D,player_c6eab88c-8170-4016-a9a7-e28eb1ab3c11@localhost,WinStayLoseShift,C,10,0,4795,435
872,player_6ebe71f5-6ea3-4c3f-8f02-12c0acb3e2b1@localhost,AlwaysDefect,D,player_c6eab88c-8170-4016-a9a7-e28eb1ab3c11@localhost,WinStayLoseShift,D,1,1,4796,436
873,player_6ebe71f5-6ea3-4c3f-8f02-12c0acb3e2b1@localhost,AlwaysDefect,D,player_c6eab88c-8170-4016-a9a7-e28eb1ab3c11@localhost,WinStayLoseShift,C,10,0,4806,436
874,player_6ebe71f5-6ea3-4c3f-8f02-12c0acb3e2b1@localhost,AlwaysDefect,D,player_c6eab88c-8170-4016-a9a7-e28eb1ab3c11@localhost,WinStayLoseShift,D,1,1,4807,437
875,player_6ebe71f5-6ea3-4c3f-8f02-12c0acb3e2b1@localhost,AlwaysDefect,D,player_c6eab88c-8170-4016-a9a7-e28eb1ab3c11@localhost,WinStayLoseShift,C,10,0,4817,437
876,player_6ebe71f5-6ea3-4c3f-8f02-12c0acb3e2b1@localhost,AlwaysDefect,D,player_c6eab88c-8170-4016-a9a7-e28eb1ab3c11@localhost,WinStayLoseShift,D,1,1,4818,438
877,player_6ebe71f5-6ea3-4c3f-8f02-12c0acb3e2b1@localhost,AlwaysDefect,D,player_c6eab88c-8170-4016-a9a7-e28eb1ab3c11@localhost,WinStayLoseShift,C,10,0,4828,438
878,player_6ebe71f5-6ea3-4c3f-8f02-12c0acb3e2b1@localhost,AlwaysDefect,D,player_c6eab88c-8170-4016-a9a7-e28eb1ab3c11@localhost,WinStayLoseShift,D,1,1,4829,439
879,player_6ebe71f5-6ea3-4c3f-8f02-12c0acb3e2b1@localhost,AlwaysDefect,D,player_c6eab88c-8170-4016-a9a7-e28eb1ab3c11@localhost,WinStayLoseShift,C,10,0,4839,439
880,player_6ebe71f5-6ea3-4c3f-8f02-12c0acb3e2b1@localhost,AlwaysDefect,D,player_c6eab88c-8170-4016-a9a7-e28eb1ab3c11@localhost,WinStayLoseShift,D,1,1,4840,440
881,player_6ebe71f5-6ea3-4c3f-8f02-12c0acb3e2b1@localhost,AlwaysDefect,D,player_c6eab88c-8170-4016-a9a7-e28eb1ab3c11@localhost,WinStayLoseShift,C,10,0,4850,440
882,player_6ebe71f5-6ea3-4c3f-8f02-12c0acb3e2b1@localhost,AlwaysDefect,D,player_c6eab88c-8170-4016-a9a7-e28eb1ab3c11@localhost,WinStayLoseShift,D,1,1,4851,441
883,player_6ebe71f5-6ea3-4c3f-8f02-12c0acb3e2b1@localhost,AlwaysDefect,D,player_c6eab88c-8170-4016-a9a7-e28eb1ab3c11@localhost,WinStayLoseShift,C,10,0,4861,441
884,player_6ebe71f5-6ea3-4c3f-8f02-12c0acb3e2b1@localhost,AlwaysDefect,D,player_c6eab88c-8170-4016-a9a7-e28eb1ab3c11@localhost,WinStayLoseShift,D,1,1,4862,442
885,player_6ebe71f5-6ea3-4c3f-8f02-12c0acb3e2b1@localhost,AlwaysDefect,D,player_c6eab88c-8170-4016-a9a7-e28eb1ab3c11@localhost,WinStayLoseShift,C,10,0,4872,442
886,player_6ebe71f5-6ea3-4c3f-8f02-12c0acb3e2b1@localhost,AlwaysDefect,D,player_c6eab88c-8170-4016-a9a7-e28eb1ab3c11@localhost,WinStayLoseShift,D,1,1,4873,443
887,player_6ebe71f5-6ea3-4c3f-8f02-12c0acb3e2b1@localhost,AlwaysDefect,D,player_c6eab88c-8170-4016-a9a7-e28eb1ab3c11@localhost,WinStayLoseShift,C,10,0,4883,443
888,player_6ebe71f5-6ea3-4c3f-8f02-12c0acb3e2b1@localhost,AlwaysDefect,D,player_c6eab88c-8170-4016-a9a7-e28eb1ab3c11@localhost,WinStayLoseShift,D,1,1,4884,444
889,player_6ebe71f5-6ea3-4c3f-8f02-12c0acb3e2b1@localhost,AlwaysDefect,D,player_c6eab88c-8170-4016-a9a7-e28eb1ab3c11@localhost,WinStayLoseShift,C,10,0,4894,444
890,player_6ebe71f5-6ea3-4c3f-8f02-12c0acb3e2b1@localhost,AlwaysDefect,D,player_c6eab88c-8170-4016-a9a7-e28eb1ab3c11@localhost,WinStayLoseShift,D,1,1,4895,445
891,player_6ebe71f5-6ea3-4c3f-8f02-12c0acb3e2b1@localhost,AlwaysDefect,D,player_c6eab88c-8170-4016-a9a7-e28eb1ab3c11@localhost,WinStayLoseShift,C,10,0,4905,445
892,player_6ebe71f5-6ea3-4c3f-8f02-12c0acb3e2b1@localhost,AlwaysDefect,D,player_c6eab88c-8170-4016-a9a7-e28eb1ab3c11@localhost,WinStayLoseShift,D,1,1,4906,446
893,player_6ebe71f5-6ea3-4c3f-8f02-12c0acb3e2b1@localhost,AlwaysDefect,D,player_c6eab88c-8170-4016-a9a7-e28eb1ab3c11@localhost,WinStayLoseShift,C,10,0,4916,446
894,player_6ebe71f5-6ea3-4c3f-8f02-12c0acb3e2b1@localhost,AlwaysDefect,D,player_c6eab88c-8170-4016-a9a7-e28eb1ab3c11@localhost,WinStayLoseShift,D,1,1,4917,447
895,player_6ebe71f5-6ea3-4c3f-8f02-12c0acb3e2b1@localhost,AlwaysDefect,D,player_c6eab88c-8170-4016-a9a7-e28eb1ab3c11@localhost,WinStayLoseShift,C,10,0,4927,447
896,player_6ebe71f5-6ea3-4c3f-8f02-12c0acb3e2b1@localhost,AlwaysDefect,D,player_c6eab88c-8170-4016-a9a7-e28eb1ab3c11@localhost,WinStayLoseShift,D,1,1,4928,448
897,player_6ebe71f5-6ea3-4c3f-8f02-12c0acb3e2b1@localhost,AlwaysDefect,D,player_c6eab88c-8170-4016-a9a7-e28eb1ab3c11@localhost,WinStayLoseShift,C,10,0,4938,448
898,player_6ebe71f5-6ea3-4c3f-8f02-12c0acb3e2b1@localhost,AlwaysDefect,D,player_c6eab88c-8170-4016-a9a7-e28eb1ab3c11@localhost,WinStayLoseShift,D,1,1,4939,449
899,player_6ebe71f5-6ea3-4c3f-8f02-12c0acb3e2b1@localhost,AlwaysDefect,D,player_c6eab88c-8170-4016-a9a7-e28eb1ab3c11@localhost,WinStayLoseShift,C,10,0,4949,449
900,player_6ebe71f5-6ea3-4c3f-8f02-12c0acb3e2b1@localhost,AlwaysDefect,D,player_c6eab88c-8170-4016-a9a7-e28eb1ab3c11@localhost,WinStayLoseShift,D,1,1,4950,450
901,player_6ebe71f5-6ea3-4c3f-8f02-12c0acb3e2b1@localhost,AlwaysDefect,D,player_c6eab88c-8170-4016-a9a7-e28eb1ab3c11@localhost,WinStayLoseShift,C,10,0,4960,450
902,player_6ebe71f5-6ea3-4c3f-8f02-12c0acb3e2b1@localhost,AlwaysDefect,D,player_c6eab88c-8170-4016-a9a7-e28eb1ab3c11@localhost,WinStayLoseShift,D,1,1,4961,451
903,player_6ebe71f5-6ea3-4c3f-8f02-12c0acb3e2b1@localhost,AlwaysDefect,D,player_c6eab88c-8170-4016-a9a7-e28eb1ab3c11@localhost,WinStayLoseShift,C,10,0,4971,451
904,player_6ebe71f5-6ea3-4c3f-8f02-12c0acb3e2b1@localhost,AlwaysDefect,D,player_c6eab88c-8170-4016-a9a7-e28eb1ab3c11@localhost,WinStayLoseShift,D,1,1,4972,452
905,player_6ebe71f5-6ea3-4c3f-8f02-12c0acb3e2b1@localhost,AlwaysDefect,D,player_c6eab88c-8170-4016-a9a7-e28eb1ab3c11@localhost,WinStayLoseShift,C,10,0,4982,452
906,player_6ebe71f5-6ea3-4c3f-8f02-12c0acb3e2b1@localhost,AlwaysDefect,D,player_c6eab88c-8170-4016-a9a7-e28eb1ab3c11@localhost,WinStayLoseShift,D,1,1,4983,453
907,player_6ebe71f5-6ea3-4c3f-8f02-12c0acb3e2b1@localhost,AlwaysDefect,D,player_c6eab88c-8170-4016-a9a7-e28eb1ab3c11@localhost,WinStayLoseShift,C,10,0,4993,453
908,player_6ebe71f5-6ea3-4c3f-8f02-12c0acb3e2b1@localhost,AlwaysDefect,D,player_c6eab88c-8170-4016-a9a7-e28eb1ab3c11@localhost,WinStayLoseShift,D,1,1,4994,454
909,player_6ebe71f5-6ea3-4c3f-8f02-12c0acb3e2b1@localhost,AlwaysDefect,D,player_c6eab88c-8170-4016-a9a7-e28eb1ab3c11@localhost,WinStayLoseShift,C,10,0,5004,454
910,player_6ebe71f5-6ea3-4c3f-8f02-12c0acb3e2b1@localhost,AlwaysDefect,D,player_c6eab88c-8170-4016-a9a7-e28eb1ab3c11@localhost,WinStayLoseShift,D,1,1,5005,455
911,player_6ebe71f5-6ea3-4c3f-8f02-12c0acb3e2b1@localhost,AlwaysDefect,D,player_c6eab88c-8170-4016-a9a7-e28eb1ab3c11@localhost,WinStayLoseShift,C,10,0,5015,455
912,player_6ebe71f5-6ea3-4c3f-8f02-12c0acb3e2b1@localhost,AlwaysDefect,D,player_c6eab88c-8170-4016-a9a7-e28eb1ab3c11@localhost,WinStayLoseShift,D,1,1,5016,456
913,player_6ebe71f5-6ea3-4c3f-8f02-12c0acb3e2b1@localhost,AlwaysDefect,D,player_c6eab88c-8170-4016-a9a7-e28eb1ab3c11@localhost,WinStayLoseShift,C,10,0,5026,456
914,player_6ebe71f5-6ea3-4c3f-8f02-12c0acb3e2b1@localhost,AlwaysDefect,D,player_c6eab88c-8170-4016-a9a7-e28eb1ab3c11@localhost,WinStayLoseShift,D,1,1,5027,457
915,player_6ebe71f5-6ea3-4c3f-8f02-12c0acb3e2b1@localhost,AlwaysDefect,D,player_c6eab88c-8170-4016-a9a7-e28eb1ab3c11@localhost,WinStayLoseShift,C,10,0,5037,457
916,player_6ebe71f5-6ea3-4c3f-8f02-12c0acb3e2b1@localhost,AlwaysDefect,D,player_c6eab88c-8170-4016-a9a7-e28eb1ab3c11@localhost,WinStayLoseShift,D,1,1,5038,458
917,player_6ebe71f5-6ea3-4c3f-8f02-12c0acb3e2b1@localhost,AlwaysDefect,D,player_c6eab88c-8170-4016-a9a7-e28eb1ab3c11@localhost,WinStayLoseShift,C,10,0,5048,458
918,player_6ebe71f5-6ea3-4c3f-8f02-12c0acb3e2b1@localhost,AlwaysDefect,D,player_c6eab88c-8170-4016-a9a7-e28eb1ab3c11@localhost,WinStayLoseShift,D,1,1,5049,459
919,player_6ebe71f5-6ea3-4c3f-8f02-12c0acb3e2b1@localhost,AlwaysDefect,D,player_c6eab88c-8170-4016-a9a7-e28eb1ab3c11@localhost,WinStayLoseShift,C,10,0,5059,459
920,player_6ebe71f5-6ea3-4c3f-8f02-12c0acb3e2b1@localhost,AlwaysDefect,D,player_c6eab88c-8170-4016-a9a7-e28eb1ab3c11@localhost,WinStayLoseShift,D,1,1,5060,460
921,player_6ebe71f5-6ea3-4c3f-8f02-12c0acb3e2b1@localhost,AlwaysDefect,D,player_c6eab88c-8170-4016-a9a7-e28eb1ab3c11@localhost,WinStayLoseShift,C,10,0,5070,460
922,player_6ebe71f5-6ea3-4c3f-8f02-12c0acb3e2b1@localhost,AlwaysDefect,D,player_c6eab88c-8170-4016-a9a7-e28eb1ab3c11@localhost,WinStayLoseShift,D,1,1,5071,461
923,player_6ebe71f5-6ea3-4c3f-8f02-12c0acb3e2b1@localhost,AlwaysDefect,D,player_c6eab88c-8170-4016-a9a7-e28eb1ab3c11@localhost,WinStayLoseShift,C,10,0,5081,461
924,player_6ebe71f5-6ea3-4c3f-8f02-12c0acb3e2b1@localhost,AlwaysDefect,D,player_c6eab88c-8170-4016-a9a7-e28eb1ab3c11@localhost,WinStayLoseShift,D,1,1,5082,462
925,player_6ebe71f5-6ea3-4c3f-8f02-12c0acb3e2b1@localhost,AlwaysDefect,D,player_c6eab88c-8170-4016-a9a7-e28eb1ab3c11@localhost,WinStayLoseShift,C,10,0,5092,462
926,player_6ebe71f5-6ea3-4c3f-8f02-12c0acb3e2b1@localhost,AlwaysDefect,D,player_c6eab88c-8170-4016-a9a7-e28eb1ab3c11@localhost,WinStayLoseShift,D,1,1,5093,463
927,player_6ebe71f5-6ea3-4c3f-8f02-12c0acb3e2b1@localhost,AlwaysDefect,D,player_c6eab88c-8170-4016-a9a7-e28eb1ab3c11@localhost,WinStayLoseShift,C,10,0,5103,463
928,player_6ebe71f5-6ea3-4c3f-8f02-12c0acb3e2b1@localhost,AlwaysDefect,D,player_c6eab88c-8170-4016-a9a7-e28eb1ab3c11@localhost,WinStayLoseShift,D,1,1,5104,464
929,player_6ebe71f5-6ea3-4c3f-8f02-12c0acb3e2b1@localhost,AlwaysDefect,D,player_c6eab88c-8170-4016-a9a7-e28eb1ab3c11@localhost,WinStayLoseShift,C,10,0,5114,464
930,player_6ebe71f5-6ea3-4c3f-8f02-12c0acb3e2b1@localhost,AlwaysDefect,D,player_c6eab88c-8170-4016-a9a7-e28eb1ab3c11@localhost,WinStayLoseShift,D,1,1,5115,465
931,player_6ebe71f5-6ea3-4c3f-8f02-12c0acb3e2b1@localhost,AlwaysDefect,D,player_c6eab88c-8170-4016-a9a7-e28eb1ab3c11@localhost,WinStayLoseShift,C,10,0,5125,465
932,player_6ebe71f5-6ea3-4c3f-8f02-12c0acb3e2b1@localhost,AlwaysDefect,D,player_c6eab88c-8170-4016-a9a7-e28eb1ab3c11@localhost,WinStayLoseShift,D,1,1,5126,466
933,player_6ebe71f5-6ea3-4c3f-8f02-12c0acb3e2b1@localhost,AlwaysDefect,D,player_c6eab88c-8170-4016-a9a7-e28eb1ab3c11@localhost,WinStayLoseShift,C,10,0,5136,466
934,player_6ebe71f5-6ea3-4c3f-8f02-12c0acb3e2b1@localhost,AlwaysDefect,D,player_c6eab88c-8170-4016-a9a7-e28eb1ab3c11@localhost,WinStayLoseShift,D,1,1,5137,467
935,player_6ebe71f5-6ea3-4c3f-8f02-12c0acb3e2b1@localhost,AlwaysDefect,D,player_c6eab88c-8170-4016-a9a7-e28eb1ab3c11@localhost,WinStayLoseShift,C,10,0,5147,467
936,player_6ebe71f5-6ea3-4c3f-8f02-12c0acb3e2b1@localhost,AlwaysDefect,D,player_c6eab88c-8170-4016-a9a7-e28eb1ab3c11@localhost,WinStayLoseShift,D,1,1,5148,468
937,player_6ebe71f5-6ea3-4c3f-8f02-12c0acb3e2b1@localhost,AlwaysDefect,D,player_c6eab88c-8170-4016-a9a7-e28eb1ab3c11@localhost,WinStayLoseShift,C,10,0,5158,468
938,player_6ebe71f5-6ea3-4c3f-8f02-12c0acb3e2b1@localhost,AlwaysDefect,D,player_c6eab88c-8170-4016-a9a7-e28eb1ab3c11@localhost,WinStayLoseShift,D,1,1,5159,469
939,player_6ebe71f5-6ea3-4c3f-8f02-12c0acb3e2b1@localhost,AlwaysDefect,D,player_c6eab88c-8170-4016-a9a7-e28eb1ab3c11@localhost,WinStayLoseShift,C,10,0,5169,469
940,player_6ebe71f5-6ea3-4c3f-8f02-12c0acb3e2b1@localhost,AlwaysDefect,D,player_c6eab88c-8170-4016-a9a7-e28eb1ab3c11@localhost,WinStayLoseShift,D,1,1,5170,470
941,player_6ebe71f5-6ea3-4c3f-8f02-12c0acb3e2b1@localhost,AlwaysDefect,D,player_c6eab88c-8170-4016-a9a7-e28eb1ab3c11@localhost,WinStayLoseShift,C,10,0,5180,470
942,player_6ebe71f5-6ea3-4c3f-8f02-12c0acb3e2b1@localhost,AlwaysDefect,D,player_c6eab88c-8170-4016-a9a7-e28eb1ab3c11@localhost,WinStayLoseShift,D,1,1,5181,471
943,player_6ebe71f5-6ea3-4c3f-8f02-12c0acb3e2b1@localhost,AlwaysDefect,D,player_c6eab88c-8170-4016-a9a7-e28eb1ab3c11@localhost,WinStayLoseShift,C,10,0,5191,471
944,player_6ebe71f5-6ea3-4c3f-8f02-12c0acb3e2b1@localhost,AlwaysDefect,D,player_c6eab88c-8170-4016-a9a7-e28eb1ab3c11@localhost,WinStayLoseShift,D,1,1,5192,472
945,player_6ebe71f5-6ea3-4c3f-8f02-12c0acb3e2b1@localhost,AlwaysDefect,D,player_c6eab88c-8170-4016-a9a7-e28eb1ab3c11@localhost,WinStayLoseShift,C,10,0,5202,472
946,player_6ebe71f5-6ea3-4c3f-8f02-12c0acb3e2b1@localhost,AlwaysDefect,D,player_c6eab88c-8170-4016-a9a7-e28eb1ab3c11@localhost,WinStayLoseShift,D,1,1,5203,473
947,player_6ebe71f5-6ea3-4c3f-8f02-12c0acb3e2b1@localhost,AlwaysDefect,D,player_c6eab88c-8170-4016-a9a7-e28eb1ab3c11@localhost,WinStayLoseShift,C,10,0,5213,473
948,player_6ebe71f5-6ea3-4c3f-8f02-12c0acb3e2b1@localhost,AlwaysDefect,D,player_c6eab88c-8170-4016-a9a7-e28eb1ab3c11@localhost,WinStayLoseShift,D,1,1,5214,474
949,player_6ebe71f5-6ea3-4c3f-8f02-12c0acb3e2b1@localhost,AlwaysDefect,D,player_c6eab88c-8170-4016-a9a7-e28eb1ab3c11@localhost,WinStayLoseShift,C,10,0,5224,474
950,player_6ebe71f5-6ea3-4c3f-8f02-12c0acb3e2b1@localhost,AlwaysDefect,D,player_c6eab88c-8170-4016-a9a7-e28eb1ab3c11@localhost,WinStayLoseShift,D,1,1,5225,475
951,player_6ebe71f5-6ea3-4c3f-8f02-12c0acb3e2b1@localhost,AlwaysDefect,D,player_c6eab88c-8170-4016-a9a7-e28eb1ab3c11@localhost,WinStayLoseShift,C,10,0,5235,475
952,player_6ebe71f5-6ea3-4c3f-8f02-12c0acb3e2b1@localhost,AlwaysDefect,D,player_c6eab88c-8170-4016-a9a7-e28eb1ab3c11@localhost,WinStayLoseShift,D,1,1,5236,476
953,player_6ebe71f5-6ea3-4c3f-8f02-12c0acb3e2b1@localhost,AlwaysDefect,D,player_c6eab88c-8170-4016-a9a7-e28eb1ab3c11@localhost,WinStayLoseShift,C,10,0,5246,476
954,player_6ebe71f5-6ea3-4c3f-8f02-12c0acb3e2b1@localhost,AlwaysDefect,D,player_c6eab88c-8170-4016-a9a7-e28eb1ab3c11@localhost,WinStayLoseShift,D,1,1,5247,477
955,player_6ebe71f5-6ea3-4c3f-8f02-12c0acb3e2b1@localhost,AlwaysDefect,D,player_c6eab88c-8170-4016-a9a7-e28eb1ab3c11@localhost,WinStayLoseShift,C,10,0,5257,477
956,player_6ebe71f5-6ea3-4c3f-8f02-12c0acb3e2b1@localhost,AlwaysDefect,D,player_c6eab88c-8170-4016-a9a7-e28eb1ab3c11@localhost,WinStayLoseShift,D,1,1,5258,478
957,player_6ebe71f5-6ea3-4c3f-8f02-12c0acb3e2b1@localhost,AlwaysDefect,D,player_c6eab88c-8170-4016-a9a7-e28eb1ab3c11@localhost,WinStayLoseShift,C,10,0,5268,478
958,player_6ebe71f5-6ea3-4c3f-8f02-12c0acb3e2b1@localhost,AlwaysDefect,D,player_c6eab88c-8170-4016-a9a7-e28eb1ab3c11@localhost,WinStayLoseShift,D,1,1,5269,479
959,player_6ebe71f5-6ea3-4c3f-8f02-12c0acb3e2b1@localhost,AlwaysDefect,D,player_c6eab88c-8170-4016-a9a7-e28eb1ab3c11@localhost,WinStayLoseShift,C,10,0,5279,479
960,player_6ebe71f5-6ea3-4c3f-8f02-12c0acb3e2b1@localhost,AlwaysDefect,D,player_c6eab88c-8170-4016-a9a7-e28eb1ab3c11@localhost,WinStayLoseShift,D,1,1,5280,480
961,player_6ebe71f5-6ea3-4c3f-8f02-12c0acb3e2b1@localhost,AlwaysDefect,D,player_c6eab88c-8170-4016-a9a7-e28eb1ab3c11@localhost,WinStayLoseShift,C,10,0,5290,480
962,player_6ebe71f5-6ea3-4c3f-8f02-12c0acb3e2b1@localhost,AlwaysDefect,D,player_c6eab88c-8170-4016-a9a7-e28eb1ab3c11@localhost,WinStayLoseShift,D,1,1,5291,481
963,player_6ebe71f5-6ea3-4c3f-8f02-12c0acb3e2b1@localhost,AlwaysDefect,D,player_c6eab88c-8170-4016-a9a7-e28eb1ab3c11@localhost,WinStayLoseShift,C,10,0,5301,481
964,player_6ebe71f5-6ea3-4c3f-8f02-12c0acb3e2b1@localhost,AlwaysDefect,D,player_c6eab88c-8170-4016-a9a7-e28eb1ab3c11@localhost,WinStayLoseShift,D,1,1,5302,482
965,player_6ebe71f5-6ea3-4c3f-8f02-12c0acb3e2b1@localhost,AlwaysDefect,D,player_c6eab88c-8170-4016-a9a7-e28eb1ab3c11@localhost,WinStayLoseShift,C,10,0,5312,482
966,player_6ebe71f5-6ea3-4c3f-8f02-12c0acb3e2b1@localhost,AlwaysDefect,D,player_c6eab88c-8170-4016-a9a7-e28eb1ab3c11@localhost,WinStayLoseShift,D,1,1,5313,483
967,player_6ebe71f5-6ea3-4c3f-8f02-12c0acb3e2b1@localhost,AlwaysDefect,D,player_c6eab88c-8170-4016-a9a7-e28eb1ab3c11@localhost,WinStayLoseShift,C,10,0,5323,483
968,player_6ebe71f5-6ea3-4c3f-8f02-12c0acb3e2b1@localhost,AlwaysDefect,D,player_c6eab88c-8170-4016-a9a7-e28eb1ab3c11@localhost,WinStayLoseShift,D,1,1,5324,484
969,player_6ebe71f5-6ea3-4c3f-8f02-12c0acb3e2b1@localhost,AlwaysDefect,D,player_c6eab88c-8170-4016-a9a7-e28eb1ab3c11@localhost,WinStayLoseShift,C,10,0,5334,484
970,player_6ebe71f5-6ea3-4c3f-8f02-12c0acb3e2b1@localhost,AlwaysDefect,D,player_c6eab88c-8170-4016-a9a7-e28eb1ab3c11@localhost,WinStayLoseShift,D,1,1,5335,485
971,player_6ebe71f5-6ea3-4c3f-8f02-12c0acb3e2b1@localhost,AlwaysDefect,D,player_c6eab88c-8170-4016-a9a7-e28eb1ab3c11@localhost,WinStayLoseShift,C,10,0,5345,485
972,player_6ebe71f5-6ea3-4c3f-8f02-12c0acb3e2b1@localhost,AlwaysDefect,D,player_c6eab88c-8170-4016-a9a7-e28eb1ab3c11@localhost,WinStayLoseShift,D,1,1,5346,486
973,player_6ebe71f5-6ea3-4c3f-8f02-12c0acb3e2b1@localhost,AlwaysDefect,D,player_c6eab88c-8170-4016-a9a7-e28eb1ab3c11@localhost,WinStayLoseShift,C,10,0,5356,486
974,player_6ebe71f5-6ea3-4c3f-8f02-12c0acb3e2b1@localhost,AlwaysDefect,D,player_c6eab88c-8170-4016-a9a7-e28eb1ab3c11@localhost,WinStayLoseShift,D,1,1,5357,487
975,player_6ebe71f5-6ea3-4c3f-8f02-12c0acb3e2b1@localhost,AlwaysDefect,D,player_c6eab88c-8170-4016-a9a7-e28eb1ab3c11@localhost,WinStayLoseShift,C,10,0,5367,487
976,player_6ebe71f5-6ea3-4c3f-8f02-12c0acb3e2b1@localhost,AlwaysDefect,D,player_c6eab88c-8170-4016-a9a7-e28eb1ab3c11@localhost,WinStayLoseShift,D,1,1,5368,488
977,player_6ebe71f5-6ea3-4c3f-8f02-12c0acb3e2b1@localhost,AlwaysDefect,D,player_c6eab88c-8170-4016-a9a7-e28eb1ab3c11@localhost,WinStayLoseShift,C,10,0,5378,488
978,player_6ebe71f5-6ea3-4c3f-8f02-12c0acb3e2b1@localhost,AlwaysDefect,D,player_c6eab88c-8170-4016-a9a7-e28eb1ab3c11@localhost,WinStayLoseShift,D,1,1,5379,489
979,player_6ebe71f5-6ea3-4c3f-8f02-12c0acb3e2b1@localhost,AlwaysDefect,D,player_c6eab88c-8170-4016-a9a7-e28eb1ab3c11@localhost,WinStayLoseShift,C,10,0,5389,489
980,player_6ebe71f5-6ea3-4c3f-8f02-12c0acb3e2b1@localhost,AlwaysDefect,D,player_c6eab88c-8170-4016-a9a7-e28eb1ab3c11@localhost,WinStayLoseShift,D,1,1,5390,490
981,player_6ebe71f5-6ea3-4c3f-8f02-12c0acb3e2b1@localhost,AlwaysDefect,D,player_c6eab88c-8170-4016-a9a7-e28eb1ab3c11@localhost,WinStayLoseShift,C,10,0,5400,490
982,player_6ebe71f5-6ea3-4c3f-8f02-12c0acb3e2b1@localhost,AlwaysDefect,D,player_c6eab88c-8170-4016-a9a7-e28eb1ab3c11@localhost,WinStayLoseShift,D,1,1,5401,491
983,player_6ebe71f5-6ea3-4c3f-8f02-12c0acb3e2b1@localhost,AlwaysDefect,D,player_c6eab88c-8170-4016-a9a7-e28eb1ab3c11@localhost,WinStayLoseShift,C,10,0,5411,491
984,player_6ebe71f5-6ea3-4c3f-8f02-12c0acb3e2b1@localhost,AlwaysDefect,D,player_c6eab88c-8170-4016-a9a7-e28eb1ab3c11@localhost,WinStayLoseShift,D,1,1,5412,492
985,player_6ebe71f5-6ea3-4c3f-8f02-12c0acb3e2b1@localhost,AlwaysDefect,D,player_c6eab88c-8170-4016-a9a7-e28eb1ab3c11@localhost,WinStayLoseShift,C,10,0,5422,492
986,player_6ebe71f5-6ea3-4c3f-8f02-12c0acb3e2b1@localhost,AlwaysDefect,D,player_c6eab88c-8170-4016-a9a7-e28eb1ab3c11@localhost,WinStayLoseShift,D,1,1,5423,493
987,player_6ebe71f5-6ea3-4c3f-8f02-12c0acb3e2b1@localhost,AlwaysDefect,D,player_c6eab88c-8170-4016-a9a7-e28eb1ab3c11@localhost,WinStayLoseShift,C,10,0,5433,493
988,player_6ebe71f5-6ea3-4c3f-8f02-12c0acb3e2b1@localhost,AlwaysDefect,D,player_c6eab88c-8170-4016-a9a7-e28eb1ab3c11@localhost,WinStayLoseShift,D,1,1,5434,494
989,player_6ebe71f5-6ea3-4c3f-8f02-12c0acb3e2b1@localhost,AlwaysDefect,D,player_c6eab88c-8170-4016-a9a7-e28eb1ab3c11@localhost,WinStayLoseShift,C,10,0,5444,494
990,player_6ebe71f5-6ea3-4c3f-8f02-12c0acb3e2b1@localhost,AlwaysDefect,D,player_c6eab88c-8170-4016-a9a7-e28eb1ab3c11@localhost,WinStayLoseShift,D,1,1,5445,495
991,player_6ebe71f5-6ea3-4c3f-8f02-12c0acb3e2b1@localhost,AlwaysDefect,D,player_c6eab88c-8170-4016-a9a7-e28eb1ab3c11@localhost,WinStayLoseShift,C,10,0,5455,495
992,player_6ebe71f5-6ea3-4c3f-8f02-12c0acb3e2b1@localhost,AlwaysDefect,D,player_c6eab88c-8170-4016-a9a7-e28eb1ab3c11@localhost,WinStayLoseShift,D,1,1,5456,496
993,player_6ebe71f5-6ea3-4c3f-8f02-12c0acb3e2b1@localhost,AlwaysDefect,D,player_c6eab88c-8170-4016-a9a7-e28eb1ab3c11@localhost,WinStayLoseShift,C,10,0,5466,496
994,player_6ebe71f5-6ea3-4c3f-8f02-12c0acb3e2b1@localhost,AlwaysDefect,D,player_c6eab88c-8170-4016-a9a7-e28eb1ab3c11@localhost,WinStayLoseShift,D,1,1,5467,497
995,player_6ebe71f5-6ea3-4c3f-8f02-12c0acb3e2b1@localhost,AlwaysDefect,D,player_c6eab88c-8170-4016-a9a7-e28eb1ab3c11@localhost,WinStayLoseShift,C,10,0,5477,497
996,player_6ebe71f5-6ea3-4c3f-8f02-12c0acb3e2b1@localhost,AlwaysDefect,D,player_c6eab88c-8170-4016-a9a7-e28eb1ab3c11@localhost,WinStayLoseShift,D,1,1,5478,498
997,player_6ebe71f5-6ea3-4c3f-8f02-12c0acb3e2b1@localhost,AlwaysDefect,D,player_c6eab88c-8170-4016-a9a7-e28eb1ab3c11@localhost,WinStayLoseShift,C,10,0,5488,498
998,player_6ebe71f5-6ea3-4c3f-8f02-12c0acb3e2b1@localhost,AlwaysDefect,D,player_c6eab88c-8170-4016-a9a7-e28eb1ab3c11@localhost,WinStayLoseShift,D,1,1,5489,499
999,player_6ebe71f5-6ea3-4c3f-8f02-12c0acb3e2b1@localhost,AlwaysDefect,D,player_c6eab88c-8170-4016-a9a7-e28eb1ab3c11@localhost,WinStayLoseShift,C,10,0,5499,499
1000,player_6ebe71f5-6ea3-4c3f-8f02-12c0acb3e2b1@localhost,AlwaysDefect,D,player_c6eab88c-8170-4016-a9a7-e28eb1ab3c11@localhost,WinStayLoseShift,D,1,1,5500,500
,,,,,,,,,,
# AGGREGATED METRICS
# p1_jid,player_6ebe71f5-6ea3-4c3f-8f02-12c0acb3e2b1@localhost
# p2_jid,player_c6eab88c-8170-4016-a9a7-e28eb1ab3c11@localhost
# total_rounds,1000
# cooperation_rate_p1,0.0000
# cooperation_rate_p2,0.5000
# defection_rate_p1,1.0000
# defection_rate_p2,0.5000
# total_payoff_p1,5500
# total_payoff_p2,500
# avg_payoff_p1,5.5000
# avg_payoff_p2,0.5000
