round,p1_jid,p1_strategy,p1_action,p2_jid,p2_strategy,p2_action,p1_payoff,p2_payoff,p1_cumulative,p2_cumulative
1,player_ab4a5507-61fe-4ab8-a53b-9d32e62f7772@localhost,AlwaysDefect,D,player_6dc01db8-56e6-4bf6-ab91-a4c670c4d4c0@localhost,TitForTat,C,10,0,10,0
2,player_ab4a5507-61fe-4ab8-a53b-9d32e62f7772@localhost,AlwaysDefect,D,player_6dc01db8-56e6-4bf6-ab91-a4c670c4d4c0@localhost,TitForTat,D,1,1,11,1
3,player_ab4a5507-61fe-4ab8-a53b-9d32e62f7772@localhost,AlwaysDefect,D,player_6dc01db8-56e6-4bf6-ab91-a4c670c4d4c0@localhost,TitForTat,D,1,1,12,2
4,player_ab4a5507-61fe-4ab8-a53b-9d32e62f7772@localhost,AlwaysDefect,D,player_6dc01db8-56e6-4bf6-ab91-a4c670c4d4c0@localhost,TitForTat,D,1,1,13,3
5,player_ab4a5507-61fe-4ab8-a53b-9d32e62f7772@localhost,AlwaysDefect,D,player_6dc01db8-56e6-4bf6-ab91-a4c670c4d4c0@localhost,TitForTat,D,1,1,14,4
6,player_ab4a5507-61fe-4ab8-a53b-9d32e62f7772@localhost,AlwaysDefect,D,player_6dc01db8-56e6-4bf6-ab91-a4c670c4d4c0@localhost,TitForTat,D,1,1,15,5
7,player_ab4a5507-61fe-4ab8-a53b-9d32e62f7772@localhost,AlwaysDefect,D,player_6dc01db8-56e6-4bf6-ab91-a4c670c4d4c0@localhost,TitForTat,D,1,1,16,6
8,player_ab4a5507-61fe-4ab8-a53b-9d32e62f7772@localhost,AlwaysDefect,D,player_6dc01db8-56e6-4bf6-ab91-a4c670c4d4c0@localhost,TitForTat,D,1,1,17,7
9,player_ab4a5507-61fe-4ab8-a53b-9d32e62f7772@localhost,AlwaysDefect,D,player_6dc01db8-56e6-4bf6-ab91-a4c670c4d4c0@localhost,TitForTat,D,1,1,18,8
10,player_ab4a5507-61fe-4ab8-a53b-9d32e62f7772@localhost,AlwaysDefect,D,player_6dc01db8-56e6-4bf6-ab91-a4c670c4d4c0@localhost,TitForTat,D,1,1,19,9
11,player_ab4a5507-61fe-4ab8-a53b-9d32e62f7772@localhost,AlwaysDefect,D,player_6dc01db8-56e6-4bf6-ab91-a4c670c4d4c0@localhost,TitForTat,D,1,1,20,10
12,player_ab4a5507-61fe-4ab8-a53b-9d32e62f7772@localhost,AlwaysDefect,D,player_6dc01db8-56e6-4bf6-ab91-a4c670c4d4c0@localhost,TitForTat,D,1,1,21,11
13,player_ab4a5507-61fe-4ab8-a53b-9d32e62f7772@localhost,AlwaysDefect,D,player_6dc01db8-56e6-4bf6-ab91-a4c670c4d4c0@localhost,TitForTat,D,1,1,22,12
14,player_ab4a5507-61fe-4ab8-a53b-9d32e62f7772@localhost,AlwaysDefect,D,player_6dc01db8-56e6-4bf6-ab91-a4c670c4d4c0@localhost,TitForTat,D,1,1,23,13
15,player_ab4a5507-61fe-4ab8-a53b-9d32e62f7772@localhost,AlwaysDefect,D,player_6dc01db8-56e6-4bf6-ab91-a4c670c4d4c0@localhost,TitForTat,D,1,1,24,14
16,player_ab4a5507-61fe-4ab8-a53b-9d32e62f7772@localhost,AlwaysDefect,D,player_6dc01db8-56e6-4bf6-ab91-a4c670c4d4c0@localhost,TitForTat,D,1,1,25,15
17,player_ab4a5507-61fe-4ab8-a53b-9d32e62f7772@localhost,AlwaysDefect,D,player_6dc01db8-56e6-4bf6-ab91-a4c670c4d4c0@localhost,TitForTat,D,1,1,26,16
18,player_ab4a5507-61fe-4ab8-a53b-9d32e62f7772@localhost,AlwaysDefect,D,player_6dc01db8-56e6-4bf6-ab91-a4c670c4d4c0@localhost,TitForTat,D,1,1,27,17
19,player_ab4a5507-61fe-4ab8-a53b-9d32e62f7772@localhost,AlwaysDefect,D,player_6dc01db8-56e6-4bf6-ab91-a4c670c4d4c0@localhost,TitForTat,D,1,1,28,18
20,player_ab4a5507-61fe-4ab8-a53b-9d32e62f7772@localhost,AlwaysDefect,D,player_6dc01db8-56e6-4bf6-ab91-a4c670c4d4c0@localhost,TitForTat,D,1,1,29,19
21,player_ab4a5507-61fe-4ab8-a53b-9d32e62f7772@localhost,AlwaysDefect,D,player_6dc01db8-56e6-4bf6-ab91-a4c670c4d4c0@localhost,TitForTat,D,1,1,30,20
22,player_ab4a5507-61fe-4ab8-a53b-9d32e62f7772@localhost,AlwaysDefect,D,player_6dc01db8-56e6-4bf6-ab91-a4c670c4d4c0@localhost,TitForTat,D,1,1,31,21
23,player_ab4a5507-61fe-4ab8-a53b-9d32e62f7772@localhost,AlwaysDefect,D,player_6dc01db8-56e6-4bf6-ab91-a4c670c4d4c0@localhost,TitForTat,D,1,1,32,22
24,player_ab4a5507-61fe-4ab8-a53b-9d32e62f7772@localhost,AlwaysDefect,D,player_6dc01db8-56e6-4bf6-ab91-a4c670c4d4c0@localhost,TitForTat,D,1,1,33,23
25,player_ab4a5507-61fe-4ab8-a53b-9d32e62f7772@localhost,AlwaysDefect,D,player_6dc01db8-56e6-4bf6-ab91-a4c670c4d4c0@localhost,TitForTat,D,1,1,34,24
26,player_ab4a5507-61fe-4ab8-a53b-9d32e62f7772@localhost,AlwaysDefect,D,player_6dc01db8-56e6-4bf6-ab91-a4c670c4d4c0@localhost,TitForTat,D,1,1,35,25
27,player_ab4a5507-61fe-4ab8-a53b-9d32e62f7772@localhost,AlwaysDefect,D,player_6dc01db8-56e6-4bf6-ab91-a4c670c4d4c0@localhost,TitForTat,D,1,1,36,26
28,player_ab4a5507-61fe-4ab8-a53b-9d32e62f7772@localhost,AlwaysDefect,D,player_6dc01db8-56e6-4bf6-ab91-a4c670c4d4c0@localhost,TitForTat,D,1,1,37,27
29,player_ab4a5507-61fe-4ab8-a53b-9d32e62f7772@localhost,AlwaysDefect,D,player_6dc01db8-56e6-4bf6-ab91-a4c670c4d4c0@localhost,TitForTat,D,1,1,38,28
30,player_ab4a5507-61fe-4ab8-a53b-9d32e62f7772@localhost,AlwaysDefect,D,player_6dc01db8-56e6-4bf6-ab91-a4c670c4d4c0@localhost,TitForTat,D,1,1,39,29
31,player_ab4a5507-61fe-4ab8-a53b-9d32e62f7772@localhost,AlwaysDefect,D,player_6dc01db8-56e6-4bf6-ab91-a4c670c4d4c0@localhost,TitForTat,D,1,1,40,30
32,player_ab4a5507-61fe-4ab8-a53b-9d32e62f7772@localhost,AlwaysDefect,D,player_6dc01db8-56e6-4bf6-ab91-a4c670c4d4c0@localhost,TitForTat,D,1,1,41,31
33,player_ab4a5507-61fe-4ab8-a53b-9d32e62f7772@localhost,AlwaysDefect,D,player_6dc01db8-56e6-4bf6-ab91-a4c670c4d4c0@localhost,TitForTat,D,1,1,42,32
34,player_ab4a5507-61fe-4ab8-a53b-9d32e62f7772@localhost,AlwaysDefect,D,player_6dc01db8-56e6-4bf6-ab91-a4c670c4d4c0@localhost,TitForTat,D,1,1,43,33
35,player_ab4a5507-61fe-4ab8-a53b-9d32e62f7772@localhost,AlwaysDefect,D,player_6dc01db8-56e6-4bf6-ab91-a4c670c4d4c0@localhost,TitForTat,D,1,1,44,34
36,player_ab4a5507-61fe-4ab8-a53b-9d32e62f7772@localhost,AlwaysDefect,D,player_6dc01db8-56e6-4bf6-ab91-a4c670c4d4c0@localhost,TitForTat,D,1,1,45,35
37,player_ab4a5507-61fe-4ab8-a53b-9d32e62f7772@localhost,AlwaysDefect,D,player_6dc01db8-56e6-4bf6-ab91-a4c670c4d4c0@localhost,TitForTat,D,1,1,46,36
38,player_ab4a5507-61fe-4ab8-a53b-9d32e62f7772@localhost,AlwaysDefect,D,player_6dc01db8-56e6-4bf6-ab91-a4c670c4d4c0@localhost,TitForTat,D,1,1,47,37
39,player_ab4a5507-61fe-4ab8-a53b-9d32e62f7772@localhost,AlwaysDefect,D,player_6dc01db8-56e6-4bf6-ab91-a4c670c4d4c0@localhost,TitForTat,D,1,1,48,38
40,player_ab4a5507-61fe-4ab8-a53b-9d32e62f7772@localhost,AlwaysDefect,D,player_6dc01db8-56e6-4bf6-ab91-a4c670c4d4c0@localhost,TitForTat,D,1,1,49,39
41,player_ab4a5507-61fe-4ab8-a53b-9d32e62f7772@localhost,AlwaysDefect,D,player_6dc01db8-56e6-4bf6-ab91-a4c670c4d4c0@localhost,TitForTat,D,1,1,50,40
42,player_ab4a5507-61fe-4ab8-a53b-9d32e62f7772@localhost,AlwaysDefect,D,player_6dc01db8-56e6-4bf6-ab91-a4c670c4d4c0@localhost,TitForTat,D,1,1,51,41
43,player_ab4a5507-61fe-4ab8-a53b-9d32e62f7772@localhost,AlwaysDefect,D,player_6dc01db8-56e6-4bf6-ab91-a4c670c4d4c0@localhost,TitForTat,D,1,1,52,42
44,player_ab4a5507-61fe-4ab8-a53b-9d32e62f7772@localhost,AlwaysDefect,D,player_6dc01db8-56e6-4bf6-ab91-a4c670c4d4c0@localhost,TitForTat,D,1,1,53,43
45,player_ab4a5507-61fe-4ab8-a53b-9d32e62f7772@localhost,AlwaysDefect,D,player_6dc01db8-56e6-4bf6-ab91-a4c670c4d4c0@localhost,TitForTat,D,1,1,54,44
46,player_ab4a5507-61fe-4ab8-a53b-9d32e62f7772@localhost,AlwaysDefect,D,player_6dc01db8-56e6-4bf6-ab91-a4c670c4d4c0@localhost,TitForTat,D,1,1,55,45
47,player_ab4a5507-61fe-4ab8-a53b-9d32e62f7772@localhost,AlwaysDefect,D,player_6dc01db8-56e6-4bf6-ab91-a4c670c4d4c0@localhost,TitForTat,D,1,1,56,46
48,player_ab4a5507-61fe-4ab8-a53b-9d32e62f7772@localhost,AlwaysDefect,D,player_6dc01db8-56e6-4bf6-ab91-a4c670c4d4c0@localhost,TitForTat,D,1,1,57,47
49,player_ab4a5507-61fe-4ab8-a53b-9d32e62f7772@localhost,AlwaysDefect,D,player_6dc01db8-56e6-4bf6-ab91-a4c670c4d4c0@localhost,TitForTat,D,1,1,58,48
50,player_ab4a5507-61fe-4ab8-a53b-9d32e62f7772@localhost,AlwaysDefect,D,player_6dc01db8-56e6-4bf6-ab91-a4c670c4d4c0@localhost,TitForTat,D,1,1,59,49
51,player_ab4a5507-61fe-4ab8-a53b-9d32e62f7772@localhost,AlwaysDefect,D,player_6dc01db8-56e6-4bf6-ab91-a4c670c4d4c0@localhost,TitForTat,D,1,1,60,50
52,player_ab4a5507-61fe-4ab8-a53b-9d32e62f7772@localhost,AlwaysDefect,D,player_6dc01db8-56e6-4bf6-ab91-a4c670c4d4c0@localhost,TitForTat,D,1,1,61,51
53,player_ab4a5507-61fe-4ab8-a53b-9d32e62f7772@localhost,AlwaysDefect,D,player_6dc01db8-56e6-4bf6-ab91-a4c670c4d4c0@localhost,TitForTat,D,1,1,62,52
54,player_ab4a5507-61fe-4ab8-a53b-9d32e62f7772@localhost,AlwaysDefect,D,player_6dc01db8-56e6-4bf6-ab91-a4c670c4d4c0@localhost,TitForTat,D,1,1,63,53
55,player_ab4a5507-61fe-4ab8-a53b-9d32e62f7772@localhost,AlwaysDefect,D,player_6dc01db8-56e6-4bf6-ab91-a4c670c4d4c0@localhost,TitForTat,D,1,1,64,54
56,player_ab4a5507-61fe-4ab8-a53b-9d32e62f7772@localhost,AlwaysDefect,D,player_6dc01db8-56e6-4bf6-ab91-a4c670c4d4c0@localhost,TitForTat,D,1,1,65,55
57,player_ab4a5507-61fe-4ab8-a53b-9d32e62f7772@localhost,AlwaysDefect,D,player_6dc01db8-56e6-4bf6-ab91-a4c670c4d4c0@localhost,TitForTat,D,1,1,66,56
58,player_ab4a5507-61fe-4ab8-a53b-9d32e62f7772@localhost,AlwaysDefect,D,player_6dc01db8-56e6-4bf6-ab91-a4c670c4d4c0@localhost,TitForTat,D,1,1,67,57
59,player_ab4a5507-61fe-4ab8-a53b-9d32e62f7772@localhost,AlwaysDefect,D,player_6dc01db8-56e6-4bf6-ab91-a4c670c4d4c0@localhost,TitForTat,D,1,1,68,58
60,player_ab4a5507-61fe-4ab8-a53b-9d32e62f7772@localhost,AlwaysDefect,D,player_6dc01db8-56e6-4bf6-ab91-a4c670c4d4c0@localhost,TitForTat,D,1,1,69,59
61,player_ab4a5507-61fe-4ab8-a53b-9d32e62f7772@localhost,AlwaysDefect,D,player_6dc01db8-56e6-4bf6-ab91-a4c670c4d4c0@localhost,TitForTat,D,1,1,70,60
62,player_ab4a5507-61fe-4ab8-a53b-9d32e62f7772@localhost,AlwaysDefect,D,player_6dc01db8-56e6-4bf6-ab91-a4c670c4d4c0@localhost,TitForTat,D,1,1,71,61
63,player_ab4a5507-61fe-4ab8-a53b-9d32e62f7772@localhost,AlwaysDefect,D,player_6dc01db8-56e6-4bf6-ab91-a4c670c4d4c0@localhost,TitForTat,D,1,1,72,62
64,player_ab4a5507-61fe-4ab8-a53b-9d32e62f7772@localhost,AlwaysDefect,D,player_6dc01db8-56e6-4bf6-ab91-a4c670c4d4c0@localhost,TitForTat,D,1,1,73,63
65,player_ab4a5507-61fe-4ab8-a53b-9d32e62f7772@localhost,AlwaysDefect,D,player_6dc01db8-56e6-4bf6-ab91-a4c670c4d4c0@localhost,TitForTat,D,1,1,74,64
66,player_ab4a5507-61fe-4ab8-a53b-9d32e62f7772@localhost,AlwaysDefect,D,player_6dc01db8-56e6-4bf6-ab91-a4c670c4d4c0@localhost,TitForTat,D,1,1,75,65
67,player_ab4a5507-61fe-4ab8-a53b-9d32e62f7772@localhost,AlwaysDefect,D,player_6dc01db8-56e6-4bf6-ab91-a4c670c4d4c0@localhost,TitForTat,D,1,1,76,66
68,player_ab4a5507-61fe-4ab8-a53b-9d32e62f7772@localhost,AlwaysDefect,D,player_6dc01db8-56e6-4bf6-ab91-a4c670c4d4c0@localhost,TitForTat,D,1,1,77,67
69,player_ab4a5507-61fe-4ab8-a53b-9d32e62f7772@localhost,AlwaysDefect,D,player_6dc01db8-56e6-4bf6-ab91-a4c670c4d4c0@localhost,TitForTat,D,1,1,78,68
70,player_ab4a5507-61fe-4ab8-a53b-9d32e62f7772@localhost,AlwaysDefect,D,player_6dc01db8-56e6-4bf6-ab91-a4c670c4d4c0@localhost,TitForTat,D,1,1,79,69
71,player_ab4a5507-61fe-4ab8-a53b-9d32e62f7772@localhost,AlwaysDefect,D,player_6dc01db8-56e6-4bf6-ab91-a4c670c4d4c0@localhost,TitForTat,D,1,1,80,70
72,player_ab4a5507-61fe-4ab8-a53b-9d32e62f7772@localhost,AlwaysDefect,D,player_6dc01db8-56e6-4bf6-ab91-a4c670c4d4c0@localhost,TitForTat,D,1,1,81,71
73,player_ab4a5507-61fe-4ab8-a53b-9d32e62f7772@localhost,AlwaysDefect,D,player_6dc01db8-56e6-4bf6-ab91-a4c670c4d4c0@localhost,TitForTat,D,1,1,82,72
74,player_ab4a5507-61fe-4ab8-a53b-9d32e62f7772@localhost,AlwaysDefect,D,player_6dc01db8-56e6-4bf6-ab91-a4c670c4d4c0@localhost,TitForTat,D,1,1,83,73
75,player_ab4a5507-61fe-4ab8-a53b-9d32e62f7772@localhost,AlwaysDefect,D,player_6dc01db8-56e6-4bf6-ab91-a4c670c4d4c0@localhost,TitForTat,D,1,1,84,74
76,player_ab4a5507-61fe-4ab8-a53b-9d32e62f7772@localhost,AlwaysDefect,D,player_6dc01db8-56e6-4bf6-ab91-a4c670c4d4c0@localhost,TitForTat,D,1,1,85,75
77,player_ab4a5507-61fe-4ab8-a53b-9d32e62f7772@localhost,AlwaysDefect,D,player_6dc01db8-56e6-4bf6-ab91-a4c670c4d4c0@localhost,TitForTat,D,1,1,86,76
78,player_ab4a5507-61fe-4ab8-a53b-9d32e62f7772@localhost,AlwaysDefect,D,player_6dc01db8-56e6-4bf6-ab91-a4c670c4d4c0@localhost,TitForTat,D,1,1,87,77
79,player_ab4a5507-61fe-4ab8-a53b-9d32e62f7772@localhost,AlwaysDefect,D,player_6dc01db8-56e6-4bf6-ab91-a4c670c4d4c0@localhost,TitForTat,D,1,1,88,78
80,player_ab4a5507-61fe-4ab8-a53b-9d32e62f7772@localhost,AlwaysDefect,D,player_6dc01db8-56e6-4bf6-ab91-a4c670c4d4c0@localhost,TitForTat,D,1,1,89,79
81,player_ab4a5507-61fe-4ab8-a53b-9d32e62f7772@localhost,AlwaysDefect,D,player_6dc01db8-56e6-4bf6-ab91-a4c670c4d4c0@localhost,TitForTat,D,1,1,90,80
82,player_ab4a5507-61fe-4ab8-a53b-9d32e62f7772@localhost,AlwaysDefect,D,player_6dc01db8-56e6-4bf6-ab91-a4c670c4d4c0@localhost,TitForTat,D,1,1,91,81
83,player_ab4a5507-61fe-4ab8-a53b-9d32e62f7772@localhost,AlwaysDefect,D,player_6dc01db8-56e6-4bf6-ab91-a4c670c4d4c0@localhost,TitForTat,D,1,1,92,82
84,player_ab4a5507-61fe-4ab8-a53b-9d32e62f7772@localhost,AlwaysDefect,D,player_6dc01db8-56e6-4bf6-ab91-a4c670c4d4c0@localhost,TitForTat,D,1,1,93,83
85,player_ab4a5507-61fe-4ab8-a53b-9d32e62f7772@localhost,AlwaysDefect,D,player_6dc01db8-56e6-4bf6-ab91-a4c670c4d4c0@localhost,TitForTat,D,1,1,94,84
86,player_ab4a5507-61fe-4ab8-a53b-9d32e62f7772@localhost,AlwaysDefect,D,player_6dc01db8-56e6-4bf6-ab91-a4c670c4d4c0@localhost,TitForTat,D,1,1,95,85
87,player_ab4a5507-61fe-4ab8-a53b-9d32e62f7772@localhost,AlwaysDefect,D,player_6dc01db8-56e6-4bf6-ab91-a4c670c4d4c0@localhost,TitForTat,D,1,1,96,86
88,player_ab4a5507-61fe-4ab8-a53b-9d32e62f7772@localhost,AlwaysDefect,D,player_6dc01db8-56e6-4bf6-ab91-a4c670c4d4c0@localhost,TitForTat,D,1,1,97,87
89,player_ab4a5507-61fe-4ab8-a53b-9d32e62f7772@localhost,AlwaysDefect,D,player_6dc01db8-56e6-4bf6-ab91-a4c670c4d4c0@localhost,TitForTat,D,1,1,98,88
90,player_ab4a5507-61fe-4ab8-a53b-9d32e62f7772@localhost,AlwaysDefect,D,player_6dc01db8-56e6-4bf6-ab91-a4c670c4d4c0@localhost,TitForTat,D,1,1,99,89
91,player_ab4a5507-61fe-4ab8-a53b-9d32e62f7772@localhost,AlwaysDefect,D,player_6dc01db8-56e6-4bf6-ab91-a4c670c4d4c0@localhost,TitForTat,D,1,1,100,90
92,player_ab4a5507-61fe-4ab8-a53b-9d32e62f7772@localhost,AlwaysDefect,D,player_6dc01db8-56e6-4bf6-ab91-a4c670c4d4c0@localhost,TitForTat,D,1,1,101,91
93,player_ab4a5507-61fe-4ab8-a53b-9d32e62f7772@localhost,AlwaysDefect,D,player_6dc01db8-56e6-4bf6-ab91-a4c670c4d4c0@localhost,TitForTat,D,1,1,102,92
94,player_ab4a5507-61fe-4ab8-a53b-9d32e62f7772@localhost,AlwaysDefect,D,player_6dc01db8-56e6-4bf6-ab91-a4c670c4d4c0@localhost,TitForTat,D,1,1,103,93
95,player_ab4a5507-61fe-4ab8-a53b-9d32e62f7772@localhost,AlwaysDefect,D,player_6dc01db8-56e6-4bf6-ab91-a4c670c4d4c0@localhost,TitForTat,D,1,1,104,94
96,player_ab4a5507-61fe-4ab8-a53b-9d32e62f7772@localhost,AlwaysDefect,D,player_6dc01db8-56e6-4bf6-ab91-a4c670c4d4c0@localhost,TitForTat,D,1,1,105,95
97,player_ab4a5507-61fe-4ab8-a53b-9d32e62f7772@localhost,AlwaysDefect,D,player_6dc01db8-56e6-4bf6-ab91-a4c670c4d4c0@localhost,TitForTat,D,1,1,106,96
98,player_ab4a5507-61fe-4ab8-a53b-9d32e62f7772@localhost,AlwaysDefect,D,player_6dc01db8-56e6-4bf6-ab91-a4c670c4d4c0@localhost,TitForTat,D,1,1,107,97
99,player_ab4a5507-61fe-4ab8-a53b-9d32e62f7772@localhost,AlwaysDefect,D,player_6dc01db8-56e6-4bf6-ab91-a4c670c4d4c0@localhost,TitForTat,D,1,1,108,98
100,player_ab4a5507-61fe-4ab8-a53b-9d32e62f7772@localhost,AlwaysDefect,D,player_6dc01db8-56e6-4bf6-ab91-a4c670c4d4c0@localhost,TitForTat,D,1,1,109,99
101,player_ab4a5507-61fe-4ab8-a53b-9d32e62f7772@localhost,AlwaysDefect,D,player_6dc01db8-56e6-4bf6-ab91-a4c670c4d4c0@localhost,TitForTat,D,1,1,110,100
102,player_ab4a5507-61fe-4ab8-a53b-9d32e62f7772@localhost,AlwaysDefect,D,player_6dc01db8-56e6-4bf6-ab91-a4c670c4d4c0@localhost,TitForTat,D,1,1,111,101
103,player_ab4a5507-61fe-4ab8-a53b-9d32e62f7772@localhost,AlwaysDefect,D,player_6dc01db8-56e6-4bf6-ab91-a4c670c4d4c0@localhost,TitForTat,D,1,1,112,102
104,player_ab4a5507-61fe-4ab8-a53b-9d32e62f7772@localhost,AlwaysDefect,D,player_6dc01db8-56e6-4bf6-ab91-a4c670c4d4c0@localhost,TitForTat,D,1,1,113,103
105,player_ab4a5507-61fe-4ab8-a53b-9d32e62f7772@localhost,AlwaysDefect,D,player_6dc01db8-56e6-4bf6-ab91-a4c670c4d4c0@localhost,TitForTat,D,1,1,114,104
106,player_ab4a5507-61fe-4ab8-a53b-9d32e62f7772@localhost,AlwaysDefect,D,player_6dc01db8-56e6-4bf6-ab91-a4c670c4d4c0@localhost,TitForTat,D,1,1,115,105
107,player_ab4a5507-61fe-4ab8-a53b-9d32e62f7772@localhost,AlwaysDefect,D,player_6dc01db8-56e6-4bf6-ab91-a4c670c4d4c0@localhost,TitForTat,D,1,1,116,106
108,player_ab4a5507-61fe-4ab8-a53b-9d32e62f7772@localhost,AlwaysDefect,D,player_6dc01db8-56e6-4bf6-ab91-a4c670c4d4c0@localhost,TitForTat,D,1,1,117,107
109,player_ab4a5507-61fe-4ab8-a53b-9d32e62f7772@localhost,AlwaysDefect,D,player_6dc01db8-56e6-4bf6-ab91-a4c670c4d4c0@localhost,TitForTat,D,1,1,118,108
110,player_ab4a5507-61fe-4ab8-a53b-9d32e62f7772@localhost,AlwaysDefect,D,player_6dc01db8-56e6-4bf6-ab91-a4c670c4d4c0@localhost,TitForTat,D,1,1,119,109
111,player_ab4a5507-61fe-4ab8-a53b-9d32e62f7772@localhost,AlwaysDefect,D,player_6dc01db8-56e6-4bf6-ab91-a4c670c4d4c0@localhost,TitForTat,D,1,1,120,110
112,player_ab4a5507-61fe-4ab8-a53b-9d32e62f7772@localhost,AlwaysDefect,D,player_6dc01db8-56e6-4bf6-ab91-a4c670c4d4c0@localhost,TitForTat,D,1,1,121,111
113,player_ab4a5507-61fe-4ab8-a53b-9d32e62f7772@localhost,AlwaysDefect,D,player_6dc01db8-56e6-4bf6-ab91-a4c670c4d4c0@localhost,TitForTat,D,1,1,122,112
114,player_ab4a5507-61fe-4ab8-a53b-9d32e62f7772@localhost,AlwaysDefect,D,player_6dc01db8-56e6-4bf6-ab91-a4c670c4d4c0@localhost,TitForTat,D,1,1,123,113
115,player_ab4a5507-61fe-4ab8-a53b-9d32e62f7772@localhost,AlwaysDefect,D,player_6dc01db8-56e6-4bf6-ab91-a4c670c4d4c0@localhost,TitForTat,D,1,1,124,114
116,player_ab4a5507-61fe-4ab8-a53b-9d32e62f7772@localhost,AlwaysDefect,D,player_6dc01db8-56e6-4bf6-ab91-a4c670c4d4c0@localhost,TitForTat,D,1,1,125,115
117,player_ab4a5507-61fe-4ab8-a53b-9d32e62f7772@localhost,AlwaysDefect,D,player_6dc01db8-56e6-4bf6-ab91-a4c670c4d4c0@localhost,TitForTat,D,1,1,126,116
118,player_ab4a5507-61fe-4ab8-a53b-9d32e62f7772@localhost,AlwaysDefect,D,player_6dc01db8-56e6-4bf6-ab91-a4c670c4d4c0@localhost,TitForTat,D,1,1,127,117
119,player_ab4a5507-61fe-4ab8-a53b-9d32e62f7772@localhost,AlwaysDefect,D,player_6dc01db8-56e6-4bf6-ab91-a4c670c4d4c0@localhost,TitForTat,D,1,1,128,118
120,player_ab4a5507-61fe-4ab8-a53b-9d32e62f7772@localhost,AlwaysDefect,D,player_6dc01db8-56e6-4bf6-ab91-a4c670c4d4c0@localhost,TitForTat,D,1,1,129,119
121,player_ab4a5507-61fe-4ab8-a53b-9d32e62f7772@localhost,AlwaysDefect,D,player_6dc01db8-56e6-4bf6-ab91-a4c670c4d4c0@localhost,TitForTat,D,1,1,130,120
122,player_ab4a5507-61fe-4ab8-a53b-9d32e62f7772@localhost,AlwaysDefect,D,player_6dc01db8-56e6-4bf6-ab91-a4c670c4d4c0@localhost,TitForTat,D,1,1,131,121
123,player_ab4a5507-61fe-4ab8-a53b-9d32e62f7772@localhost,AlwaysDefect,D,player_6dc01db8-56e6-4bf6-ab91-a4c670c4d4c0@localhost,TitForTat,D,1,1,132,122
124,player_ab4a5507-61fe-4ab8-a53b-9d32e62f7772@localhost,AlwaysDefect,D,player_6dc01db8-56e6-4bf6-ab91-a4c670c4d4c0@localhost,TitForTat,D,1,1,133,123
125,player_ab4a5507-61fe-4ab8-a53b-9d32e62f7772@localhost,AlwaysDefect,D,player_6dc01db8-56e6-4bf6-ab91-a4c670c4d4c0@localhost,TitForTat,D,1,1,134,124
126,player_ab4a5507-61fe-4ab8-a53b-9d32e62f7772@localhost,AlwaysDefect,D,player_6dc01db8-56e6-4bf6-ab91-a4c670c4d4c0@localhost,TitForTat,D,1,1,135,125
127,player_ab4a5507-61fe-4ab8-a53b-9d32e62f7772@localhost,AlwaysDefect,D,player_6dc01db8-56e6-4bf6-ab91-a4c670c4d4c0@localhost,TitForTat,D,1,1,136,126
128,player_ab4a5507-61fe-4ab8-a53b-9d32e62f7772@localhost,AlwaysDefect,D,player_6dc01db8-56e6-4bf6-ab91-a4c670c4d4c0@localhost,TitForTat,D,1,1,137,127
129,player_ab4a5507-61fe-4ab8-a53b-9d32e62f7772@localhost,AlwaysDefect,D,player_6dc01db8-56e6-4bf6-ab91-a4c670c4d4c0@localhost,TitForTat,D,1,1,138,128
130,player_ab4a5507-61fe-4ab8-a53b-9d32e62f7772@localhost,AlwaysDefect,D,player_6dc01db8-56e6-4bf6-ab91-a4c670c4d4c0@localhost,TitForTat,D,1,1,139,129
131,player_ab4a5507-61fe-4ab8-a53b-9d32e62f7772@localhost,AlwaysDefect,D,player_6dc01db8-56e6-4bf6-ab91-a4c670c4d4c0@localhost,TitForTat,D,1,1,140,130
132,player_ab4a5507-61fe-4ab8-a53b-9d32e62f7772@localhost,AlwaysDefect,D,player_6dc01db8-56e6-4bf6-ab91-a4c670c4d4c0@localhost,TitForTat,D,1,1,141,131
133,player_ab4a5507-61fe-4ab8-a53b-9d32e62f7772@localhost,AlwaysDefect,D,player_6dc01db8-56e6-4bf6-ab91-a4c670c4d4c0@localhost,TitForTat,D,1,1,142,132
134,player_ab4a5507-61fe-4ab8-a53b-9d32e62f7772@localhost,AlwaysDefect,D,player_6dc01db8-56e6-4bf6-ab91-a4c670c4d4c0@localhost,TitForTat,D,1,1,143,133
135,player_ab4a5507-61fe-4ab8-a53b-9d32e62f7772@localhost,AlwaysDefect,D,player_6dc01db8-56e6-4bf6-ab91-a4c670c4d4c0@localhost,TitForTat,D,1,1,144,134
136,player_ab4a5507-61fe-4ab8-a53b-9d32e62f7772@localhost,AlwaysDefect,D,player_6dc01db8-56e6-4bf6-ab91-a4c670c4d4c0@localhost,TitForTat,D,1,1,145,135
137,player_ab4a5507-61fe-4ab8-a53b-9d32e62f7772@localhost,AlwaysDefect,D,player_6dc01db8-56e6-4bf6-ab91-a4c670c4d4c0@localhost,TitForTat,D,1,1,146,136
138,player_ab4a5507-61fe-4ab8-a53b-9d32e62f7772@localhost,AlwaysDefect,D,player_6dc01db8-56e6-4bf6-ab91-a4c670c4d4c0@localhost,TitForTat,D,1,1,147,137
139,player_ab4a5507-61fe-4ab8-a53b-9d32e62f7772@localhost,AlwaysDefect,D,player_6dc01db8-56e6-4bf6-ab91-a4c670c4d4c0@localhost,TitForTat,D,1,1,148,138
140,player_ab4a5507-61fe-4ab8-a53b-9d32e62f7772@localhost,AlwaysDefect,D,player_6dc01db8-56e6-4bf6-ab91-a4c670c4d4c0@localhost,TitForTat,D,1,1,149,139
141,player_ab4a5507-61fe-4ab8-a53b-9d32e62f7772@localhost,AlwaysDefect,D,player_6dc01db8-56e6-4bf6-ab91-a4c670c4d4c0@localhost,TitForTat,D,1,1,150,140
142,player_ab4a5507-61fe-4ab8-a53b-9d32e62f7772@localhost,AlwaysDefect,D,player_6dc01db8-56e6-4bf6-ab91-a4c670c4d4c0@localhost,TitForTat,D,1,1,151,141
143,player_ab4a5507-61fe-4ab8-a53b-9d32e62f7772@localhost,AlwaysDefect,D,player_6dc01db8-56e6-4bf6-ab91-a4c670c4d4c0@localhost,TitForTat,D,1,1,152,142
144,player_ab4a5507-61fe-4ab8-a53b-9d32e62f7772@localhost,AlwaysDefect,D,player_6dc01db8-56e6-4bf6-ab91-a4c670c4d4c0@localhost,TitForTat,D,1,1,153,143
145,player_ab4a5507-61fe-4ab8-a53b-9d32e62f7772@localhost,AlwaysDefect,D,player_6dc01db8-56e6-4bf6-ab91-a4c670c4d4c0@localhost,TitForTat,D,1,1,154,144
146,player_ab4a5507-61fe-4ab8-a53b-9d32e62f7772@localhost,AlwaysDefect,D,player_6dc01db8-56e6-4bf6-ab91-a4c670c4d4c0@localhost,TitForTat,D,1,1,155,145
147,player_ab4a5507-61fe-4ab8-a53b-9d32e62f7772@localhost,AlwaysDefect,D,player_6dc01db8-56e6-4bf6-ab91-a4c670c4d4c0@localhost,TitForTat,D,1,1,156,146
148,player_ab4a5507-61fe-4ab8-a53b-9d32e62f7772@localhost,AlwaysDefect,D,player_6dc01db8-56e6-4bf6-ab91-a4c670c4d4c0@localhost,TitForTat,D,1,1,157,147
149,player_ab4a5507-61fe-4ab8-a53b-9d32e62f7772@localhost,AlwaysDefect,D,player_6dc01db8-56e6-4bf6-ab91-a4c670c4d4c0@localhost,TitForTat,D,1,1,158,148
150,player_ab4a5507-61fe-4ab8-a53b-9d32e62f7772@localhost,AlwaysDefect,D,player_6dc01db8-56e6-4bf6-ab91-a4c670c4d4c0@localhost,TitForTat,D,1,1,159,149
151,player_ab4a5507-61fe-4ab8-a53b-9d32e62f7772@localhost,AlwaysDefect,D,player_6dc01db8-56e6-4bf6-ab91-a4c670c4d4c0@localhost,TitForTat,D,1,1,160,150
152,player_ab4a5507-61fe-4ab8-a53b-9d32e62f7772@localhost,AlwaysDefect,D,player_6dc01db8-56e6-4bf6-ab91-a4c670c4d4c0@localhost,TitForTat,D,1,1,161,151
153,player_ab4a5507-61fe-4ab8-a53b-9d32e62f7772@localhost,AlwaysDefect,D,player_6dc01db8-56e6-4bf6-ab91-a4c670c4d4c0@localhost,TitForTat,D,1,1,162,152
154,player_ab4a5507-61fe-4ab8-a53b-9d32e62f7772@localhost,AlwaysDefect,D,player_6dc01db8-56e6-4bf6-ab91-a4c670c4d4c0@localhost,TitForTat,D,1,1,163,153
155,player_ab4a5507-61fe-4ab8-a53b-9d32e62f7772@localhost,AlwaysDefect,D,player_6dc01db8-56e6-4bf6-ab91-a4c670c4d4c0@localhost,TitForTat,D,1,1,164,154
156,player_ab4a5507-61fe-4ab8-a53b-9d32e62f7772@localhost,AlwaysDefect,D,player_6dc01db8-56e6-4bf6-ab91-a4c670c4d4c0@localhost,TitForTat,D,1,1,165,155
157,player_ab4a5507-61fe-4ab8-a53b-9d32e62f7772@localhost,AlwaysDefect,D,player_6dc01db8-56e6-4bf6-ab91-a4c670c4d4c0@localhost,TitForTat,D,1,1,166,156
158,player_ab4a5507-61fe-4ab8-a53b-9d32e62f7772@localhost,AlwaysDefect,D,player_6dc01db8-56e6-4bf6-ab91-a4c670c4d4c0@localhost,TitForTat,D,1,1,167,157
159,player_ab4a5507-61fe-4ab8-a53b-9d32e62f7772@localhost,AlwaysDefect,D,player_6dc01db8-56e6-4bf6-ab91-a4c670c4d4c0@localhost,TitForTat,D,1,1,168,158
160,player_ab4a5507-61fe-4ab8-a53b-9d32e62f7772@localhost,AlwaysDefect,D,player_6dc01db8-56e6-4bf6-ab91-a4c670c4d4c0@localhost,TitForTat,D,1,1,169,159
161,player_ab4a5507-61fe-4ab8-a53b-9d32e62f7772@localhost,AlwaysDefect,D,player_6dc01db8-56e6-4bf6-ab91-a4c670c4d4c0@localhost,TitForTat,D,1,1,170,160
162,player_ab4a5507-61fe-4ab8-a53b-9d32e62f7772@localhost,AlwaysDefect,D,player_6dc01db8-56e6-4bf6-ab91-a4c670c4d4c0@localhost,TitForTat,D,1,1,171,161
163,player_ab4a5507-61fe-4ab8-a53b-9d32e62f7772@localhost,AlwaysDefect,D,player_6dc01db8-56e6-4bf6-ab91-a4c670c4d4c0@localhost,TitForTat,D,1,1,172,162
164,player_ab4a5507-61fe-4ab8-a53b-9d32e62f7772@localhost,AlwaysDefect,D,player_6dc01db8-56e6-4bf6-ab91-a4c670c4d4c0@localhost,TitForTat,D,1,1,173,163
165,player_ab4a5507-61fe-4ab8-a53b-9d32e62f7772@localhost,AlwaysDefect,D,player_6dc01db8-56e6-4bf6-ab91-a4c670c4d4c0@localhost,TitForTat,D,1,1,174,164
166,player_ab4a5507-61fe-4ab8-a53b-9d32e62f7772@localhost,AlwaysDefect,D,player_6dc01db8-56e6-4bf6-ab91-a4c670c4d4c0@localhost,TitForTat,D,1,1,175,165
167,player_ab4a5507-61fe-4ab8-a53b-9d32e62f7772@localhost,AlwaysDefect,D,player_6dc01db8-56e6-4bf6-ab91-a4c670c4d4c0@localhost,TitForTat,D,1,1,176,166
168,player_ab4a5507-61fe-4ab8-a53b-9d32e62f7772@localhost,AlwaysDefect,D,player_6dc01db8-56e6-4bf6-ab91-a4c670c4d4c0@localhost,TitForTat,D,1,1,177,167
169,player_ab4a5507-61fe-4ab8-a53b-9d32e62f7772@localhost,AlwaysDefect,D,player_6dc01db8-56e6-4bf6-ab91-a4c670c4d4c0@localhost,TitForTat,D,1,1,178,168
170,player_ab4a5507-61fe-4ab8-a53b-9d32e62f7772@localhost,AlwaysDefect,D,player_6dc01db8-56e6-4bf6-ab91-a4c670c4d4c0@localhost,TitForTat,D,1,1,179,169
171,player_ab4a5507-61fe-4ab8-a53b-9d32e62f7772@localhost,AlwaysDefect,D,player_6dc01db8-56e6-4bf6-ab91-a4c670c4d4c0@localhost,TitForTat,D,1,1,180,170
172,player_ab4a5507-61fe-4ab8-a53b-9d32e62f7772@localhost,AlwaysDefect,D,player_6dc01db8-56e6-4bf6-ab91-a4c670c4d4c0@localhost,TitForTat,D,1,1,181,171
173,player_ab4a5507-61fe-4ab8-a53b-9d32e62f7772@localhost,AlwaysDefect,D,player_6dc01db8-56e6-4bf6-ab91-a4c670c4d4c0@localhost,TitForTat,D,1,1,182,172
174,player_ab4a5507-61fe-4ab8-a53b-9d32e62f7772@localhost,AlwaysDefect,D,player_6dc01db8-56e6-4bf6-ab91-a4c670c4d4c0@localhost,TitForTat,D,1,1,183,173
175,player_ab4a5507-61fe-4ab8-a53b-9d32e62f7772@localhost,AlwaysDefect,D,player_6dc01db8-56e6-4bf6-ab91-a4c670c4d4c0@localhost,TitForTat,D,1,1,184,174
176,player_ab4a5507-61fe-4ab8-a53b-9d32e62f7772@localhost,AlwaysDefect,D,player_6dc01db8-56e6-4bf6-ab91-a4c670c4d4c0@localhost,TitForTat,D,1,1,185,175
177,player_ab4a5507-61fe-4ab8-a53b-9d32e62f7772@localhost,AlwaysDefect,D,player_6dc01db8-56e6-4bf6-ab91-a4c670c4d4c0@localhost,TitForTat,D,1,1,186,176
178,player_ab4a5507-61fe-4ab8-a53b-9d32e62f7772@localhost,AlwaysDefect,D,player_6dc01db8-56e6-4bf6-ab91-a4c670c4d4c0@localhost,TitForTat,D,1,1,187,177
179,player_ab4a5507-61fe-4ab8-a53b-9d32e62f7772@localhost,AlwaysDefect,D,player_6dc01db8-56e6-4bf6-ab91-a4c670c4d4c0@localhost,TitForTat,D,1,1,188,178
180,player_ab4a5507-61fe-4ab8-a53b-9d32e62f7772@localhost,AlwaysDefect,D,player_6dc01db8-56e6-4bf6-ab91-a4c670c4d4c0@localhost,TitForTat,D,1,1,189,179
181,player_ab4a5507-61fe-4ab8-a53b-9d32e62f7772@localhost,AlwaysDefect,D,player_6dc01db8-56e6-4bf6-ab91-a4c670c4d4c0@localhost,TitForTat,D,1,1,190,180
182,player_ab4a5507-61fe-4ab8-a53b-9d32e62f7772@localhost,AlwaysDefect,D,player_6dc01db8-56e6-4bf6-ab91-a4c670c4d4c0@localhost,TitForTat,D,1,1,191,181
183,player_ab4a5507-61fe-4ab8-a53b-9d32e62f7772@localhost,AlwaysDefect,D,player_6dc01db8-56e6-4bf6-ab91-a4c670c4d4c0@localhost,TitForTat,D,1,1,192,182
184,player_ab4a5507-61fe-4ab8-a53b-9d32e62f7772@localhost,AlwaysDefect,D,player_6dc01db8-56e6-4bf6-ab91-a4c670c4d4c0@localhost,TitForTat,D,1,1,193,183
185,player_ab4a5507-61fe-4ab8-a53b-9d32e62f7772@localhost,AlwaysDefect,D,player_6dc01db8-56e6-4bf6-ab91-a4c670c4d4c0@localhost,TitForTat,D,1,1,194,184
186,player_ab4a5507-61fe-4ab8-a53b-9d32e62f7772@localhost,AlwaysDefect,D,player_6dc01db8-56e6-4bf6-ab91-a4c670c4d4c0@localhost,TitForTat,D,1,1,195,185
187,player_ab4a5507-61fe-4ab8-a53b-9d32e62f7772@localhost,AlwaysDefect,D,player_6dc01db8-56e6-4bf6-ab91-a4c670c4d4c0@localhost,TitForTat,D,1,1,196,186
188,player_ab4a5507-61fe-4ab8-a53b-9d32e62f7772@localhost,AlwaysDefect,D,player_6dc01db8-56e6-4bf6-ab91-a4c670c4d4c0@localhost,TitForTat,D,1,1,197,187
189,player_ab4a5507-61fe-4ab8-a53b-9d32e62f7772@localhost,AlwaysDefect,D,player_6dc01db8-56e6-4bf6-ab91-a4c670c4d4c0@localhost,TitForTat,D,1,1,198,188
190,player_ab4a5507-61fe-4ab8-a53b-9d32e62f7772@localhost,AlwaysDefect,D,player_6dc01db8-56e6-4bf6-ab91-a4c670c4d4c0@localhost,TitForTat,D,1,1,199,189
191,player_ab4a5507-61fe-4ab8-a53b-9d32e62f7772@localhost,AlwaysDefect,D,player_6dc01db8-56e6-4bf6-ab91-a4c670c4d4c0@localhost,TitForTat,D,1,1,200,190
192,player_ab4a5507-61fe-4ab8-a53b-9d32e62f7772@localhost,AlwaysDefect,D,player_6dc01db8-56e6-4bf6-ab91-a4c670c4d4c0@localhost,TitForTat,D,1,1,201,191
193,player_ab4a5507-61fe-4ab8-a53b-9d32e62f7772@localhost,AlwaysDefect,D,player_6dc01db8-56e6-4bf6-ab91-a4c670c4d4c0@localhost,TitForTat,D,1,1,202,192
194,player_ab4a5507-61fe-4ab8-a53b-9d32e62f7772@localhost,AlwaysDefect,D,player_6dc01db8-56e6-4bf6-ab91-a4c670c4d4c0@localhost,TitForTat,D,1,1,203,193
195,player_ab4a5507-61fe-4ab8-a53b-9d32e62f7772@localhost,AlwaysDefect,D,player_6dc01db8-56e6-4bf6-ab91-a4c670c4d4c0@localhost,TitForTat,D,1,1,204,194
196,player_ab4a5507-61fe-4ab8-a53b-9d32e62f7772@localhost,AlwaysDefect,D,player_6dc01db8-56e6-4bf6-ab91-a4c670c4d4c0@localhost,TitForTat,D,1,1,205,195
197,player_ab4a5507-61fe-4ab8-a53b-9d32e62f7772@localhost,AlwaysDefect,D,player_6dc01db8-56e6-4bf6-ab91-a4c670c4d4c0@localhost,TitForTat,D,1,1,206,196
198,player_ab4a5507-61fe-4ab8-a53b-9d32e62f7772@localhost,AlwaysDefect,D,player_6dc01db8-56e6-4bf6-ab91-a4c670c4d4c0@localhost,TitForTat,D,1,1,207,197
199,player_ab4a5507-61fe-4ab8-a53b-9d32e62f7772@localhost,AlwaysDefect,D,player_6dc01db8-56e6-4bf6-ab91-a4c670c4d4c0@localhost,TitForTat,D,1,1,208,198
200,player_ab4a5507-61fe-4ab8-a53b-9d32e62f7772@localhost,AlwaysDefect,D,player_6dc01db8-56e6-4bf6-ab91-a4c670c4d4c0@localhost,TitForTat,D,1,1,209,199
201,player_ab4a5507-61fe-4ab8-a53b-9d32e62f7772@localhost,AlwaysDefect,D,player_6dc01db8-56e6-4bf6-ab91-a4c670c4d4c0@localhost,TitForTat,D,1,1,210,200
202,player_ab4a5507-61fe-4ab8-a53b-9d32e62f7772@localhost,AlwaysDefect,D,player_6dc01db8-56e6-4bf6-ab91-a4c670c4d4c0@localhost,TitForTat,D,1,1,211,201
203,player_ab4a5507-61fe-4ab8-a53b-9d32e62f7772@localhost,AlwaysDefect,D,player_6dc01db8-56e6-4bf6-ab91-a4c670c4d4c0@localhost,TitForTat,D,1,1,212,202
204,player_ab4a5507-61fe-4ab8-a53b-9d32e62f7772@localhost,AlwaysDefect,D,player_6dc01db8-56e6-4bf6-ab91-a4c670c4d4c0@localhost,TitForTat,D,1,1,213,203
205,player_ab4a5507-61fe-4ab8-a53b-9d32e62f7772@localhost,AlwaysDefect,D,player_6dc01db8-56e6-4bf6-ab91-a4c670c4d4c0@localhost,TitForTat,D,1,1,214,204
206,player_ab4a5507-61fe-4ab8-a53b-9d32e62f7772@localhost,AlwaysDefect,D,player_6dc01db8-56e6-4bf6-ab91-a4c670c4d4c0@localhost,TitForTat,D,1,1,215,205
207,player_ab4a5507-61fe-4ab8-a53b-9d32e62f7772@localhost,AlwaysDefect,D,player_6dc01db8-56e6-4bf6-ab91-a4c670c4d4c0@localhost,TitForTat,D,1,1,216,206
208,player_ab4a5507-61fe-4ab8-a53b-9d32e62f7772@localhost,AlwaysDefect,D,player_6dc01db8-56e6-4bf6-ab91-a4c670c4d4c0@localhost,TitForTat,D,1,1,217,207
209,player_ab4a5507-61fe-4ab8-a53b-9d32e62f7772@localhost,AlwaysDefect,D,player_6dc01db8-56e6-4bf6-ab91-a4c670c4d4c0@localhost,TitForTat,D,1,1,218,208
210,player_ab4a5507-61fe-4ab8-a53b-9d32e62f7772@localhost,AlwaysDefect,D,player_6dc01db8-56e6-4bf6-ab91-a4c670c4d4c0@localhost,TitForTat,D,1,1,219,209
211,player_ab4a5507-61fe-4ab8-a53b-9d32e62f7772@localhost,AlwaysDefect,D,player_6dc01db8-56e6-4bf6-ab91-a4c670c4d4c0@localhost,TitForTat,D,1,1,220,210
212,player_ab4a5507-61fe-4ab8-a53b-9d32e62f7772@localhost,AlwaysDefect,D,player_6dc01db8-56e6-4bf6-ab91-a4c670c4d4c0@localhost,TitForTat,D,1,1,221,211
213,player_ab4a5507-61fe-4ab8-a53b-9d32e62f7772@localhost,AlwaysDefect,D,player_6dc01db8-56e6-4bf6-ab91-a4c670c4d4c0@localhost,TitForTat,D,1,1,222,212
214,player_ab4a5507-61fe-4ab8-a53b-9d32e62f7772@localhost,AlwaysDefect,D,player_6dc01db8-56e6-4bf6-ab91-a4c670c4d4c0@localhost,TitForTat,D,1,1,223,213
215,player_ab4a5507-61fe-4ab8-a53b-9d32e62f7772@localhost,AlwaysDefect,D,player_6dc01db8-56e6-4bf6-ab91-a4c670c4d4c0@localhost,TitForTat,D,1,1,224,214
216,player_ab4a5507-61fe-4ab8-a53b-9d32e62f7772@localhost,AlwaysDefect,D,player_6dc01db8-56e6-4bf6-ab91-a4c670c4d4c0@localhost,TitForTat,D,1,1,225,215
217,player_ab4a5507-61fe-4ab8-a53b-9d32e62f7772@localhost,AlwaysDefect,D,player_6dc01db8-56e6-4bf6-ab91-a4c670c4d4c0@localhost,TitForTat,D,1,1,226,216
218,player_ab4a5507-61fe-4ab8-a53b-9d32e62f7772@localhost,AlwaysDefect,D,player_6dc01db8-56e6-4bf6-ab91-a4c670c4d4c0@localhost,TitForTat,D,1,1,227,217
219,player_ab4a5507-61fe-4ab8-a53b-9d32e62f7772@localhost,AlwaysDefect,D,player_6dc01db8-56e6-4bf6-ab91-a4c670c4d4c0@localhost,TitForTat,D,1,1,228,218
220,player_ab4a5507-61fe-4ab8-a53b-9d32e62f7772@localhost,AlwaysDefect,D,player_6dc01db8-56e6-4bf6-ab91-a4c670c4d4c0@localhost,TitForTat,D,1,1,229,219
221,player_ab4a5507-61fe-4ab8-a53b-9d32e62f7772@localhost,AlwaysDefect,D,player_6dc01db8-56e6-4bf6-ab91-a4c670c4d4c0@localhost,TitForTat,D,1,1,230,220
222,player_ab4a5507-61fe-4ab8-a53b-9d32e62f7772@localhost,AlwaysDefect,D,player_6dc01db8-56e6-4bf6-ab91-a4c670c4d4c0@localhost,TitForTat,D,1,1,231,221
223,player_ab4a5507-61fe-4ab8-a53b-9d32e62f7772@localhost,AlwaysDefect,D,player_6dc01db8-56e6-4bf6-ab91-a4c670c4d4c0@localhost,TitForTat,D,1,1,232,222
224,player_ab4a5507-61fe-4ab8-a53b-9d32e62f7772@localhost,AlwaysDefect,D,player_6dc01db8-56e6-4bf6-ab91-a4c670c4d4c0@localhost,TitForTat,D,1,1,233,223
225,player_ab4a5507-61fe-4ab8-a53b-9d32e62f7772@localhost,AlwaysDefect,D,player_6dc01db8-56e6-4bf6-ab91-a4c670c4d4c0@localhost,TitForTat,D,1,1,234,224
226,player_ab4a5507-61fe-4ab8-a53b-9d32e62f7772@localhost,AlwaysDefect,D,player_6dc01db8-56e6-4bf6-ab91-a4c670c4d4c0@localhost,TitForTat,D,1,1,235,225
227,player_ab4a5507-61fe-4ab8-a53b-9d32e62f7772@localhost,AlwaysDefect,D,player_6dc01db8-56e6-4bf6-ab91-a4c670c4d4c0@localhost,TitForTat,D,1,1,236,226
228,player_ab4a5507-61fe-4ab8-a53b-9d32e62f7772@localhost,AlwaysDefect,D,player_6dc01db8-56e6-4bf6-ab91-a4c670c4d4c0@localhost,TitForTat,D,1,1,237,227
229,player_ab4a5507-61fe-4ab8-a53b-9d32e62f7772@localhost,AlwaysDefect,D,player_6dc01db8-56e6-4bf6-ab91-a4c670c4d4c0@localhost,TitForTat,D,1,1,238,228
230,player_ab4a5507-61fe-4ab8-a53b-9d32e62f7772@localhost,AlwaysDefect,D,player_6dc01db8-56e6-4bf6-ab91-a4c670c4d4c0@localhost,TitForTat,D,1,1,239,229
231,player_ab4a5507-61fe-4ab8-a53b-9d32e62f7772@localhost,AlwaysDefect,D,player_6dc01db8-56e6-4bf6-ab91-a4c670c4d4c0@localhost,TitForTat,D,1,1,240,230
232,player_ab4a5507-61fe-4ab8-a53b-9d32e62f7772@localhost,AlwaysDefect,D,player_6dc01db8-56e6-4bf6-ab91-a4c670c4d4c0@localhost,TitForTat,D,1,1,241,231
233,player_ab4a5507-61fe-4ab8-a53b-9d32e62f7772@localhost,AlwaysDefect,D,player_6dc01db8-56e6-4bf6-ab91-a4c670c4d4c0@localhost,TitForTat,D,1,1,242,232
234,player_ab4a5507-61fe-4ab8-a53b-9d32e62f7772@localhost,AlwaysDefect,D,player_6dc01db8-56e6-4bf6-ab91-a4c670c4d4c0@localhost,TitForTat,D,1,1,243,233
235,player_ab4a5507-61fe-4ab8-a53b-9d32e62f7772@localhost,AlwaysDefect,D,player_6dc01db8-56e6-4bf6-ab91-a4c670c4d4c0@localhost,TitForTat,D,1,1,244,234
236,player_ab4a5507-61fe-4ab8-a53b-9d32e62f7772@localhost,AlwaysDefect,D,player_6dc01db8-56e6-4bf6-ab91-a4c670c4d4c0@localhost,TitForTat,D,1,1,245,235
237,player_ab4a5507-61fe-4ab8-a53b-9d32e62f7772@localhost,AlwaysDefect,D,player_6dc01db8-56e6-4bf6-ab91-a4c670c4d4c0@localhost,TitForTat,D,1,1,246,236
238,player_ab4a5507-61fe-4ab8-a53b-9d32e62f7772@localhost,AlwaysDefect,D,player_6dc01db8-56e6-4bf6-ab91-a4c670c4d4c0@localhost,TitForTat,D,1,1,247,237
239,player_ab4a5507-61fe-4ab8-a53b-9d32e62f7772@localhost,AlwaysDefect,D,player_6dc01db8-56e6-4bf6-ab91-a4c670c4d4c0@localhost,TitForTat,D,1,1,248,238
240,player_ab4a5507-61fe-4ab8-a53b-9d32e62f7772@localhost,AlwaysDefect,D,player_6dc01db8-56e6-4bf6-ab91-a4c670c4d4c0@localhost,TitForTat,D,1,1,249,239
241,player_ab4a5507-61fe-4ab8-a53b-9d32e62f7772@localhost,AlwaysDefect,D,player_6dc01db8-56e6-4bf6-ab91-a4c670c4d4c0@localhost,TitForTat,D,1,1,250,240
242,player_ab4a5507-61fe-4ab8-a53b-9d32e62f7772@localhost,AlwaysDefect,D,player_6dc01db8-56e6-4bf6-ab91-a4c670c4d4c0@localhost,TitForTat,D,1,1,251,241
243,player_ab4a5507-61fe-4ab8-a53b-9d32e62f7772@localhost,AlwaysDefect,D,player_6dc01db8-56e6-4bf6-ab91-a4c670c4d4c0@localhost,TitForTat,D,1,1,252,242
244,player_ab4a5507-61fe-4ab8-a53b-9d32e62f7772@localhost,AlwaysDefect,D,player_6dc01db8-56e6-4bf6-ab91-a4c670c4d4c0@localhost,TitForTat,D,1,1,253,243
245,player_ab4a5507-61fe-4ab8-a53b-9d32e62f7772@localhost,AlwaysDefect,D,player_6dc01db8-56e6-4bf6-ab91-a4c670c4d4c0@localhost,TitForTat,D,1,1,254,244
246,player_ab4a5507-61fe-4ab8-a53b-9d32e62f7772@localhost,AlwaysDefect,D,player_6dc01db8-56e6-4bf6-ab91-a4c670c4d4c0@localhost,TitForTat,D,1,1,255,245
247,player_ab4a5507-61fe-4ab8-a53b-9d32e62f7772@localhost,AlwaysDefect,D,player_6dc01db8-56e6-4bf6-ab91-a4c670c4d4c0@localhost,TitForTat,D,1,1,256,246
248,player_ab4a5507-61fe-4ab8-a53b-9d32e62f7772@localhost,AlwaysDefect,D,player_6dc01db8-56e6-4bf6-ab91-a4c670c4d4c0@localhost,TitForTat,D,1,1,257,247
249,player_ab4a5507-61fe-4ab8-a53b-9d32e62f7772@localhost,AlwaysDefect,D,player_6dc01db8-56e6-4bf6-ab91-a4c670c4d4c0@localhost,TitForTat,D,1,1,258,248
250,player_ab4a5507-61fe-4ab8-a53b-9d32e62f7772@localhost,AlwaysDefect,D,player_6dc01db8-56e6-4bf6-ab91-a4c670c4d4c0@localhost,TitForTat,D,1,1,259,249
251,player_ab4a5507-61fe-4ab8-a53b-9d32e62f7772@localhost,AlwaysDefect,D,player_6dc01db8-56e6-4bf6-ab91-a4c670c4d4c0@localhost,TitForTat,D,1,1,260,250
252,player_ab4a5507-61fe-4ab8-a53b-9d32e62f7772@localhost,AlwaysDefect,D,player_6dc01db8-56e6-4bf6-ab91-a4c670c4d4c0@localhost,TitForTat,D,1,1,261,251
253,player_ab4a5507-61fe-4ab8-a53b-9d32e62f7772@localhost,AlwaysDefect,D,player_6dc01db8-56e6-4bf6-ab91-a4c670c4d4c0@localhost,TitForTat,D,1,1,262,252
254,player_ab4a5507-61fe-4ab8-a53b-9d32e62f7772@localhost,AlwaysDefect,D,player_6dc01db8-56e6-4bf6-ab91-a4c670c4d4c0@localhost,TitForTat,D,1,1,263,253
255,player_ab4a5507-61fe-4ab8-a53b-9d32e62f7772@localhost,AlwaysDefect,D,player_6dc01db8-56e6-4bf6-ab91-a4c670c4d4c0@localhost,TitForTat,D,1,1,264,254
256,player_ab4a5507-61fe-4ab8-a53b-9d32e62f7772@localhost,AlwaysDefect,D,player_6dc01db8-56e6-4bf6-ab91-a4c670c4d4c0@localhost,TitForTat,D,1,1,265,255
257,player_ab4a5507-61fe-4ab8-a53b-9d32e62f7772@localhost,AlwaysDefect,D,player_6dc01db8-56e6-4bf6-ab91-a4c670c4d4c0@localhost,TitForTat,D,1,1,266,256
258,player_ab4a5507-61fe-4ab8-a53b-9d32e62f7772@localhost,AlwaysDefect,D,player_6dc01db8-56e6-4bf6-ab91-a4c670c4d4c0@localhost,TitForTat,D,1,1,267,257
259,player_ab4a5507-61fe-4ab8-a53b-9d32e62f7772@localhost,AlwaysDefect,D,player_6dc01db8-56e6-4bf6-ab91-a4c670c4d4c0@localhost,TitForTat,D,1,1,268,258
260,player_ab4a5507-61fe-4ab8-a53b-9d32e62f7772@localhost,AlwaysDefect,D,player_6dc01db8-56e6-4bf6-ab91-a4c670c4d4c0@localhost,TitForTat,D,1,1,269,259
261,player_ab4a5507-61fe-4ab8-a53b-9d32e62f7772@localhost,AlwaysDefect,D,player_6dc01db8-56e6-4bf6-ab91-a4c670c4d4c0@localhost,TitForTat,D,1,1,270,260
262,player_ab4a5507-61fe-4ab8-a53b-9d32e62f7772@localhost,AlwaysDefect,D,player_6dc01db8-56e6-4bf6-ab91-a4c670c4d4c0@localhost,TitForTat,D,1,1,271,261
263,player_ab4a5507-61fe-4ab8-a53b-9d32e62f7772@localhost,AlwaysDefect,D,player_6dc01db8-56e6-4bf6-ab91-a4c670c4d4c0@localhost,TitForTat,D,1,1,272,262
264,player_ab4a5507-61fe-4ab8-a53b-9d32e62f7772@localhost,AlwaysDefect,D,player_6dc01db8-56e6-4bf6-ab91-a4c670c4d4c0@localhost,TitForTat,D,1,1,273,263
265,player_ab4a5507-61fe-4ab8-a53b-9d32e62f7772@localhost,AlwaysDefect,D,player_6dc01db8-56e6-4bf6-ab91-a4c670c4d4c0@localhost,TitForTat,D,1,1,274,264
266,player_ab4a5507-61fe-4ab8-a53b-9d32e62f7772@localhost,AlwaysDefect,D,player_6dc01db8-56e6-4bf6-ab91-a4c670c4d4c0@localhost,TitForTat,D,1,1,275,265
267,player_ab4a5507-61fe-4ab8-a53b-9d32e62f7772@localhost,AlwaysDefect,D,player_6dc01db8-56e6-4bf6-ab91-a4c670c4d4c0@localhost,TitForTat,D,1,1,276,266
268,player_ab4a5507-61fe-4ab8-a53b-9d32e62f7772@localhost,AlwaysDefect,D,player_6dc01db8-56e6-4bf6-ab91-a4c670c4d4c0@localhost,TitForTat,D,1,1,277,267
269,player_ab4a5507-61fe-4ab8-a53b-9d32e62f7772@localhost,AlwaysDefect,D,player_6dc01db8-56e6-4bf6-ab91-a4c670c4d4c0@localhost,TitForTat,D,1,1,278,268
270,player_ab4a5507-61fe-4ab8-a53b-9d32e62f7772@localhost,AlwaysDefect,D,player_6dc01db8-56e6-4bf6-ab91-a4c670c4d4c0@localhost,TitForTat,D,1,1,279,269
271,player_ab4a5507-61fe-4ab8-a53b-9d32e62f7772@localhost,AlwaysDefect,D,player_6dc01db8-56e6-4bf6-ab91-a4c670c4d4c0@localhost,TitForTat,D,1,1,280,270
272,player_ab4a5507-61fe-4ab8-a53b-9d32e62f7772@localhost,AlwaysDefect,D,player_6dc01db8-56e6-4bf6-ab91-a4c670c4d4c0@localhost,TitForTat,D,1,1,281,271
273,player_ab4a5507-61fe-4ab8-a53b-9d32e62f7772@localhost,AlwaysDefect,D,player_6dc01db8-56e6-4bf6-ab91-a4c670c4d4c0@localhost,TitForTat,D,1,1,282,272
274,player_ab4a5507-61fe-4ab8-a53b-9d32e62f7772@localhost,AlwaysDefect,D,player_6dc01db8-56e6-4bf6-ab91-a4c670c4d4c0@localhost,TitForTat,D,1,1,283,273
275,player_ab4a5507-61fe-4ab8-a53b-9d32e62f7772@localhost,AlwaysDefect,D,player_6dc01db8-56e6-4bf6-ab91-a4c670c4d4c0@localhost,TitForTat,D,1,1,284,274
276,player_ab4a5507-61fe-4ab8-a53b-9d32e62f7772@localhost,AlwaysDefect,D,player_6dc01db8-56e6-4bf6-ab91-a4c670c4d4c0@localhost,TitForTat,D,1,1,285,275
277,player_ab4a5507-61fe-4ab8-a53b-9d32e62f7772@localhost,AlwaysDefect,D,player_6dc01db8-56e6-4bf6-ab91-a4c670c4d4c0@localhost,TitForTat,D,1,1,286,276
278,player_ab4a5507-61fe-4ab8-a53b-9d32e62f7772@localhost,AlwaysDefect,D,player_6dc01db8-56e6-4bf6-ab91-a4c670c4d4c0@localhost,TitForTat,D,1,1,287,277
279,player_ab4a5507-61fe-4ab8-a53b-9d32e62f7772@localhost,AlwaysDefect,D,player_6dc01db8-56e6-4bf6-ab91-a4c670c4d4c0@localhost,TitForTat,D,1,1,288,278
280,player_ab4a5507-61fe-4ab8-a53b-9d32e62f7772@localhost,AlwaysDefect,D,player_6dc01db8-56e6-4bf6-ab91-a4c670c4d4c0@localhost,TitForTat,D,1,1,289,279
281,player_ab4a5507-61fe-4ab8-a53b-9d32e62f7772@localhost,AlwaysDefect,D,player_6dc01db8-56e6-4bf6-ab91-a4c670c4d4c0@localhost,TitForTat,D,1,1,290,280
282,player_ab4a5507-61fe-4ab8-a53b-9d32e62f7772@localhost,AlwaysDefect,D,player_6dc01db8-56e6-4bf6-ab91-a4c670c4d4c0@localhost,TitForTat,D,1,1,291,281
283,player_ab4a5507-61fe-4ab8-a53b-9d32e62f7772@localhost,AlwaysDefect,D,player_6dc01db8-56e6-4bf6-ab91-a4c670c4d4c0@localhost,TitForTat,D,1,1,292,282
284,player_ab4a5507-61fe-4ab8-a53b-9d32e62f7772@localhost,AlwaysDefect,D,player_6dc01db8-56e6-4bf6-ab91-a4c670c4d4c0@localhost,TitForTat,D,1,1,293,283
285,player_ab4a5507-61fe-4ab8-a53b-9d32e62f7772@localhost,AlwaysDefect,D,player_6dc01db8-56e6-4bf6-ab91-a4c670c4d4c0@localhost,TitForTat,D,1,1,294,284
286,player_ab4a5507-61fe-4ab8-a53b-9d32e62f7772@localhost,AlwaysDefect,D,player_6dc01db8-56e6-4bf6-ab91-a4c670c4d4c0@localhost,TitForTat,D,1,1,295,285
287,player_ab4a5507-61fe-4ab8-a53b-9d32e62f7772@localhost,AlwaysDefect,D,player_6dc01db8-56e6-4bf6-ab91-a4c670c4d4c0@localhost,TitForTat,D,1,1,296,286
288,player_ab4a5507-61fe-4ab8-a53b-9d32e62f7772@localhost,AlwaysDefect,D,player_6dc01db8-56e6-4bf6-ab91-a4c670c4d4c0@localhost,TitForTat,D,1,1,297,287
289,player_ab4a5507-61fe-4ab8-a53b-9d32e62f7772@localhost,AlwaysDefect,D,player_6dc01db8-56e6-4bf6-ab91-a4c670c4d4c0@localhost,TitForTat,D,1,1,298,288
290,player_ab4a5507-61fe-4ab8-a53b-9d32e62f7772@localhost,AlwaysDefect,D,player_6dc01db8-56e6-4bf6-ab91-a4c670c4d4c0@localhost,TitForTat,D,1,1,299,289
291,player_ab4a5507-61fe-4ab8-a53b-9d32e62f7772@localhost,AlwaysDefect,D,player_6dc01db8-56e6-4bf6-ab91-a4c670c4d4c0@localhost,TitForTat,D,1,1,300,290
292,player_ab4a5507-61fe-4ab8-a53b-9d32e62f7772@localhost,AlwaysDefect,D,player_6dc01db8-56e6-4bf6-ab91-a4c670c4d4c0@localhost,TitForTat,D,1,1,301,291
293,player_ab4a5507-61fe-4ab8-a53b-9d32e62f7772@localhost,AlwaysDefect,D,player_6dc01db8-56e6-4bf6-ab91-a4c670c4d4c0@localhost,TitForTat,D,1,1,302,292
294,player_ab4a5507-61fe-4ab8-a53b-9d32e62f7772@localhost,AlwaysDefect,D,player_6dc01db8-56e6-4bf6-ab91-a4c670c4d4c0@localhost,TitForTat,D,1,1,303,293
295,player_ab4a5507-61fe-4ab8-a53b-9d32e62f7772@localhost,AlwaysDefect,D,player_6dc01db8-56e6-4bf6-ab91-a4c670c4d4c0@localhost,TitForTat,D,1,1,304,294
296,player_ab4a5507-61fe-4ab8-a53b-9d32e62f7772@localhost,AlwaysDefect,D,player_6dc01db8-56e6-4bf6-ab91-a4c670c4d4c0@localhost,TitForTat,D,1,1,305,295
297,player_ab4a5507-61fe-4ab8-a53b-9d32e62f7772@localhost,AlwaysDefect,D,player_6dc01db8-56e6-4bf6-ab91-a4c670c4d4c0@localhost,TitForTat,D,1,1,306,296
298,player_ab4a5507-61fe-4ab8-a53b-9d32e62f7772@localhost,AlwaysDefect,D,player_6dc01db8-56e6-4bf6-ab91-a4c670c4d4c0@localhost,TitForTat,D,1,1,307,297
299,player_ab4a5507-61fe-4ab8-a53b-9d32e62f7772@localhost,AlwaysDefect,D,player_6dc01db8-56e6-4bf6-ab91-a4c670c4d4c0@localhost,TitForTat,D,1,1,308,298
300,player_ab4a5507-61fe-4ab8-a53b-9d32e62f7772@localhost,AlwaysDefect,D,player_6dc01db8-56e6-4bf6-ab91-a4c670c4d4c0@localhost,TitForTat,D,1,1,309,299
301,player_ab4a5507-61fe-4ab8-a53b-9d32e62f7772@localhost,AlwaysDefect,D,player_6dc01db8-56e6-4bf6-ab91-a4c670c4d4c0@localhost,TitForTat,D,1,1,310,300
302,player_ab4a5507-61fe-4ab8-a53b-9d32e62f7772@localhost,AlwaysDefect,D,player_6dc01db8-56e6-4bf6-ab91-a4c670c4d4c0@localhost,TitForTat,D,1,1,311,301
303,player_ab4a5507-61fe-4ab8-a53b-9d32e62f7772@localhost,AlwaysDefect,D,player_6dc01db8-56e6-4bf6-ab91-a4c670c4d4c0@localhost,TitForTat,D,1,1,312,302
304,player_ab4a5507-61fe-4ab8-a53b-9d32e62f7772@localhost,AlwaysDefect,D,player_6dc01db8-56e6-4bf6-ab91-a4c670c4d4c0@localhost,TitForTat,D,1,1,313,303
305,player_ab4a5507-61fe-4ab8-a53b-9d32e62f7772@localhost,AlwaysDefect,D,player_6dc01db8-56e6-4bf6-ab91-a4c670c4d4c0@localhost,TitForTat,D,1,1,314,304
306,player_ab4a5507-61fe-4ab8-a53b-9d32e62f7772@localhost,AlwaysDefect,D,player_6dc01db8-56e6-4bf6-ab91-a4c670c4d4c0@localhost,TitForTat,D,1,1,315,305
307,player_ab4a5507-61fe-4ab8-a53b-9d32e62f7772@localhost,AlwaysDefect,D,player_6dc01db8-56e6-4bf6-ab91-a4c670c4d4c0@localhost,TitForTat,D,1,1,316,306
308,player_ab4a5507-61fe-4ab8-a53b-9d32e62f7772@localhost,AlwaysDefect,D,player_6dc01db8-56e6-4bf6-ab91-a4c670c4d4c0@localhost,TitForTat,D,1,1,317,307
309,player_ab4a5507-61fe-4ab8-a53b-9d32e62f7772@localhost,AlwaysDefect,D,player_6dc01db8-56e6-4bf6-ab91-a4c670c4d4c0@localhost,TitForTat,D,1,1,318,308
310,player_ab4a5507-61fe-4ab8-a53b-9d32e62f7772@localhost,AlwaysDefect,D,player_6dc01db8-56e6-4bf6-ab91-a4c670c4d4c0@localhost,TitForTat,D,1,1,319,309
311,player_ab4a5507-61fe-4ab8-a53b-9d32e62f7772@localhost,AlwaysDefect,D,player_6dc01db8-56e6-4bf6-ab91-a4c670c4d4c0@localhost,TitForTat,D,1,1,320,310
312,player_ab4a5507-61fe-4ab8-a53b-9d32e62f7772@localhost,AlwaysDefect,D,player_6dc01db8-56e6-4bf6-ab91-a4c670c4d4c0@localhost,TitForTat,D,1,1,321,311
313,player_ab4a5507-61fe-4ab8-a53b-9d32e62f7772@localhost,AlwaysDefect,D,player_6dc01db8-56e6-4bf6-ab91-a4c670c4d4c0@localhost,TitForTat,D,1,1,322,312
314,player_ab4a5507-61fe-4ab8-a53b-9d32e62f7772@localhost,AlwaysDefect,D,player_6dc01db8-56e6-4bf6-ab91-a4c670c4d4c0@localhost,TitForTat,D,1,1,323,313
315,player_ab4a5507-61fe-4ab8-a53b-9d32e62f7772@localhost,AlwaysDefect,D,player_6dc01db8-56e6-4bf6-ab91-a4c670c4d4c0@localhost,TitForTat,D,1,1,324,314
316,player_ab4a5507-61fe-4ab8-a53b-9d32e62f7772@localhost,AlwaysDefect,D,player_6dc01db8-56e6-4bf6-ab91-a4c670c4d4c0@localhost,TitForTat,D,1,1,325,315
317,player_ab4a5507-61fe-4ab8-a53b-9d32e62f7772@localhost,AlwaysDefect,D,player_6dc01db8-56e6-4bf6-ab91-a4c670c4d4c0@localhost,TitForTat,D,1,1,326,316
318,player_ab4a5507-61fe-4ab8-a53b-9d32e62f7772@localhost,AlwaysDefect,D,player_6dc01db8-56e6-4bf6-ab91-a4c670c4d4c0@localhost,TitForTat,D,1,1,327,317
319,player_ab4a5507-61fe-4ab8-a53b-9d32e62f7772@localhost,AlwaysDefect,D,player_6dc01db8-56e6-4bf6-ab91-a4c670c4d4c0@localhost,TitForTat,D,1,1,328,318
320,player_ab4a5507-61fe-4ab8-a53b-9d32e62f7772@localhost,AlwaysDefect,D,player_6dc01db8-56e6-4bf6-ab91-a4c670c4d4c0@localhost,TitForTat,D,1,1,329,319
321,player_ab4a5507-61fe-4ab8-a53b-9d32e62f7772@localhost,AlwaysDefect,D,player_6dc01db8-56e6-4bf6-ab91-a4c670c4d4c0@localhost,TitForTat,D,1,1,330,320
322,player_ab4a5507-61fe-4ab8-a53b-9d32e62f7772@localhost,AlwaysDefect,D,player_6dc01db8-56e6-4bf6-ab91-a4c670c4d4c0@localhost,TitForTat,D,1,1,331,321
323,player_ab4a5507-61fe-4ab8-a53b-9d32e62f7772@localhost,AlwaysDefect,D,player_6dc01db8-56e6-4bf6-ab91-a4c670c4d4c0@localhost,TitForTat,D,1,1,332,322
324,player_ab4a5507-61fe-4ab8-a53b-9d32e62f7772@localhost,AlwaysDefect,D,player_6dc01db8-56e6-4bf6-ab91-a4c670c4d4c0@localhost,TitForTat,D,1,1,333,323
325,player_ab4a5507-61fe-4ab8-a53b-9d32e62f7772@localhost,AlwaysDefect,D,player_6dc01db8-56e6-4bf6-ab91-a4c670c4d4c0@localhost,TitForTat,D,1,1,334,324
326,player_ab4a5507-61fe-4ab8-a53b-9d32e62f7772@localhost,AlwaysDefect,D,player_6dc01db8-56e6-4bf6-ab91-a4c670c4d4c0@localhost,TitForTat,D,1,1,335,325
327,player_ab4a5507-61fe-4ab8-a53b-9d32e62f7772@localhost,AlwaysDefect,D,player_6dc01db8-56e6-4bf6-ab91-a4c670c4d4c0@localhost,TitForTat,D,1,1,336,326
328,player_ab4a5507-61fe-4ab8-a53b-9d32e62f7772@localhost,AlwaysDefect,D,player_6dc01db8-56e6-4bf6-ab91-a4c670c4d4c0@localhost,TitForTat,D,1,1,337,327
329,player_ab4a5507-61fe-4ab8-a53b-9d32e62f7772@localhost,AlwaysDefect,D,player_6dc01db8-56e6-4bf6-ab91-a4c670c4d4c0@localhost,TitForTat,D,1,1,338,328
330,player_ab4a5507-61fe-4ab8-a53b-9d32e62f7772@localhost,AlwaysDefect,D,player_6dc01db8-56e6-4bf6-ab91-a4c670c4d4c0@localhost,TitForTat,D,1,1,339,329
331,player_ab4a5507-61fe-4ab8-a53b-9d32e62f7772@localhost,AlwaysDefect,D,player_6dc01db8-56e6-4bf6-ab91-a4c670c4d4c0@localhost,TitForTat,D,1,1,340,330
332,player_ab4a5507-61fe-4ab8-a53b-9d32e62f7772@localhost,AlwaysDefect,D,player_6dc01db8-56e6-4bf6-ab91-a4c670c4d4c0@localhost,TitForTat,D,1,1,341,331
333,player_ab4a5507-61fe-4ab8-a53b-9d32e62f7772@localhost,AlwaysDefect,D,player_6dc01db8-56e6-4bf6-ab91-a4c670c4d4c0@localhost,TitForTat,D,1,1,342,332
334,player_ab4a5507-61fe-4ab8-a53b-9d32e62f7772@localhost,AlwaysDefect,D,player_6dc01db8-56e6-4bf6-ab91-a4c670c4d4c0@localhost,TitForTat,D,1,1,343,333
335,player_ab4a5507-61fe-4ab8-a53b-9d32e62f7772@localhost,AlwaysDefect,D,player_6dc01db8-56e6-4bf6-ab91-a4c670c4d4c0@localhost,TitForTat,D,1,1,344,334
336,player_ab4a5507-61fe-4ab8-a53b-9d32e62f7772@localhost,AlwaysDefect,D,player_6dc01db8-56e6-4bf6-ab91-a4c670c4d4c0@localhost,TitForTat,D,1,1,345,335
337,player_ab4a5507-61fe-4ab8-a53b-9d32e62f7772@localhost,AlwaysDefect,D,player_6dc01db8-56e6-4bf6-ab91-a4c670c4d4c0@localhost,TitForTat,D,1,1,346,336
338,player_ab4a5507-61fe-4ab8-a53b-9d32e62f7772@localhost,AlwaysDefect,D,player_6dc01db8-56e6-4bf6-ab91-a4c670c4d4c0@localhost,TitForTat,D,1,1,347,337
339,player_ab4a5507-61fe-4ab8-a53b-9d32e62f7772@localhost,AlwaysDefect,D,player_6dc01db8-56e6-4bf6-ab91-a4c670c4d4c0@localhost,TitForTat,D,1,1,348,338
340,player_ab4a5507-61fe-4ab8-a53b-9d32e62f7772@localhost,AlwaysDefect,D,player_6dc01db8-56e6-4bf6-ab91-a4c670c4d4c0@localhost,TitForTat,D,1,1,349,339
341,player_ab4a5507-61fe-4ab8-a53b-9d32e62f7772@localhost,AlwaysDefect,D,player_6dc01db8-56e6-4bf6-ab91-a4c670c4d4c0@localhost,TitForTat,D,1,1,350,340
342,player_ab4a5507-61fe-4ab8-a53b-9d32e62f7772@localhost,AlwaysDefect,D,player_6dc01db8-56e6-4bf6-ab91-a4c670c4d4c0@localhost,TitForTat,D,1,1,351,341
343,player_ab4a5507-61fe-4ab8-a53b-9d32e62f7772@localhost,AlwaysDefect,D,player_6dc01db8-56e6-4bf6-ab91-a4c670c4d4c0@localhost,TitForTat,D,1,1,352,342
344,player_ab4a5507-61fe-4ab8-a53b-9d32e62f7772@localhost,AlwaysDefect,D,player_6dc01db8-56e6-4bf6-ab91-a4c670c4d4c0@localhost,TitForTat,D,1,1,353,343
345,player_ab4a5507-61fe-4ab8-a53b-9d32e62f7772@localhost,AlwaysDefect,D,player_6dc01db8-56e6-4bf6-ab91-a4c670c4d4c0@localhost,TitForTat,D,1,1,354,344
346,player_ab4a5507-61fe-4ab8-a53b-9d32e62f7772@localhost,AlwaysDefect,D,player_6dc01db8-56e6-4bf6-ab91-a4c670c4d4c0@localhost,TitForTat,D,1,1,355,345
347,player_ab4a5507-61fe-4ab8-a53b-9d32e62f7772@localhost,AlwaysDefect,D,player_6dc01db8-56e6-4bf6-ab91-a4c670c4d4c0@localhost,TitForTat,D,1,1,356,346
348,player_ab4a5507-61fe-4ab8-a53b-9d32e62f7772@localhost,AlwaysDefect,D,player_6dc01db8-56e6-4bf6-ab91-a4c670c4d4c0@localhost,TitForTat,D,1,1,357,347
349,player_ab4a5507-61fe-4ab8-a53b-9d32e62f7772@localhost,AlwaysDefect,D,player_6dc01db8-56e6-4bf6-ab91-a4c670c4d4c0@localhost,TitForTat,D,1,1,358,348
350,player_ab4a5507-61fe-4ab8-a53b-9d32e62f7772@localhost,AlwaysDefect,D,player_6dc01db8-56e6-4bf6-ab91-a4c670c4d4c0@localhost,TitForTat,D,1,1,359,349
351,player_ab4a5507-61fe-4ab8-a53b-9d32e62f7772@localhost,AlwaysDefect,D,player_6dc01db8-56e6-4bf6-ab91-a4c670c4d4c0@localhost,TitForTat,D,1,1,360,350
352,player_ab4a5507-61fe-4ab8-a53b-9d32e62f7772@localhost,AlwaysDefect,D,player_6dc01db8-56e6-4bf6-ab91-a4c670c4d4c0@localhost,TitForTat,D,1,1,361,351
353,player_ab4a5507-61fe-4ab8-a53b-9d32e62f7772@localhost,AlwaysDefect,D,player_6dc01db8-56e6-4bf6-ab91-a4c670c4d4c0@localhost,TitForTat,D,1,1,362,352
354,player_ab4a5507-61fe-4ab8-a53b-9d32e62f7772@localhost,AlwaysDefect,D,player_6dc01db8-56e6-4bf6-ab91-a4c670c4d4c0@localhost,TitForTat,D,1,1,363,353
355,player_ab4a5507-61fe-4ab8-a53b-9d32e62f7772@localhost,AlwaysDefect,D,player_6dc01db8-56e6-4bf6-ab91-a4c670c4d4c0@localhost,TitForTat,D,1,1,364,354
356,player_ab4a5507-61fe-4ab8-a53b-9d32e62f7772@localhost,AlwaysDefect,D,player_6dc01db8-56e6-4bf6-ab91-a4c670c4d4c0@localhost,TitForTat,D,1,1,365,355
357,player_ab4a5507-61fe-4ab8-a53b-9d32e62f7772@localhost,AlwaysDefect,D,player_6dc01db8-56e6-4bf6-ab91-a4c670c4d4c0@localhost,TitForTat,D,1,1,366,356
358,player_ab4a5507-61fe-4ab8-a53b-9d32e62f7772@localhost,AlwaysDefect,D,player_6dc01db8-56e6-4bf6-ab91-a4c670c4d4c0@localhost,TitForTat,D,1,1,367,357
359,player_ab4a5507-61fe-4ab8-a53b-9d32e62f7772@localhost,AlwaysDefect,D,player_6dc01db8-56e6-4bf6-ab91-a4c670c4d4c0@localhost,TitForTat,D,1,1,368,358
360,player_ab4a5507-61fe-4ab8-a53b-9d32e62f7772@localhost,AlwaysDefect,D,player_6dc01db8-56e6-4bf6-ab91-a4c670c4d4c0@localhost,TitForTat,D,1,1,369,359
361,player_ab4a5507-61fe-4ab8-a53b-9d32e62f7772@localhost,AlwaysDefect,D,player_6dc01db8-56e6-4bf6-ab91-a4c670c4d4c0@localhost,TitForTat,D,1,1,370,360
362,player_ab4a5507-61fe-4ab8-a53b-9d32e62f7772@localhost,AlwaysDefect,D,player_6dc01db8-56e6-4bf6-ab91-a4c670c4d4c0@localhost,TitForTat,D,1,1,371,361
363,player_ab4a5507-61fe-4ab8-a53b-9d32e62f7772@localhost,AlwaysDefect,D,player_6dc01db8-56e6-4bf6-ab91-a4c670c4d4c0@localhost,TitForTat,D,1,1,372,362
364,player_ab4a5507-61fe-4ab8-a53b-9d32e62f7772@localhost,AlwaysDefect,D,player_6dc01db8-56e6-4bf6-ab91-a4c670c4d4c0@localhost,TitForTat,D,1,1,373,363
365,player_ab4a5507-61fe-4ab8-a53b-9d32e62f7772@localhost,AlwaysDefect,D,player_6dc01db8-56e6-4bf6-ab91-a4c670c4d4c0@localhost,TitForTat,D,1,1,374,364
366,player_ab4a5507-61fe-4ab8-a53b-9d32e62f7772@localhost,AlwaysDefect,D,player_6dc01db8-56e6-4bf6-ab91-a4c670c4d4c0@localhost,TitForTat,D,1,1,375,365
367,player_ab4a5507-61fe-4ab8-a53b-9d32e62f7772@localhost,AlwaysDefect,D,player_6dc01db8-56e6-4bf6-ab91-a4c670c4d4c0@localhost,TitForTat,D,1,1,376,366
368,player_ab4a5507-61fe-4ab8-a53b-9d32e62f7772@localhost,AlwaysDefect,D,player_6dc01db8-56e6-4bf6-ab91-a4c670c4d4c0@localhost,TitForTat,D,1,1,377,367
369,player_ab4a5507-61fe-4ab8-a53b-9d32e62f7772@localhost,AlwaysDefect,D,player_6dc01db8-56e6-4bf6-ab91-a4c670c4d4c0@localhost,TitForTat,D,1,1,378,368
370,player_ab4a5507-61fe-4ab8-a53b-9d32e62f7772@localhost,AlwaysDefect,D,player_6dc01db8-56e6-4bf6-ab91-a4c670c4d4c0@localhost,TitForTat,D,1,1,379,369
371,player_ab4a5507-61fe-4ab8-a53b-9d32e62f7772@localhost,AlwaysDefect,D,player_6dc01db8-56e6-4bf6-ab91-a4c670c4d4c0@localhost,TitForTat,D,1,1,380,370
372,player_ab4a5507-61fe-4ab8-a53b-9d32e62f7772@localhost,AlwaysDefect,D,player_6dc01db8-56e6-4bf6-ab91-a4c670c4d4c0@localhost,TitForTat,D,1,1,381,371
373,player_ab4a5507-61fe-4ab8-a53b-9d32e62f7772@localhost,AlwaysDefect,D,player_6dc01db8-56e6-4bf6-ab91-a4c670c4d4c0@localhost,TitForTat,D,1,1,382,372
374,player_ab4a5507-61fe-4ab8-a53b-9d32e62f7772@localhost,AlwaysDefect,D,player_6dc01db8-56e6-4bf6-ab91-a4c670c4d4c0@localhost,TitForTat,D,1,1,383,373
375,player_ab4a5507-61fe-4ab8-a53b-9d32e62f7772@localhost,AlwaysDefect,D,player_6dc01db8-56e6-4bf6-ab91-a4c670c4d4c0@localhost,TitForTat,D,1,1,384,374
376,player_ab4a5507-61fe-4ab8-a53b-9d32e62f7772@localhost,AlwaysDefect,D,player_6dc01db8-56e6-4bf6-ab91-a4c670c4d4c0@localhost,TitForTat,D,1,1,385,375
377,player_ab4a5507-61fe-4ab8-a53b-9d32e62f7772@localhost,AlwaysDefect,D,player_6dc01db8-56e6-4bf6-ab91-a4c670c4d4c0@localhost,TitForTat,D,1,1,386,376
378,player_ab4a5507-61fe-4ab8-a53b-9d32e62f7772@localhost,AlwaysDefect,D,player_6dc01db8-56e6-4bf6-ab91-a4c670c4d4c0@localhost,TitForTat,D,1,1,387,377
379,player_ab4a5507-61fe-4ab8-a53b-9d32e62f7772@localhost,AlwaysDefect,D,player_6dc01db8-56e6-4bf6-ab91-a4c670c4d4c0@localhost,TitForTat,D,1,1,388,378
380,player_ab4a5507-61fe-4ab8-a53b-9d32e62f7772@localhost,AlwaysDefect,D,player_6dc01db8-56e6-4bf6-ab91-a4c670c4d4c0@localhost,TitForTat,D,1,1,389,379
381,player_ab4a5507-61fe-4ab8-a53b-9d32e62f7772@localhost,AlwaysDefect,D,player_6dc01db8-56e6-4bf6-ab91-a4c670c4d4c0@localhost,TitForTat,D,1,1,390,380
382,player_ab4a5507-61fe-4ab8-a53b-9d32e62f7772@localhost,AlwaysDefect,D,player_6dc01db8-56e6-4bf6-ab91-a4c670c4d4c0@localhost,TitForTat,D,1,1,391,381
383,player_ab4a5507-61fe-4ab8-a53b-9d32e62f7772@localhost,AlwaysDefect,D,player_6dc01db8-56e6-4bf6-ab91-a4c670c4d4c0@localhost,TitForTat,D,1,1,392,382
384,player_ab4a5507-61fe-4ab8-a53b-9d32e62f7772@localhost,AlwaysDefect,D,player_6dc01db8-56e6-4bf6-ab91-a4c670c4d4c0@localhost,TitForTat,D,1,1,393,383
385,player_ab4a5507-61fe-4ab8-a53b-9d32e62f7772@localhost,AlwaysDefect,D,player_6dc01db8-56e6-4bf6-ab91-a4c670c4d4c0@localhost,TitForTat,D,1,1,394,384
386,player_ab4a5507-61fe-4ab8-a53b-9d32e62f7772@localhost,AlwaysDefect,D,player_6dc01db8-56e6-4bf6-ab91-a4c670c4d4c0@localhost,TitForTat,D,1,1,395,385
387,player_ab4a5507-61fe-4ab8-a53b-9d32e62f7772@localhost,AlwaysDefect,D,player_6dc01db8-56e6-4bf6-ab91-a4c670c4d4c0@localhost,TitForTat,D,1,1,396,386
388,player_ab4a5507-61fe-4ab8-a53b-9d32e62f7772@localhost,AlwaysDefect,D,player_6dc01db8-56e6-4bf6-ab91-a4c670c4d4c0@localhost,TitForTat,D,1,1,397,387
389,player_ab4a5507-61fe-4ab8-a53b-9d32e62f7772@localhost,AlwaysDefect,D,player_6dc01db8-56e6-4bf6-ab91-a4c670c4d4c0@localhost,TitForTat,D,1,1,398,388
390,player_ab4a5507-61fe-4ab8-a53b-9d32e62f7772@localhost,AlwaysDefect,D,player_6dc01db8-56e6-4bf6-ab91-a4c670c4d4c0@localhost,TitForTat,D,1,1,399,389
391,player_ab4a5507-61fe-4ab8-a53b-9d32e62f7772@localhost,AlwaysDefect,D,player_6dc01db8-56e6-4bf6-ab91-a4c670c4d4c0@localhost,TitForTat,D,1,1,400,390
392,player_ab4a5507-61fe-4ab8-a53b-9d32e62f7772@localhost,AlwaysDefect,D,player_6dc01db8-56e6-4bf6-ab91-a4c670c4d4c0@localhost,TitForTat,D,1,1,401,391
393,player_ab4a5507-61fe-4ab8-a53b-9d32e62f7772@localhost,AlwaysDefect,D,player_6dc01db8-56e6-4bf6-ab91-a4c670c4d4c0@localhost,TitForTat,D,1,1,402,392
394,player_ab4a5507-61fe-4ab8-a53b-9d32e62f7772@localhost,AlwaysDefect,D,player_6dc01db8-56e6-4bf6-ab91-a4c670c4d4c0@localhost,TitForTat,D,1,1,403,393
395,player_ab4a5507-61fe-4ab8-a53b-9d32e62f7772@localhost,AlwaysDefect,D,player_6dc01db8-56e6-4bf6-ab91-a4c670c4d4c0@localhost,TitForTat,D,1,1,404,394
396,player_ab4a5507-61fe-4ab8-a53b-9d32e62f7772@localhost,AlwaysDefect,D,player_6dc01db8-56e6-4bf6-ab91-a4c670c4d4c0@localhost,TitForTat,D,1,1,405,395
397,player_ab4a5507-61fe-4ab8-a53b-9d32e62f7772@localhost,AlwaysDefect,D,player_6dc01db8-56e6-4bf6-ab91-a4c670c4d4c0@localhost,TitForTat,D,1,1,406,396
398,player_ab4a5507-61fe-4ab8-a53b-9d32e62f7772@localhost,AlwaysDefect,D,player_6dc01db8-56e6-4bf6-ab91-a4c670c4d4c0@localhost,TitForTat,D,1,1,407,397
399,player_ab4a5507-61fe-4ab8-a53b-9d32e62f7772@localhost,AlwaysDefect,D,player_6dc01db8-56e6-4bf6-ab91-a4c670c4d4c0@localhost,TitForTat,D,1,1,408,398
400,player_ab4a5507-61fe-4ab8-a53b-9d32e62f7772@localhost,AlwaysDefect,D,player_6dc01db8-56e6-4bf6-ab91-a4c670c4d4c0@localhost,TitForTat,D,1,1,409,399
401,player_ab4a5507-61fe-4ab8-a53b-9d32e62f7772@localhost,AlwaysDefect,D,player_6dc01db8-56e6-4bf6-ab91-a4c670c4d4c0@localhost,TitForTat,D,1,1,410,400
402,player_ab4a5507-61fe-4ab8-a53b-9d32e62f7772@localhost,AlwaysDefect,D,player_6dc01db8-56e6-4bf6-ab91-a4c670c4d4c0@localhost,TitForTat,D,1,1,411,401
403,player_ab4a5507-61fe-4ab8-a53b-9d32e62f7772@localhost,AlwaysDefect,D,player_6dc01db8-56e6-4bf6-ab91-a4c670c4d4c0@localhost,TitForTat,D,1,1,412,402
404,player_ab4a5507-61fe-4ab8-a53b-9d32e62f7772@localhost,AlwaysDefect,D,player_6dc01db8-56e6-4bf6-ab91-a4c670c4d4c0@localhost,TitForTat,D,1,1,413,403
405,player_ab4a5507-61fe-4ab8-a53b-9d32e62f7772@localhost,AlwaysDefect,D,player_6dc01db8-56e6-4bf6-ab91-a4c670c4d4c0@localhost,TitForTat,D,1,1,414,404
406,player_ab4a5507-61fe-4ab8-a53b-9d32e62f7772@localhost,AlwaysDefect,D,player_6dc01db8-56e6-4bf6-ab91-a4c670c4d4c0@localhost,TitForTat,D,1,1,415,405
407,player_ab4a5507-61fe-4ab8-a53b-9d32e62f7772@localhost,AlwaysDefect,D,player_6dc01db8-56e6-4bf6-ab91-a4c670c4d4c0@localhost,TitForTat,D,1,1,416,406
408,player_ab4a5507-61fe-4ab8-a53b-9d32e62f7772@localhost,AlwaysDefect,D,player_6dc01db8-56e6-4bf6-ab91-a4c670c4d4c0@localhost,TitForTat,D,1,1,417,407
409,player_ab4a5507-61fe-4ab8-a53b-9d32e62f7772@localhost,AlwaysDefect,D,player_6dc01db8-56e6-4bf6-ab91-a4c670c4d4c0@localhost,TitForTat,D,1,1,418,408
410,player_ab4a5507-61fe-4ab8-a53b-9d32e62f7772@localhost,AlwaysDefect,D,player_6dc01db8-56e6-4bf6-ab91-a4c670c4d4c0@localhost,TitForTat,D,1,1,419,409
411,player_ab4a5507-61fe-4ab8-a53b-9d32e62f7772@localhost,AlwaysDefect,D,player_6dc01db8-56e6-4bf6-ab91-a4c670c4d4c0@localhost,TitForTat,D,1,1,420,410
412,player_ab4a5507-61fe-4ab8-a53b-9d32e62f7772@localhost,AlwaysDefect,D,player_6dc01db8-56e6-4bf6-ab91-a4c670c4d4c0@localhost,TitForTat,D,1,1,421,411
413,player_ab4a5507-61fe-4ab8-a53b-9d32e62f7772@localhost,AlwaysDefect,D,player_6dc01db8-56e6-4bf6-ab91-a4c670c4d4c0@localhost,TitForTat,D,1,1,422,412
414,player_ab4a5507-61fe-4ab8-a53b-9d32e62f7772@localhost,AlwaysDefect,D,player_6dc01db8-56e6-4bf6-ab91-a4c670c4d4c0@localhost,TitForTat,D,1,1,423,413
415,player_ab4a5507-61fe-4ab8-a53b-9d32e62f7772@localhost,AlwaysDefect,D,player_6dc01db8-56e6-4bf6-ab91-a4c670c4d4c0@localhost,TitForTat,D,1,1,424,414
416,player_ab4a5507-61fe-4ab8-a53b-9d32e62f7772@localhost,AlwaysDefect,D,player_6dc01db8-56e6-4bf6-ab91-a4c670c4d4c0@localhost,TitForTat,D,1,1,425,415
417,player_ab4a5507-61fe-4ab8-a53b-9d32e62f7772@localhost,AlwaysDefect,D,player_6dc01db8-56e6-4bf6-ab91-a4c670c4d4c0@localhost,TitForTat,D,1,1,426,416
418,player_ab4a5507-61fe-4ab8-a53b-9d32e62f7772@localhost,AlwaysDefect,D,player_6dc01db8-56e6-4bf6-ab91-a4c670c4d4c0@localhost,TitForTat,D,1,1,427,417
419,player_ab4a5507-61fe-4ab8-a53b-9d32e62f7772@localhost,AlwaysDefect,D,player_6dc01db8-56e6-4bf6-ab91-a4c670c4d4c0@localhost,TitForTat,D,1,1,428,418
420,player_ab4a5507-61fe-4ab8-a53b-9d32e62f7772@localhost,AlwaysDefect,D,player_6dc01db8-56e6-4bf6-ab91-a4c670c4d4c0@localhost,TitForTat,D,1,1,429,419
421,player_ab4a5507-61fe-4ab8-a53b-9d32e62f7772@localhost,AlwaysDefect,D,player_6dc01db8-56e6-4bf6-ab91-a4c670c4d4c0@localhost,TitForTat,D,1,1,430,420
422,player_ab4a5507-61fe-4ab8-a53b-9d32e62f7772@localhost,AlwaysDefect,D,player_6dc01db8-56e6-4bf6-ab91-a4c670c4d4c0@localhost,TitForTat,D,1,1,431,421
423,player_ab4a5507-61fe-4ab8-a53b-9d32e62f7772@localhost,AlwaysDefect,D,player_6dc01db8-56e6-4bf6-ab91-a4c670c4d4c0@localhost,TitForTat,D,1,1,432,422
424,player_ab4a5507-61fe-4ab8-a53b-9d32e62f7772@localhost,AlwaysDefect,D,player_6dc01db8-56e6-4bf6-ab91-a4c670c4d4c0@localhost,TitForTat,D,1,1,433,423
425,player_ab4a5507-61fe-4ab8-a53b-9d32e62f7772@localhost,AlwaysDefect,D,player_6dc01db8-56e6-4bf6-ab91-a4c670c4d4c0@localhost,TitForTat,D,1,1,434,424
426,player_ab4a5507-61fe-4ab8-a53b-9d32e62f7772@localhost,AlwaysDefect,D,player_6dc01db8-56e6-4bf6-ab91-a4c670c4d4c0@localhost,TitForTat,D,1,1,435,425
427,player_ab4a5507-61fe-4ab8-a53b-9d32e62f7772@localhost,AlwaysDefect,D,player_6dc01db8-56e6-4bf6-ab91-a4c670c4d4c0@localhost,TitForTat,D,1,1,436,426
428,player_ab4a5507-61fe-4ab8-a53b-9d32e62f7772@localhost,AlwaysDefect,D,player_6dc01db8-56e6-4bf6-ab91-a4c670c4d4c0@localhost,TitForTat,D,1,1,437,427
429,player_ab4a5507-61fe-4ab8-a53b-9d32e62f7772@localhost,AlwaysDefect,D,player_6dc01db8-56e6-4bf6-ab91-a4c670c4d4c0@localhost,TitForTat,D,1,1,438,428
430,player_ab4a5507-61fe-4ab8-a53b-9d32e62f7772@localhost,AlwaysDefect,D,player_6dc01db8-56e6-4bf6-ab91-a4c670c4d4c0@localhost,TitForTat,D,1,1,439,429
431,player_ab4a5507-61fe-4ab8-a53b-9d32e62f7772@localhost,AlwaysDefect,D,player_6dc01db8-56e6-4bf6-ab91-a4c670c4d4c0@localhost,TitForTat,D,1,1,440,430
432,player_ab4a5507-61fe-4ab8-a53b-9d32e62f7772@localhost,AlwaysDefect,D,player_6dc01db8-56e6-4bf6-ab91-a4c670c4d4c0@localhost,TitForTat,D,1,1,441,431
433,player_ab4a5507-61fe-4ab8-a53b-9d32e62f7772@localhost,AlwaysDefect,D,player_6dc01db8-56e6-4bf6-ab91-a4c670c4d4c0@localhost,TitForTat,D,1,1,442,432
434,player_ab4a5507-61fe-4ab8-a53b-9d32e62f7772@localhost,AlwaysDefect,D,player_6dc01db8-56e6-4bf6-ab91-a4c670c4d4c0@localhost,TitForTat,D,1,1,443,433
435,player_ab4a5507-61fe-4ab8-a53b-9d32e62f7772@localhost,AlwaysDefect,D,player_6dc01db8-56e6-4bf6-ab91-a4c670c4d4c0@localhost,TitForTat,D,1,1,444,434
436,player_ab4a5507-61fe-4ab8-a53b-9d32e62f7772@localhost,AlwaysDefect,D,player_6dc01db8-56e6-4bf6-ab91-a4c670c4d4c0@localhost,TitForTat,D,1,1,445,435
437,player_ab4a5507-61fe-4ab8-a53b-9d32e62f7772@localhost,AlwaysDefect,D,player_6dc01db8-56e6-4bf6-ab91-a4c670c4d4c0@localhost,TitForTat,D,1,1,446,436
438,player_ab4a5507-61fe-4ab8-a53b-9d32e62f7772@localhost,AlwaysDefect,D,player_6dc01db8-56e6-4bf6-ab91-a4c670c4d4c0@localhost,TitForTat,D,1,1,447,437
439,player_ab4a5507-61fe-4ab8-a53b-9d32e62f7772@localhost,AlwaysDefect,D,player_6dc01db8-56e6-4bf6-ab91-a4c670c4d4c0@localhost,TitForTat,D,1,1,448,438
440,player_ab4a5507-61fe-4ab8-a53b-9d32e62f7772@localhost,AlwaysDefect,D,player_6dc01db8-56e6-4bf6-ab91-a4c670c4d4c0@localhost,TitForTat,D,1,1,449,439
441,player_ab4a5507-61fe-4ab8-a53b-9d32e62f7772@localhost,AlwaysDefect,D,player_6dc01db8-56e6-4bf6-ab91-a4c670c4d4c0@localhost,TitForTat,D,1,1,450,440
442,player_ab4a5507-61fe-4ab8-a53b-9d32e62f7772@localhost,AlwaysDefect,D,player_6dc01db8-56e6-4bf6-ab91-a4c670c4d4c0@localhost,TitForTat,D,1,1,451,441
443,player_ab4a5507-61fe-4ab8-a53b-9d32e62f7772@localhost,AlwaysDefect,D,player_6dc01db8-56e6-4bf6-ab91-a4c670c4d4c0@localhost,TitForTat,D,1,1,452,442
444,player_ab4a5507-61fe-4ab8-a53b-9d32e62f7772@localhost,AlwaysDefect,D,player_6dc01db8-56e6-4bf6-ab91-a4c670c4d4c0@localhost,TitForTat,D,1,1,453,443
445,player_ab4a5507-61fe-4ab8-a53b-9d32e62f7772@localhost,AlwaysDefect,D,player_6dc01db8-56e6-4bf6-ab91-a4c670c4d4c0@localhost,TitForTat,D,1,1,454,444
446,player_ab4a5507-61fe-4ab8-a53b-9d32e62f7772@localhost,AlwaysDefect,D,player_6dc01db8-56e6-4bf6-ab91-a4c670c4d4c0@localhost,TitForTat,D,1,1,455,445
447,player_ab4a5507-61fe-4ab8-a53b-9d32e62f7772@localhost,AlwaysDefect,D,player_6dc01db8-56e6-4bf6-ab91-a4c670c4d4c0@localhost,TitForTat,D,1,1,456,446
448,player_ab4a5507-61fe-4ab8-a53b-9d32e62f7772@localhost,AlwaysDefect,D,player_6dc01db8-56e6-4bf6-ab91-a4c670c4d4c0@localhost,TitForTat,D,1,1,457,447
449,player_ab4a5507-61fe-4ab8-a53b-9d32e62f7772@localhost,AlwaysDefect,D,player_6dc01db8-56e6-4bf6-ab91-a4c670c4d4c0@localhost,TitForTat,D,1,1,458,448
450,player_ab4a5507-61fe-4ab8-a53b-9d32e62f7772@localhost,AlwaysDefect,D,player_6dc01db8-56e6-4bf6-ab91-a4c670c4d4c0@localhost,TitForTat,D,1,1,459,449
451,player_ab4a5507-61fe-4ab8-a53b-9d32e62f7772@localhost,AlwaysDefect,D,player_6dc01db8-56e6-4bf6-ab91-a4c670c4d4c0@localhost,TitForTat,D,1,1,460,450
452,player_ab4a5507-61fe-4ab8-a53b-9d32e62f7772@localhost,AlwaysDefect,D,player_6dc01db8-56e6-4bf6-ab91-a4c670c4d4c0@localhost,TitForTat,D,1,1,461,451
453,player_ab4a5507-61fe-4ab8-a53b-9d32e62f7772@localhost,AlwaysDefect,D,player_6dc01db8-56e6-4bf6-ab91-a4c670c4d4c0@localhost,TitForTat,D,1,1,462,452
454,player_ab4a5507-61fe-4ab8-a53b-9d32e62f7772@localhost,AlwaysDefect,D,player_6dc01db8-56e6-4bf6-ab91-a4c670c4d4c0@localhost,TitForTat,D,1,1,463,453
455,player_ab4a5507-61fe-4ab8-a53b-9d32e62f7772@localhost,AlwaysDefect,D,player_6dc01db8-56e6-4bf6-ab91-a4c670c4d4c0@localhost,TitForTat,D,1,1,464,454
456,player_ab4a5507-61fe-4ab8-a53b-9d32e62f7772@localhost,AlwaysDefect,D,player_6dc01db8-56e6-4bf6-ab91-a4c670c4d4c0@localhost,TitForTat,D,1,1,465,455
457,player_ab4a5507-61fe-4ab8-a53b-9d32e62f7772@localhost,AlwaysDefect,D,player_6dc01db8-56e6-4bf6-ab91-a4c670c4d4c0@localhost,TitForTat,D,1,1,466,456
458,player_ab4a5507-61fe-4ab8-a53b-9d32e62f7772@localhost,AlwaysDefect,D,player_6dc01db8-56e6-4bf6-ab91-a4c670c4d4c0@localhost,TitForTat,D,1,1,467,457
459,player_ab4a5507-61fe-4ab8-a53b-9d32e62f7772@localhost,AlwaysDefect,D,player_6dc01db8-56e6-4bf6-ab91-a4c670c4d4c0@localhost,TitForTat,D,1,1,468,458
460,player_ab4a5507-61fe-4ab8-a53b-9d32e62f7772@localhost,AlwaysDefect,D,player_6dc01db8-56e6-4bf6-ab91-a4c670c4d4c0@localhost,TitForTat,D,1,1,469,459
461,player_ab4a5507-61fe-4ab8-a53b-9d32e62f7772@localhost,AlwaysDefect,D,player_6dc01db8-56e6-4bf6-ab91-a4c670c4d4c0@localhost,TitForTat,D,1,1,470,460
462,player_ab4a5507-61fe-4ab8-a53b-9d32e62f7772@localhost,AlwaysDefect,D,player_6dc01db8-56e6-4bf6-ab91-a4c670c4d4c0@localhost,TitForTat,D,1,1,471,461
463,player_ab4a5507-61fe-4ab8-a53b-9d32e62f7772@localhost,AlwaysDefect,D,player_6dc01db8-56e6-4bf6-ab91-a4c670c4d4c0@localhost,TitForTat,D,1,1,472,462
464,player_ab4a5507-61fe-4ab8-a53b-9d32e62f7772@localhost,AlwaysDefect,D,player_6dc01db8-56e6-4bf6-ab91-a4c670c4d4c0@localhost,TitForTat,D,1,1,473,463
465,player_ab4a5507-61fe-4ab8-a53b-9d32e62f7772@localhost,AlwaysDefect,D,player_6dc01db8-56e6-4bf6-ab91-a4c670c4d4c0@localhost,TitForTat,D,1,1,474,464
466,player_ab4a5507-61fe-4ab8-a53b-9d32e62f7772@localhost,AlwaysDefect,D,player_6dc01db8-56e6-4bf6-ab91-a4c670c4d4c0@localhost,TitForTat,D,1,1,475,465
467,player_ab4a5507-61fe-4ab8-a53b-9d32e62f7772@localhost,AlwaysDefect,D,player_6dc01db8-56e6-4bf6-ab91-a4c670c4d4c0@localhost,TitForTat,D,1,1,476,466
468,player_ab4a5507-61fe-4ab8-a53b-9d32e62f7772@localhost,AlwaysDefect,D,player_6dc01db8-56e6-4bf6-ab91-a4c670c4d4c0@localhost,TitForTat,D,1,1,477,467
469,player_ab4a5507-61fe-4ab8-a53b-9d32e62f7772@localhost,AlwaysDefect,D,player_6dc01db8-56e6-4bf6-ab91-a4c670c4d4c0@localhost,TitForTat,D,1,1,478,468
470,player_ab4a5507-61fe-4ab8-a53b-9d32e62f7772@localhost,AlwaysDefect,D,player_6dc01db8-56e6-4bf6-ab91-a4c670c4d4c0@localhost,TitForTat,D,1,1,479,469
471,player_ab4a5507-61fe-4ab8-a53b-9d32e62f7772@localhost,AlwaysDefect,D,player_6dc01db8-56e6-4bf6-ab91-a4c670c4d4c0@localhost,TitForTat,D,1,1,480,470
472,player_ab4a5507-61fe-4ab8-a53b-9d32e62f7772@localhost,AlwaysDefect,D,player_6dc01db8-56e6-4bf6-ab91-a4c670c4d4c0@localhost,TitForTat,D,1,1,481,471
473,player_ab4a5507-61fe-4ab8-a53b-9d32e62f7772@localhost,AlwaysDefect,D,player_6dc01db8-56e6-4bf6-ab91-a4c670c4d4c0@localhost,TitForTat,D,1,1,482,472
474,player_ab4a5507-61fe-4ab8-a53b-9d32e62f7772@localhost,AlwaysDefect,D,player_6dc01db8-56e6-4bf6-ab91-a4c670c4d4c0@localhost,TitForTat,D,1,1,483,473
475,player_ab4a5507-61fe-4ab8-a53b-9d32e62f7772@localhost,AlwaysDefect,D,player_6dc01db8-56e6-4bf6-ab91-a4c670c4d4c0@localhost,TitForTat,D,1,1,484,474
476,player_ab4a5507-61fe-4ab8-a53b-9d32e62f7772@localhost,AlwaysDefect,D,player_6dc01db8-56e6-4bf6-ab91-a4c670c4d4c0@localhost,TitForTat,D,1,1,485,475
477,player_ab4a5507-61fe-4ab8-a53b-9d32e62f7772@localhost,AlwaysDefect,D,player_6dc01db8-56e6-4bf6-ab91-a4c670c4d4c0@localhost,TitForTat,D,1,1,486,476
478,player_ab4a5507-61fe-4ab8-a53b-9d32e62f7772@localhost,AlwaysDefect,D,player_6dc01db8-56e6-4bf6-ab91-a4c670c4d4c0@localhost,TitForTat,D,1,1,487,477
479,player_ab4a5507-61fe-4ab8-a53b-9d32e62f7772@localhost,AlwaysDefect,D,player_6dc01db8-56e6-4bf6-ab91-a4c670c4d4c0@localhost,TitForTat,D,1,1,488,478
480,player_ab4a5507-61fe-4ab8-a53b-9d32e62f7772@localhost,AlwaysDefect,D,player_6dc01db8-56e6-4bf6-ab91-a4c670c4d4c0@localhost,TitForTat,D,1,1,489,479
481,player_ab4a5507-61fe-4ab8-a53b-9d32e62f7772@localhost,AlwaysDefect,D,player_6dc01db8-56e6-4bf6-ab91-a4c670c4d4c0@localhost,TitForTat,D,1,1,490,480
482,player_ab4a5507-61fe-4ab8-a53b-9d32e62f7772@localhost,AlwaysDefect,D,player_6dc01db8-56e6-4bf6-ab91-a4c670c4d4c0@localhost,TitForTat,D,1,1,491,481
483,player_ab4a5507-61fe-4ab8-a53b-9d32e62f7772@localhost,AlwaysDefect,D,player_6dc01db8-56e6-4bf6-ab91-a4c670c4d4c0@localhost,TitForTat,D,1,1,492,482
484,player_ab4a5507-61fe-4ab8-a53b-9d32e62f7772@localhost,AlwaysDefect,D,player_6dc01db8-56e6-4bf6-ab91-a4c670c4d4c0@localhost,TitForTat,D,1,1,493,483
485,player_ab4a5507-61fe-4ab8-a53b-9d32e62f7772@localhost,AlwaysDefect,D,player_6dc01db8-56e6-4bf6-ab91-a4c670c4d4c0@localhost,TitForTat,D,1,1,494,484
486,player_ab4a5507-61fe-4ab8-a53b-9d32e62f7772@localhost,AlwaysDefect,D,player_6dc01db8-56e6-4bf6-ab91-a4c670c4d4c0@localhost,TitForTat,D,1,1,495,485
487,player_ab4a5507-61fe-4ab8-a53b-9d32e62f7772@localhost,AlwaysDefect,D,player_6dc01db8-56e6-4bf6-ab91-a4c670c4d4c0@localhost,TitForTat,D,1,1,496,486
488,player_ab4a5507-61fe-4ab8-a53b-9d32e62f7772@localhost,AlwaysDefect,D,player_6dc01db8-56e6-4bf6-ab91-a4c670c4d4c0@localhost,TitForTat,D,1,1,497,487
489,player_ab4a5507-61fe-4ab8-a53b-9d32e62f7772@localhost,AlwaysDefect,D,player_6dc01db8-56e6-4bf6-ab91-a4c670c4d4c0@localhost,TitForTat,D,1,1,498,488
490,player_ab4a5507-61fe-4ab8-a53b-9d32e62f7772@localhost,AlwaysDefect,D,player_6dc01db8-56e6-4bf6-ab91-a4c670c4d4c0@localhost,TitForTat,D,1,1,499,489
491,player_ab4a5507-61fe-4ab8-a53b-9d32e62f7772@localhost,AlwaysDefect,D,player_6dc01db8-56e6-4bf6-ab91-a4c670c4d4c0@localhost,TitForTat,D,1,1,500,490
492,player_ab4a5507-61fe-4ab8-a53b-9d32e62f7772@localhost,AlwaysDefect,D,player_6dc01db8-56e6-4bf6-ab91-a4c670c4d4c0@localhost,TitForTat,D,1,1,501,491
493,player_ab4a5507-61fe-4ab8-a53b-9d32e62f7772@localhost,AlwaysDefect,D,player_6dc01db8-56e6-4bf6-ab91-a4c670c4d4c0@localhost,TitForTat,D,1,1,502,492
494,player_ab4a5507-61fe-4ab8-a53b-9d32e62f7772@localhost,AlwaysDefect,D,player_6dc01db8-56e6-4bf6-ab91-a4c670c4d4c0@localhost,TitForTat,D,1,1,503,493
495,player_ab4a5507-61fe-4ab8-a53b-9d32e62f7772@localhost,AlwaysDefect,D,player_6dc01db8-56e6-4bf6-ab91-a4c670c4d4c0@localhost,TitForTat,D,1,1,504,494
496,player_ab4a5507-61fe-4ab8-a53b-9d32e62f7772@localhost,AlwaysDefect,D,player_6dc01db8-56e6-4bf6-ab91-a4c670c4d4c0@localhost,TitForTat,D,1,1,505,495
497,player_ab4a5507-61fe-4ab8-a53b-9d32e62f7772@localhost,AlwaysDefect,D,player_6dc01db8-56e6-4bf6-ab91-a4c670c4d4c0@localhost,TitForTat,D,1,1,506,496
498,player_ab4a5507-61fe-4ab8-a53b-9d32e62f7772@localhost,AlwaysDefect,D,player_6dc01db8-56e6-4bf6-ab91-a4c670c4d4c0@localhost,TitForTat,D,1,1,507,497
499,player_ab4a5507-61fe-4ab8-a53b-9d32e62f7772@localhost,AlwaysDefect,D,player_6dc01db8-56e6-4bf6-ab91-a4c670c4d4c0@localhost,TitForTat,D,1,1,508,498
500,player_ab4a5507-61fe-4ab8-a53b-9d32e62f7772@localhost,AlwaysDefect,D,player_6dc01db8-56e6-4bf6-ab91-a4c670c4d4c0@localhost,TitForTat,D,1,1,509,499
501,player_ab4a5507-61fe-4ab8-a53b-9d32e62f7772@localhost,AlwaysDefect,D,player_6dc01db8-56e6-4bf6-ab91-a4c670c4d4c0@localhost,TitForTat,D,1,1,510,500
502,player_ab4a5507-61fe-4ab8-a53b-9d32e62f7772@localhost,AlwaysDefect,D,player_6dc01db8-56e6-4bf6-ab91-a4c670c4d4c0@localhost,TitForTat,D,1,1,511,501
503,player_ab4a5507-61fe-4ab8-a53b-9d32e62f7772@localhost,AlwaysDefect,D,player_6dc01db8-56e6-4bf6-ab91-a4c670c4d4c0@localhost,TitForTat,D,1,1,512,502
504,player_ab4a5507-61fe-4ab8-a53b-9d32e62f7772@localhost,AlwaysDefect,D,player_6dc01db8-56e6-4bf6-ab91-a4c670c4d4c0@localhost,TitForTat,D,1,1,513,503
505,player_ab4a5507-61fe-4ab8-a53b-9d32e62f7772@localhost,AlwaysDefect,D,player_6dc01db8-56e6-4bf6-ab91-a4c670c4d4c0@localhost,TitForTat,D,1,1,514,504
506,player_ab4a5507-61fe-4ab8-a53b-9d32e62f7772@localhost,AlwaysDefect,D,player_6dc01db8-56e6-4bf6-ab91-a4c670c4d4c0@localhost,TitForTat,D,1,1,515,505
507,player_ab4a5507-61fe-4ab8-a53b-9d32e62f7772@localhost,AlwaysDefect,D,player_6dc01db8-56e6-4bf6-ab91-a4c670c4d4c0@localhost,TitForTat,D,1,1,516,506
508,player_ab4a5507-61fe-4ab8-a53b-9d32e62f7772@localhost,AlwaysDefect,D,player_6dc01db8-56e6-4bf6-ab91-a4c670c4d4c0@localhost,TitForTat,D,1,1,517,507
509,player_ab4a5507-61fe-4ab8-a53b-9d32e62f7772@localhost,AlwaysDefect,D,player_6dc01db8-56e6-4bf6-ab91-a4c670c4d4c0@localhost,TitForTat,D,1,1,518,508
510,player_ab4a5507-61fe-4ab8-a53b-9d32e62f7772@localhost,AlwaysDefect,D,player_6dc01db8-56e6-4bf6-ab91-a4c670c4d4c0@localhost,TitForTat,D,1,1,519,509
511,player_ab4a5507-61fe-4ab8-a53b-9d32e62f7772@localhost,AlwaysDefect,D,player_6dc01db8-56e6-4bf6-ab91-a4c670c4d4c0@localhost,TitForTat,D,1,1,520,510
512,player_ab4a5507-61fe-4ab8-a53b-9d32e62f7772@localhost,AlwaysDefect,D,player_6dc01db8-56e6-4bf6-ab91-a4c670c4d4c0@localhost,TitForTat,D,1,1,521,511
513,player_ab4a5507-61fe-4ab8-a53b-9d32e62f7772@localhost,AlwaysDefect,D,player_6dc01db8-56e6-4bf6-ab91-a4c670c4d4c0@localhost,TitForTat,D,1,1,522,512
514,player_ab4a5507-61fe-4ab8-a53b-9d32e62f7772@localhost,AlwaysDefect,D,player_6dc01db8-56e6-4bf6-ab91-a4c670c4d4c0@localhost,TitForTat,D,1,1,523,513
515,player_ab4a5507-61fe-4ab8-a53b-9d32e62f7772@localhost,AlwaysDefect,D,player_6dc01db8-56e6-4bf6-ab91-a4c670c4d4c0@localhost,TitForTat,D,1,1,524,514
516,player_ab4a5507-61fe-4ab8-a53b-9d32e62f7772@localhost,AlwaysDefect,D,player_6dc01db8-56e6-4bf6-ab91-a4c670c4d4c0@localhost,TitForTat,D,1,1,525,515
517,player_ab4a5507-61fe-4ab8-a53b-9d32e62f7772@localhost,AlwaysDefect,D,player_6dc01db8-56e6-4bf6-ab91-a4c670c4d4c0@localhost,TitForTat,D,1,1,526,516
518,player_ab4a5507-61fe-4ab8-a53b-9d32e62f7772@localhost,AlwaysDefect,D,player_6dc01db8-56e6-4bf6-ab91-a4c670c4d4c0@localhost,TitForTat,D,1,1,527,517
519,player_ab4a5507-61fe-4ab8-a53b-9d32e62f7772@localhost,AlwaysDefect,D,player_6dc01db8-56e6-4bf6-ab91-a4c670c4d4c0@localhost,TitForTat,D,1,1,528,518
520,player_ab4a5507-61fe-4ab8-a53b-9d32e62f7772@localhost,AlwaysDefect,D,player_6dc01db8-56e6-4bf6-ab91-a4c670c4d4c0@localhost,TitForTat,D,1,1,529,519
521,player_ab4a5507-61fe-4ab8-a53b-9d32e62f7772@localhost,AlwaysDefect,D,player_6dc01db8-56e6-4bf6-ab91-a4c670c4d4c0@localhost,TitForTat,D,1,1,530,520
522,player_ab4a5507-61fe-4ab8-a53b-9d32e62f7772@localhost,AlwaysDefect,D,player_6dc01db8-56e6-4bf6-ab91-a4c670c4d4c0@localhost,TitForTat,D,1,1,531,521
523,player_ab4a5507-61fe-4ab8-a53b-9d32e62f7772@localhost,AlwaysDefect,D,player_6dc01db8-56e6-4bf6-ab91-a4c670c4d4c0@localhost,TitForTat,D,1,1,532,522
524,player_ab4a5507-61fe-4ab8-a53b-9d32e62f7772@localhost,AlwaysDefect,D,player_6dc01db8-56e6-4bf6-ab91-a4c670c4d4c0@localhost,TitForTat,D,1,1,533,523
525,player_ab4a5507-61fe-4ab8-a53b-9d32e62f7772@localhost,AlwaysDefect,D,player_6dc01db8-56e6-4bf6-ab91-a4c670c4d4c0@localhost,TitForTat,D,1,1,534,524
526,player_ab4a5507-61fe-4ab8-a53b-9d32e62f7772@localhost,AlwaysDefect,D,player_6dc01db8-56e6-4bf6-ab91-a4c670c4d4c0@localhost,TitForTat,D,1,1,535,525
527,player_ab4a5507-61fe-4ab8-a53b-9d32e62f7772@localhost,AlwaysDefect,D,player_6dc01db8-56e6-4bf6-ab91-a4c670c4d4c0@localhost,TitForTat,D,1,1,536,526
528,player_ab4a5507-61fe-4ab8-a53b-9d32e62f7772@localhost,AlwaysDefect,D,player_6dc01db8-56e6-4bf6-ab91-a4c670c4d4c0@localhost,TitForTat,D,1,1,537,527
529,player_ab4a5507-61fe-4ab8-a53b-9d32e62f7772@localhost,AlwaysDefect,D,player_6dc01db8-56e6-4bf6-ab91-a4c670c4d4c0@localhost,TitForTat,D,1,1,538,528
530,player_ab4a5507-61fe-4ab8-a53b-9d32e62f7772@localhost,AlwaysDefect,D,player_6dc01db8-56e6-4bf6-ab91-a4c670c4d4c0@localhost,TitForTat,D,1,1,539,529
531,player_ab4a5507-61fe-4ab8-a53b-9d32e62f7772@localhost,AlwaysDefect,D,player_6dc01db8-56e6-4bf6-ab91-a4c670c4d4c0@localhost,TitForTat,D,1,1,540,530
532,player_ab4a5507-61fe-4ab8-a53b-9d32e62f7772@localhost,AlwaysDefect,D,player_6dc01db8-56e6-4bf6-ab91-a4c670c4d4c0@localhost,TitForTat,D,1,1,541,531
533,player_ab4a5507-61fe-4ab8-a53b-9d32e62f7772@localhost,AlwaysDefect,D,player_6dc01db8-56e6-4bf6-ab91-a4c670c4d4c0@localhost,TitForTat,D,1,1,542,532
534,player_ab4a5507-61fe-4ab8-a53b-9d32e62f7772@localhost,AlwaysDefect,D,player_6dc01db8-56e6-4bf6-ab91-a4c670c4d4c0@localhost,TitForTat,D,1,1,543,533
535,player_ab4a5507-61fe-4ab8-a53b-9d32e62f7772@localhost,AlwaysDefect,D,player_6dc01db8-56e6-4bf6-ab91-a4c670c4d4c0@localhost,TitForTat,D,1,1,544,534
536,player_ab4a5507-61fe-4ab8-a53b-9d32e62f7772@localhost,AlwaysDefect,D,player_6dc01db8-56e6-4bf6-ab91-a4c670c4d4c0@localhost,TitForTat,D,1,1,545,535
537,player_ab4a5507-61fe-4ab8-a53b-9d32e62f7772@localhost,AlwaysDefect,D,player_6dc01db8-56e6-4bf6-ab91-a4c670c4d4c0@localhost,TitForTat,D,1,1,546,536
538,player_ab4a5507-61fe-4ab8-a53b-9d32e62f7772@localhost,AlwaysDefect,D,player_6dc01db8-56e6-4bf6-ab91-a4c670c4d4c0@localhost,TitForTat,D,1,1,547,537
539,player_ab4a5507-61fe-4ab8-a53b-9d32e62f7772@localhost,AlwaysDefect,D,player_6dc01db8-56e6-4bf6-ab91-a4c670c4d4c0@localhost,TitForTat,D,1,1,548,538
540,player_ab4a5507-61fe-4ab8-a53b-9d32e62f7772@localhost,AlwaysDefect,D,player_6dc01db8-56e6-4bf6-ab91-a4c670c4d4c0@localhost,TitForTat,D,1,1,549,539
541,player_ab4a5507-61fe-4ab8-a53b-9d32e62f7772@localhost,AlwaysDefect,D,player_6dc01db8-56e6-4bf6-ab91-a4c670c4d4c0@localhost,TitForTat,D,1,1,550,540
542,player_ab4a5507-61fe-4ab8-a53b-9d32e62f7772@localhost,AlwaysDefect,D,player_6dc01db8-56e6-4bf6-ab91-a4c670c4d4c0@localhost,TitForTat,D,1,1,551,541
543,player_ab4a5507-61fe-4ab8-a53b-9d32e62f7772@localhost,AlwaysDefect,D,player_6dc01db8-56e6-4bf6-ab91-a4c670c4d4c0@localhost,TitForTat,D,1,1,552,542
544,player_ab4a5507-61fe-4ab8-a53b-9d32e62f7772@localhost,AlwaysDefect,D,player_6dc01db8-56e6-4bf6-ab91-a4c670c4d4c0@localhost,TitForTat,D,1,1,553,543
545,player_ab4a5507-61fe-4ab8-a53b-9d32e62f7772@localhost,AlwaysDefect,D,player_6dc01db8-56e6-4bf6-ab91-a4c670c4d4c0@localhost,TitForTat,D,1,1,554,544
546,player_ab4a5507-61fe-4ab8-a53b-9d32e62f7772@localhost,AlwaysDefect,D,player_6dc01db8-56e6-4bf6-ab91-a4c670c4d4c0@localhost,TitForTat,D,1,1,555,545
547,player_ab4a5507-61fe-4ab8-a53b-9d32e62f7772@localhost,AlwaysDefect,D,player_6dc01db8-56e6-4bf6-ab91-a4c670c4d4c0@localhost,TitForTat,D,1,1,556,546
548,player_ab4a5507-61fe-4ab8-a53b-9d32e62f7772@localhost,AlwaysDefect,D,player_6dc01db8-56e6-4bf6-ab91-a4c670c4d4c0@localhost,TitForTat,D,1,1,557,547
549,player_ab4a5507-61fe-4ab8-a53b-9d32e62f7772@localhost,AlwaysDefect,D,player_6dc01db8-56e6-4bf6-ab91-a4c670c4d4c0@localhost,TitForTat,D,1,1,558,548
550,player_ab4a5507-61fe-4ab8-a53b-9d32e62f7772@localhost,AlwaysDefect,D,player_6dc01db8-56e6-4bf6-ab91-a4c670c4d4c0@localhost,TitForTat,D,1,1,559,549
551,player_ab4a5507-61fe-4ab8-a53b-9d32e62f7772@localhost,AlwaysDefect,D,player_6dc01db8-56e6-4bf6-ab91-a4c670c4d4c0@localhost,TitForTat,D,1,1,560,550
552,player_ab4a5507-61fe-4ab8-a53b-9d32e62f7772@localhost,AlwaysDefect,D,player_6dc01db8-56e6-4bf6-ab91-a4c670c4d4c0@localhost,TitForTat,D,1,1,561,551
553,player_ab4a5507-61fe-4ab8-a53b-9d32e62f7772@localhost,AlwaysDefect,D,player_6dc01db8-56e6-4bf6-ab91-a4c670c4d4c0@localhost,TitForTat,D,1,1,562,552
554,player_ab4a5507-61fe-4ab8-a53b-9d32e62f7772@localhost,AlwaysDefect,D,player_6dc01db8-56e6-4bf6-ab91-a4c670c4d4c0@localhost,TitForTat,D,1,1,563,553
555,player_ab4a5507-61fe-4ab8-a53b-9d32e62f7772@localhost,AlwaysDefect,D,player_6dc01db8-56e6-4bf6-ab91-a4c670c4d4c0@localhost,TitForTat,D,1,1,564,554
556,player_ab4a5507-61fe-4ab8-a53b-9d32e62f7772@localhost,AlwaysDefect,D,player_6dc01db8-56e6-4bf6-ab91-a4c670c4d4c0@localhost,TitForTat,D,1,1,565,555
557,player_ab4a5507-61fe-4ab8-a53b-9d32e62f7772@localhost,AlwaysDefect,D,player_6dc01db8-56e6-4bf6-ab91-a4c670c4d4c0@localhost,TitForTat,D,1,1,566,556
558,player_ab4a5507-61fe-4ab8-a53b-9d32e62f7772@localhost,AlwaysDefect,D,player_6dc01db8-56e6-4bf6-ab91-a4c670c4d4c0@localhost,TitForTat,D,1,1,567,557
559,player_ab4a5507-61fe-4ab8-a53b-9d32e62f7772@localhost,AlwaysDefect,D,player_6dc01db8-56e6-4bf6-ab91-a4c670c4d4c0@localhost,TitForTat,D,1,1,568,558
560,player_ab4a5507-61fe-4ab8-a53b-9d32e62f7772@localhost,AlwaysDefect,D,player_6dc01db8-56e6-4bf6-ab91-a4c670c4d4c0@localhost,TitForTat,D,1,1,569,559
561,player_ab4a5507-61fe-4ab8-a53b-9d32e62f7772@localhost,AlwaysDefect,D,player_6dc01db8-56e6-4bf6-ab91-a4c670c4d4c0@localhost,TitForTat,D,1,1,570,560
562,player_ab4a5507-61fe-4ab8-a53b-9d32e62f7772@localhost,AlwaysDefect,D,player_6dc01db8-56e6-4bf6-ab91-a4c670c4d4c0@localhost,TitForTat,D,1,1,571,561
563,player_ab4a5507-61fe-4ab8-a53b-9d32e62f7772@localhost,AlwaysDefect,D,player_6dc01db8-56e6-4bf6-ab91-a4c670c4d4c0@localhost,TitForTat,D,1,1,572,562
564,player_ab4a5507-61fe-4ab8-a53b-9d32e62f7772@localhost,AlwaysDefect,D,player_6dc01db8-56e6-4bf6-ab91-a4c670c4d4c0@localhost,TitForTat,D,1,1,573,563
565,player_ab4a5507-61fe-4ab8-a53b-9d32e62f7772@localhost,AlwaysDefect,D,player_6dc01db8-56e6-4bf6-ab91-a4c670c4d4c0@localhost,TitForTat,D,1,1,574,564
566,player_ab4a5507-61fe-4ab8-a53b-9d32e62f7772@localhost,AlwaysDefect,D,player_6dc01db8-56e6-4bf6-ab91-a4c670c4d4c0@localhost,TitForTat,D,1,1,575,565
567,player_ab4a5507-61fe-4ab8-a53b-9d32e62f7772@localhost,AlwaysDefect,D,player_6dc01db8-56e6-4bf6-ab91-a4c670c4d4c0@localhost,TitForTat,D,1,1,576,566
568,player_ab4a5507-61fe-4ab8-a53b-9d32e62f7772@localhost,AlwaysDefect,D,player_6dc01db8-56e6-4bf6-ab91-a4c670c4d4c0@localhost,TitForTat,D,1,1,577,567
569,player_ab4a5507-61fe-4ab8-a53b-9d32e62f7772@localhost,AlwaysDefect,D,player_6dc01db8-56e6-4bf6-ab91-a4c670c4d4c0@localhost,TitForTat,D,1,1,578,568
570,player_ab4a5507-61fe-4ab8-a53b-9d32e62f7772@localhost,AlwaysDefect,D,player_6dc01db8-56e6-4bf6-ab91-a4c670c4d4c0@localhost,TitForTat,D,1,1,579,569
571,player_ab4a5507-61fe-4ab8-a53b-9d32e62f7772@localhost,AlwaysDefect,D,player_6dc01db8-56e6-4bf6-ab91-a4c670c4d4c0@localhost,TitForTat,D,1,1,580,570
572,player_ab4a5507-61fe-4ab8-a53b-9d32e62f7772@localhost,AlwaysDefect,D,player_6dc01db8-56e6-4bf6-ab91-a4c670c4d4c0@localhost,TitForTat,D,1,1,581,571
573,player_ab4a5507-61fe-4ab8-a53b-9d32e62f7772@localhost,AlwaysDefect,D,player_6dc01db8-56e6-4bf6-ab91-a4c670c4d4c0@localhost,TitForTat,D,1,1,582,572
574,player_ab4a5507-61fe-4ab8-a53b-9d32e62f7772@localhost,AlwaysDefect,D,player_6dc01db8-56e6-4bf6-ab91-a4c670c4d4c0@localhost,TitForTat,D,1,1,583,573
575,player_ab4a5507-61fe-4ab8-a53b-9d32e62f7772@localhost,AlwaysDefect,D,player_6dc01db8-56e6-4bf6-ab91-a4c670c4d4c0@localhost,TitForTat,D,1,1,584,574
576,player_ab4a5507-61fe-4ab8-a53b-9d32e62f7772@localhost,AlwaysDefect,D,player_6dc01db8-56e6-4bf6-ab91-a4c670c4d4c0@localhost,TitForTat,D,1,1,585,575
577,player_ab4a5507-61fe-4ab8-a53b-9d32e62f7772@localhost,AlwaysDefect,D,player_6dc01db8-56e6-4bf6-ab91-a4c670c4d4c0@localhost,TitForTat,D,1,1,586,576
578,player_ab4a5507-61fe-4ab8-a53b-9d32e62f7772@localhost,AlwaysDefect,D,player_6dc01db8-56e6-4bf6-ab91-a4c670c4d4c0@localhost,TitForTat,D,1,1,587,577
579,player_ab4a5507-61fe-4ab8-a53b-9d32e62f7772@localhost,AlwaysDefect,D,player_6dc01db8-56e6-4bf6-ab91-a4c670c4d4c0@localhost,TitForTat,D,1,1,588,578
580,player_ab4a5507-61fe-4ab8-a53b-9d32e62f7772@localhost,AlwaysDefect,D,player_6dc01db8-56e6-4bf6-ab91-a4c670c4d4c0@localhost,TitForTat,D,1,1,589,579
581,player_ab4a5507-61fe-4ab8-a53b-9d32e62f7772@localhost,AlwaysDefect,D,player_6dc01db8-56e6-4bf6-ab91-a4c670c4d4c0@localhost,TitForTat,D,1,1,590,580
582,player_ab4a5507-61fe-4ab8-a53b-9d32e62f7772@localhost,AlwaysDefect,D,player_6dc01db8-56e6-4bf6-ab91-a4c670c4d4c0@localhost,TitForTat,D,1,1,591,581
583,player_ab4a5507-61fe-4ab8-a53b-9d32e62f7772@localhost,AlwaysDefect,D,player_6dc01db8-56e6-4bf6-ab91-a4c670c4d4c0@localhost,TitForTat,D,1,1,592,582
584,player_ab4a5507-61fe-4ab8-a53b-9d32e62f7772@localhost,AlwaysDefect,D,player_6dc01db8-56e6-4bf6-ab91-a4c670c4d4c0@localhost,TitForTat,D,1,1,593,583
585,player_ab4a5507-61fe-4ab8-a53b-9d32e62f7772@localhost,AlwaysDefect,D,player_6dc01db8-56e6-4bf6-ab91-a4c670c4d4c0@localhost,TitForTat,D,1,1,594,584
586,player_ab4a5507-61fe-4ab8-a53b-9d32e62f7772@localhost,AlwaysDefect,D,player_6dc01db8-56e6-4bf6-ab91-a4c670c4d4c0@localhost,TitForTat,D,1,1,595,585
587,player_ab4a5507-61fe-4ab8-a53b-9d32e62f7772@localhost,AlwaysDefect,D,player_6dc01db8-56e6-4bf6-ab91-a4c670c4d4c0@localhost,TitForTat,D,1,1,596,586
588,player_ab4a5507-61fe-4ab8-a53b-9d32e62f7772@localhost,AlwaysDefect,D,player_6dc01db8-56e6-4bf6-ab91-a4c670c4d4c0@localhost,TitForTat,D,1,1,597,587
589,player_ab4a5507-61fe-4ab8-a53b-9d32e62f7772@localhost,AlwaysDefect,D,player_6dc01db8-56e6-4bf6-ab91-a4c670c4d4c0@localhost,TitForTat,D,1,1,598,588
590,player_ab4a5507-61fe-4ab8-a53b-9d32e62f7772@localhost,AlwaysDefect,D,player_6dc01db8-56e6-4bf6-ab91-a4c670c4d4c0@localhost,TitForTat,D,1,1,599,589
591,player_ab4a5507-61fe-4ab8-a53b-9d32e62f7772@localhost,AlwaysDefect,D,player_6dc01db8-56e6-4bf6-ab91-a4c670c4d4c0@localhost,TitForTat,D,1,1,600,590
592,player_ab4a5507-61fe-4ab8-a53b-9d32e62f7772@localhost,AlwaysDefect,D,player_6dc01db8-56e6-4bf6-ab91-a4c670c4d4c0@localhost,TitForTat,D,1,1,601,591
593,player_ab4a5507-61fe-4ab8-a53b-9d32e62f7772@localhost,AlwaysDefect,D,player_6dc01db8-56e6-4bf6-ab91-a4c670c4d4c0@localhost,TitForTat,D,1,1,602,592
594,player_ab4a5507-61fe-4ab8-a53b-9d32e62f7772@localhost,AlwaysDefect,D,player_6dc01db8-56e6-4bf6-ab91-a4c670c4d4c0@localhost,TitForTat,D,1,1,603,593
595,player_ab4a5507-61fe-4ab8-a53b-9d32e62f7772@localhost,AlwaysDefect,D,player_6dc01db8-56e6-4bf6-ab91-a4c670c4d4c0@localhost,TitForTat,D,1,1,604,594
596,player_ab4a5507-61fe-4ab8-a53b-9d32e62f7772@localhost,AlwaysDefect,D,player_6dc01db8-56e6-4bf6-ab91-a4c670c4d4c0@localhost,TitForTat,D,1,1,605,595
597,player_ab4a5507-61fe-4ab8-a53b-9d32e62f7772@localhost,AlwaysDefect,D,player_6dc01db8-56e6-4bf6-ab91-a4c670c4d4c0@localhost,TitForTat,D,1,1,606,596
598,player_ab4a5507-61fe-4ab8-a53b-9d32e62f7772@localhost,AlwaysDefect,D,player_6dc01db8-56e6-4bf6-ab91-a4c670c4d4c0@localhost,TitForTat,D,1,1,607,597
599,player_ab4a5507-61fe-4ab8-a53b-9d32e62f7772@localhost,AlwaysDefect,D,player_6dc01db8-56e6-4bf6-ab91-a4c670c4d4c0@localhost,TitForTat,D,1,1,608,598
600,player_ab4a5507-61fe-4ab8-a53b-9d32e62f7772@localhost,AlwaysDefect,D,player_6dc01db8-56e6-4bf6-ab91-a4c670c4d4c0@localhost,TitForTat,D,1,1,609,599
601,player_ab4a5507-61fe-4ab8-a53b-9d32e62f7772@localhost,AlwaysDefect,D,player_6dc01db8-56e6-4bf6-ab91-a4c670c4d4c0@localhost,TitForTat,D,1,1,610,600
602,player_ab4a5507-61fe-4ab8-a53b-9d32e62f7772@localhost,AlwaysDefect,D,player_6dc01db8-56e6-4bf6-ab91-a4c670c4d4c0@localhost,TitForTat,D,1,1,611,601
603,player_ab4a5507-61fe-4ab8-a53b-9d32e62f7772@localhost,AlwaysDefect,D,player_6dc01db8-56e6-4bf6-ab91-a4c670c4d4c0@localhost,TitForTat,D,1,1,612,602
604,player_ab4a5507-61fe-4ab8-a53b-9d32e62f7772@localhost,AlwaysDefect,D,player_6dc01db8-56e6-4bf6-ab91-a4c670c4d4c0@localhost,TitForTat,D,1,1,613,603
605,player_ab4a5507-61fe-4ab8-a53b-9d32e62f7772@localhost,AlwaysDefect,D,player_6dc01db8-56e6-4bf6-ab91-a4c670c4d4c0@localhost,TitForTat,D,1,1,614,604
606,player_ab4a5507-61fe-4ab8-a53b-9d32e62f7772@localhost,AlwaysDefect,D,player_6dc01db8-56e6-4bf6-ab91-a4c670c4d4c0@localhost,TitForTat,D,1,1,615,605
607,player_ab4a5507-61fe-4ab8-a53b-9d32e62f7772@localhost,AlwaysDefect,D,player_6dc01db8-56e6-4bf6-ab91-a4c670c4d4c0@localhost,TitForTat,D,1,1,616,606
608,player_ab4a5507-61fe-4ab8-a53b-9d32e62f7772@localhost,AlwaysDefect,D,player_6dc01db8-56e6-4bf6-ab91-a4c670c4d4c0@localhost,TitForTat,D,1,1,617,607
609,player_ab4a5507-61fe-4ab8-a53b-9d32e62f7772@localhost,AlwaysDefect,D,player_6dc01db8-56e6-4bf6-ab91-a4c670c4d4c0@localhost,TitForTat,D,1,1,618,608
610,player_ab4a5507-61fe-4ab8-a53b-9d32e62f7772@localhost,AlwaysDefect,D,player_6dc01db8-56e6-4bf6-ab91-a4c670c4d4c0@localhost,TitForTat,D,1,1,619,609
611,player_ab4a5507-61fe-4ab8-a53b-9d32e62f7772@localhost,AlwaysDefect,D,player_6dc01db8-56e6-4bf6-ab91-a4c670c4d4c0@localhost,TitForTat,D,1,1,620,610
612,player_ab4a5507-61fe-4ab8-a53b-9d32e62f7772@localhost,AlwaysDefect,D,player_6dc01db8-56e6-4bf6-ab91-a4c670c4d4c0@localhost,TitForTat,D,1,1,621,611
613,player_ab4a5507-61fe-4ab8-a53b-9d32e62f7772@localhost,AlwaysDefect,D,player_6dc01db8-56e6-4bf6-ab91-a4c670c4d4c0@localhost,TitForTat,D,1,1,622,612
614,player_ab4a5507-61fe-4ab8-a53b-9d32e62f7772@localhost,AlwaysDefect,D,player_6dc01db8-56e6-4bf6-ab91-a4c670c4d4c0@localhost,TitForTat,D,1,1,623,613
615,player_ab4a5507-61fe-4ab8-a53b-9d32e62f7772@localhost,AlwaysDefect,D,player_6dc01db8-56e6-4bf6-ab91-a4c670c4d4c0@localhost,TitForTat,D,1,1,624,614
616,player_ab4a5507-61fe-4ab8-a53b-9d32e62f7772@localhost,AlwaysDefect,D,player_6dc01db8-56e6-4bf6-ab91-a4c670c4d4c0@localhost,TitForTat,D,1,1,625,615
617,player_ab4a5507-61fe-4ab8-a53b-9d32e62f7772@localhost,AlwaysDefect,D,player_6dc01db8-56e6-4bf6-ab91-a4c670c4d4c0@localhost,TitForTat,D,1,1,626,616
618,player_ab4a5507-61fe-4ab8-a53b-9d32e62f7772@localhost,AlwaysDefect,D,player_6dc01db8-56e6-4bf6-ab91-a4c670c4d4c0@localhost,TitForTat,D,1,1,627,617
619,player_ab4a5507-61fe-4ab8-a53b-9d32e62f7772@localhost,AlwaysDefect,D,player_6dc01db8-56e6-4bf6-ab91-a4c670c4d4c0@localhost,TitForTat,D,1,1,628,618
620,player_ab4a5507-61fe-4ab8-a53b-9d32e62f7772@localhost,AlwaysDefect,D,player_6dc01db8-56e6-4bf6-ab91-a4c670c4d4c0@localhost,TitForTat,D,1,1,629,619
621,player_ab4a5507-61fe-4ab8-a53b-9d32e62f7772@localhost,AlwaysDefect,D,player_6dc01db8-56e6-4bf6-ab91-a4c670c4d4c0@localhost,TitForTat,D,1,1,630,620
622,player_ab4a5507-61fe-4ab8-a53b-9d32e62f7772@localhost,AlwaysDefect,D,player_6dc01db8-56e6-4bf6-ab91-a4c670c4d4c0@localhost,TitForTat,D,1,1,631,621
623,player_ab4a5507-61fe-4ab8-a53b-9d32e62f7772@localhost,AlwaysDefect,D,player_6dc01db8-56e6-4bf6-ab91-a4c670c4d4c0@localhost,TitForTat,D,1,1,632,622
624,player_ab4a5507-61fe-4ab8-a53b-9d32e62f7772@localhost,AlwaysDefect,D,player_6dc01db8-56e6-4bf6-ab91-a4c670c4d4c0@localhost,TitForTat,D,1,1,633,623
625,player_ab4a5507-61fe-4ab8-a53b-9d32e62f7772@localhost,AlwaysDefect,D,player_6dc01db8-56e6-4bf6-ab91-a4c670c4d4c0@localhost,TitForTat,D,1,1,634,624
626,player_ab4a5507-61fe-4ab8-a53b-9d32e62f7772@localhost,AlwaysDefect,D,player_6dc01db8-56e6-4bf6-ab91-a4c670c4d4c0@localhost,TitForTat,D,1,1,635,625
627,player_ab4a5507-61fe-4ab8-a53b-9d32e62f7772@localhost,AlwaysDefect,D,player_6dc01db8-56e6-4bf6-ab91-a4c670c4d4c0@localhost,TitForTat,D,1,1,636,626
628,player_ab4a5507-61fe-4ab8-a53b-9d32e62f7772@localhost,AlwaysDefect,D,player_6dc01db8-56e6-4bf6-ab91-a4c670c4d4c0@localhost,TitForTat,D,1,1,637,627
629,player_ab4a5507-61fe-4ab8-a53b-9d32e62f7772@localhost,AlwaysDefect,D,player_6dc01db8-56e6-4bf6-ab91-a4c670c4d4c0@localhost,TitForTat,D,1,1,638,628
630,player_ab4a5507-61fe-4ab8-a53b-9d32e62f7772@localhost,AlwaysDefect,D,player_6dc01db8-56e6-4bf6-ab91-a4c670c4d4c0@localhost,TitForTat,D,1,1,639,629
631,player_ab4a5507-61fe-4ab8-a53b-9d32e62f7772@localhost,AlwaysDefect,D,player_6dc01db8-56e6-4bf6-ab91-a4c670c4d4c0@localhost,TitForTat,D,1,1,640,630
632,player_ab4a5507-61fe-4ab8-a53b-9d32e62f7772@localhost,AlwaysDefect,D,player_6dc01db8-56e6-4bf6-ab91-a4c670c4d4c0@localhost,TitForTat,D,1,1,641,631
633,player_ab4a5507-61fe-4ab8-a53b-9d32e62f7772@localhost,AlwaysDefect,D,player_6dc01db8-56e6-4bf6-ab91-a4c670c4d4c0@localhost,TitForTat,D,1,1,642,632
634,player_ab4a5507-61fe-4ab8-a53b-9d32e62f7772@localhost,AlwaysDefect,D,player_6dc01db8-56e6-4bf6-ab91-a4c670c4d4c0@localhost,TitForTat,D,1,1,643,633
635,player_ab4a5507-61fe-4ab8-a53b-9d32e62f7772@localhost,AlwaysDefect,D,player_6dc01db8-56e6-4bf6-ab91-a4c670c4d4c0@localhost,TitForTat,D,1,1,644,634
636,player_ab4a5507-61fe-4ab8-a53b-9d32e62f7772@localhost,AlwaysDefect,D,player_6dc01db8-56e6-4bf6-ab91-a4c670c4d4c0@localhost,TitForTat,D,1,1,645,635
637,player_ab4a5507-61fe-4ab8-a53b-9d32e62f7772@localhost,AlwaysDefect,D,player_6dc01db8-56e6-4bf6-ab91-a4c670c4d4c0@localhost,TitForTat,D,1,1,646,636
638,player_ab4a5507-61fe-4ab8-a53b-9d32e62f7772@localhost,AlwaysDefect,D,player_6dc01db8-56e6-4bf6-ab91-a4c670c4d4c0@localhost,TitForTat,D,1,1,647,637
639,player_ab4a5507-61fe-4ab8-a53b-9d32e62f7772@localhost,AlwaysDefect,D,player_6dc01db8-56e6-4bf6-ab91-a4c670c4d4c0@localhost,TitForTat,D,1,1,648,638
640,player_ab4a5507-61fe-4ab8-a53b-9d32e62f7772@localhost,AlwaysDefect,D,player_6dc01db8-56e6-4bf6-ab91-a4c670c4d4c0@localhost,TitForTat,D,1,1,649,639
641,player_ab4a5507-61fe-4ab8-a53b-9d32e62f7772@localhost,AlwaysDefect,D,player_6dc01db8-56e6-4bf6-ab91-a4c670c4d4c0@localhost,TitForTat,D,1,1,650,640
642,player_ab4a5507-61fe-4ab8-a53b-9d32e62f7772@localhost,AlwaysDefect,D,player_6dc01db8-56e6-4bf6-ab91-a4c670c4d4c0@localhost,TitForTat,D,1,1,651,641
643,player_ab4a5507-61fe-4ab8-a53b-9d32e62f7772@localhost,AlwaysDefect,D,player_6dc01db8-56e6-4bf6-ab91-a4c670c4d4c0@localhost,TitForTat,D,1,1,652,642
644,player_ab4a5507-61fe-4ab8-a53b-9d32e62f7772@localhost,AlwaysDefect,D,player_6dc01db8-56e6-4bf6-ab91-a4c670c4d4c0@localhost,TitForTat,D,1,1,653,643
645,player_ab4a5507-61fe-4ab8-a53b-9d32e62f7772@localhost,AlwaysDefect,D,player_6dc01db8-56e6-4bf6-ab91-a4c670c4d4c0@localhost,TitForTat,D,1,1,654,644
646,player_ab4a5507-61fe-4ab8-a53b-9d32e62f7772@localhost,AlwaysDefect,D,player_6dc01db8-56e6-4bf6-ab91-a4c670c4d4c0@localhost,TitForTat,D,1,1,655,645
647,player_ab4a5507-61fe-4ab8-a53b-9d32e62f7772@localhost,AlwaysDefect,D,player_6dc01db8-56e6-4bf6-ab91-a4c670c4d4c0@localhost,TitForTat,D,1,1,656,646
648,player_ab4a5507-61fe-4ab8-a53b-9d32e62f7772@localhost,AlwaysDefect,D,player_6dc01db8-56e6-4bf6-ab91-a4c670c4d4c0@localhost,TitForTat,D,1,1,657,647
649,player_ab4a5507-61fe-4ab8-a53b-9d32e62f7772@localhost,AlwaysDefect,D,player_6dc01db8-56e6-4bf6-ab91-a4c670c4d4c0@localhost,TitForTat,D,1,1,658,648
650,player_ab4a5507-61fe-4ab8-a53b-9d32e62f7772@localhost,AlwaysDefect,D,player_6dc01db8-56e6-4bf6-ab91-a4c670c4d4c0@localhost,TitForTat,D,1,1,659,649
651,player_ab4a5507-61fe-4ab8-a53b-9d32e62f7772@localhost,AlwaysDefect,D,player_6dc01db8-56e6-4bf6-ab91-a4c670c4d4c0@localhost,TitForTat,D,1,1,660,650
652,player_ab4a5507-61fe-4ab8-a53b-9d32e62f7772@localhost,AlwaysDefect,D,player_6dc01db8-56e6-4bf6-ab91-a4c670c4d4c0@localhost,TitForTat,D,1,1,661,651
653,player_ab4a5507-61fe-4ab8-a53b-9d32e62f7772@localhost,AlwaysDefect,D,player_6dc01db8-56e6-4bf6-ab91-a4c670c4d4c0@localhost,TitForTat,D,1,1,662,652
654,player_ab4a5507-61fe-4ab8-a53b-9d32e62f7772@localhost,AlwaysDefect,D,player_6dc01db8-56e6-4bf6-ab91-a4c670c4d4c0@localhost,TitForTat,D,1,1,663,653
655,player_ab4a5507-61fe-4ab8-a53b-9d32e62f7772@localhost,AlwaysDefect,D,player_6dc01db8-56e6-4bf6-ab91-a4c670c4d4c0@localhost,TitForTat,D,1,1,664,654
656,player_ab4a5507-61fe-4ab8-a53b-9d32e62f7772@localhost,AlwaysDefect,D,player_6dc01db8-56e6-4bf6-ab91-a4c670c4d4c0@localhost,TitForTat,D,1,1,665,655
657,player_ab4a5507-61fe-4ab8-a53b-9d32e62f7772@localhost,AlwaysDefect,D,player_6dc01db8-56e6-4bf6-ab91-a4c670c4d4c0@localhost,TitForTat,D,1,1,666,656
658,player_ab4a5507-61fe-4ab8-a53b-9d32e62f7772@localhost,AlwaysDefect,D,player_6dc01db8-56e6-4bf6-ab91-a4c670c4d4c0@localhost,TitForTat,D,1,1,667,657
659,player_ab4a5507-61fe-4ab8-a53b-9d32e62f7772@localhost,AlwaysDefect,D,player_6dc01db8-56e6-4bf6-ab91-a4c670c4d4c0@localhost,TitForTat,D,1,1,668,658
660,player_ab4a5507-61fe-4ab8-a53b-9d32e62f7772@localhost,AlwaysDefect,D,player_6dc01db8-56e6-4bf6-ab91-a4c670c4d4c0@localhost,TitForTat,D,1,1,669,659
661,player_ab4a5507-61fe-4ab8-a53b-9d32e62f7772@localhost,AlwaysDefect,D,player_6dc01db8-56e6-4bf6-ab91-a4c670c4d4c0@localhost,TitForTat,D,1,1,670,660
662,player_ab4a5507-61fe-4ab8-a53b-9d32e62f7772@localhost,AlwaysDefect,D,player_6dc01db8-56e6-4bf6-ab91-a4c670c4d4c0@localhost,TitForTat,D,1,1,671,661
663,player_ab4a5507-61fe-4ab8-a53b-9d32e62f7772@localhost,AlwaysDefect,D,player_6dc01db8-56e6-4bf6-ab91-a4c670c4d4c0@localhost,TitForTat,D,1,1,672,662
664,player_ab4a5507-61fe-4ab8-a53b-9d32e62f7772@localhost,AlwaysDefect,D,player_6dc01db8-56e6-4bf6-ab91-a4c670c4d4c0@localhost,TitForTat,D,1,1,673,663
665,player_ab4a5507-61fe-4ab8-a53b-9d32e62f7772@localhost,AlwaysDefect,D,player_6dc01db8-56e6-4bf6-ab91-a4c670c4d4c0@localhost,TitForTat,D,1,1,674,664
666,player_ab4a5507-61fe-4ab8-a53b-9d32e62f7772@localhost,AlwaysDefect,D,player_6dc01db8-56e6-4bf6-ab91-a4c670c4d4c0@localhost,TitForTat,D,1,1,675,665
667,player_ab4a5507-61fe-4ab8-a53b-9d32e62f7772@localhost,AlwaysDefect,D,player_6dc01db8-56e6-4bf6-ab91-a4c670c4d4c0@localhost,TitForTat,D,1,1,676,666
668,player_ab4a5507-61fe-4ab8-a53b-9d32e62f7772@localhost,AlwaysDefect,D,player_6dc01db8-56e6-4bf6-ab91-a4c670c4d4c0@localhost,TitForTat,D,1,1,677,667
669,player_ab4a5507-61fe-4ab8-a53b-9d32e62f7772@localhost,AlwaysDefect,D,player_6dc01db8-56e6-4bf6-ab91-a4c670c4d4c0@localhost,TitForTat,D,1,1,678,668
670,player_ab4a5507-61fe-4ab8-a53b-9d32e62f7772@localhost,AlwaysDefect,D,player_6dc01db8-56e6-4bf6-ab91-a4c670c4d4c0@localhost,TitForTat,D,1,1,679,669
671,player_ab4a5507-61fe-4ab8-a53b-9d32e62f7772@localhost,AlwaysDefect,D,player_6dc01db8-56e6-4bf6-ab91-a4c670c4d4c0@localhost,TitForTat,D,1,1,680,670
672,player_ab4a5507-61fe-4ab8-a53b-9d32e62f7772@localhost,AlwaysDefect,D,player_6dc01db8-56e6-4bf6-ab91-a4c670c4d4c0@localhost,TitForTat,D,1,1,681,671
673,player_ab4a5507-61fe-4ab8-a53b-9d32e62f7772@localhost,AlwaysDefect,D,player_6dc01db8-56e6-4bf6-ab91-a4c670c4d4c0@localhost,TitForTat,D,1,1,682,672
674,player_ab4a5507-61fe-4ab8-a53b-9d32e62f7772@localhost,AlwaysDefect,D,player_6dc01db8-56e6-4bf6-ab91-a4c670c4d4c0@localhost,TitForTat,D,1,1,683,673
675,player_ab4a5507-61fe-4ab8-a53b-9d32e62f7772@localhost,AlwaysDefect,D,player_6dc01db8-56e6-4bf6-ab91-a4c670c4d4c0@localhost,TitForTat,D,1,1,684,674
676,player_ab4a5507-61fe-4ab8-a53b-9d32e62f7772@localhost,AlwaysDefect,D,player_6dc01db8-56e6-4bf6-ab91-a4c670c4d4c0@localhost,TitForTat,D,1,1,685,675
677,player_ab4a5507-61fe-4ab8-a53b-9d32e62f7772@localhost,AlwaysDefect,D,player_6dc01db8-56e6-4bf6-ab91-a4c670c4d4c0@localhost,TitForTat,D,1,1,686,676
678,player_ab4a5507-61fe-4ab8-a53b-9d32e62f7772@localhost,AlwaysDefect,D,player_6dc01db8-56e6-4bf6-ab91-a4c670c4d4c0@localhost,TitForTat,D,1,1,687,677
679,player_ab4a5507-61fe-4ab8-a53b-9d32e62f7772@localhost,AlwaysDefect,D,player_6dc01db8-56e6-4bf6-ab91-a4c670c4d4c0@localhost,TitForTat,D,1,1,688,678
680,player_ab4a5507-61fe-4ab8-a53b-9d32e62f7772@localhost,AlwaysDefect,D,player_6dc01db8-56e6-4bf6-ab91-a4c670c4d4c0@localhost,TitForTat,D,1,1,689,679
681,player_ab4a5507-61fe-4ab8-a53b-9d32e62f7772@localhost,AlwaysDefect,D,player_6dc01db8-56e6-4bf6-ab91-a4c670c4d4c0@localhost,TitForTat,D,1,1,690,680
682,player_ab4a5507-61fe-4ab8-a53b-9d32e62f7772@localhost,AlwaysDefect,D,player_6dc01db8-56e6-4bf6-ab91-a4c670c4d4c0@localhost,TitForTat,D,1,1,691,681
683,player_ab4a5507-61fe-4ab8-a53b-9d32e62f7772@localhost,AlwaysDefect,D,player_6dc01db8-56e6-4bf6-ab91-a4c670c4d4c0@localhost,TitForTat,D,1,1,692,682
684,player_ab4a5507-61fe-4ab8-a53b-9d32e62f7772@localhost,AlwaysDefect,D,player_6dc01db8-56e6-4bf6-ab91-a4c670c4d4c0@localhost,TitForTat,D,1,1,693,683
685,player_ab4a5507-61fe-4ab8-a53b-9d32e62f7772@localhost,AlwaysDefect,D,player_6dc01db8-56e6-4bf6-ab91-a4c670c4d4c0@localhost,TitForTat,D,1,1,694,684
686,player_ab4a5507-61fe-4ab8-a53b-9d32e62f7772@localhost,AlwaysDefect,D,player_6dc01db8-56e6-4bf6-ab91-a4c670c4d4c0@localhost,TitForTat,D,1,1,695,685
687,player_ab4a5507-61fe-4ab8-a53b-9d32e62f7772@localhost,AlwaysDefect,D,player_6dc01db8-56e6-4bf6-ab91-a4c670c4d4c0@localhost,TitForTat,D,1,1,696,686
688,player_ab4a5507-61fe-4ab8-a53b-9d32e62f7772@localhost,AlwaysDefect,D,player_6dc01db8-56e6-4bf6-ab91-a4c670c4d4c0@localhost,TitForTat,D,1,1,697,687
689,player_ab4a5507-61fe-4ab8-a53b-9d32e62f7772@localhost,AlwaysDefect,D,player_6dc01db8-56e6-4bf6-ab91-a4c670c4d4c0@localhost,TitForTat,D,1,1,698,688
690,player_ab4a5507-61fe-4ab8-a53b-9d32e62f7772@localhost,AlwaysDefect,D,player_6dc01db8-56e6-4bf6-ab91-a4c670c4d4c0@localhost,TitForTat,D,1,1,699,689
691,player_ab4a5507-61fe-4ab8-a53b-9d32e62f7772@localhost,AlwaysDefect,D,player_6dc01db8-56e6-4bf6-ab91-a4c670c4d4c0@localhost,TitForTat,D,1,1,700,690
692,player_ab4a5507-61fe-4ab8-a53b-9d32e62f7772@localhost,AlwaysDefect,D,player_6dc01db8-56e6-4bf6-ab91-a4c670c4d4c0@localhost,TitForTat,D,1,1,701,691
693,player_ab4a5507-61fe-4ab8-a53b-9d32e62f7772@localhost,AlwaysDefect,D,player_6dc01db8-56e6-4bf6-ab91-a4c670c4d4c0@localhost,TitForTat,D,1,1,702,692
694,player_ab4a5507-61fe-4ab8-a53b-9d32e62f7772@localhost,AlwaysDefect,D,player_6dc01db8-56e6-4bf6-ab91-a4c670c4d4c0@localhost,TitForTat,D,1,1,703,693
695,player_ab4a5507-61fe-4ab8-a53b-9d32e62f7772@localhost,AlwaysDefect,D,player_6dc01db8-56e6-4bf6-ab91-a4c670c4d4c0@localhost,TitForTat,D,1,1,704,694
696,player_ab4a5507-61fe-4ab8-a53b-9d32e62f7772@localhost,AlwaysDefect,D,player_6dc01db8-56e6-4bf6-ab91-a4c670c4d4c0@localhost,TitForTat,D,1,1,705,695
697,player_ab4a5507-61fe-4ab8-a53b-9d32e62f7772@localhost,AlwaysDefect,D,player_6dc01db8-56e6-4bf6-ab91-a4c670c4d4c0@localhost,TitForTat,D,1,1,706,696
698,player_ab4a5507-61fe-4ab8-a53b-9d32e62f7772@localhost,AlwaysDefect,D,player_6dc01db8-56e6-4bf6-ab91-a4c670c4d4c0@localhost,TitForTat,D,1,1,707,697
699,player_ab4a5507-61fe-4ab8-a53b-9d32e62f7772@localhost,AlwaysDefect,D,player_6dc01db8-56e6-4bf6-ab91-a4c670c4d4c0@localhost,TitForTat,D,1,1,708,698
700,player_ab4a5507-61fe-4ab8-a53b-9d32e62f7772@localhost,AlwaysDefect,D,player_6dc01db8-56e6-4bf6-ab91-a4c670c4d4c0@localhost,TitForTat,D,1,1,709,699
701,player_ab4a5507-61fe-4ab8-a53b-9d32e62f7772@localhost,AlwaysDefect,D,player_6dc01db8-56e6-4bf6-ab91-a4c670c4d4c0@localhost,TitForTat,D,1,1,710,700
702,player_ab4a5507-61fe-4ab8-a53b-9d32e62f7772@localhost,AlwaysDefect,D,player_6dc01db8-56e6-4bf6-ab91-a4c670c4d4c0@localhost,TitForTat,D,1,1,711,701
703,player_ab4a5507-61fe-4ab8-a53b-9d32e62f7772@localhost,AlwaysDefect,D,player_6dc01db8-56e6-4bf6-ab91-a4c670c4d4c0@localhost,TitForTat,D,1,1,712,702
704,player_ab4a5507-61fe-4ab8-a53b-9d32e62f7772@localhost,AlwaysDefect,D,player_6dc01db8-56e6-4bf6-ab91-a4c670c4d4c0@localhost,TitForTat,D,1,1,713,703
705,player_ab4a5507-61fe-4ab8-a53b-9d32e62f7772@localhost,AlwaysDefect,D,player_6dc01db8-56e6-4bf6-ab91-a4c670c4d4c0@localhost,TitForTat,D,1,1,714,704
706,player_ab4a5507-61fe-4ab8-a53b-9d32e62f7772@localhost,AlwaysDefect,D,player_6dc01db8-56e6-4bf6-ab91-a4c670c4d4c0@localhost,TitForTat,D,1,1,715,705
707,player_ab4a5507-61fe-4ab8-a53b-9d32e62f7772@localhost,AlwaysDefect,D,player_6dc01db8-56e6-4bf6-ab91-a4c670c4d4c0@localhost,TitForTat,D,1,1,716,706
708,player_ab4a5507-61fe-4ab8-a53b-9d32e62f7772@localhost,AlwaysDefect,D,player_6dc01db8-56e6-4bf6-ab91-a4c670c4d4c0@localhost,TitForTat,D,1,1,717,707
709,player_ab4a5507-61fe-4ab8-a53b-9d32e62f7772@localhost,AlwaysDefect,D,player_6dc01db8-56e6-4bf6-ab91-a4c670c4d4c0@localhost,TitForTat,D,1,1,718,708
710,player_ab4a5507-61fe-4ab8-a53b-9d32e62f7772@localhost,AlwaysDefect,D,player_6dc01db8-56e6-4bf6-ab91-a4c670c4d4c0@localhost,TitForTat,D,1,1,719,709
711,player_ab4a5507-61fe-4ab8-a53b-9d32e62f7772@localhost,AlwaysDefect,D,player_6dc01db8-56e6-4bf6-ab91-a4c670c4d4c0@localhost,TitForTat,D,1,1,720,710
712,player_ab4a5507-61fe-4ab8-a53b-9d32e62f7772@localhost,AlwaysDefect,D,player_6dc01db8-56e6-4bf6-ab91-a4c670c4d4c0@localhost,TitForTat,D,1,1,721,711
713,player_ab4a5507-61fe-4ab8-a53b-9d32e62f7772@localhost,AlwaysDefect,D,player_6dc01db8-56e6-4bf6-ab91-a4c670c4d4c0@localhost,TitForTat,D,1,1,722,712
714,player_ab4a5507-61fe-4ab8-a53b-9d32e62f7772@localhost,AlwaysDefect,D,player_6dc01db8-56e6-4bf6-ab91-a4c670c4d4c0@localhost,TitForTat,D,1,1,723,713
715,player_ab4a5507-61fe-4ab8-a53b-9d32e62f7772@localhost,AlwaysDefect,D,player_6dc01db8-56e6-4bf6-ab91-a4c670c4d4c0@localhost,TitForTat,D,1,1,724,714
716,player_ab4a5507-61fe-4ab8-a53b-9d32e62f7772@localhost,AlwaysDefect,D,player_6dc01db8-56e6-4bf6-ab91-a4c670c4d4c0@localhost,TitForTat,D,1,1,725,715
717,player_ab4a5507-61fe-4ab8-a53b-9d32e62f7772@localhost,AlwaysDefect,D,player_6dc01db8-56e6-4bf6-ab91-a4c670c4d4c0@localhost,TitForTat,D,1,1,726,716
718,player_ab4a5507-61fe-4ab8-a53b-9d32e62f7772@localhost,AlwaysDefect,D,player_6dc01db8-56e6-4bf6-ab91-a4c670c4d4c0@localhost,TitForTat,D,1,1,727,717
719,player_ab4a5507-61fe-4ab8-a53b-9d32e62f7772@localhost,AlwaysDefect,D,player_6dc01db8-56e6-4bf6-ab91-a4c670c4d4c0@localhost,TitForTat,D,1,1,728,718
720,player_ab4a5507-61fe-4ab8-a53b-9d32e62f7772@localhost,AlwaysDefect,D,player_6dc01db8-56e6-4bf6-ab91-a4c670c4d4c0@localhost,TitForTat,D,1,1,729,719
721,player_ab4a5507-61fe-4ab8-a53b-9d32e62f7772@localhost,AlwaysDefect,D,player_6dc01db8-56e6-4bf6-ab91-a4c670c4d4c0@localhost,TitForTat,D,1,1,730,720
722,player_ab4a5507-61fe-4ab8-a53b-9d32e62f7772@localhost,AlwaysDefect,D,player_6dc01db8-56e6-4bf6-ab91-a4c670c4d4c0@localhost,TitForTat,D,1,1,731,721
723,player_ab4a5507-61fe-4ab8-a53b-9d32e62f7772@localhost,AlwaysDefect,D,player_6dc01db8-56e6-4bf6-ab91-a4c670c4d4c0@localhost,TitForTat,D,1,1,732,722
724,player_ab4a5507-61fe-4ab8-a53b-9d32e62f7772@localhost,AlwaysDefect,D,player_6dc01db8-56e6-4bf6-ab91-a4c670c4d4c0@localhost,TitForTat,D,1,1,733,723
725,player_ab4a5507-61fe-4ab8-a53b-9d32e62f7772@localhost,AlwaysDefect,D,player_6dc01db8-56e6-4bf6-ab91-a4c670c4d4c0@localhost,TitForTat,D,1,1,734,724
726,player_ab4a5507-61fe-4ab8-a53b-9d32e62f7772@localhost,AlwaysDefect,D,player_6dc01db8-56e6-4bf6-ab91-a4c670c4d4c0@localhost,TitForTat,D,1,1,735,725
727,player_ab4a5507-61fe-4ab8-a53b-9d32e62f7772@localhost,AlwaysDefect,D,player_6dc01db8-56e6-4bf6-ab91-a4c670c4d4c0@localhost,TitForTat,D,1,1,736,726
728,player_ab4a5507-61fe-4ab8-a53b-9d32e62f7772@localhost,AlwaysDefect,D,player_6dc01db8-56e6-4bf6-ab91-a4c670c4d4c0@localhost,TitForTat,D,1,1,737,727
729,player_ab4a5507-61fe-4ab8-a53b-9d32e62f7772@localhost,AlwaysDefect,D,player_6dc01db8-56e6-4bf6-ab91-a4c670c4d4c0@localhost,TitForTat,D,1,1,738,728
730,player_ab4a5507-61fe-4ab8-a53b-9d32e62f7772@localhost,AlwaysDefect,D,player_6dc01db8-56e6-4bf6-ab91-a4c670c4d4c0@localhost,TitForTat,D,1,1,739,729
731,player_ab4a5507-61fe-4ab8-a53b-9d32e62f7772@localhost,AlwaysDefect,D,player_6dc01db8-56e6-4bf6-ab91-a4c670c4d4c0@localhost,TitForTat,D,1,1,740,730
732,player_ab4a5507-61fe-4ab8-a53b-9d32e62f7772@localhost,AlwaysDefect,D,player_6dc01db8-56e6-4bf6-ab91-a4c670c4d4c0@localhost,TitForTat,D,1,1,741,731
733,player_ab4a5507-61fe-4ab8-a53b-9d32e62f7772@localhost,AlwaysDefect,D,player_6dc01db8-56e6-4bf6-ab91-a4c670c4d4c0@localhost,TitForTat,D,1,1,742,732
734,player_ab4a5507-61fe-4ab8-a53b-9d32e62f7772@localhost,AlwaysDefect,D,player_6dc01db8-56e6-4bf6-ab91-a4c670c4d4c0@localhost,TitForTat,D,1,1,743,733
735,player_ab4a5507-61fe-4ab8-a53b-9d32e62f7772@localhost,AlwaysDefect,D,player_6dc01db8-56e6-4bf6-ab91-a4c670c4d4c0@localhost,TitForTat,D,1,1,744,734
736,player_ab4a5507-61fe-4ab8-a53b-9d32e62f7772@localhost,AlwaysDefect,D,player_6dc01db8-56e6-4bf6-ab91-a4c670c4d4c0@localhost,TitForTat,D,1,1,745,735
737,player_ab4a5507-61fe-4ab8-a53b-9d32e62f7772@localhost,AlwaysDefect,D,player_6dc01db8-56e6-4bf6-ab91-a4c670c4d4c0@localhost,TitForTat,D,1,1,746,736
738,player_ab4a5507-61fe-4ab8-a53b-9d32e62f7772@localhost,AlwaysDefect,D,player_6dc01db8-56e6-4bf6-ab91-a4c670c4d4c0@localhost,TitForTat,D,1,1,747,737
739,player_ab4a5507-61fe-4ab8-a53b-9d32e62f7772@localhost,AlwaysDefect,D,player_6dc01db8-56e6-4bf6-ab91-a4c670c4d4c0@localhost,TitForTat,D,1,1,748,738
740,player_ab4a5507-61fe-4ab8-a53b-9d32e62f7772@localhost,AlwaysDefect,D,player_6dc01db8-56e6-4bf6-ab91-a4c670c4d4c0@localhost,TitForTat,D,1,1,749,739
741,player_ab4a5507-61fe-4ab8-a53b-9d32e62f7772@localhost,AlwaysDefect,D,player_6dc01db8-56e6-4bf6-ab91-a4c670c4d4c0@localhost,TitForTat,D,1,1,750,740
742,player_ab4a5507-61fe-4ab8-a53b-9d32e62f7772@localhost,AlwaysDefect,D,player_6dc01db8-56e6-4bf6-ab91-a4c670c4d4c0@localhost,TitForTat,D,1,1,751,741
743,player_ab4a5507-61fe-4ab8-a53b-9d32e62f7772@localhost,AlwaysDefect,D,player_6dc01db8-56e6-4bf6-ab91-a4c670c4d4c0@localhost,TitForTat,D,1,1,752,742
744,player_ab4a5507-61fe-4ab8-a53b-9d32e62f7772@localhost,AlwaysDefect,D,player_6dc01db8-56e6-4bf6-ab91-a4c670c4d4c0@localhost,TitForTat,D,1,1,753,743
745,player_ab4a5507-61fe-4ab8-a53b-9d32e62f7772@localhost,AlwaysDefect,D,player_6dc01db8-56e6-4bf6-ab91-a4c670c4d4c0@localhost,TitForTat,D,1,1,754,744
746,player_ab4a5507-61fe-4ab8-a53b-9d32e62f7772@localhost,AlwaysDefect,D,player_6dc01db8-56e6-4bf6-ab91-a4c670c4d4c0@localhost,TitForTat,D,1,1,755,745
747,player_ab4a5507-61fe-4ab8-a53b-9d32e62f7772@localhost,AlwaysDefect,D,player_6dc01db8-56e6-4bf6-ab91-a4c670c4d4c0@localhost,TitForTat,D,1,1,756,746
748,player_ab4a5507-61fe-4ab8-a53b-9d32e62f7772@localhost,AlwaysDefect,D,player_6dc01db8-56e6-4bf6-ab91-a4c670c4d4c0@localhost,TitForTat,D,1,1,757,747
749,player_ab4a5507-61fe-4ab8-a53b-9d32e62f7772@localhost,AlwaysDefect,D,player_6dc01db8-56e6-4bf6-ab91-a4c670c4d4c0@localhost,TitForTat,D,1,1,758,748
750,player_ab4a5507-61fe-4ab8-a53b-9d32e62f7772@localhost,AlwaysDefect,D,player_6dc01db8-56e6-4bf6-ab91-a4c670c4d4c0@localhost,TitForTat,D,1,1,759,749
751,player_ab4a5507-61fe-4ab8-a53b-9d32e62f7772@localhost,AlwaysDefect,D,player_6dc01db8-56e6-4bf6-ab91-a4c670c4d4c0@localhost,TitForTat,D,1,1,760,750
752,player_ab4a5507-61fe-4ab8-a53b-9d32e62f7772@localhost,AlwaysDefect,D,player_6dc01db8-56e6-4bf6-ab91-a4c670c4d4c0@localhost,TitForTat,D,1,1,761,751
753,player_ab4a5507-61fe-4ab8-a53b-9d32e62f7772@localhost,AlwaysDefect,D,player_6dc01db8-56e6-4bf6-ab91-a4c670c4d4c0@localhost,TitForTat,D,1,1,762,752
754,player_ab4a5507-61fe-4ab8-a53b-9d32e62f7772@localhost,AlwaysDefect,D,player_6dc01db8-56e6-4bf6-ab91-a4c670c4d4c0@localhost,TitForTat,D,1,1,763,753
755,player_ab4a5507-61fe-4ab8-a53b-9d32e62f7772@localhost,AlwaysDefect,D,player_6dc01db8-56e6-4bf6-ab91-a4c670c4d4c0@localhost,TitForTat,D,1,1,764,754
756,player_ab4a5507-61fe-4ab8-a53b-9d32e62f7772@localhost,AlwaysDefect,D,player_6dc01db8-56e6-4bf6-ab91-a4c670c4d4c0@localhost,TitForTat,D,1,1,765,755
757,player_ab4a5507-61fe-4ab8-a53b-9d32e62f7772@localhost,AlwaysDefect,D,player_6dc01db8-56e6-4bf6-ab91-a4c670c4d4c0@localhost,TitForTat,D,1,1,766,756
758,player_ab4a5507-61fe-4ab8-a53b-9d32e62f7772@localhost,AlwaysDefect,D,player_6dc01db8-56e6-4bf6-ab91-a4c670c4d4c0@localhost,TitForTat,D,1,1,767,757
759,player_ab4a5507-61fe-4ab8-a53b-9d32e62f7772@localhost,AlwaysDefect,D,player_6dc01db8-56e6-4bf6-ab91-a4c670c4d4c0@localhost,TitForTat,D,1,1,768,758
760,player_ab4a5507-61fe-4ab8-a53b-9d32e62f7772@localhost,AlwaysDefect,D,player_6dc01db8-56e6-4bf6-ab91-a4c670c4d4c0@localhost,TitForTat,D,1,1,769,759
761,player_ab4a5507-61fe-4ab8-a53b-9d32e62f7772@localhost,AlwaysDefect,D,player_6dc01db8-56e6-4bf6-ab91-a4c670c4d4c0@localhost,TitForTat,D,1,1,770,760
762,player_ab4a5507-61fe-4ab8-a53b-9d32e62f7772@localhost,AlwaysDefect,D,player_6dc01db8-56e6-4bf6-ab91-a4c670c4d4c0@localhost,TitForTat,D,1,1,771,761
763,player_ab4a5507-61fe-4ab8-a53b-9d32e62f7772@localhost,AlwaysDefect,D,player_6dc01db8-56e6-4bf6-ab91-a4c670c4d4c0@localhost,TitForTat,D,1,1,772,762
764,player_ab4a5507-61fe-4ab8-a53b-9d32e62f7772@localhost,AlwaysDefect,D,player_6dc01db8-56e6-4bf6-ab91-a4c670c4d4c0@localhost,TitForTat,D,1,1,773,763
765,player_ab4a5507-61fe-4ab8-a53b-9d32e62f7772@localhost,AlwaysDefect,D,player_6dc01db8-56e6-4bf6-ab91-a4c670c4d4c0@localhost,TitForTat,D,1,1,774,764
766,player_ab4a5507-61fe-4ab8-a53b-9d32e62f7772@localhost,AlwaysDefect,D,player_6dc01db8-56e6-4bf6-ab91-a4c670c4d4c0@localhost,TitForTat,D,1,1,775,765
767,player_ab4a5507-61fe-4ab8-a53b-9d32e62f7772@localhost,AlwaysDefect,D,player_6dc01db8-56e6-4bf6-ab91-a4c670c4d4c0@localhost,TitForTat,D,1,1,776,766
768,player_ab4a5507-61fe-4ab8-a53b-9d32e62f7772@localhost,AlwaysDefect,D,player_6dc01db8-56e6-4bf6-ab91-a4c670c4d4c0@localhost,TitForTat,D,1,1,777,767
769,player_ab4a5507-61fe-4ab8-a53b-9d32e62f7772@localhost,AlwaysDefect,D,player_6dc01db8-56e6-4bf6-ab91-a4c670c4d4c0@localhost,TitForTat,D,1,1,778,768
770,player_ab4a5507-61fe-4ab8-a53b-9d32e62f7772@localhost,AlwaysDefect,D,player_6dc01db8-56e6-4bf6-ab91-a4c670c4d4c0@localhost,TitForTat,D,1,1,779,769
771,player_ab4a5507-61fe-4ab8-a53b-9d32e62f7772@localhost,AlwaysDefect,D,player_6dc01db8-56e6-4bf6-ab91-a4c670c4d4c0@localhost,TitForTat,D,1,1,780,770
772,player_ab4a5507-61fe-4ab8-a53b-9d32e62f7772@localhost,AlwaysDefect,D,player_6dc01db8-56e6-4bf6-ab91-a4c670c4d4c0@localhost,TitForTat,D,1,1,781,771
773,player_ab4a5507-61fe-4ab8-a53b-9d32e62f7772@localhost,AlwaysDefect,D,player_6dc01db8-56e6-4bf6-ab91-a4c670c4d4c0@localhost,TitForTat,D,1,1,782,772
774,player_ab4a5507-61fe-4ab8-a53b-9d32e62f7772@localhost,AlwaysDefect,D,player_6dc01db8-56e6-4bf6-ab91-a4c670c4d4c0@localhost,TitForTat,D,1,1,783,773
775,player_ab4a5507-61fe-4ab8-a53b-9d32e62f7772@localhost,AlwaysDefect,D,player_6dc01db8-56e6-4bf6-ab91-a4c670c4d4c0@localhost,TitForTat,D,1,1,784,774
776,player_ab4a5507-61fe-4ab8-a53b-9d32e62f7772@localhost,AlwaysDefect,D,player_6dc01db8-56e6-4bf6-ab91-a4c670c4d4c0@localhost,TitForTat,D,1,1,785,775
777,player_ab4a5507-61fe-4ab8-a53b-9d32e62f7772@localhost,AlwaysDefect,D,player_6dc01db8-56e6-4bf6-ab91-a4c670c4d4c0@localhost,TitForTat,D,1,1,786,776
778,player_ab4a5507-61fe-4ab8-a53b-9d32e62f7772@localhost,AlwaysDefect,D,player_6dc01db8-56e6-4bf6-ab91-a4c670c4d4c0@localhost,TitForTat,D,1,1,787,777
779,player_ab4a5507-61fe-4ab8-a53b-9d32e62f7772@localhost,AlwaysDefect,D,player_6dc01db8-56e6-4bf6-ab91-a4c670c4d4c0@localhost,TitForTat,D,1,1,788,778
780,player_ab4a5507-61fe-4ab8-a53b-9d32e62f7772@localhost,AlwaysDefect,D,player_6dc01db8-56e6-4bf6-ab91-a4c670c4d4c0@localhost,TitForTat,D,1,1,789,779
781,player_ab4a5507-61fe-4ab8-a53b-9d32e62f7772@localhost,AlwaysDefect,D,player_6dc01db8-56e6-4bf6-ab91-a4c670c4d4c0@localhost,TitForTat,D,1,1,790,780
782,player_ab4a5507-61fe-4ab8-a53b-9d32e62f7772@localhost,AlwaysDefect,D,player_6dc01db8-56e6-4bf6-ab91-a4c670c4d4c0@localhost,TitForTat,D,1,1,791,781
783,player_ab4a5507-61fe-4ab8-a53b-9d32e62f7772@localhost,AlwaysDefect,D,player_6dc01db8-56e6-4bf6-ab91-a4c670c4d4c0@localhost,TitForTat,D,1,1,792,782
784,player_ab4a5507-61fe-4ab8-a53b-9d32e62f7772@localhost,AlwaysDefect,D,player_6dc01db8-56e6-4bf6-ab91-a4c670c4d4c0@localhost,TitForTat,D,1,1,793,783
785,player_ab4a5507-61fe-4ab8-a53b-9d32e62f7772@localhost,AlwaysDefect,D,player_6dc01db8-56e6-4bf6-ab91-a4c670c4d4c0@localhost,TitForTat,D,1,1,794,784
786,player_ab4a5507-61fe-4ab8-a53b-9d32e62f7772@localhost,AlwaysDefect,D,player_6dc01db8-56e6-4bf6-ab91-a4c670c4d4c0@localhost,TitForTat,D,1,1,795,785
787,player_ab4a5507-61fe-4ab8-a53b-9d32e62f7772@localhost,AlwaysDefect,D,player_6dc01db8-56e6-4bf6-ab91-a4c670c4d4c0@localhost,TitForTat,D,1,1,796,786
788,player_ab4a5507-61fe-4ab8-a53b-9d32e62f7772@localhost,AlwaysDefect,D,player_6dc01db8-56e6-4bf6-ab91-a4c670c4d4c0@localhost,TitForTat,D,1,1,797,787
789,player_ab4a5507-61fe-4ab8-a53b-9d32e62f7772@localhost,AlwaysDefect,D,player_6dc01db8-56e6-4bf6-ab91-a4c670c4d4c0@localhost,TitForTat,D,1,1,798,788
790,player_ab4a5507-61fe-4ab8-a53b-9d32e62f7772@localhost,AlwaysDefect,D,player_6dc01db8-56e6-4bf6-ab91-a4c670c4d4c0@localhost,TitForTat,D,1,1,799,789
791,player_ab4a5507-61fe-4ab8-a53b-9d32e62f7772@localhost,AlwaysDefect,D,player_6dc01db8-56e6-4bf6-ab91-a4c670c4d4c0@localhost,TitForTat,D,1,1,800,790
792,player_ab4a5507-61fe-4ab8-a53b-9d32e62f7772@localhost,AlwaysDefect,D,player_6dc01db8-56e6-4bf6-ab91-a4c670c4d4c0@localhost,TitForTat,D,1,1,801,791
793,player_ab4a5507-61fe-4ab8-a53b-9d32e62f7772@localhost,AlwaysDefect,D,player_6dc01db8-56e6-4bf6-ab91-a4c670c4d4c0@localhost,TitForTat,D,1,1,802,792
794,player_ab4a5507-61fe-4ab8-a53b-9d32e62f7772@localhost,AlwaysDefect,D,player_6dc01db8-56e6-4bf6-ab91-a4c670c4d4c0@localhost,TitForTat,D,1,1,803,793
795,player_ab4a5507-61fe-4ab8-a53b-9d32e62f7772@localhost,AlwaysDefect,D,player_6dc01db8-56e6-4bf6-ab91-a4c670c4d4c0@localhost,TitForTat,D,1,1,804,794
796,player_ab4a5507-61fe-4ab8-a53b-9d32e62f7772@localhost,AlwaysDefect,D,player_6dc01db8-56e6-4bf6-ab91-a4c670c4d4c0@localhost,TitForTat,D,1,1,805,795
797,player_ab4a5507-61fe-4ab8-a53b-9d32e62f7772@localhost,AlwaysDefect,D,player_6dc01db8-56e6-4bf6-ab91-a4c670c4d4c0@localhost,TitForTat,D,1,1,806,796
798,player_ab4a5507-61fe-4ab8-a53b-9d32e62f7772@localhost,AlwaysDefect,D,player_6dc01db8-56e6-4bf6-ab91-a4c670c4d4c0@localhost,TitForTat,D,1,1,807,797
799,player_ab4a5507-61fe-4ab8-a53b-9d32e62f7772@localhost,AlwaysDefect,D,player_6dc01db8-56e6-4bf6-ab91-a4c670c4d4c0@localhost,TitForTat,D,1,1,808,798
800,player_ab4a5507-61fe-4ab8-a53b-9d32e62f7772@localhost,AlwaysDefect,D,player_6dc01db8-56e6-4bf6-ab91-a4c670c4d4c0@localhost,TitForTat,D,1,1,809,799
801,player_ab4a5507-61fe-4ab8-a53b-9d32e62f7772@localhost,AlwaysDefect,D,player_6dc01db8-56e6-4bf6-ab91-a4c670c4d4c0@localhost,TitForTat,D,1,1,810,800
802,player_ab4a5507-61fe-4ab8-a53b-9d32e62f7772@localhost,AlwaysDefect,D,player_6dc01db8-56e6-4bf6-ab91-a4c670c4d4c0@localhost,TitForTat,D,1,1,811,801
803,player_ab4a5507-61fe-4ab8-a53b-9d32e62f7772@localhost,AlwaysDefect,D,player_6dc01db8-56e6-4bf6-ab91-a4c670c4d4c0@localhost,TitForTat,D,1,1,812,802
804,player_ab4a5507-61fe-4ab8-a53b-9d32e62f7772@localhost,AlwaysDefect,D,player_6dc01db8-56e6-4bf6-ab91-a4c670c4d4c0@localhost,TitForTat,D,1,1,813,803
805,player_ab4a5507-61fe-4ab8-a53b-9d32e62f7772@localhost,AlwaysDefect,D,player_6dc01db8-56e6-4bf6-ab91-a4c670c4d4c0@localhost,TitForTat,D,1,1,814,804
806,player_ab4a5507-61fe-4ab8-a53b-9d32e62f7772@localhost,AlwaysDefect,D,player_6dc01db8-56e6-4bf6-ab91-a4c670c4d4c0@localhost,TitForTat,D,1,1,815,805
807,player_ab4a5507-61fe-4ab8-a53b-9d32e62f7772@localhost,AlwaysDefect,D,player_6dc01db8-56e6-4bf6-ab91-a4c670c4d4c0@localhost,TitForTat,D,1,1,816,806
808,player_ab4a5507-61fe-4ab8-a53b-9d32e62f7772@localhost,AlwaysDefect,D,player_6dc01db8-56e6-4bf6-ab91-a4c670c4d4c0@localhost,TitForTat,D,1,1,817,807
809,player_ab4a5507-61fe-4ab8-a53b-9d32e62f7772@localhost,AlwaysDefect,D,player_6dc01db8-56e6-4bf6-ab91-a4c670c4d4c0@localhost,TitForTat,D,1,1,818,808
810,player_ab4a5507-61fe-4ab8-a53b-9d32e62f7772@localhost,AlwaysDefect,D,player_6dc01db8-56e6-4bf6-ab91-a4c670c4d4c0@localhost,TitForTat,D,1,1,819,809
811,player_ab4a5507-61fe-4ab8-a53b-9d32e62f7772@localhost,AlwaysDefect,D,player_6dc01db8-56e6-4bf6-ab91-a4c670c4d4c0@localhost,TitForTat,D,1,1,820,810
812,player_ab4a5507-61fe-4ab8-a53b-9d32e62f7772@localhost,AlwaysDefect,D,player_6dc01db8-56e6-4bf6-ab91-a4c670c4d4c0@localhost,TitForTat,D,1,1,821,811
813,player_ab4a5507-61fe-4ab8-a53b-9d32e62f7772@localhost,AlwaysDefect,D,player_6dc01db8-56e6-4bf6-ab91-a4c670c4d4c0@localhost,TitForTat,D,1,1,822,812
814,player_ab4a5507-61fe-4ab8-a53b-9d32e62f7772@localhost,AlwaysDefect,D,player_6dc01db8-56e6-4bf6-ab91-a4c670c4d4c0@localhost,TitForTat,D,1,1,823,813
815,player_ab4a5507-61fe-4ab8-a53b-9d32e62f7772@localhost,AlwaysDefect,D,player_6dc01db8-56e6-4bf6-ab91-a4c670c4d4c0@localhost,TitForTat,D,1,1,824,814
816,player_ab4a5507-61fe-4ab8-a53b-9d32e62f7772@localhost,AlwaysDefect,D,player_6dc01db8-56e6-4bf6-ab91-a4c670c4d4c0@localhost,TitForTat,D,1,1,825,815
817,player_ab4a5507-61fe-4ab8-a53b-9d32e62f7772@localhost,AlwaysDefect,D,player_6dc01db8-56e6-4bf6-ab91-a4c670c4d4c0@localhost,TitForTat,D,1,1,826,816
818,player_ab4a5507-61fe-4ab8-a53b-9d32e62f7772@localhost,AlwaysDefect,D,player_6dc01db8-56e6-4bf6-ab91-a4c670c4d4c0@localhost,TitForTat,D,1,1,827,817
819,player_ab4a5507-61fe-4ab8-a53b-9d32e62f7772@localhost,AlwaysDefect,D,player_6dc01db8-56e6-4bf6-ab91-a4c670c4d4c0@localhost,TitForTat,D,1,1,828,818
820,player_ab4a5507-61fe-4ab8-a53b-9d32e62f7772@localhost,AlwaysDefect,D,player_6dc01db8-56e6-4bf6-ab91-a4c670c4d4c0@localhost,TitForTat,D,1,1,829,819
821,player_ab4a5507-61fe-4ab8-a53b-9d32e62f7772@localhost,AlwaysDefect,D,player_6dc01db8-56e6-4bf6-ab91-a4c670c4d4c0@localhost,TitForTat,D,1,1,830,820
822,player_ab4a5507-61fe-4ab8-a53b-9d32e62f7772@localhost,AlwaysDefect,D,player_6dc01db8-56e6-4bf6-ab91-a4c670c4d4c0@localhost,TitForTat,D,1,1,831,821
823,player_ab4a5507-61fe-4ab8-a53b-9d32e62f7772@localhost,AlwaysDefect,D,player_6dc01db8-56e6-4bf6-ab91-a4c670c4d4c0@localhost,TitForTat,D,1,1,832,822
824,player_ab4a5507-61fe-4ab8-a53b-9d32e62f7772@localhost,AlwaysDefect,D,player_6dc01db8-56e6-4bf6-ab91-a4c670c4d4c0@localhost,TitForTat,D,1,1,833,823
825,player_ab4a5507-61fe-4ab8-a53b-9d32e62f7772@localhost,AlwaysDefect,D,player_6dc01db8-56e6-4bf6-ab91-a4c670c4d4c0@localhost,TitForTat,D,1,1,834,824
826,player_ab4a5507-61fe-4ab8-a53b-9d32e62f7772@localhost,AlwaysDefect,D,player_6dc01db8-56e6-4bf6-ab91-a4c670c4d4c0@localhost,TitForTat,D,1,1,835,825
827,player_ab4a5507-61fe-4ab8-a53b-9d32e62f7772@localhost,AlwaysDefect,D,player_6dc01db8-56e6-4bf6-ab91-a4c670c4d4c0@localhost,TitForTat,D,1,1,836,826
828,player_ab4a5507-61fe-4ab8-a53b-9d32e62f7772@localhost,AlwaysDefect,D,player_6dc01db8-56e6-4bf6-ab91-a4c670c4d4c0@localhost,TitForTat,D,1,1,837,827
829,player_ab4a5507-61fe-4ab8-a53b-9d32e62f7772@localhost,AlwaysDefect,D,player_6dc01db8-56e6-4bf6-ab91-a4c670c4d4c0@localhost,TitForTat,D,1,1,838,828
830,player_ab4a5507-61fe-4ab8-a53b-9d32e62f7772@localhost,AlwaysDefect,D,player_6dc01db8-56e6-4bf6-ab91-a4c670c4d4c0@localhost,TitForTat,D,1,1,839,829
831,player_ab4a5507-61fe-4ab8-a53b-9d32e62f7772@localhost,AlwaysDefect,D,player_6dc01db8-56e6-4bf6-ab91-a4c670c4d4c0@localhost,TitForTat,D,1,1,840,830
832,player_ab4a5507-61fe-4ab8-a53b-9d32e62f7772@localhost,AlwaysDefect,D,player_6dc01db8-56e6-4bf6-ab91-a4c670c4d4c0@localhost,TitForTat,D,1,1,841,831
833,player_ab4a5507-61fe-4ab8-a53b-9d32e62f7772@localhost,AlwaysDefect,D,player_6dc01db8-56e6-4bf6-ab91-a4c670c4d4c0@localhost,TitForTat,D,1,1,842,832
834,player_ab4a5507-61fe-4ab8-a53b-9d32e62f7772@localhost,AlwaysDefect,D,player_6dc01db8-56e6-4bf6-ab91-a4c670c4d4c0@localhost,TitForTat,D,1,1,843,833
835,player_ab4a5507-61fe-4ab8-a53b-9d32e62f7772@localhost,AlwaysDefect,D,player_6dc01db8-56e6-4bf6-ab91-a4c670c4d4c0@localhost,TitForTat,D,1,1,844,834
836,player_ab4a5507-61fe-4ab8-a53b-9d32e62f7772@localhost,AlwaysDefect,D,player_6dc01db8-56e6-4bf6-ab91-a4c670c4d4c0@localhost,TitForTat,D,1,1,845,835
837,player_ab4a5507-61fe-4ab8-a53b-9d32e62f7772@localhost,AlwaysDefect,D,player_6dc01db8-56e6-4bf6-ab91-a4c670c4d4c0@localhost,TitForTat,D,1,1,846,836
838,player_ab4a5507-61fe-4ab8-a53b-9d32e62f7772@localhost,AlwaysDefect,D,player_6dc01db8-56e6-4bf6-ab91-a4c670c4d4c0@localhost,TitForTat,D,1,1,847,837
839,player_ab4a5507-61fe-4ab8-a53b-9d32e62f7772@localhost,AlwaysDefect,D,player_6dc01db8-56e6-4bf6-ab91-a4c670c4d4c0@localhost,TitForTat,D,1,1,848,838
840,player_ab4a5507-61fe-4ab8-a53b-9d32e62f7772@localhost,AlwaysDefect,D,player_6dc01db8-56e6-4bf6-ab91-a4c670c4d4c0@localhost,TitForTat,D,1,1,849,839
841,player_ab4a5507-61fe-4ab8-a53b-9d32e62f7772@localhost,AlwaysDefect,D,player_6dc01db8-56e6-4bf6-ab91-a4c670c4d4c0@localhost,TitForTat,D,1,1,850,840
842,player_ab4a5507-61fe-4ab8-a53b-9d32e62f7772@localhost,AlwaysDefect,D,player_6dc01db8-56e6-4bf6-ab91-a4c670c4d4c0@localhost,TitForTat,D,1,1,851,841
843,player_ab4a5507-61fe-4ab8-a53b-9d32e62f7772@localhost,AlwaysDefect,D,player_6dc01db8-56e6-4bf6-ab91-a4c670c4d4c0@localhost,TitForTat,D,1,1,852,842
844,player_ab4a5507-61fe-4ab8-a53b-9d32e62f7772@localhost,AlwaysDefect,D,player_6dc01db8-56e6-4bf6-ab91-a4c670c4d4c0@localhost,TitForTat,D,1,1,853,843
845,player_ab4a5507-61fe-4ab8-a53b-9d32e62f7772@localhost,AlwaysDefect,D,player_6dc01db8-56e6-4bf6-ab91-a4c670c4d4c0@localhost,TitForTat,D,1,1,854,844
846,player_ab4a5507-61fe-4ab8-a53b-9d32e62f7772@localhost,AlwaysDefect,D,player_6dc01db8-56e6-4bf6-ab91-a4c670c4d4c0@localhost,TitForTat,D,1,1,855,845
847,player_ab4a5507-61fe-4ab8-a53b-9d32e62f7772@localhost,AlwaysDefect,D,player_6dc01db8-56e6-4bf6-ab91-a4c670c4d4c0@localhost,TitForTat,D,1,1,856,846
848,player_ab4a5507-61fe-4ab8-a53b-9d32e62f7772@localhost,AlwaysDefect,D,player_6dc01db8-56e6-4bf6-ab91-a4c670c4d4c0@localhost,TitForTat,D,1,1,857,847
849,player_ab4a5507-61fe-4ab8-a53b-9d32e62f7772@localhost,AlwaysDefect,D,player_6dc01db8-56e6-4bf6-ab91-a4c670c4d4c0@localhost,TitForTat,D,1,1,858,848
850,player_ab4a5507-61fe-4ab8-a53b-9d32e62f7772@localhost,AlwaysDefect,D,player_6dc01db8-56e6-4bf6-ab91-a4c670c4d4c0@localhost,TitForTat,D,1,1,859,849
851,player_ab4a5507-61fe-4ab8-a53b-9d32e62f7772@localhost,AlwaysDefect,D,player_6dc01db8-56e6-4bf6-ab91-a4c670c4d4c0@localhost,TitForTat,D,1,1,860,850
852,player_ab4a5507-61fe-4ab8-a53b-9d32e62f7772@localhost,AlwaysDefect,D,player_6dc01db8-56e6-4bf6-ab91-a4c670c4d4c0@localhost,TitForTat,D,1,1,861,851
853,player_ab4a5507-61fe-4ab8-a53b-9d32e62f7772@localhost,AlwaysDefect,D,player_6dc01db8-56e6-4bf6-ab91-a4c670c4d4c0@localhost,TitForTat,D,1,1,862,852
854,player_ab4a5507-61fe-4ab8-a53b-9d32e62f7772@localhost,AlwaysDefect,D,player_6dc01db8-56e6-4bf6-ab91-a4c670c4d4c0@localhost,TitForTat,D,1,1,863,853
855,player_ab4a5507-61fe-4ab8-a53b-9d32e62f7772@localhost,AlwaysDefect,D,player_6dc01db8-56e6-4bf6-ab91-a4c670c4d4c0@localhost,TitForTat,D,1,1,864,854
856,player_ab4a5507-61fe-4ab8-a53b-9d32e62f7772@localhost,AlwaysDefect,D,player_6dc01db8-56e6-4bf6-ab91-a4c670c4d4c0@localhost,TitForTat,D,1,1,865,855
857,player_ab4a5507-61fe-4ab8-a53b-9d32e62f7772@localhost,AlwaysDefect,D,player_6dc01db8-56e6-4bf6-ab91-a4c670c4d4c0@localhost,TitForTat,D,1,1,866,856
858,player_ab4a5507-61fe-4ab8-a53b-9d32e62f7772@localhost,AlwaysDefect,D,player_6dc01db8-56e6-4bf6-ab91-a4c670c4d4c0@localhost,TitForTat,D,1,1,867,857
859,player_ab4a5507-61fe-4ab8-a53b-9d32e62f7772@localhost,AlwaysDefect,D,player_6dc01db8-56e6-4bf6-ab91-a4c670c4d4c0@localhost,TitForTat,D,1,1,868,858
860,player_ab4a5507-61fe-4ab8-a53b-9d32e62f7772@localhost,AlwaysDefect,D,player_6dc01db8-56e6-4bf6-ab91-a4c670c4d4c0@localhost,TitForTat,D,1,1,869,859
861,player_ab4a5507-61fe-4ab8-a53b-9d32e62f7772@localhost,AlwaysDefect,D,player_6dc01db8-56e6-4bf6-ab91-a4c670c4d4c0@localhost,TitForTat,D,1,1,870,860
862,player_ab4a5507-61fe-4ab8-a53b-9d32e62f7772@localhost,AlwaysDefect,D,player_6dc01db8-56e6-4bf6-ab91-a4c670c4d4c0@localhost,TitForTat,D,1,1,871,861
863,player_ab4a5507-61fe-4ab8-a53b-9d32e62f7772@localhost,AlwaysDefect,D,player_6dc01db8-56e6-4bf6-ab91-a4c670c4d4c0@localhost,TitForTat,D,1,1,872,862
864,player_ab4a5507-61fe-4ab8-a53b-9d32e62f7772@localhost,AlwaysDefect,D,player_6dc01db8-56e6-4bf6-ab91-a4c670c4d4c0@localhost,TitForTat,D,1,1,873,863
865,player_ab4a5507-61fe-4ab8-a53b-9d32e62f7772@localhost,AlwaysDefect,D,player_6dc01db8-56e6-4bf6-ab91-a4c670c4d4c0@localhost,TitForTat,D,1,1,874,864
866,player_ab4a5507-61fe-4ab8-a53b-9d32e62f7772@localhost,AlwaysDefect,D,player_6dc01db8-56e6-4bf6-ab91-a4c670c4d4c0@localhost,TitForTat,D,1,1,875,865
867,player_ab4a5507-61fe-4ab8-a53b-9d32e62f7772@localhost,AlwaysDefect,D,player_6dc01db8-56e6-4bf6-ab91-a4c670c4d4c0@localhost,TitForTat,D,1,1,876,866
868,player_ab4a5507-61fe-4ab8-a53b-9d32e62f7772@localhost,AlwaysDefect,D,player_6dc01db8-56e6-4bf6-ab91-a4c670c4d4c0@localhost,TitForTat,D,1,1,877,867
869,player_ab4a5507-61fe-4ab8-a53b-9d32e62f7772@localhost,AlwaysDefect,D,player_6dc01db8-56e6-4bf6-ab91-a4c670c4d4c0@localhost,TitForTat,D,1,1,878,868
870,player_ab4a5507-61fe-4ab8-a53b-9d32e62f7772@localhost,AlwaysDefect,D,player_6dc01db8-56e6-4bf6-ab91-a4c670c4d4c0@localhost,TitForTat,D,1,1,879,869
871,player_ab4a5507-61fe-4ab8-a53b-9d32e62f7772@localhost,AlwaysDefect,D,player_6dc01db8-56e6-4bf6-ab91-a4c670c4d4c0@localhost,TitForTat,D,1,1,880,870
872,player_ab4a5507-61fe-4ab8-a53b-9d32e62f7772@localhost,AlwaysDefect,D,player_6dc01db8-56e6-4bf6-ab91-a4c670c4d4c0@localhost,TitForTat,D,1,1,881,871
873,player_ab4a5507-61fe-4ab8-a53b-9d32e62f7772@localhost,AlwaysDefect,D,player_6dc01db8-56e6-4bf6-ab91-a4c670c4d4c0@localhost,TitForTat,D,1,1,882,872
874,player_ab4a5507-61fe-4ab8-a53b-9d32e62f7772@localhost,AlwaysDefect,D,player_6dc01db8-56e6-4bf6-ab91-a4c670c4d4c0@localhost,TitForTat,D,1,1,883,873
875,player_ab4a5507-61fe-4ab8-a53b-9d32e62f7772@localhost,AlwaysDefect,D,player_6dc01db8-56e6-4bf6-ab91-a4c670c4d4c0@localhost,TitForTat,D,1,1,884,874
876,player_ab4a5507-61fe-4ab8-a53b-9d32e62f7772@localhost,AlwaysDefect,D,player_6dc01db8-56e6-4bf6-ab91-a4c670c4d4c0@localhost,TitForTat,D,1,1,885,875
877,player_ab4a5507-61fe-4ab8-a53b-9d32e62f7772@localhost,AlwaysDefect,D,player_6dc01db8-56e6-4bf6-ab91-a4c670c4d4c0@localhost,TitForTat,D,1,1,886,876
878,player_ab4a5507-61fe-4ab8-a53b-9d32e62f7772@localhost,AlwaysDefect,D,player_6dc01db8-56e6-4bf6-ab91-a4c670c4d4c0@localhost,TitForTat,D,1,1,887,877
879,player_ab4a5507-61fe-4ab8-a53b-9d32e62f7772@localhost,AlwaysDefect,D,player_6dc01db8-56e6-4bf6-ab91-a4c670c4d4c0@localhost,TitForTat,D,1,1,888,878
880,player_ab4a5507-61fe-4ab8-a53b-9d32e62f7772@localhost,AlwaysDefect,D,player_6dc01db8-56e6-4bf6-ab91-a4c670c4d4c0@localhost,TitForTat,D,1,1,889,879
881,player_ab4a5507-61fe-4ab8-a53b-9d32e62f7772@localhost,AlwaysDefect,D,player_6dc01db8-56e6-4bf6-ab91-a4c670c4d4c0@localhost,TitForTat,D,1,1,890,880
882,player_ab4a5507-61fe-4ab8-a53b-9d32e62f7772@localhost,AlwaysDefect,D,player_6dc01db8-56e6-4bf6-ab91-a4c670c4d4c0@localhost,TitForTat,D,1,1,891,881
883,player_ab4a5507-61fe-4ab8-a53b-9d32e62f7772@localhost,AlwaysDefect,D,player_6dc01db8-56e6-4bf6-ab91-a4c670c4d4c0@localhost,TitForTat,D,1,1,892,882
884,player_ab4a5507-61fe-4ab8-a53b-9d32e62f7772@localhost,AlwaysDefect,D,player_6dc01db8-56e6-4bf6-ab91-a4c670c4d4c0@localhost,TitForTat,D,1,1,893,883
885,player_ab4a5507-61fe-4ab8-a53b-9d32e62f7772@localhost,AlwaysDefect,D,player_6dc01db8-56e6-4bf6-ab91-a4c670c4d4c0@localhost,TitForTat,D,1,1,894,884
886,player_ab4a5507-61fe-4ab8-a53b-9d32e62f7772@localhost,AlwaysDefect,D,player_6dc01db8-56e6-4bf6-ab91-a4c670c4d4c0@localhost,TitForTat,D,1,1,895,885
887,player_ab4a5507-61fe-4ab8-a53b-9d32e62f7772@localhost,AlwaysDefect,D,player_6dc01db8-56e6-4bf6-ab91-a4c670c4d4c0@localhost,TitForTat,D,1,1,896,886
888,player_ab4a5507-61fe-4ab8-a53b-9d32e62f7772@localhost,AlwaysDefect,D,player_6dc01db8-56e6-4bf6-ab91-a4c670c4d4c0@localhost,TitForTat,D,1,1,897,887
889,player_ab4a5507-61fe-4ab8-a53b-9d32e62f7772@localhost,AlwaysDefect,D,player_6dc01db8-56e6-4bf6-ab91-a4c670c4d4c0@localhost,TitForTat,D,1,1,898,888
890,player_ab4a5507-61fe-4ab8-a53b-9d32e62f7772@localhost,AlwaysDefect,D,player_6dc01db8-56e6-4bf6-ab91-a4c670c4d4c0@localhost,TitForTat,D,1,1,899,889
891,player_ab4a5507-61fe-4ab8-a53b-9d32e62f7772@localhost,AlwaysDefect,D,player_6dc01db8-56e6-4bf6-ab91-a4c670c4d4c0@localhost,TitForTat,D,1,1,900,890
892,player_ab4a5507-61fe-4ab8-a53b-9d32e62f7772@localhost,AlwaysDefect,D,player_6dc01db8-56e6-4bf6-ab91-a4c670c4d4c0@localhost,TitForTat,D,1,1,901,891
893,player_ab4a5507-61fe-4ab8-a53b-9d32e62f7772@localhost,AlwaysDefect,D,player_6dc01db8-56e6-4bf6-ab91-a4c670c4d4c0@localhost,TitForTat,D,1,1,902,892
894,player_ab4a5507-61fe-4ab8-a53b-9d32e62f7772@localhost,AlwaysDefect,D,player_6dc01db8-56e6-4bf6-ab91-a4c670c4d4c0@localhost,TitForTat,D,1,1,903,893
895,player_ab4a5507-61fe-4ab8-a53b-9d32e62f7772@localhost,AlwaysDefect,D,player_6dc01db8-56e6-4bf6-ab91-a4c670c4d4c0@localhost,TitForTat,D,1,1,904,894
896,player_ab4a5507-61fe-4ab8-a53b-9d32e62f7772@localhost,AlwaysDefect,D,player_6dc01db8-56e6-4bf6-ab91-a4c670c4d4c0@localhost,TitForTat,D,1,1,905,895
897,player_ab4a5507-61fe-4ab8-a53b-9d32e62f7772@localhost,AlwaysDefect,D,player_6dc01db8-56e6-4bf6-ab91-a4c670c4d4c0@localhost,TitForTat,D,1,1,906,896
898,player_ab4a5507-61fe-4ab8-a53b-9d32e62f7772@localhost,AlwaysDefect,D,player_6dc01db8-56e6-4bf6-ab91-a4c670c4d4c0@localhost,TitForTat,D,1,1,907,897
899,player_ab4a5507-61fe-4ab8-a53b-9d32e62f7772@localhost,AlwaysDefect,D,player_6dc01db8-56e6-4bf6-ab91-a4c670c4d4c0@localhost,TitForTat,D,1,1,908,898
900,player_ab4a5507-61fe-4ab8-a53b-9d32e62f7772@localhost,AlwaysDefect,D,player_6dc01db8-56e6-4bf6-ab91-a4c670c4d4c0@localhost,TitForTat,D,1,1,909,899
901,player_ab4a5507-61fe-4ab8-a53b-9d32e62f7772@localhost,AlwaysDefect,D,player_6dc01db8-56e6-4bf6-ab91-a4c670c4d4c0@localhost,TitForTat,D,1,1,910,900
902,player_ab4a5507-61fe-4ab8-a53b-9d32e62f7772@localhost,AlwaysDefect,D,player_6dc01db8-56e6-4bf6-ab91-a4c670c4d4c0@localhost,TitForTat,D,1,1,911,901
903,player_ab4a5507-61fe-4ab8-a53b-9d32e62f7772@localhost,AlwaysDefect,D,player_6dc01db8-56e6-4bf6-ab91-a4c670c4d4c0@localhost,TitForTat,D,1,1,912,902
904,player_ab4a5507-61fe-4ab8-a53b-9d32e62f7772@localhost,AlwaysDefect,D,player_6dc01db8-56e6-4bf6-ab91-a4c670c4d4c0@localhost,TitForTat,D,1,1,913,903
905,player_ab4a5507-61fe-4ab8-a53b-9d32e62f7772@localhost,AlwaysDefect,D,player_6dc01db8-56e6-4bf6-ab91-a4c670c4d4c0@localhost,TitForTat,D,1,1,914,904
906,player_ab4a5507-61fe-4ab8-a53b-9d32e62f7772@localhost,AlwaysDefect,D,player_6dc01db8-56e6-4bf6-ab91-a4c670c4d4c0@localhost,TitForTat,D,1,1,915,905
907,player_ab4a5507-61fe-4ab8-a53b-9d32e62f7772@localhost,AlwaysDefect,D,player_6dc01db8-56e6-4bf6-ab91-a4c670c4d4c0@localhost,TitForTat,D,1,1,916,906
908,player_ab4a5507-61fe-4ab8-a53b-9d32e62f7772@localhost,AlwaysDefect,D,player_6dc01db8-56e6-4bf6-ab91-a4c670c4d4c0@localhost,TitForTat,D,1,1,917,907
909,player_ab4a5507-61fe-4ab8-a53b-9d32e62f7772@localhost,AlwaysDefect,D,player_6dc01db8-56e6-4bf6-ab91-a4c670c4d4c0@localhost,TitForTat,D,1,1,918,908
910,player_ab4a5507-61fe-4ab8-a53b-9d32e62f7772@localhost,AlwaysDefect,D,player_6dc01db8-56e6-4bf6-ab91-a4c670c4d4c0@localhost,TitForTat,D,1,1,919,909
911,player_ab4a5507-61fe-4ab8-a53b-9d32e62f7772@localhost,AlwaysDefect,D,player_6dc01db8-56e6-4bf6-ab91-a4c670c4d4c0@localhost,TitForTat,D,1,1,920,910
912,player_ab4a5507-61fe-4ab8-a53b-9d32e62f7772@localhost,AlwaysDefect,D,player_6dc01db8-56e6-4bf6-ab91-a4c670c4d4c0@localhost,TitForTat,D,1,1,921,911
913,player_ab4a5507-61fe-4ab8-a53b-9d32e62f7772@localhost,AlwaysDefect,D,player_6dc01db8-56e6-4bf6-ab91-a4c670c4d4c0@localhost,TitForTat,D,1,1,922,912
914,player_ab4a5507-61fe-4ab8-a53b-9d32e62f7772@localhost,AlwaysDefect,D,player_6dc01db8-56e6-4bf6-ab91-a4c670c4d4c0@localhost,TitForTat,D,1,1,923,913
915,player_ab4a5507-61fe-4ab8-a53b-9d32e62f7772@localhost,AlwaysDefect,D,player_6dc01db8-56e6-4bf6-ab91-a4c670c4d4c0@localhost,TitForTat,D,1,1,924,914
916,player_ab4a5507-61fe-4ab8-a53b-9d32e62f7772@localhost,AlwaysDefect,D,player_6dc01db8-56e6-4bf6-ab91-a4c670c4d4c0@localhost,TitForTat,D,1,1,925,915
917,player_ab4a5507-61fe-4ab8-a53b-9d32e62f7772@localhost,AlwaysDefect,D,player_6dc01db8-56e6-4bf6-ab91-a4c670c4d4c0@localhost,TitForTat,D,1,1,926,916
918,player_ab4a5507-61fe-4ab8-a53b-9d32e62f7772@localhost,AlwaysDefect,D,player_6dc01db8-56e6-4bf6-ab91-a4c670c4d4c0@localhost,TitForTat,D,1,1,927,917
919,player_ab4a5507-61fe-4ab8-a53b-9d32e62f7772@localhost,AlwaysDefect,D,player_6dc01db8-56e6-4bf6-ab91-a4c670c4d4c0@localhost,TitForTat,D,1,1,928,918
920,player_ab4a5507-61fe-4ab8-a53b-9d32e62f7772@localhost,AlwaysDefect,D,player_6dc01db8-56e6-4bf6-ab91-a4c670c4d4c0@localhost,TitForTat,D,1,1,929,919
921,player_ab4a5507-61fe-4ab8-a53b-9d32e62f7772@localhost,AlwaysDefect,D,player_6dc01db8-56e6-4bf6-ab91-a4c670c4d4c0@localhost,TitForTat,D,1,1,930,920
922,player_ab4a5507-61fe-4ab8-a53b-9d32e62f7772@localhost,AlwaysDefect,D,player_6dc01db8-56e6-4bf6-ab91-a4c670c4d4c0@localhost,TitForTat,D,1,1,931,921
923,player_ab4a5507-61fe-4ab8-a53b-9d32e62f7772@localhost,AlwaysDefect,D,player_6dc01db8-56e6-4bf6-ab91-a4c670c4d4c0@localhost,TitForTat,D,1,1,932,922
924,player_ab4a5507-61fe-4ab8-a53b-9d32e62f7772@localhost,AlwaysDefect,D,player_6dc01db8-56e6-4bf6-ab91-a4c670c4d4c0@localhost,TitForTat,D,1,1,933,923
925,player_ab4a5507-61fe-4ab8-a53b-9d32e62f7772@localhost,AlwaysDefect,D,player_6dc01db8-56e6-4bf6-ab91-a4c670c4d4c0@localhost,TitForTat,D,1,1,934,924
926,player_ab4a5507-61fe-4ab8-a53b-9d32e62f7772@localhost,AlwaysDefect,D,player_6dc01db8-56e6-4bf6-ab91-a4c670c4d4c0@localhost,TitForTat,D,1,1,935,925
927,player_ab4a5507-61fe-4ab8-a53b-9d32e62f7772@localhost,AlwaysDefect,D,player_6dc01db8-56e6-4bf6-ab91-a4c670c4d4c0@localhost,TitForTat,D,1,1,936,926
928,player_ab4a5507-61fe-4ab8-a53b-9d32e62f7772@localhost,AlwaysDefect,D,player_6dc01db8-56e6-4bf6-ab91-a4c670c4d4c0@localhost,TitForTat,D,1,1,937,927
929,player_ab4a5507-61fe-4ab8-a53b-9d32e62f7772@localhost,AlwaysDefect,D,player_6dc01db8-56e6-4bf6-ab91-a4c670c4d4c0@localhost,TitForTat,D,1,1,938,928
930,player_ab4a5507-61fe-4ab8-a53b-9d32e62f7772@localhost,AlwaysDefect,D,player_6dc01db8-56e6-4bf6-ab91-a4c670c4d4c0@localhost,TitForTat,D,1,1,939,929
931,player_ab4a5507-61fe-4ab8-a53b-9d32e62f7772@localhost,AlwaysDefect,D,player_6dc01db8-56e6-4bf6-ab91-a4c670c4d4c0@localhost,TitForTat,D,1,1,940,930
932,player_ab4a5507-61fe-4ab8-a53b-9d32e62f7772@localhost,AlwaysDefect,D,player_6dc01db8-56e6-4bf6-ab91-a4c670c4d4c0@localhost,TitForTat,D,1,1,941,931
933,player_ab4a5507-61fe-4ab8-a53b-9d32e62f7772@localhost,AlwaysDefect,D,player_6dc01db8-56e6-4bf6-ab91-a4c670c4d4c0@localhost,TitForTat,D,1,1,942,932
934,player_ab4a5507-61fe-4ab8-a53b-9d32e62f7772@localhost,AlwaysDefect,D,player_6dc01db8-56e6-4bf6-ab91-a4c670c4d4c0@localhost,TitForTat,D,1,1,943,933
935,player_ab4a5507-61fe-4ab8-a53b-9d32e62f7772@localhost,AlwaysDefect,D,player_6dc01db8-56e6-4bf6-ab91-a4c670c4d4c0@localhost,TitForTat,D,1,1,944,934
936,player_ab4a5507-61fe-4ab8-a53b-9d32e62f7772@localhost,AlwaysDefect,D,player_6dc01db8-56e6-4bf6-ab91-a4c670c4d4c0@localhost,TitForTat,D,1,1,945,935
937,player_ab4a5507-61fe-4ab8-a53b-9d32e62f7772@localhost,AlwaysDefect,D,player_6dc01db8-56e6-4bf6-ab91-a4c670c4d4c0@localhost,TitForTat,D,1,1,946,936
938,player_ab4a5507-61fe-4ab8-a53b-9d32e62f7772@localhost,AlwaysDefect,D,player_6dc01db8-56e6-4bf6-ab91-a4c670c4d4c0@localhost,TitForTat,D,1,1,947,937
939,player_ab4a5507-61fe-4ab8-a53b-9d32e62f7772@localhost,AlwaysDefect,D,player_6dc01db8-56e6-4bf6-ab91-a4c670c4d4c0@localhost,TitForTat,D,1,1,948,938
940,player_ab4a5507-61fe-4ab8-a53b-9d32e62f7772@localhost,AlwaysDefect,D,player_6dc01db8-56e6-4bf6-ab91-a4c670c4d4c0@localhost,TitForTat,D,1,1,949,939
941,player_ab4a5507-61fe-4ab8-a53b-9d32e62f7772@localhost,AlwaysDefect,D,player_6dc01db8-56e6-4bf6-ab91-a4c670c4d4c0@localhost,TitForTat,D,1,1,950,940
942,player_ab4a5507-61fe-4ab8-a53b-9d32e62f7772@localhost,AlwaysDefect,D,player_6dc01db8-56e6-4bf6-ab91-a4c670c4d4c0@localhost,TitForTat,D,1,1,951,941
943,player_ab4a5507-61fe-4ab8-a53b-9d32e62f7772@localhost,AlwaysDefect,D,player_6dc01db8-56e6-4bf6-ab91-a4c670c4d4c0@localhost,TitForTat,D,1,1,952,942
944,player_ab4a5507-61fe-4ab8-a53b-9d32e62f7772@localhost,AlwaysDefect,D,player_6dc01db8-56e6-4bf6-ab91-a4c670c4d4c0@localhost,TitForTat,D,1,1,953,943
945,player_ab4a5507-61fe-4ab8-a53b-9d32e62f7772@localhost,AlwaysDefect,D,player_6dc01db8-56e6-4bf6-ab91-a4c670c4d4c0@localhost,TitForTat,D,1,1,954,944
946,player_ab4a5507-61fe-4ab8-a53b-9d32e62f7772@localhost,AlwaysDefect,D,player_6dc01db8-56e6-4bf6-ab91-a4c670c4d4c0@localhost,TitForTat,D,1,1,955,945
947,player_ab4a5507-61fe-4ab8-a53b-9d32e62f7772@localhost,AlwaysDefect,D,player_6dc01db8-56e6-4bf6-ab91-a4c670c4d4c0@localhost,TitForTat,D,1,1,956,946
948,player_ab4a5507-61fe-4ab8-a53b-9d32e62f7772@localhost,AlwaysDefect,D,player_6dc01db8-56e6-4bf6-ab91-a4c670c4d4c0@localhost,TitForTat,D,1,1,957,947
949,player_ab4a5507-61fe-4ab8-a53b-9d32e62f7772@localhost,AlwaysDefect,D,player_6dc01db8-56e6-4bf6-ab91-a4c670c4d4c0@localhost,TitForTat,D,1,1,958,948
950,player_ab4a5507-61fe-4ab8-a53b-9d32e62f7772@localhost,AlwaysDefect,D,player_6dc01db8-56e6-4bf6-ab91-a4c670c4d4c0@localhost,TitForTat,D,1,1,959,949
951,player_ab4a5507-61fe-4ab8-a53b-9d32e62f7772@localhost,AlwaysDefect,D,player_6dc01db8-56e6-4bf6-ab91-a4c670c4d4c0@localhost,TitForTat,D,1,1,960,950
952,player_ab4a5507-61fe-4ab8-a53b-9d32e62f7772@localhost,AlwaysDefect,D,player_6dc01db8-56e6-4bf6-ab91-a4c670c4d4c0@localhost,TitForTat,D,1,1,961,951
953,player_ab4a5507-61fe-4ab8-a53b-9d32e62f7772@localhost,AlwaysDefect,D,player_6dc01db8-56e6-4bf6-ab91-a4c670c4d4c0@localhost,TitForTat,D,1,1,962,952
954,player_ab4a5507-61fe-4ab8-a53b-9d32e62f7772@localhost,AlwaysDefect,D,player_6dc01db8-56e6-4bf6-ab91-a4c670c4d4c0@localhost,TitForTat,D,1,1,963,953
955,player_ab4a5507-61fe-4ab8-a53b-9d32e62f7772@localhost,AlwaysDefect,D,player_6dc01db8-56e6-4bf6-ab91-a4c670c4d4c0@localhost,TitForTat,D,1,1,964,954
956,player_ab4a5507-61fe-4ab8-a53b-9d32e62f7772@localhost,AlwaysDefect,D,player_6dc01db8-56e6-4bf6-ab91-a4c670c4d4c0@localhost,TitForTat,D,1,1,965,955
957,player_ab4a5507-61fe-4ab8-a53b-9d32e62f7772@localhost,AlwaysDefect,D,player_6dc01db8-56e6-4bf6-ab91-a4c670c4d4c0@localhost,TitForTat,D,1,1,966,956
958,player_ab4a5507-61fe-4ab8-a53b-9d32e62f7772@localhost,AlwaysDefect,D,player_6dc01db8-56e6-4bf6-ab91-a4c670c4d4c0@localhost,TitForTat,D,1,1,967,957
959,player_ab4a5507-61fe-4ab8-a53b-9d32e62f7772@localhost,AlwaysDefect,D,player_6dc01db8-56e6-4bf6-ab91-a4c670c4d4c0@localhost,TitForTat,D,1,1,968,958
960,player_ab4a5507-61fe-4ab8-a53b-9d32e62f7772@localhost,AlwaysDefect,D,player_6dc01db8-56e6-4bf6-ab91-a4c670c4d4c0@localhost,TitForTat,D,1,1,969,959
961,player_ab4a5507-61fe-4ab8-a53b-9d32e62f7772@localhost,AlwaysDefect,D,player_6dc01db8-56e6-4bf6-ab91-a4c670c4d4c0@localhost,TitForTat,D,1,1,970,960
962,player_ab4a5507-61fe-4ab8-a53b-9d32e62f7772@localhost,AlwaysDefect,D,player_6dc01db8-56e6-4bf6-ab91-a4c670c4d4c0@localhost,TitForTat,D,1,1,971,961
963,player_ab4a5507-61fe-4ab8-a53b-9d32e62f7772@localhost,AlwaysDefect,D,player_6dc01db8-56e6-4bf6-ab91-a4c670c4d4c0@localhost,TitForTat,D,1,1,972,962
964,player_ab4a5507-61fe-4ab8-a53b-9d32e62f7772@localhost,AlwaysDefect,D,player_6dc01db8-56e6-4bf6-ab91-a4c670c4d4c0@localhost,TitForTat,D,1,1,973,963
965,player_ab4a5507-61fe-4ab8-a53b-9d32e62f7772@localhost,AlwaysDefect,D,player_6dc01db8-56e6-4bf6-ab91-a4c670c4d4c0@localhost,TitForTat,D,1,1,974,964
966,player_ab4a5507-61fe-4ab8-a53b-9d32e62f7772@localhost,AlwaysDefect,D,player_6dc01db8-56e6-4bf6-ab91-a4c670c4d4c0@localhost,TitForTat,D,1,1,975,965
967,player_ab4a5507-61fe-4ab8-a53b-9d32e62f7772@localhost,AlwaysDefect,D,player_6dc01db8-56e6-4bf6-ab91-a4c670c4d4c0@localhost,TitForTat,D,1,1,976,966
968,player_ab4a5507-61fe-4ab8-a53b-9d32e62f7772@localhost,AlwaysDefect,D,player_6dc01db8-56e6-4bf6-ab91-a4c670c4d4c0@localhost,TitForTat,D,1,1,977,967
969,player_ab4a5507-61fe-4ab8-a53b-9d32e62f7772@localhost,AlwaysDefect,D,player_6dc01db8-56e6-4bf6-ab91-a4c670c4d4c0@localhost,TitForTat,D,1,1,978,968
970,player_ab4a5507-61fe-4ab8-a53b-9d32e62f7772@localhost,AlwaysDefect,D,player_6dc01db8-56e6-4bf6-ab91-a4c670c4d4c0@localhost,TitForTat,D,1,1,979,969
971,player_ab4a5507-61fe-4ab8-a53b-9d32e62f7772@localhost,AlwaysDefect,D,player_6dc01db8-56e6-4bf6-ab91-a4c670c4d4c0@localhost,TitForTat,D,1,1,980,970
972,player_ab4a5507-61fe-4ab8-a53b-9d32e62f7772@localhost,AlwaysDefect,D,player_6dc01db8-56e6-4bf6-ab91-a4c670c4d4c0@localhost,TitForTat,D,1,1,981,971
973,player_ab4a5507-61fe-4ab8-a53b-9d32e62f7772@localhost,AlwaysDefect,D,player_6dc01db8-56e6-4bf6-ab91-a4c670c4d4c0@localhost,TitForTat,D,1,1,982,972
974,player_ab4a5507-61fe-4ab8-a53b-9d32e62f7772@localhost,AlwaysDefect,D,player_6dc01db8-56e6-4bf6-ab91-a4c670c4d4c0@localhost,TitForTat,D,1,1,983,973
975,player_ab4a5507-61fe-4ab8-a53b-9d32e62f7772@localhost,AlwaysDefect,D,player_6dc01db8-56e6-4bf6-ab91-a4c670c4d4c0@localhost,TitForTat,D,1,1,984,974
976,player_ab4a5507-61fe-4ab8-a53b-9d32e62f7772@localhost,AlwaysDefect,D,player_6dc01db8-56e6-4bf6-ab91-a4c670c4d4c0@localhost,TitForTat,D,1,1,985,975
977,player_ab4a5507-61fe-4ab8-a53b-9d32e62f7772@localhost,AlwaysDefect,D,player_6dc01db8-56e6-4bf6-ab91-a4c670c4d4c0@localhost,TitForTat,D,1,1,986,976
978,player_ab4a5507-61fe-4ab8-a53b-9d32e62f7772@localhost,AlwaysDefect,D,player_6dc01db8-56e6-4bf6-ab91-a4c670c4d4c0@localhost,TitForTat,D,1,1,987,977
979,player_ab4a5507-61fe-4ab8-a53b-9d32e62f7772@localhost,AlwaysDefect,D,player_6dc01db8-56e6-4bf6-ab91-a4c670c4d4c0@localhost,TitForTat,D,1,1,988,978
980,player_ab4a5507-61fe-4ab8-a53b-9d32e62f7772@localhost,AlwaysDefect,D,player_6dc01db8-56e6-4bf6-ab91-a4c670c4d4c0@localhost,TitForTat,D,1,1,989,979
981,player_ab4a5507-61fe-4ab8-a53b-9d32e62f7772@localhost,AlwaysDefect,D,player_6dc01db8-56e6-4bf6-ab91-a4c670c4d4c0@localhost,TitForTat,D,1,1,990,980
982,player_ab4a5507-61fe-4ab8-a53b-9d32e62f7772@localhost,AlwaysDefect,D,player_6dc01db8-56e6-4bf6-ab91-a4c670c4d4c0@localhost,TitForTat,D,1,1,991,981
983,player_ab4a5507-61fe-4ab8-a53b-9d32e62f7772@localhost,AlwaysDefect,D,player_6dc01db8-56e6-4bf6-ab91-a4c670c4d4c0@localhost,TitForTat,D,1,1,992,982
984,player_ab4a5507-61fe-4ab8-a53b-9d32e62f7772@localhost,AlwaysDefect,D,player_6dc01db8-56e6-4bf6-ab91-a4c670c4d4c0@localhost,TitForTat,D,1,1,993,983
985,player_ab4a5507-61fe-4ab8-a53b-9d32e62f7772@localhost,AlwaysDefect,D,player_6dc01db8-56e6-4bf6-ab91-a4c670c4d4c0@localhost,TitForTat,D,1,1,994,984
986,player_ab4a5507-61fe-4ab8-a53b-9d32e62f7772@localhost,AlwaysDefect,D,player_6dc01db8-56e6-4bf6-ab91-a4c670c4d4c0@localhost,TitForTat,D,1,1,995,985
987,player_ab4a5507-61fe-4ab8-a53b-9d32e62f7772@localhost,AlwaysDefect,D,player_6dc01db8-56e6-4bf6-ab91-a4c670c4d4c0@localhost,TitForTat,D,1,1,996,986
988,player_ab4a5507-61fe-4ab8-a53b-9d32e62f7772@localhost,AlwaysDefect,D,player_6dc01db8-56e6-4bf6-ab91-a4c670c4d4c0@localhost,TitForTat,D,1,1,997,987
989,player_ab4a5507-61fe-4ab8-a53b-9d32e62f7772@localhost,AlwaysDefect,D,player_6dc01db8-56e6-4bf6-ab91-a4c670c4d4c0@localhost,TitForTat,D,1,1,998,988
990,player_ab4a5507-61fe-4ab8-a53b-9d32e62f7772@localhost,AlwaysDefect,D,player_6dc01db8-56e6-4bf6-ab91-a4c670c4d4c0@localhost,TitForTat,D,1,1,999,989
991,player_ab4a5507-61fe-4ab8-a53b-9d32e62f7772@localhost,AlwaysDefect,D,player_6dc01db8-56e6-4bf6-ab91-a4c670c4d4c0@localhost,TitForTat,D,1,1,1000,990
992,player_ab4a5507-61fe-4ab8-a53b-9d32e62f7772@localhost,AlwaysDefect,D,player_6dc01db8-56e6-4bf6-ab91-a4c670c4d4c0@localhost,TitForTat,D,1,1,1001,991
993,player_ab4a5507-61fe-4ab8-a53b-9d32e62f7772@localhost,AlwaysDefect,D,player_6dc01db8-56e6-4bf6-ab91-a4c670c4d4c0@localhost,TitForTat,D,1,1,1002,992
994,player_ab4a5507-61fe-4ab8-a53b-9d32e62f7772@localhost,AlwaysDefect,D,player_6dc01db8-56e6-4bf6-ab91-a4c670c4d4c0@localhost,TitForTat,D,1,1,1003,993
995,player_ab4a5507-61fe-4ab8-a53b-9d32e62f7772@localhost,AlwaysDefect,D,player_6dc01db8-56e6-4bf6-ab91-a4c670c4d4c0@localhost,TitForTat,D,1,1,1004,994
996,player_ab4a5507-61fe-4ab8-a53b-9d32e62f7772@localhost,AlwaysDefect,D,player_6dc01db8-56e6-4bf6-ab91-a4c670c4d4c0@localhost,TitForTat,D,1,1,1005,995
997,player_ab4a5507-61fe-4ab8-a53b-9d32e62f7772@localhost,AlwaysDefect,D,player_6dc01db8-56e6-4bf6-ab91-a4c670c4d4c0@localhost,TitForTat,D,1,1,1006,996
998,player_ab4a5507-61fe-4ab8-a53b-9d32e62f7772@localhost,AlwaysDefect,D,player_6dc01db8-56e6-4bf6-ab91-a4c670c4d4c0@localhost,TitForTat,D,1,1,1007,997
999,player_ab4a5507-61fe-4ab8-a53b-9d32e62f7772@localhost,AlwaysDefect,D,player_6dc01db8-56e6-4bf6-ab91-a4c670c4d4c0@localhost,TitForTat,D,1,1,1008,998
1000,player_ab4a5507-61fe-4ab8-a53b-9d32e62f7772@localhost,AlwaysDefect,D,player_6dc01db8-56e6-4bf6-ab91-a4c670c4d4c0@localhost,TitForTat,D,1,1,1009,999
,,,,,,,,,,
# AGGREGATED METRICS
# p1_jid,player_ab4a5507-61fe-4ab8-a53b-9d32e62f7772@localhost
# p2_jid,player_6dc01db8-56e6-4bf6-ab91-a4c670c4d4c0@localhost
# total_rounds,1000
# cooperation_rate_p1,0.0000
# cooperation_rate_p2,0.0010
# defection_rate_p1,1.0000
# defection_rate_p2,0.9990
# total_payoff_p1,1009
# total_payoff_p2,999
# avg_payoff_p1,1.0090
# avg_payoff_p2,0.9990
