round,p1_jid,p1_strategy,p1_action,p2_jid,p2_strategy,p2_action,p1_payoff,p2_payoff,p1_cumulative,p2_cumulative
1,player_c41e78f2-c2ef-46ed-9f98-0e5639e147fe@localhost,AlwaysCooperate,C,player_926f200f-5666-4c3d-a4cf-0e89838ce959@localhost,Random,D,0,10,0,10
2,player_c41e78f2-c2ef-46ed-9f98-0e5639e147fe@localhost,AlwaysCooperate,C,player_926f200f-5666-4c3d-a4cf-0e89838ce959@localhost,Random,D,0,10,0,20
3,player_c41e78f2-c2ef-46ed-9f98-0e5639e147fe@localhost,AlwaysCooperate,C,player_926f200f-5666-4c3d-a4cf-0e89838ce959@localhost,Random,D,0,10,0,30
4,player_c41e78f2-c2ef-46ed-9f98-0e5639e147fe@localhost,AlwaysCooperate,C,player_926f200f-5666-4c3d-a4cf-0e89838ce959@localhost,Random,D,0,10,0,40
5,player_c41e78f2-c2ef-46ed-9f98-0e5639e147fe@localhost,AlwaysCooperate,C,player_926f200f-5666-4c3d-a4cf-0e89838ce959@localhost,Random,C,5,5,5,45
6,player_c41e78f2-c2ef-46ed-9f98-0e5639e147fe@localhost,AlwaysCooperate,C,player_926f200f-5666-4c3d-a4cf-0e89838ce959@localhost,Random,D,0,10,5,55
7,player_c41e78f2-c2ef-46ed-9f98-0e5639e147fe@localhost,AlwaysCooperate,C,player_926f200f-5666-4c3d-a4cf-0e89838ce959@localhost,Random,D,0,10,5,65
8,player_c41e78f2-c2ef-46ed-9f98-0e5639e147fe@localhost,AlwaysCooperate,C,player_926f200f-5666-4c3d-a4cf-0e89838ce959@localhost,Random,D,0,10,5,75
9,player_c41e78f2-c2ef-46ed-9f98-0e5639e147fe@localhost,AlwaysCooperate,C,player_926f200f-5666-4c3d-a4cf-0e89838ce959@localhost,Random,D,0,10,5,85
10,player_c41e78f2-c2ef-46ed-9f98-0e5639e147fe@localhost,AlwaysCooperate,C,player_926f200f-5666-4c3d-a4cf-0e89838ce959@localhost,Random,D,0,10,5,95
11,player_c41e78f2-c2ef-46ed-9f98-0e5639e147fe@localhost,AlwaysCooperate,C,player_926f200f-5666-4c3d-a4cf-0e89838ce959@localhost,Random,C,5,5,10,100
12,player_c41e78f2-c2ef-46ed-9f98-0e5639e147fe@localhost,AlwaysCooperate,C,player_926f200f-5666-4c3d-a4cf-0e89838ce959@localhost,Random,D,0,10,10,110
13,player_c41e78f2-c2ef-46ed-9f98-0e5639e147fe@localhost,AlwaysCooperate,C,player_926f200f-5666-4c3d-a4cf-0e89838ce959@localhost,Random,C,5,5,15,115
14,player_c41e78f2-c2ef-46ed-9f98-0e5639e147fe@localhost,AlwaysCooperate,C,player_926f200f-5666-4c3d-a4cf-0e89838ce959@localhost,Random,C,5,5,20,120
15,player_c41e78f2-c2ef-46ed-9f98-0e5639e147fe@localhost,AlwaysCooperate,C,player_926f200f-5666-4c3d-a4cf-0e89838ce959@localhost,Random,C,5,5,25,125
16,player_c41e78f2-c2ef-46ed-9f98-0e5639e147fe@localhost,AlwaysCooperate,C,player_926f200f-5666-4c3d-a4cf-0e89838ce959@localhost,Random,D,0,10,25,135
17,player_c41e78f2-c2ef-46ed-9f98-0e5639e147fe@localhost,AlwaysCooperate,C,player_926f200f-5666-4c3d-a4cf-0e89838ce959@localhost,Random,C,5,5,30,140
18,player_c41e78f2-c2ef-46ed-9f98-0e5639e147fe@localhost,AlwaysCooperate,C,player_926f200f-5666-4c3d-a4cf-0e89838ce959@localhost,Random,C,5,5,35,145
19,player_c41e78f2-c2ef-46ed-9f98-0e5639e147fe@localhost,AlwaysCooperate,C,player_926f200f-5666-4c3d-a4cf-0e89838ce959@localhost,Random,D,0,10,35,155
20,player_c41e78f2-c2ef-46ed-9f98-0e5639e147fe@localhost,AlwaysCooperate,C,player_926f200f-5666-4c3d-a4cf-0e89838ce959@localhost,Random,D,0,10,35,165
21,player_c41e78f2-c2ef-46ed-9f98-0e5639e147fe@localhost,AlwaysCooperate,C,player_926f200f-5666-4c3d-a4cf-0e89838ce959@localhost,Random,D,0,10,35,175
22,player_c41e78f2-c2ef-46ed-9f98-0e5639e147fe@localhost,AlwaysCooperate,C,player_926f200f-5666-4c3d-a4cf-0e89838ce959@localhost,Random,C,5,5,40,180
23,player_c41e78f2-c2ef-46ed-9f98-0e5639e147fe@localhost,AlwaysCooperate,C,player_926f200f-5666-4c3d-a4cf-0e89838ce959@localhost,Random,D,0,10,40,190
24,player_c41e78f2-c2ef-46ed-9f98-0e5639e147fe@localhost,AlwaysCooperate,C,player_926f200f-5666-4c3d-a4cf-0e89838ce959@localhost,Random,C,5,5,45,195
25,player_c41e78f2-c2ef-46ed-9f98-0e5639e147fe@localhost,AlwaysCooperate,C,player_926f200f-5666-4c3d-a4cf-0e89838ce959@localhost,Random,C,5,5,50,200
26,player_c41e78f2-c2ef-46ed-9f98-0e5639e147fe@localhost,AlwaysCooperate,C,player_926f200f-5666-4c3d-a4cf-0e89838ce959@localhost,Random,C,5,5,55,205
27,player_c41e78f2-c2ef-46ed-9f98-0e5639e147fe@localhost,AlwaysCooperate,C,player_926f200f-5666-4c3d-a4cf-0e89838ce959@localhost,Random,C,5,5,60,210
28,player_c41e78f2-c2ef-46ed-9f98-0e5639e147fe@localhost,AlwaysCooperate,C,player_926f200f-5666-4c3d-a4cf-0e89838ce959@localhost,Random,D,0,10,60,220
29,player_c41e78f2-c2ef-46ed-9f98-0e5639e147fe@localhost,AlwaysCooperate,C,player_926f200f-5666-4c3d-a4cf-0e89838ce959@localhost,Random,D,0,10,60,230
30,player_c41e78f2-c2ef-46ed-9f98-0e5639e147fe@localhost,AlwaysCooperate,C,player_926f200f-5666-4c3d-a4cf-0e89838ce959@localhost,Random,D,0,10,60,240
31,player_c41e78f2-c2ef-46ed-9f98-0e5639e147fe@localhost,AlwaysCooperate,C,player_926f200f-5666-4c3d-a4cf-0e89838ce959@localhost,Random,D,0,10,60,250
32,player_c41e78f2-c2ef-46ed-9f98-0e5639e147fe@localhost,AlwaysCooperate,C,player_926f200f-5666-4c3d-a4cf-0e89838ce959@localhost,Random,D,0,10,60,260
33,player_c41e78f2-c2ef-46ed-9f98-0e5639e147fe@localhost,AlwaysCooperate,C,player_926f200f-5666-4c3d-a4cf-0e89838ce959@localhost,Random,C,5,5,65,265
34,player_c41e78f2-c2ef-46ed-9f98-0e5639e147fe@localhost,AlwaysCooperate,C,player_926f200f-5666-4c3d-a4cf-0e89838ce959@localhost,Random,D,0,10,65,275
35,player_c41e78f2-c2ef-46ed-9f98-0e5639e147fe@localhost,AlwaysCooperate,C,player_926f200f-5666-4c3d-a4cf-0e89838ce959@localhost,Random,C,5,5,70,280
36,player_c41e78f2-c2ef-46ed-9f98-0e5639e147fe@localhost,AlwaysCooperate,C,player_926f200f-5666-4c3d-a4cf-0e89838ce959@localhost,Random,D,0,10,70,290
37,player_c41e78f2-c2ef-46ed-9f98-0e5639e147fe@localhost,AlwaysCooperate,C,player_926f200f-5666-4c3d-a4cf-0e89838ce959@localhost,Random,D,0,10,70,300
38,player_c41e78f2-c2ef-46ed-9f98-0e5639e147fe@localhost,AlwaysCooperate,C,player_926f200f-5666-4c3d-a4cf-0e89838ce959@localhost,Random,D,0,10,70,310
39,player_c41e78f2-c2ef-46ed-9f98-0e5639e147fe@localhost,AlwaysCooperate,C,player_926f200f-5666-4c3d-a4cf-0e89838ce959@localhost,Random,D,0,10,70,320
40,player_c41e78f2-c2ef-46ed-9f98-0e5639e147fe@localhost,AlwaysCooperate,C,player_926f200f-5666-4c3d-a4cf-0e89838ce959@localhost,Random,D,0,10,70,330
41,player_c41e78f2-c2ef-46ed-9f98-0e5639e147fe@localhost,AlwaysCooperate,C,player_926f200f-5666-4c3d-a4cf-0e89838ce959@localhost,Random,C,5,5,75,335
42,player_c41e78f2-c2ef-46ed-9f98-0e5639e147fe@localhost,AlwaysCooperate,C,player_926f200f-5666-4c3d-a4cf-0e89838ce959@localhost,Random,D,0,10,75,345
43,player_c41e78f2-c2ef-46ed-9f98-0e5639e147fe@localhost,AlwaysCooperate,C,player_926f200f-5666-4c3d-a4cf-0e89838ce959@localhost,Random,C,5,5,80,350
44,player_c41e78f2-c2ef-46ed-9f98-0e5639e147fe@localhost,AlwaysCooperate,C,player_926f200f-5666-4c3d-a4cf-0e89838ce959@localhost,Random,D,0,10,80,360
45,player_c41e78f2-c2ef-46ed-9f98-0e5639e147fe@localhost,AlwaysCooperate,C,player_926f200f-5666-4c3d-a4cf-0e89838ce959@localhost,Random,D,0,10,80,370
46,player_c41e78f2-c2ef-46ed-9f98-0e5639e147fe@localhost,AlwaysCooperate,C,player_926f200f-5666-4c3d-a4cf-0e89838ce959@localhost,Random,C,5,5,85,375
47,player_c41e78f2-c2ef-46ed-9f98-0e5639e147fe@localhost,AlwaysCooperate,C,player_926f200f-5666-4c3d-a4cf-0e89838ce959@localhost,Random,C,5,5,90,380
48,player_c41e78f2-c2ef-46ed-9f98-0e5639e147fe@localhost,AlwaysCooperate,C,player_926f200f-5666-4c3d-a4cf-0e89838ce959@localhost,Random,D,0,10,90,390
49,player_c41e78f2-c2ef-46ed-9f98-0e5639e147fe@localhost,AlwaysCooperate,C,player_926f200f-5666-4c3d-a4cf-0e89838ce959@localhost,Random,C,5,5,95,395
50,player_c41e78f2-c2ef-46ed-9f98-0e5639e147fe@localhost,AlwaysCooperate,C,player_926f200f-5666-4c3d-a4cf-0e89838ce959@localhost,Random,D,0,10,95,405
51,player_c41e78f2-c2ef-46ed-9f98-0e5639e147fe@localhost,AlwaysCooperate,C,player_926f200f-5666-4c3d-a4cf-0e89838ce959@localhost,Random,C,5,5,100,410
52,player_c41e78f2-c2ef-46ed-9f98-0e5639e147fe@localhost,AlwaysCooperate,C,player_926f200f-5666-4c3d-a4cf-0e89838ce959@localhost,Random,C,5,5,105,415
53,player_c41e78f2-c2ef-46ed-9f98-0e5639e147fe@localhost,AlwaysCooperate,C,player_926f200f-5666-4c3d-a4cf-0e89838ce959@localhost,Random,C,5,5,110,420
54,player_c41e78f2-c2ef-46ed-9f98-0e5639e147fe@localhost,AlwaysCooperate,C,player_926f200f-5666-4c3d-a4cf-0e89838ce959@localhost,Random,C,5,5,115,425
55,player_c41e78f2-c2ef-46ed-9f98-0e5639e147fe@localhost,AlwaysCooperate,C,player_926f200f-5666-4c3d-a4cf-0e89838ce959@localhost,Random,D,0,10,115,435
56,player_c41e78f2-c2ef-46ed-9f98-0e5639e147fe@localhost,AlwaysCooperate,C,player_926f200f-5666-4c3d-a4cf-0e89838ce959@localhost,Random,C,5,5,120,440
57,player_c41e78f2-c2ef-46ed-9f98-0e5639e147fe@localhost,AlwaysCooperate,C,player_926f200f-5666-4c3d-a4cf-0e89838ce959@localhost,Random,C,5,5,125,445
58,player_c41e78f2-c2ef-46ed-9f98-0e5639e147fe@localhost,AlwaysCooperate,C,player_926f200f-5666-4c3d-a4cf-0e89838ce959@localhost,Random,D,0,10,125,455
59,player_c41e78f2-c2ef-46ed-9f98-0e5639e147fe@localhost,AlwaysCooperate,C,player_926f200f-5666-4c3d-a4cf-0e89838ce959@localhost,Random,D,0,10,125,465
60,player_c41e78f2-c2ef-46ed-9f98-0e5639e147fe@localhost,AlwaysCooperate,C,player_926f200f-5666-4c3d-a4cf-0e89838ce959@localhost,Random,D,0,10,125,475
61,player_c41e78f2-c2ef-46ed-9f98-0e5639e147fe@localhost,AlwaysCooperate,C,player_926f200f-5666-4c3d-a4cf-0e89838ce959@localhost,Random,D,0,10,125,485
62,player_c41e78f2-c2ef-46ed-9f98-0e5639e147fe@localhost,AlwaysCooperate,C,player_926f200f-5666-4c3d-a4cf-0e89838ce959@localhost,Random,D,0,10,125,495
63,player_c41e78f2-c2ef-46ed-9f98-0e5639e147fe@localhost,AlwaysCooperate,C,player_926f200f-5666-4c3d-a4cf-0e89838ce959@localhost,Random,D,0,10,125,505
64,player_c41e78f2-c2ef-46ed-9f98-0e5639e147fe@localhost,AlwaysCooperate,C,player_926f200f-5666-4c3d-a4cf-0e89838ce959@localhost,Random,C,5,5,130,510
65,player_c41e78f2-c2ef-46ed-9f98-0e5639e147fe@localhost,AlwaysCooperate,C,player_926f200f-5666-4c3d-a4cf-0e89838ce959@localhost,Random,C,5,5,135,515
66,player_c41e78f2-c2ef-46ed-9f98-0e5639e147fe@localhost,AlwaysCooperate,C,player_926f200f-5666-4c3d-a4cf-0e89838ce959@localhost,Random,D,0,10,135,525
67,player_c41e78f2-c2ef-46ed-9f98-0e5639e147fe@localhost,AlwaysCooperate,C,player_926f200f-5666-4c3d-a4cf-0e89838ce959@localhost,Random,C,5,5,140,530
68,player_c41e78f2-c2ef-46ed-9f98-0e5639e147fe@localhost,AlwaysCooperate,C,player_926f200f-5666-4c3d-a4cf-0e89838ce959@localhost,Random,D,0,10,140,540
69,player_c41e78f2-c2ef-46ed-9f98-0e5639e147fe@localhost,AlwaysCooperate,C,player_926f200f-5666-4c3d-a4cf-0e89838ce959@localhost,Random,D,0,10,140,550
70,player_c41e78f2-c2ef-46ed-9f98-0e5639e147fe@localhost,AlwaysCooperate,C,player_926f200f-5666-4c3d-a4cf-0e89838ce959@localhost,Random,C,5,5,145,555
71,player_c41e78f2-c2ef-46ed-9f98-0e5639e147fe@localhost,AlwaysCooperate,C,player_926f200f-5666-4c3d-a4cf-0e89838ce959@localhost,Random,C,5,5,150,560
72,player_c41e78f2-c2ef-46ed-9f98-0e5639e147fe@localhost,AlwaysCooperate,C,player_926f200f-5666-4c3d-a4cf-0e89838ce959@localhost,Random,D,0,10,150,570
73,player_c41e78f2-c2ef-46ed-9f98-0e5639e147fe@localhost,AlwaysCooperate,C,player_926f200f-5666-4c3d-a4cf-0e89838ce959@localhost,Random,C,5,5,155,575
74,player_c41e78f2-c2ef-46ed-9f98-0e5639e147fe@localhost,AlwaysCooperate,C,player_926f200f-5666-4c3d-a4cf-0e89838ce959@localhost,Random,C,5,5,160,580
75,player_c41e78f2-c2ef-46ed-9f98-0e5639e147fe@localhost,AlwaysCooperate,C,player_926f200f-5666-4c3d-a4cf-0e89838ce959@localhost,Random,C,5,5,165,585
76,player_c41e78f2-c2ef-46ed-9f98-0e5639e147fe@localhost,AlwaysCooperate,C,player_926f200f-5666-4c3d-a4cf-0e89838ce959@localhost,Random,D,0,10,165,595
77,player_c41e78f2-c2ef-46ed-9f98-0e5639e147fe@localhost,AlwaysCooperate,C,player_926f200f-5666-4c3d-a4cf-0e89838ce959@localhost,Random,C,5,5,170,600
78,player_c41e78f2-c2ef-46ed-9f98-0e5639e147fe@localhost,AlwaysCooperate,C,player_926f200f-5666-4c3d-a4cf-0e89838ce959@localhost,Random,C,5,5,175,605
79,player_c41e78f2-c2ef-46ed-9f98-0e5639e147fe@localhost,AlwaysCooperate,C,player_926f200f-5666-4c3d-a4cf-0e89838ce959@localhost,Random,C,5,5,180,610
80,player_c41e78f2-c2ef-46ed-9f98-0e5639e147fe@localhost,AlwaysCooperate,C,player_926f200f-5666-4c3d-a4cf-0e89838ce959@localhost,Random,D,0,10,180,620
81,player_c41e78f2-c2ef-46ed-9f98-0e5639e147fe@localhost,AlwaysCooperate,C,player_926f200f-5666-4c3d-a4cf-0e89838ce959@localhost,Random,D,0,10,180,630
82,player_c41e78f2-c2ef-46ed-9f98-0e5639e147fe@localhost,AlwaysCooperate,C,player_926f200f-5666-4c3d-a4cf-0e89838ce959@localhost,Random,D,0,10,180,640
83,player_c41e78f2-c2ef-46ed-9f98-0e5639e147fe@localhost,AlwaysCooperate,C,player_926f200f-5666-4c3d-a4cf-0e89838ce959@localhost,Random,C,5,5,185,645
84,player_c41e78f2-c2ef-46ed-9f98-0e5639e147fe@localhost,AlwaysCooperate,C,player_926f200f-5666-4c3d-a4cf-0e89838ce959@localhost,Random,C,5,5,190,650
85,player_c41e78f2-c2ef-46ed-9f98-0e5639e147fe@localhost,AlwaysCooperate,C,player_926f200f-5666-4c3d-a4cf-0e89838ce959@localhost,Random,C,5,5,195,655
86,player_c41e78f2-c2ef-46ed-9f98-0e5639e147fe@localhost,AlwaysCooperate,C,player_926f200f-5666-4c3d-a4cf-0e89838ce959@localhost,Random,D,0,10,195,665
87,player_c41e78f2-c2ef-46ed-9f98-0e5639e147fe@localhost,AlwaysCooperate,C,player_926f200f-5666-4c3d-a4cf-0e89838ce959@localhost,Random,C,5,5,200,670
88,player_c41e78f2-c2ef-46ed-9f98-0e5639e147fe@localhost,AlwaysCooperate,C,player_926f200f-5666-4c3d-a4cf-0e89838ce959@localhost,Random,D,0,10,200,680
89,player_c41e78f2-c2ef-46ed-9f98-0e5639e147fe@localhost,AlwaysCooperate,C,player_926f200f-5666-4c3d-a4cf-0e89838ce959@localhost,Random,D,0,10,200,690
90,player_c41e78f2-c2ef-46ed-9f98-0e5639e147fe@localhost,AlwaysCooperate,C,player_926f200f-5666-4c3d-a4cf-0e89838ce959@localhost,Random,C,5,5,205,695
91,player_c41e78f2-c2ef-46ed-9f98-0e5639e147fe@localhost,AlwaysCooperate,C,player_926f200f-5666-4c3d-a4cf-0e89838ce959@localhost,Random,C,5,5,210,700
92,player_c41e78f2-c2ef-46ed-9f98-0e5639e147fe@localhost,AlwaysCooperate,C,player_926f200f-5666-4c3d-a4cf-0e89838ce959@localhost,Random,D,0,10,210,710
93,player_c41e78f2-c2ef-46ed-9f98-0e5639e147fe@localhost,AlwaysCooperate,C,player_926f200f-5666-4c3d-a4cf-0e89838ce959@localhost,Random,C,5,5,215,715
94,player_c41e78f2-c2ef-46ed-9f98-0e5639e147fe@localhost,AlwaysCooperate,C,player_926f200f-5666-4c3d-a4cf-0e89838ce959@localhost,Random,D,0,10,215,725
95,player_c41e78f2-c2ef-46ed-9f98-0e5639e147fe@localhost,AlwaysCooperate,C,player_926f200f-5666-4c3d-a4cf-0e89838ce959@localhost,Random,C,5,5,220,730
96,player_c41e78f2-c2ef-46ed-9f98-0e5639e147fe@localhost,AlwaysCooperate,C,player_926f200f-5666-4c3d-a4cf-0e89838ce959@localhost,Random,C,5,5,225,735
97,player_c41e78f2-c2ef-46ed-9f98-0e5639e147fe@localhost,AlwaysCooperate,C,player_926f200f-5666-4c3d-a4cf-0e89838ce959@localhost,Random,C,5,5,230,740
98,player_c41e78f2-c2ef-46ed-9f98-0e5639e147fe@localhost,AlwaysCooperate,C,player_926f200f-5666-4c3d-a4cf-0e89838ce959@localhost,Random,C,5,5,235,745
99,player_c41e78f2-c2ef-46ed-9f98-0e5639e147fe@localhost,AlwaysCooperate,C,player_926f200f-5666-4c3d-a4cf-0e89838ce959@localhost,Random,D,0,10,235,755
100,player_c41e78f2-c2ef-46ed-9f98-0e5639e147fe@localhost,AlwaysCooperate,C,player_926f200f-5666-4c3d-a4cf-0e89838ce959@localhost,Random,C,5,5,240,760
101,player_c41e78f2-c2ef-46ed-9f98-0e5639e147fe@localhost,AlwaysCooperate,C,player_926f200f-5666-4c3d-a4cf-0e89838ce959@localhost,Random,C,5,5,245,765
102,player_c41e78f2-c2ef-46ed-9f98-0e5639e147fe@localhost,AlwaysCooperate,C,player_926f200f-5666-4c3d-a4cf-0e89838ce959@localhost,Random,D,0,10,245,775
103,player_c41e78f2-c2ef-46ed-9f98-0e5639e147fe@localhost,AlwaysCooperate,C,player_926f200f-5666-4c3d-a4cf-0e89838ce959@localhost,Random,C,5,5,250,780
104,player_c41e78f2-c2ef-46ed-9f98-0e5639e147fe@localhost,AlwaysCooperate,C,player_926f200f-5666-4c3d-a4cf-0e89838ce959@localhost,Random,D,0,10,250,790
105,player_c41e78f2-c2ef-46ed-9f98-0e5639e147fe@localhost,AlwaysCooperate,C,player_926f200f-5666-4c3d-a4cf-0e89838ce959@localhost,Random,D,0,10,250,800
106,player_c41e78f2-c2ef-46ed-9f98-0e5639e147fe@localhost,AlwaysCooperate,C,player_926f200f-5666-4c3d-a4cf-0e89838ce959@localhost,Random,C,5,5,255,805
107,player_c41e78f2-c2ef-46ed-9f98-0e5639e147fe@localhost,AlwaysCooperate,C,player_926f200f-5666-4c3d-a4cf-0e89838ce959@localhost,Random,D,0,10,255,815
108,player_c41e78f2-c2ef-46ed-9f98-0e5639e147fe@localhost,AlwaysCooperate,C,player_926f200f-5666-4c3d-a4cf-0e89838ce959@localhost,Random,D,0,10,255,825
109,player_c41e78f2-c2ef-46ed-9f98-0e5639e147fe@localhost,AlwaysCooperate,C,player_926f200f-5666-4c3d-a4cf-0e89838ce959@localhost,Random,D,0,10,255,835
110,player_c41e78f2-c2ef-46ed-9f98-0e5639e147fe@localhost,AlwaysCooperate,C,player_926f200f-5666-4c3d-a4cf-0e89838ce959@localhost,Random,D,0,10,255,845
111,player_c41e78f2-c2ef-46ed-9f98-0e5639e147fe@localhost,AlwaysCooperate,C,player_926f200f-5666-4c3d-a4cf-0e89838ce959@localhost,Random,C,5,5,260,850
112,player_c41e78f2-c2ef-46ed-9f98-0e5639e147fe@localhost,AlwaysCooperate,C,player_926f200f-5666-4c3d-a4cf-0e89838ce959@localhost,Random,C,5,5,265,855
113,player_c41e78f2-c2ef-46ed-9f98-0e5639e147fe@localhost,AlwaysCooperate,C,player_926f200f-5666-4c3d-a4cf-0e89838ce959@localhost,Random,D,0,10,265,865
114,player_c41e78f2-c2ef-46ed-9f98-0e5639e147fe@localhost,AlwaysCooperate,C,player_926f200f-5666-4c3d-a4cf-0e89838ce959@localhost,Random,D,0,10,265,875
115,player_c41e78f2-c2ef-46ed-9f98-0e5639e147fe@localhost,AlwaysCooperate,C,player_926f200f-5666-4c3d-a4cf-0e89838ce959@localhost,Random,D,0,10,265,885
116,player_c41e78f2-c2ef-46ed-9f98-0e5639e147fe@localhost,AlwaysCooperate,C,player_926f200f-5666-4c3d-a4cf-0e89838ce959@localhost,Random,D,0,10,265,895
117,player_c41e78f2-c2ef-46ed-9f98-0e5639e147fe@localhost,AlwaysCooperate,C,player_926f200f-5666-4c3d-a4cf-0e89838ce959@localhost,Random,D,0,10,265,905
118,player_c41e78f2-c2ef-46ed-9f98-0e5639e147fe@localhost,AlwaysCooperate,C,player_926f200f-5666-4c3d-a4cf-0e89838ce959@localhost,Random,D,0,10,265,915
119,player_c41e78f2-c2ef-46ed-9f98-0e5639e147fe@localhost,AlwaysCooperate,C,player_926f200f-5666-4c3d-a4cf-0e89838ce959@localhost,Random,D,0,10,265,925
120,player_c41e78f2-c2ef-46ed-9f98-0e5639e147fe@localhost,AlwaysCooperate,C,player_926f200f-5666-4c3d-a4cf-0e89838ce959@localhost,Random,D,0,10,265,935
121,player_c41e78f2-c2ef-46ed-9f98-0e5639e147fe@localhost,AlwaysCooperate,C,player_926f200f-5666-4c3d-a4cf-0e89838ce959@localhost,Random,D,0,10,265,945
122,player_c41e78f2-c2ef-46ed-9f98-0e5639e147fe@localhost,AlwaysCooperate,C,player_926f200f-5666-4c3d-a4cf-0e89838ce959@localhost,Random,C,5,5,270,950
123,player_c41e78f2-c2ef-46ed-9f98-0e5639e147fe@localhost,AlwaysCooperate,C,player_926f200f-5666-4c3d-a4cf-0e89838ce959@localhost,Random,D,0,10,270,960
124,player_c41e78f2-c2ef-46ed-9f98-0e5639e147fe@localhost,AlwaysCooperate,C,player_926f200f-5666-4c3d-a4cf-0e89838ce959@localhost,Random,C,5,5,275,965
125,player_c41e78f2-c2ef-46ed-9f98-0e5639e147fe@localhost,AlwaysCooperate,C,player_926f200f-5666-4c3d-a4cf-0e89838ce959@localhost,Random,C,5,5,280,970
126,player_c41e78f2-c2ef-46ed-9f98-0e5639e147fe@localhost,AlwaysCooperate,C,player_926f200f-5666-4c3d-a4cf-0e89838ce959@localhost,Random,C,5,5,285,975
127,player_c41e78f2-c2ef-46ed-9f98-0e5639e147fe@localhost,AlwaysCooperate,C,player_926f200f-5666-4c3d-a4cf-0e89838ce959@localhost,Random,C,5,5,290,980
128,player_c41e78f2-c2ef-46ed-9f98-0e5639e147fe@localhost,AlwaysCooperate,C,player_926f200f-5666-4c3d-a4cf-0e89838ce959@localhost,Random,D,0,10,290,990
129,player_c41e78f2-c2ef-46ed-9f98-0e5639e147fe@localhost,AlwaysCooperate,C,player_926f200f-5666-4c3d-a4cf-0e89838ce959@localhost,Random,D,0,10,290,1000
130,player_c41e78f2-c2ef-46ed-9f98-0e5639e147fe@localhost,AlwaysCooperate,C,player_926f200f-5666-4c3d-a4cf-0e89838ce959@localhost,Random,C,5,5,295,1005
131,player_c41e78f2-c2ef-46ed-9f98-0e5639e147fe@localhost,AlwaysCooperate,C,player_926f200f-5666-4c3d-a4cf-0e89838ce959@localhost,Random,D,0,10,295,1015
132,player_c41e78f2-c2ef-46ed-9f98-0e5639e147fe@localhost,AlwaysCooperate,C,player_926f200f-5666-4c3d-a4cf-0e89838ce959@localhost,Random,D,0,10,295,1025
133,player_c41e78f2-c2ef-46ed-9f98-0e5639e147fe@localhost,AlwaysCooperate,C,player_926f200f-5666-4c3d-a4cf-0e89838ce959@localhost,Random,D,0,10,295,1035
134,player_c41e78f2-c2ef-46ed-9f98-0e5639e147fe@localhost,AlwaysCooperate,C,player_926f200f-5666-4c3d-a4cf-0e89838ce959@localhost,Random,D,0,10,295,1045
135,player_c41e78f2-c2ef-46ed-9f98-0e5639e147fe@localhost,AlwaysCooperate,C,player_926f200f-5666-4c3d-a4cf-0e89838ce959@localhost,Random,C,5,5,300,1050
136,player_c41e78f2-c2ef-46ed-9f98-0e5639e147fe@localhost,AlwaysCooperate,C,player_926f200f-5666-4c3d-a4cf-0e89838ce959@localhost,Random,C,5,5,305,1055
137,player_c41e78f2-c2ef-46ed-9f98-0e5639e147fe@localhost,AlwaysCooperate,C,player_926f200f-5666-4c3d-a4cf-0e89838ce959@localhost,Random,C,5,5,310,1060
138,player_c41e78f2-c2ef-46ed-9f98-0e5639e147fe@localhost,AlwaysCooperate,C,player_926f200f-5666-4c3d-a4cf-0e89838ce959@localhost,Random,D,0,10,310,1070
139,player_c41e78f2-c2ef-46ed-9f98-0e5639e147fe@localhost,AlwaysCooperate,C,player_926f200f-5666-4c3d-a4cf-0e89838ce959@localhost,Random,C,5,5,315,1075
140,player_c41e78f2-c2ef-46ed-9f98-0e5639e147fe@localhost,AlwaysCooperate,C,player_926f200f-5666-4c3d-a4cf-0e89838ce959@localhost,Random,C,5,5,320,1080
141,player_c41e78f2-c2ef-46ed-9f98-0e5639e147fe@localhost,AlwaysCooperate,C,player_926f200f-5666-4c3d-a4cf-0e89838ce959@localhost,Random,D,0,10,320,1090
142,player_c41e78f2-c2ef-46ed-9f98-0e5639e147fe@localhost,AlwaysCooperate,C,player_926f200f-5666-4c3d-a4cf-0e89838ce959@localhost,Random,C,5,5,325,1095
143,player_c41e78f2-c2ef-46ed-9f98-0e5639e147fe@localhost,AlwaysCooperate,C,player_926f200f-5666-4c3d-a4cf-0e89838ce959@localhost,Random,C,5,5,330,1100
144,player_c41e78f2-c2ef-46ed-9f98-0e5639e147fe@localhost,AlwaysCooperate,C,player_926f200f-5666-4c3d-a4cf-0e89838ce959@localhost,Random,C,5,5,335,1105
145,player_c41e78f2-c2ef-46ed-9f98-0e5639e147fe@localhost,AlwaysCooperate,C,player_926f200f-5666-4c3d-a4cf-0e89838ce959@localhost,Random,D,0,10,335,1115
146,player_c41e78f2-c2ef-46ed-9f98-0e5639e147fe@localhost,AlwaysCooperate,C,player_926f200f-5666-4c3d-a4cf-0e89838ce959@localhost,Random,D,0,10,335,1125
147,player_c41e78f2-c2ef-46ed-9f98-0e5639e147fe@localhost,AlwaysCooperate,C,player_926f200f-5666-4c3d-a4cf-0e89838ce959@localhost,Random,D,0,10,335,1135
148,player_c41e78f2-c2ef-46ed-9f98-0e5639e147fe@localhost,AlwaysCooperate,C,player_926f200f-5666-4c3d-a4cf-0e89838ce959@localhost,Random,C,5,5,340,1140
149,player_c41e78f2-c2ef-46ed-9f98-0e5639e147fe@localhost,AlwaysCooperate,C,player_926f200f-5666-4c3d-a4cf-0e89838ce959@localhost,Random,D,0,10,340,1150
150,player_c41e78f2-c2ef-46ed-9f98-0e5639e147fe@localhost,AlwaysCooperate,C,player_926f200f-5666-4c3d-a4cf-0e89838ce959@localhost,Random,C,5,5,345,1155
151,player_c41e78f2-c2ef-46ed-9f98-0e5639e147fe@localhost,AlwaysCooperate,C,player_926f200f-5666-4c3d-a4cf-0e89838ce959@localhost,Random,D,0,10,345,1165
152,player_c41e78f2-c2ef-46ed-9f98-0e5639e147fe@localhost,AlwaysCooperate,C,player_926f200f-5666-4c3d-a4cf-0e89838ce959@localhost,Random,C,5,5,350,1170
153,player_c41e78f2-c2ef-46ed-9f98-0e5639e147fe@localhost,AlwaysCooperate,C,player_926f200f-5666-4c3d-a4cf-0e89838ce959@localhost,Random,D,0,10,350,1180
154,player_c41e78f2-c2ef-46ed-9f98-0e5639e147fe@localhost,AlwaysCooperate,C,player_926f200f-5666-4c3d-a4cf-0e89838ce959@localhost,Random,C,5,5,355,1185
155,player_c41e78f2-c2ef-46ed-9f98-0e5639e147fe@localhost,AlwaysCooperate,C,player_926f200f-5666-4c3d-a4cf-0e89838ce959@localhost,Random,C,5,5,360,1190
156,player_c41e78f2-c2ef-46ed-9f98-0e5639e147fe@localhost,AlwaysCooperate,C,player_926f200f-5666-4c3d-a4cf-0e89838ce959@localhost,Random,C,5,5,365,1195
157,player_c41e78f2-c2ef-46ed-9f98-0e5639e147fe@localhost,AlwaysCooperate,C,player_926f200f-5666-4c3d-a4cf-0e89838ce959@localhost,Random,C,5,5,370,1200
158,player_c41e78f2-c2ef-46ed-9f98-0e5639e147fe@localhost,AlwaysCooperate,C,player_926f200f-5666-4c3d-a4cf-0e89838ce959@localhost,Random,D,0,10,370,1210
159,player_c41e78f2-c2ef-46ed-9f98-0e5639e147fe@localhost,AlwaysCooperate,C,player_926f200f-5666-4c3d-a4cf-0e89838ce959@localhost,Random,C,5,5,375,1215
160,player_c41e78f2-c2ef-46ed-9f98-0e5639e147fe@localhost,AlwaysCooperate,C,player_926f200f-5666-4c3d-a4cf-0e89838ce959@localhost,Random,C,5,5,380,1220
161,player_c41e78f2-c2ef-46ed-9f98-0e5639e147fe@localhost,AlwaysCooperate,C,player_926f200f-5666-4c3d-a4cf-0e89838ce959@localhost,Random,D,0,10,380,1230
162,player_c41e78f2-c2ef-46ed-9f98-0e5639e147fe@localhost,AlwaysCooperate,C,player_926f200f-5666-4c3d-a4cf-0e89838ce959@localhost,Random,D,0,10,380,1240
163,player_c41e78f2-c2ef-46ed-9f98-0e5639e147fe@localhost,AlwaysCooperate,C,player_926f200f-5666-4c3d-a4cf-0e89838ce959@localhost,Random,C,5,5,385,1245
164,player_c41e78f2-c2ef-46ed-9f98-0e5639e147fe@localhost,AlwaysCooperate,C,player_926f200f-5666-4c3d-a4cf-0e89838ce959@localhost,Random,C,5,5,390,1250
165,player_c41e78f2-c2ef-46ed-9f98-0e5639e147fe@localhost,AlwaysCooperate,C,player_926f200f-5666-4c3d-a4cf-0e89838ce959@localhost,Random,D,0,10,390,1260
166,player_c41e78f2-c2ef-46ed-9f98-0e5639e147fe@localhost,AlwaysCooperate,C,player_926f200f-5666-4c3d-a4cf-0e89838ce959@localhost,Random,D,0,10,390,1270
167,player_c41e78f2-c2ef-46ed-9f98-0e5639e147fe@localhost,AlwaysCooperate,C,player_926f200f-5666-4c3d-a4cf-0e89838ce959@localhost,Random,D,0,10,390,1280
168,player_c41e78f2-c2ef-46ed-9f98-0e5639e147fe@localhost,AlwaysCooperate,C,player_926f200f-5666-4c3d-a4cf-0e89838ce959@localhost,Random,C,5,5,395,1285
169,player_c41e78f2-c2ef-46ed-9f98-0e5639e147fe@localhost,AlwaysCooperate,C,player_926f200f-5666-4c3d-a4cf-0e89838ce959@localhost,Random,D,0,10,395,1295
170,player_c41e78f2-c2ef-46ed-9f98-0e5639e147fe@localhost,AlwaysCooperate,C,player_926f200f-5666-4c3d-a4cf-0e89838ce959@localhost,Random,C,5,5,400,1300
171,player_c41e78f2-c2ef-46ed-9f98-0e5639e147fe@localhost,AlwaysCooperate,C,player_926f200f-5666-4c3d-a4cf-0e89838ce959@localhost,Random,C,5,5,405,1305
172,player_c41e78f2-c2ef-46ed-9f98-0e5639e147fe@localhost,AlwaysCooperate,C,player_926f200f-5666-4c3d-a4cf-0e89838ce959@localhost,Random,C,5,5,410,1310
173,player_c41e78f2-c2ef-46ed-9f98-0e5639e147fe@localhost,AlwaysCooperate,C,player_926f200f-5666-4c3d-a4cf-0e89838ce959@localhost,Random,C,5,5,415,1315
174,player_c41e78f2-c2ef-46ed-9f98-0e5639e147fe@localhost,AlwaysCooperate,C,player_926f200f-5666-4c3d-a4cf-0e89838ce959@localhost,Random,C,5,5,420,1320
175,player_c41e78f2-c2ef-46ed-9f98-0e5639e147fe@localhost,AlwaysCooperate,C,player_926f200f-5666-4c3d-a4cf-0e89838ce959@localhost,Random,D,0,10,420,1330
176,player_c41e78f2-c2ef-46ed-9f98-0e5639e147fe@localhost,AlwaysCooperate,C,player_926f200f-5666-4c3d-a4cf-0e89838ce959@localhost,Random,C,5,5,425,1335
177,player_c41e78f2-c2ef-46ed-9f98-0e5639e147fe@localhost,AlwaysCooperate,C,player_926f200f-5666-4c3d-a4cf-0e89838ce959@localhost,Random,D,0,10,425,1345
178,player_c41e78f2-c2ef-46ed-9f98-0e5639e147fe@localhost,AlwaysCooperate,C,player_926f200f-5666-4c3d-a4cf-0e89838ce959@localhost,Random,C,5,5,430,1350
179,player_c41e78f2-c2ef-46ed-9f98-0e5639e147fe@localhost,AlwaysCooperate,C,player_926f200f-5666-4c3d-a4cf-0e89838ce959@localhost,Random,C,5,5,435,1355
180,player_c41e78f2-c2ef-46ed-9f98-0e5639e147fe@localhost,AlwaysCooperate,C,player_926f200f-5666-4c3d-a4cf-0e89838ce959@localhost,Random,C,5,5,440,1360
181,player_c41e78f2-c2ef-46ed-9f98-0e5639e147fe@localhost,AlwaysCooperate,C,player_926f200f-5666-4c3d-a4cf-0e89838ce959@localhost,Random,C,5,5,445,1365
182,player_c41e78f2-c2ef-46ed-9f98-0e5639e147fe@localhost,AlwaysCooperate,C,player_926f200f-5666-4c3d-a4cf-0e89838ce959@localhost,Random,D,0,10,445,1375
183,player_c41e78f2-c2ef-46ed-9f98-0e5639e147fe@localhost,AlwaysCooperate,C,player_926f200f-5666-4c3d-a4cf-0e89838ce959@localhost,Random,C,5,5,450,1380
184,player_c41e78f2-c2ef-46ed-9f98-0e5639e147fe@localhost,AlwaysCooperate,C,player_926f200f-5666-4c3d-a4cf-0e89838ce959@localhost,Random,D,0,10,450,1390
185,player_c41e78f2-c2ef-46ed-9f98-0e5639e147fe@localhost,AlwaysCooperate,C,player_926f200f-5666-4c3d-a4cf-0e89838ce959@localhost,Random,D,0,10,450,1400
186,player_c41e78f2-c2ef-46ed-9f98-0e5639e147fe@localhost,AlwaysCooperate,C,player_926f200f-5666-4c3d-a4cf-0e89838ce959@localhost,Random,D,0,10,450,1410
187,player_c41e78f2-c2ef-46ed-9f98-0e5639e147fe@localhost,AlwaysCooperate,C,player_926f200f-5666-4c3d-a4cf-0e89838ce959@localhost,Random,C,5,5,455,1415
188,player_c41e78f2-c2ef-46ed-9f98-0e5639e147fe@localhost,AlwaysCooperate,C,player_926f200f-5666-4c3d-a4cf-0e89838ce959@localhost,Random,D,0,10,455,1425
189,player_c41e78f2-c2ef-46ed-9f98-0e5639e147fe@localhost,AlwaysCooperate,C,player_926f200f-5666-4c3d-a4cf-0e89838ce959@localhost,Random,D,0,10,455,1435
190,player_c41e78f2-c2ef-46ed-9f98-0e5639e147fe@localhost,AlwaysCooperate,C,player_926f200f-5666-4c3d-a4cf-0e89838ce959@localhost,Random,C,5,5,460,1440
191,player_c41e78f2-c2ef-46ed-9f98-0e5639e147fe@localhost,AlwaysCooperate,C,player_926f200f-5666-4c3d-a4cf-0e89838ce959@localhost,Random,D,0,10,460,1450
192,player_c41e78f2-c2ef-46ed-9f98-0e5639e147fe@localhost,AlwaysCooperate,C,player_926f200f-5666-4c3d-a4cf-0e89838ce959@localhost,Random,C,5,5,465,1455
193,player_c41e78f2-c2ef-46ed-9f98-0e5639e147fe@localhost,AlwaysCooperate,C,player_926f200f-5666-4c3d-a4cf-0e89838ce959@localhost,Random,C,5,5,470,1460
194,player_c41e78f2-c2ef-46ed-9f98-0e5639e147fe@localhost,AlwaysCooperate,C,player_926f200f-5666-4c3d-a4cf-0e89838ce959@localhost,Random,C,5,5,475,1465
195,player_c41e78f2-c2ef-46ed-9f98-0e5639e147fe@localhost,AlwaysCooperate,C,player_926f200f-5666-4c3d-a4cf-0e89838ce959@localhost,Random,D,0,10,475,1475
196,player_c41e78f2-c2ef-46ed-9f98-0e5639e147fe@localhost,AlwaysCooperate,C,player_926f200f-5666-4c3d-a4cf-0e89838ce959@localhost,Random,C,5,5,480,1480
197,player_c41e78f2-c2ef-46ed-9f98-0e5639e147fe@localhost,AlwaysCooperate,C,player_926f200f-5666-4c3d-a4cf-0e89838ce959@localhost,Random,C,5,5,485,1485
198,player_c41e78f2-c2ef-46ed-9f98-0e5639e147fe@localhost,AlwaysCooperate,C,player_926f200f-5666-4c3d-a4cf-0e89838ce959@localhost,Random,D,0,10,485,1495
199,player_c41e78f2-c2ef-46ed-9f98-0e5639e147fe@localhost,AlwaysCooperate,C,player_926f200f-5666-4c3d-a4cf-0e89838ce959@localhost,Random,C,5,5,490,1500
200,player_c41e78f2-c2ef-46ed-9f98-0e5639e147fe@localhost,AlwaysCooperate,C,player_926f200f-5666-4c3d-a4cf-0e89838ce959@localhost,Random,D,0,10,490,1510
201,player_c41e78f2-c2ef-46ed-9f98-0e5639e147fe@localhost,AlwaysCooperate,C,player_926f200f-5666-4c3d-a4cf-0e89838ce959@localhost,Random,D,0,10,490,1520
202,player_c41e78f2-c2ef-46ed-9f98-0e5639e147fe@localhost,AlwaysCooperate,C,player_926f200f-5666-4c3d-a4cf-0e89838ce959@localhost,Random,C,5,5,495,1525
203,player_c41e78f2-c2ef-46ed-9f98-0e5639e147fe@localhost,AlwaysCooperate,C,player_926f200f-5666-4c3d-a4cf-0e89838ce959@localhost,Random,C,5,5,500,1530
204,player_c41e78f2-c2ef-46ed-9f98-0e5639e147fe@localhost,AlwaysCooperate,C,player_926f200f-5666-4c3d-a4cf-0e89838ce959@localhost,Random,C,5,5,505,1535
205,player_c41e78f2-c2ef-46ed-9f98-0e5639e147fe@localhost,AlwaysCooperate,C,player_926f200f-5666-4c3d-a4cf-0e89838ce959@localhost,Random,D,0,10,505,1545
206,player_c41e78f2-c2ef-46ed-9f98-0e5639e147fe@localhost,AlwaysCooperate,C,player_926f200f-5666-4c3d-a4cf-0e89838ce959@localhost,Random,C,5,5,510,1550
207,player_c41e78f2-c2ef-46ed-9f98-0e5639e147fe@localhost,AlwaysCooperate,C,player_926f200f-5666-4c3d-a4cf-0e89838ce959@localhost,Random,C,5,5,515,1555
208,player_c41e78f2-c2ef-46ed-9f98-0e5639e147fe@localhost,AlwaysCooperate,C,player_926f200f-5666-4c3d-a4cf-0e89838ce959@localhost,Random,C,5,5,520,1560
209,player_c41e78f2-c2ef-46ed-9f98-0e5639e147fe@localhost,AlwaysCooperate,C,player_926f200f-5666-4c3d-a4cf-0e89838ce959@localhost,Random,D,0,10,520,1570
210,player_c41e78f2-c2ef-46ed-9f98-0e5639e147fe@localhost,AlwaysCooperate,C,player_926f200f-5666-4c3d-a4cf-0e89838ce959@localhost,Random,C,5,5,525,1575
211,player_c41e78f2-c2ef-46ed-9f98-0e5639e147fe@localhost,AlwaysCooperate,C,player_926f200f-5666-4c3d-a4cf-0e89838ce959@localhost,Random,D,0,10,525,1585
212,player_c41e78f2-c2ef-46ed-9f98-0e5639e147fe@localhost,AlwaysCooperate,C,player_926f200f-5666-4c3d-a4cf-0e89838ce959@localhost,Random,D,0,10,525,1595
213,player_c41e78f2-c2ef-46ed-9f98-0e5639e147fe@localhost,AlwaysCooperate,C,player_926f200f-5666-4c3d-a4cf-0e89838ce959@localhost,Random,D,0,10,525,1605
214,player_c41e78f2-c2ef-46ed-9f98-0e5639e147fe@localhost,AlwaysCooperate,C,player_926f200f-5666-4c3d-a4cf-0e89838ce959@localhost,Random,D,0,10,525,1615
215,player_c41e78f2-c2ef-46ed-9f98-0e5639e147fe@localhost,AlwaysCooperate,C,player_926f200f-5666-4c3d-a4cf-0e89838ce959@localhost,Random,D,0,10,525,1625
216,player_c41e78f2-c2ef-46ed-9f98-0e5639e147fe@localhost,AlwaysCooperate,C,player_926f200f-5666-4c3d-a4cf-0e89838ce959@localhost,Random,D,0,10,525,1635
217,player_c41e78f2-c2ef-46ed-9f98-0e5639e147fe@localhost,AlwaysCooperate,C,player_926f200f-5666-4c3d-a4cf-0e89838ce959@localhost,Random,D,0,10,525,1645
218,player_c41e78f2-c2ef-46ed-9f98-0e5639e147fe@localhost,AlwaysCooperate,C,player_926f200f-5666-4c3d-a4cf-0e89838ce959@localhost,Random,C,5,5,530,1650
219,player_c41e78f2-c2ef-46ed-9f98-0e5639e147fe@localhost,AlwaysCooperate,C,player_926f200f-5666-4c3d-a4cf-0e89838ce959@localhost,Random,D,0,10,530,1660
220,player_c41e78f2-c2ef-46ed-9f98-0e5639e147fe@localhost,AlwaysCooperate,C,player_926f200f-5666-4c3d-a4cf-0e89838ce959@localhost,Random,C,5,5,535,1665
221,player_c41e78f2-c2ef-46ed-9f98-0e5639e147fe@localhost,AlwaysCooperate,C,player_926f200f-5666-4c3d-a4cf-0e89838ce959@localhost,Random,C,5,5,540,1670
222,player_c41e78f2-c2ef-46ed-9f98-0e5639e147fe@localhost,AlwaysCooperate,C,player_926f200f-5666-4c3d-a4cf-0e89838ce959@localhost,Random,C,5,5,545,1675
223,player_c41e78f2-c2ef-46ed-9f98-0e5639e147fe@localhost,AlwaysCooperate,C,player_926f200f-5666-4c3d-a4cf-0e89838ce959@localhost,Random,C,5,5,550,1680
224,player_c41e78f2-c2ef-46ed-9f98-0e5639e147fe@localhost,AlwaysCooperate,C,player_926f200f-5666-4c3d-a4cf-0e89838ce959@localhost,Random,C,5,5,555,1685
225,player_c41e78f2-c2ef-46ed-9f98-0e5639e147fe@localhost,AlwaysCooperate,C,player_926f200f-5666-4c3d-a4cf-0e89838ce959@localhost,Random,D,0,10,555,1695
226,player_c41e78f2-c2ef-46ed-9f98-0e5639e147fe@localhost,AlwaysCooperate,C,player_926f200f-5666-4c3d-a4cf-0e89838ce959@localhost,Random,D,0,10,555,1705
227,player_c41e78f2-c2ef-46ed-9f98-0e5639e147fe@localhost,AlwaysCooperate,C,player_926f200f-5666-4c3d-a4cf-0e89838ce959@localhost,Random,D,0,10,555,1715
228,player_c41e78f2-c2ef-46ed-9f98-0e5639e147fe@localhost,AlwaysCooperate,C,player_926f200f-5666-4c3d-a4cf-0e89838ce959@localhost,Random,D,0,10,555,1725
229,player_c41e78f2-c2ef-46ed-9f98-0e5639e147fe@localhost,AlwaysCooperate,C,player_926f200f-5666-4c3d-a4cf-0e89838ce959@localhost,Random,D,0,10,555,1735
230,player_c41e78f2-c2ef-46ed-9f98-0e5639e147fe@localhost,AlwaysCooperate,C,player_926f200f-5666-4c3d-a4cf-0e89838ce959@localhost,Random,D,0,10,555,1745
231,player_c41e78f2-c2ef-46ed-9f98-0e5639e147fe@localhost,AlwaysCooperate,C,player_926f200f-5666-4c3d-a4cf-0e89838ce959@localhost,Random,C,5,5,560,1750
232,player_c41e78f2-c2ef-46ed-9f98-0e5639e147fe@localhost,AlwaysCooperate,C,player_926f200f-5666-4c3d-a4cf-0e89838ce959@localhost,Random,C,5,5,565,1755
233,player_c41e78f2-c2ef-46ed-9f98-0e5639e147fe@localhost,AlwaysCooperate,C,player_926f200f-5666-4c3d-a4cf-0e89838ce959@localhost,Random,D,0,10,565,1765
234,player_c41e78f2-c2ef-46ed-9f98-0e5639e147fe@localhost,AlwaysCooperate,C,player_926f200f-5666-4c3d-a4cf-0e89838ce959@localhost,Random,D,0,10,565,1775
235,player_c41e78f2-c2ef-46ed-9f98-0e5639e147fe@localhost,AlwaysCooperate,C,player_926f200f-5666-4c3d-a4cf-0e89838ce959@localhost,Random,C,5,5,570,1780
236,player_c41e78f2-c2ef-46ed-9f98-0e5639e147fe@localhost,AlwaysCooperate,C,player_926f200f-5666-4c3d-a4cf-0e89838ce959@localhost,Random,C,5,5,575,1785
237,player_c41e78f2-c2ef-46ed-9f98-0e5639e147fe@localhost,AlwaysCooperate,C,player_926f200f-5666-4c3d-a4cf-0e89838ce959@localhost,Random,C,5,5,580,1790
238,player_c41e78f2-c2ef-46ed-9f98-0e5639e147fe@localhost,AlwaysCooperate,C,player_926f200f-5666-4c3d-a4cf-0e89838ce959@localhost,Random,C,5,5,585,1795
239,player_c41e78f2-c2ef-46ed-9f98-0e5639e147fe@localhost,AlwaysCooperate,C,player_926f200f-5666-4c3d-a4cf-0e89838ce959@localhost,Random,C,5,5,590,1800
240,player_c41e78f2-c2ef-46ed-9f98-0e5639e147fe@localhost,AlwaysCooperate,C,player_926f200f-5666-4c3d-a4cf-0e89838ce959@localhost,Random,D,0,10,590,1810
241,player_c41e78f2-c2ef-46ed-9f98-0e5639e147fe@localhost,AlwaysCooperate,C,player_926f200f-5666-4c3d-a4cf-0e89838ce959@localhost,Random,C,5,5,595,1815
242,player_c41e78f2-c2ef-46ed-9f98-0e5639e147fe@localhost,AlwaysCooperate,C,player_926f200f-5666-4c3d-a4cf-0e89838ce959@localhost,Random,C,5,5,600,1820
243,player_c41e78f2-c2ef-46ed-9f98-0e5639e147fe@localhost,AlwaysCooperate,C,player_926f200f-5666-4c3d-a4cf-0e89838ce959@localhost,Random,C,5,5,605,1825
244,player_c41e78f2-c2ef-46ed-9f98-0e5639e147fe@localhost,AlwaysCooperate,C,player_926f200f-5666-4c3d-a4cf-0e89838ce959@localhost,Random,C,5,5,610,1830
245,player_c41e78f2-c2ef-46ed-9f98-0e5639e147fe@localhost,AlwaysCooperate,C,player_926f200f-5666-4c3d-a4cf-0e89838ce959@localhost,Random,D,0,10,610,1840
246,player_c41e78f2-c2ef-46ed-9f98-0e5639e147fe@localhost,AlwaysCooperate,C,player_926f200f-5666-4c3d-a4cf-0e89838ce959@localhost,Random,C,5,5,615,1845
247,player_c41e78f2-c2ef-46ed-9f98-0e5639e147fe@localhost,AlwaysCooperate,C,player_926f200f-5666-4c3d-a4cf-0e89838ce959@localhost,Random,D,0,10,615,1855
248,player_c41e78f2-c2ef-46ed-9f98-0e5639e147fe@localhost,AlwaysCooperate,C,player_926f200f-5666-4c3d-a4cf-0e89838ce959@localhost,Random,C,5,5,620,1860
249,player_c41e78f2-c2ef-46ed-9f98-0e5639e147fe@localhost,AlwaysCooperate,C,player_926f200f-5666-4c3d-a4cf-0e89838ce959@localhost,Random,C,5,5,625,1865
250,player_c41e78f2-c2ef-46ed-9f98-0e5639e147fe@localhost,AlwaysCooperate,C,player_926f200f-5666-4c3d-a4cf-0e89838ce959@localhost,Random,C,5,5,630,1870
251,player_c41e78f2-c2ef-46ed-9f98-0e5639e147fe@localhost,AlwaysCooperate,C,player_926f200f-5666-4c3d-a4cf-0e89838ce959@localhost,Random,C,5,5,635,1875
252,player_c41e78f2-c2ef-46ed-9f98-0e5639e147fe@localhost,AlwaysCooperate,C,player_926f200f-5666-4c3d-a4cf-0e89838ce959@localhost,Random,C,5,5,640,1880
253,player_c41e78f2-c2ef-46ed-9f98-0e5639e147fe@localhost,AlwaysCooperate,C,player_926f200f-5666-4c3d-a4cf-0e89838ce959@localhost,Random,D,0,10,640,1890
254,player_c41e78f2-c2ef-46ed-9f98-0e5639e147fe@localhost,AlwaysCooperate,C,player_926f200f-5666-4c3d-a4cf-0e89838ce959@localhost,Random,D,0,10,640,1900
255,player_c41e78f2-c2ef-46ed-9f98-0e5639e147fe@localhost,AlwaysCooperate,C,player_926f200f-5666-4c3d-a4cf-0e89838ce959@localhost,Random,D,0,10,640,1910
256,player_c41e78f2-c2ef-46ed-9f98-0e5639e147fe@localhost,AlwaysCooperate,C,player_926f200f-5666-4c3d-a4cf-0e89838ce959@localhost,Random,C,5,5,645,1915
257,player_c41e78f2-c2ef-46ed-9f98-0e5639e147fe@localhost,AlwaysCooperate,C,player_926f200f-5666-4c3d-a4cf-0e89838ce959@localhost,Random,D,0,10,645,1925
258,player_c41e78f2-c2ef-46ed-9f98-0e5639e147fe@localhost,AlwaysCooperate,C,player_926f200f-5666-4c3d-a4cf-0e89838ce959@localhost,Random,C,5,5,650,1930
259,player_c41e78f2-c2ef-46ed-9f98-0e5639e147fe@localhost,AlwaysCooperate,C,player_926f200f-5666-4c3d-a4cf-0e89838ce959@localhost,Random,D,0,10,650,1940
260,player_c41e78f2-c2ef-46ed-9f98-0e5639e147fe@localhost,AlwaysCooperate,C,player_926f200f-5666-4c3d-a4cf-0e89838ce959@localhost,Random,D,0,10,650,1950
261,player_c41e78f2-c2ef-46ed-9f98-0e5639e147fe@localhost,AlwaysCooperate,C,player_926f200f-5666-4c3d-a4cf-0e89838ce959@localhost,Random,C,5,5,655,1955
262,player_c41e78f2-c2ef-46ed-9f98-0e5639e147fe@localhost,AlwaysCooperate,C,player_926f200f-5666-4c3d-a4cf-0e89838ce959@localhost,Random,D,0,10,655,1965
263,player_c41e78f2-c2ef-46ed-9f98-0e5639e147fe@localhost,AlwaysCooperate,C,player_926f200f-5666-4c3d-a4cf-0e89838ce959@localhost,Random,D,0,10,655,1975
264,player_c41e78f2-c2ef-46ed-9f98-0e5639e147fe@localhost,AlwaysCooperate,C,player_926f200f-5666-4c3d-a4cf-0e89838ce959@localhost,Random,D,0,10,655,1985
265,player_c41e78f2-c2ef-46ed-9f98-0e5639e147fe@localhost,AlwaysCooperate,C,player_926f200f-5666-4c3d-a4cf-0e89838ce959@localhost,Random,D,0,10,655,1995
266,player_c41e78f2-c2ef-46ed-9f98-0e5639e147fe@localhost,AlwaysCooperate,C,player_926f200f-5666-4c3d-a4cf-0e89838ce959@localhost,Random,C,5,5,660,2000
267,player_c41e78f2-c2ef-46ed-9f98-0e5639e147fe@localhost,AlwaysCooperate,C,player_926f200f-5666-4c3d-a4cf-0e89838ce959@localhost,Random,C,5,5,665,2005
268,player_c41e78f2-c2ef-46ed-9f98-0e5639e147fe@localhost,AlwaysCooperate,C,player_926f200f-5666-4c3d-a4cf-0e89838ce959@localhost,Random,D,0,10,665,2015
269,player_c41e78f2-c2ef-46ed-9f98-0e5639e147fe@localhost,AlwaysCooperate,C,player_926f200f-5666-4c3d-a4cf-0e89838ce959@localhost,Random,D,0,10,665,2025
270,player_c41e78f2-c2ef-46ed-9f98-0e5639e147fe@localhost,AlwaysCooperate,C,player_926f200f-5666-4c3d-a4cf-0e89838ce959@localhost,Random,C,5,5,670,2030
271,player_c41e78f2-c2ef-46ed-9f98-0e5639e147fe@localhost,AlwaysCooperate,C,player_926f200f-5666-4c3d-a4cf-0e89838ce959@localhost,Random,C,5,5,675,2035
272,player_c41e78f2-c2ef-46ed-9f98-0e5639e147fe@localhost,AlwaysCooperate,C,player_926f200f-5666-4c3d-a4cf-0e89838ce959@localhost,Random,D,0,10,675,2045
273,player_c41e78f2-c2ef-46ed-9f98-0e5639e147fe@localhost,AlwaysCooperate,C,player_926f200f-5666-4c3d-a4cf-0e89838ce959@localhost,Random,C,5,5,680,2050
274,player_c41e78f2-c2ef-46ed-9f98-0e5639e147fe@localhost,AlwaysCooperate,C,player_926f200f-5666-4c3d-a4cf-0e89838ce959@localhost,Random,D,0,10,680,2060
275,player_c41e78f2-c2ef-46ed-9f98-0e5639e147fe@localhost,AlwaysCooperate,C,player_926f200f-5666-4c3d-a4cf-0e89838ce959@localhost,Random,C,5,5,685,2065
276,player_c41e78f2-c2ef-46ed-9f98-0e5639e147fe@localhost,AlwaysCooperate,C,player_926f200f-5666-4c3d-a4cf-0e89838ce959@localhost,Random,D,0,10,685,2075
277,player_c41e78f2-c2ef-46ed-9f98-0e5639e147fe@localhost,AlwaysCooperate,C,player_926f200f-5666-4c3d-a4cf-0e89838ce959@localhost,Random,D,0,10,685,2085
278,player_c41e78f2-c2ef-46ed-9f98-0e5639e147fe@localhost,AlwaysCooperate,C,player_926f200f-5666-4c3d-a4cf-0e89838ce959@localhost,Random,C,5,5,690,2090
279,player_c41e78f2-c2ef-46ed-9f98-0e5639e147fe@localhost,AlwaysCooperate,C,player_926f200f-5666-4c3d-a4cf-0e89838ce959@localhost,Random,D,0,10,690,2100
280,player_c41e78f2-c2ef-46ed-9f98-0e5639e147fe@localhost,AlwaysCooperate,C,player_926f200f-5666-4c3d-a4cf-0e89838ce959@localhost,Random,D,0,10,690,2110
281,player_c41e78f2-c2ef-46ed-9f98-0e5639e147fe@localhost,AlwaysCooperate,C,player_926f200f-5666-4c3d-a4cf-0e89838ce959@localhost,Random,D,0,10,690,2120
282,player_c41e78f2-c2ef-46ed-9f98-0e5639e147fe@localhost,AlwaysCooperate,C,player_926f200f-5666-4c3d-a4cf-0e89838ce959@localhost,Random,D,0,10,690,2130
283,player_c41e78f2-c2ef-46ed-9f98-0e5639e147fe@localhost,AlwaysCooperate,C,player_926f200f-5666-4c3d-a4cf-0e89838ce959@localhost,Random,D,0,10,690,2140
284,player_c41e78f2-c2ef-46ed-9f98-0e5639e147fe@localhost,AlwaysCooperate,C,player_926f200f-5666-4c3d-a4cf-0e89838ce959@localhost,Random,D,0,10,690,2150
285,player_c41e78f2-c2ef-46ed-9f98-0e5639e147fe@localhost,AlwaysCooperate,C,player_926f200f-5666-4c3d-a4cf-0e89838ce959@localhost,Random,C,5,5,695,2155
286,player_c41e78f2-c2ef-46ed-9f98-0e5639e147fe@localhost,AlwaysCooperate,C,player_926f200f-5666-4c3d-a4cf-0e89838ce959@localhost,Random,C,5,5,700,2160
287,player_c41e78f2-c2ef-46ed-9f98-0e5639e147fe@localhost,AlwaysCooperate,C,player_926f200f-5666-4c3d-a4cf-0e89838ce959@localhost,Random,D,0,10,700,2170
288,player_c41e78f2-c2ef-46ed-9f98-0e5639e147fe@localhost,AlwaysCooperate,C,player_926f200f-5666-4c3d-a4cf-0e89838ce959@localhost,Random,C,5,5,705,2175
289,player_c41e78f2-c2ef-46ed-9f98-0e5639e147fe@localhost,AlwaysCooperate,C,player_926f200f-5666-4c3d-a4cf-0e89838ce959@localhost,Random,D,0,10,705,2185
290,player_c41e78f2-c2ef-46ed-9f98-0e5639e147fe@localhost,AlwaysCooperate,C,player_926f200f-5666-4c3d-a4cf-0e89838ce959@localhost,Random,D,0,10,705,2195
291,player_c41e78f2-c2ef-46ed-9f98-0e5639e147fe@localhost,AlwaysCooperate,C,player_926f200f-5666-4c3d-a4cf-0e89838ce959@localhost,Random,C,5,5,710,2200
292,player_c41e78f2-c2ef-46ed-9f98-0e5639e147fe@localhost,AlwaysCooperate,C,player_926f200f-5666-4c3d-a4cf-0e89838ce959@localhost,Random,C,5,5,715,2205
293,player_c41e78f2-c2ef-46ed-9f98-0e5639e147fe@localhost,AlwaysCooperate,C,player_926f200f-5666-4c3d-a4cf-0e89838ce959@localhost,Random,D,0,10,715,2215
294,player_c41e78f2-c2ef-46ed-9f98-0e5639e147fe@localhost,AlwaysCooperate,C,player_926f200f-5666-4c3d-a4cf-0e89838ce959@localhost,Random,D,0,10,715,2225
295,player_c41e78f2-c2ef-46ed-9f98-0e5639e147fe@localhost,AlwaysCooperate,C,player_926f200f-5666-4c3d-a4cf-0e89838ce959@localhost,Random,D,0,10,715,2235
296,player_c41e78f2-c2ef-46ed-9f98-0e5639e147fe@localhost,AlwaysCooperate,C,player_926f200f-5666-4c3d-a4cf-0e89838ce959@localhost,Random,C,5,5,720,2240
297,player_c41e78f2-c2ef-46ed-9f98-0e5639e147fe@localhost,AlwaysCooperate,C,player_926f200f-5666-4c3d-a4cf-0e89838ce959@localhost,Random,C,5,5,725,2245
298,player_c41e78f2-c2ef-46ed-9f98-0e5639e147fe@localhost,AlwaysCooperate,C,player_926f200f-5666-4c3d-a4cf-0e89838ce959@localhost,Random,D,0,10,725,2255
299,player_c41e78f2-c2ef-46ed-9f98-0e5639e147fe@localhost,AlwaysCooperate,C,player_926f200f-5666-4c3d-a4cf-0e89838ce959@localhost,Random,C,5,5,730,2260
300,player_c41e78f2-c2ef-46ed-9f98-0e5639e147fe@localhost,AlwaysCooperate,C,player_926f200f-5666-4c3d-a4cf-0e89838ce959@localhost,Random,D,0,10,730,2270
301,player_c41e78f2-c2ef-46ed-9f98-0e5639e147fe@localhost,AlwaysCooperate,C,player_926f200f-5666-4c3d-a4cf-0e89838ce959@localhost,Random,D,0,10,730,2280
302,player_c41e78f2-c2ef-46ed-9f98-0e5639e147fe@localhost,AlwaysCooperate,C,player_926f200f-5666-4c3d-a4cf-0e89838ce959@localhost,Random,C,5,5,735,2285
303,player_c41e78f2-c2ef-46ed-9f98-0e5639e147fe@localhost,AlwaysCooperate,C,player_926f200f-5666-4c3d-a4cf-0e89838ce959@localhost,Random,C,5,5,740,2290
304,player_c41e78f2-c2ef-46ed-9f98-0e5639e147fe@localhost,AlwaysCooperate,C,player_926f200f-5666-4c3d-a4cf-0e89838ce959@localhost,Random,D,0,10,740,2300
305,player_c41e78f2-c2ef-46ed-9f98-0e5639e147fe@localhost,AlwaysCooperate,C,player_926f200f-5666-4c3d-a4cf-0e89838ce959@localhost,Random,C,5,5,745,2305
306,player_c41e78f2-c2ef-46ed-9f98-0e5639e147fe@localhost,AlwaysCooperate,C,player_926f200f-5666-4c3d-a4cf-0e89838ce959@localhost,Random,D,0,10,745,2315
307,player_c41e78f2-c2ef-46ed-9f98-0e5639e147fe@localhost,AlwaysCooperate,C,player_926f200f-5666-4c3d-a4cf-0e89838ce959@localhost,Random,D,0,10,745,2325
308,player_c41e78f2-c2ef-46ed-9f98-0e5639e147fe@localhost,AlwaysCooperate,C,player_926f200f-5666-4c3d-a4cf-0e89838ce959@localhost,Random,C,5,5,750,2330
309,player_c41e78f2-c2ef-46ed-9f98-0e5639e147fe@localhost,AlwaysCooperate,C,player_926f200f-5666-4c3d-a4cf-0e89838ce959@localhost,Random,D,0,10,750,2340
310,player_c41e78f2-c2ef-46ed-9f98-0e5639e147fe@localhost,AlwaysCooperate,C,player_926f200f-5666-4c3d-a4cf-0e89838ce959@localhost,Random,D,0,10,750,2350
311,player_c41e78f2-c2ef-46ed-9f98-0e5639e147fe@localhost,AlwaysCooperate,C,player_926f200f-5666-4c3d-a4cf-0e89838ce959@localhost,Random,C,5,5,755,2355
312,player_c41e78f2-c2ef-46ed-9f98-0e5639e147fe@localhost,AlwaysCooperate,C,player_926f200f-5666-4c3d-a4cf-0e89838ce959@localhost,Random,C,5,5,760,2360
313,player_c41e78f2-c2ef-46ed-9f98-0e5639e147fe@localhost,AlwaysCooperate,C,player_926f200f-5666-4c3d-a4cf-0e89838ce959@localhost,Random,D,0,10,760,2370
314,player_c41e78f2-c2ef-46ed-9f98-0e5639e147fe@localhost,AlwaysCooperate,C,player_926f200f-5666-4c3d-a4cf-0e89838ce959@localhost,Random,D,0,10,760,2380
315,player_c41e78f2-c2ef-46ed-9f98-0e5639e147fe@localhost,AlwaysCooperate,C,player_926f200f-5666-4c3d-a4cf-0e89838ce959@localhost,Random,D,0,10,760,2390
316,player_c41e78f2-c2ef-46ed-9f98-0e5639e147fe@localhost,AlwaysCooperate,C,player_926f200f-5666-4c3d-a4cf-0e89838ce959@localhost,Random,C,5,5,765,2395
317,player_c41e78f2-c2ef-46ed-9f98-0e5639e147fe@localhost,AlwaysCooperate,C,player_926f200f-5666-4c3d-a4cf-0e89838ce959@localhost,Random,C,5,5,770,2400
318,player_c41e78f2-c2ef-46ed-9f98-0e5639e147fe@localhost,AlwaysCooperate,C,player_926f200f-5666-4c3d-a4cf-0e89838ce959@localhost,Random,D,0,10,770,2410
319,player_c41e78f2-c2ef-46ed-9f98-0e5639e147fe@localhost,AlwaysCooperate,C,player_926f200f-5666-4c3d-a4cf-0e89838ce959@localhost,Random,D,0,10,770,2420
320,player_c41e78f2-c2ef-46ed-9f98-0e5639e147fe@localhost,AlwaysCooperate,C,player_926f200f-5666-4c3d-a4cf-0e89838ce959@localhost,Random,D,0,10,770,2430
321,player_c41e78f2-c2ef-46ed-9f98-0e5639e147fe@localhost,AlwaysCooperate,C,player_926f200f-5666-4c3d-a4cf-0e89838ce959@localhost,Random,C,5,5,775,2435
322,player_c41e78f2-c2ef-46ed-9f98-0e5639e147fe@localhost,AlwaysCooperate,C,player_926f200f-5666-4c3d-a4cf-0e89838ce959@localhost,Random,D,0,10,775,2445
323,player_c41e78f2-c2ef-46ed-9f98-0e5639e147fe@localhost,AlwaysCooperate,C,player_926f200f-5666-4c3d-a4cf-0e89838ce959@localhost,Random,C,5,5,780,2450
324,player_c41e78f2-c2ef-46ed-9f98-0e5639e147fe@localhost,AlwaysCooperate,C,player_926f200f-5666-4c3d-a4cf-0e89838ce959@localhost,Random,D,0,10,780,2460
325,player_c41e78f2-c2ef-46ed-9f98-0e5639e147fe@localhost,AlwaysCooperate,C,player_926f200f-5666-4c3d-a4cf-0e89838ce959@localhost,Random,C,5,5,785,2465
326,player_c41e78f2-c2ef-46ed-9f98-0e5639e147fe@localhost,AlwaysCooperate,C,player_926f200f-5666-4c3d-a4cf-0e89838ce959@localhost,Random,D,0,10,785,2475
327,player_c41e78f2-c2ef-46ed-9f98-0e5639e147fe@localhost,AlwaysCooperate,C,player_926f200f-5666-4c3d-a4cf-0e89838ce959@localhost,Random,C,5,5,790,2480
328,player_c41e78f2-c2ef-46ed-9f98-0e5639e147fe@localhost,AlwaysCooperate,C,player_926f200f-5666-4c3d-a4cf-0e89838ce959@localhost,Random,D,0,10,790,2490
329,player_c41e78f2-c2ef-46ed-9f98-0e5639e147fe@localhost,AlwaysCooperate,C,player_926f200f-5666-4c3d-a4cf-0e89838ce959@localhost,Random,C,5,5,795,2495
330,player_c41e78f2-c2ef-46ed-9f98-0e5639e147fe@localhost,AlwaysCooperate,C,player_926f200f-5666-4c3d-a4cf-0e89838ce959@localhost,Random,C,5,5,800,2500
331,player_c41e78f2-c2ef-46ed-9f98-0e5639e147fe@localhost,AlwaysCooperate,C,player_926f200f-5666-4c3d-a4cf-0e89838ce959@localhost,Random,D,0,10,800,2510
332,player_c41e78f2-c2ef-46ed-9f98-0e5639e147fe@localhost,AlwaysCooperate,C,player_926f200f-5666-4c3d-a4cf-0e89838ce959@localhost,Random,C,5,5,805,2515
333,player_c41e78f2-c2ef-46ed-9f98-0e5639e147fe@localhost,AlwaysCooperate,C,player_926f200f-5666-4c3d-a4cf-0e89838ce959@localhost,Random,C,5,5,810,2520
334,player_c41e78f2-c2ef-46ed-9f98-0e5639e147fe@localhost,AlwaysCooperate,C,player_926f200f-5666-4c3d-a4cf-0e89838ce959@localhost,Random,D,0,10,810,2530
335,player_c41e78f2-c2ef-46ed-9f98-0e5639e147fe@localhost,AlwaysCooperate,C,player_926f200f-5666-4c3d-a4cf-0e89838ce959@localhost,Random,D,0,10,810,2540
336,player_c41e78f2-c2ef-46ed-9f98-0e5639e147fe@localhost,AlwaysCooperate,C,player_926f200f-5666-4c3d-a4cf-0e89838ce959@localhost,Random,C,5,5,815,2545
337,player_c41e78f2-c2ef-46ed-9f98-0e5639e147fe@localhost,AlwaysCooperate,C,player_926f200f-5666-4c3d-a4cf-0e89838ce959@localhost,Random,C,5,5,820,2550
338,player_c41e78f2-c2ef-46ed-9f98-0e5639e147fe@localhost,AlwaysCooperate,C,player_926f200f-5666-4c3d-a4cf-0e89838ce959@localhost,Random,D,0,10,820,2560
339,player_c41e78f2-c2ef-46ed-9f98-0e5639e147fe@localhost,AlwaysCooperate,C,player_926f200f-5666-4c3d-a4cf-0e89838ce959@localhost,Random,C,5,5,825,2565
340,player_c41e78f2-c2ef-46ed-9f98-0e5639e147fe@localhost,AlwaysCooperate,C,player_926f200f-5666-4c3d-a4cf-0e89838ce959@localhost,Random,D,0,10,825,2575
341,player_c41e78f2-c2ef-46ed-9f98-0e5639e147fe@localhost,AlwaysCooperate,C,player_926f200f-5666-4c3d-a4cf-0e89838ce959@localhost,Random,D,0,10,825,2585
342,player_c41e78f2-c2ef-46ed-9f98-0e5639e147fe@localhost,AlwaysCooperate,C,player_926f200f-5666-4c3d-a4cf-0e89838ce959@localhost,Random,D,0,10,825,2595
343,player_c41e78f2-c2ef-46ed-9f98-0e5639e147fe@localhost,AlwaysCooperate,C,player_926f200f-5666-4c3d-a4cf-0e89838ce959@localhost,Random,C,5,5,830,2600
344,player_c41e78f2-c2ef-46ed-9f98-0e5639e147fe@localhost,AlwaysCooperate,C,player_926f200f-5666-4c3d-a4cf-0e89838ce959@localhost,Random,C,5,5,835,2605
345,player_c41e78f2-c2ef-46ed-9f98-0e5639e147fe@localhost,AlwaysCooperate,C,player_926f200f-5666-4c3d-a4cf-0e89838ce959@localhost,Random,D,0,10,835,2615
346,player_c41e78f2-c2ef-46ed-9f98-0e5639e147fe@localhost,AlwaysCooperate,C,player_926f200f-5666-4c3d-a4cf-0e89838ce959@localhost,Random,D,0,10,835,2625
347,player_c41e78f2-c2ef-46ed-9f98-0e5639e147fe@localhost,AlwaysCooperate,C,player_926f200f-5666-4c3d-a4cf-0e89838ce959@localhost,Random,C,5,5,840,2630
348,player_c41e78f2-c2ef-46ed-9f98-0e5639e147fe@localhost,AlwaysCooperate,C,player_926f200f-5666-4c3d-a4cf-0e89838ce959@localhost,Random,C,5,5,845,2635
349,player_c41e78f2-c2ef-46ed-9f98-0e5639e147fe@localhost,AlwaysCooperate,C,player_926f200f-5666-4c3d-a4cf-0e89838ce959@localhost,Random,C,5,5,850,2640
350,player_c41e78f2-c2ef-46ed-9f98-0e5639e147fe@localhost,AlwaysCooperate,C,player_926f200f-5666-4c3d-a4cf-0e89838ce959@localhost,Random,D,0,10,850,2650
351,player_c41e78f2-c2ef-46ed-9f98-0e5639e147fe@localhost,AlwaysCooperate,C,player_926f200f-5666-4c3d-a4cf-0e89838ce959@localhost,Random,D,0,10,850,2660
352,player_c41e78f2-c2ef-46ed-9f98-0e5639e147fe@localhost,AlwaysCooperate,C,player_926f200f-5666-4c3d-a4cf-0e89838ce959@localhost,Random,D,0,10,850,2670
353,player_c41e78f2-c2ef-46ed-9f98-0e5639e147fe@localhost,AlwaysCooperate,C,player_926f200f-5666-4c3d-a4cf-0e89838ce959@localhost,Random,C,5,5,855,2675
354,player_c41e78f2-c2ef-46ed-9f98-0e5639e147fe@localhost,AlwaysCooperate,C,player_926f200f-5666-4c3d-a4cf-0e89838ce959@localhost,Random,C,5,5,860,2680
355,player_c41e78f2-c2ef-46ed-9f98-0e5639e147fe@localhost,AlwaysCooperate,C,player_926f200f-5666-4c3d-a4cf-0e89838ce959@localhost,Random,D,0,10,860,2690
356,player_c41e78f2-c2ef-46ed-9f98-0e5639e147fe@localhost,AlwaysCooperate,C,player_926f200f-5666-4c3d-a4cf-0e89838ce959@localhost,Random,C,5,5,865,2695
357,player_c41e78f2-c2ef-46ed-9f98-0e5639e147fe@localhost,AlwaysCooperate,C,player_926f200f-5666-4c3d-a4cf-0e89838ce959@localhost,Random,D,0,10,865,2705
358,player_c41e78f2-c2ef-46ed-9f98-0e5639e147fe@localhost,AlwaysCooperate,C,player_926f200f-5666-4c3d-a4cf-0e89838ce959@localhost,Random,C,5,5,870,2710
359,player_c41e78f2-c2ef-46ed-9f98-0e5639e147fe@localhost,AlwaysCooperate,C,player_926f200f-5666-4c3d-a4cf-0e89838ce959@localhost,Random,D,0,10,870,2720
360,player_c41e78f2-c2ef-46ed-9f98-0e5639e147fe@localhost,AlwaysCooperate,C,player_926f200f-5666-4c3d-a4cf-0e89838ce959@localhost,Random,D,0,10,870,2730
361,player_c41e78f2-c2ef-46ed-9f98-0e5639e147fe@localhost,AlwaysCooperate,C,player_926f200f-5666-4c3d-a4cf-0e89838ce959@localhost,Random,C,5,5,875,2735
362,player_c41e78f2-c2ef-46ed-9f98-0e5639e147fe@localhost,AlwaysCooperate,C,player_926f200f-5666-4c3d-a4cf-0e89838ce959@localhost,Random,D,0,10,875,2745
363,player_c41e78f2-c2ef-46ed-9f98-0e5639e147fe@localhost,AlwaysCooperate,C,player_926f200f-5666-4c3d-a4cf-0e89838ce959@localhost,Random,C,5,5,880,2750
364,player_c41e78f2-c2ef-46ed-9f98-0e5639e147fe@localhost,AlwaysCooperate,C,player_926f200f-5666-4c3d-a4cf-0e89838ce959@localhost,Random,C,5,5,885,2755
365,player_c41e78f2-c2ef-46ed-9f98-0e5639e147fe@localhost,AlwaysCooperate,C,player_926f200f-5666-4c3d-a4cf-0e89838ce959@localhost,Random,C,5,5,890,2760
366,player_c41e78f2-c2ef-46ed-9f98-0e5639e147fe@localhost,AlwaysCooperate,C,player_926f200f-5666-4c3d-a4cf-0e89838ce959@localhost,Random,C,5,5,895,2765
367,player_c41e78f2-c2ef-46ed-9f98-0e5639e147fe@localhost,AlwaysCooperate,C,player_926f200f-5666-4c3d-a4cf-0e89838ce959@localhost,Random,C,5,5,900,2770
368,player_c41e78f2-c2ef-46ed-9f98-0e5639e147fe@localhost,AlwaysCooperate,C,player_926f200f-5666-4c3d-a4cf-0e89838ce959@localhost,Random,D,0,10,900,2780
369,player_c41e78f2-c2ef-46ed-9f98-0e5639e147fe@localhost,AlwaysCooperate,C,player_926f200f-5666-4c3d-a4cf-0e89838ce959@localhost,Random,C,5,5,905,2785
370,player_c41e78f2-c2ef-46ed-9f98-0e5639e147fe@localhost,AlwaysCooperate,C,player_926f200f-5666-4c3d-a4cf-0e89838ce959@localhost,Random,C,5,5,910,2790
371,player_c41e78f2-c2ef-46ed-9f98-0e5639e147fe@localhost,AlwaysCooperate,C,player_926f200f-5666-4c3d-a4cf-0e89838ce959@localhost,Random,C,5,5,915,2795
372,player_c41e78f2-c2ef-46ed-9f98-0e5639e147fe@localhost,AlwaysCooperate,C,player_926f200f-5666-4c3d-a4cf-0e89838ce959@localhost,Random,D,0,10,915,2805
373,player_c41e78f2-c2ef-46ed-9f98-0e5639e147fe@localhost,AlwaysCooperate,C,player_926f200f-5666-4c3d-a4cf-0e89838ce959@localhost,Random,C,5,5,920,2810
374,player_c41e78f2-c2ef-46ed-9f98-0e5639e147fe@localhost,AlwaysCooperate,C,player_926f200f-5666-4c3d-a4cf-0e89838ce959@localhost,Random,C,5,5,925,2815
375,player_c41e78f2-c2ef-46ed-9f98-0e5639e147fe@localhost,AlwaysCooperate,C,player_926f200f-5666-4c3d-a4cf-0e89838ce959@localhost,Random,D,0,10,925,2825
376,player_c41e78f2-c2ef-46ed-9f98-0e5639e147fe@localhost,AlwaysCooperate,C,player_926f200f-5666-4c3d-a4cf-0e89838ce959@localhost,Random,D,0,10,925,2835
377,player_c41e78f2-c2ef-46ed-9f98-0e5639e147fe@localhost,AlwaysCooperate,C,player_926f200f-5666-4c3d-a4cf-0e89838ce959@localhost,Random,D,0,10,925,2845
378,player_c41e78f2-c2ef-46ed-9f98-0e5639e147fe@localhost,AlwaysCooperate,C,player_926f200f-5666-4c3d-a4cf-0e89838ce959@localhost,Random,D,0,10,925,2855
379,player_c41e78f2-c2ef-46ed-9f98-0e5639e147fe@localhost,AlwaysCooperate,C,player_926f200f-5666-4c3d-a4cf-0e89838ce959@localhost,Random,C,5,5,930,2860
380,player_c41e78f2-c2ef-46ed-9f98-0e5639e147fe@localhost,AlwaysCooperate,C,player_926f200f-5666-4c3d-a4cf-0e89838ce959@localhost,Random,D,0,10,930,2870
381,player_c41e78f2-c2ef-46ed-9f98-0e5639e147fe@localhost,AlwaysCooperate,C,player_926f200f-5666-4c3d-a4cf-0e89838ce959@localhost,Random,C,5,5,935,2875
382,player_c41e78f2-c2ef-46ed-9f98-0e5639e147fe@localhost,AlwaysCooperate,C,player_926f200f-5666-4c3d-a4cf-0e89838ce959@localhost,Random,C,5,5,940,2880
383,player_c41e78f2-c2ef-46ed-9f98-0e5639e147fe@localhost,AlwaysCooperate,C,player_926f200f-5666-4c3d-a4cf-0e89838ce959@localhost,Random,C,5,5,945,2885
384,player_c41e78f2-c2ef-46ed-9f98-0e5639e147fe@localhost,AlwaysCooperate,C,player_926f200f-5666-4c3d-a4cf-0e89838ce959@localhost,Random,C,5,5,950,2890
385,player_c41e78f2-c2ef-46ed-9f98-0e5639e147fe@localhost,AlwaysCooperate,C,player_926f200f-5666-4c3d-a4cf-0e89838ce959@localhost,Random,C,5,5,955,2895
386,player_c41e78f2-c2ef-46ed-9f98-0e5639e147fe@localhost,AlwaysCooperate,C,player_926f200f-5666-4c3d-a4cf-0e89838ce959@localhost,Random,D,0,10,955,2905
387,player_c41e78f2-c2ef-46ed-9f98-0e5639e147fe@localhost,AlwaysCooperate,C,player_926f200f-5666-4c3d-a4cf-0e89838ce959@localhost,Random,C,5,5,960,2910
388,player_c41e78f2-c2ef-46ed-9f98-0e5639e147fe@localhost,AlwaysCooperate,C,player_926f200f-5666-4c3d-a4cf-0e89838ce959@localhost,Random,C,5,5,965,2915
389,player_c41e78f2-c2ef-46ed-9f98-0e5639e147fe@localhost,AlwaysCooperate,C,player_926f200f-5666-4c3d-a4cf-0e89838ce959@localhost,Random,C,5,5,970,2920
390,player_c41e78f2-c2ef-46ed-9f98-0e5639e147fe@localhost,AlwaysCooperate,C,player_926f200f-5666-4c3d-a4cf-0e89838ce959@localhost,Random,D,0,10,970,2930
391,player_c41e78f2-c2ef-46ed-9f98-0e5639e147fe@localhost,AlwaysCooperate,C,player_926f200f-5666-4c3d-a4cf-0e89838ce959@localhost,Random,D,0,10,970,2940
392,player_c41e78f2-c2ef-46ed-9f98-0e5639e147fe@localhost,AlwaysCooperate,C,player_926f200f-5666-4c3d-a4cf-0e89838ce959@localhost,Random,C,5,5,975,2945
393,player_c41e78f2-c2ef-46ed-9f98-0e5639e147fe@localhost,AlwaysCooperate,C,player_926f200f-5666-4c3d-a4cf-0e89838ce959@localhost,Random,C,5,5,980,2950
394,player_c41e78f2-c2ef-46ed-9f98-0e5639e147fe@localhost,AlwaysCooperate,C,player_926f200f-5666-4c3d-a4cf-0e89838ce959@localhost,Random,C,5,5,985,2955
395,player_c41e78f2-c2ef-46ed-9f98-0e5639e147fe@localhost,AlwaysCooperate,C,player_926f200f-5666-4c3d-a4cf-0e89838ce959@localhost,Random,D,0,10,985,2965
396,player_c41e78f2-c2ef-46ed-9f98-0e5639e147fe@localhost,AlwaysCooperate,C,player_926f200f-5666-4c3d-a4cf-0e89838ce959@localhost,Random,D,0,10,985,2975
397,player_c41e78f2-c2ef-46ed-9f98-0e5639e147fe@localhost,AlwaysCooperate,C,player_926f200f-5666-4c3d-a4cf-0e89838ce959@localhost,Random,D,0,10,985,2985
398,player_c41e78f2-c2ef-46ed-9f98-0e5639e147fe@localhost,AlwaysCooperate,C,player_926f200f-5666-4c3d-a4cf-0e89838ce959@localhost,Random,C,5,5,990,2990
399,player_c41e78f2-c2ef-46ed-9f98-0e5639e147fe@localhost,AlwaysCooperate,C,player_926f200f-5666-4c3d-a4cf-0e89838ce959@localhost,Random,C,5,5,995,2995
400,player_c41e78f2-c2ef-46ed-9f98-0e5639e147fe@localhost,AlwaysCooperate,C,player_926f200f-5666-4c3d-a4cf-0e89838ce959@localhost,Random,C,5,5,1000,3000
401,player_c41e78f2-c2ef-46ed-9f98-0e5639e147fe@localhost,AlwaysCooperate,C,player_926f200f-5666-4c3d-a4cf-0e89838ce959@localhost,Random,D,0,10,1000,3010
402,player_c41e78f2-c2ef-46ed-9f98-0e5639e147fe@localhost,AlwaysCooperate,C,player_926f200f-5666-4c3d-a4cf-0e89838ce959@localhost,Random,D,0,10,1000,3020
403,player_c41e78f2-c2ef-46ed-9f98-0e5639e147fe@localhost,AlwaysCooperate,C,player_926f200f-5666-4c3d-a4cf-0e89838ce959@localhost,Random,D,0,10,1000,3030
404,player_c41e78f2-c2ef-46ed-9f98-0e5639e147fe@localhost,AlwaysCooperate,C,player_926f200f-5666-4c3d-a4cf-0e89838ce959@localhost,Random,C,5,5,1005,3035
405,player_c41e78f2-c2ef-46ed-9f98-0e5639e147fe@localhost,AlwaysCooperate,C,player_926f200f-5666-4c3d-a4cf-0e89838ce959@localhost,Random,D,0,10,1005,3045
406,player_c41e78f2-c2ef-46ed-9f98-0e5639e147fe@localhost,AlwaysCooperate,C,player_926f200f-5666-4c3d-a4cf-0e89838ce959@localhost,Random,C,5,5,1010,3050
407,player_c41e78f2-c2ef-46ed-9f98-0e5639e147fe@localhost,AlwaysCooperate,C,player_926f200f-5666-4c3d-a4cf-0e89838ce959@localhost,Random,C,5,5,1015,3055
408,player_c41e78f2-c2ef-46ed-9f98-0e5639e147fe@localhost,AlwaysCooperate,C,player_926f200f-5666-4c3d-a4cf-0e89838ce959@localhost,Random,C,5,5,1020,3060
409,player_c41e78f2-c2ef-46ed-9f98-0e5639e147fe@localhost,AlwaysCooperate,C,player_926f200f-5666-4c3d-a4cf-0e89838ce959@localhost,Random,C,5,5,1025,3065
410,player_c41e78f2-c2ef-46ed-9f98-0e5639e147fe@localhost,AlwaysCooperate,C,player_926f200f-5666-4c3d-a4cf-0e89838ce959@localhost,Random,D,0,10,1025,3075
411,player_c41e78f2-c2ef-46ed-9f98-0e5639e147fe@localhost,AlwaysCooperate,C,player_926f200f-5666-4c3d-a4cf-0e89838ce959@localhost,Random,C,5,5,1030,3080
412,player_c41e78f2-c2ef-46ed-9f98-0e5639e147fe@localhost,AlwaysCooperate,C,player_926f200f-5666-4c3d-a4cf-0e89838ce959@localhost,Random,C,5,5,1035,3085
413,player_c41e78f2-c2ef-46ed-9f98-0e5639e147fe@localhost,AlwaysCooperate,C,player_926f200f-5666-4c3d-a4cf-0e89838ce959@localhost,Random,D,0,10,1035,3095
414,player_c41e78f2-c2ef-46ed-9f98-0e5639e147fe@localhost,AlwaysCooperate,C,player_926f200f-5666-4c3d-a4cf-0e89838ce959@localhost,Random,C,5,5,1040,3100
415,player_c41e78f2-c2ef-46ed-9f98-0e5639e147fe@localhost,AlwaysCooperate,C,player_926f200f-5666-4c3d-a4cf-0e89838ce959@localhost,Random,D,0,10,1040,3110
416,player_c41e78f2-c2ef-46ed-9f98-0e5639e147fe@localhost,AlwaysCooperate,C,player_926f200f-5666-4c3d-a4cf-0e89838ce959@localhost,Random,D,0,10,1040,3120
417,player_c41e78f2-c2ef-46ed-9f98-0e5639e147fe@localhost,AlwaysCooperate,C,player_926f200f-5666-4c3d-a4cf-0e89838ce959@localhost,Random,C,5,5,1045,3125
418,player_c41e78f2-c2ef-46ed-9f98-0e5639e147fe@localhost,AlwaysCooperate,C,player_926f200f-5666-4c3d-a4cf-0e89838ce959@localhost,Random,C,5,5,1050,3130
419,player_c41e78f2-c2ef-46ed-9f98-0e5639e147fe@localhost,AlwaysCooperate,C,player_926f200f-5666-4c3d-a4cf-0e89838ce959@localhost,Random,C,5,5,1055,3135
420,player_c41e78f2-c2ef-46ed-9f98-0e5639e147fe@localhost,AlwaysCooperate,C,player_926f200f-5666-4c3d-a4cf-0e89838ce959@localhost,Random,D,0,10,1055,3145
421,player_c41e78f2-c2ef-46ed-9f98-0e5639e147fe@localhost,AlwaysCooperate,C,player_926f200f-5666-4c3d-a4cf-0e89838ce959@localhost,Random,D,0,10,1055,3155
422,player_c41e78f2-c2ef-46ed-9f98-0e5639e147fe@localhost,AlwaysCooperate,C,player_926f200f-5666-4c3d-a4cf-0e89838ce959@localhost,Random,C,5,5,1060,3160
423,player_c41e78f2-c2ef-46ed-9f98-0e5639e147fe@localhost,AlwaysCooperate,C,player_926f200f-5666-4c3d-a4cf-0e89838ce959@localhost,Random,D,0,10,1060,3170
424,player_c41e78f2-c2ef-46ed-9f98-0e5639e147fe@localhost,AlwaysCooperate,C,player_926f200f-5666-4c3d-a4cf-0e89838ce959@localhost,Random,C,5,5,1065,3175
425,player_c41e78f2-c2ef-46ed-9f98-0e5639e147fe@localhost,AlwaysCooperate,C,player_926f200f-5666-4c3d-a4cf-0e89838ce959@localhost,Random,C,5,5,1070,3180
426,player_c41e78f2-c2ef-46ed-9f98-0e5639e147fe@localhost,AlwaysCooperate,C,player_926f200f-5666-4c3d-a4cf-0e89838ce959@localhost,Random,C,5,5,1075,3185
427,player_c41e78f2-c2ef-46ed-9f98-0e5639e147fe@localhost,AlwaysCooperate,C,player_926f200f-5666-4c3d-a4cf-0e89838ce959@localhost,Random,D,0,10,1075,3195
428,player_c41e78f2-c2ef-46ed-9f98-0e5639e147fe@localhost,AlwaysCooperate,C,player_926f200f-5666-4c3d-a4cf-0e89838ce959@localhost,Random,D,0,10,1075,3205
429,player_c41e78f2-c2ef-46ed-9f98-0e5639e147fe@localhost,AlwaysCooperate,C,player_926f200f-5666-4c3d-a4cf-0e89838ce959@localhost,Random,D,0,10,1075,3215
430,player_c41e78f2-c2ef-46ed-9f98-0e5639e147fe@localhost,AlwaysCooperate,C,player_926f200f-5666-4c3d-a4cf-0e89838ce959@localhost,Random,C,5,5,1080,3220
431,player_c41e78f2-c2ef-46ed-9f98-0e5639e147fe@localhost,AlwaysCooperate,C,player_926f200f-5666-4c3d-a4cf-0e89838ce959@localhost,Random,D,0,10,1080,3230
432,player_c41e78f2-c2ef-46ed-9f98-0e5639e147fe@localhost,AlwaysCooperate,C,player_926f200f-5666-4c3d-a4cf-0e89838ce959@localhost,Random,D,0,10,1080,3240
433,player_c41e78f2-c2ef-46ed-9f98-0e5639e147fe@localhost,AlwaysCooperate,C,player_926f200f-5666-4c3d-a4cf-0e89838ce959@localhost,Random,D,0,10,1080,3250
434,player_c41e78f2-c2ef-46ed-9f98-0e5639e147fe@localhost,AlwaysCooperate,C,player_926f200f-5666-4c3d-a4cf-0e89838ce959@localhost,Random,D,0,10,1080,3260
435,player_c41e78f2-c2ef-46ed-9f98-0e5639e147fe@localhost,AlwaysCooperate,C,player_926f200f-5666-4c3d-a4cf-0e89838ce959@localhost,Random,D,0,10,1080,3270
436,player_c41e78f2-c2ef-46ed-9f98-0e5639e147fe@localhost,AlwaysCooperate,C,player_926f200f-5666-4c3d-a4cf-0e89838ce959@localhost,Random,D,0,10,1080,3280
437,player_c41e78f2-c2ef-46ed-9f98-0e5639e147fe@localhost,AlwaysCooperate,C,player_926f200f-5666-4c3d-a4cf-0e89838ce959@localhost,Random,D,0,10,1080,3290
438,player_c41e78f2-c2ef-46ed-9f98-0e5639e147fe@localhost,AlwaysCooperate,C,player_926f200f-5666-4c3d-a4cf-0e89838ce959@localhost,Random,C,5,5,1085,3295
439,player_c41e78f2-c2ef-46ed-9f98-0e5639e147fe@localhost,AlwaysCooperate,C,player_926f200f-5666-4c3d-a4cf-0e89838ce959@localhost,Random,D,0,10,1085,3305
440,player_c41e78f2-c2ef-46ed-9f98-0e5639e147fe@localhost,AlwaysCooperate,C,player_926f200f-5666-4c3d-a4cf-0e89838ce959@localhost,Random,D,0,10,1085,3315
441,player_c41e78f2-c2ef-46ed-9f98-0e5639e147fe@localhost,AlwaysCooperate,C,player_926f200f-5666-4c3d-a4cf-0e89838ce959@localhost,Random,D,0,10,1085,3325
442,player_c41e78f2-c2ef-46ed-9f98-0e5639e147fe@localhost,AlwaysCooperate,C,player_926f200f-5666-4c3d-a4cf-0e89838ce959@localhost,Random,C,5,5,1090,3330
443,player_c41e78f2-c2ef-46ed-9f98-0e5639e147fe@localhost,AlwaysCooperate,C,player_926f200f-5666-4c3d-a4cf-0e89838ce959@localhost,Random,C,5,5,1095,3335
444,player_c41e78f2-c2ef-46ed-9f98-0e5639e147fe@localhost,AlwaysCooperate,C,player_926f200f-5666-4c3d-a4cf-0e89838ce959@localhost,Random,C,5,5,1100,3340
445,player_c41e78f2-c2ef-46ed-9f98-0e5639e147fe@localhost,AlwaysCooperate,C,player_926f200f-5666-4c3d-a4cf-0e89838ce959@localhost,Random,D,0,10,1100,3350
446,player_c41e78f2-c2ef-46ed-9f98-0e5639e147fe@localhost,AlwaysCooperate,C,player_926f200f-5666-4c3d-a4cf-0e89838ce959@localhost,Random,C,5,5,1105,3355
447,player_c41e78f2-c2ef-46ed-9f98-0e5639e147fe@localhost,AlwaysCooperate,C,player_926f200f-5666-4c3d-a4cf-0e89838ce959@localhost,Random,C,5,5,1110,3360
448,player_c41e78f2-c2ef-46ed-9f98-0e5639e147fe@localhost,AlwaysCooperate,C,player_926f200f-5666-4c3d-a4cf-0e89838ce959@localhost,Random,C,5,5,1115,3365
449,player_c41e78f2-c2ef-46ed-9f98-0e5639e147fe@localhost,AlwaysCooperate,C,player_926f200f-5666-4c3d-a4cf-0e89838ce959@localhost,Random,C,5,5,1120,3370
450,player_c41e78f2-c2ef-46ed-9f98-0e5639e147fe@localhost,AlwaysCooperate,C,player_926f200f-5666-4c3d-a4cf-0e89838ce959@localhost,Random,C,5,5,1125,3375
451,player_c41e78f2-c2ef-46ed-9f98-0e5639e147fe@localhost,AlwaysCooperate,C,player_926f200f-5666-4c3d-a4cf-0e89838ce959@localhost,Random,D,0,10,1125,3385
452,player_c41e78f2-c2ef-46ed-9f98-0e5639e147fe@localhost,AlwaysCooperate,C,player_926f200f-5666-4c3d-a4cf-0e89838ce959@localhost,Random,C,5,5,1130,3390
453,player_c41e78f2-c2ef-46ed-9f98-0e5639e147fe@localhost,AlwaysCooperate,C,player_926f200f-5666-4c3d-a4cf-0e89838ce959@localhost,Random,D,0,10,1130,3400
454,player_c41e78f2-c2ef-46ed-9f98-0e5639e147fe@localhost,AlwaysCooperate,C,player_926f200f-5666-4c3d-a4cf-0e89838ce959@localhost,Random,D,0,10,1130,3410
455,player_c41e78f2-c2ef-46ed-9f98-0e5639e147fe@localhost,AlwaysCooperate,C,player_926f200f-5666-4c3d-a4cf-0e89838ce959@localhost,Random,C,5,5,1135,3415
456,player_c41e78f2-c2ef-46ed-9f98-0e5639e147fe@localhost,AlwaysCooperate,C,player_926f200f-5666-4c3d-a4cf-0e89838ce959@localhost,Random,D,0,10,1135,3425
457,player_c41e78f2-c2ef-46ed-9f98-0e5639e147fe@localhost,AlwaysCooperate,C,player_926f200f-5666-4c3d-a4cf-0e89838ce959@localhost,Random,C,5,5,1140,3430
458,player_c41e78f2-c2ef-46ed-9f98-0e5639e147fe@localhost,AlwaysCooperate,C,player_926f200f-5666-4c3d-a4cf-0e89838ce959@localhost,Random,D,0,10,1140,3440
459,player_c41e78f2-c2ef-46ed-9f98-0e5639e147fe@localhost,AlwaysCooperate,C,player_926f200f-5666-4c3d-a4cf-0e89838ce959@localhost,Random,C,5,5,1145,3445
460,player_c41e78f2-c2ef-46ed-9f98-0e5639e147fe@localhost,AlwaysCooperate,C,player_926f200f-5666-4c3d-a4cf-0e89838ce959@localhost,Random,C,5,5,1150,3450
461,player_c41e78f2-c2ef-46ed-9f98-0e5639e147fe@localhost,AlwaysCooperate,C,player_926f200f-5666-4c3d-a4cf-0e89838ce959@localhost,Random,C,5,5,1155,3455
462,player_c41e78f2-c2ef-46ed-9f98-0e5639e147fe@localhost,AlwaysCooperate,C,player_926f200f-5666-4c3d-a4cf-0e89838ce959@localhost,Random,D,0,10,1155,3465
463,player_c41e78f2-c2ef-46ed-9f98-0e5639e147fe@localhost,AlwaysCooperate,C,player_926f200f-5666-4c3d-a4cf-0e89838ce959@localhost,Random,C,5,5,1160,3470
464,player_c41e78f2-c2ef-46ed-9f98-0e5639e147fe@localhost,AlwaysCooperate,C,player_926f200f-5666-4c3d-a4cf-0e89838ce959@localhost,Random,D,0,10,1160,3480
465,player_c41e78f2-c2ef-46ed-9f98-0e5639e147fe@localhost,AlwaysCooperate,C,player_926f200f-5666-4c3d-a4cf-0e89838ce959@localhost,Random,C,5,5,1165,3485
466,player_c41e78f2-c2ef-46ed-9f98-0e5639e147fe@localhost,AlwaysCooperate,C,player_926f200f-5666-4c3d-a4cf-0e89838ce959@localhost,Random,C,5,5,1170,3490
467,player_c41e78f2-c2ef-46ed-9f98-0e5639e147fe@localhost,AlwaysCooperate,C,player_926f200f-5666-4c3d-a4cf-0e89838ce959@localhost,Random,D,0,10,1170,3500
468,player_c41e78f2-c2ef-46ed-9f98-0e5639e147fe@localhost,AlwaysCooperate,C,player_926f200f-5666-4c3d-a4cf-0e89838ce959@localhost,Random,C,5,5,1175,3505
469,player_c41e78f2-c2ef-46ed-9f98-0e5639e147fe@localhost,AlwaysCooperate,C,player_926f200f-5666-4c3d-a4cf-0e89838ce959@localhost,Random,C,5,5,1180,3510
470,player_c41e78f2-c2ef-46ed-9f98-0e5639e147fe@localhost,AlwaysCooperate,C,player_926f200f-5666-4c3d-a4cf-0e89838ce959@localhost,Random,C,5,5,1185,3515
471,player_c41e78f2-c2ef-46ed-9f98-0e5639e147fe@localhost,AlwaysCooperate,C,player_926f200f-5666-4c3d-a4cf-0e89838ce959@localhost,Random,C,5,5,1190,3520
472,player_c41e78f2-c2ef-46ed-9f98-0e5639e147fe@localhost,AlwaysCooperate,C,player_926f200f-5666-4c3d-a4cf-0e89838ce959@localhost,Random,D,0,10,1190,3530
473,player_c41e78f2-c2ef-46ed-9f98-0e5639e147fe@localhost,AlwaysCooperate,C,player_926f200f-5666-4c3d-a4cf-0e89838ce959@localhost,Random,D,0,10,1190,3540
474,player_c41e78f2-c2ef-46ed-9f98-0e5639e147fe@localhost,AlwaysCooperate,C,player_926f200f-5666-4c3d-a4cf-0e89838ce959@localhost,Random,C,5,5,1195,3545
475,player_c41e78f2-c2ef-46ed-9f98-0e5639e147fe@localhost,AlwaysCooperate,C,player_926f200f-5666-4c3d-a4cf-0e89838ce959@localhost,Random,D,0,10,1195,3555
476,player_c41e78f2-c2ef-46ed-9f98-0e5639e147fe@localhost,AlwaysCooperate,C,player_926f200f-5666-4c3d-a4cf-0e89838ce959@localhost,Random,D,0,10,1195,3565
477,player_c41e78f2-c2ef-46ed-9f98-0e5639e147fe@localhost,AlwaysCooperate,C,player_926f200f-5666-4c3d-a4cf-0e89838ce959@localhost,Random,D,0,10,1195,3575
478,player_c41e78f2-c2ef-46ed-9f98-0e5639e147fe@localhost,AlwaysCooperate,C,player_926f200f-5666-4c3d-a4cf-0e89838ce959@localhost,Random,D,0,10,1195,3585
479,player_c41e78f2-c2ef-46ed-9f98-0e5639e147fe@localhost,AlwaysCooperate,C,player_926f200f-5666-4c3d-a4cf-0e89838ce959@localhost,Random,C,5,5,1200,3590
480,player_c41e78f2-c2ef-46ed-9f98-0e5639e147fe@localhost,AlwaysCooperate,C,player_926f200f-5666-4c3d-a4cf-0e89838ce959@localhost,Random,D,0,10,1200,3600
481,player_c41e78f2-c2ef-46ed-9f98-0e5639e147fe@localhost,AlwaysCooperate,C,player_926f200f-5666-4c3d-a4cf-0e89838ce959@localhost,Random,D,0,10,1200,3610
482,player_c41e78f2-c2ef-46ed-9f98-0e5639e147fe@localhost,AlwaysCooperate,C,player_926f200f-5666-4c3d-a4cf-0e89838ce959@localhost,Random,D,0,10,1200,3620
483,player_c41e78f2-c2ef-46ed-9f98-0e5639e147fe@localhost,AlwaysCooperate,C,player_926f200f-5666-4c3d-a4cf-0e89838ce959@localhost,Random,D,0,10,1200,3630
484,player_c41e78f2-c2ef-46ed-9f98-0e5639e147fe@localhost,AlwaysCooperate,C,player_926f200f-5666-4c3d-a4cf-0e89838ce959@localhost,Random,C,5,5,1205,3635
485,player_c41e78f2-c2ef-46ed-9f98-0e5639e147fe@localhost,AlwaysCooperate,C,player_926f200f-5666-4c3d-a4cf-0e89838ce959@localhost,Random,C,5,5,1210,3640
486,player_c41e78f2-c2ef-46ed-9f98-0e5639e147fe@localhost,AlwaysCooperate,C,player_926f200f-5666-4c3d-a4cf-0e89838ce959@localhost,Random,C,5,5,1215,3645
487,player_c41e78f2-c2ef-46ed-9f98-0e5639e147fe@localhost,AlwaysCooperate,C,player_926f200f-5666-4c3d-a4cf-0e89838ce959@localhost,Random,C,5,5,1220,3650
488,player_c41e78f2-c2ef-46ed-9f98-0e5639e147fe@localhost,AlwaysCooperate,C,player_926f200f-5666-4c3d-a4cf-0e89838ce959@localhost,Random,C,5,5,1225,3655
489,player_c41e78f2-c2ef-46ed-9f98-0e5639e147fe@localhost,AlwaysCooperate,C,player_926f200f-5666-4c3d-a4cf-0e89838ce959@localhost,Random,C,5,5,1230,3660
490,player_c41e78f2-c2ef-46ed-9f98-0e5639e147fe@localhost,AlwaysCooperate,C,player_926f200f-5666-4c3d-a4cf-0e89838ce959@localhost,Random,C,5,5,1235,3665
491,player_c41e78f2-c2ef-46ed-9f98-0e5639e147fe@localhost,AlwaysCooperate,C,player_926f200f-5666-4c3d-a4cf-0e89838ce959@localhost,Random,C,5,5,1240,3670
492,player_c41e78f2-c2ef-46ed-9f98-0e5639e147fe@localhost,AlwaysCooperate,C,player_926f200f-5666-4c3d-a4cf-0e89838ce959@localhost,Random,C,5,5,1245,3675
493,player_c41e78f2-c2ef-46ed-9f98-0e5639e147fe@localhost,AlwaysCooperate,C,player_926f200f-5666-4c3d-a4cf-0e89838ce959@localhost,Random,D,0,10,1245,3685
494,player_c41e78f2-c2ef-46ed-9f98-0e5639e147fe@localhost,AlwaysCooperate,C,player_926f200f-5666-4c3d-a4cf-0e89838ce959@localhost,Random,C,5,5,1250,3690
495,player_c41e78f2-c2ef-46ed-9f98-0e5639e147fe@localhost,AlwaysCooperate,C,player_926f200f-5666-4c3d-a4cf-0e89838ce959@localhost,Random,C,5,5,1255,3695
496,player_c41e78f2-c2ef-46ed-9f98-0e5639e147fe@localhost,AlwaysCooperate,C,player_926f200f-5666-4c3d-a4cf-0e89838ce959@localhost,Random,D,0,10,1255,3705
497,player_c41e78f2-c2ef-46ed-9f98-0e5639e147fe@localhost,AlwaysCooperate,C,player_926f200f-5666-4c3d-a4cf-0e89838ce959@localhost,Random,C,5,5,1260,3710
498,player_c41e78f2-c2ef-46ed-9f98-0e5639e147fe@localhost,AlwaysCooperate,C,player_926f200f-5666-4c3d-a4cf-0e89838ce959@localhost,Random,D,0,10,1260,3720
499,player_c41e78f2-c2ef-46ed-9f98-0e5639e147fe@localhost,AlwaysCooperate,C,player_926f200f-5666-4c3d-a4cf-0e89838ce959@localhost,Random,D,0,10,1260,3730
500,player_c41e78f2-c2ef-46ed-9f98-0e5639e147fe@localhost,AlwaysCooperate,C,player_926f200f-5666-4c3d-a4cf-0e89838ce959@localhost,Random,C,5,5,1265,3735
501,player_c41e78f2-c2ef-46ed-9f98-0e5639e147fe@localhost,AlwaysCooperate,C,player_926f200f-5666-4c3d-a4cf-0e89838ce959@localhost,Random,D,0,10,1265,3745
502,player_c41e78f2-c2ef-46ed-9f98-0e5639e147fe@localhost,AlwaysCooperate,C,player_926f200f-5666-4c3d-a4cf-0e89838ce959@localhost,Random,C,5,5,1270,3750
503,player_c41e78f2-c2ef-46ed-9f98-0e5639e147fe@localhost,AlwaysCooperate,C,player_926f200f-5666-4c3d-a4cf-0e89838ce959@localhost,Random,D,0,10,1270,3760
504,player_c41e78f2-c2ef-46ed-9f98-0e5639e147fe@localhost,AlwaysCooperate,C,player_926f200f-5666-4c3d-a4cf-0e89838ce959@localhost,Random,D,0,10,1270,3770
505,player_c41e78f2-c2ef-46ed-9f98-0e5639e147fe@localhost,AlwaysCooperate,C,player_926f200f-5666-4c3d-a4cf-0e89838ce959@localhost,Random,D,0,10,1270,3780
506,player_c41e78f2-c2ef-46ed-9f98-0e5639e147fe@localhost,AlwaysCooperate,C,player_926f200f-5666-4c3d-a4cf-0e89838ce959@localhost,Random,C,5,5,1275,3785
507,player_c41e78f2-c2ef-46ed-9f98-0e5639e147fe@localhost,AlwaysCooperate,C,player_926f200f-5666-4c3d-a4cf-0e89838ce959@localhost,Random,D,0,10,1275,3795
508,player_c41e78f2-c2ef-46ed-9f98-0e5639e147fe@localhost,AlwaysCooperate,C,player_926f200f-5666-4c3d-a4cf-0e89838ce959@localhost,Random,C,5,5,1280,3800
509,player_c41e78f2-c2ef-46ed-9f98-0e5639e147fe@localhost,AlwaysCooperate,C,player_926f200f-5666-4c3d-a4cf-0e89838ce959@localhost,Random,D,0,10,1280,3810
510,player_c41e78f2-c2ef-46ed-9f98-0e5639e147fe@localhost,AlwaysCooperate,C,player_926f200f-5666-4c3d-a4cf-0e89838ce959@localhost,Random,C,5,5,1285,3815
511,player_c41e78f2-c2ef-46ed-9f98-0e5639e147fe@localhost,AlwaysCooperate,C,player_926f200f-5666-4c3d-a4cf-0e89838ce959@localhost,Random,D,0,10,1285,3825
512,player_c41e78f2-c2ef-46ed-9f98-0e5639e147fe@localhost,AlwaysCooperate,C,player_926f200f-5666-4c3d-a4cf-0e89838ce959@localhost,Random,D,0,10,1285,3835
513,player_c41e78f2-c2ef-46ed-9f98-0e5639e147fe@localhost,AlwaysCooperate,C,player_926f200f-5666-4c3d-a4cf-0e89838ce959@localhost,Random,D,0,10,1285,3845
514,player_c41e78f2-c2ef-46ed-9f98-0e5639e147fe@localhost,AlwaysCooperate,C,player_926f200f-5666-4c3d-a4cf-0e89838ce959@localhost,Random,C,5,5,1290,3850
515,player_c41e78f2-c2ef-46ed-9f98-0e5639e147fe@localhost,AlwaysCooperate,C,player_926f200f-5666-4c3d-a4cf-0e89838ce959@localhost,Random,D,0,10,1290,3860
516,player_c41e78f2-c2ef-46ed-9f98-0e5639e147fe@localhost,AlwaysCooperate,C,player_926f200f-5666-4c3d-a4cf-0e89838ce959@localhost,Random,D,0,10,1290,3870
517,player_c41e78f2-c2ef-46ed-9f98-0e5639e147fe@localhost,AlwaysCooperate,C,player_926f200f-5666-4c3d-a4cf-0e89838ce959@localhost,Random,C,5,5,1295,3875
518,player_c41e78f2-c2ef-46ed-9f98-0e5639e147fe@localhost,AlwaysCooperate,C,player_926f200f-5666-4c3d-a4cf-0e89838ce959@localhost,Random,C,5,5,1300,3880
519,player_c41e78f2-c2ef-46ed-9f98-0e5639e147fe@localhost,AlwaysCooperate,C,player_926f200f-5666-4c3d-a4cf-0e89838ce959@localhost,Random,D,0,10,1300,3890
520,player_c41e78f2-c2ef-46ed-9f98-0e5639e147fe@localhost,AlwaysCooperate,C,player_926f200f-5666-4c3d-a4cf-0e89838ce959@localhost,Random,D,0,10,1300,3900
521,player_c41e78f2-c2ef-46ed-9f98-0e5639e147fe@localhost,AlwaysCooperate,C,player_926f200f-5666-4c3d-a4cf-0e89838ce959@localhost,Random,D,0,10,1300,3910
522,player_c41e78f2-c2ef-46ed-9f98-0e5639e147fe@localhost,AlwaysCooperate,C,player_926f200f-5666-4c3d-a4cf-0e89838ce959@localhost,Random,C,5,5,1305,3915
523,player_c41e78f2-c2ef-46ed-9f98-0e5639e147fe@localhost,AlwaysCooperate,C,player_926f200f-5666-4c3d-a4cf-0e89838ce959@localhost,Random,C,5,5,1310,3920
524,player_c41e78f2-c2ef-46ed-9f98-0e5639e147fe@localhost,AlwaysCooperate,C,player_926f200f-5666-4c3d-a4cf-0e89838ce959@localhost,Random,D,0,10,1310,3930
525,player_c41e78f2-c2ef-46ed-9f98-0e5639e147fe@localhost,AlwaysCooperate,C,player_926f200f-5666-4c3d-a4cf-0e89838ce959@localhost,Random,C,5,5,1315,3935
526,player_c41e78f2-c2ef-46ed-9f98-0e5639e147fe@localhost,AlwaysCooperate,C,player_926f200f-5666-4c3d-a4cf-0e89838ce959@localhost,Random,D,0,10,1315,3945
527,player_c41e78f2-c2ef-46ed-9f98-0e5639e147fe@localhost,AlwaysCooperate,C,player_926f200f-5666-4c3d-a4cf-0e89838ce959@localhost,Random,D,0,10,1315,3955
528,player_c41e78f2-c2ef-46ed-9f98-0e5639e147fe@localhost,AlwaysCooperate,C,player_926f200f-5666-4c3d-a4cf-0e89838ce959@localhost,Random,C,5,5,1320,3960
529,player_c41e78f2-c2ef-46ed-9f98-0e5639e147fe@localhost,AlwaysCooperate,C,player_926f200f-5666-4c3d-a4cf-0e89838ce959@localhost,Random,C,5,5,1325,3965
530,player_c41e78f2-c2ef-46ed-9f98-0e5639e147fe@localhost,AlwaysCooperate,C,player_926f200f-5666-4c3d-a4cf-0e89838ce959@localhost,Random,C,5,5,1330,3970
531,player_c41e78f2-c2ef-46ed-9f98-0e5639e147fe@localhost,AlwaysCooperate,C,player_926f200f-5666-4c3d-a4cf-0e89838ce959@localhost,Random,C,5,5,1335,3975
532,player_c41e78f2-c2ef-46ed-9f98-0e5639e147fe@localhost,AlwaysCooperate,C,player_926f200f-5666-4c3d-a4cf-0e89838ce959@localhost,Random,C,5,5,1340,3980
533,player_c41e78f2-c2ef-46ed-9f98-0e5639e147fe@localhost,AlwaysCooperate,C,player_926f200f-5666-4c3d-a4cf-0e89838ce959@localhost,Random,D,0,10,1340,3990
534,player_c41e78f2-c2ef-46ed-9f98-0e5639e147fe@localhost,AlwaysCooperate,C,player_926f200f-5666-4c3d-a4cf-0e89838ce959@localhost,Random,D,0,10,1340,4000
535,player_c41e78f2-c2ef-46ed-9f98-0e5639e147fe@localhost,AlwaysCooperate,C,player_926f200f-5666-4c3d-a4cf-0e89838ce959@localhost,Random,C,5,5,1345,4005
536,player_c41e78f2-c2ef-46ed-9f98-0e5639e147fe@localhost,AlwaysCooperate,C,player_926f200f-5666-4c3d-a4cf-0e89838ce959@localhost,Random,D,0,10,1345,4015
537,player_c41e78f2-c2ef-46ed-9f98-0e5639e147fe@localhost,AlwaysCooperate,C,player_926f200f-5666-4c3d-a4cf-0e89838ce959@localhost,Random,D,0,10,1345,4025
538,player_c41e78f2-c2ef-46ed-9f98-0e5639e147fe@localhost,AlwaysCooperate,C,player_926f200f-5666-4c3d-a4cf-0e89838ce959@localhost,Random,C,5,5,1350,4030
539,player_c41e78f2-c2ef-46ed-9f98-0e5639e147fe@localhost,AlwaysCooperate,C,player_926f200f-5666-4c3d-a4cf-0e89838ce959@localhost,Random,C,5,5,1355,4035
540,player_c41e78f2-c2ef-46ed-9f98-0e5639e147fe@localhost,AlwaysCooperate,C,player_926f200f-5666-4c3d-a4cf-0e89838ce959@localhost,Random,D,0,10,1355,4045
541,player_c41e78f2-c2ef-46ed-9f98-0e5639e147fe@localhost,AlwaysCooperate,C,player_926f200f-5666-4c3d-a4cf-0e89838ce959@localhost,Random,D,0,10,1355,4055
542,player_c41e78f2-c2ef-46ed-9f98-0e5639e147fe@localhost,AlwaysCooperate,C,player_926f200f-5666-4c3d-a4cf-0e89838ce959@localhost,Random,C,5,5,1360,4060
543,player_c41e78f2-c2ef-46ed-9f98-0e5639e147fe@localhost,AlwaysCooperate,C,player_926f200f-5666-4c3d-a4cf-0e89838ce959@localhost,Random,D,0,10,1360,4070
544,player_c41e78f2-c2ef-46ed-9f98-0e5639e147fe@localhost,AlwaysCooperate,C,player_926f200f-5666-4c3d-a4cf-0e89838ce959@localhost,Random,C,5,5,1365,4075
545,player_c41e78f2-c2ef-46ed-9f98-0e5639e147fe@localhost,AlwaysCooperate,C,player_926f200f-5666-4c3d-a4cf-0e89838ce959@localhost,Random,C,5,5,1370,4080
546,player_c41e78f2-c2ef-46ed-9f98-0e5639e147fe@localhost,AlwaysCooperate,C,player_926f200f-5666-4c3d-a4cf-0e89838ce959@localhost,Random,D,0,10,1370,4090
547,player_c41e78f2-c2ef-46ed-9f98-0e5639e147fe@localhost,AlwaysCooperate,C,player_926f200f-5666-4c3d-a4cf-0e89838ce959@localhost,Random,C,5,5,1375,4095
548,player_c41e78f2-c2ef-46ed-9f98-0e5639e147fe@localhost,AlwaysCooperate,C,player_926f200f-5666-4c3d-a4cf-0e89838ce959@localhost,Random,C,5,5,1380,4100
549,player_c41e78f2-c2ef-46ed-9f98-0e5639e147fe@localhost,AlwaysCooperate,C,player_926f200f-5666-4c3d-a4cf-0e89838ce959@localhost,Random,C,5,5,1385,4105
550,player_c41e78f2-c2ef-46ed-9f98-0e5639e147fe@localhost,AlwaysCooperate,C,player_926f200f-5666-4c3d-a4cf-0e89838ce959@localhost,Random,D,0,10,1385,4115
551,player_c41e78f2-c2ef-46ed-9f98-0e5639e147fe@localhost,AlwaysCooperate,C,player_926f200f-5666-4c3d-a4cf-0e89838ce959@localhost,Random,C,5,5,1390,4120
552,player_c41e78f2-c2ef-46ed-9f98-0e5639e147fe@localhost,AlwaysCooperate,C,player_926f200f-5666-4c3d-a4cf-0e89838ce959@localhost,Random,C,5,5,1395,4125
553,player_c41e78f2-c2ef-46ed-9f98-0e5639e147fe@localhost,AlwaysCooperate,C,player_926f200f-5666-4c3d-a4cf-0e89838ce959@localhost,Random,C,5,5,1400,4130
554,player_c41e78f2-c2ef-46ed-9f98-0e5639e147fe@localhost,AlwaysCooperate,C,player_926f200f-5666-4c3d-a4cf-0e89838ce959@localhost,Random,D,0,10,1400,4140
555,player_c41e78f2-c2ef-46ed-9f98-0e5639e147fe@localhost,AlwaysCooperate,C,player_926f200f-5666-4c3d-a4cf-0e89838ce959@localhost,Random,C,5,5,1405,4145
556,player_c41e78f2-c2ef-46ed-9f98-0e5639e147fe@localhost,AlwaysCooperate,C,player_926f200f-5666-4c3d-a4cf-0e89838ce959@localhost,Random,D,0,10,1405,4155
557,player_c41e78f2-c2ef-46ed-9f98-0e5639e147fe@localhost,AlwaysCooperate,C,player_926f200f-5666-4c3d-a4cf-0e89838ce959@localhost,Random,D,0,10,1405,4165
558,player_c41e78f2-c2ef-46ed-9f98-0e5639e147fe@localhost,AlwaysCooperate,C,player_926f200f-5666-4c3d-a4cf-0e89838ce959@localhost,Random,D,0,10,1405,4175
559,player_c41e78f2-c2ef-46ed-9f98-0e5639e147fe@localhost,AlwaysCooperate,C,player_926f200f-5666-4c3d-a4cf-0e89838ce959@localhost,Random,D,0,10,1405,4185
560,player_c41e78f2-c2ef-46ed-9f98-0e5639e147fe@localhost,AlwaysCooperate,C,player_926f200f-5666-4c3d-a4cf-0e89838ce959@localhost,Random,C,5,5,1410,4190
561,player_c41e78f2-c2ef-46ed-9f98-0e5639e147fe@localhost,AlwaysCooperate,C,player_926f200f-5666-4c3d-a4cf-0e89838ce959@localhost,Random,D,0,10,1410,4200
562,player_c41e78f2-c2ef-46ed-9f98-0e5639e147fe@localhost,AlwaysCooperate,C,player_926f200f-5666-4c3d-a4cf-0e89838ce959@localhost,Random,C,5,5,1415,4205
563,player_c41e78f2-c2ef-46ed-9f98-0e5639e147fe@localhost,AlwaysCooperate,C,player_926f200f-5666-4c3d-a4cf-0e89838ce959@localhost,Random,D,0,10,1415,4215
564,player_c41e78f2-c2ef-46ed-9f98-0e5639e147fe@localhost,AlwaysCooperate,C,player_926f200f-5666-4c3d-a4cf-0e89838ce959@localhost,Random,C,5,5,1420,4220
565,player_c41e78f2-c2ef-46ed-9f98-0e5639e147fe@localhost,AlwaysCooperate,C,player_926f200f-5666-4c3d-a4cf-0e89838ce959@localhost,Random,C,5,5,1425,4225
566,player_c41e78f2-c2ef-46ed-9f98-0e5639e147fe@localhost,AlwaysCooperate,C,player_926f200f-5666-4c3d-a4cf-0e89838ce959@localhost,Random,C,5,5,1430,4230
567,player_c41e78f2-c2ef-46ed-9f98-0e5639e147fe@localhost,AlwaysCooperate,C,player_926f200f-5666-4c3d-a4cf-0e89838ce959@localhost,Random,C,5,5,1435,4235
568,player_c41e78f2-c2ef-46ed-9f98-0e5639e147fe@localhost,AlwaysCooperate,C,player_926f200f-5666-4c3d-a4cf-0e89838ce959@localhost,Random,D,0,10,1435,4245
569,player_c41e78f2-c2ef-46ed-9f98-0e5639e147fe@localhost,AlwaysCooperate,C,player_926f200f-5666-4c3d-a4cf-0e89838ce959@localhost,Random,C,5,5,1440,4250
570,player_c41e78f2-c2ef-46ed-9f98-0e5639e147fe@localhost,AlwaysCooperate,C,player_926f200f-5666-4c3d-a4cf-0e89838ce959@localhost,Random,C,5,5,1445,4255
571,player_c41e78f2-c2ef-46ed-9f98-0e5639e147fe@localhost,AlwaysCooperate,C,player_926f200f-5666-4c3d-a4cf-0e89838ce959@localhost,Random,C,5,5,1450,4260
572,player_c41e78f2-c2ef-46ed-9f98-0e5639e147fe@localhost,AlwaysCooperate,C,player_926f200f-5666-4c3d-a4cf-0e89838ce959@localhost,Random,C,5,5,1455,4265
573,player_c41e78f2-c2ef-46ed-9f98-0e5639e147fe@localhost,AlwaysCooperate,C,player_926f200f-5666-4c3d-a4cf-0e89838ce959@localhost,Random,D,0,10,1455,4275
574,player_c41e78f2-c2ef-46ed-9f98-0e5639e147fe@localhost,AlwaysCooperate,C,player_926f200f-5666-4c3d-a4cf-0e89838ce959@localhost,Random,C,5,5,1460,4280
575,player_c41e78f2-c2ef-46ed-9f98-0e5639e147fe@localhost,AlwaysCooperate,C,player_926f200f-5666-4c3d-a4cf-0e89838ce959@localhost,Random,C,5,5,1465,4285
576,player_c41e78f2-c2ef-46ed-9f98-0e5639e147fe@localhost,AlwaysCooperate,C,player_926f200f-5666-4c3d-a4cf-0e89838ce959@localhost,Random,D,0,10,1465,4295
577,player_c41e78f2-c2ef-46ed-9f98-0e5639e147fe@localhost,AlwaysCooperate,C,player_926f200f-5666-4c3d-a4cf-0e89838ce959@localhost,Random,D,0,10,1465,4305
578,player_c41e78f2-c2ef-46ed-9f98-0e5639e147fe@localhost,AlwaysCooperate,C,player_926f200f-5666-4c3d-a4cf-0e89838ce959@localhost,Random,D,0,10,1465,4315
579,player_c41e78f2-c2ef-46ed-9f98-0e5639e147fe@localhost,AlwaysCooperate,C,player_926f200f-5666-4c3d-a4cf-0e89838ce959@localhost,Random,D,0,10,1465,4325
580,player_c41e78f2-c2ef-46ed-9f98-0e5639e147fe@localhost,AlwaysCooperate,C,player_926f200f-5666-4c3d-a4cf-0e89838ce959@localhost,Random,D,0,10,1465,4335
581,player_c41e78f2-c2ef-46ed-9f98-0e5639e147fe@localhost,AlwaysCooperate,C,player_926f200f-5666-4c3d-a4cf-0e89838ce959@localhost,Random,C,5,5,1470,4340
582,player_c41e78f2-c2ef-46ed-9f98-0e5639e147fe@localhost,AlwaysCooperate,C,player_926f200f-5666-4c3d-a4cf-0e89838ce959@localhost,Random,C,5,5,1475,4345
583,player_c41e78f2-c2ef-46ed-9f98-0e5639e147fe@localhost,AlwaysCooperate,C,player_926f200f-5666-4c3d-a4cf-0e89838ce959@localhost,Random,C,5,5,1480,4350
584,player_c41e78f2-c2ef-46ed-9f98-0e5639e147fe@localhost,AlwaysCooperate,C,player_926f200f-5666-4c3d-a4cf-0e89838ce959@localhost,Random,D,0,10,1480,4360
585,player_c41e78f2-c2ef-46ed-9f98-0e5639e147fe@localhost,AlwaysCooperate,C,player_926f200f-5666-4c3d-a4cf-0e89838ce959@localhost,Random,C,5,5,1485,4365
586,player_c41e78f2-c2ef-46ed-9f98-0e5639e147fe@localhost,AlwaysCooperate,C,player_926f200f-5666-4c3d-a4cf-0e89838ce959@localhost,Random,C,5,5,1490,4370
587,player_c41e78f2-c2ef-46ed-9f98-0e5639e147fe@localhost,AlwaysCooperate,C,player_926f200f-5666-4c3d-a4cf-0e89838ce959@localhost,Random,C,5,5,1495,4375
588,player_c41e78f2-c2ef-46ed-9f98-0e5639e147fe@localhost,AlwaysCooperate,C,player_926f200f-5666-4c3d-a4cf-0e89838ce959@localhost,Random,C,5,5,1500,4380
589,player_c41e78f2-c2ef-46ed-9f98-0e5639e147fe@localhost,AlwaysCooperate,C,player_926f200f-5666-4c3d-a4cf-0e89838ce959@localhost,Random,C,5,5,1505,4385
590,player_c41e78f2-c2ef-46ed-9f98-0e5639e147fe@localhost,AlwaysCooperate,C,player_926f200f-5666-4c3d-a4cf-0e89838ce959@localhost,Random,C,5,5,1510,4390
591,player_c41e78f2-c2ef-46ed-9f98-0e5639e147fe@localhost,AlwaysCooperate,C,player_926f200f-5666-4c3d-a4cf-0e89838ce959@localhost,Random,D,0,10,1510,4400
592,player_c41e78f2-c2ef-46ed-9f98-0e5639e147fe@localhost,AlwaysCooperate,C,player_926f200f-5666-4c3d-a4cf-0e89838ce959@localhost,Random,D,0,10,1510,4410
593,player_c41e78f2-c2ef-46ed-9f98-0e5639e147fe@localhost,AlwaysCooperate,C,player_926f200f-5666-4c3d-a4cf-0e89838ce959@localhost,Random,C,5,5,1515,4415
594,player_c41e78f2-c2ef-46ed-9f98-0e5639e147fe@localhost,AlwaysCooperate,C,player_926f200f-5666-4c3d-a4cf-0e89838ce959@localhost,Random,C,5,5,1520,4420
595,player_c41e78f2-c2ef-46ed-9f98-0e5639e147fe@localhost,AlwaysCooperate,C,player_926f200f-5666-4c3d-a4cf-0e89838ce959@localhost,Random,D,0,10,1520,4430
596,player_c41e78f2-c2ef-46ed-9f98-0e5639e147fe@localhost,AlwaysCooperate,C,player_926f200f-5666-4c3d-a4cf-0e89838ce959@localhost,Random,D,0,10,1520,4440
597,player_c41e78f2-c2ef-46ed-9f98-0e5639e147fe@localhost,AlwaysCooperate,C,player_926f200f-5666-4c3d-a4cf-0e89838ce959@localhost,Random,C,5,5,1525,4445
598,player_c41e78f2-c2ef-46ed-9f98-0e5639e147fe@localhost,AlwaysCooperate,C,player_926f200f-5666-4c3d-a4cf-0e89838ce959@localhost,Random,C,5,5,1530,4450
599,player_c41e78f2-c2ef-46ed-9f98-0e5639e147fe@localhost,AlwaysCooperate,C,player_926f200f-5666-4c3d-a4cf-0e89838ce959@localhost,Random,D,0,10,1530,4460
600,player_c41e78f2-c2ef-46ed-9f98-0e5639e147fe@localhost,AlwaysCooperate,C,player_926f200f-5666-4c3d-a4cf-0e89838ce959@localhost,Random,D,0,10,1530,4470
601,player_c41e78f2-c2ef-46ed-9f98-0e5639e147fe@localhost,AlwaysCooperate,C,player_926f200f-5666-4c3d-a4cf-0e89838ce959@localhost,Random,C,5,5,1535,4475
602,player_c41e78f2-c2ef-46ed-9f98-0e5639e147fe@localhost,AlwaysCooperate,C,player_926f200f-5666-4c3d-a4cf-0e89838ce959@localhost,Random,C,5,5,1540,4480
603,player_c41e78f2-c2ef-46ed-9f98-0e5639e147fe@localhost,AlwaysCooperate,C,player_926f200f-5666-4c3d-a4cf-0e89838ce959@localhost,Random,C,5,5,1545,4485
604,player_c41e78f2-c2ef-46ed-9f98-0e5639e147fe@localhost,AlwaysCooperate,C,player_926f200f-5666-4c3d-a4cf-0e89838ce959@localhost,Random,C,5,5,1550,4490
605,player_c41e78f2-c2ef-46ed-9f98-0e5639e147fe@localhost,AlwaysCooperate,C,player_926f200f-5666-4c3d-a4cf-0e89838ce959@localhost,Random,C,5,5,1555,4495
606,player_c41e78f2-c2ef-46ed-9f98-0e5639e147fe@localhost,AlwaysCooperate,C,player_926f200f-5666-4c3d-a4cf-0e89838ce959@localhost,Random,C,5,5,1560,4500
607,player_c41e78f2-c2ef-46ed-9f98-0e5639e147fe@localhost,AlwaysCooperate,C,player_926f200f-5666-4c3d-a4cf-0e89838ce959@localhost,Random,C,5,5,1565,4505
608,player_c41e78f2-c2ef-46ed-9f98-0e5639e147fe@localhost,AlwaysCooperate,C,player_926f200f-5666-4c3d-a4cf-0e89838ce959@localhost,Random,D,0,10,1565,4515
609,player_c41e78f2-c2ef-46ed-9f98-0e5639e147fe@localhost,AlwaysCooperate,C,player_926f200f-5666-4c3d-a4cf-0e89838ce959@localhost,Random,D,0,10,1565,4525
610,player_c41e78f2-c2ef-46ed-9f98-0e5639e147fe@localhost,AlwaysCooperate,C,player_926f200f-5666-4c3d-a4cf-0e89838ce959@localhost,Random,C,5,5,1570,4530
611,player_c41e78f2-c2ef-46ed-9f98-0e5639e147fe@localhost,AlwaysCooperate,C,player_926f200f-5666-4c3d-a4cf-0e89838ce959@localhost,Random,D,0,10,1570,4540
612,player_c41e78f2-c2ef-46ed-9f98-0e5639e147fe@localhost,AlwaysCooperate,C,player_926f200f-5666-4c3d-a4cf-0e89838ce959@localhost,Random,D,0,10,1570,4550
613,player_c41e78f2-c2ef-46ed-9f98-0e5639e147fe@localhost,AlwaysCooperate,C,player_926f200f-5666-4c3d-a4cf-0e89838ce959@localhost,Random,C,5,5,1575,4555
614,player_c41e78f2-c2ef-46ed-9f98-0e5639e147fe@localhost,AlwaysCooperate,C,player_926f200f-5666-4c3d-a4cf-0e89838ce959@localhost,Random,C,5,5,1580,4560
615,player_c41e78f2-c2ef-46ed-9f98-0e5639e147fe@localhost,AlwaysCooperate,C,player_926f200f-5666-4c3d-a4cf-0e89838ce959@localhost,Random,D,0,10,1580,4570
616,player_c41e78f2-c2ef-46ed-9f98-0e5639e147fe@localhost,AlwaysCooperate,C,player_926f200f-5666-4c3d-a4cf-0e89838ce959@localhost,Random,C,5,5,1585,4575
617,player_c41e78f2-c2ef-46ed-9f98-0e5639e147fe@localhost,AlwaysCooperate,C,player_926f200f-5666-4c3d-a4cf-0e89838ce959@localhost,Random,C,5,5,1590,4580
618,player_c41e78f2-c2ef-46ed-9f98-0e5639e147fe@localhost,AlwaysCooperate,C,player_926f200f-5666-4c3d-a4cf-0e89838ce959@localhost,Random,D,0,10,1590,4590
619,player_c41e78f2-c2ef-46ed-9f98-0e5639e147fe@localhost,AlwaysCooperate,C,player_926f200f-5666-4c3d-a4cf-0e89838ce959@localhost,Random,D,0,10,1590,4600
620,player_c41e78f2-c2ef-46ed-9f98-0e5639e147fe@localhost,AlwaysCooperate,C,player_926f200f-5666-4c3d-a4cf-0e89838ce959@localhost,Random,C,5,5,1595,4605
621,player_c41e78f2-c2ef-46ed-9f98-0e5639e147fe@localhost,AlwaysCooperate,C,player_926f200f-5666-4c3d-a4cf-0e89838ce959@localhost,Random,C,5,5,1600,4610
622,player_c41e78f2-c2ef-46ed-9f98-0e5639e147fe@localhost,AlwaysCooperate,C,player_926f200f-5666-4c3d-a4cf-0e89838ce959@localhost,Random,D,0,10,1600,4620
623,player_c41e78f2-c2ef-46ed-9f98-0e5639e147fe@localhost,AlwaysCooperate,C,player_926f200f-5666-4c3d-a4cf-0e89838ce959@localhost,Random,D,0,10,1600,4630
624,player_c41e78f2-c2ef-46ed-9f98-0e5639e147fe@localhost,AlwaysCooperate,C,player_926f200f-5666-4c3d-a4cf-0e89838ce959@localhost,Random,D,0,10,1600,4640
625,player_c41e78f2-c2ef-46ed-9f98-0e5639e147fe@localhost,AlwaysCooperate,C,player_926f200f-5666-4c3d-a4cf-0e89838ce959@localhost,Random,C,5,5,1605,4645
626,player_c41e78f2-c2ef-46ed-9f98-0e5639e147fe@localhost,AlwaysCooperate,C,player_926f200f-5666-4c3d-a4cf-0e89838ce959@localhost,Random,D,0,10,1605,4655
627,player_c41e78f2-c2ef-46ed-9f98-0e5639e147fe@localhost,AlwaysCooperate,C,player_926f200f-5666-4c3d-a4cf-0e89838ce959@localhost,Random,D,0,10,1605,4665
628,player_c41e78f2-c2ef-46ed-9f98-0e5639e147fe@localhost,AlwaysCooperate,C,player_926f200f-5666-4c3d-a4cf-0e89838ce959@localhost,Random,D,0,10,1605,4675
629,player_c41e78f2-c2ef-46ed-9f98-0e5639e147fe@localhost,AlwaysCooperate,C,player_926f200f-5666-4c3d-a4cf-0e89838ce959@localhost,Random,C,5,5,1610,4680
630,player_c41e78f2-c2ef-46ed-9f98-0e5639e147fe@localhost,AlwaysCooperate,C,player_926f200f-5666-4c3d-a4cf-0e89838ce959@localhost,Random,D,0,10,1610,4690
631,player_c41e78f2-c2ef-46ed-9f98-0e5639e147fe@localhost,AlwaysCooperate,C,player_926f200f-5666-4c3d-a4cf-0e89838ce959@localhost,Random,D,0,10,1610,4700
632,player_c41e78f2-c2ef-46ed-9f98-0e5639e147fe@localhost,AlwaysCooperate,C,player_926f200f-5666-4c3d-a4cf-0e89838ce959@localhost,Random,C,5,5,1615,4705
633,player_c41e78f2-c2ef-46ed-9f98-0e5639e147fe@localhost,AlwaysCooperate,C,player_926f200f-5666-4c3d-a4cf-0e89838ce959@localhost,Random,C,5,5,1620,4710
634,player_c41e78f2-c2ef-46ed-9f98-0e5639e147fe@localhost,AlwaysCooperate,C,player_926f200f-5666-4c3d-a4cf-0e89838ce959@localhost,Random,D,0,10,1620,4720
635,player_c41e78f2-c2ef-46ed-9f98-0e5639e147fe@localhost,AlwaysCooperate,C,player_926f200f-5666-4c3d-a4cf-0e89838ce959@localhost,Random,C,5,5,1625,4725
636,player_c41e78f2-c2ef-46ed-9f98-0e5639e147fe@localhost,AlwaysCooperate,C,player_926f200f-5666-4c3d-a4cf-0e89838ce959@localhost,Random,C,5,5,1630,4730
637,player_c41e78f2-c2ef-46ed-9f98-0e5639e147fe@localhost,AlwaysCooperate,C,player_926f200f-5666-4c3d-a4cf-0e89838ce959@localhost,Random,C,5,5,1635,4735
638,player_c41e78f2-c2ef-46ed-9f98-0e5639e147fe@localhost,AlwaysCooperate,C,player_926f200f-5666-4c3d-a4cf-0e89838ce959@localhost,Random,D,0,10,1635,4745
639,player_c41e78f2-c2ef-46ed-9f98-0e5639e147fe@localhost,AlwaysCooperate,C,player_926f200f-5666-4c3d-a4cf-0e89838ce959@localhost,Random,C,5,5,1640,4750
640,player_c41e78f2-c2ef-46ed-9f98-0e5639e147fe@localhost,AlwaysCooperate,C,player_926f200f-5666-4c3d-a4cf-0e89838ce959@localhost,Random,D,0,10,1640,4760
641,player_c41e78f2-c2ef-46ed-9f98-0e5639e147fe@localhost,AlwaysCooperate,C,player_926f200f-5666-4c3d-a4cf-0e89838ce959@localhost,Random,D,0,10,1640,4770
642,player_c41e78f2-c2ef-46ed-9f98-0e5639e147fe@localhost,AlwaysCooperate,C,player_926f200f-5666-4c3d-a4cf-0e89838ce959@localhost,Random,D,0,10,1640,4780
643,player_c41e78f2-c2ef-46ed-9f98-0e5639e147fe@localhost,AlwaysCooperate,C,player_926f200f-5666-4c3d-a4cf-0e89838ce959@localhost,Random,C,5,5,1645,4785
644,player_c41e78f2-c2ef-46ed-9f98-0e5639e147fe@localhost,AlwaysCooperate,C,player_926f200f-5666-4c3d-a4cf-0e89838ce959@localhost,Random,C,5,5,1650,4790
645,player_c41e78f2-c2ef-46ed-9f98-0e5639e147fe@localhost,AlwaysCooperate,C,player_926f200f-5666-4c3d-a4cf-0e89838ce959@localhost,Random,D,0,10,1650,4800
646,player_c41e78f2-c2ef-46ed-9f98-0e5639e147fe@localhost,AlwaysCooperate,C,player_926f200f-5666-4c3d-a4cf-0e89838ce959@localhost,Random,D,0,10,1650,4810
647,player_c41e78f2-c2ef-46ed-9f98-0e5639e147fe@localhost,AlwaysCooperate,C,player_926f200f-5666-4c3d-a4cf-0e89838ce959@localhost,Random,D,0,10,1650,4820
648,player_c41e78f2-c2ef-46ed-9f98-0e5639e147fe@localhost,AlwaysCooperate,C,player_926f200f-5666-4c3d-a4cf-0e89838ce959@localhost,Random,C,5,5,1655,4825
649,player_c41e78f2-c2ef-46ed-9f98-0e5639e147fe@localhost,AlwaysCooperate,C,player_926f200f-5666-4c3d-a4cf-0e89838ce959@localhost,Random,D,0,10,1655,4835
650,player_c41e78f2-c2ef-46ed-9f98-0e5639e147fe@localhost,AlwaysCooperate,C,player_926f200f-5666-4c3d-a4cf-0e89838ce959@localhost,Random,D,0,10,1655,4845
651,player_c41e78f2-c2ef-46ed-9f98-0e5639e147fe@localhost,AlwaysCooperate,C,player_926f200f-5666-4c3d-a4cf-0e89838ce959@localhost,Random,C,5,5,1660,4850
652,player_c41e78f2-c2ef-46ed-9f98-0e5639e147fe@localhost,AlwaysCooperate,C,player_926f200f-5666-4c3d-a4cf-0e89838ce959@localhost,Random,C,5,5,1665,4855
653,player_c41e78f2-c2ef-46ed-9f98-0e5639e147fe@localhost,AlwaysCooperate,C,player_926f200f-5666-4c3d-a4cf-0e89838ce959@localhost,Random,C,5,5,1670,4860
654,player_c41e78f2-c2ef-46ed-9f98-0e5639e147fe@localhost,AlwaysCooperate,C,player_926f200f-5666-4c3d-a4cf-0e89838ce959@localhost,Random,C,5,5,1675,4865
655,player_c41e78f2-c2ef-46ed-9f98-0e5639e147fe@localhost,AlwaysCooperate,C,player_926f200f-5666-4c3d-a4cf-0e89838ce959@localhost,Random,D,0,10,1675,4875
656,player_c41e78f2-c2ef-46ed-9f98-0e5639e147fe@localhost,AlwaysCooperate,C,player_926f200f-5666-4c3d-a4cf-0e89838ce959@localhost,Random,C,5,5,1680,4880
657,player_c41e78f2-c2ef-46ed-9f98-0e5639e147fe@localhost,AlwaysCooperate,C,player_926f200f-5666-4c3d-a4cf-0e89838ce959@localhost,Random,C,5,5,1685,4885
658,player_c41e78f2-c2ef-46ed-9f98-0e5639e147fe@localhost,AlwaysCooperate,C,player_926f200f-5666-4c3d-a4cf-0e89838ce959@localhost,Random,C,5,5,1690,4890
659,player_c41e78f2-c2ef-46ed-9f98-0e5639e147fe@localhost,AlwaysCooperate,C,player_926f200f-5666-4c3d-a4cf-0e89838ce959@localhost,Random,C,5,5,1695,4895
660,player_c41e78f2-c2ef-46ed-9f98-0e5639e147fe@localhost,AlwaysCooperate,C,player_926f200f-5666-4c3d-a4cf-0e89838ce959@localhost,Random,D,0,10,1695,4905
661,player_c41e78f2-c2ef-46ed-9f98-0e5639e147fe@localhost,AlwaysCooperate,C,player_926f200f-5666-4c3d-a4cf-0e89838ce959@localhost,Random,C,5,5,1700,4910
662,player_c41e78f2-c2ef-46ed-9f98-0e5639e147fe@localhost,AlwaysCooperate,C,player_926f200f-5666-4c3d-a4cf-0e89838ce959@localhost,Random,D,0,10,1700,4920
663,player_c41e78f2-c2ef-46ed-9f98-0e5639e147fe@localhost,AlwaysCooperate,C,player_926f200f-5666-4c3d-a4cf-0e89838ce959@localhost,Random,D,0,10,1700,4930
664,player_c41e78f2-c2ef-46ed-9f98-0e5639e147fe@localhost,AlwaysCooperate,C,player_926f200f-5666-4c3d-a4cf-0e89838ce959@localhost,Random,C,5,5,1705,4935
665,player_c41e78f2-c2ef-46ed-9f98-0e5639e147fe@localhost,AlwaysCooperate,C,player_926f200f-5666-4c3d-a4cf-0e89838ce959@localhost,Random,D,0,10,1705,4945
666,player_c41e78f2-c2ef-46ed-9f98-0e5639e147fe@localhost,AlwaysCooperate,C,player_926f200f-5666-4c3d-a4cf-0e89838ce959@localhost,Random,C,5,5,1710,4950
667,player_c41e78f2-c2ef-46ed-9f98-0e5639e147fe@localhost,AlwaysCooperate,C,player_926f200f-5666-4c3d-a4cf-0e89838ce959@localhost,Random,D,0,10,1710,4960
668,player_c41e78f2-c2ef-46ed-9f98-0e5639e147fe@localhost,AlwaysCooperate,C,player_926f200f-5666-4c3d-a4cf-0e89838ce959@localhost,Random,C,5,5,1715,4965
669,player_c41e78f2-c2ef-46ed-9f98-0e5639e147fe@localhost,AlwaysCooperate,C,player_926f200f-5666-4c3d-a4cf-0e89838ce959@localhost,Random,D,0,10,1715,4975
670,player_c41e78f2-c2ef-46ed-9f98-0e5639e147fe@localhost,AlwaysCooperate,C,player_926f200f-5666-4c3d-a4cf-0e89838ce959@localhost,Random,D,0,10,1715,4985
671,player_c41e78f2-c2ef-46ed-9f98-0e5639e147fe@localhost,AlwaysCooperate,C,player_926f200f-5666-4c3d-a4cf-0e89838ce959@localhost,Random,D,0,10,1715,4995
672,player_c41e78f2-c2ef-46ed-9f98-0e5639e147fe@localhost,AlwaysCooperate,C,player_926f200f-5666-4c3d-a4cf-0e89838ce959@localhost,Random,D,0,10,1715,5005
673,player_c41e78f2-c2ef-46ed-9f98-0e5639e147fe@localhost,AlwaysCooperate,C,player_926f200f-5666-4c3d-a4cf-0e89838ce959@localhost,Random,D,0,10,1715,5015
674,player_c41e78f2-c2ef-46ed-9f98-0e5639e147fe@localhost,AlwaysCooperate,C,player_926f200f-5666-4c3d-a4cf-0e89838ce959@localhost,Random,C,5,5,1720,5020
675,player_c41e78f2-c2ef-46ed-9f98-0e5639e147fe@localhost,AlwaysCooperate,C,player_926f200f-5666-4c3d-a4cf-0e89838ce959@localhost,Random,C,5,5,1725,5025
676,player_c41e78f2-c2ef-46ed-9f98-0e5639e147fe@localhost,AlwaysCooperate,C,player_926f200f-5666-4c3d-a4cf-0e89838ce959@localhost,Random,C,5,5,1730,5030
677,player_c41e78f2-c2ef-46ed-9f98-0e5639e147fe@localhost,AlwaysCooperate,C,player_926f200f-5666-4c3d-a4cf-0e89838ce959@localhost,Random,D,0,10,1730,5040
678,player_c41e78f2-c2ef-46ed-9f98-0e5639e147fe@localhost,AlwaysCooperate,C,player_926f200f-5666-4c3d-a4cf-0e89838ce959@localhost,Random,D,0,10,1730,5050
679,player_c41e78f2-c2ef-46ed-9f98-0e5639e147fe@localhost,AlwaysCooperate,C,player_926f200f-5666-4c3d-a4cf-0e89838ce959@localhost,Random,D,0,10,1730,5060
680,player_c41e78f2-c2ef-46ed-9f98-0e5639e147fe@localhost,AlwaysCooperate,C,player_926f200f-5666-4c3d-a4cf-0e89838ce959@localhost,Random,C,5,5,1735,5065
681,player_c41e78f2-c2ef-46ed-9f98-0e5639e147fe@localhost,AlwaysCooperate,C,player_926f200f-5666-4c3d-a4cf-0e89838ce959@localhost,Random,C,5,5,1740,5070
682,player_c41e78f2-c2ef-46ed-9f98-0e5639e147fe@localhost,AlwaysCooperate,C,player_926f200f-5666-4c3d-a4cf-0e89838ce959@localhost,Random,C,5,5,1745,5075
683,player_c41e78f2-c2ef-46ed-9f98-0e5639e147fe@localhost,AlwaysCooperate,C,player_926f200f-5666-4c3d-a4cf-0e89838ce959@localhost,Random,D,0,10,1745,5085
684,player_c41e78f2-c2ef-46ed-9f98-0e5639e147fe@localhost,AlwaysCooperate,C,player_926f200f-5666-4c3d-a4cf-0e89838ce959@localhost,Random,C,5,5,1750,5090
685,player_c41e78f2-c2ef-46ed-9f98-0e5639e147fe@localhost,AlwaysCooperate,C,player_926f200f-5666-4c3d-a4cf-0e89838ce959@localhost,Random,C,5,5,1755,5095
686,player_c41e78f2-c2ef-46ed-9f98-0e5639e147fe@localhost,AlwaysCooperate,C,player_926f200f-5666-4c3d-a4cf-0e89838ce959@localhost,Random,C,5,5,1760,5100
687,player_c41e78f2-c2ef-46ed-9f98-0e5639e147fe@localhost,AlwaysCooperate,C,player_926f200f-5666-4c3d-a4cf-0e89838ce959@localhost,Random,D,0,10,1760,5110
688,player_c41e78f2-c2ef-46ed-9f98-0e5639e147fe@localhost,AlwaysCooperate,C,player_926f200f-5666-4c3d-a4cf-0e89838ce959@localhost,Random,C,5,5,1765,5115
689,player_c41e78f2-c2ef-46ed-9f98-0e5639e147fe@localhost,AlwaysCooperate,C,player_926f200f-5666-4c3d-a4cf-0e89838ce959@localhost,Random,D,0,10,1765,5125
690,player_c41e78f2-c2ef-46ed-9f98-0e5639e147fe@localhost,AlwaysCooperate,C,player_926f200f-5666-4c3d-a4cf-0e89838ce959@localhost,Random,D,0,10,1765,5135
691,player_c41e78f2-c2ef-46ed-9f98-0e5639e147fe@localhost,AlwaysCooperate,C,player_926f200f-5666-4c3d-a4cf-0e89838ce959@localhost,Random,D,0,10,1765,5145
692,player_c41e78f2-c2ef-46ed-9f98-0e5639e147fe@localhost,AlwaysCooperate,C,player_926f200f-5666-4c3d-a4cf-0e89838ce959@localhost,Random,C,5,5,1770,5150
693,player_c41e78f2-c2ef-46ed-9f98-0e5639e147fe@localhost,AlwaysCooperate,C,player_926f200f-5666-4c3d-a4cf-0e89838ce959@localhost,Random,D,0,10,1770,5160
694,player_c41e78f2-c2ef-46ed-9f98-0e5639e147fe@localhost,AlwaysCooperate,C,player_926f200f-5666-4c3d-a4cf-0e89838ce959@localhost,Random,D,0,10,1770,5170
695,player_c41e78f2-c2ef-46ed-9f98-0e5639e147fe@localhost,AlwaysCooperate,C,player_926f200f-5666-4c3d-a4cf-0e89838ce959@localhost,Random,C,5,5,1775,5175
696,player_c41e78f2-c2ef-46ed-9f98-0e5639e147fe@localhost,AlwaysCooperate,C,player_926f200f-5666-4c3d-a4cf-0e89838ce959@localhost,Random,D,0,10,1775,5185
697,player_c41e78f2-c2ef-46ed-9f98-0e5639e147fe@localhost,AlwaysCooperate,C,player_926f200f-5666-4c3d-a4cf-0e89838ce959@localhost,Random,D,0,10,1775,5195
698,player_c41e78f2-c2ef-46ed-9f98-0e5639e147fe@localhost,AlwaysCooperate,C,player_926f200f-5666-4c3d-a4cf-0e89838ce959@localhost,Random,C,5,5,1780,5200
699,player_c41e78f2-c2ef-46ed-9f98-0e5639e147fe@localhost,AlwaysCooperate,C,player_926f200f-5666-4c3d-a4cf-0e89838ce959@localhost,Random,C,5,5,1785,5205
700,player_c41e78f2-c2ef-46ed-9f98-0e5639e147fe@localhost,AlwaysCooperate,C,player_926f200f-5666-4c3d-a4cf-0e89838ce959@localhost,Random,D,0,10,1785,5215
701,player_c41e78f2-c2ef-46ed-9f98-0e5639e147fe@localhost,AlwaysCooperate,C,player_926f200f-5666-4c3d-a4cf-0e89838ce959@localhost,Random,D,0,10,1785,5225
702,player_c41e78f2-c2ef-46ed-9f98-0e5639e147fe@localhost,AlwaysCooperate,C,player_926f200f-5666-4c3d-a4cf-0e89838ce959@localhost,Random,C,5,5,1790,5230
703,player_c41e78f2-c2ef-46ed-9f98-0e5639e147fe@localhost,AlwaysCooperate,C,player_926f200f-5666-4c3d-a4cf-0e89838ce959@localhost,Random,C,5,5,1795,5235
704,player_c41e78f2-c2ef-46ed-9f98-0e5639e147fe@localhost,AlwaysCooperate,C,player_926f200f-5666-4c3d-a4cf-0e89838ce959@localhost,Random,C,5,5,1800,5240
705,player_c41e78f2-c2ef-46ed-9f98-0e5639e147fe@localhost,AlwaysCooperate,C,player_926f200f-5666-4c3d-a4cf-0e89838ce959@localhost,Random,D,0,10,1800,5250
706,player_c41e78f2-c2ef-46ed-9f98-0e5639e147fe@localhost,AlwaysCooperate,C,player_926f200f-5666-4c3d-a4cf-0e89838ce959@localhost,Random,C,5,5,1805,5255
707,player_c41e78f2-c2ef-46ed-9f98-0e5639e147fe@localhost,AlwaysCooperate,C,player_926f200f-5666-4c3d-a4cf-0e89838ce959@localhost,Random,D,0,10,1805,5265
708,player_c41e78f2-c2ef-46ed-9f98-0e5639e147fe@localhost,AlwaysCooperate,C,player_926f200f-5666-4c3d-a4cf-0e89838ce959@localhost,Random,D,0,10,1805,5275
709,player_c41e78f2-c2ef-46ed-9f98-0e5639e147fe@localhost,AlwaysCooperate,C,player_926f200f-5666-4c3d-a4cf-0e89838ce959@localhost,Random,D,0,10,1805,5285
710,player_c41e78f2-c2ef-46ed-9f98-0e5639e147fe@localhost,AlwaysCooperate,C,player_926f200f-5666-4c3d-a4cf-0e89838ce959@localhost,Random,D,0,10,1805,5295
711,player_c41e78f2-c2ef-46ed-9f98-0e5639e147fe@localhost,AlwaysCooperate,C,player_926f200f-5666-4c3d-a4cf-0e89838ce959@localhost,Random,D,0,10,1805,5305
712,player_c41e78f2-c2ef-46ed-9f98-0e5639e147fe@localhost,AlwaysCooperate,C,player_926f200f-5666-4c3d-a4cf-0e89838ce959@localhost,Random,D,0,10,1805,5315
713,player_c41e78f2-c2ef-46ed-9f98-0e5639e147fe@localhost,AlwaysCooperate,C,player_926f200f-5666-4c3d-a4cf-0e89838ce959@localhost,Random,D,0,10,1805,5325
714,player_c41e78f2-c2ef-46ed-9f98-0e5639e147fe@localhost,AlwaysCooperate,C,player_926f200f-5666-4c3d-a4cf-0e89838ce959@localhost,Random,D,0,10,1805,5335
715,player_c41e78f2-c2ef-46ed-9f98-0e5639e147fe@localhost,AlwaysCooperate,C,player_926f200f-5666-4c3d-a4cf-0e89838ce959@localhost,Random,D,0,10,1805,5345
716,player_c41e78f2-c2ef-46ed-9f98-0e5639e147fe@localhost,AlwaysCooperate,C,player_926f200f-5666-4c3d-a4cf-0e89838ce959@localhost,Random,C,5,5,1810,5350
717,player_c41e78f2-c2ef-46ed-9f98-0e5639e147fe@localhost,AlwaysCooperate,C,player_926f200f-5666-4c3d-a4cf-0e89838ce959@localhost,Random,C,5,5,1815,5355
718,player_c41e78f2-c2ef-46ed-9f98-0e5639e147fe@localhost,AlwaysCooperate,C,player_926f200f-5666-4c3d-a4cf-0e89838ce959@localhost,Random,C,5,5,1820,5360
719,player_c41e78f2-c2ef-46ed-9f98-0e5639e147fe@localhost,AlwaysCooperate,C,player_926f200f-5666-4c3d-a4cf-0e89838ce959@localhost,Random,C,5,5,1825,5365
720,player_c41e78f2-c2ef-46ed-9f98-0e5639e147fe@localhost,AlwaysCooperate,C,player_926f200f-5666-4c3d-a4cf-0e89838ce959@localhost,Random,C,5,5,1830,5370
721,player_c41e78f2-c2ef-46ed-9f98-0e5639e147fe@localhost,AlwaysCooperate,C,player_926f200f-5666-4c3d-a4cf-0e89838ce959@localhost,Random,C,5,5,1835,5375
722,player_c41e78f2-c2ef-46ed-9f98-0e5639e147fe@localhost,AlwaysCooperate,C,player_926f200f-5666-4c3d-a4cf-0e89838ce959@localhost,Random,C,5,5,1840,5380
723,player_c41e78f2-c2ef-46ed-9f98-0e5639e147fe@localhost,AlwaysCooperate,C,player_926f200f-5666-4c3d-a4cf-0e89838ce959@localhost,Random,C,5,5,1845,5385
724,player_c41e78f2-c2ef-46ed-9f98-0e5639e147fe@localhost,AlwaysCooperate,C,player_926f200f-5666-4c3d-a4cf-0e89838ce959@localhost,Random,D,0,10,1845,5395
725,player_c41e78f2-c2ef-46ed-9f98-0e5639e147fe@localhost,AlwaysCooperate,C,player_926f200f-5666-4c3d-a4cf-0e89838ce959@localhost,Random,D,0,10,1845,5405
726,player_c41e78f2-c2ef-46ed-9f98-0e5639e147fe@localhost,AlwaysCooperate,C,player_926f200f-5666-4c3d-a4cf-0e89838ce959@localhost,Random,D,0,10,1845,5415
727,player_c41e78f2-c2ef-46ed-9f98-0e5639e147fe@localhost,AlwaysCooperate,C,player_926f200f-5666-4c3d-a4cf-0e89838ce959@localhost,Random,D,0,10,1845,5425
728,player_c41e78f2-c2ef-46ed-9f98-0e5639e147fe@localhost,AlwaysCooperate,C,player_926f200f-5666-4c3d-a4cf-0e89838ce959@localhost,Random,C,5,5,1850,5430
729,player_c41e78f2-c2ef-46ed-9f98-0e5639e147fe@localhost,AlwaysCooperate,C,player_926f200f-5666-4c3d-a4cf-0e89838ce959@localhost,Random,D,0,10,1850,5440
730,player_c41e78f2-c2ef-46ed-9f98-0e5639e147fe@localhost,AlwaysCooperate,C,player_926f200f-5666-4c3d-a4cf-0e89838ce959@localhost,Random,C,5,5,1855,5445
731,player_c41e78f2-c2ef-46ed-9f98-0e5639e147fe@localhost,AlwaysCooperate,C,player_926f200f-5666-4c3d-a4cf-0e89838ce959@localhost,Random,D,0,10,1855,5455
732,player_c41e78f2-c2ef-46ed-9f98-0e5639e147fe@localhost,AlwaysCooperate,C,player_926f200f-5666-4c3d-a4cf-0e89838ce959@localhost,Random,D,0,10,1855,5465
733,player_c41e78f2-c2ef-46ed-9f98-0e5639e147fe@localhost,AlwaysCooperate,C,player_926f200f-5666-4c3d-a4cf-0e89838ce959@localhost,Random,D,0,10,1855,5475
734,player_c41e78f2-c2ef-46ed-9f98-0e5639e147fe@localhost,AlwaysCooperate,C,player_926f200f-5666-4c3d-a4cf-0e89838ce959@localhost,Random,D,0,10,1855,5485
735,player_c41e78f2-c2ef-46ed-9f98-0e5639e147fe@localhost,AlwaysCooperate,C,player_926f200f-5666-4c3d-a4cf-0e89838ce959@localhost,Random,D,0,10,1855,5495
736,player_c41e78f2-c2ef-46ed-9f98-0e5639e147fe@localhost,AlwaysCooperate,C,player_926f200f-5666-4c3d-a4cf-0e89838ce959@localhost,Random,D,0,10,1855,5505
737,player_c41e78f2-c2ef-46ed-9f98-0e5639e147fe@localhost,AlwaysCooperate,C,player_926f200f-5666-4c3d-a4cf-0e89838ce959@localhost,Random,C,5,5,1860,5510
738,player_c41e78f2-c2ef-46ed-9f98-0e5639e147fe@localhost,AlwaysCooperate,C,player_926f200f-5666-4c3d-a4cf-0e89838ce959@localhost,Random,C,5,5,1865,5515
739,player_c41e78f2-c2ef-46ed-9f98-0e5639e147fe@localhost,AlwaysCooperate,C,player_926f200f-5666-4c3d-a4cf-0e89838ce959@localhost,Random,C,5,5,1870,5520
740,player_c41e78f2-c2ef-46ed-9f98-0e5639e147fe@localhost,AlwaysCooperate,C,player_926f200f-5666-4c3d-a4cf-0e89838ce959@localhost,Random,D,0,10,1870,5530
741,player_c41e78f2-c2ef-46ed-9f98-0e5639e147fe@localhost,AlwaysCooperate,C,player_926f200f-5666-4c3d-a4cf-0e89838ce959@localhost,Random,C,5,5,1875,5535
742,player_c41e78f2-c2ef-46ed-9f98-0e5639e147fe@localhost,AlwaysCooperate,C,player_926f200f-5666-4c3d-a4cf-0e89838ce959@localhost,Random,C,5,5,1880,5540
743,player_c41e78f2-c2ef-46ed-9f98-0e5639e147fe@localhost,AlwaysCooperate,C,player_926f200f-5666-4c3d-a4cf-0e89838ce959@localhost,Random,D,0,10,1880,5550
744,player_c41e78f2-c2ef-46ed-9f98-0e5639e147fe@localhost,AlwaysCooperate,C,player_926f200f-5666-4c3d-a4cf-0e89838ce959@localhost,Random,D,0,10,1880,5560
745,player_c41e78f2-c2ef-46ed-9f98-0e5639e147fe@localhost,AlwaysCooperate,C,player_926f200f-5666-4c3d-a4cf-0e89838ce959@localhost,Random,C,5,5,1885,5565
746,player_c41e78f2-c2ef-46ed-9f98-0e5639e147fe@localhost,AlwaysCooperate,C,player_926f200f-5666-4c3d-a4cf-0e89838ce959@localhost,Random,C,5,5,1890,5570
747,player_c41e78f2-c2ef-46ed-9f98-0e5639e147fe@localhost,AlwaysCooperate,C,player_926f200f-5666-4c3d-a4cf-0e89838ce959@localhost,Random,C,5,5,1895,5575
748,player_c41e78f2-c2ef-46ed-9f98-0e5639e147fe@localhost,AlwaysCooperate,C,player_926f200f-5666-4c3d-a4cf-0e89838ce959@localhost,Random,C,5,5,1900,5580
749,player_c41e78f2-c2ef-46ed-9f98-0e5639e147fe@localhost,AlwaysCooperate,C,player_926f200f-5666-4c3d-a4cf-0e89838ce959@localhost,Random,D,0,10,1900,5590
750,player_c41e78f2-c2ef-46ed-9f98-0e5639e147fe@localhost,AlwaysCooperate,C,player_926f200f-5666-4c3d-a4cf-0e89838ce959@localhost,Random,D,0,10,1900,5600
751,player_c41e78f2-c2ef-46ed-9f98-0e5639e147fe@localhost,AlwaysCooperate,C,player_926f200f-5666-4c3d-a4cf-0e89838ce959@localhost,Random,D,0,10,1900,5610
752,player_c41e78f2-c2ef-46ed-9f98-0e5639e147fe@localhost,AlwaysCooperate,C,player_926f200f-5666-4c3d-a4cf-0e89838ce959@localhost,Random,D,0,10,1900,5620
753,player_c41e78f2-c2ef-46ed-9f98-0e5639e147fe@localhost,AlwaysCooperate,C,player_926f200f-5666-4c3d-a4cf-0e89838ce959@localhost,Random,C,5,5,1905,5625
754,player_c41e78f2-c2ef-46ed-9f98-0e5639e147fe@localhost,AlwaysCooperate,C,player_926f200f-5666-4c3d-a4cf-0e89838ce959@localhost,Random,D,0,10,1905,5635
755,player_c41e78f2-c2ef-46ed-9f98-0e5639e147fe@localhost,AlwaysCooperate,C,player_926f200f-5666-4c3d-a4cf-0e89838ce959@localhost,Random,C,5,5,1910,5640
756,player_c41e78f2-c2ef-46ed-9f98-0e5639e147fe@localhost,AlwaysCooperate,C,player_926f200f-5666-4c3d-a4cf-0e89838ce959@localhost,Random,D,0,10,1910,5650
757,player_c41e78f2-c2ef-46ed-9f98-0e5639e147fe@localhost,AlwaysCooperate,C,player_926f200f-5666-4c3d-a4cf-0e89838ce959@localhost,Random,C,5,5,1915,5655
758,player_c41e78f2-c2ef-46ed-9f98-0e5639e147fe@localhost,AlwaysCooperate,C,player_926f200f-5666-4c3d-a4cf-0e89838ce959@localhost,Random,D,0,10,1915,5665
759,player_c41e78f2-c2ef-46ed-9f98-0e5639e147fe@localhost,AlwaysCooperate,C,player_926f200f-5666-4c3d-a4cf-0e89838ce959@localhost,Random,C,5,5,1920,5670
760,player_c41e78f2-c2ef-46ed-9f98-0e5639e147fe@localhost,AlwaysCooperate,C,player_926f200f-5666-4c3d-a4cf-0e89838ce959@localhost,Random,C,5,5,1925,5675
761,player_c41e78f2-c2ef-46ed-9f98-0e5639e147fe@localhost,AlwaysCooperate,C,player_926f200f-5666-4c3d-a4cf-0e89838ce959@localhost,Random,C,5,5,1930,5680
762,player_c41e78f2-c2ef-46ed-9f98-0e5639e147fe@localhost,AlwaysCooperate,C,player_926f200f-5666-4c3d-a4cf-0e89838ce959@localhost,Random,D,0,10,1930,5690
763,player_c41e78f2-c2ef-46ed-9f98-0e5639e147fe@localhost,AlwaysCooperate,C,player_926f200f-5666-4c3d-a4cf-0e89838ce959@localhost,Random,C,5,5,1935,5695
764,player_c41e78f2-c2ef-46ed-9f98-0e5639e147fe@localhost,AlwaysCooperate,C,player_926f200f-5666-4c3d-a4cf-0e89838ce959@localhost,Random,C,5,5,1940,5700
765,player_c41e78f2-c2ef-46ed-9f98-0e5639e147fe@localhost,AlwaysCooperate,C,player_926f200f-5666-4c3d-a4cf-0e89838ce959@localhost,Random,D,0,10,1940,5710
766,player_c41e78f2-c2ef-46ed-9f98-0e5639e147fe@localhost,AlwaysCooperate,C,player_926f200f-5666-4c3d-a4cf-0e89838ce959@localhost,Random,C,5,5,1945,5715
767,player_c41e78f2-c2ef-46ed-9f98-0e5639e147fe@localhost,AlwaysCooperate,C,player_926f200f-5666-4c3d-a4cf-0e89838ce959@localhost,Random,C,5,5,1950,5720
768,player_c41e78f2-c2ef-46ed-9f98-0e5639e147fe@localhost,AlwaysCooperate,C,player_926f200f-5666-4c3d-a4cf-0e89838ce959@localhost,Random,D,0,10,1950,5730
769,player_c41e78f2-c2ef-46ed-9f98-0e5639e147fe@localhost,AlwaysCooperate,C,player_926f200f-5666-4c3d-a4cf-0e89838ce959@localhost,Random,D,0,10,1950,5740
770,player_c41e78f2-c2ef-46ed-9f98-0e5639e147fe@localhost,AlwaysCooperate,C,player_926f200f-5666-4c3d-a4cf-0e89838ce959@localhost,Random,C,5,5,1955,5745
771,player_c41e78f2-c2ef-46ed-9f98-0e5639e147fe@localhost,AlwaysCooperate,C,player_926f200f-5666-4c3d-a4cf-0e89838ce959@localhost,Random,D,0,10,1955,5755
772,player_c41e78f2-c2ef-46ed-9f98-0e5639e147fe@localhost,AlwaysCooperate,C,player_926f200f-5666-4c3d-a4cf-0e89838ce959@localhost,Random,C,5,5,1960,5760
773,player_c41e78f2-c2ef-46ed-9f98-0e5639e147fe@localhost,AlwaysCooperate,C,player_926f200f-5666-4c3d-a4cf-0e89838ce959@localhost,Random,D,0,10,1960,5770
774,player_c41e78f2-c2ef-46ed-9f98-0e5639e147fe@localhost,AlwaysCooperate,C,player_926f200f-5666-4c3d-a4cf-0e89838ce959@localhost,Random,C,5,5,1965,5775
775,player_c41e78f2-c2ef-46ed-9f98-0e5639e147fe@localhost,AlwaysCooperate,C,player_926f200f-5666-4c3d-a4cf-0e89838ce959@localhost,Random,D,0,10,1965,5785
776,player_c41e78f2-c2ef-46ed-9f98-0e5639e147fe@localhost,AlwaysCooperate,C,player_926f200f-5666-4c3d-a4cf-0e89838ce959@localhost,Random,C,5,5,1970,5790
777,player_c41e78f2-c2ef-46ed-9f98-0e5639e147fe@localhost,AlwaysCooperate,C,player_926f200f-5666-4c3d-a4cf-0e89838ce959@localhost,Random,C,5,5,1975,5795
778,player_c41e78f2-c2ef-46ed-9f98-0e5639e147fe@localhost,AlwaysCooperate,C,player_926f200f-5666-4c3d-a4cf-0e89838ce959@localhost,Random,C,5,5,1980,5800
779,player_c41e78f2-c2ef-46ed-9f98-0e5639e147fe@localhost,AlwaysCooperate,C,player_926f200f-5666-4c3d-a4cf-0e89838ce959@localhost,Random,C,5,5,1985,5805
780,player_c41e78f2-c2ef-46ed-9f98-0e5639e147fe@localhost,AlwaysCooperate,C,player_926f200f-5666-4c3d-a4cf-0e89838ce959@localhost,Random,D,0,10,1985,5815
781,player_c41e78f2-c2ef-46ed-9f98-0e5639e147fe@localhost,AlwaysCooperate,C,player_926f200f-5666-4c3d-a4cf-0e89838ce959@localhost,Random,C,5,5,1990,5820
782,player_c41e78f2-c2ef-46ed-9f98-0e5639e147fe@localhost,AlwaysCooperate,C,player_926f200f-5666-4c3d-a4cf-0e89838ce959@localhost,Random,C,5,5,1995,5825
783,player_c41e78f2-c2ef-46ed-9f98-0e5639e147fe@localhost,AlwaysCooperate,C,player_926f200f-5666-4c3d-a4cf-0e89838ce959@localhost,Random,D,0,10,1995,5835
784,player_c41e78f2-c2ef-46ed-9f98-0e5639e147fe@localhost,AlwaysCooperate,C,player_926f200f-5666-4c3d-a4cf-0e89838ce959@localhost,Random,C,5,5,2000,5840
785,player_c41e78f2-c2ef-46ed-9f98-0e5639e147fe@localhost,AlwaysCooperate,C,player_926f200f-5666-4c3d-a4cf-0e89838ce959@localhost,Random,C,5,5,2005,5845
786,player_c41e78f2-c2ef-46ed-9f98-0e5639e147fe@localhost,AlwaysCooperate,C,player_926f200f-5666-4c3d-a4cf-0e89838ce959@localhost,Random,C,5,5,2010,5850
787,player_c41e78f2-c2ef-46ed-9f98-0e5639e147fe@localhost,AlwaysCooperate,C,player_926f200f-5666-4c3d-a4cf-0e89838ce959@localhost,Random,D,0,10,2010,5860
788,player_c41e78f2-c2ef-46ed-9f98-0e5639e147fe@localhost,AlwaysCooperate,C,player_926f200f-5666-4c3d-a4cf-0e89838ce959@localhost,Random,C,5,5,2015,5865
789,player_c41e78f2-c2ef-46ed-9f98-0e5639e147fe@localhost,AlwaysCooperate,C,player_926f200f-5666-4c3d-a4cf-0e89838ce959@localhost,Random,C,5,5,2020,5870
790,player_c41e78f2-c2ef-46ed-9f98-0e5639e147fe@localhost,AlwaysCooperate,C,player_926f200f-5666-4c3d-a4cf-0e89838ce959@localhost,Random,C,5,5,2025,5875
791,player_c41e78f2-c2ef-46ed-9f98-0e5639e147fe@localhost,AlwaysCooperate,C,player_926f200f-5666-4c3d-a4cf-0e89838ce959@localhost,Random,C,5,5,2030,5880
792,player_c41e78f2-c2ef-46ed-9f98-0e5639e147fe@localhost,AlwaysCooperate,C,player_926f200f-5666-4c3d-a4cf-0e89838ce959@localhost,Random,D,0,10,2030,5890
793,player_c41e78f2-c2ef-46ed-9f98-0e5639e147fe@localhost,AlwaysCooperate,C,player_926f200f-5666-4c3d-a4cf-0e89838ce959@localhost,Random,C,5,5,2035,5895
794,player_c41e78f2-c2ef-46ed-9f98-0e5639e147fe@localhost,AlwaysCooperate,C,player_926f200f-5666-4c3d-a4cf-0e89838ce959@localhost,Random,D,0,10,2035,5905
795,player_c41e78f2-c2ef-46ed-9f98-0e5639e147fe@localhost,AlwaysCooperate,C,player_926f200f-5666-4c3d-a4cf-0e89838ce959@localhost,Random,C,5,5,2040,5910
796,player_c41e78f2-c2ef-46ed-9f98-0e5639e147fe@localhost,AlwaysCooperate,C,player_926f200f-5666-4c3d-a4cf-0e89838ce959@localhost,Random,D,0,10,2040,5920
797,player_c41e78f2-c2ef-46ed-9f98-0e5639e147fe@localhost,AlwaysCooperate,C,player_926f200f-5666-4c3d-a4cf-0e89838ce959@localhost,Random,D,0,10,2040,5930
798,player_c41e78f2-c2ef-46ed-9f98-0e5639e147fe@localhost,AlwaysCooperate,C,player_926f200f-5666-4c3d-a4cf-0e89838ce959@localhost,Random,C,5,5,2045,5935
799,player_c41e78f2-c2ef-46ed-9f98-0e5639e147fe@localhost,AlwaysCooperate,C,player_926f200f-5666-4c3d-a4cf-0e89838ce959@localhost,Random,D,0,10,2045,5945
800,player_c41e78f2-c2ef-46ed-9f98-0e5639e147fe@localhost,AlwaysCooperate,C,player_926f200f-5666-4c3d-a4cf-0e89838ce959@localhost,Random,C,5,5,2050,5950
801,player_c41e78f2-c2ef-46ed-9f98-0e5639e147fe@localhost,AlwaysCooperate,C,player_926f200f-5666-4c3d-a4cf-0e89838ce959@localhost,Random,D,0,10,2050,5960
802,player_c41e78f2-c2ef-46ed-9f98-0e5639e147fe@localhost,AlwaysCooperate,C,player_926f200f-5666-4c3d-a4cf-0e89838ce959@localhost,Random,D,0,10,2050,5970
803,player_c41e78f2-c2ef-46ed-9f98-0e5639e147fe@localhost,AlwaysCooperate,C,player_926f200f-5666-4c3d-a4cf-0e89838ce959@localhost,Random,D,0,10,2050,5980
804,player_c41e78f2-c2ef-46ed-9f98-0e5639e147fe@localhost,AlwaysCooperate,C,player_926f200f-5666-4c3d-a4cf-0e89838ce959@localhost,Random,D,0,10,2050,5990
805,player_c41e78f2-c2ef-46ed-9f98-0e5639e147fe@localhost,AlwaysCooperate,C,player_926f200f-5666-4c3d-a4cf-0e89838ce959@localhost,Random,D,0,10,2050,6000
806,player_c41e78f2-c2ef-46ed-9f98-0e5639e147fe@localhost,AlwaysCooperate,C,player_926f200f-5666-4c3d-a4cf-0e89838ce959@localhost,Random,D,0,10,2050,6010
807,player_c41e78f2-c2ef-46ed-9f98-0e5639e147fe@localhost,AlwaysCooperate,C,player_926f200f-5666-4c3d-a4cf-0e89838ce959@localhost,Random,D,0,10,2050,6020
808,player_c41e78f2-c2ef-46ed-9f98-0e5639e147fe@localhost,AlwaysCooperate,C,player_926f200f-5666-4c3d-a4cf-0e89838ce959@localhost,Random,C,5,5,2055,6025
809,player_c41e78f2-c2ef-46ed-9f98-0e5639e147fe@localhost,AlwaysCooperate,C,player_926f200f-5666-4c3d-a4cf-0e89838ce959@localhost,Random,D,0,10,2055,6035
810,player_c41e78f2-c2ef-46ed-9f98-0e5639e147fe@localhost,AlwaysCooperate,C,player_926f200f-5666-4c3d-a4cf-0e89838ce959@localhost,Random,C,5,5,2060,6040
811,player_c41e78f2-c2ef-46ed-9f98-0e5639e147fe@localhost,AlwaysCooperate,C,player_926f200f-5666-4c3d-a4cf-0e89838ce959@localhost,Random,C,5,5,2065,6045
812,player_c41e78f2-c2ef-46ed-9f98-0e5639e147fe@localhost,AlwaysCooperate,C,player_926f200f-5666-4c3d-a4cf-0e89838ce959@localhost,Random,D,0,10,2065,6055
813,player_c41e78f2-c2ef-46ed-9f98-0e5639e147fe@localhost,AlwaysCooperate,C,player_926f200f-5666-4c3d-a4cf-0e89838ce959@localhost,Random,C,5,5,2070,6060
814,player_c41e78f2-c2ef-46ed-9f98-0e5639e147fe@localhost,AlwaysCooperate,C,player_926f200f-5666-4c3d-a4cf-0e89838ce959@localhost,Random,C,5,5,2075,6065
815,player_c41e78f2-c2ef-46ed-9f98-0e5639e147fe@localhost,AlwaysCooperate,C,player_926f200f-5666-4c3d-a4cf-0e89838ce959@localhost,Random,C,5,5,2080,6070
816,player_c41e78f2-c2ef-46ed-9f98-0e5639e147fe@localhost,AlwaysCooperate,C,player_926f200f-5666-4c3d-a4cf-0e89838ce959@localhost,Random,D,0,10,2080,6080
817,player_c41e78f2-c2ef-46ed-9f98-0e5639e147fe@localhost,AlwaysCooperate,C,player_926f200f-5666-4c3d-a4cf-0e89838ce959@localhost,Random,C,5,5,2085,6085
818,player_c41e78f2-c2ef-46ed-9f98-0e5639e147fe@localhost,AlwaysCooperate,C,player_926f200f-5666-4c3d-a4cf-0e89838ce959@localhost,Random,C,5,5,2090,6090
819,player_c41e78f2-c2ef-46ed-9f98-0e5639e147fe@localhost,AlwaysCooperate,C,player_926f200f-5666-4c3d-a4cf-0e89838ce959@localhost,Random,D,0,10,2090,6100
820,player_c41e78f2-c2ef-46ed-9f98-0e5639e147fe@localhost,AlwaysCooperate,C,player_926f200f-5666-4c3d-a4cf-0e89838ce959@localhost,Random,C,5,5,2095,6105
821,player_c41e78f2-c2ef-46ed-9f98-0e5639e147fe@localhost,AlwaysCooperate,C,player_926f200f-5666-4c3d-a4cf-0e89838ce959@localhost,Random,C,5,5,2100,6110
822,player_c41e78f2-c2ef-46ed-9f98-0e5639e147fe@localhost,AlwaysCooperate,C,player_926f200f-5666-4c3d-a4cf-0e89838ce959@localhost,Random,C,5,5,2105,6115
823,player_c41e78f2-c2ef-46ed-9f98-0e5639e147fe@localhost,AlwaysCooperate,C,player_926f200f-5666-4c3d-a4cf-0e89838ce959@localhost,Random,D,0,10,2105,6125
824,player_c41e78f2-c2ef-46ed-9f98-0e5639e147fe@localhost,AlwaysCooperate,C,player_926f200f-5666-4c3d-a4cf-0e89838ce959@localhost,Random,C,5,5,2110,6130
825,player_c41e78f2-c2ef-46ed-9f98-0e5639e147fe@localhost,AlwaysCooperate,C,player_926f200f-5666-4c3d-a4cf-0e89838ce959@localhost,Random,C,5,5,2115,6135
826,player_c41e78f2-c2ef-46ed-9f98-0e5639e147fe@localhost,AlwaysCooperate,C,player_926f200f-5666-4c3d-a4cf-0e89838ce959@localhost,Random,C,5,5,2120,6140
827,player_c41e78f2-c2ef-46ed-9f98-0e5639e147fe@localhost,AlwaysCooperate,C,player_926f200f-5666-4c3d-a4cf-0e89838ce959@localhost,Random,D,0,10,2120,6150
828,player_c41e78f2-c2ef-46ed-9f98-0e5639e147fe@localhost,AlwaysCooperate,C,player_926f200f-5666-4c3d-a4cf-0e89838ce959@localhost,Random,D,0,10,2120,6160
829,player_c41e78f2-c2ef-46ed-9f98-0e5639e147fe@localhost,AlwaysCooperate,C,player_926f200f-5666-4c3d-a4cf-0e89838ce959@localhost,Random,D,0,10,2120,6170
830,player_c41e78f2-c2ef-46ed-9f98-0e5639e147fe@localhost,AlwaysCooperate,C,player_926f200f-5666-4c3d-a4cf-0e89838ce959@localhost,Random,D,0,10,2120,6180
831,player_c41e78f2-c2ef-46ed-9f98-0e5639e147fe@localhost,AlwaysCooperate,C,player_926f200f-5666-4c3d-a4cf-0e89838ce959@localhost,Random,C,5,5,2125,6185
832,player_c41e78f2-c2ef-46ed-9f98-0e5639e147fe@localhost,AlwaysCooperate,C,player_926f200f-5666-4c3d-a4cf-0e89838ce959@localhost,Random,D,0,10,2125,6195
833,player_c41e78f2-c2ef-46ed-9f98-0e5639e147fe@localhost,AlwaysCooperate,C,player_926f200f-5666-4c3d-a4cf-0e89838ce959@localhost,Random,D,0,10,2125,6205
834,player_c41e78f2-c2ef-46ed-9f98-0e5639e147fe@localhost,AlwaysCooperate,C,player_926f200f-5666-4c3d-a4cf-0e89838ce959@localhost,Random,D,0,10,2125,6215
835,player_c41e78f2-c2ef-46ed-9f98-0e5639e147fe@localhost,AlwaysCooperate,C,player_926f200f-5666-4c3d-a4cf-0e89838ce959@localhost,Random,D,0,10,2125,6225
836,player_c41e78f2-c2ef-46ed-9f98-0e5639e147fe@localhost,AlwaysCooperate,C,player_926f200f-5666-4c3d-a4cf-0e89838ce959@localhost,Random,D,0,10,2125,6235
837,player_c41e78f2-c2ef-46ed-9f98-0e5639e147fe@localhost,AlwaysCooperate,C,player_926f200f-5666-4c3d-a4cf-0e89838ce959@localhost,Random,C,5,5,2130,6240
838,player_c41e78f2-c2ef-46ed-9f98-0e5639e147fe@localhost,AlwaysCooperate,C,player_926f200f-5666-4c3d-a4cf-0e89838ce959@localhost,Random,D,0,10,2130,6250
839,player_c41e78f2-c2ef-46ed-9f98-0e5639e147fe@localhost,AlwaysCooperate,C,player_926f200f-5666-4c3d-a4cf-0e89838ce959@localhost,Random,C,5,5,2135,6255
840,player_c41e78f2-c2ef-46ed-9f98-0e5639e147fe@localhost,AlwaysCooperate,C,player_926f200f-5666-4c3d-a4cf-0e89838ce959@localhost,Random,D,0,10,2135,6265
841,player_c41e78f2-c2ef-46ed-9f98-0e5639e147fe@localhost,AlwaysCooperate,C,player_926f200f-5666-4c3d-a4cf-0e89838ce959@localhost,Random,C,5,5,2140,6270
842,player_c41e78f2-c2ef-46ed-9f98-0e5639e147fe@localhost,AlwaysCooperate,C,player_926f200f-5666-4c3d-a4cf-0e89838ce959@localhost,Random,C,5,5,2145,6275
843,player_c41e78f2-c2ef-46ed-9f98-0e5639e147fe@localhost,AlwaysCooperate,C,player_926f200f-5666-4c3d-a4cf-0e89838ce959@localhost,Random,C,5,5,2150,6280
844,player_c41e78f2-c2ef-46ed-9f98-0e5639e147fe@localhost,AlwaysCooperate,C,player_926f200f-5666-4c3d-a4cf-0e89838ce959@localhost,Random,D,0,10,2150,6290
845,player_c41e78f2-c2ef-46ed-9f98-0e5639e147fe@localhost,AlwaysCooperate,C,player_926f200f-5666-4c3d-a4cf-0e89838ce959@localhost,Random,C,5,5,2155,6295
846,player_c41e78f2-c2ef-46ed-9f98-0e5639e147fe@localhost,AlwaysCooperate,C,player_926f200f-5666-4c3d-a4cf-0e89838ce959@localhost,Random,D,0,10,2155,6305
847,player_c41e78f2-c2ef-46ed-9f98-0e5639e147fe@localhost,AlwaysCooperate,C,player_926f200f-5666-4c3d-a4cf-0e89838ce959@localhost,Random,C,5,5,2160,6310
848,player_c41e78f2-c2ef-46ed-9f98-0e5639e147fe@localhost,AlwaysCooperate,C,player_926f200f-5666-4c3d-a4cf-0e89838ce959@localhost,Random,D,0,10,2160,6320
849,player_c41e78f2-c2ef-46ed-9f98-0e5639e147fe@localhost,AlwaysCooperate,C,player_926f200f-5666-4c3d-a4cf-0e89838ce959@localhost,Random,C,5,5,2165,6325
850,player_c41e78f2-c2ef-46ed-9f98-0e5639e147fe@localhost,AlwaysCooperate,C,player_926f200f-5666-4c3d-a4cf-0e89838ce959@localhost,Random,C,5,5,2170,6330
851,player_c41e78f2-c2ef-46ed-9f98-0e5639e147fe@localhost,AlwaysCooperate,C,player_926f200f-5666-4c3d-a4cf-0e89838ce959@localhost,Random,C,5,5,2175,6335
852,player_c41e78f2-c2ef-46ed-9f98-0e5639e147fe@localhost,AlwaysCooperate,C,player_926f200f-5666-4c3d-a4cf-0e89838ce959@localhost,Random,C,5,5,2180,6340
853,player_c41e78f2-c2ef-46ed-9f98-0e5639e147fe@localhost,AlwaysCooperate,C,player_926f200f-5666-4c3d-a4cf-0e89838ce959@localhost,Random,D,0,10,2180,6350
854,player_c41e78f2-c2ef-46ed-9f98-0e5639e147fe@localhost,AlwaysCooperate,C,player_926f200f-5666-4c3d-a4cf-0e89838ce959@localhost,Random,D,0,10,2180,6360
855,player_c41e78f2-c2ef-46ed-9f98-0e5639e147fe@localhost,AlwaysCooperate,C,player_926f200f-5666-4c3d-a4cf-0e89838ce959@localhost,Random,D,0,10,2180,6370
856,player_c41e78f2-c2ef-46ed-9f98-0e5639e147fe@localhost,AlwaysCooperate,C,player_926f200f-5666-4c3d-a4cf-0e89838ce959@localhost,Random,D,0,10,2180,6380
857,player_c41e78f2-c2ef-46ed-9f98-0e5639e147fe@localhost,AlwaysCooperate,C,player_926f200f-5666-4c3d-a4cf-0e89838ce959@localhost,Random,C,5,5,2185,6385
858,player_c41e78f2-c2ef-46ed-9f98-0e5639e147fe@localhost,AlwaysCooperate,C,player_926f200f-5666-4c3d-a4cf-0e89838ce959@localhost,Random,D,0,10,2185,6395
859,player_c41e78f2-c2ef-46ed-9f98-0e5639e147fe@localhost,AlwaysCooperate,C,player_926f200f-5666-4c3d-a4cf-0e89838ce959@localhost,Random,D,0,10,2185,6405
860,player_c41e78f2-c2ef-46ed-9f98-0e5639e147fe@localhost,AlwaysCooperate,C,player_926f200f-5666-4c3d-a4cf-0e89838ce959@localhost,Random,C,5,5,2190,6410
861,player_c41e78f2-c2ef-46ed-9f98-0e5639e147fe@localhost,AlwaysCooperate,C,player_926f200f-5666-4c3d-a4cf-0e89838ce959@localhost,Random,C,5,5,2195,6415
862,player_c41e78f2-c2ef-46ed-9f98-0e5639e147fe@localhost,AlwaysCooperate,C,player_926f200f-5666-4c3d-a4cf-0e89838ce959@localhost,Random,C,5,5,2200,6420
863,player_c41e78f2-c2ef-46ed-9f98-0e5639e147fe@localhost,AlwaysCooperate,C,player_926f200f-5666-4c3d-a4cf-0e89838ce959@localhost,Random,D,0,10,2200,6430
864,player_c41e78f2-c2ef-46ed-9f98-0e5639e147fe@localhost,AlwaysCooperate,C,player_926f200f-5666-4c3d-a4cf-0e89838ce959@localhost,Random,D,0,10,2200,6440
865,player_c41e78f2-c2ef-46ed-9f98-0e5639e147fe@localhost,AlwaysCooperate,C,player_926f200f-5666-4c3d-a4cf-0e89838ce959@localhost,Random,C,5,5,2205,6445
866,player_c41e78f2-c2ef-46ed-9f98-0e5639e147fe@localhost,AlwaysCooperate,C,player_926f200f-5666-4c3d-a4cf-0e89838ce959@localhost,Random,C,5,5,2210,6450
867,player_c41e78f2-c2ef-46ed-9f98-0e5639e147fe@localhost,AlwaysCooperate,C,player_926f200f-5666-4c3d-a4cf-0e89838ce959@localhost,Random,D,0,10,2210,6460
868,player_c41e78f2-c2ef-46ed-9f98-0e5639e147fe@localhost,AlwaysCooperate,C,player_926f200f-5666-4c3d-a4cf-0e89838ce959@localhost,Random,D,0,10,2210,6470
869,player_c41e78f2-c2ef-46ed-9f98-0e5639e147fe@localhost,AlwaysCooperate,C,player_926f200f-5666-4c3d-a4cf-0e89838ce959@localhost,Random,D,0,10,2210,6480
870,player_c41e78f2-c2ef-46ed-9f98-0e5639e147fe@localhost,AlwaysCooperate,C,player_926f200f-5666-4c3d-a4cf-0e89838ce959@localhost,Random,C,5,5,2215,6485
871,player_c41e78f2-c2ef-46ed-9f98-0e5639e147fe@localhost,AlwaysCooperate,C,player_926f200f-5666-4c3d-a4cf-0e89838ce959@localhost,Random,D,0,10,2215,6495
872,player_c41e78f2-c2ef-46ed-9f98-0e5639e147fe@localhost,AlwaysCooperate,C,player_926f200f-5666-4c3d-a4cf-0e89838ce959@localhost,Random,C,5,5,2220,6500
873,player_c41e78f2-c2ef-46ed-9f98-0e5639e147fe@localhost,AlwaysCooperate,C,player_926f200f-5666-4c3d-a4cf-0e89838ce959@localhost,Random,D,0,10,2220,6510
874,player_c41e78f2-c2ef-46ed-9f98-0e5639e147fe@localhost,AlwaysCooperate,C,player_926f200f-5666-4c3d-a4cf-0e89838ce959@localhost,Random,D,0,10,2220,6520
875,player_c41e78f2-c2ef-46ed-9f98-0e5639e147fe@localhost,AlwaysCooperate,C,player_926f200f-5666-4c3d-a4cf-0e89838ce959@localhost,Random,D,0,10,2220,6530
876,player_c41e78f2-c2ef-46ed-9f98-0e5639e147fe@localhost,AlwaysCooperate,C,player_926f200f-5666-4c3d-a4cf-0e89838ce959@localhost,Random,C,5,5,2225,6535
877,player_c41e78f2-c2ef-46ed-9f98-0e5639e147fe@localhost,AlwaysCooperate,C,player_926f200f-5666-4c3d-a4cf-0e89838ce959@localhost,Random,C,5,5,2230,6540
878,player_c41e78f2-c2ef-46ed-9f98-0e5639e147fe@localhost,AlwaysCooperate,C,player_926f200f-5666-4c3d-a4cf-0e89838ce959@localhost,Random,D,0,10,2230,6550
879,player_c41e78f2-c2ef-46ed-9f98-0e5639e147fe@localhost,AlwaysCooperate,C,player_926f200f-5666-4c3d-a4cf-0e89838ce959@localhost,Random,D,0,10,2230,6560
880,player_c41e78f2-c2ef-46ed-9f98-0e5639e147fe@localhost,AlwaysCooperate,C,player_926f200f-5666-4c3d-a4cf-0e89838ce959@localhost,Random,D,0,10,2230,6570
881,player_c41e78f2-c2ef-46ed-9f98-0e5639e147fe@localhost,AlwaysCooperate,C,player_926f200f-5666-4c3d-a4cf-0e89838ce959@localhost,Random,D,0,10,2230,6580
882,player_c41e78f2-c2ef-46ed-9f98-0e5639e147fe@localhost,AlwaysCooperate,C,player_926f200f-5666-4c3d-a4cf-0e89838ce959@localhost,Random,C,5,5,2235,6585
883,player_c41e78f2-c2ef-46ed-9f98-0e5639e147fe@localhost,AlwaysCooperate,C,player_926f200f-5666-4c3d-a4cf-0e89838ce959@localhost,Random,D,0,10,2235,6595
884,player_c41e78f2-c2ef-46ed-9f98-0e5639e147fe@localhost,AlwaysCooperate,C,player_926f200f-5666-4c3d-a4cf-0e89838ce959@localhost,Random,D,0,10,2235,6605
885,player_c41e78f2-c2ef-46ed-9f98-0e5639e147fe@localhost,AlwaysCooperate,C,player_926f200f-5666-4c3d-a4cf-0e89838ce959@localhost,Random,D,0,10,2235,6615
886,player_c41e78f2-c2ef-46ed-9f98-0e5639e147fe@localhost,AlwaysCooperate,C,player_926f200f-5666-4c3d-a4cf-0e89838ce959@localhost,Random,C,5,5,2240,6620
887,player_c41e78f2-c2ef-46ed-9f98-0e5639e147fe@localhost,AlwaysCooperate,C,player_926f200f-5666-4c3d-a4cf-0e89838ce959@localhost,Random,C,5,5,2245,6625
888,player_c41e78f2-c2ef-46ed-9f98-0e5639e147fe@localhost,AlwaysCooperate,C,player_926f200f-5666-4c3d-a4cf-0e89838ce959@localhost,Random,D,0,10,2245,6635
889,player_c41e78f2-c2ef-46ed-9f98-0e5639e147fe@localhost,AlwaysCooperate,C,player_926f200f-5666-4c3d-a4cf-0e89838ce959@localhost,Random,C,5,5,2250,6640
890,player_c41e78f2-c2ef-46ed-9f98-0e5639e147fe@localhost,AlwaysCooperate,C,player_926f200f-5666-4c3d-a4cf-0e89838ce959@localhost,Random,D,0,10,2250,6650
891,player_c41e78f2-c2ef-46ed-9f98-0e5639e147fe@localhost,AlwaysCooperate,C,player_926f200f-5666-4c3d-a4cf-0e89838ce959@localhost,Random,C,5,5,2255,6655
892,player_c41e78f2-c2ef-46ed-9f98-0e5639e147fe@localhost,AlwaysCooperate,C,player_926f200f-5666-4c3d-a4cf-0e89838ce959@localhost,Random,D,0,10,2255,6665
893,player_c41e78f2-c2ef-46ed-9f98-0e5639e147fe@localhost,AlwaysCooperate,C,player_926f200f-5666-4c3d-a4cf-0e89838ce959@localhost,Random,C,5,5,2260,6670
894,player_c41e78f2-c2ef-46ed-9f98-0e5639e147fe@localhost,AlwaysCooperate,C,player_926f200f-5666-4c3d-a4cf-0e89838ce959@localhost,Random,C,5,5,2265,6675
895,player_c41e78f2-c2ef-46ed-9f98-0e5639e147fe@localhost,AlwaysCooperate,C,player_926f200f-5666-4c3d-a4cf-0e89838ce959@localhost,Random,C,5,5,2270,6680
896,player_c41e78f2-c2ef-46ed-9f98-0e5639e147fe@localhost,AlwaysCooperate,C,player_926f200f-5666-4c3d-a4cf-0e89838ce959@localhost,Random,D,0,10,2270,6690
897,player_c41e78f2-c2ef-46ed-9f98-0e5639e147fe@localhost,AlwaysCooperate,C,player_926f200f-5666-4c3d-a4cf-0e89838ce959@localhost,Random,C,5,5,2275,6695
898,player_c41e78f2-c2ef-46ed-9f98-0e5639e147fe@localhost,AlwaysCooperate,C,player_926f200f-5666-4c3d-a4cf-0e89838ce959@localhost,Random,D,0,10,2275,6705
899,player_c41e78f2-c2ef-46ed-9f98-0e5639e147fe@localhost,AlwaysCooperate,C,player_926f200f-5666-4c3d-a4cf-0e89838ce959@localhost,Random,C,5,5,2280,6710
900,player_c41e78f2-c2ef-46ed-9f98-0e5639e147fe@localhost,AlwaysCooperate,C,player_926f200f-5666-4c3d-a4cf-0e89838ce959@localhost,Random,C,5,5,2285,6715
901,player_c41e78f2-c2ef-46ed-9f98-0e5639e147fe@localhost,AlwaysCooperate,C,player_926f200f-5666-4c3d-a4cf-0e89838ce959@localhost,Random,C,5,5,2290,6720
902,player_c41e78f2-c2ef-46ed-9f98-0e5639e147fe@localhost,AlwaysCooperate,C,player_926f200f-5666-4c3d-a4cf-0e89838ce959@localhost,Random,C,5,5,2295,6725
903,player_c41e78f2-c2ef-46ed-9f98-0e5639e147fe@localhost,AlwaysCooperate,C,player_926f200f-5666-4c3d-a4cf-0e89838ce959@localhost,Random,D,0,10,2295,6735
904,player_c41e78f2-c2ef-46ed-9f98-0e5639e147fe@localhost,AlwaysCooperate,C,player_926f200f-5666-4c3d-a4cf-0e89838ce959@localhost,Random,C,5,5,2300,6740
905,player_c41e78f2-c2ef-46ed-9f98-0e5639e147fe@localhost,AlwaysCooperate,C,player_926f200f-5666-4c3d-a4cf-0e89838ce959@localhost,Random,D,0,10,2300,6750
906,player_c41e78f2-c2ef-46ed-9f98-0e5639e147fe@localhost,AlwaysCooperate,C,player_926f200f-5666-4c3d-a4cf-0e89838ce959@localhost,Random,C,5,5,2305,6755
907,player_c41e78f2-c2ef-46ed-9f98-0e5639e147fe@localhost,AlwaysCooperate,C,player_926f200f-5666-4c3d-a4cf-0e89838ce959@localhost,Random,D,0,10,2305,6765
908,player_c41e78f2-c2ef-46ed-9f98-0e5639e147fe@localhost,AlwaysCooperate,C,player_926f200f-5666-4c3d-a4cf-0e89838ce959@localhost,Random,D,0,10,2305,6775
909,player_c41e78f2-c2ef-46ed-9f98-0e5639e147fe@localhost,AlwaysCooperate,C,player_926f200f-5666-4c3d-a4cf-0e89838ce959@localhost,Random,D,0,10,2305,6785
910,player_c41e78f2-c2ef-46ed-9f98-0e5639e147fe@localhost,AlwaysCooperate,C,player_926f200f-5666-4c3d-a4cf-0e89838ce959@localhost,Random,D,0,10,2305,6795
911,player_c41e78f2-c2ef-46ed-9f98-0e5639e147fe@localhost,AlwaysCooperate,C,player_926f200f-5666-4c3d-a4cf-0e89838ce959@localhost,Random,D,0,10,2305,6805
912,player_c41e78f2-c2ef-46ed-9f98-0e5639e147fe@localhost,AlwaysCooperate,C,player_926f200f-5666-4c3d-a4cf-0e89838ce959@localhost,Random,C,5,5,2310,6810
913,player_c41e78f2-c2ef-46ed-9f98-0e5639e147fe@localhost,AlwaysCooperate,C,player_926f200f-5666-4c3d-a4cf-0e89838ce959@localhost,Random,C,5,5,2315,6815
914,player_c41e78f2-c2ef-46ed-9f98-0e5639e147fe@localhost,AlwaysCooperate,C,player_926f200f-5666-4c3d-a4cf-0e89838ce959@localhost,Random,C,5,5,2320,6820
915,player_c41e78f2-c2ef-46ed-9f98-0e5639e147fe@localhost,AlwaysCooperate,C,player_926f200f-5666-4c3d-a4cf-0e89838ce959@localhost,Random,C,5,5,2325,6825
916,player_c41e78f2-c2ef-46ed-9f98-0e5639e147fe@localhost,AlwaysCooperate,C,player_926f200f-5666-4c3d-a4cf-0e89838ce959@localhost,Random,C,5,5,2330,6830
917,player_c41e78f2-c2ef-46ed-9f98-0e5639e147fe@localhost,AlwaysCooperate,C,player_926f200f-5666-4c3d-a4cf-0e89838ce959@localhost,Random,C,5,5,2335,6835
918,player_c41e78f2-c2ef-46ed-9f98-0e5639e147fe@localhost,AlwaysCooperate,C,player_926f200f-5666-4c3d-a4cf-0e89838ce959@localhost,Random,D,0,10,2335,6845
919,player_c41e78f2-c2ef-46ed-9f98-0e5639e147fe@localhost,AlwaysCooperate,C,player_926f200f-5666-4c3d-a4cf-0e89838ce959@localhost,Random,C,5,5,2340,6850
920,player_c41e78f2-c2ef-46ed-9f98-0e5639e147fe@localhost,AlwaysCooperate,C,player_926f200f-5666-4c3d-a4cf-0e89838ce959@localhost,Random,C,5,5,2345,6855
921,player_c41e78f2-c2ef-46ed-9f98-0e5639e147fe@localhost,AlwaysCooperate,C,player_926f200f-5666-4c3d-a4cf-0e89838ce959@localhost,Random,C,5,5,2350,6860
922,player_c41e78f2-c2ef-46ed-9f98-0e5639e147fe@localhost,AlwaysCooperate,C,player_926f200f-5666-4c3d-a4cf-0e89838ce959@localhost,Random,C,5,5,2355,6865
923,player_c41e78f2-c2ef-46ed-9f98-0e5639e147fe@localhost,AlwaysCooperate,C,player_926f200f-5666-4c3d-a4cf-0e89838ce959@localhost,Random,C,5,5,2360,6870
924,player_c41e78f2-c2ef-46ed-9f98-0e5639e147fe@localhost,AlwaysCooperate,C,player_926f200f-5666-4c3d-a4cf-0e89838ce959@localhost,Random,D,0,10,2360,6880
925,player_c41e78f2-c2ef-46ed-9f98-0e5639e147fe@localhost,AlwaysCooperate,C,player_926f200f-5666-4c3d-a4cf-0e89838ce959@localhost,Random,C,5,5,2365,6885
926,player_c41e78f2-c2ef-46ed-9f98-0e5639e147fe@localhost,AlwaysCooperate,C,player_926f200f-5666-4c3d-a4cf-0e89838ce959@localhost,Random,D,0,10,2365,6895
927,player_c41e78f2-c2ef-46ed-9f98-0e5639e147fe@localhost,AlwaysCooperate,C,player_926f200f-5666-4c3d-a4cf-0e89838ce959@localhost,Random,D,0,10,2365,6905
928,player_c41e78f2-c2ef-46ed-9f98-0e5639e147fe@localhost,AlwaysCooperate,C,player_926f200f-5666-4c3d-a4cf-0e89838ce959@localhost,Random,D,0,10,2365,6915
929,player_c41e78f2-c2ef-46ed-9f98-0e5639e147fe@localhost,AlwaysCooperate,C,player_926f200f-5666-4c3d-a4cf-0e89838ce959@localhost,Random,C,5,5,2370,6920
930,player_c41e78f2-c2ef-46ed-9f98-0e5639e147fe@localhost,AlwaysCooperate,C,player_926f200f-5666-4c3d-a4cf-0e89838ce959@localhost,Random,C,5,5,2375,6925
931,player_c41e78f2-c2ef-46ed-9f98-0e5639e147fe@localhost,AlwaysCooperate,C,player_926f200f-5666-4c3d-a4cf-0e89838ce959@localhost,Random,C,5,5,2380,6930
932,player_c41e78f2-c2ef-46ed-9f98-0e5639e147fe@localhost,AlwaysCooperate,C,player_926f200f-5666-4c3d-a4cf-0e89838ce959@localhost,Random,C,5,5,2385,6935
933,player_c41e78f2-c2ef-46ed-9f98-0e5639e147fe@localhost,AlwaysCooperate,C,player_926f200f-5666-4c3d-a4cf-0e89838ce959@localhost,Random,D,0,10,2385,6945
934,player_c41e78f2-c2ef-46ed-9f98-0e5639e147fe@localhost,AlwaysCooperate,C,player_926f200f-5666-4c3d-a4cf-0e89838ce959@localhost,Random,D,0,10,2385,6955
935,player_c41e78f2-c2ef-46ed-9f98-0e5639e147fe@localhost,AlwaysCooperate,C,player_926f200f-5666-4c3d-a4cf-0e89838ce959@localhost,Random,D,0,10,2385,6965
936,player_c41e78f2-c2ef-46ed-9f98-0e5639e147fe@localhost,AlwaysCooperate,C,player_926f200f-5666-4c3d-a4cf-0e89838ce959@localhost,Random,D,0,10,2385,6975
937,player_c41e78f2-c2ef-46ed-9f98-0e5639e147fe@localhost,AlwaysCooperate,C,player_926f200f-5666-4c3d-a4cf-0e89838ce959@localhost,Random,C,5,5,2390,6980
938,player_c41e78f2-c2ef-46ed-9f98-0e5639e147fe@localhost,AlwaysCooperate,C,player_926f200f-5666-4c3d-a4cf-0e89838ce959@localhost,Random,D,0,10,2390,6990
939,player_c41e78f2-c2ef-46ed-9f98-0e5639e147fe@localhost,AlwaysCooperate,C,player_926f200f-5666-4c3d-a4cf-0e89838ce959@localhost,Random,C,5,5,2395,6995
940,player_c41e78f2-c2ef-46ed-9f98-0e5639e147fe@localhost,AlwaysCooperate,C,player_926f200f-5666-4c3d-a4cf-0e89838ce959@localhost,Random,D,0,10,2395,7005
941,player_c41e78f2-c2ef-46ed-9f98-0e5639e147fe@localhost,AlwaysCooperate,C,player_926f200f-5666-4c3d-a4cf-0e89838ce959@localhost,Random,C,5,5,2400,7010
942,player_c41e78f2-c2ef-46ed-9f98-0e5639e147fe@localhost,AlwaysCooperate,C,player_926f200f-5666-4c3d-a4cf-0e89838ce959@localhost,Random,D,0,10,2400,7020
943,player_c41e78f2-c2ef-46ed-9f98-0e5639e147fe@localhost,AlwaysCooperate,C,player_926f200f-5666-4c3d-a4cf-0e89838ce959@localhost,Random,D,0,10,2400,7030
944,player_c41e78f2-c2ef-46ed-9f98-0e5639e147fe@localhost,AlwaysCooperate,C,player_926f200f-5666-4c3d-a4cf-0e89838ce959@localhost,Random,D,0,10,2400,7040
945,player_c41e78f2-c2ef-46ed-9f98-0e5639e147fe@localhost,AlwaysCooperate,C,player_926f200f-5666-4c3d-a4cf-0e89838ce959@localhost,Random,D,0,10,2400,7050
946,player_c41e78f2-c2ef-46ed-9f98-0e5639e147fe@localhost,AlwaysCooperate,C,player_926f200f-5666-4c3d-a4cf-0e89838ce959@localhost,Random,C,5,5,2405,7055
947,player_c41e78f2-c2ef-46ed-9f98-0e5639e147fe@localhost,AlwaysCooperate,C,player_926f200f-5666-4c3d-a4cf-0e89838ce959@localhost,Random,D,0,10,2405,7065
948,player_c41e78f2-c2ef-46ed-9f98-0e5639e147fe@localhost,AlwaysCooperate,C,player_926f200f-5666-4c3d-a4cf-0e89838ce959@localhost,Random,D,0,10,2405,7075
949,player_c41e78f2-c2ef-46ed-9f98-0e5639e147fe@localhost,AlwaysCooperate,C,player_926f200f-5666-4c3d-a4cf-0e89838ce959@localhost,Random,C,5,5,2410,7080
950,player_c41e78f2-c2ef-46ed-9f98-0e5639e147fe@localhost,AlwaysCooperate,C,player_926f200f-5666-4c3d-a4cf-0e89838ce959@localhost,Random,C,5,5,2415,7085
951,player_c41e78f2-c2ef-46ed-9f98-0e5639e147fe@localhost,AlwaysCooperate,C,player_926f200f-5666-4c3d-a4cf-0e89838ce959@localhost,Random,D,0,10,2415,7095
952,player_c41e78f2-c2ef-46ed-9f98-0e5639e147fe@localhost,AlwaysCooperate,C,player_926f200f-5666-4c3d-a4cf-0e89838ce959@localhost,Random,C,5,5,2420,7100
953,player_c41e78f2-c2ef-46ed-9f98-0e5639e147fe@localhost,AlwaysCooperate,C,player_926f200f-5666-4c3d-a4cf-0e89838ce959@localhost,Random,C,5,5,2425,7105
954,player_c41e78f2-c2ef-46ed-9f98-0e5639e147fe@localhost,AlwaysCooperate,C,player_926f200f-5666-4c3d-a4cf-0e89838ce959@localhost,Random,D,0,10,2425,7115
955,player_c41e78f2-c2ef-46ed-9f98-0e5639e147fe@localhost,AlwaysCooperate,C,player_926f200f-5666-4c3d-a4cf-0e89838ce959@localhost,Random,D,0,10,2425,7125
956,player_c41e78f2-c2ef-46ed-9f98-0e5639e147fe@localhost,AlwaysCooperate,C,player_926f200f-5666-4c3d-a4cf-0e89838ce959@localhost,Random,D,0,10,2425,7135
957,player_c41e78f2-c2ef-46ed-9f98-0e5639e147fe@localhost,AlwaysCooperate,C,player_926f200f-5666-4c3d-a4cf-0e89838ce959@localhost,Random,C,5,5,2430,7140
958,player_c41e78f2-c2ef-46ed-9f98-0e5639e147fe@localhost,AlwaysCooperate,C,player_926f200f-5666-4c3d-a4cf-0e89838ce959@localhost,Random,D,0,10,2430,7150
959,player_c41e78f2-c2ef-46ed-9f98-0e5639e147fe@localhost,AlwaysCooperate,C,player_926f200f-5666-4c3d-a4cf-0e89838ce959@localhost,Random,C,5,5,2435,7155
960,player_c41e78f2-c2ef-46ed-9f98-0e5639e147fe@localhost,AlwaysCooperate,C,player_926f200f-5666-4c3d-a4cf-0e89838ce959@localhost,Random,C,5,5,2440,7160
961,player_c41e78f2-c2ef-46ed-9f98-0e5639e147fe@localhost,AlwaysCooperate,C,player_926f200f-5666-4c3d-a4cf-0e89838ce959@localhost,Random,D,0,10,2440,7170
962,player_c41e78f2-c2ef-46ed-9f98-0e5639e147fe@localhost,AlwaysCooperate,C,player_926f200f-5666-4c3d-a4cf-0e89838ce959@localhost,Random,D,0,10,2440,7180
963,player_c41e78f2-c2ef-46ed-9f98-0e5639e147fe@localhost,AlwaysCooperate,C,player_926f200f-5666-4c3d-a4cf-0e89838ce959@localhost,Random,D,0,10,2440,7190
964,player_c41e78f2-c2ef-46ed-9f98-0e5639e147fe@localhost,AlwaysCooperate,C,player_926f200f-5666-4c3d-a4cf-0e89838ce959@localhost,Random,C,5,5,2445,7195
965,player_c41e78f2-c2ef-46ed-9f98-0e5639e147fe@localhost,AlwaysCooperate,C,player_926f200f-5666-4c3d-a4cf-0e89838ce959@localhost,Random,C,5,5,2450,7200
966,player_c41e78f2-c2ef-46ed-9f98-0e5639e147fe@localhost,AlwaysCooperate,C,player_926f200f-5666-4c3d-a4cf-0e89838ce959@localhost,Random,C,5,5,2455,7205
967,player_c41e78f2-c2ef-46ed-9f98-0e5639e147fe@localhost,AlwaysCooperate,C,player_926f200f-5666-4c3d-a4cf-0e89838ce959@localhost,Random,C,5,5,2460,7210
968,player_c41e78f2-c2ef-46ed-9f98-0e5639e147fe@localhost,AlwaysCooperate,C,player_926f200f-5666-4c3d-a4cf-0e89838ce959@localhost,Random,C,5,5,2465,7215
969,player_c41e78f2-c2ef-46ed-9f98-0e5639e147fe@localhost,AlwaysCooperate,C,player_926f200f-5666-4c3d-a4cf-0e89838ce959@localhost,Random,C,5,5,2470,7220
970,player_c41e78f2-c2ef-46ed-9f98-0e5639e147fe@localhost,AlwaysCooperate,C,player_926f200f-5666-4c3d-a4cf-0e89838ce959@localhost,Random,C,5,5,2475,7225
971,player_c41e78f2-c2ef-46ed-9f98-0e5639e147fe@localhost,AlwaysCooperate,C,player_926f200f-5666-4c3d-a4cf-0e89838ce959@localhost,Random,C,5,5,2480,7230
972,player_c41e78f2-c2ef-46ed-9f98-0e5639e147fe@localhost,AlwaysCooperate,C,player_926f200f-5666-4c3d-a4cf-0e89838ce959@localhost,Random,D,0,10,2480,7240
973,player_c41e78f2-c2ef-46ed-9f98-0e5639e147fe@localhost,AlwaysCooperate,C,player_926f200f-5666-4c3d-a4cf-0e89838ce959@localhost,Random,C,5,5,2485,7245
974,player_c41e78f2-c2ef-46ed-9f98-0e5639e147fe@localhost,AlwaysCooperate,C,player_926f200f-5666-4c3d-a4cf-0e89838ce959@localhost,Random,D,0,10,2485,7255
975,player_c41e78f2-c2ef-46ed-9f98-0e5639e147fe@localhost,AlwaysCooperate,C,player_926f200f-5666-4c3d-a4cf-0e89838ce959@localhost,Random,D,0,10,2485,7265
976,player_c41e78f2-c2ef-46ed-9f98-0e5639e147fe@localhost,AlwaysCooperate,C,player_926f200f-5666-4c3d-a4cf-0e89838ce959@localhost,Random,C,5,5,2490,7270
977,player_c41e78f2-c2ef-46ed-9f98-0e5639e147fe@localhost,AlwaysCooperate,C,player_926f200f-5666-4c3d-a4cf-0e89838ce959@localhost,Random,C,5,5,2495,7275
978,player_c41e78f2-c2ef-46ed-9f98-0e5639e147fe@localhost,AlwaysCooperate,C,player_926f200f-5666-4c3d-a4cf-0e89838ce959@localhost,Random,D,0,10,2495,7285
979,player_c41e78f2-c2ef-46ed-9f98-0e5639e147fe@localhost,AlwaysCooperate,C,player_926f200f-5666-4c3d-a4cf-0e89838ce959@localhost,Random,C,5,5,2500,7290
980,player_c41e78f2-c2ef-46ed-9f98-0e5639e147fe@localhost,AlwaysCooperate,C,player_926f200f-5666-4c3d-a4cf-0e89838ce959@localhost,Random,C,5,5,2505,7295
981,player_c41e78f2-c2ef-46ed-9f98-0e5639e147fe@localhost,AlwaysCooperate,C,player_926f200f-5666-4c3d-a4cf-0e89838ce959@localhost,Random,D,0,10,2505,7305
982,player_c41e78f2-c2ef-46ed-9f98-0e5639e147fe@localhost,AlwaysCooperate,C,player_926f200f-5666-4c3d-a4cf-0e89838ce959@localhost,Random,D,0,10,2505,7315
983,player_c41e78f2-c2ef-46ed-9f98-0e5639e147fe@localhost,AlwaysCooperate,C,player_926f200f-5666-4c3d-a4cf-0e89838ce959@localhost,Random,D,0,10,2505,7325
984,player_c41e78f2-c2ef-46ed-9f98-0e5639e147fe@localhost,AlwaysCooperate,C,player_926f200f-5666-4c3d-a4cf-0e89838ce959@localhost,Random,D,0,10,2505,7335
985,player_c41e78f2-c2ef-46ed-9f98-0e5639e147fe@localhost,AlwaysCooperate,C,player_926f200f-5666-4c3d-a4cf-0e89838ce959@localhost,Random,D,0,10,2505,7345
986,player_c41e78f2-c2ef-46ed-9f98-0e5639e147fe@localhost,AlwaysCooperate,C,player_926f200f-5666-4c3d-a4cf-0e89838ce959@localhost,Random,C,5,5,2510,7350
987,player_c41e78f2-c2ef-46ed-9f98-0e5639e147fe@localhost,AlwaysCooperate,C,player_926f200f-5666-4c3d-a4cf-0e89838ce959@localhost,Random,D,0,10,2510,7360
988,player_c41e78f2-c2ef-46ed-9f98-0e5639e147fe@localhost,AlwaysCooperate,C,player_926f200f-5666-4c3d-a4cf-0e89838ce959@localhost,Random,C,5,5,2515,7365
989,player_c41e78f2-c2ef-46ed-9f98-0e5639e147fe@localhost,AlwaysCooperate,C,player_926f200f-5666-4c3d-a4cf-0e89838ce959@localhost,Random,C,5,5,2520,7370
990,player_c41e78f2-c2ef-46ed-9f98-0e5639e147fe@localhost,AlwaysCooperate,C,player_926f200f-5666-4c3d-a4cf-0e89838ce959@localhost,Random,C,5,5,2525,7375
991,player_c41e78f2-c2ef-46ed-9f98-0e5639e147fe@localhost,AlwaysCooperate,C,player_926f200f-5666-4c3d-a4cf-0e89838ce959@localhost,Random,D,0,10,2525,7385
992,player_c41e78f2-c2ef-46ed-9f98-0e5639e147fe@localhost,AlwaysCooperate,C,player_926f200f-5666-4c3d-a4cf-0e89838ce959@localhost,Random,D,0,10,2525,7395
993,player_c41e78f2-c2ef-46ed-9f98-0e5639e147fe@localhost,AlwaysCooperate,C,player_926f200f-5666-4c3d-a4cf-0e89838ce959@localhost,Random,D,0,10,2525,7405
994,player_c41e78f2-c2ef-46ed-9f98-0e5639e147fe@localhost,AlwaysCooperate,C,player_926f200f-5666-4c3d-a4cf-0e89838ce959@localhost,Random,C,5,5,2530,7410
995,player_c41e78f2-c2ef-46ed-9f98-0e5639e147fe@localhost,AlwaysCooperate,C,player_926f200f-5666-4c3d-a4cf-0e89838ce959@localhost,Random,D,0,10,2530,7420
996,player_c41e78f2-c2ef-46ed-9f98-0e5639e147fe@localhost,AlwaysCooperate,C,player_926f200f-5666-4c3d-a4cf-0e89838ce959@localhost,Random,D,0,10,2530,7430
997,player_c41e78f2-c2ef-46ed-9f98-0e5639e147fe@localhost,AlwaysCooperate,C,player_926f200f-5666-4c3d-a4cf-0e89838ce959@localhost,Random,D,0,10,2530,7440
998,player_c41e78f2-c2ef-46ed-9f98-0e5639e147fe@localhost,AlwaysCooperate,C,player_926f200f-5666-4c3d-a4cf-0e89838ce959@localhost,Random,C,5,5,2535,7445
999,player_c41e78f2-c2ef-46ed-9f98-0e5639e147fe@localhost,AlwaysCooperate,C,player_926f200f-5666-4c3d-a4cf-0e89838ce959@localhost,Random,C,5,5,2540,7450
1000,player_c41e78f2-c2ef-46ed-9f98-0e5639e147fe@localhost,AlwaysCooperate,C,player_926f200f-5666-4c3d-a4cf-0e89838ce959@localhost,Random,C,5,5,2545,7455
,,,,,,,,,,
# AGGREGATED METRICS
# p1_jid,player_c41e78f2-c2ef-46ed-9f98-0e5639e147fe@localhost
# p2_jid,player_926f200f-5666-4c3d-a4cf-0e89838ce959@localhost
# total_rounds,1000
# cooperation_rate_p1,1.0000
# cooperation_rate_p2,0.5090
# defection_rate_p1,0.0000
# defection_rate_p2,0.4910
# total_payoff_p1,2545
# total_payoff_p2,7455
# avg_payoff_p1,2.5450
# avg_payoff_p2,7.4550
