round,p1_jid,p1_strategy,p1_action,p2_jid,p2_strategy,p2_action,p1_payoff,p2_payoff,p1_cumulative,p2_cumulative
1,player_f18dedde-441e-404d-babe-76789cc7979f@localhost,AlwaysDefect,D,player_00cf730d-4cac-4dec-8c0c-d9710328eb45@localhost,TitForTatWithForgiveness,C,10,0,10,0
2,player_f18dedde-441e-404d-babe-76789cc7979f@localhost,AlwaysDefect,D,player_00cf730d-4cac-4dec-8c0c-d9710328eb45@localhost,TitForTatWithForgiveness,D,1,1,11,1
3,player_f18dedde-441e-404d-babe-76789cc7979f@localhost,AlwaysDefect,D,player_00cf730d-4cac-4dec-8c0c-d9710328eb45@localhost,TitForTatWithForgiveness,D,1,1,12,2
4,player_f18dedde-441e-404d-babe-76789cc7979f@localhost,AlwaysDefect,D,player_00cf730d-4cac-4dec-8c0c-d9710328eb45@localhost,TitForTatWithForgiveness,D,1,1,13,3
5,player_f18dedde-441e-404d-babe-76789cc7979f@localhost,AlwaysDefect,D,player_00cf730d-4cac-4dec-8c0c-d9710328eb45@localhost,TitForTatWithForgiveness,D,1,1,14,4
6,player_f18dedde-441e-404d-babe-76789cc7979f@localhost,AlwaysDefect,D,player_00cf730d-4cac-4dec-8c0c-d9710328eb45@localhost,TitForTatWithForgiveness,D,1,1,15,5
7,player_f18dedde-441e-404d-babe-76789cc7979f@localhost,AlwaysDefect,D,player_00cf730d-4cac-4dec-8c0c-d9710328eb45@localhost,TitForTatWithForgiveness,D,1,1,16,6
8,player_f18dedde-441e-404d-babe-76789cc7979f@localhost,AlwaysDefect,D,player_00cf730d-4cac-4dec-8c0c-d9710328eb45@localhost,TitForTatWithForgiveness,C,10,0,26,6
9,player_f18dedde-441e-404d-babe-76789cc7979f@localhost,AlwaysDefect,D,player_00cf730d-4cac-4dec-8c0c-d9710328eb45@localhost,TitForTatWithForgiveness,C,10,0,36,6
10,player_f18dedde-441e-404d-babe-76789cc7979f@localhost,AlwaysDefect,D,player_00cf730d-4cac-4dec-8c0c-d9710328eb45@localhost,TitForTatWithForgiveness,D,1,1,37,7
11,player_f18dedde-441e-404d-babe-76789cc7979f@localhost,AlwaysDefect,D,player_00cf730d-4cac-4dec-8c0c-d9710328eb45@localhost,TitForTatWithForgiveness,D,1,1,38,8
12,player_f18dedde-441e-404d-babe-76789cc7979f@localhost,AlwaysDefect,D,player_00cf730d-4cac-4dec-8c0c-d9710328eb45@localhost,TitForTatWithForgiveness,D,1,1,39,9
13,player_f18dedde-441e-404d-babe-76789cc7979f@localhost,AlwaysDefect,D,player_00cf730d-4cac-4dec-8c0c-d9710328eb45@localhost,TitForTatWithForgiveness,D,1,1,40,10
14,player_f18dedde-441e-404d-babe-76789cc7979f@localhost,AlwaysDefect,D,player_00cf730d-4cac-4dec-8c0c-d9710328eb45@localhost,TitForTatWithForgiveness,D,1,1,41,11
15,player_f18dedde-441e-404d-babe-76789cc7979f@localhost,AlwaysDefect,D,player_00cf730d-4cac-4dec-8c0c-d9710328eb45@localhost,TitForTatWithForgiveness,D,1,1,42,12
16,player_f18dedde-441e-404d-babe-76789cc7979f@localhost,AlwaysDefect,D,player_00cf730d-4cac-4dec-8c0c-d9710328eb45@localhost,TitForTatWithForgiveness,C,10,0,52,12
17,player_f18dedde-441e-404d-babe-76789cc7979f@localhost,AlwaysDefect,D,player_00cf730d-4cac-4dec-8c0c-d9710328eb45@localhost,TitForTatWithForgiveness,D,1,1,53,13
18,player_f18dedde-441e-404d-babe-76789cc7979f@localhost,AlwaysDefect,D,player_00cf730d-4cac-4dec-8c0c-d9710328eb45@localhost,TitForTatWithForgiveness,D,1,1,54,14
19,player_f18dedde-441e-404d-babe-76789cc7979f@localhost,AlwaysDefect,D,player_00cf730d-4cac-4dec-8c0c-d9710328eb45@localhost,TitForTatWithForgiveness,D,1,1,55,15
20,player_f18dedde-441e-404d-babe-76789cc7979f@localhost,AlwaysDefect,D,player_00cf730d-4cac-4dec-8c0c-d9710328eb45@localhost,TitForTatWithForgiveness,D,1,1,56,16
21,player_f18dedde-441e-404d-babe-76789cc7979f@localhost,AlwaysDefect,D,player_00cf730d-4cac-4dec-8c0c-d9710328eb45@localhost,TitForTatWithForgiveness,D,1,1,57,17
22,player_f18dedde-441e-404d-babe-76789cc7979f@localhost,AlwaysDefect,D,player_00cf730d-4cac-4dec-8c0c-d9710328eb45@localhost,TitForTatWithForgiveness,D,1,1,58,18
23,player_f18dedde-441e-404d-babe-76789cc7979f@localhost,AlwaysDefect,D,player_00cf730d-4cac-4dec-8c0c-d9710328eb45@localhost,TitForTatWithForgiveness,D,1,1,59,19
24,player_f18dedde-441e-404d-babe-76789cc7979f@localhost,AlwaysDefect,D,player_00cf730d-4cac-4dec-8c0c-d9710328eb45@localhost,TitForTatWithForgiveness,D,1,1,60,20
25,player_f18dedde-441e-404d-babe-76789cc7979f@localhost,AlwaysDefect,D,player_00cf730d-4cac-4dec-8c0c-d9710328eb45@localhost,TitForTatWithForgiveness,D,1,1,61,21
26,player_f18dedde-441e-404d-babe-76789cc7979f@localhost,AlwaysDefect,D,player_00cf730d-4cac-4dec-8c0c-d9710328eb45@localhost,TitForTatWithForgiveness,C,10,0,71,21
27,player_f18dedde-441e-404d-babe-76789cc7979f@localhost,AlwaysDefect,D,player_00cf730d-4cac-4dec-8c0c-d9710328eb45@localhost,TitForTatWithForgiveness,D,1,1,72,22
28,player_f18dedde-441e-404d-babe-76789cc7979f@localhost,AlwaysDefect,D,player_00cf730d-4cac-4dec-8c0c-d9710328eb45@localhost,TitForTatWithForgiveness,D,1,1,73,23
29,player_f18dedde-441e-404d-babe-76789cc7979f@localhost,AlwaysDefect,D,player_00cf730d-4cac-4dec-8c0c-d9710328eb45@localhost,TitForTatWithForgiveness,D,1,1,74,24
30,player_f18dedde-441e-404d-babe-76789cc7979f@localhost,AlwaysDefect,D,player_00cf730d-4cac-4dec-8c0c-d9710328eb45@localhost,TitForTatWithForgiveness,D,1,1,75,25
31,player_f18dedde-441e-404d-babe-76789cc7979f@localhost,AlwaysDefect,D,player_00cf730d-4cac-4dec-8c0c-d9710328eb45@localhost,TitForTatWithForgiveness,D,1,1,76,26
32,player_f18dedde-441e-404d-babe-76789cc7979f@localhost,AlwaysDefect,D,player_00cf730d-4cac-4dec-8c0c-d9710328eb45@localhost,TitForTatWithForgiveness,D,1,1,77,27
33,player_f18dedde-441e-404d-babe-76789cc7979f@localhost,AlwaysDefect,D,player_00cf730d-4cac-4dec-8c0c-d9710328eb45@localhost,TitForTatWithForgiveness,D,1,1,78,28
34,player_f18dedde-441e-404d-babe-76789cc7979f@localhost,AlwaysDefect,D,player_00cf730d-4cac-4dec-8c0c-d9710328eb45@localhost,TitForTatWithForgiveness,D,1,1,79,29
35,player_f18dedde-441e-404d-babe-76789cc7979f@localhost,AlwaysDefect,D,player_00cf730d-4cac-4dec-8c0c-d9710328eb45@localhost,TitForTatWithForgiveness,D,1,1,80,30
36,player_f18dedde-441e-404d-babe-76789cc7979f@localhost,AlwaysDefect,D,player_00cf730d-4cac-4dec-8c0c-d9710328eb45@localhost,TitForTatWithForgiveness,D,1,1,81,31
37,player_f18dedde-441e-404d-babe-76789cc7979f@localhost,AlwaysDefect,D,player_00cf730d-4cac-4dec-8c0c-d9710328eb45@localhost,TitForTatWithForgiveness,D,1,1,82,32
38,player_f18dedde-441e-404d-babe-76789cc7979f@localhost,AlwaysDefect,D,player_00cf730d-4cac-4dec-8c0c-d9710328eb45@localhost,TitForTatWithForgiveness,D,1,1,83,33
39,player_f18dedde-441e-404d-babe-76789cc7979f@localhost,AlwaysDefect,D,player_00cf730d-4cac-4dec-8c0c-d9710328eb45@localhost,TitForTatWithForgiveness,D,1,1,84,34
40,player_f18dedde-441e-404d-babe-76789cc7979f@localhost,AlwaysDefect,D,player_00cf730d-4cac-4dec-8c0c-d9710328eb45@localhost,TitForTatWithForgiveness,C,10,0,94,34
41,player_f18dedde-441e-404d-babe-76789cc7979f@localhost,AlwaysDefect,D,player_00cf730d-4cac-4dec-8c0c-d9710328eb45@localhost,TitForTatWithForgiveness,C,10,0,104,34
42,player_f18dedde-441e-404d-babe-76789cc7979f@localhost,AlwaysDefect,D,player_00cf730d-4cac-4dec-8c0c-d9710328eb45@localhost,TitForTatWithForgiveness,C,10,0,114,34
43,player_f18dedde-441e-404d-babe-76789cc7979f@localhost,AlwaysDefect,D,player_00cf730d-4cac-4dec-8c0c-d9710328eb45@localhost,TitForTatWithForgiveness,D,1,1,115,35
44,player_f18dedde-441e-404d-babe-76789cc7979f@localhost,AlwaysDefect,D,player_00cf730d-4cac-4dec-8c0c-d9710328eb45@localhost,TitForTatWithForgiveness,D,1,1,116,36
45,player_f18dedde-441e-404d-babe-76789cc7979f@localhost,AlwaysDefect,D,player_00cf730d-4cac-4dec-8c0c-d9710328eb45@localhost,TitForTatWithForgiveness,D,1,1,117,37
46,player_f18dedde-441e-404d-babe-76789cc7979f@localhost,AlwaysDefect,D,player_00cf730d-4cac-4dec-8c0c-d9710328eb45@localhost,TitForTatWithForgiveness,D,1,1,118,38
47,player_f18dedde-441e-404d-babe-76789cc7979f@localhost,AlwaysDefect,D,player_00cf730d-4cac-4dec-8c0c-d9710328eb45@localhost,TitForTatWithForgiveness,D,1,1,119,39
48,player_f18dedde-441e-404d-babe-76789cc7979f@localhost,AlwaysDefect,D,player_00cf730d-4cac-4dec-8c0c-d9710328eb45@localhost,TitForTatWithForgiveness,D,1,1,120,40
49,player_f18dedde-441e-404d-babe-76789cc7979f@localhost,AlwaysDefect,D,player_00cf730d-4cac-4dec-8c0c-d9710328eb45@localhost,TitForTatWithForgiveness,D,1,1,121,41
50,player_f18dedde-441e-404d-babe-76789cc7979f@localhost,AlwaysDefect,D,player_00cf730d-4cac-4dec-8c0c-d9710328eb45@localhost,TitForTatWithForgiveness,D,1,1,122,42
51,player_f18dedde-441e-404d-babe-76789cc7979f@localhost,AlwaysDefect,D,player_00cf730d-4cac-4dec-8c0c-d9710328eb45@localhost,TitForTatWithForgiveness,D,1,1,123,43
52,player_f18dedde-441e-404d-babe-76789cc7979f@localhost,AlwaysDefect,D,player_00cf730d-4cac-4dec-8c0c-d9710328eb45@localhost,TitForTatWithForgiveness,D,1,1,124,44
53,player_f18dedde-441e-404d-babe-76789cc7979f@localhost,AlwaysDefect,D,player_00cf730d-4cac-4dec-8c0c-d9710328eb45@localhost,TitForTatWithForgiveness,D,1,1,125,45
54,player_f18dedde-441e-404d-babe-76789cc7979f@localhost,AlwaysDefect,D,player_00cf730d-4cac-4dec-8c0c-d9710328eb45@localhost,TitForTatWithForgiveness,D,1,1,126,46
55,player_f18dedde-441e-404d-babe-76789cc7979f@localhost,AlwaysDefect,D,player_00cf730d-4cac-4dec-8c0c-d9710328eb45@localhost,TitForTatWithForgiveness,D,1,1,127,47
56,player_f18dedde-441e-404d-babe-76789cc7979f@localhost,AlwaysDefect,D,player_00cf730d-4cac-4dec-8c0c-d9710328eb45@localhost,TitForTatWithForgiveness,D,1,1,128,48
57,player_f18dedde-441e-404d-babe-76789cc7979f@localhost,AlwaysDefect,D,player_00cf730d-4cac-4dec-8c0c-d9710328eb45@localhost,TitForTatWithForgiveness,D,1,1,129,49
58,player_f18dedde-441e-404d-babe-76789cc7979f@localhost,AlwaysDefect,D,player_00cf730d-4cac-4dec-8c0c-d9710328eb45@localhost,TitForTatWithForgiveness,D,1,1,130,50
59,player_f18dedde-441e-404d-babe-76789cc7979f@localhost,AlwaysDefect,D,player_00cf730d-4cac-4dec-8c0c-d9710328eb45@localhost,TitForTatWithForgiveness,D,1,1,131,51
60,player_f18dedde-441e-404d-babe-76789cc7979f@localhost,AlwaysDefect,D,player_00cf730d-4cac-4dec-8c0c-d9710328eb45@localhost,TitForTatWithForgiveness,D,1,1,132,52
61,player_f18dedde-441e-404d-babe-76789cc7979f@localhost,AlwaysDefect,D,player_00cf730d-4cac-4dec-8c0c-d9710328eb45@localhost,TitForTatWithForgiveness,D,1,1,133,53
62,player_f18dedde-441e-404d-babe-76789cc7979f@localhost,AlwaysDefect,D,player_00cf730d-4cac-4dec-8c0c-d9710328eb45@localhost,TitForTatWithForgiveness,D,1,1,134,54
63,player_f18dedde-441e-404d-babe-76789cc7979f@localhost,AlwaysDefect,D,player_00cf730d-4cac-4dec-8c0c-d9710328eb45@localhost,TitForTatWithForgiveness,D,1,1,135,55
64,player_f18dedde-441e-404d-babe-76789cc7979f@localhost,AlwaysDefect,D,player_00cf730d-4cac-4dec-8c0c-d9710328eb45@localhost,TitForTatWithForgiveness,C,10,0,145,55
65,player_f18dedde-441e-404d-babe-76789cc7979f@localhost,AlwaysDefect,D,player_00cf730d-4cac-4dec-8c0c-d9710328eb45@localhost,TitForTatWithForgiveness,D,1,1,146,56
66,player_f18dedde-441e-404d-babe-76789cc7979f@localhost,AlwaysDefect,D,player_00cf730d-4cac-4dec-8c0c-d9710328eb45@localhost,TitForTatWithForgiveness,D,1,1,147,57
67,player_f18dedde-441e-404d-babe-76789cc7979f@localhost,AlwaysDefect,D,player_00cf730d-4cac-4dec-8c0c-d9710328eb45@localhost,TitForTatWithForgiveness,D,1,1,148,58
68,player_f18dedde-441e-404d-babe-76789cc7979f@localhost,AlwaysDefect,D,player_00cf730d-4cac-4dec-8c0c-d9710328eb45@localhost,TitForTatWithForgiveness,D,1,1,149,59
69,player_f18dedde-441e-404d-babe-76789cc7979f@localhost,AlwaysDefect,D,player_00cf730d-4cac-4dec-8c0c-d9710328eb45@localhost,TitForTatWithForgiveness,D,1,1,150,60
70,player_f18dedde-441e-404d-babe-76789cc7979f@localhost,AlwaysDefect,D,player_00cf730d-4cac-4dec-8c0c-d9710328eb45@localhost,TitForTatWithForgiveness,D,1,1,151,61
71,player_f18dedde-441e-404d-babe-76789cc7979f@localhost,AlwaysDefect,D,player_00cf730d-4cac-4dec-8c0c-d9710328eb45@localhost,TitForTatWithForgiveness,D,1,1,152,62
72,player_f18dedde-441e-404d-babe-76789cc7979f@localhost,AlwaysDefect,D,player_00cf730d-4cac-4dec-8c0c-d9710328eb45@localhost,TitForTatWithForgiveness,D,1,1,153,63
73,player_f18dedde-441e-404d-babe-76789cc7979f@localhost,AlwaysDefect,D,player_00cf730d-4cac-4dec-8c0c-d9710328eb45@localhost,TitForTatWithForgiveness,D,1,1,154,64
74,player_f18dedde-441e-404d-babe-76789cc7979f@localhost,AlwaysDefect,D,player_00cf730d-4cac-4dec-8c0c-d9710328eb45@localhost,TitForTatWithForgiveness,D,1,1,155,65
75,player_f18dedde-441e-404d-babe-76789cc7979f@localhost,AlwaysDefect,D,player_00cf730d-4cac-4dec-8c0c-d9710328eb45@localhost,TitForTatWithForgiveness,D,1,1,156,66
76,player_f18dedde-441e-404d-babe-76789cc7979f@localhost,AlwaysDefect,D,player_00cf730d-4cac-4dec-8c0c-d9710328eb45@localhost,TitForTatWithForgiveness,D,1,1,157,67
77,player_f18dedde-441e-404d-babe-76789cc7979f@localhost,AlwaysDefect,D,player_00cf730d-4cac-4dec-8c0c-d9710328eb45@localhost,TitForTatWithForgiveness,C,10,0,167,67
78,player_f18dedde-441e-404d-babe-76789cc7979f@localhost,AlwaysDefect,D,player_00cf730d-4cac-4dec-8c0c-d9710328eb45@localhost,TitForTatWithForgiveness,D,1,1,168,68
79,player_f18dedde-441e-404d-babe-76789cc7979f@localhost,AlwaysDefect,D,player_00cf730d-4cac-4dec-8c0c-d9710328eb45@localhost,TitForTatWithForgiveness,D,1,1,169,69
80,player_f18dedde-441e-404d-babe-76789cc7979f@localhost,AlwaysDefect,D,player_00cf730d-4cac-4dec-8c0c-d9710328eb45@localhost,TitForTatWithForgiveness,D,1,1,170,70
81,player_f18dedde-441e-404d-babe-76789cc7979f@localhost,AlwaysDefect,D,player_00cf730d-4cac-4dec-8c0c-d9710328eb45@localhost,TitForTatWithForgiveness,C,10,0,180,70
82,player_f18dedde-441e-404d-babe-76789cc7979f@localhost,AlwaysDefect,D,player_00cf730d-4cac-4dec-8c0c-d9710328eb45@localhost,TitForTatWithForgiveness,D,1,1,181,71
83,player_f18dedde-441e-404d-babe-76789cc7979f@localhost,AlwaysDefect,D,player_00cf730d-4cac-4dec-8c0c-d9710328eb45@localhost,TitForTatWithForgiveness,D,1,1,182,72
84,player_f18dedde-441e-404d-babe-76789cc7979f@localhost,AlwaysDefect,D,player_00cf730d-4cac-4dec-8c0c-d9710328eb45@localhost,TitForTatWithForgiveness,D,1,1,183,73
85,player_f18dedde-441e-404d-babe-76789cc7979f@localhost,AlwaysDefect,D,player_00cf730d-4cac-4dec-8c0c-d9710328eb45@localhost,TitForTatWithForgiveness,D,1,1,184,74
86,player_f18dedde-441e-404d-babe-76789cc7979f@localhost,AlwaysDefect,D,player_00cf730d-4cac-4dec-8c0c-d9710328eb45@localhost,TitForTatWithForgiveness,D,1,1,185,75
87,player_f18dedde-441e-404d-babe-76789cc7979f@localhost,AlwaysDefect,D,player_00cf730d-4cac-4dec-8c0c-d9710328eb45@localhost,TitForTatWithForgiveness,C,10,0,195,75
88,player_f18dedde-441e-404d-babe-76789cc7979f@localhost,AlwaysDefect,D,player_00cf730d-4cac-4dec-8c0c-d9710328eb45@localhost,TitForTatWithForgiveness,D,1,1,196,76
89,player_f18dedde-441e-404d-babe-76789cc7979f@localhost,AlwaysDefect,D,player_00cf730d-4cac-4dec-8c0c-d9710328eb45@localhost,TitForTatWithForgiveness,D,1,1,197,77
90,player_f18dedde-441e-404d-babe-76789cc7979f@localhost,AlwaysDefect,D,player_00cf730d-4cac-4dec-8c0c-d9710328eb45@localhost,TitForTatWithForgiveness,D,1,1,198,78
91,player_f18dedde-441e-404d-babe-76789cc7979f@localhost,AlwaysDefect,D,player_00cf730d-4cac-4dec-8c0c-d9710328eb45@localhost,TitForTatWithForgiveness,D,1,1,199,79
92,player_f18dedde-441e-404d-babe-76789cc7979f@localhost,AlwaysDefect,D,player_00cf730d-4cac-4dec-8c0c-d9710328eb45@localhost,TitForTatWithForgiveness,D,1,1,200,80
93,player_f18dedde-441e-404d-babe-76789cc7979f@localhost,AlwaysDefect,D,player_00cf730d-4cac-4dec-8c0c-d9710328eb45@localhost,TitForTatWithForgiveness,D,1,1,201,81
94,player_f18dedde-441e-404d-babe-76789cc7979f@localhost,AlwaysDefect,D,player_00cf730d-4cac-4dec-8c0c-d9710328eb45@localhost,TitForTatWithForgiveness,D,1,1,202,82
95,player_f18dedde-441e-404d-babe-76789cc7979f@localhost,AlwaysDefect,D,player_00cf730d-4cac-4dec-8c0c-d9710328eb45@localhost,TitForTatWithForgiveness,D,1,1,203,83
96,player_f18dedde-441e-404d-babe-76789cc7979f@localhost,AlwaysDefect,D,player_00cf730d-4cac-4dec-8c0c-d9710328eb45@localhost,TitForTatWithForgiveness,D,1,1,204,84
97,player_f18dedde-441e-404d-babe-76789cc7979f@localhost,AlwaysDefect,D,player_00cf730d-4cac-4dec-8c0c-d9710328eb45@localhost,TitForTatWithForgiveness,D,1,1,205,85
98,player_f18dedde-441e-404d-babe-76789cc7979f@localhost,AlwaysDefect,D,player_00cf730d-4cac-4dec-8c0c-d9710328eb45@localhost,TitForTatWithForgiveness,D,1,1,206,86
99,player_f18dedde-441e-404d-babe-76789cc7979f@localhost,AlwaysDefect,D,player_00cf730d-4cac-4dec-8c0c-d9710328eb45@localhost,TitForTatWithForgiveness,D,1,1,207,87
100,player_f18dedde-441e-404d-babe-76789cc7979f@localhost,AlwaysDefect,D,player_00cf730d-4cac-4dec-8c0c-d9710328eb45@localhost,TitForTatWithForgiveness,D,1,1,208,88
101,player_f18dedde-441e-404d-babe-76789cc7979f@localhost,AlwaysDefect,D,player_00cf730d-4cac-4dec-8c0c-d9710328eb45@localhost,TitForTatWithForgiveness,D,1,1,209,89
102,player_f18dedde-441e-404d-babe-76789cc7979f@localhost,AlwaysDefect,D,player_00cf730d-4cac-4dec-8c0c-d9710328eb45@localhost,TitForTatWithForgiveness,D,1,1,210,90
103,player_f18dedde-441e-404d-babe-76789cc7979f@localhost,AlwaysDefect,D,player_00cf730d-4cac-4dec-8c0c-d9710328eb45@localhost,TitForTatWithForgiveness,D,1,1,211,91
104,player_f18dedde-441e-404d-babe-76789cc7979f@localhost,AlwaysDefect,D,player_00cf730d-4cac-4dec-8c0c-d9710328eb45@localhost,TitForTatWithForgiveness,C,10,0,221,91
105,player_f18dedde-441e-404d-babe-76789cc7979f@localhost,AlwaysDefect,D,player_00cf730d-4cac-4dec-8c0c-d9710328eb45@localhost,TitForTatWithForgiveness,D,1,1,222,92
106,player_f18dedde-441e-404d-babe-76789cc7979f@localhost,AlwaysDefect,D,player_00cf730d-4cac-4dec-8c0c-d9710328eb45@localhost,TitForTatWithForgiveness,D,1,1,223,93
107,player_f18dedde-441e-404d-babe-76789cc7979f@localhost,AlwaysDefect,D,player_00cf730d-4cac-4dec-8c0c-d9710328eb45@localhost,TitForTatWithForgiveness,D,1,1,224,94
108,player_f18dedde-441e-404d-babe-76789cc7979f@localhost,AlwaysDefect,D,player_00cf730d-4cac-4dec-8c0c-d9710328eb45@localhost,TitForTatWithForgiveness,D,1,1,225,95
109,player_f18dedde-441e-404d-babe-76789cc7979f@localhost,AlwaysDefect,D,player_00cf730d-4cac-4dec-8c0c-d9710328eb45@localhost,TitForTatWithForgiveness,C,10,0,235,95
110,player_f18dedde-441e-404d-babe-76789cc7979f@localhost,AlwaysDefect,D,player_00cf730d-4cac-4dec-8c0c-d9710328eb45@localhost,TitForTatWithForgiveness,D,1,1,236,96
111,player_f18dedde-441e-404d-babe-76789cc7979f@localhost,AlwaysDefect,D,player_00cf730d-4cac-4dec-8c0c-d9710328eb45@localhost,TitForTatWithForgiveness,D,1,1,237,97
112,player_f18dedde-441e-404d-babe-76789cc7979f@localhost,AlwaysDefect,D,player_00cf730d-4cac-4dec-8c0c-d9710328eb45@localhost,TitForTatWithForgiveness,C,10,0,247,97
113,player_f18dedde-441e-404d-babe-76789cc7979f@localhost,AlwaysDefect,D,player_00cf730d-4cac-4dec-8c0c-d9710328eb45@localhost,TitForTatWithForgiveness,D,1,1,248,98
114,player_f18dedde-441e-404d-babe-76789cc7979f@localhost,AlwaysDefect,D,player_00cf730d-4cac-4dec-8c0c-d9710328eb45@localhost,TitForTatWithForgiveness,D,1,1,249,99
115,player_f18dedde-441e-404d-babe-76789cc7979f@localhost,AlwaysDefect,D,player_00cf730d-4cac-4dec-8c0c-d9710328eb45@localhost,TitForTatWithForgiveness,D,1,1,250,100
116,player_f18dedde-441e-404d-babe-76789cc7979f@localhost,AlwaysDefect,D,player_00cf730d-4cac-4dec-8c0c-d9710328eb45@localhost,TitForTatWithForgiveness,C,10,0,260,100
117,player_f18dedde-441e-404d-babe-76789cc7979f@localhost,AlwaysDefect,D,player_00cf730d-4cac-4dec-8c0c-d9710328eb45@localhost,TitForTatWithForgiveness,D,1,1,261,101
118,player_f18dedde-441e-404d-babe-76789cc7979f@localhost,AlwaysDefect,D,player_00cf730d-4cac-4dec-8c0c-d9710328eb45@localhost,TitForTatWithForgiveness,D,1,1,262,102
119,player_f18dedde-441e-404d-babe-76789cc7979f@localhost,AlwaysDefect,D,player_00cf730d-4cac-4dec-8c0c-d9710328eb45@localhost,TitForTatWithForgiveness,D,1,1,263,103
120,player_f18dedde-441e-404d-babe-76789cc7979f@localhost,AlwaysDefect,D,player_00cf730d-4cac-4dec-8c0c-d9710328eb45@localhost,TitForTatWithForgiveness,D,1,1,264,104
121,player_f18dedde-441e-404d-babe-76789cc7979f@localhost,AlwaysDefect,D,player_00cf730d-4cac-4dec-8c0c-d9710328eb45@localhost,TitForTatWithForgiveness,D,1,1,265,105
122,player_f18dedde-441e-404d-babe-76789cc7979f@localhost,AlwaysDefect,D,player_00cf730d-4cac-4dec-8c0c-d9710328eb45@localhost,TitForTatWithForgiveness,D,1,1,266,106
123,player_f18dedde-441e-404d-babe-76789cc7979f@localhost,AlwaysDefect,D,player_00cf730d-4cac-4dec-8c0c-d9710328eb45@localhost,TitForTatWithForgiveness,D,1,1,267,107
124,player_f18dedde-441e-404d-babe-76789cc7979f@localhost,AlwaysDefect,D,player_00cf730d-4cac-4dec-8c0c-d9710328eb45@localhost,TitForTatWithForgiveness,D,1,1,268,108
125,player_f18dedde-441e-404d-babe-76789cc7979f@localhost,AlwaysDefect,D,player_00cf730d-4cac-4dec-8c0c-d9710328eb45@localhost,TitForTatWithForgiveness,D,1,1,269,109
126,player_f18dedde-441e-404d-babe-76789cc7979f@localhost,AlwaysDefect,D,player_00cf730d-4cac-4dec-8c0c-d9710328eb45@localhost,TitForTatWithForgiveness,D,1,1,270,110
127,player_f18dedde-441e-404d-babe-76789cc7979f@localhost,AlwaysDefect,D,player_00cf730d-4cac-4dec-8c0c-d9710328eb45@localhost,TitForTatWithForgiveness,D,1,1,271,111
128,player_f18dedde-441e-404d-babe-76789cc7979f@localhost,AlwaysDefect,D,player_00cf730d-4cac-4dec-8c0c-d9710328eb45@localhost,TitForTatWithForgiveness,D,1,1,272,112
129,player_f18dedde-441e-404d-babe-76789cc7979f@localhost,AlwaysDefect,D,player_00cf730d-4cac-4dec-8c0c-d9710328eb45@localhost,TitForTatWithForgiveness,D,1,1,273,113
130,player_f18dedde-441e-404d-babe-76789cc7979f@localhost,AlwaysDefect,D,player_00cf730d-4cac-4dec-8c0c-d9710328eb45@localhost,TitForTatWithForgiveness,D,1,1,274,114
131,player_f18dedde-441e-404d-babe-76789cc7979f@localhost,AlwaysDefect,D,player_00cf730d-4cac-4dec-8c0c-d9710328eb45@localhost,TitForTatWithForgiveness,D,1,1,275,115
132,player_f18dedde-441e-404d-babe-76789cc7979f@localhost,AlwaysDefect,D,player_00cf730d-4cac-4dec-8c0c-d9710328eb45@localhost,TitForTatWithForgiveness,D,1,1,276,116
133,player_f18dedde-441e-404d-babe-76789cc7979f@localhost,AlwaysDefect,D,player_00cf730d-4cac-4dec-8c0c-d9710328eb45@localhost,TitForTatWithForgiveness,D,1,1,277,117
134,player_f18dedde-441e-404d-babe-76789cc7979f@localhost,AlwaysDefect,D,player_00cf730d-4cac-4dec-8c0c-d9710328eb45@localhost,TitForTatWithForgiveness,D,1,1,278,118
135,player_f18dedde-441e-404d-babe-76789cc7979f@localhost,AlwaysDefect,D,player_00cf730d-4cac-4dec-8c0c-d9710328eb45@localhost,TitForTatWithForgiveness,D,1,1,279,119
136,player_f18dedde-441e-404d-babe-76789cc7979f@localhost,AlwaysDefect,D,player_00cf730d-4cac-4dec-8c0c-d9710328eb45@localhost,TitForTatWithForgiveness,D,1,1,280,120
137,player_f18dedde-441e-404d-babe-76789cc7979f@localhost,AlwaysDefect,D,player_00cf730d-4cac-4dec-8c0c-d9710328eb45@localhost,TitForTatWithForgiveness,D,1,1,281,121
138,player_f18dedde-441e-404d-babe-76789cc7979f@localhost,AlwaysDefect,D,player_00cf730d-4cac-4dec-8c0c-d9710328eb45@localhost,TitForTatWithForgiveness,D,1,1,282,122
139,player_f18dedde-441e-404d-babe-76789cc7979f@localhost,AlwaysDefect,D,player_00cf730d-4cac-4dec-8c0c-d9710328eb45@localhost,TitForTatWithForgiveness,D,1,1,283,123
140,player_f18dedde-441e-404d-babe-76789cc7979f@localhost,AlwaysDefect,D,player_00cf730d-4cac-4dec-8c0c-d9710328eb45@localhost,TitForTatWithForgiveness,D,1,1,284,124
141,player_f18dedde-441e-404d-babe-76789cc7979f@localhost,AlwaysDefect,D,player_00cf730d-4cac-4dec-8c0c-d9710328eb45@localhost,TitForTatWithForgiveness,C,10,0,294,124
142,player_f18dedde-441e-404d-babe-76789cc7979f@localhost,AlwaysDefect,D,player_00cf730d-4cac-4dec-8c0c-d9710328eb45@localhost,TitForTatWithForgiveness,D,1,1,295,125
143,player_f18dedde-441e-404d-babe-76789cc7979f@localhost,AlwaysDefect,D,player_00cf730d-4cac-4dec-8c0c-d9710328eb45@localhost,TitForTatWithForgiveness,D,1,1,296,126
144,player_f18dedde-441e-404d-babe-76789cc7979f@localhost,AlwaysDefect,D,player_00cf730d-4cac-4dec-8c0c-d9710328eb45@localhost,TitForTatWithForgiveness,D,1,1,297,127
145,player_f18dedde-441e-404d-babe-76789cc7979f@localhost,AlwaysDefect,D,player_00cf730d-4cac-4dec-8c0c-d9710328eb45@localhost,TitForTatWithForgiveness,D,1,1,298,128
146,player_f18dedde-441e-404d-babe-76789cc7979f@localhost,AlwaysDefect,D,player_00cf730d-4cac-4dec-8c0c-d9710328eb45@localhost,TitForTatWithForgiveness,D,1,1,299,129
147,player_f18dedde-441e-404d-babe-76789cc7979f@localhost,AlwaysDefect,D,player_00cf730d-4cac-4dec-8c0c-d9710328eb45@localhost,TitForTatWithForgiveness,D,1,1,300,130
148,player_f18dedde-441e-404d-babe-76789cc7979f@localhost,AlwaysDefect,D,player_00cf730d-4cac-4dec-8c0c-d9710328eb45@localhost,TitForTatWithForgiveness,C,10,0,310,130
149,player_f18dedde-441e-404d-babe-76789cc7979f@localhost,AlwaysDefect,D,player_00cf730d-4cac-4dec-8c0c-d9710328eb45@localhost,TitForTatWithForgiveness,D,1,1,311,131
150,player_f18dedde-441e-404d-babe-76789cc7979f@localhost,AlwaysDefect,D,player_00cf730d-4cac-4dec-8c0c-d9710328eb45@localhost,TitForTatWithForgiveness,D,1,1,312,132
151,player_f18dedde-441e-404d-babe-76789cc7979f@localhost,AlwaysDefect,D,player_00cf730d-4cac-4dec-8c0c-d9710328eb45@localhost,TitForTatWithForgiveness,C,10,0,322,132
152,player_f18dedde-441e-404d-babe-76789cc7979f@localhost,AlwaysDefect,D,player_00cf730d-4cac-4dec-8c0c-d9710328eb45@localhost,TitForTatWithForgiveness,C,10,0,332,132
153,player_f18dedde-441e-404d-babe-76789cc7979f@localhost,AlwaysDefect,D,player_00cf730d-4cac-4dec-8c0c-d9710328eb45@localhost,TitForTatWithForgiveness,D,1,1,333,133
154,player_f18dedde-441e-404d-babe-76789cc7979f@localhost,AlwaysDefect,D,player_00cf730d-4cac-4dec-8c0c-d9710328eb45@localhost,TitForTatWithForgiveness,D,1,1,334,134
155,player_f18dedde-441e-404d-babe-76789cc7979f@localhost,AlwaysDefect,D,player_00cf730d-4cac-4dec-8c0c-d9710328eb45@localhost,TitForTatWithForgiveness,D,1,1,335,135
156,player_f18dedde-441e-404d-babe-76789cc7979f@localhost,AlwaysDefect,D,player_00cf730d-4cac-4dec-8c0c-d9710328eb45@localhost,TitForTatWithForgiveness,D,1,1,336,136
157,player_f18dedde-441e-404d-babe-76789cc7979f@localhost,AlwaysDefect,D,player_00cf730d-4cac-4dec-8c0c-d9710328eb45@localhost,TitForTatWithForgiveness,C,10,0,346,136
158,player_f18dedde-441e-404d-babe-76789cc7979f@localhost,AlwaysDefect,D,player_00cf730d-4cac-4dec-8c0c-d9710328eb45@localhost,TitForTatWithForgiveness,D,1,1,347,137
159,player_f18dedde-441e-404d-babe-76789cc7979f@localhost,AlwaysDefect,D,player_00cf730d-4cac-4dec-8c0c-d9710328eb45@localhost,TitForTatWithForgiveness,D,1,1,348,138
160,player_f18dedde-441e-404d-babe-76789cc7979f@localhost,AlwaysDefect,D,player_00cf730d-4cac-4dec-8c0c-d9710328eb45@localhost,TitForTatWithForgiveness,D,1,1,349,139
161,player_f18dedde-441e-404d-babe-76789cc7979f@localhost,AlwaysDefect,D,player_00cf730d-4cac-4dec-8c0c-d9710328eb45@localhost,TitForTatWithForgiveness,D,1,1,350,140
162,player_f18dedde-441e-404d-babe-76789cc7979f@localhost,AlwaysDefect,D,player_00cf730d-4cac-4dec-8c0c-d9710328eb45@localhost,TitForTatWithForgiveness,D,1,1,351,141
163,player_f18dedde-441e-404d-babe-76789cc7979f@localhost,AlwaysDefect,D,player_00cf730d-4cac-4dec-8c0c-d9710328eb45@localhost,TitForTatWithForgiveness,D,1,1,352,142
164,player_f18dedde-441e-404d-babe-76789cc7979f@localhost,AlwaysDefect,D,player_00cf730d-4cac-4dec-8c0c-d9710328eb45@localhost,TitForTatWithForgiveness,D,1,1,353,143
165,player_f18dedde-441e-404d-babe-76789cc7979f@localhost,AlwaysDefect,D,player_00cf730d-4cac-4dec-8c0c-d9710328eb45@localhost,TitForTatWithForgiveness,D,1,1,354,144
166,player_f18dedde-441e-404d-babe-76789cc7979f@localhost,AlwaysDefect,D,player_00cf730d-4cac-4dec-8c0c-d9710328eb45@localhost,TitForTatWithForgiveness,D,1,1,355,145
167,player_f18dedde-441e-404d-babe-76789cc7979f@localhost,AlwaysDefect,D,player_00cf730d-4cac-4dec-8c0c-d9710328eb45@localhost,TitForTatWithForgiveness,D,1,1,356,146
168,player_f18dedde-441e-404d-babe-76789cc7979f@localhost,AlwaysDefect,D,player_00cf730d-4cac-4dec-8c0c-d9710328eb45@localhost,TitForTatWithForgiveness,D,1,1,357,147
169,player_f18dedde-441e-404d-babe-76789cc7979f@localhost,AlwaysDefect,D,player_00cf730d-4cac-4dec-8c0c-d9710328eb45@localhost,TitForTatWithForgiveness,D,1,1,358,148
170,player_f18dedde-441e-404d-babe-76789cc7979f@localhost,AlwaysDefect,D,player_00cf730d-4cac-4dec-8c0c-d9710328eb45@localhost,TitForTatWithForgiveness,D,1,1,359,149
171,player_f18dedde-441e-404d-babe-76789cc7979f@localhost,AlwaysDefect,D,player_00cf730d-4cac-4dec-8c0c-d9710328eb45@localhost,TitForTatWithForgiveness,D,1,1,360,150
172,player_f18dedde-441e-404d-babe-76789cc7979f@localhost,AlwaysDefect,D,player_00cf730d-4cac-4dec-8c0c-d9710328eb45@localhost,TitForTatWithForgiveness,D,1,1,361,151
173,player_f18dedde-441e-404d-babe-76789cc7979f@localhost,AlwaysDefect,D,player_00cf730d-4cac-4dec-8c0c-d9710328eb45@localhost,TitForTatWithForgiveness,C,10,0,371,151
174,player_f18dedde-441e-404d-babe-76789cc7979f@localhost,AlwaysDefect,D,player_00cf730d-4cac-4dec-8c0c-d9710328eb45@localhost,TitForTatWithForgiveness,D,1,1,372,152
175,player_f18dedde-441e-404d-babe-76789cc7979f@localhost,AlwaysDefect,D,player_00cf730d-4cac-4dec-8c0c-d9710328eb45@localhost,TitForTatWithForgiveness,D,1,1,373,153
176,player_f18dedde-441e-404d-babe-76789cc7979f@localhost,AlwaysDefect,D,player_00cf730d-4cac-4dec-8c0c-d9710328eb45@localhost,TitForTatWithForgiveness,D,1,1,374,154
177,player_f18dedde-441e-404d-babe-76789cc7979f@localhost,AlwaysDefect,D,player_00cf730d-4cac-4dec-8c0c-d9710328eb45@localhost,TitForTatWithForgiveness,D,1,1,375,155
178,player_f18dedde-441e-404d-babe-76789cc7979f@localhost,AlwaysDefect,D,player_00cf730d-4cac-4dec-8c0c-d9710328eb45@localhost,TitForTatWithForgiveness,D,1,1,376,156
179,player_f18dedde-441e-404d-babe-76789cc7979f@localhost,AlwaysDefect,D,player_00cf730d-4cac-4dec-8c0c-d9710328eb45@localhost,TitForTatWithForgiveness,D,1,1,377,157
180,player_f18dedde-441e-404d-babe-76789cc7979f@localhost,AlwaysDefect,D,player_00cf730d-4cac-4dec-8c0c-d9710328eb45@localhost,TitForTatWithForgiveness,D,1,1,378,158
181,player_f18dedde-441e-404d-babe-76789cc7979f@localhost,AlwaysDefect,D,player_00cf730d-4cac-4dec-8c0c-d9710328eb45@localhost,TitForTatWithForgiveness,D,1,1,379,159
182,player_f18dedde-441e-404d-babe-76789cc7979f@localhost,AlwaysDefect,D,player_00cf730d-4cac-4dec-8c0c-d9710328eb45@localhost,TitForTatWithForgiveness,D,1,1,380,160
183,player_f18dedde-441e-404d-babe-76789cc7979f@localhost,AlwaysDefect,D,player_00cf730d-4cac-4dec-8c0c-d9710328eb45@localhost,TitForTatWithForgiveness,C,10,0,390,160
184,player_f18dedde-441e-404d-babe-76789cc7979f@localhost,AlwaysDefect,D,player_00cf730d-4cac-4dec-8c0c-d9710328eb45@localhost,TitForTatWithForgiveness,D,1,1,391,161
185,player_f18dedde-441e-404d-babe-76789cc7979f@localhost,AlwaysDefect,D,player_00cf730d-4cac-4dec-8c0c-d9710328eb45@localhost,TitForTatWithForgiveness,D,1,1,392,162
186,player_f18dedde-441e-404d-babe-76789cc7979f@localhost,AlwaysDefect,D,player_00cf730d-4cac-4dec-8c0c-d9710328eb45@localhost,TitForTatWithForgiveness,D,1,1,393,163
187,player_f18dedde-441e-404d-babe-76789cc7979f@localhost,AlwaysDefect,D,player_00cf730d-4cac-4dec-8c0c-d9710328eb45@localhost,TitForTatWithForgiveness,D,1,1,394,164
188,player_f18dedde-441e-404d-babe-76789cc7979f@localhost,AlwaysDefect,D,player_00cf730d-4cac-4dec-8c0c-d9710328eb45@localhost,TitForTatWithForgiveness,D,1,1,395,165
189,player_f18dedde-441e-404d-babe-76789cc7979f@localhost,AlwaysDefect,D,player_00cf730d-4cac-4dec-8c0c-d9710328eb45@localhost,TitForTatWithForgiveness,D,1,1,396,166
190,player_f18dedde-441e-404d-babe-76789cc7979f@localhost,AlwaysDefect,D,player_00cf730d-4cac-4dec-8c0c-d9710328eb45@localhost,TitForTatWithForgiveness,D,1,1,397,167
191,player_f18dedde-441e-404d-babe-76789cc7979f@localhost,AlwaysDefect,D,player_00cf730d-4cac-4dec-8c0c-d9710328eb45@localhost,TitForTatWithForgiveness,D,1,1,398,168
192,player_f18dedde-441e-404d-babe-76789cc7979f@localhost,AlwaysDefect,D,player_00cf730d-4cac-4dec-8c0c-d9710328eb45@localhost,TitForTatWithForgiveness,D,1,1,399,169
193,player_f18dedde-441e-404d-babe-76789cc7979f@localhost,AlwaysDefect,D,player_00cf730d-4cac-4dec-8c0c-d9710328eb45@localhost,TitForTatWithForgiveness,D,1,1,400,170
194,player_f18dedde-441e-404d-babe-76789cc7979f@localhost,AlwaysDefect,D,player_00cf730d-4cac-4dec-8c0c-d9710328eb45@localhost,TitForTatWithForgiveness,D,1,1,401,171
195,player_f18dedde-441e-404d-babe-76789cc7979f@localhost,AlwaysDefect,D,player_00cf730d-4cac-4dec-8c0c-d9710328eb45@localhost,TitForTatWithForgiveness,D,1,1,402,172
196,player_f18dedde-441e-404d-babe-76789cc7979f@localhost,AlwaysDefect,D,player_00cf730d-4cac-4dec-8c0c-d9710328eb45@localhost,TitForTatWithForgiveness,D,1,1,403,173
197,player_f18dedde-441e-404d-babe-76789cc7979f@localhost,AlwaysDefect,D,player_00cf730d-4cac-4dec-8c0c-d9710328eb45@localhost,TitForTatWithForgiveness,D,1,1,404,174
198,player_f18dedde-441e-404d-babe-76789cc7979f@localhost,AlwaysDefect,D,player_00cf730d-4cac-4dec-8c0c-d9710328eb45@localhost,TitForTatWithForgiveness,D,1,1,405,175
199,player_f18dedde-441e-404d-babe-76789cc7979f@localhost,AlwaysDefect,D,player_00cf730d-4cac-4dec-8c0c-d9710328eb45@localhost,TitForTatWithForgiveness,D,1,1,406,176
200,player_f18dedde-441e-404d-babe-76789cc7979f@localhost,AlwaysDefect,D,player_00cf730d-4cac-4dec-8c0c-d9710328eb45@localhost,TitForTatWithForgiveness,D,1,1,407,177
201,player_f18dedde-441e-404d-babe-76789cc7979f@localhost,AlwaysDefect,D,player_00cf730d-4cac-4dec-8c0c-d9710328eb45@localhost,TitForTatWithForgiveness,D,1,1,408,178
202,player_f18dedde-441e-404d-babe-76789cc7979f@localhost,AlwaysDefect,D,player_00cf730d-4cac-4dec-8c0c-d9710328eb45@localhost,TitForTatWithForgiveness,D,1,1,409,179
203,player_f18dedde-441e-404d-babe-76789cc7979f@localhost,AlwaysDefect,D,player_00cf730d-4cac-4dec-8c0c-d9710328eb45@localhost,TitForTatWithForgiveness,D,1,1,410,180
204,player_f18dedde-441e-404d-babe-76789cc7979f@localhost,AlwaysDefect,D,player_00cf730d-4cac-4dec-8c0c-d9710328eb45@localhost,TitForTatWithForgiveness,D,1,1,411,181
205,player_f18dedde-441e-404d-babe-76789cc7979f@localhost,AlwaysDefect,D,player_00cf730d-4cac-4dec-8c0c-d9710328eb45@localhost,TitForTatWithForgiveness,D,1,1,412,182
206,player_f18dedde-441e-404d-babe-76789cc7979f@localhost,AlwaysDefect,D,player_00cf730d-4cac-4dec-8c0c-d9710328eb45@localhost,TitForTatWithForgiveness,D,1,1,413,183
207,player_f18dedde-441e-404d-babe-76789cc7979f@localhost,AlwaysDefect,D,player_00cf730d-4cac-4dec-8c0c-d9710328eb45@localhost,TitForTatWithForgiveness,D,1,1,414,184
208,player_f18dedde-441e-404d-babe-76789cc7979f@localhost,AlwaysDefect,D,player_00cf730d-4cac-4dec-8c0c-d9710328eb45@localhost,TitForTatWithForgiveness,D,1,1,415,185
209,player_f18dedde-441e-404d-babe-76789cc7979f@localhost,AlwaysDefect,D,player_00cf730d-4cac-4dec-8c0c-d9710328eb45@localhost,TitForTatWithForgiveness,D,1,1,416,186
210,player_f18dedde-441e-404d-babe-76789cc7979f@localhost,AlwaysDefect,D,player_00cf730d-4cac-4dec-8c0c-d9710328eb45@localhost,TitForTatWithForgiveness,D,1,1,417,187
211,player_f18dedde-441e-404d-babe-76789cc7979f@localhost,AlwaysDefect,D,player_00cf730d-4cac-4dec-8c0c-d9710328eb45@localhost,TitForTatWithForgiveness,D,1,1,418,188
212,player_f18dedde-441e-404d-babe-76789cc7979f@localhost,AlwaysDefect,D,player_00cf730d-4cac-4dec-8c0c-d9710328eb45@localhost,TitForTatWithForgiveness,D,1,1,419,189
213,player_f18dedde-441e-404d-babe-76789cc7979f@localhost,AlwaysDefect,D,player_00cf730d-4cac-4dec-8c0c-d9710328eb45@localhost,TitForTatWithForgiveness,D,1,1,420,190
214,player_f18dedde-441e-404d-babe-76789cc7979f@localhost,AlwaysDefect,D,player_00cf730d-4cac-4dec-8c0c-d9710328eb45@localhost,TitForTatWithForgiveness,D,1,1,421,191
215,player_f18dedde-441e-404d-babe-76789cc7979f@localhost,AlwaysDefect,D,player_00cf730d-4cac-4dec-8c0c-d9710328eb45@localhost,TitForTatWithForgiveness,D,1,1,422,192
216,player_f18dedde-441e-404d-babe-76789cc7979f@localhost,AlwaysDefect,D,player_00cf730d-4cac-4dec-8c0c-d9710328eb45@localhost,TitForTatWithForgiveness,D,1,1,423,193
217,player_f18dedde-441e-404d-babe-76789cc7979f@localhost,AlwaysDefect,D,player_00cf730d-4cac-4dec-8c0c-d9710328eb45@localhost,TitForTatWithForgiveness,D,1,1,424,194
218,player_f18dedde-441e-404d-babe-76789cc7979f@localhost,AlwaysDefect,D,player_00cf730d-4cac-4dec-8c0c-d9710328eb45@localhost,TitForTatWithForgiveness,D,1,1,425,195
219,player_f18dedde-441e-404d-babe-76789cc7979f@localhost,AlwaysDefect,D,player_00cf730d-4cac-4dec-8c0c-d9710328eb45@localhost,TitForTatWithForgiveness,D,1,1,426,196
220,player_f18dedde-441e-404d-babe-76789cc7979f@localhost,AlwaysDefect,D,player_00cf730d-4cac-4dec-8c0c-d9710328eb45@localhost,TitForTatWithForgiveness,D,1,1,427,197
221,player_f18dedde-441e-404d-babe-76789cc7979f@localhost,AlwaysDefect,D,player_00cf730d-4cac-4dec-8c0c-d9710328eb45@localhost,TitForTatWithForgiveness,D,1,1,428,198
222,player_f18dedde-441e-404d-babe-76789cc7979f@localhost,AlwaysDefect,D,player_00cf730d-4cac-4dec-8c0c-d9710328eb45@localhost,TitForTatWithForgiveness,D,1,1,429,199
223,player_f18dedde-441e-404d-babe-76789cc7979f@localhost,AlwaysDefect,D,player_00cf730d-4cac-4dec-8c0c-d9710328eb45@localhost,TitForTatWithForgiveness,D,1,1,430,200
224,player_f18dedde-441e-404d-babe-76789cc7979f@localhost,AlwaysDefect,D,player_00cf730d-4cac-4dec-8c0c-d9710328eb45@localhost,TitForTatWithForgiveness,D,1,1,431,201
225,player_f18dedde-441e-404d-babe-76789cc7979f@localhost,AlwaysDefect,D,player_00cf730d-4cac-4dec-8c0c-d9710328eb45@localhost,TitForTatWithForgiveness,D,1,1,432,202
226,player_f18dedde-441e-404d-babe-76789cc7979f@localhost,AlwaysDefect,D,player_00cf730d-4cac-4dec-8c0c-d9710328eb45@localhost,TitForTatWithForgiveness,D,1,1,433,203
227,player_f18dedde-441e-404d-babe-76789cc7979f@localhost,AlwaysDefect,D,player_00cf730d-4cac-4dec-8c0c-d9710328eb45@localhost,TitForTatWithForgiveness,C,10,0,443,203
228,player_f18dedde-441e-404d-babe-76789cc7979f@localhost,AlwaysDefect,D,player_00cf730d-4cac-4dec-8c0c-d9710328eb45@localhost,TitForTatWithForgiveness,D,1,1,444,204
229,player_f18dedde-441e-404d-babe-76789cc7979f@localhost,AlwaysDefect,D,player_00cf730d-4cac-4dec-8c0c-d9710328eb45@localhost,TitForTatWithForgiveness,C,10,0,454,204
230,player_f18dedde-441e-404d-babe-76789cc7979f@localhost,AlwaysDefect,D,player_00cf730d-4cac-4dec-8c0c-d9710328eb45@localhost,TitForTatWithForgiveness,C,10,0,464,204
231,player_f18dedde-441e-404d-babe-76789cc7979f@localhost,AlwaysDefect,D,player_00cf730d-4cac-4dec-8c0c-d9710328eb45@localhost,TitForTatWithForgiveness,C,10,0,474,204
232,player_f18dedde-441e-404d-babe-76789cc7979f@localhost,AlwaysDefect,D,player_00cf730d-4cac-4dec-8c0c-d9710328eb45@localhost,TitForTatWithForgiveness,D,1,1,475,205
233,player_f18dedde-441e-404d-babe-76789cc7979f@localhost,AlwaysDefect,D,player_00cf730d-4cac-4dec-8c0c-d9710328eb45@localhost,TitForTatWithForgiveness,C,10,0,485,205
234,player_f18dedde-441e-404d-babe-76789cc7979f@localhost,AlwaysDefect,D,player_00cf730d-4cac-4dec-8c0c-d9710328eb45@localhost,TitForTatWithForgiveness,D,1,1,486,206
235,player_f18dedde-441e-404d-babe-76789cc7979f@localhost,AlwaysDefect,D,player_00cf730d-4cac-4dec-8c0c-d9710328eb45@localhost,TitForTatWithForgiveness,C,10,0,496,206
236,player_f18dedde-441e-404d-babe-76789cc7979f@localhost,AlwaysDefect,D,player_00cf730d-4cac-4dec-8c0c-d9710328eb45@localhost,TitForTatWithForgiveness,D,1,1,497,207
237,player_f18dedde-441e-404d-babe-76789cc7979f@localhost,AlwaysDefect,D,player_00cf730d-4cac-4dec-8c0c-d9710328eb45@localhost,TitForTatWithForgiveness,D,1,1,498,208
238,player_f18dedde-441e-404d-babe-76789cc7979f@localhost,AlwaysDefect,D,player_00cf730d-4cac-4dec-8c0c-d9710328eb45@localhost,TitForTatWithForgiveness,D,1,1,499,209
239,player_f18dedde-441e-404d-babe-76789cc7979f@localhost,AlwaysDefect,D,player_00cf730d-4cac-4dec-8c0c-d9710328eb45@localhost,TitForTatWithForgiveness,D,1,1,500,210
240,player_f18dedde-441e-404d-babe-76789cc7979f@localhost,AlwaysDefect,D,player_00cf730d-4cac-4dec-8c0c-d9710328eb45@localhost,TitForTatWithForgiveness,D,1,1,501,211
241,player_f18dedde-441e-404d-babe-76789cc7979f@localhost,AlwaysDefect,D,player_00cf730d-4cac-4dec-8c0c-d9710328eb45@localhost,TitForTatWithForgiveness,D,1,1,502,212
242,player_f18dedde-441e-404d-babe-76789cc7979f@localhost,AlwaysDefect,D,player_00cf730d-4cac-4dec-8c0c-d9710328eb45@localhost,TitForTatWithForgiveness,D,1,1,503,213
243,player_f18dedde-441e-404d-babe-76789cc7979f@localhost,AlwaysDefect,D,player_00cf730d-4cac-4dec-8c0c-d9710328eb45@localhost,TitForTatWithForgiveness,D,1,1,504,214
244,player_f18dedde-441e-404d-babe-76789cc7979f@localhost,AlwaysDefect,D,player_00cf730d-4cac-4dec-8c0c-d9710328eb45@localhost,TitForTatWithForgiveness,D,1,1,505,215
245,player_f18dedde-441e-404d-babe-76789cc7979f@localhost,AlwaysDefect,D,player_00cf730d-4cac-4dec-8c0c-d9710328eb45@localhost,TitForTatWithForgiveness,D,1,1,506,216
246,player_f18dedde-441e-404d-babe-76789cc7979f@localhost,AlwaysDefect,D,player_00cf730d-4cac-4dec-8c0c-d9710328eb45@localhost,TitForTatWithForgiveness,D,1,1,507,217
247,player_f18dedde-441e-404d-babe-76789cc7979f@localhost,AlwaysDefect,D,player_00cf730d-4cac-4dec-8c0c-d9710328eb45@localhost,TitForTatWithForgiveness,C,10,0,517,217
248,player_f18dedde-441e-404d-babe-76789cc7979f@localhost,AlwaysDefect,D,player_00cf730d-4cac-4dec-8c0c-d9710328eb45@localhost,TitForTatWithForgiveness,D,1,1,518,218
249,player_f18dedde-441e-404d-babe-76789cc7979f@localhost,AlwaysDefect,D,player_00cf730d-4cac-4dec-8c0c-d9710328eb45@localhost,TitForTatWithForgiveness,C,10,0,528,218
250,player_f18dedde-441e-404d-babe-76789cc7979f@localhost,AlwaysDefect,D,player_00cf730d-4cac-4dec-8c0c-d9710328eb45@localhost,TitForTatWithForgiveness,D,1,1,529,219
251,player_f18dedde-441e-404d-babe-76789cc7979f@localhost,AlwaysDefect,D,player_00cf730d-4cac-4dec-8c0c-d9710328eb45@localhost,TitForTatWithForgiveness,D,1,1,530,220
252,player_f18dedde-441e-404d-babe-76789cc7979f@localhost,AlwaysDefect,D,player_00cf730d-4cac-4dec-8c0c-d9710328eb45@localhost,TitForTatWithForgiveness,D,1,1,531,221
253,player_f18dedde-441e-404d-babe-76789cc7979f@localhost,AlwaysDefect,D,player_00cf730d-4cac-4dec-8c0c-d9710328eb45@localhost,TitForTatWithForgiveness,D,1,1,532,222
254,player_f18dedde-441e-404d-babe-76789cc7979f@localhost,AlwaysDefect,D,player_00cf730d-4cac-4dec-8c0c-d9710328eb45@localhost,TitForTatWithForgiveness,D,1,1,533,223
255,player_f18dedde-441e-404d-babe-76789cc7979f@localhost,AlwaysDefect,D,player_00cf730d-4cac-4dec-8c0c-d9710328eb45@localhost,TitForTatWithForgiveness,D,1,1,534,224
256,player_f18dedde-441e-404d-babe-76789cc7979f@localhost,AlwaysDefect,D,player_00cf730d-4cac-4dec-8c0c-d9710328eb45@localhost,TitForTatWithForgiveness,D,1,1,535,225
257,player_f18dedde-441e-404d-babe-76789cc7979f@localhost,AlwaysDefect,D,player_00cf730d-4cac-4dec-8c0c-d9710328eb45@localhost,TitForTatWithForgiveness,C,10,0,545,225
258,player_f18dedde-441e-404d-babe-76789cc7979f@localhost,AlwaysDefect,D,player_00cf730d-4cac-4dec-8c0c-d9710328eb45@localhost,TitForTatWithForgiveness,D,1,1,546,226
259,player_f18dedde-441e-404d-babe-76789cc7979f@localhost,AlwaysDefect,D,player_00cf730d-4cac-4dec-8c0c-d9710328eb45@localhost,TitForTatWithForgiveness,D,1,1,547,227
260,player_f18dedde-441e-404d-babe-76789cc7979f@localhost,AlwaysDefect,D,player_00cf730d-4cac-4dec-8c0c-d9710328eb45@localhost,TitForTatWithForgiveness,C,10,0,557,227
261,player_f18dedde-441e-404d-babe-76789cc7979f@localhost,AlwaysDefect,D,player_00cf730d-4cac-4dec-8c0c-d9710328eb45@localhost,TitForTatWithForgiveness,D,1,1,558,228
262,player_f18dedde-441e-404d-babe-76789cc7979f@localhost,AlwaysDefect,D,player_00cf730d-4cac-4dec-8c0c-d9710328eb45@localhost,TitForTatWithForgiveness,D,1,1,559,229
263,player_f18dedde-441e-404d-babe-76789cc7979f@localhost,AlwaysDefect,D,player_00cf730d-4cac-4dec-8c0c-d9710328eb45@localhost,TitForTatWithForgiveness,D,1,1,560,230
264,player_f18dedde-441e-404d-babe-76789cc7979f@localhost,AlwaysDefect,D,player_00cf730d-4cac-4dec-8c0c-d9710328eb45@localhost,TitForTatWithForgiveness,D,1,1,561,231
265,player_f18dedde-441e-404d-babe-76789cc7979f@localhost,AlwaysDefect,D,player_00cf730d-4cac-4dec-8c0c-d9710328eb45@localhost,TitForTatWithForgiveness,D,1,1,562,232
266,player_f18dedde-441e-404d-babe-76789cc7979f@localhost,AlwaysDefect,D,player_00cf730d-4cac-4dec-8c0c-d9710328eb45@localhost,TitForTatWithForgiveness,D,1,1,563,233
267,player_f18dedde-441e-404d-babe-76789cc7979f@localhost,AlwaysDefect,D,player_00cf730d-4cac-4dec-8c0c-d9710328eb45@localhost,TitForTatWithForgiveness,D,1,1,564,234
268,player_f18dedde-441e-404d-babe-76789cc7979f@localhost,AlwaysDefect,D,player_00cf730d-4cac-4dec-8c0c-d9710328eb45@localhost,TitForTatWithForgiveness,D,1,1,565,235
269,player_f18dedde-441e-404d-babe-76789cc7979f@localhost,AlwaysDefect,D,player_00cf730d-4cac-4dec-8c0c-d9710328eb45@localhost,TitForTatWithForgiveness,D,1,1,566,236
270,player_f18dedde-441e-404d-babe-76789cc7979f@localhost,AlwaysDefect,D,player_00cf730d-4cac-4dec-8c0c-d9710328eb45@localhost,TitForTatWithForgiveness,D,1,1,567,237
271,player_f18dedde-441e-404d-babe-76789cc7979f@localhost,AlwaysDefect,D,player_00cf730d-4cac-4dec-8c0c-d9710328eb45@localhost,TitForTatWithForgiveness,D,1,1,568,238
272,player_f18dedde-441e-404d-babe-76789cc7979f@localhost,AlwaysDefect,D,player_00cf730d-4cac-4dec-8c0c-d9710328eb45@localhost,TitForTatWithForgiveness,D,1,1,569,239
273,player_f18dedde-441e-404d-babe-76789cc7979f@localhost,AlwaysDefect,D,player_00cf730d-4cac-4dec-8c0c-d9710328eb45@localhost,TitForTatWithForgiveness,C,10,0,579,239
274,player_f18dedde-441e-404d-babe-76789cc7979f@localhost,AlwaysDefect,D,player_00cf730d-4cac-4dec-8c0c-d9710328eb45@localhost,TitForTatWithForgiveness,D,1,1,580,240
275,player_f18dedde-441e-404d-babe-76789cc7979f@localhost,AlwaysDefect,D,player_00cf730d-4cac-4dec-8c0c-d9710328eb45@localhost,TitForTatWithForgiveness,D,1,1,581,241
276,player_f18dedde-441e-404d-babe-76789cc7979f@localhost,AlwaysDefect,D,player_00cf730d-4cac-4dec-8c0c-d9710328eb45@localhost,TitForTatWithForgiveness,D,1,1,582,242
277,player_f18dedde-441e-404d-babe-76789cc7979f@localhost,AlwaysDefect,D,player_00cf730d-4cac-4dec-8c0c-d9710328eb45@localhost,TitForTatWithForgiveness,D,1,1,583,243
278,player_f18dedde-441e-404d-babe-76789cc7979f@localhost,AlwaysDefect,D,player_00cf730d-4cac-4dec-8c0c-d9710328eb45@localhost,TitForTatWithForgiveness,D,1,1,584,244
279,player_f18dedde-441e-404d-babe-76789cc7979f@localhost,AlwaysDefect,D,player_00cf730d-4cac-4dec-8c0c-d9710328eb45@localhost,TitForTatWithForgiveness,D,1,1,585,245
280,player_f18dedde-441e-404d-babe-76789cc7979f@localhost,AlwaysDefect,D,player_00cf730d-4cac-4dec-8c0c-d9710328eb45@localhost,TitForTatWithForgiveness,D,1,1,586,246
281,player_f18dedde-441e-404d-babe-76789cc7979f@localhost,AlwaysDefect,D,player_00cf730d-4cac-4dec-8c0c-d9710328eb45@localhost,TitForTatWithForgiveness,D,1,1,587,247
282,player_f18dedde-441e-404d-babe-76789cc7979f@localhost,AlwaysDefect,D,player_00cf730d-4cac-4dec-8c0c-d9710328eb45@localhost,TitForTatWithForgiveness,D,1,1,588,248
283,player_f18dedde-441e-404d-babe-76789cc7979f@localhost,AlwaysDefect,D,player_00cf730d-4cac-4dec-8c0c-d9710328eb45@localhost,TitForTatWithForgiveness,D,1,1,589,249
284,player_f18dedde-441e-404d-babe-76789cc7979f@localhost,AlwaysDefect,D,player_00cf730d-4cac-4dec-8c0c-d9710328eb45@localhost,TitForTatWithForgiveness,D,1,1,590,250
285,player_f18dedde-441e-404d-babe-76789cc7979f@localhost,AlwaysDefect,D,player_00cf730d-4cac-4dec-8c0c-d9710328eb45@localhost,TitForTatWithForgiveness,D,1,1,591,251
286,player_f18dedde-441e-404d-babe-76789cc7979f@localhost,AlwaysDefect,D,player_00cf730d-4cac-4dec-8c0c-d9710328eb45@localhost,TitForTatWithForgiveness,D,1,1,592,252
287,player_f18dedde-441e-404d-babe-76789cc7979f@localhost,AlwaysDefect,D,player_00cf730d-4cac-4dec-8c0c-d9710328eb45@localhost,TitForTatWithForgiveness,D,1,1,593,253
288,player_f18dedde-441e-404d-babe-76789cc7979f@localhost,AlwaysDefect,D,player_00cf730d-4cac-4dec-8c0c-d9710328eb45@localhost,TitForTatWithForgiveness,D,1,1,594,254
289,player_f18dedde-441e-404d-babe-76789cc7979f@localhost,AlwaysDefect,D,player_00cf730d-4cac-4dec-8c0c-d9710328eb45@localhost,TitForTatWithForgiveness,D,1,1,595,255
290,player_f18dedde-441e-404d-babe-76789cc7979f@localhost,AlwaysDefect,D,player_00cf730d-4cac-4dec-8c0c-d9710328eb45@localhost,TitForTatWithForgiveness,C,10,0,605,255
291,player_f18dedde-441e-404d-babe-76789cc7979f@localhost,AlwaysDefect,D,player_00cf730d-4cac-4dec-8c0c-d9710328eb45@localhost,TitForTatWithForgiveness,C,10,0,615,255
292,player_f18dedde-441e-404d-babe-76789cc7979f@localhost,AlwaysDefect,D,player_00cf730d-4cac-4dec-8c0c-d9710328eb45@localhost,TitForTatWithForgiveness,D,1,1,616,256
293,player_f18dedde-441e-404d-babe-76789cc7979f@localhost,AlwaysDefect,D,player_00cf730d-4cac-4dec-8c0c-d9710328eb45@localhost,TitForTatWithForgiveness,C,10,0,626,256
294,player_f18dedde-441e-404d-babe-76789cc7979f@localhost,AlwaysDefect,D,player_00cf730d-4cac-4dec-8c0c-d9710328eb45@localhost,TitForTatWithForgiveness,D,1,1,627,257
295,player_f18dedde-441e-404d-babe-76789cc7979f@localhost,AlwaysDefect,D,player_00cf730d-4cac-4dec-8c0c-d9710328eb45@localhost,TitForTatWithForgiveness,D,1,1,628,258
296,player_f18dedde-441e-404d-babe-76789cc7979f@localhost,AlwaysDefect,D,player_00cf730d-4cac-4dec-8c0c-d9710328eb45@localhost,TitForTatWithForgiveness,D,1,1,629,259
297,player_f18dedde-441e-404d-babe-76789cc7979f@localhost,AlwaysDefect,D,player_00cf730d-4cac-4dec-8c0c-d9710328eb45@localhost,TitForTatWithForgiveness,D,1,1,630,260
298,player_f18dedde-441e-404d-babe-76789cc7979f@localhost,AlwaysDefect,D,player_00cf730d-4cac-4dec-8c0c-d9710328eb45@localhost,TitForTatWithForgiveness,D,1,1,631,261
299,player_f18dedde-441e-404d-babe-76789cc7979f@localhost,AlwaysDefect,D,player_00cf730d-4cac-4dec-8c0c-d9710328eb45@localhost,TitForTatWithForgiveness,D,1,1,632,262
300,player_f18dedde-441e-404d-babe-76789cc7979f@localhost,AlwaysDefect,D,player_00cf730d-4cac-4dec-8c0c-d9710328eb45@localhost,TitForTatWithForgiveness,D,1,1,633,263
301,player_f18dedde-441e-404d-babe-76789cc7979f@localhost,AlwaysDefect,D,player_00cf730d-4cac-4dec-8c0c-d9710328eb45@localhost,TitForTatWithForgiveness,D,1,1,634,264
302,player_f18dedde-441e-404d-babe-76789cc7979f@localhost,AlwaysDefect,D,player_00cf730d-4cac-4dec-8c0c-d9710328eb45@localhost,TitForTatWithForgiveness,D,1,1,635,265
303,player_f18dedde-441e-404d-babe-76789cc7979f@localhost,AlwaysDefect,D,player_00cf730d-4cac-4dec-8c0c-d9710328eb45@localhost,TitForTatWithForgiveness,D,1,1,636,266
304,player_f18dedde-441e-404d-babe-76789cc7979f@localhost,AlwaysDefect,D,player_00cf730d-4cac-4dec-8c0c-d9710328eb45@localhost,TitForTatWithForgiveness,D,1,1,637,267
305,player_f18dedde-441e-404d-babe-76789cc7979f@localhost,AlwaysDefect,D,player_00cf730d-4cac-4dec-8c0c-d9710328eb45@localhost,TitForTatWithForgiveness,D,1,1,638,268
306,player_f18dedde-441e-404d-babe-76789cc7979f@localhost,AlwaysDefect,D,player_00cf730d-4cac-4dec-8c0c-d9710328eb45@localhost,TitForTatWithForgiveness,D,1,1,639,269
307,player_f18dedde-441e-404d-babe-76789cc7979f@localhost,AlwaysDefect,D,player_00cf730d-4cac-4dec-8c0c-d9710328eb45@localhost,TitForTatWithForgiveness,C,10,0,649,269
308,player_f18dedde-441e-404d-babe-76789cc7979f@localhost,AlwaysDefect,D,player_00cf730d-4cac-4dec-8c0c-d9710328eb45@localhost,TitForTatWithForgiveness,C,10,0,659,269
309,player_f18dedde-441e-404d-babe-76789cc7979f@localhost,AlwaysDefect,D,player_00cf730d-4cac-4dec-8c0c-d9710328eb45@localhost,TitForTatWithForgiveness,D,1,1,660,270
310,player_f18dedde-441e-404d-babe-76789cc7979f@localhost,AlwaysDefect,D,player_00cf730d-4cac-4dec-8c0c-d9710328eb45@localhost,TitForTatWithForgiveness,D,1,1,661,271
311,player_f18dedde-441e-404d-babe-76789cc7979f@localhost,AlwaysDefect,D,player_00cf730d-4cac-4dec-8c0c-d9710328eb45@localhost,TitForTatWithForgiveness,D,1,1,662,272
312,player_f18dedde-441e-404d-babe-76789cc7979f@localhost,AlwaysDefect,D,player_00cf730d-4cac-4dec-8c0c-d9710328eb45@localhost,TitForTatWithForgiveness,D,1,1,663,273
313,player_f18dedde-441e-404d-babe-76789cc7979f@localhost,AlwaysDefect,D,player_00cf730d-4cac-4dec-8c0c-d9710328eb45@localhost,TitForTatWithForgiveness,D,1,1,664,274
314,player_f18dedde-441e-404d-babe-76789cc7979f@localhost,AlwaysDefect,D,player_00cf730d-4cac-4dec-8c0c-d9710328eb45@localhost,TitForTatWithForgiveness,D,1,1,665,275
315,player_f18dedde-441e-404d-babe-76789cc7979f@localhost,AlwaysDefect,D,player_00cf730d-4cac-4dec-8c0c-d9710328eb45@localhost,TitForTatWithForgiveness,D,1,1,666,276
316,player_f18dedde-441e-404d-babe-76789cc7979f@localhost,AlwaysDefect,D,player_00cf730d-4cac-4dec-8c0c-d9710328eb45@localhost,TitForTatWithForgiveness,D,1,1,667,277
317,player_f18dedde-441e-404d-babe-76789cc7979f@localhost,AlwaysDefect,D,player_00cf730d-4cac-4dec-8c0c-d9710328eb45@localhost,TitForTatWithForgiveness,D,1,1,668,278
318,player_f18dedde-441e-404d-babe-76789cc7979f@localhost,AlwaysDefect,D,player_00cf730d-4cac-4dec-8c0c-d9710328eb45@localhost,TitForTatWithForgiveness,D,1,1,669,279
319,player_f18dedde-441e-404d-babe-76789cc7979f@localhost,AlwaysDefect,D,player_00cf730d-4cac-4dec-8c0c-d9710328eb45@localhost,TitForTatWithForgiveness,D,1,1,670,280
320,player_f18dedde-441e-404d-babe-76789cc7979f@localhost,AlwaysDefect,D,player_00cf730d-4cac-4dec-8c0c-d9710328eb45@localhost,TitForTatWithForgiveness,D,1,1,671,281
321,player_f18dedde-441e-404d-babe-76789cc7979f@localhost,AlwaysDefect,D,player_00cf730d-4cac-4dec-8c0c-d9710328eb45@localhost,TitForTatWithForgiveness,D,1,1,672,282
322,player_f18dedde-441e-404d-babe-76789cc7979f@localhost,AlwaysDefect,D,player_00cf730d-4cac-4dec-8c0c-d9710328eb45@localhost,TitForTatWithForgiveness,D,1,1,673,283
323,player_f18dedde-441e-404d-babe-76789cc7979f@localhost,AlwaysDefect,D,player_00cf730d-4cac-4dec-8c0c-d9710328eb45@localhost,TitForTatWithForgiveness,D,1,1,674,284
324,player_f18dedde-441e-404d-babe-76789cc7979f@localhost,AlwaysDefect,D,player_00cf730d-4cac-4dec-8c0c-d9710328eb45@localhost,TitForTatWithForgiveness,D,1,1,675,285
325,player_f18dedde-441e-404d-babe-76789cc7979f@localhost,AlwaysDefect,D,player_00cf730d-4cac-4dec-8c0c-d9710328eb45@localhost,TitForTatWithForgiveness,D,1,1,676,286
326,player_f18dedde-441e-404d-babe-76789cc7979f@localhost,AlwaysDefect,D,player_00cf730d-4cac-4dec-8c0c-d9710328eb45@localhost,TitForTatWithForgiveness,D,1,1,677,287
327,player_f18dedde-441e-404d-babe-76789cc7979f@localhost,AlwaysDefect,D,player_00cf730d-4cac-4dec-8c0c-d9710328eb45@localhost,TitForTatWithForgiveness,D,1,1,678,288
328,player_f18dedde-441e-404d-babe-76789cc7979f@localhost,AlwaysDefect,D,player_00cf730d-4cac-4dec-8c0c-d9710328eb45@localhost,TitForTatWithForgiveness,D,1,1,679,289
329,player_f18dedde-441e-404d-babe-76789cc7979f@localhost,AlwaysDefect,D,player_00cf730d-4cac-4dec-8c0c-d9710328eb45@localhost,TitForTatWithForgiveness,D,1,1,680,290
330,player_f18dedde-441e-404d-babe-76789cc7979f@localhost,AlwaysDefect,D,player_00cf730d-4cac-4dec-8c0c-d9710328eb45@localhost,TitForTatWithForgiveness,D,1,1,681,291
331,player_f18dedde-441e-404d-babe-76789cc7979f@localhost,AlwaysDefect,D,player_00cf730d-4cac-4dec-8c0c-d9710328eb45@localhost,TitForTatWithForgiveness,D,1,1,682,292
332,player_f18dedde-441e-404d-babe-76789cc7979f@localhost,AlwaysDefect,D,player_00cf730d-4cac-4dec-8c0c-d9710328eb45@localhost,TitForTatWithForgiveness,D,1,1,683,293
333,player_f18dedde-441e-404d-babe-76789cc7979f@localhost,AlwaysDefect,D,player_00cf730d-4cac-4dec-8c0c-d9710328eb45@localhost,TitForTatWithForgiveness,D,1,1,684,294
334,player_f18dedde-441e-404d-babe-76789cc7979f@localhost,AlwaysDefect,D,player_00cf730d-4cac-4dec-8c0c-d9710328eb45@localhost,TitForTatWithForgiveness,D,1,1,685,295
335,player_f18dedde-441e-404d-babe-76789cc7979f@localhost,AlwaysDefect,D,player_00cf730d-4cac-4dec-8c0c-d9710328eb45@localhost,TitForTatWithForgiveness,D,1,1,686,296
336,player_f18dedde-441e-404d-babe-76789cc7979f@localhost,AlwaysDefect,D,player_00cf730d-4cac-4dec-8c0c-d9710328eb45@localhost,TitForTatWithForgiveness,D,1,1,687,297
337,player_f18dedde-441e-404d-babe-76789cc7979f@localhost,AlwaysDefect,D,player_00cf730d-4cac-4dec-8c0c-d9710328eb45@localhost,TitForTatWithForgiveness,C,10,0,697,297
338,player_f18dedde-441e-404d-babe-76789cc7979f@localhost,AlwaysDefect,D,player_00cf730d-4cac-4dec-8c0c-d9710328eb45@localhost,TitForTatWithForgiveness,D,1,1,698,298
339,player_f18dedde-441e-404d-babe-76789cc7979f@localhost,AlwaysDefect,D,player_00cf730d-4cac-4dec-8c0c-d9710328eb45@localhost,TitForTatWithForgiveness,D,1,1,699,299
340,player_f18dedde-441e-404d-babe-76789cc7979f@localhost,AlwaysDefect,D,player_00cf730d-4cac-4dec-8c0c-d9710328eb45@localhost,TitForTatWithForgiveness,D,1,1,700,300
341,player_f18dedde-441e-404d-babe-76789cc7979f@localhost,AlwaysDefect,D,player_00cf730d-4cac-4dec-8c0c-d9710328eb45@localhost,TitForTatWithForgiveness,D,1,1,701,301
342,player_f18dedde-441e-404d-babe-76789cc7979f@localhost,AlwaysDefect,D,player_00cf730d-4cac-4dec-8c0c-d9710328eb45@localhost,TitForTatWithForgiveness,C,10,0,711,301
343,player_f18dedde-441e-404d-babe-76789cc7979f@localhost,AlwaysDefect,D,player_00cf730d-4cac-4dec-8c0c-d9710328eb45@localhost,TitForTatWithForgiveness,D,1,1,712,302
344,player_f18dedde-441e-404d-babe-76789cc7979f@localhost,AlwaysDefect,D,player_00cf730d-4cac-4dec-8c0c-d9710328eb45@localhost,TitForTatWithForgiveness,C,10,0,722,302
345,player_f18dedde-441e-404d-babe-76789cc7979f@localhost,AlwaysDefect,D,player_00cf730d-4cac-4dec-8c0c-d9710328eb45@localhost,TitForTatWithForgiveness,D,1,1,723,303
346,player_f18dedde-441e-404d-babe-76789cc7979f@localhost,AlwaysDefect,D,player_00cf730d-4cac-4dec-8c0c-d9710328eb45@localhost,TitForTatWithForgiveness,C,10,0,733,303
347,player_f18dedde-441e-404d-babe-76789cc7979f@localhost,AlwaysDefect,D,player_00cf730d-4cac-4dec-8c0c-d9710328eb45@localhost,TitForTatWithForgiveness,D,1,1,734,304
348,player_f18dedde-441e-404d-babe-76789cc7979f@localhost,AlwaysDefect,D,player_00cf730d-4cac-4dec-8c0c-d9710328eb45@localhost,TitForTatWithForgiveness,C,10,0,744,304
349,player_f18dedde-441e-404d-babe-76789cc7979f@localhost,AlwaysDefect,D,player_00cf730d-4cac-4dec-8c0c-d9710328eb45@localhost,TitForTatWithForgiveness,D,1,1,745,305
350,player_f18dedde-441e-404d-babe-76789cc7979f@localhost,AlwaysDefect,D,player_00cf730d-4cac-4dec-8c0c-d9710328eb45@localhost,TitForTatWithForgiveness,D,1,1,746,306
351,player_f18dedde-441e-404d-babe-76789cc7979f@localhost,AlwaysDefect,D,player_00cf730d-4cac-4dec-8c0c-d9710328eb45@localhost,TitForTatWithForgiveness,D,1,1,747,307
352,player_f18dedde-441e-404d-babe-76789cc7979f@localhost,AlwaysDefect,D,player_00cf730d-4cac-4dec-8c0c-d9710328eb45@localhost,TitForTatWithForgiveness,D,1,1,748,308
353,player_f18dedde-441e-404d-babe-76789cc7979f@localhost,AlwaysDefect,D,player_00cf730d-4cac-4dec-8c0c-d9710328eb45@localhost,TitForTatWithForgiveness,D,1,1,749,309
354,player_f18dedde-441e-404d-babe-76789cc7979f@localhost,AlwaysDefect,D,player_00cf730d-4cac-4dec-8c0c-d9710328eb45@localhost,TitForTatWithForgiveness,D,1,1,750,310
355,player_f18dedde-441e-404d-babe-76789cc7979f@localhost,AlwaysDefect,D,player_00cf730d-4cac-4dec-8c0c-d9710328eb45@localhost,TitForTatWithForgiveness,D,1,1,751,311
356,player_f18dedde-441e-404d-babe-76789cc7979f@localhost,AlwaysDefect,D,player_00cf730d-4cac-4dec-8c0c-d9710328eb45@localhost,TitForTatWithForgiveness,D,1,1,752,312
357,player_f18dedde-441e-404d-babe-76789cc7979f@localhost,AlwaysDefect,D,player_00cf730d-4cac-4dec-8c0c-d9710328eb45@localhost,TitForTatWithForgiveness,D,1,1,753,313
358,player_f18dedde-441e-404d-babe-76789cc7979f@localhost,AlwaysDefect,D,player_00cf730d-4cac-4dec-8c0c-d9710328eb45@localhost,TitForTatWithForgiveness,D,1,1,754,314
359,player_f18dedde-441e-404d-babe-76789cc7979f@localhost,AlwaysDefect,D,player_00cf730d-4cac-4dec-8c0c-d9710328eb45@localhost,TitForTatWithForgiveness,D,1,1,755,315
360,player_f18dedde-441e-404d-babe-76789cc7979f@localhost,AlwaysDefect,D,player_00cf730d-4cac-4dec-8c0c-d9710328eb45@localhost,TitForTatWithForgiveness,D,1,1,756,316
361,player_f18dedde-441e-404d-babe-76789cc7979f@localhost,AlwaysDefect,D,player_00cf730d-4cac-4dec-8c0c-d9710328eb45@localhost,TitForTatWithForgiveness,D,1,1,757,317
362,player_f18dedde-441e-404d-babe-76789cc7979f@localhost,AlwaysDefect,D,player_00cf730d-4cac-4dec-8c0c-d9710328eb45@localhost,TitForTatWithForgiveness,D,1,1,758,318
363,player_f18dedde-441e-404d-babe-76789cc7979f@localhost,AlwaysDefect,D,player_00cf730d-4cac-4dec-8c0c-d9710328eb45@localhost,TitForTatWithForgiveness,D,1,1,759,319
364,player_f18dedde-441e-404d-babe-76789cc7979f@localhost,AlwaysDefect,D,player_00cf730d-4cac-4dec-8c0c-d9710328eb45@localhost,TitForTatWithForgiveness,D,1,1,760,320
365,player_f18dedde-441e-404d-babe-76789cc7979f@localhost,AlwaysDefect,D,player_00cf730d-4cac-4dec-8c0c-d9710328eb45@localhost,TitForTatWithForgiveness,D,1,1,761,321
366,player_f18dedde-441e-404d-babe-76789cc7979f@localhost,AlwaysDefect,D,player_00cf730d-4cac-4dec-8c0c-d9710328eb45@localhost,TitForTatWithForgiveness,C,10,0,771,321
367,player_f18dedde-441e-404d-babe-76789cc7979f@localhost,AlwaysDefect,D,player_00cf730d-4cac-4dec-8c0c-d9710328eb45@localhost,TitForTatWithForgiveness,D,1,1,772,322
368,player_f18dedde-441e-404d-babe-76789cc7979f@localhost,AlwaysDefect,D,player_00cf730d-4cac-4dec-8c0c-d9710328eb45@localhost,TitForTatWithForgiveness,D,1,1,773,323
369,player_f18dedde-441e-404d-babe-76789cc7979f@localhost,AlwaysDefect,D,player_00cf730d-4cac-4dec-8c0c-d9710328eb45@localhost,TitForTatWithForgiveness,D,1,1,774,324
370,player_f18dedde-441e-404d-babe-76789cc7979f@localhost,AlwaysDefect,D,player_00cf730d-4cac-4dec-8c0c-d9710328eb45@localhost,TitForTatWithForgiveness,D,1,1,775,325
371,player_f18dedde-441e-404d-babe-76789cc7979f@localhost,AlwaysDefect,D,player_00cf730d-4cac-4dec-8c0c-d9710328eb45@localhost,TitForTatWithForgiveness,D,1,1,776,326
372,player_f18dedde-441e-404d-babe-76789cc7979f@localhost,AlwaysDefect,D,player_00cf730d-4cac-4dec-8c0c-d9710328eb45@localhost,TitForTatWithForgiveness,D,1,1,777,327
373,player_f18dedde-441e-404d-babe-76789cc7979f@localhost,AlwaysDefect,D,player_00cf730d-4cac-4dec-8c0c-d9710328eb45@localhost,TitForTatWithForgiveness,D,1,1,778,328
374,player_f18dedde-441e-404d-babe-76789cc7979f@localhost,AlwaysDefect,D,player_00cf730d-4cac-4dec-8c0c-d9710328eb45@localhost,TitForTatWithForgiveness,D,1,1,779,329
375,player_f18dedde-441e-404d-babe-76789cc7979f@localhost,AlwaysDefect,D,player_00cf730d-4cac-4dec-8c0c-d9710328eb45@localhost,TitForTatWithForgiveness,C,10,0,789,329
376,player_f18dedde-441e-404d-babe-76789cc7979f@localhost,AlwaysDefect,D,player_00cf730d-4cac-4dec-8c0c-d9710328eb45@localhost,TitForTatWithForgiveness,D,1,1,790,330
377,player_f18dedde-441e-404d-babe-76789cc7979f@localhost,AlwaysDefect,D,player_00cf730d-4cac-4dec-8c0c-d9710328eb45@localhost,TitForTatWithForgiveness,D,1,1,791,331
378,player_f18dedde-441e-404d-babe-76789cc7979f@localhost,AlwaysDefect,D,player_00cf730d-4cac-4dec-8c0c-d9710328eb45@localhost,TitForTatWithForgiveness,D,1,1,792,332
379,player_f18dedde-441e-404d-babe-76789cc7979f@localhost,AlwaysDefect,D,player_00cf730d-4cac-4dec-8c0c-d9710328eb45@localhost,TitForTatWithForgiveness,D,1,1,793,333
380,player_f18dedde-441e-404d-babe-76789cc7979f@localhost,AlwaysDefect,D,player_00cf730d-4cac-4dec-8c0c-d9710328eb45@localhost,TitForTatWithForgiveness,D,1,1,794,334
381,player_f18dedde-441e-404d-babe-76789cc7979f@localhost,AlwaysDefect,D,player_00cf730d-4cac-4dec-8c0c-d9710328eb45@localhost,TitForTatWithForgiveness,D,1,1,795,335
382,player_f18dedde-441e-404d-babe-76789cc7979f@localhost,AlwaysDefect,D,player_00cf730d-4cac-4dec-8c0c-d9710328eb45@localhost,TitForTatWithForgiveness,D,1,1,796,336
383,player_f18dedde-441e-404d-babe-76789cc7979f@localhost,AlwaysDefect,D,player_00cf730d-4cac-4dec-8c0c-d9710328eb45@localhost,TitForTatWithForgiveness,D,1,1,797,337
384,player_f18dedde-441e-404d-babe-76789cc7979f@localhost,AlwaysDefect,D,player_00cf730d-4cac-4dec-8c0c-d9710328eb45@localhost,TitForTatWithForgiveness,D,1,1,798,338
385,player_f18dedde-441e-404d-babe-76789cc7979f@localhost,AlwaysDefect,D,player_00cf730d-4cac-4dec-8c0c-d9710328eb45@localhost,TitForTatWithForgiveness,D,1,1,799,339
386,player_f18dedde-441e-404d-babe-76789cc7979f@localhost,AlwaysDefect,D,player_00cf730d-4cac-4dec-8c0c-d9710328eb45@localhost,TitForTatWithForgiveness,D,1,1,800,340
387,player_f18dedde-441e-404d-babe-76789cc7979f@localhost,AlwaysDefect,D,player_00cf730d-4cac-4dec-8c0c-d9710328eb45@localhost,TitForTatWithForgiveness,D,1,1,801,341
388,player_f18dedde-441e-404d-babe-76789cc7979f@localhost,AlwaysDefect,D,player_00cf730d-4cac-4dec-8c0c-d9710328eb45@localhost,TitForTatWithForgiveness,D,1,1,802,342
389,player_f18dedde-441e-404d-babe-76789cc7979f@localhost,AlwaysDefect,D,player_00cf730d-4cac-4dec-8c0c-d9710328eb45@localhost,TitForTatWithForgiveness,D,1,1,803,343
390,player_f18dedde-441e-404d-babe-76789cc7979f@localhost,AlwaysDefect,D,player_00cf730d-4cac-4dec-8c0c-d9710328eb45@localhost,TitForTatWithForgiveness,D,1,1,804,344
391,player_f18dedde-441e-404d-babe-76789cc7979f@localhost,AlwaysDefect,D,player_00cf730d-4cac-4dec-8c0c-d9710328eb45@localhost,TitForTatWithForgiveness,D,1,1,805,345
392,player_f18dedde-441e-404d-babe-76789cc7979f@localhost,AlwaysDefect,D,player_00cf730d-4cac-4dec-8c0c-d9710328eb45@localhost,TitForTatWithForgiveness,D,1,1,806,346
393,player_f18dedde-441e-404d-babe-76789cc7979f@localhost,AlwaysDefect,D,player_00cf730d-4cac-4dec-8c0c-d9710328eb45@localhost,TitForTatWithForgiveness,D,1,1,807,347
394,player_f18dedde-441e-404d-babe-76789cc7979f@localhost,AlwaysDefect,D,player_00cf730d-4cac-4dec-8c0c-d9710328eb45@localhost,TitForTatWithForgiveness,C,10,0,817,347
395,player_f18dedde-441e-404d-babe-76789cc7979f@localhost,AlwaysDefect,D,player_00cf730d-4cac-4dec-8c0c-d9710328eb45@localhost,TitForTatWithForgiveness,D,1,1,818,348
396,player_f18dedde-441e-404d-babe-76789cc7979f@localhost,AlwaysDefect,D,player_00cf730d-4cac-4dec-8c0c-d9710328eb45@localhost,TitForTatWithForgiveness,D,1,1,819,349
397,player_f18dedde-441e-404d-babe-76789cc7979f@localhost,AlwaysDefect,D,player_00cf730d-4cac-4dec-8c0c-d9710328eb45@localhost,TitForTatWithForgiveness,D,1,1,820,350
398,player_f18dedde-441e-404d-babe-76789cc7979f@localhost,AlwaysDefect,D,player_00cf730d-4cac-4dec-8c0c-d9710328eb45@localhost,TitForTatWithForgiveness,D,1,1,821,351
399,player_f18dedde-441e-404d-babe-76789cc7979f@localhost,AlwaysDefect,D,player_00cf730d-4cac-4dec-8c0c-d9710328eb45@localhost,TitForTatWithForgiveness,D,1,1,822,352
400,player_f18dedde-441e-404d-babe-76789cc7979f@localhost,AlwaysDefect,D,player_00cf730d-4cac-4dec-8c0c-d9710328eb45@localhost,TitForTatWithForgiveness,D,1,1,823,353
401,player_f18dedde-441e-404d-babe-76789cc7979f@localhost,AlwaysDefect,D,player_00cf730d-4cac-4dec-8c0c-d9710328eb45@localhost,TitForTatWithForgiveness,D,1,1,824,354
402,player_f18dedde-441e-404d-babe-76789cc7979f@localhost,AlwaysDefect,D,player_00cf730d-4cac-4dec-8c0c-d9710328eb45@localhost,TitForTatWithForgiveness,D,1,1,825,355
403,player_f18dedde-441e-404d-babe-76789cc7979f@localhost,AlwaysDefect,D,player_00cf730d-4cac-4dec-8c0c-d9710328eb45@localhost,TitForTatWithForgiveness,D,1,1,826,356
404,player_f18dedde-441e-404d-babe-76789cc7979f@localhost,AlwaysDefect,D,player_00cf730d-4cac-4dec-8c0c-d9710328eb45@localhost,TitForTatWithForgiveness,C,10,0,836,356
405,player_f18dedde-441e-404d-babe-76789cc7979f@localhost,AlwaysDefect,D,player_00cf730d-4cac-4dec-8c0c-d9710328eb45@localhost,TitForTatWithForgiveness,D,1,1,837,357
406,player_f18dedde-441e-404d-babe-76789cc7979f@localhost,AlwaysDefect,D,player_00cf730d-4cac-4dec-8c0c-d9710328eb45@localhost,TitForTatWithForgiveness,D,1,1,838,358
407,player_f18dedde-441e-404d-babe-76789cc7979f@localhost,AlwaysDefect,D,player_00cf730d-4cac-4dec-8c0c-d9710328eb45@localhost,TitForTatWithForgiveness,D,1,1,839,359
408,player_f18dedde-441e-404d-babe-76789cc7979f@localhost,AlwaysDefect,D,player_00cf730d-4cac-4dec-8c0c-d9710328eb45@localhost,TitForTatWithForgiveness,D,1,1,840,360
409,player_f18dedde-441e-404d-babe-76789cc7979f@localhost,AlwaysDefect,D,player_00cf730d-4cac-4dec-8c0c-d9710328eb45@localhost,TitForTatWithForgiveness,C,10,0,850,360
410,player_f18dedde-441e-404d-babe-76789cc7979f@localhost,AlwaysDefect,D,player_00cf730d-4cac-4dec-8c0c-d9710328eb45@localhost,TitForTatWithForgiveness,C,10,0,860,360
411,player_f18dedde-441e-404d-babe-76789cc7979f@localhost,AlwaysDefect,D,player_00cf730d-4cac-4dec-8c0c-d9710328eb45@localhost,TitForTatWithForgiveness,D,1,1,861,361
412,player_f18dedde-441e-404d-babe-76789cc7979f@localhost,AlwaysDefect,D,player_00cf730d-4cac-4dec-8c0c-d9710328eb45@localhost,TitForTatWithForgiveness,D,1,1,862,362
413,player_f18dedde-441e-404d-babe-76789cc7979f@localhost,AlwaysDefect,D,player_00cf730d-4cac-4dec-8c0c-d9710328eb45@localhost,TitForTatWithForgiveness,D,1,1,863,363
414,player_f18dedde-441e-404d-babe-76789cc7979f@localhost,AlwaysDefect,D,player_00cf730d-4cac-4dec-8c0c-d9710328eb45@localhost,TitForTatWithForgiveness,D,1,1,864,364
415,player_f18dedde-441e-404d-babe-76789cc7979f@localhost,AlwaysDefect,D,player_00cf730d-4cac-4dec-8c0c-d9710328eb45@localhost,TitForTatWithForgiveness,D,1,1,865,365
416,player_f18dedde-441e-404d-babe-76789cc7979f@localhost,AlwaysDefect,D,player_00cf730d-4cac-4dec-8c0c-d9710328eb45@localhost,TitForTatWithForgiveness,D,1,1,866,366
417,player_f18dedde-441e-404d-babe-76789cc7979f@localhost,AlwaysDefect,D,player_00cf730d-4cac-4dec-8c0c-d9710328eb45@localhost,TitForTatWithForgiveness,D,1,1,867,367
418,player_f18dedde-441e-404d-babe-76789cc7979f@localhost,AlwaysDefect,D,player_00cf730d-4cac-4dec-8c0c-d9710328eb45@localhost,TitForTatWithForgiveness,D,1,1,868,368
419,player_f18dedde-441e-404d-babe-76789cc7979f@localhost,AlwaysDefect,D,player_00cf730d-4cac-4dec-8c0c-d9710328eb45@localhost,TitForTatWithForgiveness,D,1,1,869,369
420,player_f18dedde-441e-404d-babe-76789cc7979f@localhost,AlwaysDefect,D,player_00cf730d-4cac-4dec-8c0c-d9710328eb45@localhost,TitForTatWithForgiveness,D,1,1,870,370
421,player_f18dedde-441e-404d-babe-76789cc7979f@localhost,AlwaysDefect,D,player_00cf730d-4cac-4dec-8c0c-d9710328eb45@localhost,TitForTatWithForgiveness,D,1,1,871,371
422,player_f18dedde-441e-404d-babe-76789cc7979f@localhost,AlwaysDefect,D,player_00cf730d-4cac-4dec-8c0c-d9710328eb45@localhost,TitForTatWithForgiveness,D,1,1,872,372
423,player_f18dedde-441e-404d-babe-76789cc7979f@localhost,AlwaysDefect,D,player_00cf730d-4cac-4dec-8c0c-d9710328eb45@localhost,TitForTatWithForgiveness,D,1,1,873,373
424,player_f18dedde-441e-404d-babe-76789cc7979f@localhost,AlwaysDefect,D,player_00cf730d-4cac-4dec-8c0c-d9710328eb45@localhost,TitForTatWithForgiveness,C,10,0,883,373
425,player_f18dedde-441e-404d-babe-76789cc7979f@localhost,AlwaysDefect,D,player_00cf730d-4cac-4dec-8c0c-d9710328eb45@localhost,TitForTatWithForgiveness,D,1,1,884,374
426,player_f18dedde-441e-404d-babe-76789cc7979f@localhost,AlwaysDefect,D,player_00cf730d-4cac-4dec-8c0c-d9710328eb45@localhost,TitForTatWithForgiveness,D,1,1,885,375
427,player_f18dedde-441e-404d-babe-76789cc7979f@localhost,AlwaysDefect,D,player_00cf730d-4cac-4dec-8c0c-d9710328eb45@localhost,TitForTatWithForgiveness,D,1,1,886,376
428,player_f18dedde-441e-404d-babe-76789cc7979f@localhost,AlwaysDefect,D,player_00cf730d-4cac-4dec-8c0c-d9710328eb45@localhost,TitForTatWithForgiveness,D,1,1,887,377
429,player_f18dedde-441e-404d-babe-76789cc7979f@localhost,AlwaysDefect,D,player_00cf730d-4cac-4dec-8c0c-d9710328eb45@localhost,TitForTatWithForgiveness,D,1,1,888,378
430,player_f18dedde-441e-404d-babe-76789cc7979f@localhost,AlwaysDefect,D,player_00cf730d-4cac-4dec-8c0c-d9710328eb45@localhost,TitForTatWithForgiveness,C,10,0,898,378
431,player_f18dedde-441e-404d-babe-76789cc7979f@localhost,AlwaysDefect,D,player_00cf730d-4cac-4dec-8c0c-d9710328eb45@localhost,TitForTatWithForgiveness,C,10,0,908,378
432,player_f18dedde-441e-404d-babe-76789cc7979f@localhost,AlwaysDefect,D,player_00cf730d-4cac-4dec-8c0c-d9710328eb45@localhost,TitForTatWithForgiveness,D,1,1,909,379
433,player_f18dedde-441e-404d-babe-76789cc7979f@localhost,AlwaysDefect,D,player_00cf730d-4cac-4dec-8c0c-d9710328eb45@localhost,TitForTatWithForgiveness,D,1,1,910,380
434,player_f18dedde-441e-404d-babe-76789cc7979f@localhost,AlwaysDefect,D,player_00cf730d-4cac-4dec-8c0c-d9710328eb45@localhost,TitForTatWithForgiveness,D,1,1,911,381
435,player_f18dedde-441e-404d-babe-76789cc7979f@localhost,AlwaysDefect,D,player_00cf730d-4cac-4dec-8c0c-d9710328eb45@localhost,TitForTatWithForgiveness,D,1,1,912,382
436,player_f18dedde-441e-404d-babe-76789cc7979f@localhost,AlwaysDefect,D,player_00cf730d-4cac-4dec-8c0c-d9710328eb45@localhost,TitForTatWithForgiveness,D,1,1,913,383
437,player_f18dedde-441e-404d-babe-76789cc7979f@localhost,AlwaysDefect,D,player_00cf730d-4cac-4dec-8c0c-d9710328eb45@localhost,TitForTatWithForgiveness,D,1,1,914,384
438,player_f18dedde-441e-404d-babe-76789cc7979f@localhost,AlwaysDefect,D,player_00cf730d-4cac-4dec-8c0c-d9710328eb45@localhost,TitForTatWithForgiveness,D,1,1,915,385
439,player_f18dedde-441e-404d-babe-76789cc7979f@localhost,AlwaysDefect,D,player_00cf730d-4cac-4dec-8c0c-d9710328eb45@localhost,TitForTatWithForgiveness,D,1,1,916,386
440,player_f18dedde-441e-404d-babe-76789cc7979f@localhost,AlwaysDefect,D,player_00cf730d-4cac-4dec-8c0c-d9710328eb45@localhost,TitForTatWithForgiveness,D,1,1,917,387
441,player_f18dedde-441e-404d-babe-76789cc7979f@localhost,AlwaysDefect,D,player_00cf730d-4cac-4dec-8c0c-d9710328eb45@localhost,TitForTatWithForgiveness,D,1,1,918,388
442,player_f18dedde-441e-404d-babe-76789cc7979f@localhost,AlwaysDefect,D,player_00cf730d-4cac-4dec-8c0c-d9710328eb45@localhost,TitForTatWithForgiveness,D,1,1,919,389
443,player_f18dedde-441e-404d-babe-76789cc7979f@localhost,AlwaysDefect,D,player_00cf730d-4cac-4dec-8c0c-d9710328eb45@localhost,TitForTatWithForgiveness,D,1,1,920,390
444,player_f18dedde-441e-404d-babe-76789cc7979f@localhost,AlwaysDefect,D,player_00cf730d-4cac-4dec-8c0c-d9710328eb45@localhost,TitForTatWithForgiveness,D,1,1,921,391
445,player_f18dedde-441e-404d-babe-76789cc7979f@localhost,AlwaysDefect,D,player_00cf730d-4cac-4dec-8c0c-d9710328eb45@localhost,TitForTatWithForgiveness,D,1,1,922,392
446,player_f18dedde-441e-404d-babe-76789cc7979f@localhost,AlwaysDefect,D,player_00cf730d-4cac-4dec-8c0c-d9710328eb45@localhost,TitForTatWithForgiveness,D,1,1,923,393
447,player_f18dedde-441e-404d-babe-76789cc7979f@localhost,AlwaysDefect,D,player_00cf730d-4cac-4dec-8c0c-d9710328eb45@localhost,TitForTatWithForgiveness,D,1,1,924,394
448,player_f18dedde-441e-404d-babe-76789cc7979f@localhost,AlwaysDefect,D,player_00cf730d-4cac-4dec-8c0c-d9710328eb45@localhost,TitForTatWithForgiveness,D,1,1,925,395
449,player_f18dedde-441e-404d-babe-76789cc7979f@localhost,AlwaysDefect,D,player_00cf730d-4cac-4dec-8c0c-d9710328eb45@localhost,TitForTatWithForgiveness,D,1,1,926,396
450,player_f18dedde-441e-404d-babe-76789cc7979f@localhost,AlwaysDefect,D,player_00cf730d-4cac-4dec-8c0c-d9710328eb45@localhost,TitForTatWithForgiveness,D,1,1,927,397
451,player_f18dedde-441e-404d-babe-76789cc7979f@localhost,AlwaysDefect,D,player_00cf730d-4cac-4dec-8c0c-d9710328eb45@localhost,TitForTatWithForgiveness,D,1,1,928,398
452,player_f18dedde-441e-404d-babe-76789cc7979f@localhost,AlwaysDefect,D,player_00cf730d-4cac-4dec-8c0c-d9710328eb45@localhost,TitForTatWithForgiveness,D,1,1,929,399
453,player_f18dedde-441e-404d-babe-76789cc7979f@localhost,AlwaysDefect,D,player_00cf730d-4cac-4dec-8c0c-d9710328eb45@localhost,TitForTatWithForgiveness,D,1,1,930,400
454,player_f18dedde-441e-404d-babe-76789cc7979f@localhost,AlwaysDefect,D,player_00cf730d-4cac-4dec-8c0c-d9710328eb45@localhost,TitForTatWithForgiveness,C,10,0,940,400
455,player_f18dedde-441e-404d-babe-76789cc7979f@localhost,AlwaysDefect,D,player_00cf730d-4cac-4dec-8c0c-d9710328eb45@localhost,TitForTatWithForgiveness,D,1,1,941,401
456,player_f18dedde-441e-404d-babe-76789cc7979f@localhost,AlwaysDefect,D,player_00cf730d-4cac-4dec-8c0c-d9710328eb45@localhost,TitForTatWithForgiveness,D,1,1,942,402
457,player_f18dedde-441e-404d-babe-76789cc7979f@localhost,AlwaysDefect,D,player_00cf730d-4cac-4dec-8c0c-d9710328eb45@localhost,TitForTatWithForgiveness,D,1,1,943,403
458,player_f18dedde-441e-404d-babe-76789cc7979f@localhost,AlwaysDefect,D,player_00cf730d-4cac-4dec-8c0c-d9710328eb45@localhost,TitForTatWithForgiveness,D,1,1,944,404
459,player_f18dedde-441e-404d-babe-76789cc7979f@localhost,AlwaysDefect,D,player_00cf730d-4cac-4dec-8c0c-d9710328eb45@localhost,TitForTatWithForgiveness,D,1,1,945,405
460,player_f18dedde-441e-404d-babe-76789cc7979f@localhost,AlwaysDefect,D,player_00cf730d-4cac-4dec-8c0c-d9710328eb45@localhost,TitForTatWithForgiveness,D,1,1,946,406
461,player_f18dedde-441e-404d-babe-76789cc7979f@localhost,AlwaysDefect,D,player_00cf730d-4cac-4dec-8c0c-d9710328eb45@localhost,TitForTatWithForgiveness,D,1,1,947,407
462,player_f18dedde-441e-404d-babe-76789cc7979f@localhost,AlwaysDefect,D,player_00cf730d-4cac-4dec-8c0c-d9710328eb45@localhost,TitForTatWithForgiveness,D,1,1,948,408
463,player_f18dedde-441e-404d-babe-76789cc7979f@localhost,AlwaysDefect,D,player_00cf730d-4cac-4dec-8c0c-d9710328eb45@localhost,TitForTatWithForgiveness,D,1,1,949,409
464,player_f18dedde-441e-404d-babe-76789cc7979f@localhost,AlwaysDefect,D,player_00cf730d-4cac-4dec-8c0c-d9710328eb45@localhost,TitForTatWithForgiveness,C,10,0,959,409
465,player_f18dedde-441e-404d-babe-76789cc7979f@localhost,AlwaysDefect,D,player_00cf730d-4cac-4dec-8c0c-d9710328eb45@localhost,TitForTatWithForgiveness,D,1,1,960,410
466,player_f18dedde-441e-404d-babe-76789cc7979f@localhost,AlwaysDefect,D,player_00cf730d-4cac-4dec-8c0c-d9710328eb45@localhost,TitForTatWithForgiveness,D,1,1,961,411
467,player_f18dedde-441e-404d-babe-76789cc7979f@localhost,AlwaysDefect,D,player_00cf730d-4cac-4dec-8c0c-d9710328eb45@localhost,TitForTatWithForgiveness,D,1,1,962,412
468,player_f18dedde-441e-404d-babe-76789cc7979f@localhost,AlwaysDefect,D,player_00cf730d-4cac-4dec-8c0c-d9710328eb45@localhost,TitForTatWithForgiveness,D,1,1,963,413
469,player_f18dedde-441e-404d-babe-76789cc7979f@localhost,AlwaysDefect,D,player_00cf730d-4cac-4dec-8c0c-d9710328eb45@localhost,TitForTatWithForgiveness,D,1,1,964,414
470,player_f18dedde-441e-404d-babe-76789cc7979f@localhost,AlwaysDefect,D,player_00cf730d-4cac-4dec-8c0c-d9710328eb45@localhost,TitForTatWithForgiveness,D,1,1,965,415
471,player_f18dedde-441e-404d-babe-76789cc7979f@localhost,AlwaysDefect,D,player_00cf730d-4cac-4dec-8c0c-d9710328eb45@localhost,TitForTatWithForgiveness,D,1,1,966,416
472,player_f18dedde-441e-404d-babe-76789cc7979f@localhost,AlwaysDefect,D,player_00cf730d-4cac-4dec-8c0c-d9710328eb45@localhost,TitForTatWithForgiveness,D,1,1,967,417
473,player_f18dedde-441e-404d-babe-76789cc7979f@localhost,AlwaysDefect,D,player_00cf730d-4cac-4dec-8c0c-d9710328eb45@localhost,TitForTatWithForgiveness,D,1,1,968,418
474,player_f18dedde-441e-404d-babe-76789cc7979f@localhost,AlwaysDefect,D,player_00cf730d-4cac-4dec-8c0c-d9710328eb45@localhost,TitForTatWithForgiveness,D,1,1,969,419
475,player_f18dedde-441e-404d-babe-76789cc7979f@localhost,AlwaysDefect,D,player_00cf730d-4cac-4dec-8c0c-d9710328eb45@localhost,TitForTatWithForgiveness,D,1,1,970,420
476,player_f18dedde-441e-404d-babe-76789cc7979f@localhost,AlwaysDefect,D,player_00cf730d-4cac-4dec-8c0c-d9710328eb45@localhost,TitForTatWithForgiveness,D,1,1,971,421
477,player_f18dedde-441e-404d-babe-76789cc7979f@localhost,AlwaysDefect,D,player_00cf730d-4cac-4dec-8c0c-d9710328eb45@localhost,TitForTatWithForgiveness,D,1,1,972,422
478,player_f18dedde-441e-404d-babe-76789cc7979f@localhost,AlwaysDefect,D,player_00cf730d-4cac-4dec-8c0c-d9710328eb45@localhost,TitForTatWithForgiveness,D,1,1,973,423
479,player_f18dedde-441e-404d-babe-76789cc7979f@localhost,AlwaysDefect,D,player_00cf730d-4cac-4dec-8c0c-d9710328eb45@localhost,TitForTatWithForgiveness,C,10,0,983,423
480,player_f18dedde-441e-404d-babe-76789cc7979f@localhost,AlwaysDefect,D,player_00cf730d-4cac-4dec-8c0c-d9710328eb45@localhost,TitForTatWithForgiveness,D,1,1,984,424
481,player_f18dedde-441e-404d-babe-76789cc7979f@localhost,AlwaysDefect,D,player_00cf730d-4cac-4dec-8c0c-d9710328eb45@localhost,TitForTatWithForgiveness,D,1,1,985,425
482,player_f18dedde-441e-404d-babe-76789cc7979f@localhost,AlwaysDefect,D,player_00cf730d-4cac-4dec-8c0c-d9710328eb45@localhost,TitForTatWithForgiveness,D,1,1,986,426
483,player_f18dedde-441e-404d-babe-76789cc7979f@localhost,AlwaysDefect,D,player_00cf730d-4cac-4dec-8c0c-d9710328eb45@localhost,TitForTatWithForgiveness,C,10,0,996,426
484,player_f18dedde-441e-404d-babe-76789cc7979f@localhost,AlwaysDefect,D,player_00cf730d-4cac-4dec-8c0c-d9710328eb45@localhost,TitForTatWithForgiveness,D,1,1,997,427
485,player_f18dedde-441e-404d-babe-76789cc7979f@localhost,AlwaysDefect,D,player_00cf730d-4cac-4dec-8c0c-d9710328eb45@localhost,TitForTatWithForgiveness,C,10,0,1007,427
486,player_f18dedde-441e-404d-babe-76789cc7979f@localhost,AlwaysDefect,D,player_00cf730d-4cac-4dec-8c0c-d9710328eb45@localhost,TitForTatWithForgiveness,D,1,1,1008,428
487,player_f18dedde-441e-404d-babe-76789cc7979f@localhost,AlwaysDefect,D,player_00cf730d-4cac-4dec-8c0c-d9710328eb45@localhost,TitForTatWithForgiveness,D,1,1,1009,429
488,player_f18dedde-441e-404d-babe-76789cc7979f@localhost,AlwaysDefect,D,player_00cf730d-4cac-4dec-8c0c-d9710328eb45@localhost,TitForTatWithForgiveness,C,10,0,1019,429
489,player_f18dedde-441e-404d-babe-76789cc7979f@localhost,AlwaysDefect,D,player_00cf730d-4cac-4dec-8c0c-d9710328eb45@localhost,TitForTatWithForgiveness,D,1,1,1020,430
490,player_f18dedde-441e-404d-babe-76789cc7979f@localhost,AlwaysDefect,D,player_00cf730d-4cac-4dec-8c0c-d9710328eb45@localhost,TitForTatWithForgiveness,D,1,1,1021,431
491,player_f18dedde-441e-404d-babe-76789cc7979f@localhost,AlwaysDefect,D,player_00cf730d-4cac-4dec-8c0c-d9710328eb45@localhost,TitForTatWithForgiveness,D,1,1,1022,432
492,player_f18dedde-441e-404d-babe-76789cc7979f@localhost,AlwaysDefect,D,player_00cf730d-4cac-4dec-8c0c-d9710328eb45@localhost,TitForTatWithForgiveness,D,1,1,1023,433
493,player_f18dedde-441e-404d-babe-76789cc7979f@localhost,AlwaysDefect,D,player_00cf730d-4cac-4dec-8c0c-d9710328eb45@localhost,TitForTatWithForgiveness,D,1,1,1024,434
494,player_f18dedde-441e-404d-babe-76789cc7979f@localhost,AlwaysDefect,D,player_00cf730d-4cac-4dec-8c0c-d9710328eb45@localhost,TitForTatWithForgiveness,D,1,1,1025,435
495,player_f18dedde-441e-404d-babe-76789cc7979f@localhost,AlwaysDefect,D,player_00cf730d-4cac-4dec-8c0c-d9710328eb45@localhost,TitForTatWithForgiveness,C,10,0,1035,435
496,player_f18dedde-441e-404d-babe-76789cc7979f@localhost,AlwaysDefect,D,player_00cf730d-4cac-4dec-8c0c-d9710328eb45@localhost,TitForTatWithForgiveness,D,1,1,1036,436
497,player_f18dedde-441e-404d-babe-76789cc7979f@localhost,AlwaysDefect,D,player_00cf730d-4cac-4dec-8c0c-d9710328eb45@localhost,TitForTatWithForgiveness,D,1,1,1037,437
498,player_f18dedde-441e-404d-babe-76789cc7979f@localhost,AlwaysDefect,D,player_00cf730d-4cac-4dec-8c0c-d9710328eb45@localhost,TitForTatWithForgiveness,D,1,1,1038,438
499,player_f18dedde-441e-404d-babe-76789cc7979f@localhost,AlwaysDefect,D,player_00cf730d-4cac-4dec-8c0c-d9710328eb45@localhost,TitForTatWithForgiveness,D,1,1,1039,439
500,player_f18dedde-441e-404d-babe-76789cc7979f@localhost,AlwaysDefect,D,player_00cf730d-4cac-4dec-8c0c-d9710328eb45@localhost,TitForTatWithForgiveness,C,10,0,1049,439
501,player_f18dedde-441e-404d-babe-76789cc7979f@localhost,AlwaysDefect,D,player_00cf730d-4cac-4dec-8c0c-d9710328eb45@localhost,TitForTatWithForgiveness,D,1,1,1050,440
502,player_f18dedde-441e-404d-babe-76789cc7979f@localhost,AlwaysDefect,D,player_00cf730d-4cac-4dec-8c0c-d9710328eb45@localhost,TitForTatWithForgiveness,D,1,1,1051,441
503,player_f18dedde-441e-404d-babe-76789cc7979f@localhost,AlwaysDefect,D,player_00cf730d-4cac-4dec-8c0c-d9710328eb45@localhost,TitForTatWithForgiveness,D,1,1,1052,442
504,player_f18dedde-441e-404d-babe-76789cc7979f@localhost,AlwaysDefect,D,player_00cf730d-4cac-4dec-8c0c-d9710328eb45@localhost,TitForTatWithForgiveness,D,1,1,1053,443
505,player_f18dedde-441e-404d-babe-76789cc7979f@localhost,AlwaysDefect,D,player_00cf730d-4cac-4dec-8c0c-d9710328eb45@localhost,TitForTatWithForgiveness,D,1,1,1054,444
506,player_f18dedde-441e-404d-babe-76789cc7979f@localhost,AlwaysDefect,D,player_00cf730d-4cac-4dec-8c0c-d9710328eb45@localhost,TitForTatWithForgiveness,D,1,1,1055,445
507,player_f18dedde-441e-404d-babe-76789cc7979f@localhost,AlwaysDefect,D,player_00cf730d-4cac-4dec-8c0c-d9710328eb45@localhost,TitForTatWithForgiveness,D,1,1,1056,446
508,player_f18dedde-441e-404d-babe-76789cc7979f@localhost,AlwaysDefect,D,player_00cf730d-4cac-4dec-8c0c-d9710328eb45@localhost,TitForTatWithForgiveness,D,1,1,1057,447
509,player_f18dedde-441e-404d-babe-76789cc7979f@localhost,AlwaysDefect,D,player_00cf730d-4cac-4dec-8c0c-d9710328eb45@localhost,TitForTatWithForgiveness,D,1,1,1058,448
510,player_f18dedde-441e-404d-babe-76789cc7979f@localhost,AlwaysDefect,D,player_00cf730d-4cac-4dec-8c0c-d9710328eb45@localhost,TitForTatWithForgiveness,D,1,1,1059,449
511,player_f18dedde-441e-404d-babe-76789cc7979f@localhost,AlwaysDefect,D,player_00cf730d-4cac-4dec-8c0c-d9710328eb45@localhost,TitForTatWithForgiveness,D,1,1,1060,450
512,player_f18dedde-441e-404d-babe-76789cc7979f@localhost,AlwaysDefect,D,player_00cf730d-4cac-4dec-8c0c-d9710328eb45@localhost,TitForTatWithForgiveness,D,1,1,1061,451
513,player_f18dedde-441e-404d-babe-76789cc7979f@localhost,AlwaysDefect,D,player_00cf730d-4cac-4dec-8c0c-d9710328eb45@localhost,TitForTatWithForgiveness,D,1,1,1062,452
514,player_f18dedde-441e-404d-babe-76789cc7979f@localhost,AlwaysDefect,D,player_00cf730d-4cac-4dec-8c0c-d9710328eb45@localhost,TitForTatWithForgiveness,D,1,1,1063,453
515,player_f18dedde-441e-404d-babe-76789cc7979f@localhost,AlwaysDefect,D,player_00cf730d-4cac-4dec-8c0c-d9710328eb45@localhost,TitForTatWithForgiveness,D,1,1,1064,454
516,player_f18dedde-441e-404d-babe-76789cc7979f@localhost,AlwaysDefect,D,player_00cf730d-4cac-4dec-8c0c-d9710328eb45@localhost,TitForTatWithForgiveness,D,1,1,1065,455
517,player_f18dedde-441e-404d-babe-76789cc7979f@localhost,AlwaysDefect,D,player_00cf730d-4cac-4dec-8c0c-d9710328eb45@localhost,TitForTatWithForgiveness,D,1,1,1066,456
518,player_f18dedde-441e-404d-babe-76789cc7979f@localhost,AlwaysDefect,D,player_00cf730d-4cac-4dec-8c0c-d9710328eb45@localhost,TitForTatWithForgiveness,D,1,1,1067,457
519,player_f18dedde-441e-404d-babe-76789cc7979f@localhost,AlwaysDefect,D,player_00cf730d-4cac-4dec-8c0c-d9710328eb45@localhost,TitForTatWithForgiveness,D,1,1,1068,458
520,player_f18dedde-441e-404d-babe-76789cc7979f@localhost,AlwaysDefect,D,player_00cf730d-4cac-4dec-8c0c-d9710328eb45@localhost,TitForTatWithForgiveness,D,1,1,1069,459
521,player_f18dedde-441e-404d-babe-76789cc7979f@localhost,AlwaysDefect,D,player_00cf730d-4cac-4dec-8c0c-d9710328eb45@localhost,TitForTatWithForgiveness,D,1,1,1070,460
522,player_f18dedde-441e-404d-babe-76789cc7979f@localhost,AlwaysDefect,D,player_00cf730d-4cac-4dec-8c0c-d9710328eb45@localhost,TitForTatWithForgiveness,D,1,1,1071,461
523,player_f18dedde-441e-404d-babe-76789cc7979f@localhost,AlwaysDefect,D,player_00cf730d-4cac-4dec-8c0c-d9710328eb45@localhost,TitForTatWithForgiveness,D,1,1,1072,462
524,player_f18dedde-441e-404d-babe-76789cc7979f@localhost,AlwaysDefect,D,player_00cf730d-4cac-4dec-8c0c-d9710328eb45@localhost,TitForTatWithForgiveness,D,1,1,1073,463
525,player_f18dedde-441e-404d-babe-76789cc7979f@localhost,AlwaysDefect,D,player_00cf730d-4cac-4dec-8c0c-d9710328eb45@localhost,TitForTatWithForgiveness,C,10,0,1083,463
526,player_f18dedde-441e-404d-babe-76789cc7979f@localhost,AlwaysDefect,D,player_00cf730d-4cac-4dec-8c0c-d9710328eb45@localhost,TitForTatWithForgiveness,D,1,1,1084,464
527,player_f18dedde-441e-404d-babe-76789cc7979f@localhost,AlwaysDefect,D,player_00cf730d-4cac-4dec-8c0c-d9710328eb45@localhost,TitForTatWithForgiveness,D,1,1,1085,465
528,player_f18dedde-441e-404d-babe-76789cc7979f@localhost,AlwaysDefect,D,player_00cf730d-4cac-4dec-8c0c-d9710328eb45@localhost,TitForTatWithForgiveness,D,1,1,1086,466
529,player_f18dedde-441e-404d-babe-76789cc7979f@localhost,AlwaysDefect,D,player_00cf730d-4cac-4dec-8c0c-d9710328eb45@localhost,TitForTatWithForgiveness,D,1,1,1087,467
530,player_f18dedde-441e-404d-babe-76789cc7979f@localhost,AlwaysDefect,D,player_00cf730d-4cac-4dec-8c0c-d9710328eb45@localhost,TitForTatWithForgiveness,D,1,1,1088,468
531,player_f18dedde-441e-404d-babe-76789cc7979f@localhost,AlwaysDefect,D,player_00cf730d-4cac-4dec-8c0c-d9710328eb45@localhost,TitForTatWithForgiveness,D,1,1,1089,469
532,player_f18dedde-441e-404d-babe-76789cc7979f@localhost,AlwaysDefect,D,player_00cf730d-4cac-4dec-8c0c-d9710328eb45@localhost,TitForTatWithForgiveness,D,1,1,1090,470
533,player_f18dedde-441e-404d-babe-76789cc7979f@localhost,AlwaysDefect,D,player_00cf730d-4cac-4dec-8c0c-d9710328eb45@localhost,TitForTatWithForgiveness,D,1,1,1091,471
534,player_f18dedde-441e-404d-babe-76789cc7979f@localhost,AlwaysDefect,D,player_00cf730d-4cac-4dec-8c0c-d9710328eb45@localhost,TitForTatWithForgiveness,D,1,1,1092,472
535,player_f18dedde-441e-404d-babe-76789cc7979f@localhost,AlwaysDefect,D,player_00cf730d-4cac-4dec-8c0c-d9710328eb45@localhost,TitForTatWithForgiveness,D,1,1,1093,473
536,player_f18dedde-441e-404d-babe-76789cc7979f@localhost,AlwaysDefect,D,player_00cf730d-4cac-4dec-8c0c-d9710328eb45@localhost,TitForTatWithForgiveness,C,10,0,1103,473
537,player_f18dedde-441e-404d-babe-76789cc7979f@localhost,AlwaysDefect,D,player_00cf730d-4cac-4dec-8c0c-d9710328eb45@localhost,TitForTatWithForgiveness,C,10,0,1113,473
538,player_f18dedde-441e-404d-babe-76789cc7979f@localhost,AlwaysDefect,D,player_00cf730d-4cac-4dec-8c0c-d9710328eb45@localhost,TitForTatWithForgiveness,D,1,1,1114,474
539,player_f18dedde-441e-404d-babe-76789cc7979f@localhost,AlwaysDefect,D,player_00cf730d-4cac-4dec-8c0c-d9710328eb45@localhost,TitForTatWithForgiveness,D,1,1,1115,475
540,player_f18dedde-441e-404d-babe-76789cc7979f@localhost,AlwaysDefect,D,player_00cf730d-4cac-4dec-8c0c-d9710328eb45@localhost,TitForTatWithForgiveness,D,1,1,1116,476
541,player_f18dedde-441e-404d-babe-76789cc7979f@localhost,AlwaysDefect,D,player_00cf730d-4cac-4dec-8c0c-d9710328eb45@localhost,TitForTatWithForgiveness,D,1,1,1117,477
542,player_f18dedde-441e-404d-babe-76789cc7979f@localhost,AlwaysDefect,D,player_00cf730d-4cac-4dec-8c0c-d9710328eb45@localhost,TitForTatWithForgiveness,D,1,1,1118,478
543,player_f18dedde-441e-404d-babe-76789cc7979f@localhost,AlwaysDefect,D,player_00cf730d-4cac-4dec-8c0c-d9710328eb45@localhost,TitForTatWithForgiveness,D,1,1,1119,479
544,player_f18dedde-441e-404d-babe-76789cc7979f@localhost,AlwaysDefect,D,player_00cf730d-4cac-4dec-8c0c-d9710328eb45@localhost,TitForTatWithForgiveness,D,1,1,1120,480
545,player_f18dedde-441e-404d-babe-76789cc7979f@localhost,AlwaysDefect,D,player_00cf730d-4cac-4dec-8c0c-d9710328eb45@localhost,TitForTatWithForgiveness,D,1,1,1121,481
546,player_f18dedde-441e-404d-babe-76789cc7979f@localhost,AlwaysDefect,D,player_00cf730d-4cac-4dec-8c0c-d9710328eb45@localhost,TitForTatWithForgiveness,D,1,1,1122,482
547,player_f18dedde-441e-404d-babe-76789cc7979f@localhost,AlwaysDefect,D,player_00cf730d-4cac-4dec-8c0c-d9710328eb45@localhost,TitForTatWithForgiveness,D,1,1,1123,483
548,player_f18dedde-441e-404d-babe-76789cc7979f@localhost,AlwaysDefect,D,player_00cf730d-4cac-4dec-8c0c-d9710328eb45@localhost,TitForTatWithForgiveness,D,1,1,1124,484
549,player_f18dedde-441e-404d-babe-76789cc7979f@localhost,AlwaysDefect,D,player_00cf730d-4cac-4dec-8c0c-d9710328eb45@localhost,TitForTatWithForgiveness,D,1,1,1125,485
550,player_f18dedde-441e-404d-babe-76789cc7979f@localhost,AlwaysDefect,D,player_00cf730d-4cac-4dec-8c0c-d9710328eb45@localhost,TitForTatWithForgiveness,D,1,1,1126,486
551,player_f18dedde-441e-404d-babe-76789cc7979f@localhost,AlwaysDefect,D,player_00cf730d-4cac-4dec-8c0c-d9710328eb45@localhost,TitForTatWithForgiveness,D,1,1,1127,487
552,player_f18dedde-441e-404d-babe-76789cc7979f@localhost,AlwaysDefect,D,player_00cf730d-4cac-4dec-8c0c-d9710328eb45@localhost,TitForTatWithForgiveness,D,1,1,1128,488
553,player_f18dedde-441e-404d-babe-76789cc7979f@localhost,AlwaysDefect,D,player_00cf730d-4cac-4dec-8c0c-d9710328eb45@localhost,TitForTatWithForgiveness,C,10,0,1138,488
554,player_f18dedde-441e-404d-babe-76789cc7979f@localhost,AlwaysDefect,D,player_00cf730d-4cac-4dec-8c0c-d9710328eb45@localhost,TitForTatWithForgiveness,D,1,1,1139,489
555,player_f18dedde-441e-404d-babe-76789cc7979f@localhost,AlwaysDefect,D,player_00cf730d-4cac-4dec-8c0c-d9710328eb45@localhost,TitForTatWithForgiveness,D,1,1,1140,490
556,player_f18dedde-441e-404d-babe-76789cc7979f@localhost,AlwaysDefect,D,player_00cf730d-4cac-4dec-8c0c-d9710328eb45@localhost,TitForTatWithForgiveness,D,1,1,1141,491
557,player_f18dedde-441e-404d-babe-76789cc7979f@localhost,AlwaysDefect,D,player_00cf730d-4cac-4dec-8c0c-d9710328eb45@localhost,TitForTatWithForgiveness,D,1,1,1142,492
558,player_f18dedde-441e-404d-babe-76789cc7979f@localhost,AlwaysDefect,D,player_00cf730d-4cac-4dec-8c0c-d9710328eb45@localhost,TitForTatWithForgiveness,D,1,1,1143,493
559,player_f18dedde-441e-404d-babe-76789cc7979f@localhost,AlwaysDefect,D,player_00cf730d-4cac-4dec-8c0c-d9710328eb45@localhost,TitForTatWithForgiveness,D,1,1,1144,494
560,player_f18dedde-441e-404d-babe-76789cc7979f@localhost,AlwaysDefect,D,player_00cf730d-4cac-4dec-8c0c-d9710328eb45@localhost,TitForTatWithForgiveness,D,1,1,1145,495
561,player_f18dedde-441e-404d-babe-76789cc7979f@localhost,AlwaysDefect,D,player_00cf730d-4cac-4dec-8c0c-d9710328eb45@localhost,TitForTatWithForgiveness,D,1,1,1146,496
562,player_f18dedde-441e-404d-babe-76789cc7979f@localhost,AlwaysDefect,D,player_00cf730d-4cac-4dec-8c0c-d9710328eb45@localhost,TitForTatWithForgiveness,D,1,1,1147,497
563,player_f18dedde-441e-404d-babe-76789cc7979f@localhost,AlwaysDefect,D,player_00cf730d-4cac-4dec-8c0c-d9710328eb45@localhost,TitForTatWithForgiveness,C,10,0,1157,497
564,player_f18dedde-441e-404d-babe-76789cc7979f@localhost,AlwaysDefect,D,player_00cf730d-4cac-4dec-8c0c-d9710328eb45@localhost,TitForTatWithForgiveness,D,1,1,1158,498
565,player_f18dedde-441e-404d-babe-76789cc7979f@localhost,AlwaysDefect,D,player_00cf730d-4cac-4dec-8c0c-d9710328eb45@localhost,TitForTatWithForgiveness,D,1,1,1159,499
566,player_f18dedde-441e-404d-babe-76789cc7979f@localhost,AlwaysDefect,D,player_00cf730d-4cac-4dec-8c0c-d9710328eb45@localhost,TitForTatWithForgiveness,D,1,1,1160,500
567,player_f18dedde-441e-404d-babe-76789cc7979f@localhost,AlwaysDefect,D,player_00cf730d-4cac-4dec-8c0c-d9710328eb45@localhost,TitForTatWithForgiveness,D,1,1,1161,501
568,player_f18dedde-441e-404d-babe-76789cc7979f@localhost,AlwaysDefect,D,player_00cf730d-4cac-4dec-8c0c-d9710328eb45@localhost,TitForTatWithForgiveness,C,10,0,1171,501
569,player_f18dedde-441e-404d-babe-76789cc7979f@localhost,AlwaysDefect,D,player_00cf730d-4cac-4dec-8c0c-d9710328eb45@localhost,TitForTatWithForgiveness,D,1,1,1172,502
570,player_f18dedde-441e-404d-babe-76789cc7979f@localhost,AlwaysDefect,D,player_00cf730d-4cac-4dec-8c0c-d9710328eb45@localhost,TitForTatWithForgiveness,C,10,0,1182,502
571,player_f18dedde-441e-404d-babe-76789cc7979f@localhost,AlwaysDefect,D,player_00cf730d-4cac-4dec-8c0c-d9710328eb45@localhost,TitForTatWithForgiveness,D,1,1,1183,503
572,player_f18dedde-441e-404d-babe-76789cc7979f@localhost,AlwaysDefect,D,player_00cf730d-4cac-4dec-8c0c-d9710328eb45@localhost,TitForTatWithForgiveness,C,10,0,1193,503
573,player_f18dedde-441e-404d-babe-76789cc7979f@localhost,AlwaysDefect,D,player_00cf730d-4cac-4dec-8c0c-d9710328eb45@localhost,TitForTatWithForgiveness,C,10,0,1203,503
574,player_f18dedde-441e-404d-babe-76789cc7979f@localhost,AlwaysDefect,D,player_00cf730d-4cac-4dec-8c0c-d9710328eb45@localhost,TitForTatWithForgiveness,D,1,1,1204,504
575,player_f18dedde-441e-404d-babe-76789cc7979f@localhost,AlwaysDefect,D,player_00cf730d-4cac-4dec-8c0c-d9710328eb45@localhost,TitForTatWithForgiveness,D,1,1,1205,505
576,player_f18dedde-441e-404d-babe-76789cc7979f@localhost,AlwaysDefect,D,player_00cf730d-4cac-4dec-8c0c-d9710328eb45@localhost,TitForTatWithForgiveness,D,1,1,1206,506
577,player_f18dedde-441e-404d-babe-76789cc7979f@localhost,AlwaysDefect,D,player_00cf730d-4cac-4dec-8c0c-d9710328eb45@localhost,TitForTatWithForgiveness,C,10,0,1216,506
578,player_f18dedde-441e-404d-babe-76789cc7979f@localhost,AlwaysDefect,D,player_00cf730d-4cac-4dec-8c0c-d9710328eb45@localhost,TitForTatWithForgiveness,D,1,1,1217,507
579,player_f18dedde-441e-404d-babe-76789cc7979f@localhost,AlwaysDefect,D,player_00cf730d-4cac-4dec-8c0c-d9710328eb45@localhost,TitForTatWithForgiveness,D,1,1,1218,508
580,player_f18dedde-441e-404d-babe-76789cc7979f@localhost,AlwaysDefect,D,player_00cf730d-4cac-4dec-8c0c-d9710328eb45@localhost,TitForTatWithForgiveness,D,1,1,1219,509
581,player_f18dedde-441e-404d-babe-76789cc7979f@localhost,AlwaysDefect,D,player_00cf730d-4cac-4dec-8c0c-d9710328eb45@localhost,TitForTatWithForgiveness,D,1,1,1220,510
582,player_f18dedde-441e-404d-babe-76789cc7979f@localhost,AlwaysDefect,D,player_00cf730d-4cac-4dec-8c0c-d9710328eb45@localhost,TitForTatWithForgiveness,D,1,1,1221,511
583,player_f18dedde-441e-404d-babe-76789cc7979f@localhost,AlwaysDefect,D,player_00cf730d-4cac-4dec-8c0c-d9710328eb45@localhost,TitForTatWithForgiveness,D,1,1,1222,512
584,player_f18dedde-441e-404d-babe-76789cc7979f@localhost,AlwaysDefect,D,player_00cf730d-4cac-4dec-8c0c-d9710328eb45@localhost,TitForTatWithForgiveness,D,1,1,1223,513
585,player_f18dedde-441e-404d-babe-76789cc7979f@localhost,AlwaysDefect,D,player_00cf730d-4cac-4dec-8c0c-d9710328eb45@localhost,TitForTatWithForgiveness,C,10,0,1233,513
586,player_f18dedde-441e-404d-babe-76789cc7979f@localhost,AlwaysDefect,D,player_00cf730d-4cac-4dec-8c0c-d9710328eb45@localhost,TitForTatWithForgiveness,D,1,1,1234,514
587,player_f18dedde-441e-404d-babe-76789cc7979f@localhost,AlwaysDefect,D,player_00cf730d-4cac-4dec-8c0c-d9710328eb45@localhost,TitForTatWithForgiveness,D,1,1,1235,515
588,player_f18dedde-441e-404d-babe-76789cc7979f@localhost,AlwaysDefect,D,player_00cf730d-4cac-4dec-8c0c-d9710328eb45@localhost,TitForTatWithForgiveness,D,1,1,1236,516
589,player_f18dedde-441e-404d-babe-76789cc7979f@localhost,AlwaysDefect,D,player_00cf730d-4cac-4dec-8c0c-d9710328eb45@localhost,TitForTatWithForgiveness,D,1,1,1237,517
590,player_f18dedde-441e-404d-babe-76789cc7979f@localhost,AlwaysDefect,D,player_00cf730d-4cac-4dec-8c0c-d9710328eb45@localhost,TitForTatWithForgiveness,D,1,1,1238,518
591,player_f18dedde-441e-404d-babe-76789cc7979f@localhost,AlwaysDefect,D,player_00cf730d-4cac-4dec-8c0c-d9710328eb45@localhost,TitForTatWithForgiveness,C,10,0,1248,518
592,player_f18dedde-441e-404d-babe-76789cc7979f@localhost,AlwaysDefect,D,player_00cf730d-4cac-4dec-8c0c-d9710328eb45@localhost,TitForTatWithForgiveness,D,1,1,1249,519
593,player_f18dedde-441e-404d-babe-76789cc7979f@localhost,AlwaysDefect,D,player_00cf730d-4cac-4dec-8c0c-d9710328eb45@localhost,TitForTatWithForgiveness,D,1,1,1250,520
594,player_f18dedde-441e-404d-babe-76789cc7979f@localhost,AlwaysDefect,D,player_00cf730d-4cac-4dec-8c0c-d9710328eb45@localhost,TitForTatWithForgiveness,D,1,1,1251,521
595,player_f18dedde-441e-404d-babe-76789cc7979f@localhost,AlwaysDefect,D,player_00cf730d-4cac-4dec-8c0c-d9710328eb45@localhost,TitForTatWithForgiveness,D,1,1,1252,522
596,player_f18dedde-441e-404d-babe-76789cc7979f@localhost,AlwaysDefect,D,player_00cf730d-4cac-4dec-8c0c-d9710328eb45@localhost,TitForTatWithForgiveness,D,1,1,1253,523
597,player_f18dedde-441e-404d-babe-76789cc7979f@localhost,AlwaysDefect,D,player_00cf730d-4cac-4dec-8c0c-d9710328eb45@localhost,TitForTatWithForgiveness,D,1,1,1254,524
598,player_f18dedde-441e-404d-babe-76789cc7979f@localhost,AlwaysDefect,D,player_00cf730d-4cac-4dec-8c0c-d9710328eb45@localhost,TitForTatWithForgiveness,D,1,1,1255,525
599,player_f18dedde-441e-404d-babe-76789cc7979f@localhost,AlwaysDefect,D,player_00cf730d-4cac-4dec-8c0c-d9710328eb45@localhost,TitForTatWithForgiveness,D,1,1,1256,526
600,player_f18dedde-441e-404d-babe-76789cc7979f@localhost,AlwaysDefect,D,player_00cf730d-4cac-4dec-8c0c-d9710328eb45@localhost,TitForTatWithForgiveness,D,1,1,1257,527
601,player_f18dedde-441e-404d-babe-76789cc7979f@localhost,AlwaysDefect,D,player_00cf730d-4cac-4dec-8c0c-d9710328eb45@localhost,TitForTatWithForgiveness,D,1,1,1258,528
602,player_f18dedde-441e-404d-babe-76789cc7979f@localhost,AlwaysDefect,D,player_00cf730d-4cac-4dec-8c0c-d9710328eb45@localhost,TitForTatWithForgiveness,C,10,0,1268,528
603,player_f18dedde-441e-404d-babe-76789cc7979f@localhost,AlwaysDefect,D,player_00cf730d-4cac-4dec-8c0c-d9710328eb45@localhost,TitForTatWithForgiveness,D,1,1,1269,529
604,player_f18dedde-441e-404d-babe-76789cc7979f@localhost,AlwaysDefect,D,player_00cf730d-4cac-4dec-8c0c-d9710328eb45@localhost,TitForTatWithForgiveness,D,1,1,1270,530
605,player_f18dedde-441e-404d-babe-76789cc7979f@localhost,AlwaysDefect,D,player_00cf730d-4cac-4dec-8c0c-d9710328eb45@localhost,TitForTatWithForgiveness,C,10,0,1280,530
606,player_f18dedde-441e-404d-babe-76789cc7979f@localhost,AlwaysDefect,D,player_00cf730d-4cac-4dec-8c0c-d9710328eb45@localhost,TitForTatWithForgiveness,D,1,1,1281,531
607,player_f18dedde-441e-404d-babe-76789cc7979f@localhost,AlwaysDefect,D,player_00cf730d-4cac-4dec-8c0c-d9710328eb45@localhost,TitForTatWithForgiveness,D,1,1,1282,532
608,player_f18dedde-441e-404d-babe-76789cc7979f@localhost,AlwaysDefect,D,player_00cf730d-4cac-4dec-8c0c-d9710328eb45@localhost,TitForTatWithForgiveness,C,10,0,1292,532
609,player_f18dedde-441e-404d-babe-76789cc7979f@localhost,AlwaysDefect,D,player_00cf730d-4cac-4dec-8c0c-d9710328eb45@localhost,TitForTatWithForgiveness,D,1,1,1293,533
610,player_f18dedde-441e-404d-babe-76789cc7979f@localhost,AlwaysDefect,D,player_00cf730d-4cac-4dec-8c0c-d9710328eb45@localhost,TitForTatWithForgiveness,D,1,1,1294,534
611,player_f18dedde-441e-404d-babe-76789cc7979f@localhost,AlwaysDefect,D,player_00cf730d-4cac-4dec-8c0c-d9710328eb45@localhost,TitForTatWithForgiveness,D,1,1,1295,535
612,player_f18dedde-441e-404d-babe-76789cc7979f@localhost,AlwaysDefect,D,player_00cf730d-4cac-4dec-8c0c-d9710328eb45@localhost,TitForTatWithForgiveness,D,1,1,1296,536
613,player_f18dedde-441e-404d-babe-76789cc7979f@localhost,AlwaysDefect,D,player_00cf730d-4cac-4dec-8c0c-d9710328eb45@localhost,TitForTatWithForgiveness,D,1,1,1297,537
614,player_f18dedde-441e-404d-babe-76789cc7979f@localhost,AlwaysDefect,D,player_00cf730d-4cac-4dec-8c0c-d9710328eb45@localhost,TitForTatWithForgiveness,D,1,1,1298,538
615,player_f18dedde-441e-404d-babe-76789cc7979f@localhost,AlwaysDefect,D,player_00cf730d-4cac-4dec-8c0c-d9710328eb45@localhost,TitForTatWithForgiveness,D,1,1,1299,539
616,player_f18dedde-441e-404d-babe-76789cc7979f@localhost,AlwaysDefect,D,player_00cf730d-4cac-4dec-8c0c-d9710328eb45@localhost,TitForTatWithForgiveness,D,1,1,1300,540
617,player_f18dedde-441e-404d-babe-76789cc7979f@localhost,AlwaysDefect,D,player_00cf730d-4cac-4dec-8c0c-d9710328eb45@localhost,TitForTatWithForgiveness,D,1,1,1301,541
618,player_f18dedde-441e-404d-babe-76789cc7979f@localhost,AlwaysDefect,D,player_00cf730d-4cac-4dec-8c0c-d9710328eb45@localhost,TitForTatWithForgiveness,D,1,1,1302,542
619,player_f18dedde-441e-404d-babe-76789cc7979f@localhost,AlwaysDefect,D,player_00cf730d-4cac-4dec-8c0c-d9710328eb45@localhost,TitForTatWithForgiveness,C,10,0,1312,542
620,player_f18dedde-441e-404d-babe-76789cc7979f@localhost,AlwaysDefect,D,player_00cf730d-4cac-4dec-8c0c-d9710328eb45@localhost,TitForTatWithForgiveness,D,1,1,1313,543
621,player_f18dedde-441e-404d-babe-76789cc7979f@localhost,AlwaysDefect,D,player_00cf730d-4cac-4dec-8c0c-d9710328eb45@localhost,TitForTatWithForgiveness,D,1,1,1314,544
622,player_f18dedde-441e-404d-babe-76789cc7979f@localhost,AlwaysDefect,D,player_00cf730d-4cac-4dec-8c0c-d9710328eb45@localhost,TitForTatWithForgiveness,D,1,1,1315,545
623,player_f18dedde-441e-404d-babe-76789cc7979f@localhost,AlwaysDefect,D,player_00cf730d-4cac-4dec-8c0c-d9710328eb45@localhost,TitForTatWithForgiveness,D,1,1,1316,546
624,player_f18dedde-441e-404d-babe-76789cc7979f@localhost,AlwaysDefect,D,player_00cf730d-4cac-4dec-8c0c-d9710328eb45@localhost,TitForTatWithForgiveness,D,1,1,1317,547
625,player_f18dedde-441e-404d-babe-76789cc7979f@localhost,AlwaysDefect,D,player_00cf730d-4cac-4dec-8c0c-d9710328eb45@localhost,TitForTatWithForgiveness,D,1,1,1318,548
626,player_f18dedde-441e-404d-babe-76789cc7979f@localhost,AlwaysDefect,D,player_00cf730d-4cac-4dec-8c0c-d9710328eb45@localhost,TitForTatWithForgiveness,D,1,1,1319,549
627,player_f18dedde-441e-404d-babe-76789cc7979f@localhost,AlwaysDefect,D,player_00cf730d-4cac-4dec-8c0c-d9710328eb45@localhost,TitForTatWithForgiveness,D,1,1,1320,550
628,player_f18dedde-441e-404d-babe-76789cc7979f@localhost,AlwaysDefect,D,player_00cf730d-4cac-4dec-8c0c-d9710328eb45@localhost,TitForTatWithForgiveness,D,1,1,1321,551
629,player_f18dedde-441e-404d-babe-76789cc7979f@localhost,AlwaysDefect,D,player_00cf730d-4cac-4dec-8c0c-d9710328eb45@localhost,TitForTatWithForgiveness,D,1,1,1322,552
630,player_f18dedde-441e-404d-babe-76789cc7979f@localhost,AlwaysDefect,D,player_00cf730d-4cac-4dec-8c0c-d9710328eb45@localhost,TitForTatWithForgiveness,D,1,1,1323,553
631,player_f18dedde-441e-404d-babe-76789cc7979f@localhost,AlwaysDefect,D,player_00cf730d-4cac-4dec-8c0c-d9710328eb45@localhost,TitForTatWithForgiveness,C,10,0,1333,553
632,player_f18dedde-441e-404d-babe-76789cc7979f@localhost,AlwaysDefect,D,player_00cf730d-4cac-4dec-8c0c-d9710328eb45@localhost,TitForTatWithForgiveness,D,1,1,1334,554
633,player_f18dedde-441e-404d-babe-76789cc7979f@localhost,AlwaysDefect,D,player_00cf730d-4cac-4dec-8c0c-d9710328eb45@localhost,TitForTatWithForgiveness,D,1,1,1335,555
634,player_f18dedde-441e-404d-babe-76789cc7979f@localhost,AlwaysDefect,D,player_00cf730d-4cac-4dec-8c0c-d9710328eb45@localhost,TitForTatWithForgiveness,D,1,1,1336,556
635,player_f18dedde-441e-404d-babe-76789cc7979f@localhost,AlwaysDefect,D,player_00cf730d-4cac-4dec-8c0c-d9710328eb45@localhost,TitForTatWithForgiveness,D,1,1,1337,557
636,player_f18dedde-441e-404d-babe-76789cc7979f@localhost,AlwaysDefect,D,player_00cf730d-4cac-4dec-8c0c-d9710328eb45@localhost,TitForTatWithForgiveness,D,1,1,1338,558
637,player_f18dedde-441e-404d-babe-76789cc7979f@localhost,AlwaysDefect,D,player_00cf730d-4cac-4dec-8c0c-d9710328eb45@localhost,TitForTatWithForgiveness,D,1,1,1339,559
638,player_f18dedde-441e-404d-babe-76789cc7979f@localhost,AlwaysDefect,D,player_00cf730d-4cac-4dec-8c0c-d9710328eb45@localhost,TitForTatWithForgiveness,D,1,1,1340,560
639,player_f18dedde-441e-404d-babe-76789cc7979f@localhost,AlwaysDefect,D,player_00cf730d-4cac-4dec-8c0c-d9710328eb45@localhost,TitForTatWithForgiveness,D,1,1,1341,561
640,player_f18dedde-441e-404d-babe-76789cc7979f@localhost,AlwaysDefect,D,player_00cf730d-4cac-4dec-8c0c-d9710328eb45@localhost,TitForTatWithForgiveness,D,1,1,1342,562
641,player_f18dedde-441e-404d-babe-76789cc7979f@localhost,AlwaysDefect,D,player_00cf730d-4cac-4dec-8c0c-d9710328eb45@localhost,TitForTatWithForgiveness,D,1,1,1343,563
642,player_f18dedde-441e-404d-babe-76789cc7979f@localhost,AlwaysDefect,D,player_00cf730d-4cac-4dec-8c0c-d9710328eb45@localhost,TitForTatWithForgiveness,D,1,1,1344,564
643,player_f18dedde-441e-404d-babe-76789cc7979f@localhost,AlwaysDefect,D,player_00cf730d-4cac-4dec-8c0c-d9710328eb45@localhost,TitForTatWithForgiveness,D,1,1,1345,565
644,player_f18dedde-441e-404d-babe-76789cc7979f@localhost,AlwaysDefect,D,player_00cf730d-4cac-4dec-8c0c-d9710328eb45@localhost,TitForTatWithForgiveness,C,10,0,1355,565
645,player_f18dedde-441e-404d-babe-76789cc7979f@localhost,AlwaysDefect,D,player_00cf730d-4cac-4dec-8c0c-d9710328eb45@localhost,TitForTatWithForgiveness,D,1,1,1356,566
646,player_f18dedde-441e-404d-babe-76789cc7979f@localhost,AlwaysDefect,D,player_00cf730d-4cac-4dec-8c0c-d9710328eb45@localhost,TitForTatWithForgiveness,D,1,1,1357,567
647,player_f18dedde-441e-404d-babe-76789cc7979f@localhost,AlwaysDefect,D,player_00cf730d-4cac-4dec-8c0c-d9710328eb45@localhost,TitForTatWithForgiveness,D,1,1,1358,568
648,player_f18dedde-441e-404d-babe-76789cc7979f@localhost,AlwaysDefect,D,player_00cf730d-4cac-4dec-8c0c-d9710328eb45@localhost,TitForTatWithForgiveness,C,10,0,1368,568
649,player_f18dedde-441e-404d-babe-76789cc7979f@localhost,AlwaysDefect,D,player_00cf730d-4cac-4dec-8c0c-d9710328eb45@localhost,TitForTatWithForgiveness,D,1,1,1369,569
650,player_f18dedde-441e-404d-babe-76789cc7979f@localhost,AlwaysDefect,D,player_00cf730d-4cac-4dec-8c0c-d9710328eb45@localhost,TitForTatWithForgiveness,D,1,1,1370,570
651,player_f18dedde-441e-404d-babe-76789cc7979f@localhost,AlwaysDefect,D,player_00cf730d-4cac-4dec-8c0c-d9710328eb45@localhost,TitForTatWithForgiveness,C,10,0,1380,570
652,player_f18dedde-441e-404d-babe-76789cc7979f@localhost,AlwaysDefect,D,player_00cf730d-4cac-4dec-8c0c-d9710328eb45@localhost,TitForTatWithForgiveness,D,1,1,1381,571
653,player_f18dedde-441e-404d-babe-76789cc7979f@localhost,AlwaysDefect,D,player_00cf730d-4cac-4dec-8c0c-d9710328eb45@localhost,TitForTatWithForgiveness,D,1,1,1382,572
654,player_f18dedde-441e-404d-babe-76789cc7979f@localhost,AlwaysDefect,D,player_00cf730d-4cac-4dec-8c0c-d9710328eb45@localhost,TitForTatWithForgiveness,D,1,1,1383,573
655,player_f18dedde-441e-404d-babe-76789cc7979f@localhost,AlwaysDefect,D,player_00cf730d-4cac-4dec-8c0c-d9710328eb45@localhost,TitForTatWithForgiveness,D,1,1,1384,574
656,player_f18dedde-441e-404d-babe-76789cc7979f@localhost,AlwaysDefect,D,player_00cf730d-4cac-4dec-8c0c-d9710328eb45@localhost,TitForTatWithForgiveness,D,1,1,1385,575
657,player_f18dedde-441e-404d-babe-76789cc7979f@localhost,AlwaysDefect,D,player_00cf730d-4cac-4dec-8c0c-d9710328eb45@localhost,TitForTatWithForgiveness,D,1,1,1386,576
658,player_f18dedde-441e-404d-babe-76789cc7979f@localhost,AlwaysDefect,D,player_00cf730d-4cac-4dec-8c0c-d9710328eb45@localhost,TitForTatWithForgiveness,D,1,1,1387,577
659,player_f18dedde-441e-404d-babe-76789cc7979f@localhost,AlwaysDefect,D,player_00cf730d-4cac-4dec-8c0c-d9710328eb45@localhost,TitForTatWithForgiveness,D,1,1,1388,578
660,player_f18dedde-441e-404d-babe-76789cc7979f@localhost,AlwaysDefect,D,player_00cf730d-4cac-4dec-8c0c-d9710328eb45@localhost,TitForTatWithForgiveness,D,1,1,1389,579
661,player_f18dedde-441e-404d-babe-76789cc7979f@localhost,AlwaysDefect,D,player_00cf730d-4cac-4dec-8c0c-d9710328eb45@localhost,TitForTatWithForgiveness,D,1,1,1390,580
662,player_f18dedde-441e-404d-babe-76789cc7979f@localhost,AlwaysDefect,D,player_00cf730d-4cac-4dec-8c0c-d9710328eb45@localhost,TitForTatWithForgiveness,D,1,1,1391,581
663,player_f18dedde-441e-404d-babe-76789cc7979f@localhost,AlwaysDefect,D,player_00cf730d-4cac-4dec-8c0c-d9710328eb45@localhost,TitForTatWithForgiveness,D,1,1,1392,582
664,player_f18dedde-441e-404d-babe-76789cc7979f@localhost,AlwaysDefect,D,player_00cf730d-4cac-4dec-8c0c-d9710328eb45@localhost,TitForTatWithForgiveness,D,1,1,1393,583
665,player_f18dedde-441e-404d-babe-76789cc7979f@localhost,AlwaysDefect,D,player_00cf730d-4cac-4dec-8c0c-d9710328eb45@localhost,TitForTatWithForgiveness,C,10,0,1403,583
666,player_f18dedde-441e-404d-babe-76789cc7979f@localhost,AlwaysDefect,D,player_00cf730d-4cac-4dec-8c0c-d9710328eb45@localhost,TitForTatWithForgiveness,D,1,1,1404,584
667,player_f18dedde-441e-404d-babe-76789cc7979f@localhost,AlwaysDefect,D,player_00cf730d-4cac-4dec-8c0c-d9710328eb45@localhost,TitForTatWithForgiveness,D,1,1,1405,585
668,player_f18dedde-441e-404d-babe-76789cc7979f@localhost,AlwaysDefect,D,player_00cf730d-4cac-4dec-8c0c-d9710328eb45@localhost,TitForTatWithForgiveness,D,1,1,1406,586
669,player_f18dedde-441e-404d-babe-76789cc7979f@localhost,AlwaysDefect,D,player_00cf730d-4cac-4dec-8c0c-d9710328eb45@localhost,TitForTatWithForgiveness,D,1,1,1407,587
670,player_f18dedde-441e-404d-babe-76789cc7979f@localhost,AlwaysDefect,D,player_00cf730d-4cac-4dec-8c0c-d9710328eb45@localhost,TitForTatWithForgiveness,D,1,1,1408,588
671,player_f18dedde-441e-404d-babe-76789cc7979f@localhost,AlwaysDefect,D,player_00cf730d-4cac-4dec-8c0c-d9710328eb45@localhost,TitForTatWithForgiveness,D,1,1,1409,589
672,player_f18dedde-441e-404d-babe-76789cc7979f@localhost,AlwaysDefect,D,player_00cf730d-4cac-4dec-8c0c-d9710328eb45@localhost,TitForTatWithForgiveness,D,1,1,1410,590
673,player_f18dedde-441e-404d-babe-76789cc7979f@localhost,AlwaysDefect,D,player_00cf730d-4cac-4dec-8c0c-d9710328eb45@localhost,TitForTatWithForgiveness,D,1,1,1411,591
674,player_f18dedde-441e-404d-babe-76789cc7979f@localhost,AlwaysDefect,D,player_00cf730d-4cac-4dec-8c0c-d9710328eb45@localhost,TitForTatWithForgiveness,D,1,1,1412,592
675,player_f18dedde-441e-404d-babe-76789cc7979f@localhost,AlwaysDefect,D,player_00cf730d-4cac-4dec-8c0c-d9710328eb45@localhost,TitForTatWithForgiveness,C,10,0,1422,592
676,player_f18dedde-441e-404d-babe-76789cc7979f@localhost,AlwaysDefect,D,player_00cf730d-4cac-4dec-8c0c-d9710328eb45@localhost,TitForTatWithForgiveness,D,1,1,1423,593
677,player_f18dedde-441e-404d-babe-76789cc7979f@localhost,AlwaysDefect,D,player_00cf730d-4cac-4dec-8c0c-d9710328eb45@localhost,TitForTatWithForgiveness,C,10,0,1433,593
678,player_f18dedde-441e-404d-babe-76789cc7979f@localhost,AlwaysDefect,D,player_00cf730d-4cac-4dec-8c0c-d9710328eb45@localhost,TitForTatWithForgiveness,D,1,1,1434,594
679,player_f18dedde-441e-404d-babe-76789cc7979f@localhost,AlwaysDefect,D,player_00cf730d-4cac-4dec-8c0c-d9710328eb45@localhost,TitForTatWithForgiveness,D,1,1,1435,595
680,player_f18dedde-441e-404d-babe-76789cc7979f@localhost,AlwaysDefect,D,player_00cf730d-4cac-4dec-8c0c-d9710328eb45@localhost,TitForTatWithForgiveness,D,1,1,1436,596
681,player_f18dedde-441e-404d-babe-76789cc7979f@localhost,AlwaysDefect,D,player_00cf730d-4cac-4dec-8c0c-d9710328eb45@localhost,TitForTatWithForgiveness,D,1,1,1437,597
682,player_f18dedde-441e-404d-babe-76789cc7979f@localhost,AlwaysDefect,D,player_00cf730d-4cac-4dec-8c0c-d9710328eb45@localhost,TitForTatWithForgiveness,D,1,1,1438,598
683,player_f18dedde-441e-404d-babe-76789cc7979f@localhost,AlwaysDefect,D,player_00cf730d-4cac-4dec-8c0c-d9710328eb45@localhost,TitForTatWithForgiveness,D,1,1,1439,599
684,player_f18dedde-441e-404d-babe-76789cc7979f@localhost,AlwaysDefect,D,player_00cf730d-4cac-4dec-8c0c-d9710328eb45@localhost,TitForTatWithForgiveness,D,1,1,1440,600
685,player_f18dedde-441e-404d-babe-76789cc7979f@localhost,AlwaysDefect,D,player_00cf730d-4cac-4dec-8c0c-d9710328eb45@localhost,TitForTatWithForgiveness,D,1,1,1441,601
686,player_f18dedde-441e-404d-babe-76789cc7979f@localhost,AlwaysDefect,D,player_00cf730d-4cac-4dec-8c0c-d9710328eb45@localhost,TitForTatWithForgiveness,D,1,1,1442,602
687,player_f18dedde-441e-404d-babe-76789cc7979f@localhost,AlwaysDefect,D,player_00cf730d-4cac-4dec-8c0c-d9710328eb45@localhost,TitForTatWithForgiveness,D,1,1,1443,603
688,player_f18dedde-441e-404d-babe-76789cc7979f@localhost,AlwaysDefect,D,player_00cf730d-4cac-4dec-8c0c-d9710328eb45@localhost,TitForTatWithForgiveness,D,1,1,1444,604
689,player_f18dedde-441e-404d-babe-76789cc7979f@localhost,AlwaysDefect,D,player_00cf730d-4cac-4dec-8c0c-d9710328eb45@localhost,TitForTatWithForgiveness,D,1,1,1445,605
690,player_f18dedde-441e-404d-babe-76789cc7979f@localhost,AlwaysDefect,D,player_00cf730d-4cac-4dec-8c0c-d9710328eb45@localhost,TitForTatWithForgiveness,D,1,1,1446,606
691,player_f18dedde-441e-404d-babe-76789cc7979f@localhost,AlwaysDefect,D,player_00cf730d-4cac-4dec-8c0c-d9710328eb45@localhost,TitForTatWithForgiveness,D,1,1,1447,607
692,player_f18dedde-441e-404d-babe-76789cc7979f@localhost,AlwaysDefect,D,player_00cf730d-4cac-4dec-8c0c-d9710328eb45@localhost,TitForTatWithForgiveness,D,1,1,1448,608
693,player_f18dedde-441e-404d-babe-76789cc7979f@localhost,AlwaysDefect,D,player_00cf730d-4cac-4dec-8c0c-d9710328eb45@localhost,TitForTatWithForgiveness,D,1,1,1449,609
694,player_f18dedde-441e-404d-babe-76789cc7979f@localhost,AlwaysDefect,D,player_00cf730d-4cac-4dec-8c0c-d9710328eb45@localhost,TitForTatWithForgiveness,D,1,1,1450,610
695,player_f18dedde-441e-404d-babe-76789cc7979f@localhost,AlwaysDefect,D,player_00cf730d-4cac-4dec-8c0c-d9710328eb45@localhost,TitForTatWithForgiveness,D,1,1,1451,611
696,player_f18dedde-441e-404d-babe-76789cc7979f@localhost,AlwaysDefect,D,player_00cf730d-4cac-4dec-8c0c-d9710328eb45@localhost,TitForTatWithForgiveness,D,1,1,1452,612
697,player_f18dedde-441e-404d-babe-76789cc7979f@localhost,AlwaysDefect,D,player_00cf730d-4cac-4dec-8c0c-d9710328eb45@localhost,TitForTatWithForgiveness,D,1,1,1453,613
698,player_f18dedde-441e-404d-babe-76789cc7979f@localhost,AlwaysDefect,D,player_00cf730d-4cac-4dec-8c0c-d9710328eb45@localhost,TitForTatWithForgiveness,D,1,1,1454,614
699,player_f18dedde-441e-404d-babe-76789cc7979f@localhost,AlwaysDefect,D,player_00cf730d-4cac-4dec-8c0c-d9710328eb45@localhost,TitForTatWithForgiveness,D,1,1,1455,615
700,player_f18dedde-441e-404d-babe-76789cc7979f@localhost,AlwaysDefect,D,player_00cf730d-4cac-4dec-8c0c-d9710328eb45@localhost,TitForTatWithForgiveness,C,10,0,1465,615
701,player_f18dedde-441e-404d-babe-76789cc7979f@localhost,AlwaysDefect,D,player_00cf730d-4cac-4dec-8c0c-d9710328eb45@localhost,TitForTatWithForgiveness,D,1,1,1466,616
702,player_f18dedde-441e-404d-babe-76789cc7979f@localhost,AlwaysDefect,D,player_00cf730d-4cac-4dec-8c0c-d9710328eb45@localhost,TitForTatWithForgiveness,D,1,1,1467,617
703,player_f18dedde-441e-404d-babe-76789cc7979f@localhost,AlwaysDefect,D,player_00cf730d-4cac-4dec-8c0c-d9710328eb45@localhost,TitForTatWithForgiveness,D,1,1,1468,618
704,player_f18dedde-441e-404d-babe-76789cc7979f@localhost,AlwaysDefect,D,player_00cf730d-4cac-4dec-8c0c-d9710328eb45@localhost,TitForTatWithForgiveness,D,1,1,1469,619
705,player_f18dedde-441e-404d-babe-76789cc7979f@localhost,AlwaysDefect,D,player_00cf730d-4cac-4dec-8c0c-d9710328eb45@localhost,TitForTatWithForgiveness,D,1,1,1470,620
706,player_f18dedde-441e-404d-babe-76789cc7979f@localhost,AlwaysDefect,D,player_00cf730d-4cac-4dec-8c0c-d9710328eb45@localhost,TitForTatWithForgiveness,D,1,1,1471,621
707,player_f18dedde-441e-404d-babe-76789cc7979f@localhost,AlwaysDefect,D,player_00cf730d-4cac-4dec-8c0c-d9710328eb45@localhost,TitForTatWithForgiveness,D,1,1,1472,622
708,player_f18dedde-441e-404d-babe-76789cc7979f@localhost,AlwaysDefect,D,player_00cf730d-4cac-4dec-8c0c-d9710328eb45@localhost,TitForTatWithForgiveness,D,1,1,1473,623
709,player_f18dedde-441e-404d-babe-76789cc7979f@localhost,AlwaysDefect,D,player_00cf730d-4cac-4dec-8c0c-d9710328eb45@localhost,TitForTatWithForgiveness,D,1,1,1474,624
710,player_f18dedde-441e-404d-babe-76789cc7979f@localhost,AlwaysDefect,D,player_00cf730d-4cac-4dec-8c0c-d9710328eb45@localhost,TitForTatWithForgiveness,D,1,1,1475,625
711,player_f18dedde-441e-404d-babe-76789cc7979f@localhost,AlwaysDefect,D,player_00cf730d-4cac-4dec-8c0c-d9710328eb45@localhost,TitForTatWithForgiveness,D,1,1,1476,626
712,player_f18dedde-441e-404d-babe-76789cc7979f@localhost,AlwaysDefect,D,player_00cf730d-4cac-4dec-8c0c-d9710328eb45@localhost,TitForTatWithForgiveness,D,1,1,1477,627
713,player_f18dedde-441e-404d-babe-76789cc7979f@localhost,AlwaysDefect,D,player_00cf730d-4cac-4dec-8c0c-d9710328eb45@localhost,TitForTatWithForgiveness,D,1,1,1478,628
714,player_f18dedde-441e-404d-babe-76789cc7979f@localhost,AlwaysDefect,D,player_00cf730d-4cac-4dec-8c0c-d9710328eb45@localhost,TitForTatWithForgiveness,D,1,1,1479,629
715,player_f18dedde-441e-404d-babe-76789cc7979f@localhost,AlwaysDefect,D,player_00cf730d-4cac-4dec-8c0c-d9710328eb45@localhost,TitForTatWithForgiveness,D,1,1,1480,630
716,player_f18dedde-441e-404d-babe-76789cc7979f@localhost,AlwaysDefect,D,player_00cf730d-4cac-4dec-8c0c-d9710328eb45@localhost,TitForTatWithForgiveness,D,1,1,1481,631
717,player_f18dedde-441e-404d-babe-76789cc7979f@localhost,AlwaysDefect,D,player_00cf730d-4cac-4dec-8c0c-d9710328eb45@localhost,TitForTatWithForgiveness,D,1,1,1482,632
718,player_f18dedde-441e-404d-babe-76789cc7979f@localhost,AlwaysDefect,D,player_00cf730d-4cac-4dec-8c0c-d9710328eb45@localhost,TitForTatWithForgiveness,D,1,1,1483,633
719,player_f18dedde-441e-404d-babe-76789cc7979f@localhost,AlwaysDefect,D,player_00cf730d-4cac-4dec-8c0c-d9710328eb45@localhost,TitForTatWithForgiveness,D,1,1,1484,634
720,player_f18dedde-441e-404d-babe-76789cc7979f@localhost,AlwaysDefect,D,player_00cf730d-4cac-4dec-8c0c-d9710328eb45@localhost,TitForTatWithForgiveness,D,1,1,1485,635
721,player_f18dedde-441e-404d-babe-76789cc7979f@localhost,AlwaysDefect,D,player_00cf730d-4cac-4dec-8c0c-d9710328eb45@localhost,TitForTatWithForgiveness,D,1,1,1486,636
722,player_f18dedde-441e-404d-babe-76789cc7979f@localhost,AlwaysDefect,D,player_00cf730d-4cac-4dec-8c0c-d9710328eb45@localhost,TitForTatWithForgiveness,D,1,1,1487,637
723,player_f18dedde-441e-404d-babe-76789cc7979f@localhost,AlwaysDefect,D,player_00cf730d-4cac-4dec-8c0c-d9710328eb45@localhost,TitForTatWithForgiveness,D,1,1,1488,638
724,player_f18dedde-441e-404d-babe-76789cc7979f@localhost,AlwaysDefect,D,player_00cf730d-4cac-4dec-8c0c-d9710328eb45@localhost,TitForTatWithForgiveness,D,1,1,1489,639
725,player_f18dedde-441e-404d-babe-76789cc7979f@localhost,AlwaysDefect,D,player_00cf730d-4cac-4dec-8c0c-d9710328eb45@localhost,TitForTatWithForgiveness,D,1,1,1490,640
726,player_f18dedde-441e-404d-babe-76789cc7979f@localhost,AlwaysDefect,D,player_00cf730d-4cac-4dec-8c0c-d9710328eb45@localhost,TitForTatWithForgiveness,C,10,0,1500,640
727,player_f18dedde-441e-404d-babe-76789cc7979f@localhost,AlwaysDefect,D,player_00cf730d-4cac-4dec-8c0c-d9710328eb45@localhost,TitForTatWithForgiveness,D,1,1,1501,641
728,player_f18dedde-441e-404d-babe-76789cc7979f@localhost,AlwaysDefect,D,player_00cf730d-4cac-4dec-8c0c-d9710328eb45@localhost,TitForTatWithForgiveness,D,1,1,1502,642
729,player_f18dedde-441e-404d-babe-76789cc7979f@localhost,AlwaysDefect,D,player_00cf730d-4cac-4dec-8c0c-d9710328eb45@localhost,TitForTatWithForgiveness,D,1,1,1503,643
730,player_f18dedde-441e-404d-babe-76789cc7979f@localhost,AlwaysDefect,D,player_00cf730d-4cac-4dec-8c0c-d9710328eb45@localhost,TitForTatWithForgiveness,D,1,1,1504,644
731,player_f18dedde-441e-404d-babe-76789cc7979f@localhost,AlwaysDefect,D,player_00cf730d-4cac-4dec-8c0c-d9710328eb45@localhost,TitForTatWithForgiveness,D,1,1,1505,645
732,player_f18dedde-441e-404d-babe-76789cc7979f@localhost,AlwaysDefect,D,player_00cf730d-4cac-4dec-8c0c-d9710328eb45@localhost,TitForTatWithForgiveness,D,1,1,1506,646
733,player_f18dedde-441e-404d-babe-76789cc7979f@localhost,AlwaysDefect,D,player_00cf730d-4cac-4dec-8c0c-d9710328eb45@localhost,TitForTatWithForgiveness,D,1,1,1507,647
734,player_f18dedde-441e-404d-babe-76789cc7979f@localhost,AlwaysDefect,D,player_00cf730d-4cac-4dec-8c0c-d9710328eb45@localhost,TitForTatWithForgiveness,C,10,0,1517,647
735,player_f18dedde-441e-404d-babe-76789cc7979f@localhost,AlwaysDefect,D,player_00cf730d-4cac-4dec-8c0c-d9710328eb45@localhost,TitForTatWithForgiveness,D,1,1,1518,648
736,player_f18dedde-441e-404d-babe-76789cc7979f@localhost,AlwaysDefect,D,player_00cf730d-4cac-4dec-8c0c-d9710328eb45@localhost,TitForTatWithForgiveness,D,1,1,1519,649
737,player_f18dedde-441e-404d-babe-76789cc7979f@localhost,AlwaysDefect,D,player_00cf730d-4cac-4dec-8c0c-d9710328eb45@localhost,TitForTatWithForgiveness,D,1,1,1520,650
738,player_f18dedde-441e-404d-babe-76789cc7979f@localhost,AlwaysDefect,D,player_00cf730d-4cac-4dec-8c0c-d9710328eb45@localhost,TitForTatWithForgiveness,D,1,1,1521,651
739,player_f18dedde-441e-404d-babe-76789cc7979f@localhost,AlwaysDefect,D,player_00cf730d-4cac-4dec-8c0c-d9710328eb45@localhost,TitForTatWithForgiveness,D,1,1,1522,652
740,player_f18dedde-441e-404d-babe-76789cc7979f@localhost,AlwaysDefect,D,player_00cf730d-4cac-4dec-8c0c-d9710328eb45@localhost,TitForTatWithForgiveness,D,1,1,1523,653
741,player_f18dedde-441e-404d-babe-76789cc7979f@localhost,AlwaysDefect,D,player_00cf730d-4cac-4dec-8c0c-d9710328eb45@localhost,TitForTatWithForgiveness,D,1,1,1524,654
742,player_f18dedde-441e-404d-babe-76789cc7979f@localhost,AlwaysDefect,D,player_00cf730d-4cac-4dec-8c0c-d9710328eb45@localhost,TitForTatWithForgiveness,D,1,1,1525,655
743,player_f18dedde-441e-404d-babe-76789cc7979f@localhost,AlwaysDefect,D,player_00cf730d-4cac-4dec-8c0c-d9710328eb45@localhost,TitForTatWithForgiveness,D,1,1,1526,656
744,player_f18dedde-441e-404d-babe-76789cc7979f@localhost,AlwaysDefect,D,player_00cf730d-4cac-4dec-8c0c-d9710328eb45@localhost,TitForTatWithForgiveness,D,1,1,1527,657
745,player_f18dedde-441e-404d-babe-76789cc7979f@localhost,AlwaysDefect,D,player_00cf730d-4cac-4dec-8c0c-d9710328eb45@localhost,TitForTatWithForgiveness,D,1,1,1528,658
746,player_f18dedde-441e-404d-babe-76789cc7979f@localhost,AlwaysDefect,D,player_00cf730d-4cac-4dec-8c0c-d9710328eb45@localhost,TitForTatWithForgiveness,C,10,0,1538,658
747,player_f18dedde-441e-404d-babe-76789cc7979f@localhost,AlwaysDefect,D,player_00cf730d-4cac-4dec-8c0c-d9710328eb45@localhost,TitForTatWithForgiveness,D,1,1,1539,659
748,player_f18dedde-441e-404d-babe-76789cc7979f@localhost,AlwaysDefect,D,player_00cf730d-4cac-4dec-8c0c-d9710328eb45@localhost,TitForTatWithForgiveness,D,1,1,1540,660
749,player_f18dedde-441e-404d-babe-76789cc7979f@localhost,AlwaysDefect,D,player_00cf730d-4cac-4dec-8c0c-d9710328eb45@localhost,TitForTatWithForgiveness,D,1,1,1541,661
750,player_f18dedde-441e-404d-babe-76789cc7979f@localhost,AlwaysDefect,D,player_00cf730d-4cac-4dec-8c0c-d9710328eb45@localhost,TitForTatWithForgiveness,D,1,1,1542,662
751,player_f18dedde-441e-404d-babe-76789cc7979f@localhost,AlwaysDefect,D,player_00cf730d-4cac-4dec-8c0c-d9710328eb45@localhost,TitForTatWithForgiveness,D,1,1,1543,663
752,player_f18dedde-441e-404d-babe-76789cc7979f@localhost,AlwaysDefect,D,player_00cf730d-4cac-4dec-8c0c-d9710328eb45@localhost,TitForTatWithForgiveness,D,1,1,1544,664
753,player_f18dedde-441e-404d-babe-76789cc7979f@localhost,AlwaysDefect,D,player_00cf730d-4cac-4dec-8c0c-d9710328eb45@localhost,TitForTatWithForgiveness,D,1,1,1545,665
754,player_f18dedde-441e-404d-babe-76789cc7979f@localhost,AlwaysDefect,D,player_00cf730d-4cac-4dec-8c0c-d9710328eb45@localhost,TitForTatWithForgiveness,D,1,1,1546,666
755,player_f18dedde-441e-404d-babe-76789cc7979f@localhost,AlwaysDefect,D,player_00cf730d-4cac-4dec-8c0c-d9710328eb45@localhost,TitForTatWithForgiveness,D,1,1,1547,667
756,player_f18dedde-441e-404d-babe-76789cc7979f@localhost,AlwaysDefect,D,player_00cf730d-4cac-4dec-8c0c-d9710328eb45@localhost,TitForTatWithForgiveness,D,1,1,1548,668
757,player_f18dedde-441e-404d-babe-76789cc7979f@localhost,AlwaysDefect,D,player_00cf730d-4cac-4dec-8c0c-d9710328eb45@localhost,TitForTatWithForgiveness,D,1,1,1549,669
758,player_f18dedde-441e-404d-babe-76789cc7979f@localhost,AlwaysDefect,D,player_00cf730d-4cac-4dec-8c0c-d9710328eb45@localhost,TitForTatWithForgiveness,D,1,1,1550,670
759,player_f18dedde-441e-404d-babe-76789cc7979f@localhost,AlwaysDefect,D,player_00cf730d-4cac-4dec-8c0c-d9710328eb45@localhost,TitForTatWithForgiveness,C,10,0,1560,670
760,player_f18dedde-441e-404d-babe-76789cc7979f@localhost,AlwaysDefect,D,player_00cf730d-4cac-4dec-8c0c-d9710328eb45@localhost,TitForTatWithForgiveness,D,1,1,1561,671
761,player_f18dedde-441e-404d-babe-76789cc7979f@localhost,AlwaysDefect,D,player_00cf730d-4cac-4dec-8c0c-d9710328eb45@localhost,TitForTatWithForgiveness,D,1,1,1562,672
762,player_f18dedde-441e-404d-babe-76789cc7979f@localhost,AlwaysDefect,D,player_00cf730d-4cac-4dec-8c0c-d9710328eb45@localhost,TitForTatWithForgiveness,D,1,1,1563,673
763,player_f18dedde-441e-404d-babe-76789cc7979f@localhost,AlwaysDefect,D,player_00cf730d-4cac-4dec-8c0c-d9710328eb45@localhost,TitForTatWithForgiveness,D,1,1,1564,674
764,player_f18dedde-441e-404d-babe-76789cc7979f@localhost,AlwaysDefect,D,player_00cf730d-4cac-4dec-8c0c-d9710328eb45@localhost,TitForTatWithForgiveness,C,10,0,1574,674
765,player_f18dedde-441e-404d-babe-76789cc7979f@localhost,AlwaysDefect,D,player_00cf730d-4cac-4dec-8c0c-d9710328eb45@localhost,TitForTatWithForgiveness,D,1,1,1575,675
766,player_f18dedde-441e-404d-babe-76789cc7979f@localhost,AlwaysDefect,D,player_00cf730d-4cac-4dec-8c0c-d9710328eb45@localhost,TitForTatWithForgiveness,D,1,1,1576,676
767,player_f18dedde-441e-404d-babe-76789cc7979f@localhost,AlwaysDefect,D,player_00cf730d-4cac-4dec-8c0c-d9710328eb45@localhost,TitForTatWithForgiveness,D,1,1,1577,677
768,player_f18dedde-441e-404d-babe-76789cc7979f@localhost,AlwaysDefect,D,player_00cf730d-4cac-4dec-8c0c-d9710328eb45@localhost,TitForTatWithForgiveness,D,1,1,1578,678
769,player_f18dedde-441e-404d-babe-76789cc7979f@localhost,AlwaysDefect,D,player_00cf730d-4cac-4dec-8c0c-d9710328eb45@localhost,TitForTatWithForgiveness,C,10,0,1588,678
770,player_f18dedde-441e-404d-babe-76789cc7979f@localhost,AlwaysDefect,D,player_00cf730d-4cac-4dec-8c0c-d9710328eb45@localhost,TitForTatWithForgiveness,C,10,0,1598,678
771,player_f18dedde-441e-404d-babe-76789cc7979f@localhost,AlwaysDefect,D,player_00cf730d-4cac-4dec-8c0c-d9710328eb45@localhost,TitForTatWithForgiveness,C,10,0,1608,678
772,player_f18dedde-441e-404d-babe-76789cc7979f@localhost,AlwaysDefect,D,player_00cf730d-4cac-4dec-8c0c-d9710328eb45@localhost,TitForTatWithForgiveness,D,1,1,1609,679
773,player_f18dedde-441e-404d-babe-76789cc7979f@localhost,AlwaysDefect,D,player_00cf730d-4cac-4dec-8c0c-d9710328eb45@localhost,TitForTatWithForgiveness,D,1,1,1610,680
774,player_f18dedde-441e-404d-babe-76789cc7979f@localhost,AlwaysDefect,D,player_00cf730d-4cac-4dec-8c0c-d9710328eb45@localhost,TitForTatWithForgiveness,D,1,1,1611,681
775,player_f18dedde-441e-404d-babe-76789cc7979f@localhost,AlwaysDefect,D,player_00cf730d-4cac-4dec-8c0c-d9710328eb45@localhost,TitForTatWithForgiveness,D,1,1,1612,682
776,player_f18dedde-441e-404d-babe-76789cc7979f@localhost,AlwaysDefect,D,player_00cf730d-4cac-4dec-8c0c-d9710328eb45@localhost,TitForTatWithForgiveness,D,1,1,1613,683
777,player_f18dedde-441e-404d-babe-76789cc7979f@localhost,AlwaysDefect,D,player_00cf730d-4cac-4dec-8c0c-d9710328eb45@localhost,TitForTatWithForgiveness,D,1,1,1614,684
778,player_f18dedde-441e-404d-babe-76789cc7979f@localhost,AlwaysDefect,D,player_00cf730d-4cac-4dec-8c0c-d9710328eb45@localhost,TitForTatWithForgiveness,D,1,1,1615,685
779,player_f18dedde-441e-404d-babe-76789cc7979f@localhost,AlwaysDefect,D,player_00cf730d-4cac-4dec-8c0c-d9710328eb45@localhost,TitForTatWithForgiveness,D,1,1,1616,686
780,player_f18dedde-441e-404d-babe-76789cc7979f@localhost,AlwaysDefect,D,player_00cf730d-4cac-4dec-8c0c-d9710328eb45@localhost,TitForTatWithForgiveness,D,1,1,1617,687
781,player_f18dedde-441e-404d-babe-76789cc7979f@localhost,AlwaysDefect,D,player_00cf730d-4cac-4dec-8c0c-d9710328eb45@localhost,TitForTatWithForgiveness,D,1,1,1618,688
782,player_f18dedde-441e-404d-babe-76789cc7979f@localhost,AlwaysDefect,D,player_00cf730d-4cac-4dec-8c0c-d9710328eb45@localhost,TitForTatWithForgiveness,D,1,1,1619,689
783,player_f18dedde-441e-404d-babe-76789cc7979f@localhost,AlwaysDefect,D,player_00cf730d-4cac-4dec-8c0c-d9710328eb45@localhost,TitForTatWithForgiveness,D,1,1,1620,690
784,player_f18dedde-441e-404d-babe-76789cc7979f@localhost,AlwaysDefect,D,player_00cf730d-4cac-4dec-8c0c-d9710328eb45@localhost,TitForTatWithForgiveness,D,1,1,1621,691
785,player_f18dedde-441e-404d-babe-76789cc7979f@localhost,AlwaysDefect,D,player_00cf730d-4cac-4dec-8c0c-d9710328eb45@localhost,TitForTatWithForgiveness,D,1,1,1622,692
786,player_f18dedde-441e-404d-babe-76789cc7979f@localhost,AlwaysDefect,D,player_00cf730d-4cac-4dec-8c0c-d9710328eb45@localhost,TitForTatWithForgiveness,D,1,1,1623,693
787,player_f18dedde-441e-404d-babe-76789cc7979f@localhost,AlwaysDefect,D,player_00cf730d-4cac-4dec-8c0c-d9710328eb45@localhost,TitForTatWithForgiveness,D,1,1,1624,694
788,player_f18dedde-441e-404d-babe-76789cc7979f@localhost,AlwaysDefect,D,player_00cf730d-4cac-4dec-8c0c-d9710328eb45@localhost,TitForTatWithForgiveness,D,1,1,1625,695
789,player_f18dedde-441e-404d-babe-76789cc7979f@localhost,AlwaysDefect,D,player_00cf730d-4cac-4dec-8c0c-d9710328eb45@localhost,TitForTatWithForgiveness,D,1,1,1626,696
790,player_f18dedde-441e-404d-babe-76789cc7979f@localhost,AlwaysDefect,D,player_00cf730d-4cac-4dec-8c0c-d9710328eb45@localhost,TitForTatWithForgiveness,D,1,1,1627,697
791,player_f18dedde-441e-404d-babe-76789cc7979f@localhost,AlwaysDefect,D,player_00cf730d-4cac-4dec-8c0c-d9710328eb45@localhost,TitForTatWithForgiveness,D,1,1,1628,698
792,player_f18dedde-441e-404d-babe-76789cc7979f@localhost,AlwaysDefect,D,player_00cf730d-4cac-4dec-8c0c-d9710328eb45@localhost,TitForTatWithForgiveness,D,1,1,1629,699
793,player_f18dedde-441e-404d-babe-76789cc7979f@localhost,AlwaysDefect,D,player_00cf730d-4cac-4dec-8c0c-d9710328eb45@localhost,TitForTatWithForgiveness,D,1,1,1630,700
794,player_f18dedde-441e-404d-babe-76789cc7979f@localhost,AlwaysDefect,D,player_00cf730d-4cac-4dec-8c0c-d9710328eb45@localhost,TitForTatWithForgiveness,C,10,0,1640,700
795,player_f18dedde-441e-404d-babe-76789cc7979f@localhost,AlwaysDefect,D,player_00cf730d-4cac-4dec-8c0c-d9710328eb45@localhost,TitForTatWithForgiveness,D,1,1,1641,701
796,player_f18dedde-441e-404d-babe-76789cc7979f@localhost,AlwaysDefect,D,player_00cf730d-4cac-4dec-8c0c-d9710328eb45@localhost,TitForTatWithForgiveness,D,1,1,1642,702
797,player_f18dedde-441e-404d-babe-76789cc7979f@localhost,AlwaysDefect,D,player_00cf730d-4cac-4dec-8c0c-d9710328eb45@localhost,TitForTatWithForgiveness,C,10,0,1652,702
798,player_f18dedde-441e-404d-babe-76789cc7979f@localhost,AlwaysDefect,D,player_00cf730d-4cac-4dec-8c0c-d9710328eb45@localhost,TitForTatWithForgiveness,D,1,1,1653,703
799,player_f18dedde-441e-404d-babe-76789cc7979f@localhost,AlwaysDefect,D,player_00cf730d-4cac-4dec-8c0c-d9710328eb45@localhost,TitForTatWithForgiveness,D,1,1,1654,704
800,player_f18dedde-441e-404d-babe-76789cc7979f@localhost,AlwaysDefect,D,player_00cf730d-4cac-4dec-8c0c-d9710328eb45@localhost,TitForTatWithForgiveness,D,1,1,1655,705
801,player_f18dedde-441e-404d-babe-76789cc7979f@localhost,AlwaysDefect,D,player_00cf730d-4cac-4dec-8c0c-d9710328eb45@localhost,TitForTatWithForgiveness,D,1,1,1656,706
802,player_f18dedde-441e-404d-babe-76789cc7979f@localhost,AlwaysDefect,D,player_00cf730d-4cac-4dec-8c0c-d9710328eb45@localhost,TitForTatWithForgiveness,D,1,1,1657,707
803,player_f18dedde-441e-404d-babe-76789cc7979f@localhost,AlwaysDefect,D,player_00cf730d-4cac-4dec-8c0c-d9710328eb45@localhost,TitForTatWithForgiveness,C,10,0,1667,707
804,player_f18dedde-441e-404d-babe-76789cc7979f@localhost,AlwaysDefect,D,player_00cf730d-4cac-4dec-8c0c-d9710328eb45@localhost,TitForTatWithForgiveness,D,1,1,1668,708
805,player_f18dedde-441e-404d-babe-76789cc7979f@localhost,AlwaysDefect,D,player_00cf730d-4cac-4dec-8c0c-d9710328eb45@localhost,TitForTatWithForgiveness,D,1,1,1669,709
806,player_f18dedde-441e-404d-babe-76789cc7979f@localhost,AlwaysDefect,D,player_00cf730d-4cac-4dec-8c0c-d9710328eb45@localhost,TitForTatWithForgiveness,D,1,1,1670,710
807,player_f18dedde-441e-404d-babe-76789cc7979f@localhost,AlwaysDefect,D,player_00cf730d-4cac-4dec-8c0c-d9710328eb45@localhost,TitForTatWithForgiveness,C,10,0,1680,710
808,player_f18dedde-441e-404d-babe-76789cc7979f@localhost,AlwaysDefect,D,player_00cf730d-4cac-4dec-8c0c-d9710328eb45@localhost,TitForTatWithForgiveness,D,1,1,1681,711
809,player_f18dedde-441e-404d-babe-76789cc7979f@localhost,AlwaysDefect,D,player_00cf730d-4cac-4dec-8c0c-d9710328eb45@localhost,TitForTatWithForgiveness,D,1,1,1682,712
810,player_f18dedde-441e-404d-babe-76789cc7979f@localhost,AlwaysDefect,D,player_00cf730d-4cac-4dec-8c0c-d9710328eb45@localhost,TitForTatWithForgiveness,D,1,1,1683,713
811,player_f18dedde-441e-404d-babe-76789cc7979f@localhost,AlwaysDefect,D,player_00cf730d-4cac-4dec-8c0c-d9710328eb45@localhost,TitForTatWithForgiveness,D,1,1,1684,714
812,player_f18dedde-441e-404d-babe-76789cc7979f@localhost,AlwaysDefect,D,player_00cf730d-4cac-4dec-8c0c-d9710328eb45@localhost,TitForTatWithForgiveness,D,1,1,1685,715
813,player_f18dedde-441e-404d-babe-76789cc7979f@localhost,AlwaysDefect,D,player_00cf730d-4cac-4dec-8c0c-d9710328eb45@localhost,TitForTatWithForgiveness,C,10,0,1695,715
814,player_f18dedde-441e-404d-babe-76789cc7979f@localhost,AlwaysDefect,D,player_00cf730d-4cac-4dec-8c0c-d9710328eb45@localhost,TitForTatWithForgiveness,D,1,1,1696,716
815,player_f18dedde-441e-404d-babe-76789cc7979f@localhost,AlwaysDefect,D,player_00cf730d-4cac-4dec-8c0c-d9710328eb45@localhost,TitForTatWithForgiveness,D,1,1,1697,717
816,player_f18dedde-441e-404d-babe-76789cc7979f@localhost,AlwaysDefect,D,player_00cf730d-4cac-4dec-8c0c-d9710328eb45@localhost,TitForTatWithForgiveness,D,1,1,1698,718
817,player_f18dedde-441e-404d-babe-76789cc7979f@localhost,AlwaysDefect,D,player_00cf730d-4cac-4dec-8c0c-d9710328eb45@localhost,TitForTatWithForgiveness,D,1,1,1699,719
818,player_f18dedde-441e-404d-babe-76789cc7979f@localhost,AlwaysDefect,D,player_00cf730d-4cac-4dec-8c0c-d9710328eb45@localhost,TitForTatWithForgiveness,C,10,0,1709,719
819,player_f18dedde-441e-404d-babe-76789cc7979f@localhost,AlwaysDefect,D,player_00cf730d-4cac-4dec-8c0c-d9710328eb45@localhost,TitForTatWithForgiveness,D,1,1,1710,720
820,player_f18dedde-441e-404d-babe-76789cc7979f@localhost,AlwaysDefect,D,player_00cf730d-4cac-4dec-8c0c-d9710328eb45@localhost,TitForTatWithForgiveness,D,1,1,1711,721
821,player_f18dedde-441e-404d-babe-76789cc7979f@localhost,AlwaysDefect,D,player_00cf730d-4cac-4dec-8c0c-d9710328eb45@localhost,TitForTatWithForgiveness,D,1,1,1712,722
822,player_f18dedde-441e-404d-babe-76789cc7979f@localhost,AlwaysDefect,D,player_00cf730d-4cac-4dec-8c0c-d9710328eb45@localhost,TitForTatWithForgiveness,C,10,0,1722,722
823,player_f18dedde-441e-404d-babe-76789cc7979f@localhost,AlwaysDefect,D,player_00cf730d-4cac-4dec-8c0c-d9710328eb45@localhost,TitForTatWithForgiveness,D,1,1,1723,723
824,player_f18dedde-441e-404d-babe-76789cc7979f@localhost,AlwaysDefect,D,player_00cf730d-4cac-4dec-8c0c-d9710328eb45@localhost,TitForTatWithForgiveness,D,1,1,1724,724
825,player_f18dedde-441e-404d-babe-76789cc7979f@localhost,AlwaysDefect,D,player_00cf730d-4cac-4dec-8c0c-d9710328eb45@localhost,TitForTatWithForgiveness,D,1,1,1725,725
826,player_f18dedde-441e-404d-babe-76789cc7979f@localhost,AlwaysDefect,D,player_00cf730d-4cac-4dec-8c0c-d9710328eb45@localhost,TitForTatWithForgiveness,D,1,1,1726,726
827,player_f18dedde-441e-404d-babe-76789cc7979f@localhost,AlwaysDefect,D,player_00cf730d-4cac-4dec-8c0c-d9710328eb45@localhost,TitForTatWithForgiveness,D,1,1,1727,727
828,player_f18dedde-441e-404d-babe-76789cc7979f@localhost,AlwaysDefect,D,player_00cf730d-4cac-4dec-8c0c-d9710328eb45@localhost,TitForTatWithForgiveness,D,1,1,1728,728
829,player_f18dedde-441e-404d-babe-76789cc7979f@localhost,AlwaysDefect,D,player_00cf730d-4cac-4dec-8c0c-d9710328eb45@localhost,TitForTatWithForgiveness,D,1,1,1729,729
830,player_f18dedde-441e-404d-babe-76789cc7979f@localhost,AlwaysDefect,D,player_00cf730d-4cac-4dec-8c0c-d9710328eb45@localhost,TitForTatWithForgiveness,D,1,1,1730,730
831,player_f18dedde-441e-404d-babe-76789cc7979f@localhost,AlwaysDefect,D,player_00cf730d-4cac-4dec-8c0c-d9710328eb45@localhost,TitForTatWithForgiveness,D,1,1,1731,731
832,player_f18dedde-441e-404d-babe-76789cc7979f@localhost,AlwaysDefect,D,player_00cf730d-4cac-4dec-8c0c-d9710328eb45@localhost,TitForTatWithForgiveness,C,10,0,1741,731
833,player_f18dedde-441e-404d-babe-76789cc7979f@localhost,AlwaysDefect,D,player_00cf730d-4cac-4dec-8c0c-d9710328eb45@localhost,TitForTatWithForgiveness,D,1,1,1742,732
834,player_f18dedde-441e-404d-babe-76789cc7979f@localhost,AlwaysDefect,D,player_00cf730d-4cac-4dec-8c0c-d9710328eb45@localhost,TitForTatWithForgiveness,D,1,1,1743,733
835,player_f18dedde-441e-404d-babe-76789cc7979f@localhost,AlwaysDefect,D,player_00cf730d-4cac-4dec-8c0c-d9710328eb45@localhost,TitForTatWithForgiveness,D,1,1,1744,734
836,player_f18dedde-441e-404d-babe-76789cc7979f@localhost,AlwaysDefect,D,player_00cf730d-4cac-4dec-8c0c-d9710328eb45@localhost,TitForTatWithForgiveness,D,1,1,1745,735
837,player_f18dedde-441e-404d-babe-76789cc7979f@localhost,AlwaysDefect,D,player_00cf730d-4cac-4dec-8c0c-d9710328eb45@localhost,TitForTatWithForgiveness,D,1,1,1746,736
838,player_f18dedde-441e-404d-babe-76789cc7979f@localhost,AlwaysDefect,D,player_00cf730d-4cac-4dec-8c0c-d9710328eb45@localhost,TitForTatWithForgiveness,C,10,0,1756,736
839,player_f18dedde-441e-404d-babe-76789cc7979f@localhost,AlwaysDefect,D,player_00cf730d-4cac-4dec-8c0c-d9710328eb45@localhost,TitForTatWithForgiveness,D,1,1,1757,737
840,player_f18dedde-441e-404d-babe-76789cc7979f@localhost,AlwaysDefect,D,player_00cf730d-4cac-4dec-8c0c-d9710328eb45@localhost,TitForTatWithForgiveness,D,1,1,1758,738
841,player_f18dedde-441e-404d-babe-76789cc7979f@localhost,AlwaysDefect,D,player_00cf730d-4cac-4dec-8c0c-d9710328eb45@localhost,TitForTatWithForgiveness,D,1,1,1759,739
842,player_f18dedde-441e-404d-babe-76789cc7979f@localhost,AlwaysDefect,D,player_00cf730d-4cac-4dec-8c0c-d9710328eb45@localhost,TitForTatWithForgiveness,D,1,1,1760,740
843,player_f18dedde-441e-404d-babe-76789cc7979f@localhost,AlwaysDefect,D,player_00cf730d-4cac-4dec-8c0c-d9710328eb45@localhost,TitForTatWithForgiveness,D,1,1,1761,741
844,player_f18dedde-441e-404d-babe-76789cc7979f@localhost,AlwaysDefect,D,player_00cf730d-4cac-4dec-8c0c-d9710328eb45@localhost,TitForTatWithForgiveness,D,1,1,1762,742
845,player_f18dedde-441e-404d-babe-76789cc7979f@localhost,AlwaysDefect,D,player_00cf730d-4cac-4dec-8c0c-d9710328eb45@localhost,TitForTatWithForgiveness,C,10,0,1772,742
846,player_f18dedde-441e-404d-babe-76789cc7979f@localhost,AlwaysDefect,D,player_00cf730d-4cac-4dec-8c0c-d9710328eb45@localhost,TitForTatWithForgiveness,D,1,1,1773,743
847,player_f18dedde-441e-404d-babe-76789cc7979f@localhost,AlwaysDefect,D,player_00cf730d-4cac-4dec-8c0c-d9710328eb45@localhost,TitForTatWithForgiveness,D,1,1,1774,744
848,player_f18dedde-441e-404d-babe-76789cc7979f@localhost,AlwaysDefect,D,player_00cf730d-4cac-4dec-8c0c-d9710328eb45@localhost,TitForTatWithForgiveness,D,1,1,1775,745
849,player_f18dedde-441e-404d-babe-76789cc7979f@localhost,AlwaysDefect,D,player_00cf730d-4cac-4dec-8c0c-d9710328eb45@localhost,TitForTatWithForgiveness,D,1,1,1776,746
850,player_f18dedde-441e-404d-babe-76789cc7979f@localhost,AlwaysDefect,D,player_00cf730d-4cac-4dec-8c0c-d9710328eb45@localhost,TitForTatWithForgiveness,D,1,1,1777,747
851,player_f18dedde-441e-404d-babe-76789cc7979f@localhost,AlwaysDefect,D,player_00cf730d-4cac-4dec-8c0c-d9710328eb45@localhost,TitForTatWithForgiveness,D,1,1,1778,748
852,player_f18dedde-441e-404d-babe-76789cc7979f@localhost,AlwaysDefect,D,player_00cf730d-4cac-4dec-8c0c-d9710328eb45@localhost,TitForTatWithForgiveness,D,1,1,1779,749
853,player_f18dedde-441e-404d-babe-76789cc7979f@localhost,AlwaysDefect,D,player_00cf730d-4cac-4dec-8c0c-d9710328eb45@localhost,TitForTatWithForgiveness,D,1,1,1780,750
854,player_f18dedde-441e-404d-babe-76789cc7979f@localhost,AlwaysDefect,D,player_00cf730d-4cac-4dec-8c0c-d9710328eb45@localhost,TitForTatWithForgiveness,D,1,1,1781,751
855,player_f18dedde-441e-404d-babe-76789cc7979f@localhost,AlwaysDefect,D,player_00cf730d-4cac-4dec-8c0c-d9710328eb45@localhost,TitForTatWithForgiveness,D,1,1,1782,752
856,player_f18dedde-441e-404d-babe-76789cc7979f@localhost,AlwaysDefect,D,player_00cf730d-4cac-4dec-8c0c-d9710328eb45@localhost,TitForTatWithForgiveness,D,1,1,1783,753
857,player_f18dedde-441e-404d-babe-76789cc7979f@localhost,AlwaysDefect,D,player_00cf730d-4cac-4dec-8c0c-d9710328eb45@localhost,TitForTatWithForgiveness,D,1,1,1784,754
858,player_f18dedde-441e-404d-babe-76789cc7979f@localhost,AlwaysDefect,D,player_00cf730d-4cac-4dec-8c0c-d9710328eb45@localhost,TitForTatWithForgiveness,D,1,1,1785,755
859,player_f18dedde-441e-404d-babe-76789cc7979f@localhost,AlwaysDefect,D,player_00cf730d-4cac-4dec-8c0c-d9710328eb45@localhost,TitForTatWithForgiveness,D,1,1,1786,756
860,player_f18dedde-441e-404d-babe-76789cc7979f@localhost,AlwaysDefect,D,player_00cf730d-4cac-4dec-8c0c-d9710328eb45@localhost,TitForTatWithForgiveness,D,1,1,1787,757
861,player_f18dedde-441e-404d-babe-76789cc7979f@localhost,AlwaysDefect,D,player_00cf730d-4cac-4dec-8c0c-d9710328eb45@localhost,TitForTatWithForgiveness,D,1,1,1788,758
862,player_f18dedde-441e-404d-babe-76789cc7979f@localhost,AlwaysDefect,D,player_00cf730d-4cac-4dec-8c0c-d9710328eb45@localhost,TitForTatWithForgiveness,D,1,1,1789,759
863,player_f18dedde-441e-404d-babe-76789cc7979f@localhost,AlwaysDefect,D,player_00cf730d-4cac-4dec-8c0c-d9710328eb45@localhost,TitForTatWithForgiveness,C,10,0,1799,759
864,player_f18dedde-441e-404d-babe-76789cc7979f@localhost,AlwaysDefect,D,player_00cf730d-4cac-4dec-8c0c-d9710328eb45@localhost,TitForTatWithForgiveness,D,1,1,1800,760
865,player_f18dedde-441e-404d-babe-76789cc7979f@localhost,AlwaysDefect,D,player_00cf730d-4cac-4dec-8c0c-d9710328eb45@localhost,TitForTatWithForgiveness,D,1,1,1801,761
866,player_f18dedde-441e-404d-babe-76789cc7979f@localhost,AlwaysDefect,D,player_00cf730d-4cac-4dec-8c0c-d9710328eb45@localhost,TitForTatWithForgiveness,D,1,1,1802,762
867,player_f18dedde-441e-404d-babe-76789cc7979f@localhost,AlwaysDefect,D,player_00cf730d-4cac-4dec-8c0c-d9710328eb45@localhost,TitForTatWithForgiveness,D,1,1,1803,763
868,player_f18dedde-441e-404d-babe-76789cc7979f@localhost,AlwaysDefect,D,player_00cf730d-4cac-4dec-8c0c-d9710328eb45@localhost,TitForTatWithForgiveness,D,1,1,1804,764
869,player_f18dedde-441e-404d-babe-76789cc7979f@localhost,AlwaysDefect,D,player_00cf730d-4cac-4dec-8c0c-d9710328eb45@localhost,TitForTatWithForgiveness,C,10,0,1814,764
870,player_f18dedde-441e-404d-babe-76789cc7979f@localhost,AlwaysDefect,D,player_00cf730d-4cac-4dec-8c0c-d9710328eb45@localhost,TitForTatWithForgiveness,D,1,1,1815,765
871,player_f18dedde-441e-404d-babe-76789cc7979f@localhost,AlwaysDefect,D,player_00cf730d-4cac-4dec-8c0c-d9710328eb45@localhost,TitForTatWithForgiveness,D,1,1,1816,766
872,player_f18dedde-441e-404d-babe-76789cc7979f@localhost,AlwaysDefect,D,player_00cf730d-4cac-4dec-8c0c-d9710328eb45@localhost,TitForTatWithForgiveness,D,1,1,1817,767
873,player_f18dedde-441e-404d-babe-76789cc7979f@localhost,AlwaysDefect,D,player_00cf730d-4cac-4dec-8c0c-d9710328eb45@localhost,TitForTatWithForgiveness,D,1,1,1818,768
874,player_f18dedde-441e-404d-babe-76789cc7979f@localhost,AlwaysDefect,D,player_00cf730d-4cac-4dec-8c0c-d9710328eb45@localhost,TitForTatWithForgiveness,D,1,1,1819,769
875,player_f18dedde-441e-404d-babe-76789cc7979f@localhost,AlwaysDefect,D,player_00cf730d-4cac-4dec-8c0c-d9710328eb45@localhost,TitForTatWithForgiveness,D,1,1,1820,770
876,player_f18dedde-441e-404d-babe-76789cc7979f@localhost,AlwaysDefect,D,player_00cf730d-4cac-4dec-8c0c-d9710328eb45@localhost,TitForTatWithForgiveness,C,10,0,1830,770
877,player_f18dedde-441e-404d-babe-76789cc7979f@localhost,AlwaysDefect,D,player_00cf730d-4cac-4dec-8c0c-d9710328eb45@localhost,TitForTatWithForgiveness,D,1,1,1831,771
878,player_f18dedde-441e-404d-babe-76789cc7979f@localhost,AlwaysDefect,D,player_00cf730d-4cac-4dec-8c0c-d9710328eb45@localhost,TitForTatWithForgiveness,D,1,1,1832,772
879,player_f18dedde-441e-404d-babe-76789cc7979f@localhost,AlwaysDefect,D,player_00cf730d-4cac-4dec-8c0c-d9710328eb45@localhost,TitForTatWithForgiveness,D,1,1,1833,773
880,player_f18dedde-441e-404d-babe-76789cc7979f@localhost,AlwaysDefect,D,player_00cf730d-4cac-4dec-8c0c-d9710328eb45@localhost,TitForTatWithForgiveness,D,1,1,1834,774
881,player_f18dedde-441e-404d-babe-76789cc7979f@localhost,AlwaysDefect,D,player_00cf730d-4cac-4dec-8c0c-d9710328eb45@localhost,TitForTatWithForgiveness,D,1,1,1835,775
882,player_f18dedde-441e-404d-babe-76789cc7979f@localhost,AlwaysDefect,D,player_00cf730d-4cac-4dec-8c0c-d9710328eb45@localhost,TitForTatWithForgiveness,D,1,1,1836,776
883,player_f18dedde-441e-404d-babe-76789cc7979f@localhost,AlwaysDefect,D,player_00cf730d-4cac-4dec-8c0c-d9710328eb45@localhost,TitForTatWithForgiveness,D,1,1,1837,777
884,player_f18dedde-441e-404d-babe-76789cc7979f@localhost,AlwaysDefect,D,player_00cf730d-4cac-4dec-8c0c-d9710328eb45@localhost,TitForTatWithForgiveness,D,1,1,1838,778
885,player_f18dedde-441e-404d-babe-76789cc7979f@localhost,AlwaysDefect,D,player_00cf730d-4cac-4dec-8c0c-d9710328eb45@localhost,TitForTatWithForgiveness,D,1,1,1839,779
886,player_f18dedde-441e-404d-babe-76789cc7979f@localhost,AlwaysDefect,D,player_00cf730d-4cac-4dec-8c0c-d9710328eb45@localhost,TitForTatWithForgiveness,D,1,1,1840,780
887,player_f18dedde-441e-404d-babe-76789cc7979f@localhost,AlwaysDefect,D,player_00cf730d-4cac-4dec-8c0c-d9710328eb45@localhost,TitForTatWithForgiveness,C,10,0,1850,780
888,player_f18dedde-441e-404d-babe-76789cc7979f@localhost,AlwaysDefect,D,player_00cf730d-4cac-4dec-8c0c-d9710328eb45@localhost,TitForTatWithForgiveness,C,10,0,1860,780
889,player_f18dedde-441e-404d-babe-76789cc7979f@localhost,AlwaysDefect,D,player_00cf730d-4cac-4dec-8c0c-d9710328eb45@localhost,TitForTatWithForgiveness,D,1,1,1861,781
890,player_f18dedde-441e-404d-babe-76789cc7979f@localhost,AlwaysDefect,D,player_00cf730d-4cac-4dec-8c0c-d9710328eb45@localhost,TitForTatWithForgiveness,D,1,1,1862,782
891,player_f18dedde-441e-404d-babe-76789cc7979f@localhost,AlwaysDefect,D,player_00cf730d-4cac-4dec-8c0c-d9710328eb45@localhost,TitForTatWithForgiveness,D,1,1,1863,783
892,player_f18dedde-441e-404d-babe-76789cc7979f@localhost,AlwaysDefect,D,player_00cf730d-4cac-4dec-8c0c-d9710328eb45@localhost,TitForTatWithForgiveness,D,1,1,1864,784
893,player_f18dedde-441e-404d-babe-76789cc7979f@localhost,AlwaysDefect,D,player_00cf730d-4cac-4dec-8c0c-d9710328eb45@localhost,TitForTatWithForgiveness,D,1,1,1865,785
894,player_f18dedde-441e-404d-babe-76789cc7979f@localhost,AlwaysDefect,D,player_00cf730d-4cac-4dec-8c0c-d9710328eb45@localhost,TitForTatWithForgiveness,D,1,1,1866,786
895,player_f18dedde-441e-404d-babe-76789cc7979f@localhost,AlwaysDefect,D,player_00cf730d-4cac-4dec-8c0c-d9710328eb45@localhost,TitForTatWithForgiveness,D,1,1,1867,787
896,player_f18dedde-441e-404d-babe-76789cc7979f@localhost,AlwaysDefect,D,player_00cf730d-4cac-4dec-8c0c-d9710328eb45@localhost,TitForTatWithForgiveness,D,1,1,1868,788
897,player_f18dedde-441e-404d-babe-76789cc7979f@localhost,AlwaysDefect,D,player_00cf730d-4cac-4dec-8c0c-d9710328eb45@localhost,TitForTatWithForgiveness,D,1,1,1869,789
898,player_f18dedde-441e-404d-babe-76789cc7979f@localhost,AlwaysDefect,D,player_00cf730d-4cac-4dec-8c0c-d9710328eb45@localhost,TitForTatWithForgiveness,D,1,1,1870,790
899,player_f18dedde-441e-404d-babe-76789cc7979f@localhost,AlwaysDefect,D,player_00cf730d-4cac-4dec-8c0c-d9710328eb45@localhost,TitForTatWithForgiveness,D,1,1,1871,791
900,player_f18dedde-441e-404d-babe-76789cc7979f@localhost,AlwaysDefect,D,player_00cf730d-4cac-4dec-8c0c-d9710328eb45@localhost,TitForTatWithForgiveness,D,1,1,1872,792
901,player_f18dedde-441e-404d-babe-76789cc7979f@localhost,AlwaysDefect,D,player_00cf730d-4cac-4dec-8c0c-d9710328eb45@localhost,TitForTatWithForgiveness,D,1,1,1873,793
902,player_f18dedde-441e-404d-babe-76789cc7979f@localhost,AlwaysDefect,D,player_00cf730d-4cac-4dec-8c0c-d9710328eb45@localhost,TitForTatWithForgiveness,D,1,1,1874,794
903,player_f18dedde-441e-404d-babe-76789cc7979f@localhost,AlwaysDefect,D,player_00cf730d-4cac-4dec-8c0c-d9710328eb45@localhost,TitForTatWithForgiveness,D,1,1,1875,795
904,player_f18dedde-441e-404d-babe-76789cc7979f@localhost,AlwaysDefect,D,player_00cf730d-4cac-4dec-8c0c-d9710328eb45@localhost,TitForTatWithForgiveness,C,10,0,1885,795
905,player_f18dedde-441e-404d-babe-76789cc7979f@localhost,AlwaysDefect,D,player_00cf730d-4cac-4dec-8c0c-d9710328eb45@localhost,TitForTatWithForgiveness,D,1,1,1886,796
906,player_f18dedde-441e-404d-babe-76789cc7979f@localhost,AlwaysDefect,D,player_00cf730d-4cac-4dec-8c0c-d9710328eb45@localhost,TitForTatWithForgiveness,D,1,1,1887,797
907,player_f18dedde-441e-404d-babe-76789cc7979f@localhost,AlwaysDefect,D,player_00cf730d-4cac-4dec-8c0c-d9710328eb45@localhost,TitForTatWithForgiveness,D,1,1,1888,798
908,player_f18dedde-441e-404d-babe-76789cc7979f@localhost,AlwaysDefect,D,player_00cf730d-4cac-4dec-8c0c-d9710328eb45@localhost,TitForTatWithForgiveness,D,1,1,1889,799
909,player_f18dedde-441e-404d-babe-76789cc7979f@localhost,AlwaysDefect,D,player_00cf730d-4cac-4dec-8c0c-d9710328eb45@localhost,TitForTatWithForgiveness,D,1,1,1890,800
910,player_f18dedde-441e-404d-babe-76789cc7979f@localhost,AlwaysDefect,D,player_00cf730d-4cac-4dec-8c0c-d9710328eb45@localhost,TitForTatWithForgiveness,D,1,1,1891,801
911,player_f18dedde-441e-404d-babe-76789cc7979f@localhost,AlwaysDefect,D,player_00cf730d-4cac-4dec-8c0c-d9710328eb45@localhost,TitForTatWithForgiveness,D,1,1,1892,802
912,player_f18dedde-441e-404d-babe-76789cc7979f@localhost,AlwaysDefect,D,player_00cf730d-4cac-4dec-8c0c-d9710328eb45@localhost,TitForTatWithForgiveness,D,1,1,1893,803
913,player_f18dedde-441e-404d-babe-76789cc7979f@localhost,AlwaysDefect,D,player_00cf730d-4cac-4dec-8c0c-d9710328eb45@localhost,TitForTatWithForgiveness,D,1,1,1894,804
914,player_f18dedde-441e-404d-babe-76789cc7979f@localhost,AlwaysDefect,D,player_00cf730d-4cac-4dec-8c0c-d9710328eb45@localhost,TitForTatWithForgiveness,D,1,1,1895,805
915,player_f18dedde-441e-404d-babe-76789cc7979f@localhost,AlwaysDefect,D,player_00cf730d-4cac-4dec-8c0c-d9710328eb45@localhost,TitForTatWithForgiveness,C,10,0,1905,805
916,player_f18dedde-441e-404d-babe-76789cc7979f@localhost,AlwaysDefect,D,player_00cf730d-4cac-4dec-8c0c-d9710328eb45@localhost,TitForTatWithForgiveness,D,1,1,1906,806
917,player_f18dedde-441e-404d-babe-76789cc7979f@localhost,AlwaysDefect,D,player_00cf730d-4cac-4dec-8c0c-d9710328eb45@localhost,TitForTatWithForgiveness,D,1,1,1907,807
918,player_f18dedde-441e-404d-babe-76789cc7979f@localhost,AlwaysDefect,D,player_00cf730d-4cac-4dec-8c0c-d9710328eb45@localhost,TitForTatWithForgiveness,D,1,1,1908,808
919,player_f18dedde-441e-404d-babe-76789cc7979f@localhost,AlwaysDefect,D,player_00cf730d-4cac-4dec-8c0c-d9710328eb45@localhost,TitForTatWithForgiveness,C,10,0,1918,808
920,player_f18dedde-441e-404d-babe-76789cc7979f@localhost,AlwaysDefect,D,player_00cf730d-4cac-4dec-8c0c-d9710328eb45@localhost,TitForTatWithForgiveness,D,1,1,1919,809
921,player_f18dedde-441e-404d-babe-76789cc7979f@localhost,AlwaysDefect,D,player_00cf730d-4cac-4dec-8c0c-d9710328eb45@localhost,TitForTatWithForgiveness,D,1,1,1920,810
922,player_f18dedde-441e-404d-babe-76789cc7979f@localhost,AlwaysDefect,D,player_00cf730d-4cac-4dec-8c0c-d9710328eb45@localhost,TitForTatWithForgiveness,D,1,1,1921,811
923,player_f18dedde-441e-404d-babe-76789cc7979f@localhost,AlwaysDefect,D,player_00cf730d-4cac-4dec-8c0c-d9710328eb45@localhost,TitForTatWithForgiveness,D,1,1,1922,812
924,player_f18dedde-441e-404d-babe-76789cc7979f@localhost,AlwaysDefect,D,player_00cf730d-4cac-4dec-8c0c-d9710328eb45@localhost,TitForTatWithForgiveness,D,1,1,1923,813
925,player_f18dedde-441e-404d-babe-76789cc7979f@localhost,AlwaysDefect,D,player_00cf730d-4cac-4dec-8c0c-d9710328eb45@localhost,TitForTatWithForgiveness,D,1,1,1924,814
926,player_f18dedde-441e-404d-babe-76789cc7979f@localhost,AlwaysDefect,D,player_00cf730d-4cac-4dec-8c0c-d9710328eb45@localhost,TitForTatWithForgiveness,D,1,1,1925,815
927,player_f18dedde-441e-404d-babe-76789cc7979f@localhost,AlwaysDefect,D,player_00cf730d-4cac-4dec-8c0c-d9710328eb45@localhost,TitForTatWithForgiveness,D,1,1,1926,816
928,player_f18dedde-441e-404d-babe-76789cc7979f@localhost,AlwaysDefect,D,player_00cf730d-4cac-4dec-8c0c-d9710328eb45@localhost,TitForTatWithForgiveness,D,1,1,1927,817
929,player_f18dedde-441e-404d-babe-76789cc7979f@localhost,AlwaysDefect,D,player_00cf730d-4cac-4dec-8c0c-d9710328eb45@localhost,TitForTatWithForgiveness,D,1,1,1928,818
930,player_f18dedde-441e-404d-babe-76789cc7979f@localhost,AlwaysDefect,D,player_00cf730d-4cac-4dec-8c0c-d9710328eb45@localhost,TitForTatWithForgiveness,C,10,0,1938,818
931,player_f18dedde-441e-404d-babe-76789cc7979f@localhost,AlwaysDefect,D,player_00cf730d-4cac-4dec-8c0c-d9710328eb45@localhost,TitForTatWithForgiveness,D,1,1,1939,819
932,player_f18dedde-441e-404d-babe-76789cc7979f@localhost,AlwaysDefect,D,player_00cf730d-4cac-4dec-8c0c-d9710328eb45@localhost,TitForTatWithForgiveness,D,1,1,1940,820
933,player_f18dedde-441e-404d-babe-76789cc7979f@localhost,AlwaysDefect,D,player_00cf730d-4cac-4dec-8c0c-d9710328eb45@localhost,TitForTatWithForgiveness,D,1,1,1941,821
934,player_f18dedde-441e-404d-babe-76789cc7979f@localhost,AlwaysDefect,D,player_00cf730d-4cac-4dec-8c0c-d9710328eb45@localhost,TitForTatWithForgiveness,D,1,1,1942,822
935,player_f18dedde-441e-404d-babe-76789cc7979f@localhost,AlwaysDefect,D,player_00cf730d-4cac-4dec-8c0c-d9710328eb45@localhost,TitForTatWithForgiveness,D,1,1,1943,823
936,player_f18dedde-441e-404d-babe-76789cc7979f@localhost,AlwaysDefect,D,player_00cf730d-4cac-4dec-8c0c-d9710328eb45@localhost,TitForTatWithForgiveness,D,1,1,1944,824
937,player_f18dedde-441e-404d-babe-76789cc7979f@localhost,AlwaysDefect,D,player_00cf730d-4cac-4dec-8c0c-d9710328eb45@localhost,TitForTatWithForgiveness,D,1,1,1945,825
938,player_f18dedde-441e-404d-babe-76789cc7979f@localhost,AlwaysDefect,D,player_00cf730d-4cac-4dec-8c0c-d9710328eb45@localhost,TitForTatWithForgiveness,D,1,1,1946,826
939,player_f18dedde-441e-404d-babe-76789cc7979f@localhost,AlwaysDefect,D,player_00cf730d-4cac-4dec-8c0c-d9710328eb45@localhost,TitForTatWithForgiveness,D,1,1,1947,827
940,player_f18dedde-441e-404d-babe-76789cc7979f@localhost,AlwaysDefect,D,player_00cf730d-4cac-4dec-8c0c-d9710328eb45@localhost,TitForTatWithForgiveness,D,1,1,1948,828
941,player_f18dedde-441e-404d-babe-76789cc7979f@localhost,AlwaysDefect,D,player_00cf730d-4cac-4dec-8c0c-d9710328eb45@localhost,TitForTatWithForgiveness,D,1,1,1949,829
942,player_f18dedde-441e-404d-babe-76789cc7979f@localhost,AlwaysDefect,D,player_00cf730d-4cac-4dec-8c0c-d9710328eb45@localhost,TitForTatWithForgiveness,D,1,1,1950,830
943,player_f18dedde-441e-404d-babe-76789cc7979f@localhost,AlwaysDefect,D,player_00cf730d-4cac-4dec-8c0c-d9710328eb45@localhost,TitForTatWithForgiveness,D,1,1,1951,831
944,player_f18dedde-441e-404d-babe-76789cc7979f@localhost,AlwaysDefect,D,player_00cf730d-4cac-4dec-8c0c-d9710328eb45@localhost,TitForTatWithForgiveness,D,1,1,1952,832
945,player_f18dedde-441e-404d-babe-76789cc7979f@localhost,AlwaysDefect,D,player_00cf730d-4cac-4dec-8c0c-d9710328eb45@localhost,TitForTatWithForgiveness,D,1,1,1953,833
946,player_f18dedde-441e-404d-babe-76789cc7979f@localhost,AlwaysDefect,D,player_00cf730d-4cac-4dec-8c0c-d9710328eb45@localhost,TitForTatWithForgiveness,D,1,1,1954,834
947,player_f18dedde-441e-404d-babe-76789cc7979f@localhost,AlwaysDefect,D,player_00cf730d-4cac-4dec-8c0c-d9710328eb45@localhost,TitForTatWithForgiveness,D,1,1,1955,835
948,player_f18dedde-441e-404d-babe-76789cc7979f@localhost,AlwaysDefect,D,player_00cf730d-4cac-4dec-8c0c-d9710328eb45@localhost,TitForTatWithForgiveness,D,1,1,1956,836
949,player_f18dedde-441e-404d-babe-76789cc7979f@localhost,AlwaysDefect,D,player_00cf730d-4cac-4dec-8c0c-d9710328eb45@localhost,TitForTatWithForgiveness,D,1,1,1957,837
950,player_f18dedde-441e-404d-babe-76789cc7979f@localhost,AlwaysDefect,D,player_00cf730d-4cac-4dec-8c0c-d9710328eb45@localhost,TitForTatWithForgiveness,D,1,1,1958,838
951,player_f18dedde-441e-404d-babe-76789cc7979f@localhost,AlwaysDefect,D,player_00cf730d-4cac-4dec-8c0c-d9710328eb45@localhost,TitForTatWithForgiveness,C,10,0,1968,838
952,player_f18dedde-441e-404d-babe-76789cc7979f@localhost,AlwaysDefect,D,player_00cf730d-4cac-4dec-8c0c-d9710328eb45@localhost,TitForTatWithForgiveness,D,1,1,1969,839
953,player_f18dedde-441e-404d-babe-76789cc7979f@localhost,AlwaysDefect,D,player_00cf730d-4cac-4dec-8c0c-d9710328eb45@localhost,TitForTatWithForgiveness,D,1,1,1970,840
954,player_f18dedde-441e-404d-babe-76789cc7979f@localhost,AlwaysDefect,D,player_00cf730d-4cac-4dec-8c0c-d9710328eb45@localhost,TitForTatWithForgiveness,D,1,1,1971,841
955,player_f18dedde-441e-404d-babe-76789cc7979f@localhost,AlwaysDefect,D,player_00cf730d-4cac-4dec-8c0c-d9710328eb45@localhost,TitForTatWithForgiveness,D,1,1,1972,842
956,player_f18dedde-441e-404d-babe-76789cc7979f@localhost,AlwaysDefect,D,player_00cf730d-4cac-4dec-8c0c-d9710328eb45@localhost,TitForTatWithForgiveness,D,1,1,1973,843
957,player_f18dedde-441e-404d-babe-76789cc7979f@localhost,AlwaysDefect,D,player_00cf730d-4cac-4dec-8c0c-d9710328eb45@localhost,TitForTatWithForgiveness,D,1,1,1974,844
958,player_f18dedde-441e-404d-babe-76789cc7979f@localhost,AlwaysDefect,D,player_00cf730d-4cac-4dec-8c0c-d9710328eb45@localhost,TitForTatWithForgiveness,D,1,1,1975,845
959,player_f18dedde-441e-404d-babe-76789cc7979f@localhost,AlwaysDefect,D,player_00cf730d-4cac-4dec-8c0c-d9710328eb45@localhost,TitForTatWithForgiveness,D,1,1,1976,846
960,player_f18dedde-441e-404d-babe-76789cc7979f@localhost,AlwaysDefect,D,player_00cf730d-4cac-4dec-8c0c-d9710328eb45@localhost,TitForTatWithForgiveness,D,1,1,1977,847
961,player_f18dedde-441e-404d-babe-76789cc7979f@localhost,AlwaysDefect,D,player_00cf730d-4cac-4dec-8c0c-d9710328eb45@localhost,TitForTatWithForgiveness,D,1,1,1978,848
962,player_f18dedde-441e-404d-babe-76789cc7979f@localhost,AlwaysDefect,D,player_00cf730d-4cac-4dec-8c0c-d9710328eb45@localhost,TitForTatWithForgiveness,D,1,1,1979,849
963,player_f18dedde-441e-404d-babe-76789cc7979f@localhost,AlwaysDefect,D,player_00cf730d-4cac-4dec-8c0c-d9710328eb45@localhost,TitForTatWithForgiveness,D,1,1,1980,850
964,player_f18dedde-441e-404d-babe-76789cc7979f@localhost,AlwaysDefect,D,player_00cf730d-4cac-4dec-8c0c-d9710328eb45@localhost,TitForTatWithForgiveness,D,1,1,1981,851
965,player_f18dedde-441e-404d-babe-76789cc7979f@localhost,AlwaysDefect,D,player_00cf730d-4cac-4dec-8c0c-d9710328eb45@localhost,TitForTatWithForgiveness,D,1,1,1982,852
966,player_f18dedde-441e-404d-babe-76789cc7979f@localhost,AlwaysDefect,D,player_00cf730d-4cac-4dec-8c0c-d9710328eb45@localhost,TitForTatWithForgiveness,D,1,1,1983,853
967,player_f18dedde-441e-404d-babe-76789cc7979f@localhost,AlwaysDefect,D,player_00cf730d-4cac-4dec-8c0c-d9710328eb45@localhost,TitForTatWithForgiveness,D,1,1,1984,854
968,player_f18dedde-441e-404d-babe-76789cc7979f@localhost,AlwaysDefect,D,player_00cf730d-4cac-4dec-8c0c-d9710328eb45@localhost,TitForTatWithForgiveness,D,1,1,1985,855
969,player_f18dedde-441e-404d-babe-76789cc7979f@localhost,AlwaysDefect,D,player_00cf730d-4cac-4dec-8c0c-d9710328eb45@localhost,TitForTatWithForgiveness,D,1,1,1986,856
970,player_f18dedde-441e-404d-babe-76789cc7979f@localhost,AlwaysDefect,D,player_00cf730d-4cac-4dec-8c0c-d9710328eb45@localhost,TitForTatWithForgiveness,D,1,1,1987,857
971,player_f18dedde-441e-404d-babe-76789cc7979f@localhost,AlwaysDefect,D,player_00cf730d-4cac-4dec-8c0c-d9710328eb45@localhost,TitForTatWithForgiveness,D,1,1,1988,858
972,player_f18dedde-441e-404d-babe-76789cc7979f@localhost,AlwaysDefect,D,player_00cf730d-4cac-4dec-8c0c-d9710328eb45@localhost,TitForTatWithForgiveness,D,1,1,1989,859
973,player_f18dedde-441e-404d-babe-76789cc7979f@localhost,AlwaysDefect,D,player_00cf730d-4cac-4dec-8c0c-d9710328eb45@localhost,TitForTatWithForgiveness,D,1,1,1990,860
974,player_f18dedde-441e-404d-babe-76789cc7979f@localhost,AlwaysDefect,D,player_00cf730d-4cac-4dec-8c0c-d9710328eb45@localhost,TitForTatWithForgiveness,D,1,1,1991,861
975,player_f18dedde-441e-404d-babe-76789cc7979f@localhost,AlwaysDefect,D,player_00cf730d-4cac-4dec-8c0c-d9710328eb45@localhost,TitForTatWithForgiveness,C,10,0,2001,861
976,player_f18dedde-441e-404d-babe-76789cc7979f@localhost,AlwaysDefect,D,player_00cf730d-4cac-4dec-8c0c-d9710328eb45@localhost,TitForTatWithForgiveness,D,1,1,2002,862
977,player_f18dedde-441e-404d-babe-76789cc7979f@localhost,AlwaysDefect,D,player_00cf730d-4cac-4dec-8c0c-d9710328eb45@localhost,TitForTatWithForgiveness,D,1,1,2003,863
978,player_f18dedde-441e-404d-babe-76789cc7979f@localhost,AlwaysDefect,D,player_00cf730d-4cac-4dec-8c0c-d9710328eb45@localhost,TitForTatWithForgiveness,D,1,1,2004,864
979,player_f18dedde-441e-404d-babe-76789cc7979f@localhost,AlwaysDefect,D,player_00cf730d-4cac-4dec-8c0c-d9710328eb45@localhost,TitForTatWithForgiveness,D,1,1,2005,865
980,player_f18dedde-441e-404d-babe-76789cc7979f@localhost,AlwaysDefect,D,player_00cf730d-4cac-4dec-8c0c-d9710328eb45@localhost,TitForTatWithForgiveness,D,1,1,2006,866
981,player_f18dedde-441e-404d-babe-76789cc7979f@localhost,AlwaysDefect,D,player_00cf730d-4cac-4dec-8c0c-d9710328eb45@localhost,TitForTatWithForgiveness,D,1,1,2007,867
982,player_f18dedde-441e-404d-babe-76789cc7979f@localhost,AlwaysDefect,D,player_00cf730d-4cac-4dec-8c0c-d9710328eb45@localhost,TitForTatWithForgiveness,D,1,1,2008,868
983,player_f18dedde-441e-404d-babe-76789cc7979f@localhost,AlwaysDefect,D,player_00cf730d-4cac-4dec-8c0c-d9710328eb45@localhost,TitForTatWithForgiveness,C,10,0,2018,868
984,player_f18dedde-441e-404d-babe-76789cc7979f@localhost,AlwaysDefect,D,player_00cf730d-4cac-4dec-8c0c-d9710328eb45@localhost,TitForTatWithForgiveness,D,1,1,2019,869
985,player_f18dedde-441e-404d-babe-76789cc7979f@localhost,AlwaysDefect,D,player_00cf730d-4cac-4dec-8c0c-d9710328eb45@localhost,TitForTatWithForgiveness,D,1,1,2020,870
986,player_f18dedde-441e-404d-babe-76789cc7979f@localhost,AlwaysDefect,D,player_00cf730d-4cac-4dec-8c0c-d9710328eb45@localhost,TitForTatWithForgiveness,D,1,1,2021,871
987,player_f18dedde-441e-404d-babe-76789cc7979f@localhost,AlwaysDefect,D,player_00cf730d-4cac-4dec-8c0c-d9710328eb45@localhost,TitForTatWithForgiveness,D,1,1,2022,872
988,player_f18dedde-441e-404d-babe-76789cc7979f@localhost,AlwaysDefect,D,player_00cf730d-4cac-4dec-8c0c-d9710328eb45@localhost,TitForTatWithForgiveness,D,1,1,2023,873
989,player_f18dedde-441e-404d-babe-76789cc7979f@localhost,AlwaysDefect,D,player_00cf730d-4cac-4dec-8c0c-d9710328eb45@localhost,TitForTatWithForgiveness,D,1,1,2024,874
990,player_f18dedde-441e-404d-babe-76789cc7979f@localhost,AlwaysDefect,D,player_00cf730d-4cac-4dec-8c0c-d9710328eb45@localhost,TitForTatWithForgiveness,D,1,1,2025,875
991,player_f18dedde-441e-404d-babe-76789cc7979f@localhost,AlwaysDefect,D,player_00cf730d-4cac-4dec-8c0c-d9710328eb45@localhost,TitForTatWithForgiveness,D,1,1,2026,876
992,player_f18dedde-441e-404d-babe-76789cc7979f@localhost,AlwaysDefect,D,player_00cf730d-4cac-4dec-8c0c-d9710328eb45@localhost,TitForTatWithForgiveness,D,1,1,2027,877
993,player_f18dedde-441e-404d-babe-76789cc7979f@localhost,AlwaysDefect,D,player_00cf730d-4cac-4dec-8c0c-d9710328eb45@localhost,TitForTatWithForgiveness,D,1,1,2028,878
994,player_f18dedde-441e-404d-babe-76789cc7979f@localhost,AlwaysDefect,D,player_00cf730d-4cac-4dec-8c0c-d9710328eb45@localhost,TitForTatWithForgiveness,D,1,1,2029,879
995,player_f18dedde-441e-404d-babe-76789cc7979f@localhost,AlwaysDefect,D,player_00cf730d-4cac-4dec-8c0c-d9710328eb45@localhost,TitForTatWithForgiveness,D,1,1,2030,880
996,player_f18dedde-441e-404d-babe-76789cc7979f@localhost,AlwaysDefect,D,player_00cf730d-4cac-4dec-8c0c-d9710328eb45@localhost,TitForTatWithForgiveness,C,10,0,2040,880
997,player_f18dedde-441e-404d-babe-76789cc7979f@localhost,AlwaysDefect,D,player_00cf730d-4cac-4dec-8c0c-d9710328eb45@localhost,TitForTatWithForgiveness,D,1,1,2041,881
998,player_f18dedde-441e-404d-babe-76789cc7979f@localhost,AlwaysDefect,D,player_00cf730d-4cac-4dec-8c0c-d9710328eb45@localhost,TitForTatWithForgiveness,D,1,1,2042,882
999,player_f18dedde-441e-404d-babe-76789cc7979f@localhost,AlwaysDefect,D,player_00cf730d-4cac-4dec-8c0c-d9710328eb45@localhost,TitForTatWithForgiveness,D,1,1,2043,883
1000,player_f18dedde-441e-404d-babe-76789cc7979f@localhost,AlwaysDefect,D,player_00cf730d-4cac-4dec-8c0c-d9710328eb45@localhost,TitForTatWithForgiveness,D,1,1,2044,884
,,,,,,,,,,
# AGGREGATED METRICS
# p1_jid,player_f18dedde-441e-404d-babe-76789cc7979f@localhost
# p2_jid,player_00cf730d-4cac-4dec-8c0c-d9710328eb45@localhost
# total_rounds,1000
# cooperation_rate_p1,0.0000
# cooperation_rate_p2,0.1160
# defection_rate_p1,1.0000
# defection_rate_p2,0.8840
# total_payoff_p1,2044
# total_payoff_p2,884
# avg_payoff_p1,2.0440
# avg_payoff_p2,0.8840
