round,p1_jid,p1_strategy,p1_action,p2_jid,p2_strategy,p2_action,p1_payoff,p2_payoff,p1_cumulative,p2_cumulative
1,player_d068d95b-8434-40ed-91a3-cff0dca0856b@localhost,AlwaysCooperate,C,player_3052d27b-89ed-4a5b-ba30-7017bef17e4c@localhost,AlwaysDefect,D,0,10,0,10
2,player_d068d95b-8434-40ed-91a3-cff0dca0856b@localhost,AlwaysCooperate,C,player_3052d27b-89ed-4a5b-ba30-7017bef17e4c@localhost,AlwaysDefect,D,0,10,0,20
3,player_d068d95b-8434-40ed-91a3-cff0dca0856b@localhost,AlwaysCooperate,C,player_3052d27b-89ed-4a5b-ba30-7017bef17e4c@localhost,AlwaysDefect,D,0,10,0,30
4,player_d068d95b-8434-40ed-91a3-cff0dca0856b@localhost,AlwaysCooperate,C,player_3052d27b-89ed-4a5b-ba30-7017bef17e4c@localhost,AlwaysDefect,D,0,10,0,40
5,player_d068d95b-8434-40ed-91a3-cff0dca0856b@localhost,AlwaysCooperate,C,player_3052d27b-89ed-4a5b-ba30-7017bef17e4c@localhost,AlwaysDefect,D,0,10,0,50
6,player_d068d95b-8434-40ed-91a3-cff0dca0856b@localhost,AlwaysCooperate,C,player_3052d27b-89ed-4a5b-ba30-7017bef17e4c@localhost,AlwaysDefect,D,0,10,0,60
7,player_d068d95b-8434-40ed-91a3-cff0dca0856b@localhost,AlwaysCooperate,C,player_3052d27b-89ed-4a5b-ba30-7017bef17e4c@localhost,AlwaysDefect,D,0,10,0,70
8,player_d068d95b-8434-40ed-91a3-cff0dca0856b@localhost,AlwaysCooperate,C,player_3052d27b-89ed-4a5b-ba30-7017bef17e4c@localhost,AlwaysDefect,D,0,10,0,80
9,player_d068d95b-8434-40ed-91a3-cff0dca0856b@localhost,AlwaysCooperate,C,player_3052d27b-89ed-4a5b-ba30-7017bef17e4c@localhost,AlwaysDefect,D,0,10,0,90
10,player_d068d95b-8434-40ed-91a3-cff0dca0856b@localhost,AlwaysCooperate,C,player_3052d27b-89ed-4a5b-ba30-7017bef17e4c@localhost,AlwaysDefect,D,0,10,0,100
11,player_d068d95b-8434-40ed-91a3-cff0dca0856b@localhost,AlwaysCooperate,C,player_3052d27b-89ed-4a5b-ba30-7017bef17e4c@localhost,AlwaysDefect,D,0,10,0,110
12,player_d068d95b-8434-40ed-91a3-cff0dca0856b@localhost,AlwaysCooperate,C,player_3052d27b-89ed-4a5b-ba30-7017bef17e4c@localhost,AlwaysDefect,D,0,10,0,120
13,player_d068d95b-8434-40ed-91a3-cff0dca0856b@localhost,AlwaysCooperate,C,player_3052d27b-89ed-4a5b-ba30-7017bef17e4c@localhost,AlwaysDefect,D,0,10,0,130
14,player_d068d95b-8434-40ed-91a3-cff0dca0856b@localhost,AlwaysCooperate,C,player_3052d27b-89ed-4a5b-ba30-7017bef17e4c@localhost,AlwaysDefect,D,0,10,0,140
15,player_d068d95b-8434-40ed-91a3-cff0dca0856b@localhost,AlwaysCooperate,C,player_3052d27b-89ed-4a5b-ba30-7017bef17e4c@localhost,AlwaysDefect,D,0,10,0,150
16,player_d068d95b-8434-40ed-91a3-cff0dca0856b@localhost,AlwaysCooperate,C,player_3052d27b-89ed-4a5b-ba30-7017bef17e4c@localhost,AlwaysDefect,D,0,10,0,160
17,player_d068d95b-8434-40ed-91a3-cff0dca0856b@localhost,AlwaysCooperate,C,player_3052d27b-89ed-4a5b-ba30-7017bef17e4c@localhost,AlwaysDefect,D,0,10,0,170
18,player_d068d95b-8434-40ed-91a3-cff0dca0856b@localhost,AlwaysCooperate,C,player_3052d27b-89ed-4a5b-ba30-7017bef17e4c@localhost,AlwaysDefect,D,0,10,0,180
19,player_d068d95b-8434-40ed-91a3-cff0dca0856b@localhost,AlwaysCooperate,C,player_3052d27b-89ed-4a5b-ba30-7017bef17e4c@localhost,AlwaysDefect,D,0,10,0,190
20,player_d068d95b-8434-40ed-91a3-cff0dca0856b@localhost,AlwaysCooperate,C,player_3052d27b-89ed-4a5b-ba30-7017bef17e4c@localhost,AlwaysDefect,D,0,10,0,200
21,player_d068d95b-8434-40ed-91a3-cff0dca0856b@localhost,AlwaysCooperate,C,player_3052d27b-89ed-4a5b-ba30-7017bef17e4c@localhost,AlwaysDefect,D,0,10,0,210
22,player_d068d95b-8434-40ed-91a3-cff0dca0856b@localhost,AlwaysCooperate,C,player_3052d27b-89ed-4a5b-ba30-7017bef17e4c@localhost,AlwaysDefect,D,0,10,0,220
23,player_d068d95b-8434-40ed-91a3-cff0dca0856b@localhost,AlwaysCooperate,C,player_3052d27b-89ed-4a5b-ba30-7017bef17e4c@localhost,AlwaysDefect,D,0,10,0,230
24,player_d068d95b-8434-40ed-91a3-cff0dca0856b@localhost,AlwaysCooperate,C,player_3052d27b-89ed-4a5b-ba30-7017bef17e4c@localhost,AlwaysDefect,D,0,10,0,240
25,player_d068d95b-8434-40ed-91a3-cff0dca0856b@localhost,AlwaysCooperate,C,player_3052d27b-89ed-4a5b-ba30-7017bef17e4c@localhost,AlwaysDefect,D,0,10,0,250
26,player_d068d95b-8434-40ed-91a3-cff0dca0856b@localhost,AlwaysCooperate,C,player_3052d27b-89ed-4a5b-ba30-7017bef17e4c@localhost,AlwaysDefect,D,0,10,0,260
27,player_d068d95b-8434-40ed-91a3-cff0dca0856b@localhost,AlwaysCooperate,C,player_3052d27b-89ed-4a5b-ba30-7017bef17e4c@localhost,AlwaysDefect,D,0,10,0,270
28,player_d068d95b-8434-40ed-91a3-cff0dca0856b@localhost,AlwaysCooperate,C,player_3052d27b-89ed-4a5b-ba30-7017bef17e4c@localhost,AlwaysDefect,D,0,10,0,280
29,player_d068d95b-8434-40ed-91a3-cff0dca0856b@localhost,AlwaysCooperate,C,player_3052d27b-89ed-4a5b-ba30-7017bef17e4c@localhost,AlwaysDefect,D,0,10,0,290
30,player_d068d95b-8434-40ed-91a3-cff0dca0856b@localhost,AlwaysCooperate,C,player_3052d27b-89ed-4a5b-ba30-7017bef17e4c@localhost,AlwaysDefect,D,0,10,0,300
31,player_d068d95b-8434-40ed-91a3-cff0dca0856b@localhost,AlwaysCooperate,C,player_3052d27b-89ed-4a5b-ba30-7017bef17e4c@localhost,AlwaysDefect,D,0,10,0,310
32,player_d068d95b-8434-40ed-91a3-cff0dca0856b@localhost,AlwaysCooperate,C,player_3052d27b-89ed-4a5b-ba30-7017bef17e4c@localhost,AlwaysDefect,D,0,10,0,320
33,player_d068d95b-8434-40ed-91a3-cff0dca0856b@localhost,AlwaysCooperate,C,player_3052d27b-89ed-4a5b-ba30-7017bef17e4c@localhost,AlwaysDefect,D,0,10,0,330
34,player_d068d95b-8434-40ed-91a3-cff0dca0856b@localhost,AlwaysCooperate,C,player_3052d27b-89ed-4a5b-ba30-7017bef17e4c@localhost,AlwaysDefect,D,0,10,0,340
35,player_d068d95b-8434-40ed-91a3-cff0dca0856b@localhost,AlwaysCooperate,C,player_3052d27b-89ed-4a5b-ba30-7017bef17e4c@localhost,AlwaysDefect,D,0,10,0,350
36,player_d068d95b-8434-40ed-91a3-cff0dca0856b@localhost,AlwaysCooperate,C,player_3052d27b-89ed-4a5b-ba30-7017bef17e4c@localhost,AlwaysDefect,D,0,10,0,360
37,player_d068d95b-8434-40ed-91a3-cff0dca0856b@localhost,AlwaysCooperate,C,player_3052d27b-89ed-4a5b-ba30-7017bef17e4c@localhost,AlwaysDefect,D,0,10,0,370
38,player_d068d95b-8434-40ed-91a3-cff0dca0856b@localhost,AlwaysCooperate,C,player_3052d27b-89ed-4a5b-ba30-7017bef17e4c@localhost,AlwaysDefect,D,0,10,0,380
39,player_d068d95b-8434-40ed-91a3-cff0dca0856b@localhost,AlwaysCooperate,C,player_3052d27b-89ed-4a5b-ba30-7017bef17e4c@localhost,AlwaysDefect,D,0,10,0,390
40,player_d068d95b-8434-40ed-91a3-cff0dca0856b@localhost,AlwaysCooperate,C,player_3052d27b-89ed-4a5b-ba30-7017bef17e4c@localhost,AlwaysDefect,D,0,10,0,400
41,player_d068d95b-8434-40ed-91a3-cff0dca0856b@localhost,AlwaysCooperate,C,player_3052d27b-89ed-4a5b-ba30-7017bef17e4c@localhost,AlwaysDefect,D,0,10,0,410
42,player_d068d95b-8434-40ed-91a3-cff0dca0856b@localhost,AlwaysCooperate,C,player_3052d27b-89ed-4a5b-ba30-7017bef17e4c@localhost,AlwaysDefect,D,0,10,0,420
43,player_d068d95b-8434-40ed-91a3-cff0dca0856b@localhost,AlwaysCooperate,C,player_3052d27b-89ed-4a5b-ba30-7017bef17e4c@localhost,AlwaysDefect,D,0,10,0,430
44,player_d068d95b-8434-40ed-91a3-cff0dca0856b@localhost,AlwaysCooperate,C,player_3052d27b-89ed-4a5b-ba30-7017bef17e4c@localhost,AlwaysDefect,D,0,10,0,440
45,player_d068d95b-8434-40ed-91a3-cff0dca0856b@localhost,AlwaysCooperate,C,player_3052d27b-89ed-4a5b-ba30-7017bef17e4c@localhost,AlwaysDefect,D,0,10,0,450
46,player_d068d95b-8434-40ed-91a3-cff0dca0856b@localhost,AlwaysCooperate,C,player_3052d27b-89ed-4a5b-ba30-7017bef17e4c@localhost,AlwaysDefect,D,0,10,0,460
47,player_d068d95b-8434-40ed-91a3-cff0dca0856b@localhost,AlwaysCooperate,C,player_3052d27b-89ed-4a5b-ba30-7017bef17e4c@localhost,AlwaysDefect,D,0,10,0,470
48,player_d068d95b-8434-40ed-91a3-cff0dca0856b@localhost,AlwaysCooperate,C,player_3052d27b-89ed-4a5b-ba30-7017bef17e4c@localhost,AlwaysDefect,D,0,10,0,480
49,player_d068d95b-8434-40ed-91a3-cff0dca0856b@localhost,AlwaysCooperate,C,player_3052d27b-89ed-4a5b-ba30-7017bef17e4c@localhost,AlwaysDefect,D,0,10,0,490
50,player_d068d95b-8434-40ed-91a3-cff0dca0856b@localhost,AlwaysCooperate,C,player_3052d27b-89ed-4a5b-ba30-7017bef17e4c@localhost,AlwaysDefect,D,0,10,0,500
51,player_d068d95b-8434-40ed-91a3-cff0dca0856b@localhost,AlwaysCooperate,C,player_3052d27b-89ed-4a5b-ba30-7017bef17e4c@localhost,AlwaysDefect,D,0,10,0,510
52,player_d068d95b-8434-40ed-91a3-cff0dca0856b@localhost,AlwaysCooperate,C,player_3052d27b-89ed-4a5b-ba30-7017bef17e4c@localhost,AlwaysDefect,D,0,10,0,520
53,player_d068d95b-8434-40ed-91a3-cff0dca0856b@localhost,AlwaysCooperate,C,player_3052d27b-89ed-4a5b-ba30-7017bef17e4c@localhost,AlwaysDefect,D,0,10,0,530
54,player_d068d95b-8434-40ed-91a3-cff0dca0856b@localhost,AlwaysCooperate,C,player_3052d27b-89ed-4a5b-ba30-7017bef17e4c@localhost,AlwaysDefect,D,0,10,0,540
55,player_d068d95b-8434-40ed-91a3-cff0dca0856b@localhost,AlwaysCooperate,C,player_3052d27b-89ed-4a5b-ba30-7017bef17e4c@localhost,AlwaysDefect,D,0,10,0,550
56,player_d068d95b-8434-40ed-91a3-cff0dca0856b@localhost,AlwaysCooperate,C,player_3052d27b-89ed-4a5b-ba30-7017bef17e4c@localhost,AlwaysDefect,D,0,10,0,560
57,player_d068d95b-8434-40ed-91a3-cff0dca0856b@localhost,AlwaysCooperate,C,player_3052d27b-89ed-4a5b-ba30-7017bef17e4c@localhost,AlwaysDefect,D,0,10,0,570
58,player_d068d95b-8434-40ed-91a3-cff0dca0856b@localhost,AlwaysCooperate,C,player_3052d27b-89ed-4a5b-ba30-7017bef17e4c@localhost,AlwaysDefect,D,0,10,0,580
59,player_d068d95b-8434-40ed-91a3-cff0dca0856b@localhost,AlwaysCooperate,C,player_3052d27b-89ed-4a5b-ba30-7017bef17e4c@localhost,AlwaysDefect,D,0,10,0,590
60,player_d068d95b-8434-40ed-91a3-cff0dca0856b@localhost,AlwaysCooperate,C,player_3052d27b-89ed-4a5b-ba30-7017bef17e4c@localhost,AlwaysDefect,D,0,10,0,600
61,player_d068d95b-8434-40ed-91a3-cff0dca0856b@localhost,AlwaysCooperate,C,player_3052d27b-89ed-4a5b-ba30-7017bef17e4c@localhost,AlwaysDefect,D,0,10,0,610
62,player_d068d95b-8434-40ed-91a3-cff0dca0856b@localhost,AlwaysCooperate,C,player_3052d27b-89ed-4a5b-ba30-7017bef17e4c@localhost,AlwaysDefect,D,0,10,0,620
63,player_d068d95b-8434-40ed-91a3-cff0dca0856b@localhost,AlwaysCooperate,C,player_3052d27b-89ed-4a5b-ba30-7017bef17e4c@localhost,AlwaysDefect,D,0,10,0,630
64,player_d068d95b-8434-40ed-91a3-cff0dca0856b@localhost,AlwaysCooperate,C,player_3052d27b-89ed-4a5b-ba30-7017bef17e4c@localhost,AlwaysDefect,D,0,10,0,640
65,player_d068d95b-8434-40ed-91a3-cff0dca0856b@localhost,AlwaysCooperate,C,player_3052d27b-89ed-4a5b-ba30-7017bef17e4c@localhost,AlwaysDefect,D,0,10,0,650
66,player_d068d95b-8434-40ed-91a3-cff0dca0856b@localhost,AlwaysCooperate,C,player_3052d27b-89ed-4a5b-ba30-7017bef17e4c@localhost,AlwaysDefect,D,0,10,0,660
67,player_d068d95b-8434-40ed-91a3-cff0dca0856b@localhost,AlwaysCooperate,C,player_3052d27b-89ed-4a5b-ba30-7017bef17e4c@localhost,AlwaysDefect,D,0,10,0,670
68,player_d068d95b-8434-40ed-91a3-cff0dca0856b@localhost,AlwaysCooperate,C,player_3052d27b-89ed-4a5b-ba30-7017bef17e4c@localhost,AlwaysDefect,D,0,10,0,680
69,player_d068d95b-8434-40ed-91a3-cff0dca0856b@localhost,AlwaysCooperate,C,player_3052d27b-89ed-4a5b-ba30-7017bef17e4c@localhost,AlwaysDefect,D,0,10,0,690
70,player_d068d95b-8434-40ed-91a3-cff0dca0856b@localhost,AlwaysCooperate,C,player_3052d27b-89ed-4a5b-ba30-7017bef17e4c@localhost,AlwaysDefect,D,0,10,0,700
71,player_d068d95b-8434-40ed-91a3-cff0dca0856b@localhost,AlwaysCooperate,C,player_3052d27b-89ed-4a5b-ba30-7017bef17e4c@localhost,AlwaysDefect,D,0,10,0,710
72,player_d068d95b-8434-40ed-91a3-cff0dca0856b@localhost,AlwaysCooperate,C,player_3052d27b-89ed-4a5b-ba30-7017bef17e4c@localhost,AlwaysDefect,D,0,10,0,720
73,player_d068d95b-8434-40ed-91a3-cff0dca0856b@localhost,AlwaysCooperate,C,player_3052d27b-89ed-4a5b-ba30-7017bef17e4c@localhost,AlwaysDefect,D,0,10,0,730
74,player_d068d95b-8434-40ed-91a3-cff0dca0856b@localhost,AlwaysCooperate,C,player_3052d27b-89ed-4a5b-ba30-7017bef17e4c@localhost,AlwaysDefect,D,0,10,0,740
75,player_d068d95b-8434-40ed-91a3-cff0dca0856b@localhost,AlwaysCooperate,C,player_3052d27b-89ed-4a5b-ba30-7017bef17e4c@localhost,AlwaysDefect,D,0,10,0,750
76,player_d068d95b-8434-40ed-91a3-cff0dca0856b@localhost,AlwaysCooperate,C,player_3052d27b-89ed-4a5b-ba30-7017bef17e4c@localhost,AlwaysDefect,D,0,10,0,760
77,player_d068d95b-8434-40ed-91a3-cff0dca0856b@localhost,AlwaysCooperate,C,player_3052d27b-89ed-4a5b-ba30-7017bef17e4c@localhost,AlwaysDefect,D,0,10,0,770
78,player_d068d95b-8434-40ed-91a3-cff0dca0856b@localhost,AlwaysCooperate,C,player_3052d27b-89ed-4a5b-ba30-7017bef17e4c@localhost,AlwaysDefect,D,0,10,0,780
79,player_d068d95b-8434-40ed-91a3-cff0dca0856b@localhost,AlwaysCooperate,C,player_3052d27b-89ed-4a5b-ba30-7017bef17e4c@localhost,AlwaysDefect,D,0,10,0,790
80,player_d068d95b-8434-40ed-91a3-cff0dca0856b@localhost,AlwaysCooperate,C,player_3052d27b-89ed-4a5b-ba30-7017bef17e4c@localhost,AlwaysDefect,D,0,10,0,800
81,player_d068d95b-8434-40ed-91a3-cff0dca0856b@localhost,AlwaysCooperate,C,player_3052d27b-89ed-4a5b-ba30-7017bef17e4c@localhost,AlwaysDefect,D,0,10,0,810
82,player_d068d95b-8434-40ed-91a3-cff0dca0856b@localhost,AlwaysCooperate,C,player_3052d27b-89ed-4a5b-ba30-7017bef17e4c@localhost,AlwaysDefect,D,0,10,0,820
83,player_d068d95b-8434-40ed-91a3-cff0dca0856b@localhost,AlwaysCooperate,C,player_3052d27b-89ed-4a5b-ba30-7017bef17e4c@localhost,AlwaysDefect,D,0,10,0,830
84,player_d068d95b-8434-40ed-91a3-cff0dca0856b@localhost,AlwaysCooperate,C,player_3052d27b-89ed-4a5b-ba30-7017bef17e4c@localhost,AlwaysDefect,D,0,10,0,840
85,player_d068d95b-8434-40ed-91a3-cff0dca0856b@localhost,AlwaysCooperate,C,player_3052d27b-89ed-4a5b-ba30-7017bef17e4c@localhost,AlwaysDefect,D,0,10,0,850
86,player_d068d95b-8434-40ed-91a3-cff0dca0856b@localhost,AlwaysCooperate,C,player_3052d27b-89ed-4a5b-ba30-7017bef17e4c@localhost,AlwaysDefect,D,0,10,0,860
87,player_d068d95b-8434-40ed-91a3-cff0dca0856b@localhost,AlwaysCooperate,C,player_3052d27b-89ed-4a5b-ba30-7017bef17e4c@localhost,AlwaysDefect,D,0,10,0,870
88,player_d068d95b-8434-40ed-91a3-cff0dca0856b@localhost,AlwaysCooperate,C,player_3052d27b-89ed-4a5b-ba30-7017bef17e4c@localhost,AlwaysDefect,D,0,10,0,880
89,player_d068d95b-8434-40ed-91a3-cff0dca0856b@localhost,AlwaysCooperate,C,player_3052d27b-89ed-4a5b-ba30-7017bef17e4c@localhost,AlwaysDefect,D,0,10,0,890
90,player_d068d95b-8434-40ed-91a3-cff0dca0856b@localhost,AlwaysCooperate,C,player_3052d27b-89ed-4a5b-ba30-7017bef17e4c@localhost,AlwaysDefect,D,0,10,0,900
91,player_d068d95b-8434-40ed-91a3-cff0dca0856b@localhost,AlwaysCooperate,C,player_3052d27b-89ed-4a5b-ba30-7017bef17e4c@localhost,AlwaysDefect,D,0,10,0,910
92,player_d068d95b-8434-40ed-91a3-cff0dca0856b@localhost,AlwaysCooperate,C,player_3052d27b-89ed-4a5b-ba30-7017bef17e4c@localhost,AlwaysDefect,D,0,10,0,920
93,player_d068d95b-8434-40ed-91a3-cff0dca0856b@localhost,AlwaysCooperate,C,player_3052d27b-89ed-4a5b-ba30-7017bef17e4c@localhost,AlwaysDefect,D,0,10,0,930
94,player_d068d95b-8434-40ed-91a3-cff0dca0856b@localhost,AlwaysCooperate,C,player_3052d27b-89ed-4a5b-ba30-7017bef17e4c@localhost,AlwaysDefect,D,0,10,0,940
95,player_d068d95b-8434-40ed-91a3-cff0dca0856b@localhost,AlwaysCooperate,C,player_3052d27b-89ed-4a5b-ba30-7017bef17e4c@localhost,AlwaysDefect,D,0,10,0,950
96,player_d068d95b-8434-40ed-91a3-cff0dca0856b@localhost,AlwaysCooperate,C,player_3052d27b-89ed-4a5b-ba30-7017bef17e4c@localhost,AlwaysDefect,D,0,10,0,960
97,player_d068d95b-8434-40ed-91a3-cff0dca0856b@localhost,AlwaysCooperate,C,player_3052d27b-89ed-4a5b-ba30-7017bef17e4c@localhost,AlwaysDefect,D,0,10,0,970
98,player_d068d95b-8434-40ed-91a3-cff0dca0856b@localhost,AlwaysCooperate,C,player_3052d27b-89ed-4a5b-ba30-7017bef17e4c@localhost,AlwaysDefect,D,0,10,0,980
99,player_d068d95b-8434-40ed-91a3-cff0dca0856b@localhost,AlwaysCooperate,C,player_3052d27b-89ed-4a5b-ba30-7017bef17e4c@localhost,AlwaysDefect,D,0,10,0,990
100,player_d068d95b-8434-40ed-91a3-cff0dca0856b@localhost,AlwaysCooperate,C,player_3052d27b-89ed-4a5b-ba30-7017bef17e4c@localhost,AlwaysDefect,D,0,10,0,1000
101,player_d068d95b-8434-40ed-91a3-cff0dca0856b@localhost,AlwaysCooperate,C,player_3052d27b-89ed-4a5b-ba30-7017bef17e4c@localhost,AlwaysDefect,D,0,10,0,1010
102,player_d068d95b-8434-40ed-91a3-cff0dca0856b@localhost,AlwaysCooperate,C,player_3052d27b-89ed-4a5b-ba30-7017bef17e4c@localhost,AlwaysDefect,D,0,10,0,1020
103,player_d068d95b-8434-40ed-91a3-cff0dca0856b@localhost,AlwaysCooperate,C,player_3052d27b-89ed-4a5b-ba30-7017bef17e4c@localhost,AlwaysDefect,D,0,10,0,1030
104,player_d068d95b-8434-40ed-91a3-cff0dca0856b@localhost,AlwaysCooperate,C,player_3052d27b-89ed-4a5b-ba30-7017bef17e4c@localhost,AlwaysDefect,D,0,10,0,1040
105,player_d068d95b-8434-40ed-91a3-cff0dca0856b@localhost,AlwaysCooperate,C,player_3052d27b-89ed-4a5b-ba30-7017bef17e4c@localhost,AlwaysDefect,D,0,10,0,1050
106,player_d068d95b-8434-40ed-91a3-cff0dca0856b@localhost,AlwaysCooperate,C,player_3052d27b-89ed-4a5b-ba30-7017bef17e4c@localhost,AlwaysDefect,D,0,10,0,1060
107,player_d068d95b-8434-40ed-91a3-cff0dca0856b@localhost,AlwaysCooperate,C,player_3052d27b-89ed-4a5b-ba30-7017bef17e4c@localhost,AlwaysDefect,D,0,10,0,1070
108,player_d068d95b-8434-40ed-91a3-cff0dca0856b@localhost,AlwaysCooperate,C,player_3052d27b-89ed-4a5b-ba30-7017bef17e4c@localhost,AlwaysDefect,D,0,10,0,1080
109,player_d068d95b-8434-40ed-91a3-cff0dca0856b@localhost,AlwaysCooperate,C,player_3052d27b-89ed-4a5b-ba30-7017bef17e4c@localhost,AlwaysDefect,D,0,10,0,1090
110,player_d068d95b-8434-40ed-91a3-cff0dca0856b@localhost,AlwaysCooperate,C,player_3052d27b-89ed-4a5b-ba30-7017bef17e4c@localhost,AlwaysDefect,D,0,10,0,1100
111,player_d068d95b-8434-40ed-91a3-cff0dca0856b@localhost,AlwaysCooperate,C,player_3052d27b-89ed-4a5b-ba30-7017bef17e4c@localhost,AlwaysDefect,D,0,10,0,1110
112,player_d068d95b-8434-40ed-91a3-cff0dca0856b@localhost,AlwaysCooperate,C,player_3052d27b-89ed-4a5b-ba30-7017bef17e4c@localhost,AlwaysDefect,D,0,10,0,1120
113,player_d068d95b-8434-40ed-91a3-cff0dca0856b@localhost,AlwaysCooperate,C,player_3052d27b-89ed-4a5b-ba30-7017bef17e4c@localhost,AlwaysDefect,D,0,10,0,1130
114,player_d068d95b-8434-40ed-91a3-cff0dca0856b@localhost,AlwaysCooperate,C,player_3052d27b-89ed-4a5b-ba30-7017bef17e4c@localhost,AlwaysDefect,D,0,10,0,1140
115,player_d068d95b-8434-40ed-91a3-cff0dca0856b@localhost,AlwaysCooperate,C,player_3052d27b-89ed-4a5b-ba30-7017bef17e4c@localhost,AlwaysDefect,D,0,10,0,1150
116,player_d068d95b-8434-40ed-91a3-cff0dca0856b@localhost,AlwaysCooperate,C,player_3052d27b-89ed-4a5b-ba30-7017bef17e4c@localhost,AlwaysDefect,D,0,10,0,1160
117,player_d068d95b-8434-40ed-91a3-cff0dca0856b@localhost,AlwaysCooperate,C,player_3052d27b-89ed-4a5b-ba30-7017bef17e4c@localhost,AlwaysDefect,D,0,10,0,1170
118,player_d068d95b-8434-40ed-91a3-cff0dca0856b@localhost,AlwaysCooperate,C,player_3052d27b-89ed-4a5b-ba30-7017bef17e4c@localhost,AlwaysDefect,D,0,10,0,1180
119,player_d068d95b-8434-40ed-91a3-cff0dca0856b@localhost,AlwaysCooperate,C,player_3052d27b-89ed-4a5b-ba30-7017bef17e4c@localhost,AlwaysDefect,D,0,10,0,1190
120,player_d068d95b-8434-40ed-91a3-cff0dca0856b@localhost,AlwaysCooperate,C,player_3052d27b-89ed-4a5b-ba30-7017bef17e4c@localhost,AlwaysDefect,D,0,10,0,1200
121,player_d068d95b-8434-40ed-91a3-cff0dca0856b@localhost,AlwaysCooperate,C,player_3052d27b-89ed-4a5b-ba30-7017bef17e4c@localhost,AlwaysDefect,D,0,10,0,1210
122,player_d068d95b-8434-40ed-91a3-cff0dca0856b@localhost,AlwaysCooperate,C,player_3052d27b-89ed-4a5b-ba30-7017bef17e4c@localhost,AlwaysDefect,D,0,10,0,1220
123,player_d068d95b-8434-40ed-91a3-cff0dca0856b@localhost,AlwaysCooperate,C,player_3052d27b-89ed-4a5b-ba30-7017bef17e4c@localhost,AlwaysDefect,D,0,10,0,1230
124,player_d068d95b-8434-40ed-91a3-cff0dca0856b@localhost,AlwaysCooperate,C,player_3052d27b-89ed-4a5b-ba30-7017bef17e4c@localhost,AlwaysDefect,D,0,10,0,1240
125,player_d068d95b-8434-40ed-91a3-cff0dca0856b@localhost,AlwaysCooperate,C,player_3052d27b-89ed-4a5b-ba30-7017bef17e4c@localhost,AlwaysDefect,D,0,10,0,1250
126,player_d068d95b-8434-40ed-91a3-cff0dca0856b@localhost,AlwaysCooperate,C,player_3052d27b-89ed-4a5b-ba30-7017bef17e4c@localhost,AlwaysDefect,D,0,10,0,1260
127,player_d068d95b-8434-40ed-91a3-cff0dca0856b@localhost,AlwaysCooperate,C,player_3052d27b-89ed-4a5b-ba30-7017bef17e4c@localhost,AlwaysDefect,D,0,10,0,1270
128,player_d068d95b-8434-40ed-91a3-cff0dca0856b@localhost,AlwaysCooperate,C,player_3052d27b-89ed-4a5b-ba30-7017bef17e4c@localhost,AlwaysDefect,D,0,10,0,1280
129,player_d068d95b-8434-40ed-91a3-cff0dca0856b@localhost,AlwaysCooperate,C,player_3052d27b-89ed-4a5b-ba30-7017bef17e4c@localhost,AlwaysDefect,D,0,10,0,1290
130,player_d068d95b-8434-40ed-91a3-cff0dca0856b@localhost,AlwaysCooperate,C,player_3052d27b-89ed-4a5b-ba30-7017bef17e4c@localhost,AlwaysDefect,D,0,10,0,1300
131,player_d068d95b-8434-40ed-91a3-cff0dca0856b@localhost,AlwaysCooperate,C,player_3052d27b-89ed-4a5b-ba30-7017bef17e4c@localhost,AlwaysDefect,D,0,10,0,1310
132,player_d068d95b-8434-40ed-91a3-cff0dca0856b@localhost,AlwaysCooperate,C,player_3052d27b-89ed-4a5b-ba30-7017bef17e4c@localhost,AlwaysDefect,D,0,10,0,1320
133,player_d068d95b-8434-40ed-91a3-cff0dca0856b@localhost,AlwaysCooperate,C,player_3052d27b-89ed-4a5b-ba30-7017bef17e4c@localhost,AlwaysDefect,D,0,10,0,1330
134,player_d068d95b-8434-40ed-91a3-cff0dca0856b@localhost,AlwaysCooperate,C,player_3052d27b-89ed-4a5b-ba30-7017bef17e4c@localhost,AlwaysDefect,D,0,10,0,1340
135,player_d068d95b-8434-40ed-91a3-cff0dca0856b@localhost,AlwaysCooperate,C,player_3052d27b-89ed-4a5b-ba30-7017bef17e4c@localhost,AlwaysDefect,D,0,10,0,1350
136,player_d068d95b-8434-40ed-91a3-cff0dca0856b@localhost,AlwaysCooperate,C,player_3052d27b-89ed-4a5b-ba30-7017bef17e4c@localhost,AlwaysDefect,D,0,10,0,1360
137,player_d068d95b-8434-40ed-91a3-cff0dca0856b@localhost,AlwaysCooperate,C,player_3052d27b-89ed-4a5b-ba30-7017bef17e4c@localhost,AlwaysDefect,D,0,10,0,1370
138,player_d068d95b-8434-40ed-91a3-cff0dca0856b@localhost,AlwaysCooperate,C,player_3052d27b-89ed-4a5b-ba30-7017bef17e4c@localhost,AlwaysDefect,D,0,10,0,1380
139,player_d068d95b-8434-40ed-91a3-cff0dca0856b@localhost,AlwaysCooperate,C,player_3052d27b-89ed-4a5b-ba30-7017bef17e4c@localhost,AlwaysDefect,D,0,10,0,1390
140,player_d068d95b-8434-40ed-91a3-cff0dca0856b@localhost,AlwaysCooperate,C,player_3052d27b-89ed-4a5b-ba30-7017bef17e4c@localhost,AlwaysDefect,D,0,10,0,1400
141,player_d068d95b-8434-40ed-91a3-cff0dca0856b@localhost,AlwaysCooperate,C,player_3052d27b-89ed-4a5b-ba30-7017bef17e4c@localhost,AlwaysDefect,D,0,10,0,1410
142,player_d068d95b-8434-40ed-91a3-cff0dca0856b@localhost,AlwaysCooperate,C,player_3052d27b-89ed-4a5b-ba30-7017bef17e4c@localhost,AlwaysDefect,D,0,10,0,1420
143,player_d068d95b-8434-40ed-91a3-cff0dca0856b@localhost,AlwaysCooperate,C,player_3052d27b-89ed-4a5b-ba30-7017bef17e4c@localhost,AlwaysDefect,D,0,10,0,1430
144,player_d068d95b-8434-40ed-91a3-cff0dca0856b@localhost,AlwaysCooperate,C,player_3052d27b-89ed-4a5b-ba30-7017bef17e4c@localhost,AlwaysDefect,D,0,10,0,1440
145,player_d068d95b-8434-40ed-91a3-cff0dca0856b@localhost,AlwaysCooperate,C,player_3052d27b-89ed-4a5b-ba30-7017bef17e4c@localhost,AlwaysDefect,D,0,10,0,1450
146,player_d068d95b-8434-40ed-91a3-cff0dca0856b@localhost,AlwaysCooperate,C,player_3052d27b-89ed-4a5b-ba30-7017bef17e4c@localhost,AlwaysDefect,D,0,10,0,1460
147,player_d068d95b-8434-40ed-91a3-cff0dca0856b@localhost,AlwaysCooperate,C,player_3052d27b-89ed-4a5b-ba30-7017bef17e4c@localhost,AlwaysDefect,D,0,10,0,1470
148,player_d068d95b-8434-40ed-91a3-cff0dca0856b@localhost,AlwaysCooperate,C,player_3052d27b-89ed-4a5b-ba30-7017bef17e4c@localhost,AlwaysDefect,D,0,10,0,1480
149,player_d068d95b-8434-40ed-91a3-cff0dca0856b@localhost,AlwaysCooperate,C,player_3052d27b-89ed-4a5b-ba30-7017bef17e4c@localhost,AlwaysDefect,D,0,10,0,1490
150,player_d068d95b-8434-40ed-91a3-cff0dca0856b@localhost,AlwaysCooperate,C,player_3052d27b-89ed-4a5b-ba30-7017bef17e4c@localhost,AlwaysDefect,D,0,10,0,1500
151,player_d068d95b-8434-40ed-91a3-cff0dca0856b@localhost,AlwaysCooperate,C,player_3052d27b-89ed-4a5b-ba30-7017bef17e4c@localhost,AlwaysDefect,D,0,10,0,1510
152,player_d068d95b-8434-40ed-91a3-cff0dca0856b@localhost,AlwaysCooperate,C,player_3052d27b-89ed-4a5b-ba30-7017bef17e4c@localhost,AlwaysDefect,D,0,10,0,1520
153,player_d068d95b-8434-40ed-91a3-cff0dca0856b@localhost,AlwaysCooperate,C,player_3052d27b-89ed-4a5b-ba30-7017bef17e4c@localhost,AlwaysDefect,D,0,10,0,1530
154,player_d068d95b-8434-40ed-91a3-cff0dca0856b@localhost,AlwaysCooperate,C,player_3052d27b-89ed-4a5b-ba30-7017bef17e4c@localhost,AlwaysDefect,D,0,10,0,1540
155,player_d068d95b-8434-40ed-91a3-cff0dca0856b@localhost,AlwaysCooperate,C,player_3052d27b-89ed-4a5b-ba30-7017bef17e4c@localhost,AlwaysDefect,D,0,10,0,1550
156,player_d068d95b-8434-40ed-91a3-cff0dca0856b@localhost,AlwaysCooperate,C,player_3052d27b-89ed-4a5b-ba30-7017bef17e4c@localhost,AlwaysDefect,D,0,10,0,1560
157,player_d068d95b-8434-40ed-91a3-cff0dca0856b@localhost,AlwaysCooperate,C,player_3052d27b-89ed-4a5b-ba30-7017bef17e4c@localhost,AlwaysDefect,D,0,10,0,1570
158,player_d068d95b-8434-40ed-91a3-cff0dca0856b@localhost,AlwaysCooperate,C,player_3052d27b-89ed-4a5b-ba30-7017bef17e4c@localhost,AlwaysDefect,D,0,10,0,1580
159,player_d068d95b-8434-40ed-91a3-cff0dca0856b@localhost,AlwaysCooperate,C,player_3052d27b-89ed-4a5b-ba30-7017bef17e4c@localhost,AlwaysDefect,D,0,10,0,1590
160,player_d068d95b-8434-40ed-91a3-cff0dca0856b@localhost,AlwaysCooperate,C,player_3052d27b-89ed-4a5b-ba30-7017bef17e4c@localhost,AlwaysDefect,D,0,10,0,1600
161,player_d068d95b-8434-40ed-91a3-cff0dca0856b@localhost,AlwaysCooperate,C,player_3052d27b-89ed-4a5b-ba30-7017bef17e4c@localhost,AlwaysDefect,D,0,10,0,1610
162,player_d068d95b-8434-40ed-91a3-cff0dca0856b@localhost,AlwaysCooperate,C,player_3052d27b-89ed-4a5b-ba30-7017bef17e4c@localhost,AlwaysDefect,D,0,10,0,1620
163,player_d068d95b-8434-40ed-91a3-cff0dca0856b@localhost,AlwaysCooperate,C,player_3052d27b-89ed-4a5b-ba30-7017bef17e4c@localhost,AlwaysDefect,D,0,10,0,1630
164,player_d068d95b-8434-40ed-91a3-cff0dca0856b@localhost,AlwaysCooperate,C,player_3052d27b-89ed-4a5b-ba30-7017bef17e4c@localhost,AlwaysDefect,D,0,10,0,1640
165,player_d068d95b-8434-40ed-91a3-cff0dca0856b@localhost,AlwaysCooperate,C,player_3052d27b-89ed-4a5b-ba30-7017bef17e4c@localhost,AlwaysDefect,D,0,10,0,1650
166,player_d068d95b-8434-40ed-91a3-cff0dca0856b@localhost,AlwaysCooperate,C,player_3052d27b-89ed-4a5b-ba30-7017bef17e4c@localhost,AlwaysDefect,D,0,10,0,1660
167,player_d068d95b-8434-40ed-91a3-cff0dca0856b@localhost,AlwaysCooperate,C,player_3052d27b-89ed-4a5b-ba30-7017bef17e4c@localhost,AlwaysDefect,D,0,10,0,1670
168,player_d068d95b-8434-40ed-91a3-cff0dca0856b@localhost,AlwaysCooperate,C,player_3052d27b-89ed-4a5b-ba30-7017bef17e4c@localhost,AlwaysDefect,D,0,10,0,1680
169,player_d068d95b-8434-40ed-91a3-cff0dca0856b@localhost,AlwaysCooperate,C,player_3052d27b-89ed-4a5b-ba30-7017bef17e4c@localhost,AlwaysDefect,D,0,10,0,1690
170,player_d068d95b-8434-40ed-91a3-cff0dca0856b@localhost,AlwaysCooperate,C,player_3052d27b-89ed-4a5b-ba30-7017bef17e4c@localhost,AlwaysDefect,D,0,10,0,1700
171,player_d068d95b-8434-40ed-91a3-cff0dca0856b@localhost,AlwaysCooperate,C,player_3052d27b-89ed-4a5b-ba30-7017bef17e4c@localhost,AlwaysDefect,D,0,10,0,1710
172,player_d068d95b-8434-40ed-91a3-cff0dca0856b@localhost,AlwaysCooperate,C,player_3052d27b-89ed-4a5b-ba30-7017bef17e4c@localhost,AlwaysDefect,D,0,10,0,1720
173,player_d068d95b-8434-40ed-91a3-cff0dca0856b@localhost,AlwaysCooperate,C,player_3052d27b-89ed-4a5b-ba30-7017bef17e4c@localhost,AlwaysDefect,D,0,10,0,1730
174,player_d068d95b-8434-40ed-91a3-cff0dca0856b@localhost,AlwaysCooperate,C,player_3052d27b-89ed-4a5b-ba30-7017bef17e4c@localhost,AlwaysDefect,D,0,10,0,1740
175,player_d068d95b-8434-40ed-91a3-cff0dca0856b@localhost,AlwaysCooperate,C,player_3052d27b-89ed-4a5b-ba30-7017bef17e4c@localhost,AlwaysDefect,D,0,10,0,1750
176,player_d068d95b-8434-40ed-91a3-cff0dca0856b@localhost,AlwaysCooperate,C,player_3052d27b-89ed-4a5b-ba30-7017bef17e4c@localhost,AlwaysDefect,D,0,10,0,1760
177,player_d068d95b-8434-40ed-91a3-cff0dca0856b@localhost,AlwaysCooperate,C,player_3052d27b-89ed-4a5b-ba30-7017bef17e4c@localhost,AlwaysDefect,D,0,10,0,1770
178,player_d068d95b-8434-40ed-91a3-cff0dca0856b@localhost,AlwaysCooperate,C,player_3052d27b-89ed-4a5b-ba30-7017bef17e4c@localhost,AlwaysDefect,D,0,10,0,1780
179,player_d068d95b-8434-40ed-91a3-cff0dca0856b@localhost,AlwaysCooperate,C,player_3052d27b-89ed-4a5b-ba30-7017bef17e4c@localhost,AlwaysDefect,D,0,10,0,1790
180,player_d068d95b-8434-40ed-91a3-cff0dca0856b@localhost,AlwaysCooperate,C,player_3052d27b-89ed-4a5b-ba30-7017bef17e4c@localhost,AlwaysDefect,D,0,10,0,1800
181,player_d068d95b-8434-40ed-91a3-cff0dca0856b@localhost,AlwaysCooperate,C,player_3052d27b-89ed-4a5b-ba30-7017bef17e4c@localhost,AlwaysDefect,D,0,10,0,1810
182,player_d068d95b-8434-40ed-91a3-cff0dca0856b@localhost,AlwaysCooperate,C,player_3052d27b-89ed-4a5b-ba30-7017bef17e4c@localhost,AlwaysDefect,D,0,10,0,1820
183,player_d068d95b-8434-40ed-91a3-cff0dca0856b@localhost,AlwaysCooperate,C,player_3052d27b-89ed-4a5b-ba30-7017bef17e4c@localhost,AlwaysDefect,D,0,10,0,1830
184,player_d068d95b-8434-40ed-91a3-cff0dca0856b@localhost,AlwaysCooperate,C,player_3052d27b-89ed-4a5b-ba30-7017bef17e4c@localhost,AlwaysDefect,D,0,10,0,1840
185,player_d068d95b-8434-40ed-91a3-cff0dca0856b@localhost,AlwaysCooperate,C,player_3052d27b-89ed-4a5b-ba30-7017bef17e4c@localhost,AlwaysDefect,D,0,10,0,1850
186,player_d068d95b-8434-40ed-91a3-cff0dca0856b@localhost,AlwaysCooperate,C,player_3052d27b-89ed-4a5b-ba30-7017bef17e4c@localhost,AlwaysDefect,D,0,10,0,1860
187,player_d068d95b-8434-40ed-91a3-cff0dca0856b@localhost,AlwaysCooperate,C,player_3052d27b-89ed-4a5b-ba30-7017bef17e4c@localhost,AlwaysDefect,D,0,10,0,1870
188,player_d068d95b-8434-40ed-91a3-cff0dca0856b@localhost,AlwaysCooperate,C,player_3052d27b-89ed-4a5b-ba30-7017bef17e4c@localhost,AlwaysDefect,D,0,10,0,1880
189,player_d068d95b-8434-40ed-91a3-cff0dca0856b@localhost,AlwaysCooperate,C,player_3052d27b-89ed-4a5b-ba30-7017bef17e4c@localhost,AlwaysDefect,D,0,10,0,1890
190,player_d068d95b-8434-40ed-91a3-cff0dca0856b@localhost,AlwaysCooperate,C,player_3052d27b-89ed-4a5b-ba30-7017bef17e4c@localhost,AlwaysDefect,D,0,10,0,1900
191,player_d068d95b-8434-40ed-91a3-cff0dca0856b@localhost,AlwaysCooperate,C,player_3052d27b-89ed-4a5b-ba30-7017bef17e4c@localhost,AlwaysDefect,D,0,10,0,1910
192,player_d068d95b-8434-40ed-91a3-cff0dca0856b@localhost,AlwaysCooperate,C,player_3052d27b-89ed-4a5b-ba30-7017bef17e4c@localhost,AlwaysDefect,D,0,10,0,1920
193,player_d068d95b-8434-40ed-91a3-cff0dca0856b@localhost,AlwaysCooperate,C,player_3052d27b-89ed-4a5b-ba30-7017bef17e4c@localhost,AlwaysDefect,D,0,10,0,1930
194,player_d068d95b-8434-40ed-91a3-cff0dca0856b@localhost,AlwaysCooperate,C,player_3052d27b-89ed-4a5b-ba30-7017bef17e4c@localhost,AlwaysDefect,D,0,10,0,1940
195,player_d068d95b-8434-40ed-91a3-cff0dca0856b@localhost,AlwaysCooperate,C,player_3052d27b-89ed-4a5b-ba30-7017bef17e4c@localhost,AlwaysDefect,D,0,10,0,1950
196,player_d068d95b-8434-40ed-91a3-cff0dca0856b@localhost,AlwaysCooperate,C,player_3052d27b-89ed-4a5b-ba30-7017bef17e4c@localhost,AlwaysDefect,D,0,10,0,1960
197,player_d068d95b-8434-40ed-91a3-cff0dca0856b@localhost,AlwaysCooperate,C,player_3052d27b-89ed-4a5b-ba30-7017bef17e4c@localhost,AlwaysDefect,D,0,10,0,1970
198,player_d068d95b-8434-40ed-91a3-cff0dca0856b@localhost,AlwaysCooperate,C,player_3052d27b-89ed-4a5b-ba30-7017bef17e4c@localhost,AlwaysDefect,D,0,10,0,1980
199,player_d068d95b-8434-40ed-91a3-cff0dca0856b@localhost,AlwaysCooperate,C,player_3052d27b-89ed-4a5b-ba30-7017bef17e4c@localhost,AlwaysDefect,D,0,10,0,1990
200,player_d068d95b-8434-40ed-91a3-cff0dca0856b@localhost,AlwaysCooperate,C,player_3052d27b-89ed-4a5b-ba30-7017bef17e4c@localhost,AlwaysDefect,D,0,10,0,2000
201,player_d068d95b-8434-40ed-91a3-cff0dca0856b@localhost,AlwaysCooperate,C,player_3052d27b-89ed-4a5b-ba30-7017bef17e4c@localhost,AlwaysDefect,D,0,10,0,2010
202,player_d068d95b-8434-40ed-91a3-cff0dca0856b@localhost,AlwaysCooperate,C,player_3052d27b-89ed-4a5b-ba30-7017bef17e4c@localhost,AlwaysDefect,D,0,10,0,2020
203,player_d068d95b-8434-40ed-91a3-cff0dca0856b@localhost,AlwaysCooperate,C,player_3052d27b-89ed-4a5b-ba30-7017bef17e4c@localhost,AlwaysDefect,D,0,10,0,2030
204,player_d068d95b-8434-40ed-91a3-cff0dca0856b@localhost,AlwaysCooperate,C,player_3052d27b-89ed-4a5b-ba30-7017bef17e4c@localhost,AlwaysDefect,D,0,10,0,2040
205,player_d068d95b-8434-40ed-91a3-cff0dca0856b@localhost,AlwaysCooperate,C,player_3052d27b-89ed-4a5b-ba30-7017bef17e4c@localhost,AlwaysDefect,D,0,10,0,2050
206,player_d068d95b-8434-40ed-91a3-cff0dca0856b@localhost,AlwaysCooperate,C,player_3052d27b-89ed-4a5b-ba30-7017bef17e4c@localhost,AlwaysDefect,D,0,10,0,2060
207,player_d068d95b-8434-40ed-91a3-cff0dca0856b@localhost,AlwaysCooperate,C,player_3052d27b-89ed-4a5b-ba30-7017bef17e4c@localhost,AlwaysDefect,D,0,10,0,2070
208,player_d068d95b-8434-40ed-91a3-cff0dca0856b@localhost,AlwaysCooperate,C,player_3052d27b-89ed-4a5b-ba30-7017bef17e4c@localhost,AlwaysDefect,D,0,10,0,2080
209,player_d068d95b-8434-40ed-91a3-cff0dca0856b@localhost,AlwaysCooperate,C,player_3052d27b-89ed-4a5b-ba30-7017bef17e4c@localhost,AlwaysDefect,D,0,10,0,2090
210,player_d068d95b-8434-40ed-91a3-cff0dca0856b@localhost,AlwaysCooperate,C,player_3052d27b-89ed-4a5b-ba30-7017bef17e4c@localhost,AlwaysDefect,D,0,10,0,2100
211,player_d068d95b-8434-40ed-91a3-cff0dca0856b@localhost,AlwaysCooperate,C,player_3052d27b-89ed-4a5b-ba30-7017bef17e4c@localhost,AlwaysDefect,D,0,10,0,2110
212,player_d068d95b-8434-40ed-91a3-cff0dca0856b@localhost,AlwaysCooperate,C,player_3052d27b-89ed-4a5b-ba30-7017bef17e4c@localhost,AlwaysDefect,D,0,10,0,2120
213,player_d068d95b-8434-40ed-91a3-cff0dca0856b@localhost,AlwaysCooperate,C,player_3052d27b-89ed-4a5b-ba30-7017bef17e4c@localhost,AlwaysDefect,D,0,10,0,2130
214,player_d068d95b-8434-40ed-91a3-cff0dca0856b@localhost,AlwaysCooperate,C,player_3052d27b-89ed-4a5b-ba30-7017bef17e4c@localhost,AlwaysDefect,D,0,10,0,2140
215,player_d068d95b-8434-40ed-91a3-cff0dca0856b@localhost,AlwaysCooperate,C,player_3052d27b-89ed-4a5b-ba30-7017bef17e4c@localhost,AlwaysDefect,D,0,10,0,2150
216,player_d068d95b-8434-40ed-91a3-cff0dca0856b@localhost,AlwaysCooperate,C,player_3052d27b-89ed-4a5b-ba30-7017bef17e4c@localhost,AlwaysDefect,D,0,10,0,2160
217,player_d068d95b-8434-40ed-91a3-cff0dca0856b@localhost,AlwaysCooperate,C,player_3052d27b-89ed-4a5b-ba30-7017bef17e4c@localhost,AlwaysDefect,D,0,10,0,2170
218,player_d068d95b-8434-40ed-91a3-cff0dca0856b@localhost,AlwaysCooperate,C,player_3052d27b-89ed-4a5b-ba30-7017bef17e4c@localhost,AlwaysDefect,D,0,10,0,2180
219,player_d068d95b-8434-40ed-91a3-cff0dca0856b@localhost,AlwaysCooperate,C,player_3052d27b-89ed-4a5b-ba30-7017bef17e4c@localhost,AlwaysDefect,D,0,10,0,2190
220,player_d068d95b-8434-40ed-91a3-cff0dca0856b@localhost,AlwaysCooperate,C,player_3052d27b-89ed-4a5b-ba30-7017bef17e4c@localhost,AlwaysDefect,D,0,10,0,2200
221,player_d068d95b-8434-40ed-91a3-cff0dca0856b@localhost,AlwaysCooperate,C,player_3052d27b-89ed-4a5b-ba30-7017bef17e4c@localhost,AlwaysDefect,D,0,10,0,2210
222,player_d068d95b-8434-40ed-91a3-cff0dca0856b@localhost,AlwaysCooperate,C,player_3052d27b-89ed-4a5b-ba30-7017bef17e4c@localhost,AlwaysDefect,D,0,10,0,2220
223,player_d068d95b-8434-40ed-91a3-cff0dca0856b@localhost,AlwaysCooperate,C,player_3052d27b-89ed-4a5b-ba30-7017bef17e4c@localhost,AlwaysDefect,D,0,10,0,2230
224,player_d068d95b-8434-40ed-91a3-cff0dca0856b@localhost,AlwaysCooperate,C,player_3052d27b-89ed-4a5b-ba30-7017bef17e4c@localhost,AlwaysDefect,D,0,10,0,2240
225,player_d068d95b-8434-40ed-91a3-cff0dca0856b@localhost,AlwaysCooperate,C,player_3052d27b-89ed-4a5b-ba30-7017bef17e4c@localhost,AlwaysDefect,D,0,10,0,2250
226,player_d068d95b-8434-40ed-91a3-cff0dca0856b@localhost,AlwaysCooperate,C,player_3052d27b-89ed-4a5b-ba30-7017bef17e4c@localhost,AlwaysDefect,D,0,10,0,2260
227,player_d068d95b-8434-40ed-91a3-cff0dca0856b@localhost,AlwaysCooperate,C,player_3052d27b-89ed-4a5b-ba30-7017bef17e4c@localhost,AlwaysDefect,D,0,10,0,2270
228,player_d068d95b-8434-40ed-91a3-cff0dca0856b@localhost,AlwaysCooperate,C,player_3052d27b-89ed-4a5b-ba30-7017bef17e4c@localhost,AlwaysDefect,D,0,10,0,2280
229,player_d068d95b-8434-40ed-91a3-cff0dca0856b@localhost,AlwaysCooperate,C,player_3052d27b-89ed-4a5b-ba30-7017bef17e4c@localhost,AlwaysDefect,D,0,10,0,2290
230,player_d068d95b-8434-40ed-91a3-cff0dca0856b@localhost,AlwaysCooperate,C,player_3052d27b-89ed-4a5b-ba30-7017bef17e4c@localhost,AlwaysDefect,D,0,10,0,2300
231,player_d068d95b-8434-40ed-91a3-cff0dca0856b@localhost,AlwaysCooperate,C,player_3052d27b-89ed-4a5b-ba30-7017bef17e4c@localhost,AlwaysDefect,D,0,10,0,2310
232,player_d068d95b-8434-40ed-91a3-cff0dca0856b@localhost,AlwaysCooperate,C,player_3052d27b-89ed-4a5b-ba30-7017bef17e4c@localhost,AlwaysDefect,D,0,10,0,2320
233,player_d068d95b-8434-40ed-91a3-cff0dca0856b@localhost,AlwaysCooperate,C,player_3052d27b-89ed-4a5b-ba30-7017bef17e4c@localhost,AlwaysDefect,D,0,10,0,2330
234,player_d068d95b-8434-40ed-91a3-cff0dca0856b@localhost,AlwaysCooperate,C,player_3052d27b-89ed-4a5b-ba30-7017bef17e4c@localhost,AlwaysDefect,D,0,10,0,2340
235,player_d068d95b-8434-40ed-91a3-cff0dca0856b@localhost,AlwaysCooperate,C,player_3052d27b-89ed-4a5b-ba30-7017bef17e4c@localhost,AlwaysDefect,D,0,10,0,2350
236,player_d068d95b-8434-40ed-91a3-cff0dca0856b@localhost,AlwaysCooperate,C,player_3052d27b-89ed-4a5b-ba30-7017bef17e4c@localhost,AlwaysDefect,D,0,10,0,2360
237,player_d068d95b-8434-40ed-91a3-cff0dca0856b@localhost,AlwaysCooperate,C,player_3052d27b-89ed-4a5b-ba30-7017bef17e4c@localhost,AlwaysDefect,D,0,10,0,2370
238,player_d068d95b-8434-40ed-91a3-cff0dca0856b@localhost,AlwaysCooperate,C,player_3052d27b-89ed-4a5b-ba30-7017bef17e4c@localhost,AlwaysDefect,D,0,10,0,2380
239,player_d068d95b-8434-40ed-91a3-cff0dca0856b@localhost,AlwaysCooperate,C,player_3052d27b-89ed-4a5b-ba30-7017bef17e4c@localhost,AlwaysDefect,D,0,10,0,2390
240,player_d068d95b-8434-40ed-91a3-cff0dca0856b@localhost,AlwaysCooperate,C,player_3052d27b-89ed-4a5b-ba30-7017bef17e4c@localhost,AlwaysDefect,D,0,10,0,2400
241,player_d068d95b-8434-40ed-91a3-cff0dca0856b@localhost,AlwaysCooperate,C,player_3052d27b-89ed-4a5b-ba30-7017bef17e4c@localhost,AlwaysDefect,D,0,10,0,2410
242,player_d068d95b-8434-40ed-91a3-cff0dca0856b@localhost,AlwaysCooperate,C,player_3052d27b-89ed-4a5b-ba30-7017bef17e4c@localhost,AlwaysDefect,D,0,10,0,2420
243,player_d068d95b-8434-40ed-91a3-cff0dca0856b@localhost,AlwaysCooperate,C,player_3052d27b-89ed-4a5b-ba30-7017bef17e4c@localhost,AlwaysDefect,D,0,10,0,2430
244,player_d068d95b-8434-40ed-91a3-cff0dca0856b@localhost,AlwaysCooperate,C,player_3052d27b-89ed-4a5b-ba30-7017bef17e4c@localhost,AlwaysDefect,D,0,10,0,2440
245,player_d068d95b-8434-40ed-91a3-cff0dca0856b@localhost,AlwaysCooperate,C,player_3052d27b-89ed-4a5b-ba30-7017bef17e4c@localhost,AlwaysDefect,D,0,10,0,2450
246,player_d068d95b-8434-40ed-91a3-cff0dca0856b@localhost,AlwaysCooperate,C,player_3052d27b-89ed-4a5b-ba30-7017bef17e4c@localhost,AlwaysDefect,D,0,10,0,2460
247,player_d068d95b-8434-40ed-91a3-cff0dca0856b@localhost,AlwaysCooperate,C,player_3052d27b-89ed-4a5b-ba30-7017bef17e4c@localhost,AlwaysDefect,D,0,10,0,2470
248,player_d068d95b-8434-40ed-91a3-cff0dca0856b@localhost,AlwaysCooperate,C,player_3052d27b-89ed-4a5b-ba30-7017bef17e4c@localhost,AlwaysDefect,D,0,10,0,2480
249,player_d068d95b-8434-40ed-91a3-cff0dca0856b@localhost,AlwaysCooperate,C,player_3052d27b-89ed-4a5b-ba30-7017bef17e4c@localhost,AlwaysDefect,D,0,10,0,2490
250,player_d068d95b-8434-40ed-91a3-cff0dca0856b@localhost,AlwaysCooperate,C,player_3052d27b-89ed-4a5b-ba30-7017bef17e4c@localhost,AlwaysDefect,D,0,10,0,2500
251,player_d068d95b-8434-40ed-91a3-cff0dca0856b@localhost,AlwaysCooperate,C,player_3052d27b-89ed-4a5b-ba30-7017bef17e4c@localhost,AlwaysDefect,D,0,10,0,2510
252,player_d068d95b-8434-40ed-91a3-cff0dca0856b@localhost,AlwaysCooperate,C,player_3052d27b-89ed-4a5b-ba30-7017bef17e4c@localhost,AlwaysDefect,D,0,10,0,2520
253,player_d068d95b-8434-40ed-91a3-cff0dca0856b@localhost,AlwaysCooperate,C,player_3052d27b-89ed-4a5b-ba30-7017bef17e4c@localhost,AlwaysDefect,D,0,10,0,2530
254,player_d068d95b-8434-40ed-91a3-cff0dca0856b@localhost,AlwaysCooperate,C,player_3052d27b-89ed-4a5b-ba30-7017bef17e4c@localhost,AlwaysDefect,D,0,10,0,2540
255,player_d068d95b-8434-40ed-91a3-cff0dca0856b@localhost,AlwaysCooperate,C,player_3052d27b-89ed-4a5b-ba30-7017bef17e4c@localhost,AlwaysDefect,D,0,10,0,2550
256,player_d068d95b-8434-40ed-91a3-cff0dca0856b@localhost,AlwaysCooperate,C,player_3052d27b-89ed-4a5b-ba30-7017bef17e4c@localhost,AlwaysDefect,D,0,10,0,2560
257,player_d068d95b-8434-40ed-91a3-cff0dca0856b@localhost,AlwaysCooperate,C,player_3052d27b-89ed-4a5b-ba30-7017bef17e4c@localhost,AlwaysDefect,D,0,10,0,2570
258,player_d068d95b-8434-40ed-91a3-cff0dca0856b@localhost,AlwaysCooperate,C,player_3052d27b-89ed-4a5b-ba30-7017bef17e4c@localhost,AlwaysDefect,D,0,10,0,2580
259,player_d068d95b-8434-40ed-91a3-cff0dca0856b@localhost,AlwaysCooperate,C,player_3052d27b-89ed-4a5b-ba30-7017bef17e4c@localhost,AlwaysDefect,D,0,10,0,2590
260,player_d068d95b-8434-40ed-91a3-cff0dca0856b@localhost,AlwaysCooperate,C,player_3052d27b-89ed-4a5b-ba30-7017bef17e4c@localhost,AlwaysDefect,D,0,10,0,2600
261,player_d068d95b-8434-40ed-91a3-cff0dca0856b@localhost,AlwaysCooperate,C,player_3052d27b-89ed-4a5b-ba30-7017bef17e4c@localhost,AlwaysDefect,D,0,10,0,2610
262,player_d068d95b-8434-40ed-91a3-cff0dca0856b@localhost,AlwaysCooperate,C,player_3052d27b-89ed-4a5b-ba30-7017bef17e4c@localhost,AlwaysDefect,D,0,10,0,2620
263,player_d068d95b-8434-40ed-91a3-cff0dca0856b@localhost,AlwaysCooperate,C,player_3052d27b-89ed-4a5b-ba30-7017bef17e4c@localhost,AlwaysDefect,D,0,10,0,2630
264,player_d068d95b-8434-40ed-91a3-cff0dca0856b@localhost,AlwaysCooperate,C,player_3052d27b-89ed-4a5b-ba30-7017bef17e4c@localhost,AlwaysDefect,D,0,10,0,2640
265,player_d068d95b-8434-40ed-91a3-cff0dca0856b@localhost,AlwaysCooperate,C,player_3052d27b-89ed-4a5b-ba30-7017bef17e4c@localhost,AlwaysDefect,D,0,10,0,2650
266,player_d068d95b-8434-40ed-91a3-cff0dca0856b@localhost,AlwaysCooperate,C,player_3052d27b-89ed-4a5b-ba30-7017bef17e4c@localhost,AlwaysDefect,D,0,10,0,2660
267,player_d068d95b-8434-40ed-91a3-cff0dca0856b@localhost,AlwaysCooperate,C,player_3052d27b-89ed-4a5b-ba30-7017bef17e4c@localhost,AlwaysDefect,D,0,10,0,2670
268,player_d068d95b-8434-40ed-91a3-cff0dca0856b@localhost,AlwaysCooperate,C,player_3052d27b-89ed-4a5b-ba30-7017bef17e4c@localhost,AlwaysDefect,D,0,10,0,2680
269,player_d068d95b-8434-40ed-91a3-cff0dca0856b@localhost,AlwaysCooperate,C,player_3052d27b-89ed-4a5b-ba30-7017bef17e4c@localhost,AlwaysDefect,D,0,10,0,2690
270,player_d068d95b-8434-40ed-91a3-cff0dca0856b@localhost,AlwaysCooperate,C,player_3052d27b-89ed-4a5b-ba30-7017bef17e4c@localhost,AlwaysDefect,D,0,10,0,2700
271,player_d068d95b-8434-40ed-91a3-cff0dca0856b@localhost,AlwaysCooperate,C,player_3052d27b-89ed-4a5b-ba30-7017bef17e4c@localhost,AlwaysDefect,D,0,10,0,2710
272,player_d068d95b-8434-40ed-91a3-cff0dca0856b@localhost,AlwaysCooperate,C,player_3052d27b-89ed-4a5b-ba30-7017bef17e4c@localhost,AlwaysDefect,D,0,10,0,2720
273,player_d068d95b-8434-40ed-91a3-cff0dca0856b@localhost,AlwaysCooperate,C,player_3052d27b-89ed-4a5b-ba30-7017bef17e4c@localhost,AlwaysDefect,D,0,10,0,2730
274,player_d068d95b-8434-40ed-91a3-cff0dca0856b@localhost,AlwaysCooperate,C,player_3052d27b-89ed-4a5b-ba30-7017bef17e4c@localhost,AlwaysDefect,D,0,10,0,2740
275,player_d068d95b-8434-40ed-91a3-cff0dca0856b@localhost,AlwaysCooperate,C,player_3052d27b-89ed-4a5b-ba30-7017bef17e4c@localhost,AlwaysDefect,D,0,10,0,2750
276,player_d068d95b-8434-40ed-91a3-cff0dca0856b@localhost,AlwaysCooperate,C,player_3052d27b-89ed-4a5b-ba30-7017bef17e4c@localhost,AlwaysDefect,D,0,10,0,2760
277,player_d068d95b-8434-40ed-91a3-cff0dca0856b@localhost,AlwaysCooperate,C,player_3052d27b-89ed-4a5b-ba30-7017bef17e4c@localhost,AlwaysDefect,D,0,10,0,2770
278,player_d068d95b-8434-40ed-91a3-cff0dca0856b@localhost,AlwaysCooperate,C,player_3052d27b-89ed-4a5b-ba30-7017bef17e4c@localhost,AlwaysDefect,D,0,10,0,2780
279,player_d068d95b-8434-40ed-91a3-cff0dca0856b@localhost,AlwaysCooperate,C,player_3052d27b-89ed-4a5b-ba30-7017bef17e4c@localhost,AlwaysDefect,D,0,10,0,2790
280,player_d068d95b-8434-40ed-91a3-cff0dca0856b@localhost,AlwaysCooperate,C,player_3052d27b-89ed-4a5b-ba30-7017bef17e4c@localhost,AlwaysDefect,D,0,10,0,2800
281,player_d068d95b-8434-40ed-91a3-cff0dca0856b@localhost,AlwaysCooperate,C,player_3052d27b-89ed-4a5b-ba30-7017bef17e4c@localhost,AlwaysDefect,D,0,10,0,2810
282,player_d068d95b-8434-40ed-91a3-cff0dca0856b@localhost,AlwaysCooperate,C,player_3052d27b-89ed-4a5b-ba30-7017bef17e4c@localhost,AlwaysDefect,D,0,10,0,2820
283,player_d068d95b-8434-40ed-91a3-cff0dca0856b@localhost,AlwaysCooperate,C,player_3052d27b-89ed-4a5b-ba30-7017bef17e4c@localhost,AlwaysDefect,D,0,10,0,2830
284,player_d068d95b-8434-40ed-91a3-cff0dca0856b@localhost,AlwaysCooperate,C,player_3052d27b-89ed-4a5b-ba30-7017bef17e4c@localhost,AlwaysDefect,D,0,10,0,2840
285,player_d068d95b-8434-40ed-91a3-cff0dca0856b@localhost,AlwaysCooperate,C,player_3052d27b-89ed-4a5b-ba30-7017bef17e4c@localhost,AlwaysDefect,D,0,10,0,2850
286,player_d068d95b-8434-40ed-91a3-cff0dca0856b@localhost,AlwaysCooperate,C,player_3052d27b-89ed-4a5b-ba30-7017bef17e4c@localhost,AlwaysDefect,D,0,10,0,2860
287,player_d068d95b-8434-40ed-91a3-cff0dca0856b@localhost,AlwaysCooperate,C,player_3052d27b-89ed-4a5b-ba30-7017bef17e4c@localhost,AlwaysDefect,D,0,10,0,2870
288,player_d068d95b-8434-40ed-91a3-cff0dca0856b@localhost,AlwaysCooperate,C,player_3052d27b-89ed-4a5b-ba30-7017bef17e4c@localhost,AlwaysDefect,D,0,10,0,2880
289,player_d068d95b-8434-40ed-91a3-cff0dca0856b@localhost,AlwaysCooperate,C,player_3052d27b-89ed-4a5b-ba30-7017bef17e4c@localhost,AlwaysDefect,D,0,10,0,2890
290,player_d068d95b-8434-40ed-91a3-cff0dca0856b@localhost,AlwaysCooperate,C,player_3052d27b-89ed-4a5b-ba30-7017bef17e4c@localhost,AlwaysDefect,D,0,10,0,2900
291,player_d068d95b-8434-40ed-91a3-cff0dca0856b@localhost,AlwaysCooperate,C,player_3052d27b-89ed-4a5b-ba30-7017bef17e4c@localhost,AlwaysDefect,D,0,10,0,2910
292,player_d068d95b-8434-40ed-91a3-cff0dca0856b@localhost,AlwaysCooperate,C,player_3052d27b-89ed-4a5b-ba30-7017bef17e4c@localhost,AlwaysDefect,D,0,10,0,2920
293,player_d068d95b-8434-40ed-91a3-cff0dca0856b@localhost,AlwaysCooperate,C,player_3052d27b-89ed-4a5b-ba30-7017bef17e4c@localhost,AlwaysDefect,D,0,10,0,2930
294,player_d068d95b-8434-40ed-91a3-cff0dca0856b@localhost,AlwaysCooperate,C,player_3052d27b-89ed-4a5b-ba30-7017bef17e4c@localhost,AlwaysDefect,D,0,10,0,2940
295,player_d068d95b-8434-40ed-91a3-cff0dca0856b@localhost,AlwaysCooperate,C,player_3052d27b-89ed-4a5b-ba30-7017bef17e4c@localhost,AlwaysDefect,D,0,10,0,2950
296,player_d068d95b-8434-40ed-91a3-cff0dca0856b@localhost,AlwaysCooperate,C,player_3052d27b-89ed-4a5b-ba30-7017bef17e4c@localhost,AlwaysDefect,D,0,10,0,2960
297,player_d068d95b-8434-40ed-91a3-cff0dca0856b@localhost,AlwaysCooperate,C,player_3052d27b-89ed-4a5b-ba30-7017bef17e4c@localhost,AlwaysDefect,D,0,10,0,2970
298,player_d068d95b-8434-40ed-91a3-cff0dca0856b@localhost,AlwaysCooperate,C,player_3052d27b-89ed-4a5b-ba30-7017bef17e4c@localhost,AlwaysDefect,D,0,10,0,2980
299,player_d068d95b-8434-40ed-91a3-cff0dca0856b@localhost,AlwaysCooperate,C,player_3052d27b-89ed-4a5b-ba30-7017bef17e4c@localhost,AlwaysDefect,D,0,10,0,2990
300,player_d068d95b-8434-40ed-91a3-cff0dca0856b@localhost,AlwaysCooperate,C,player_3052d27b-89ed-4a5b-ba30-7017bef17e4c@localhost,AlwaysDefect,D,0,10,0,3000
301,player_d068d95b-8434-40ed-91a3-cff0dca0856b@localhost,AlwaysCooperate,C,player_3052d27b-89ed-4a5b-ba30-7017bef17e4c@localhost,AlwaysDefect,D,0,10,0,3010
302,player_d068d95b-8434-40ed-91a3-cff0dca0856b@localhost,AlwaysCooperate,C,player_3052d27b-89ed-4a5b-ba30-7017bef17e4c@localhost,AlwaysDefect,D,0,10,0,3020
303,player_d068d95b-8434-40ed-91a3-cff0dca0856b@localhost,AlwaysCooperate,C,player_3052d27b-89ed-4a5b-ba30-7017bef17e4c@localhost,AlwaysDefect,D,0,10,0,3030
304,player_d068d95b-8434-40ed-91a3-cff0dca0856b@localhost,AlwaysCooperate,C,player_3052d27b-89ed-4a5b-ba30-7017bef17e4c@localhost,AlwaysDefect,D,0,10,0,3040
305,player_d068d95b-8434-40ed-91a3-cff0dca0856b@localhost,AlwaysCooperate,C,player_3052d27b-89ed-4a5b-ba30-7017bef17e4c@localhost,AlwaysDefect,D,0,10,0,3050
306,player_d068d95b-8434-40ed-91a3-cff0dca0856b@localhost,AlwaysCooperate,C,player_3052d27b-89ed-4a5b-ba30-7017bef17e4c@localhost,AlwaysDefect,D,0,10,0,3060
307,player_d068d95b-8434-40ed-91a3-cff0dca0856b@localhost,AlwaysCooperate,C,player_3052d27b-89ed-4a5b-ba30-7017bef17e4c@localhost,AlwaysDefect,D,0,10,0,3070
308,player_d068d95b-8434-40ed-91a3-cff0dca0856b@localhost,AlwaysCooperate,C,player_3052d27b-89ed-4a5b-ba30-7017bef17e4c@localhost,AlwaysDefect,D,0,10,0,3080
309,player_d068d95b-8434-40ed-91a3-cff0dca0856b@localhost,AlwaysCooperate,C,player_3052d27b-89ed-4a5b-ba30-7017bef17e4c@localhost,AlwaysDefect,D,0,10,0,3090
310,player_d068d95b-8434-40ed-91a3-cff0dca0856b@localhost,AlwaysCooperate,C,player_3052d27b-89ed-4a5b-ba30-7017bef17e4c@localhost,AlwaysDefect,D,0,10,0,3100
311,player_d068d95b-8434-40ed-91a3-cff0dca0856b@localhost,AlwaysCooperate,C,player_3052d27b-89ed-4a5b-ba30-7017bef17e4c@localhost,AlwaysDefect,D,0,10,0,3110
312,player_d068d95b-8434-40ed-91a3-cff0dca0856b@localhost,AlwaysCooperate,C,player_3052d27b-89ed-4a5b-ba30-7017bef17e4c@localhost,AlwaysDefect,D,0,10,0,3120
313,player_d068d95b-8434-40ed-91a3-cff0dca0856b@localhost,AlwaysCooperate,C,player_3052d27b-89ed-4a5b-ba30-7017bef17e4c@localhost,AlwaysDefect,D,0,10,0,3130
314,player_d068d95b-8434-40ed-91a3-cff0dca0856b@localhost,AlwaysCooperate,C,player_3052d27b-89ed-4a5b-ba30-7017bef17e4c@localhost,AlwaysDefect,D,0,10,0,3140
315,player_d068d95b-8434-40ed-91a3-cff0dca0856b@localhost,AlwaysCooperate,C,player_3052d27b-89ed-4a5b-ba30-7017bef17e4c@localhost,AlwaysDefect,D,0,10,0,3150
316,player_d068d95b-8434-40ed-91a3-cff0dca0856b@localhost,AlwaysCooperate,C,player_3052d27b-89ed-4a5b-ba30-7017bef17e4c@localhost,AlwaysDefect,D,0,10,0,3160
317,player_d068d95b-8434-40ed-91a3-cff0dca0856b@localhost,AlwaysCooperate,C,player_3052d27b-89ed-4a5b-ba30-7017bef17e4c@localhost,AlwaysDefect,D,0,10,0,3170
318,player_d068d95b-8434-40ed-91a3-cff0dca0856b@localhost,AlwaysCooperate,C,player_3052d27b-89ed-4a5b-ba30-7017bef17e4c@localhost,AlwaysDefect,D,0,10,0,3180
319,player_d068d95b-8434-40ed-91a3-cff0dca0856b@localhost,AlwaysCooperate,C,player_3052d27b-89ed-4a5b-ba30-7017bef17e4c@localhost,AlwaysDefect,D,0,10,0,3190
320,player_d068d95b-8434-40ed-91a3-cff0dca0856b@localhost,AlwaysCooperate,C,player_3052d27b-89ed-4a5b-ba30-7017bef17e4c@localhost,AlwaysDefect,D,0,10,0,3200
321,player_d068d95b-8434-40ed-91a3-cff0dca0856b@localhost,AlwaysCooperate,C,player_3052d27b-89ed-4a5b-ba30-7017bef17e4c@localhost,AlwaysDefect,D,0,10,0,3210
322,player_d068d95b-8434-40ed-91a3-cff0dca0856b@localhost,AlwaysCooperate,C,player_3052d27b-89ed-4a5b-ba30-7017bef17e4c@localhost,AlwaysDefect,D,0,10,0,3220
323,player_d068d95b-8434-40ed-91a3-cff0dca0856b@localhost,AlwaysCooperate,C,player_3052d27b-89ed-4a5b-ba30-7017bef17e4c@localhost,AlwaysDefect,D,0,10,0,3230
324,player_d068d95b-8434-40ed-91a3-cff0dca0856b@localhost,AlwaysCooperate,C,player_3052d27b-89ed-4a5b-ba30-7017bef17e4c@localhost,AlwaysDefect,D,0,10,0,3240
325,player_d068d95b-8434-40ed-91a3-cff0dca0856b@localhost,AlwaysCooperate,C,player_3052d27b-89ed-4a5b-ba30-7017bef17e4c@localhost,AlwaysDefect,D,0,10,0,3250
326,player_d068d95b-8434-40ed-91a3-cff0dca0856b@localhost,AlwaysCooperate,C,player_3052d27b-89ed-4a5b-ba30-7017bef17e4c@localhost,AlwaysDefect,D,0,10,0,3260
327,player_d068d95b-8434-40ed-91a3-cff0dca0856b@localhost,AlwaysCooperate,C,player_3052d27b-89ed-4a5b-ba30-7017bef17e4c@localhost,AlwaysDefect,D,0,10,0,3270
328,player_d068d95b-8434-40ed-91a3-cff0dca0856b@localhost,AlwaysCooperate,C,player_3052d27b-89ed-4a5b-ba30-7017bef17e4c@localhost,AlwaysDefect,D,0,10,0,3280
329,player_d068d95b-8434-40ed-91a3-cff0dca0856b@localhost,AlwaysCooperate,C,player_3052d27b-89ed-4a5b-ba30-7017bef17e4c@localhost,AlwaysDefect,D,0,10,0,3290
330,player_d068d95b-8434-40ed-91a3-cff0dca0856b@localhost,AlwaysCooperate,C,player_3052d27b-89ed-4a5b-ba30-7017bef17e4c@localhost,AlwaysDefect,D,0,10,0,3300
331,player_d068d95b-8434-40ed-91a3-cff0dca0856b@localhost,AlwaysCooperate,C,player_3052d27b-89ed-4a5b-ba30-7017bef17e4c@localhost,AlwaysDefect,D,0,10,0,3310
332,player_d068d95b-8434-40ed-91a3-cff0dca0856b@localhost,AlwaysCooperate,C,player_3052d27b-89ed-4a5b-ba30-7017bef17e4c@localhost,AlwaysDefect,D,0,10,0,3320
333,player_d068d95b-8434-40ed-91a3-cff0dca0856b@localhost,AlwaysCooperate,C,player_3052d27b-89ed-4a5b-ba30-7017bef17e4c@localhost,AlwaysDefect,D,0,10,0,3330
334,player_d068d95b-8434-40ed-91a3-cff0dca0856b@localhost,AlwaysCooperate,C,player_3052d27b-89ed-4a5b-ba30-7017bef17e4c@localhost,AlwaysDefect,D,0,10,0,3340
335,player_d068d95b-8434-40ed-91a3-cff0dca0856b@localhost,AlwaysCooperate,C,player_3052d27b-89ed-4a5b-ba30-7017bef17e4c@localhost,AlwaysDefect,D,0,10,0,3350
336,player_d068d95b-8434-40ed-91a3-cff0dca0856b@localhost,AlwaysCooperate,C,player_3052d27b-89ed-4a5b-ba30-7017bef17e4c@localhost,AlwaysDefect,D,0,10,0,3360
337,player_d068d95b-8434-40ed-91a3-cff0dca0856b@localhost,AlwaysCooperate,C,player_3052d27b-89ed-4a5b-ba30-7017bef17e4c@localhost,AlwaysDefect,D,0,10,0,3370
338,player_d068d95b-8434-40ed-91a3-cff0dca0856b@localhost,AlwaysCooperate,C,player_3052d27b-89ed-4a5b-ba30-7017bef17e4c@localhost,AlwaysDefect,D,0,10,0,3380
339,player_d068d95b-8434-40ed-91a3-cff0dca0856b@localhost,AlwaysCooperate,C,player_3052d27b-89ed-4a5b-ba30-7017bef17e4c@localhost,AlwaysDefect,D,0,10,0,3390
340,player_d068d95b-8434-40ed-91a3-cff0dca0856b@localhost,AlwaysCooperate,C,player_3052d27b-89ed-4a5b-ba30-7017bef17e4c@localhost,AlwaysDefect,D,0,10,0,3400
341,player_d068d95b-8434-40ed-91a3-cff0dca0856b@localhost,AlwaysCooperate,C,player_3052d27b-89ed-4a5b-ba30-7017bef17e4c@localhost,AlwaysDefect,D,0,10,0,3410
342,player_d068d95b-8434-40ed-91a3-cff0dca0856b@localhost,AlwaysCooperate,C,player_3052d27b-89ed-4a5b-ba30-7017bef17e4c@localhost,AlwaysDefect,D,0,10,0,3420
343,player_d068d95b-8434-40ed-91a3-cff0dca0856b@localhost,AlwaysCooperate,C,player_3052d27b-89ed-4a5b-ba30-7017bef17e4c@localhost,AlwaysDefect,D,0,10,0,3430
344,player_d068d95b-8434-40ed-91a3-cff0dca0856b@localhost,AlwaysCooperate,C,player_3052d27b-89ed-4a5b-ba30-7017bef17e4c@localhost,AlwaysDefect,D,0,10,0,3440
345,player_d068d95b-8434-40ed-91a3-cff0dca0856b@localhost,AlwaysCooperate,C,player_3052d27b-89ed-4a5b-ba30-7017bef17e4c@localhost,AlwaysDefect,D,0,10,0,3450
346,player_d068d95b-8434-40ed-91a3-cff0dca0856b@localhost,AlwaysCooperate,C,player_3052d27b-89ed-4a5b-ba30-7017bef17e4c@localhost,AlwaysDefect,D,0,10,0,3460
347,player_d068d95b-8434-40ed-91a3-cff0dca0856b@localhost,AlwaysCooperate,C,player_3052d27b-89ed-4a5b-ba30-7017bef17e4c@localhost,AlwaysDefect,D,0,10,0,3470
348,player_d068d95b-8434-40ed-91a3-cff0dca0856b@localhost,AlwaysCooperate,C,player_3052d27b-89ed-4a5b-ba30-7017bef17e4c@localhost,AlwaysDefect,D,0,10,0,3480
349,player_d068d95b-8434-40ed-91a3-cff0dca0856b@localhost,AlwaysCooperate,C,player_3052d27b-89ed-4a5b-ba30-7017bef17e4c@localhost,AlwaysDefect,D,0,10,0,3490
350,player_d068d95b-8434-40ed-91a3-cff0dca0856b@localhost,AlwaysCooperate,C,player_3052d27b-89ed-4a5b-ba30-7017bef17e4c@localhost,AlwaysDefect,D,0,10,0,3500
351,player_d068d95b-8434-40ed-91a3-cff0dca0856b@localhost,AlwaysCooperate,C,player_3052d27b-89ed-4a5b-ba30-7017bef17e4c@localhost,AlwaysDefect,D,0,10,0,3510
352,player_d068d95b-8434-40ed-91a3-cff0dca0856b@localhost,AlwaysCooperate,C,player_3052d27b-89ed-4a5b-ba30-7017bef17e4c@localhost,AlwaysDefect,D,0,10,0,3520
353,player_d068d95b-8434-40ed-91a3-cff0dca0856b@localhost,AlwaysCooperate,C,player_3052d27b-89ed-4a5b-ba30-7017bef17e4c@localhost,AlwaysDefect,D,0,10,0,3530
354,player_d068d95b-8434-40ed-91a3-cff0dca0856b@localhost,AlwaysCooperate,C,player_3052d27b-89ed-4a5b-ba30-7017bef17e4c@localhost,AlwaysDefect,D,0,10,0,3540
355,player_d068d95b-8434-40ed-91a3-cff0dca0856b@localhost,AlwaysCooperate,C,player_3052d27b-89ed-4a5b-ba30-7017bef17e4c@localhost,AlwaysDefect,D,0,10,0,3550
356,player_d068d95b-8434-40ed-91a3-cff0dca0856b@localhost,AlwaysCooperate,C,player_3052d27b-89ed-4a5b-ba30-7017bef17e4c@localhost,AlwaysDefect,D,0,10,0,3560
357,player_d068d95b-8434-40ed-91a3-cff0dca0856b@localhost,AlwaysCooperate,C,player_3052d27b-89ed-4a5b-ba30-7017bef17e4c@localhost,AlwaysDefect,D,0,10,0,3570
358,player_d068d95b-8434-40ed-91a3-cff0dca0856b@localhost,AlwaysCooperate,C,player_3052d27b-89ed-4a5b-ba30-7017bef17e4c@localhost,AlwaysDefect,D,0,10,0,3580
359,player_d068d95b-8434-40ed-91a3-cff0dca0856b@localhost,AlwaysCooperate,C,player_3052d27b-89ed-4a5b-ba30-7017bef17e4c@localhost,AlwaysDefect,D,0,10,0,3590
360,player_d068d95b-8434-40ed-91a3-cff0dca0856b@localhost,AlwaysCooperate,C,player_3052d27b-89ed-4a5b-ba30-7017bef17e4c@localhost,AlwaysDefect,D,0,10,0,3600
361,player_d068d95b-8434-40ed-91a3-cff0dca0856b@localhost,AlwaysCooperate,C,player_3052d27b-89ed-4a5b-ba30-7017bef17e4c@localhost,AlwaysDefect,D,0,10,0,3610
362,player_d068d95b-8434-40ed-91a3-cff0dca0856b@localhost,AlwaysCooperate,C,player_3052d27b-89ed-4a5b-ba30-7017bef17e4c@localhost,AlwaysDefect,D,0,10,0,3620
363,player_d068d95b-8434-40ed-91a3-cff0dca0856b@localhost,AlwaysCooperate,C,player_3052d27b-89ed-4a5b-ba30-7017bef17e4c@localhost,AlwaysDefect,D,0,10,0,3630
364,player_d068d95b-8434-40ed-91a3-cff0dca0856b@localhost,AlwaysCooperate,C,player_3052d27b-89ed-4a5b-ba30-7017bef17e4c@localhost,AlwaysDefect,D,0,10,0,3640
365,player_d068d95b-8434-40ed-91a3-cff0dca0856b@localhost,AlwaysCooperate,C,player_3052d27b-89ed-4a5b-ba30-7017bef17e4c@localhost,AlwaysDefect,D,0,10,0,3650
366,player_d068d95b-8434-40ed-91a3-cff0dca0856b@localhost,AlwaysCooperate,C,player_3052d27b-89ed-4a5b-ba30-7017bef17e4c@localhost,AlwaysDefect,D,0,10,0,3660
367,player_d068d95b-8434-40ed-91a3-cff0dca0856b@localhost,AlwaysCooperate,C,player_3052d27b-89ed-4a5b-ba30-7017bef17e4c@localhost,AlwaysDefect,D,0,10,0,3670
368,player_d068d95b-8434-40ed-91a3-cff0dca0856b@localhost,AlwaysCooperate,C,player_3052d27b-89ed-4a5b-ba30-7017bef17e4c@localhost,AlwaysDefect,D,0,10,0,3680
369,player_d068d95b-8434-40ed-91a3-cff0dca0856b@localhost,AlwaysCooperate,C,player_3052d27b-89ed-4a5b-ba30-7017bef17e4c@localhost,AlwaysDefect,D,0,10,0,3690
370,player_d068d95b-8434-40ed-91a3-cff0dca0856b@localhost,AlwaysCooperate,C,player_3052d27b-89ed-4a5b-ba30-7017bef17e4c@localhost,AlwaysDefect,D,0,10,0,3700
371,player_d068d95b-8434-40ed-91a3-cff0dca0856b@localhost,AlwaysCooperate,C,player_3052d27b-89ed-4a5b-ba30-7017bef17e4c@localhost,AlwaysDefect,D,0,10,0,3710
372,player_d068d95b-8434-40ed-91a3-cff0dca0856b@localhost,AlwaysCooperate,C,player_3052d27b-89ed-4a5b-ba30-7017bef17e4c@localhost,AlwaysDefect,D,0,10,0,3720
373,player_d068d95b-8434-40ed-91a3-cff0dca0856b@localhost,AlwaysCooperate,C,player_3052d27b-89ed-4a5b-ba30-7017bef17e4c@localhost,AlwaysDefect,D,0,10,0,3730
374,player_d068d95b-8434-40ed-91a3-cff0dca0856b@localhost,AlwaysCooperate,C,player_3052d27b-89ed-4a5b-ba30-7017bef17e4c@localhost,AlwaysDefect,D,0,10,0,3740
375,player_d068d95b-8434-40ed-91a3-cff0dca0856b@localhost,AlwaysCooperate,C,player_3052d27b-89ed-4a5b-ba30-7017bef17e4c@localhost,AlwaysDefect,D,0,10,0,3750
376,player_d068d95b-8434-40ed-91a3-cff0dca0856b@localhost,AlwaysCooperate,C,player_3052d27b-89ed-4a5b-ba30-7017bef17e4c@localhost,AlwaysDefect,D,0,10,0,3760
377,player_d068d95b-8434-40ed-91a3-cff0dca0856b@localhost,AlwaysCooperate,C,player_3052d27b-89ed-4a5b-ba30-7017bef17e4c@localhost,AlwaysDefect,D,0,10,0,3770
378,player_d068d95b-8434-40ed-91a3-cff0dca0856b@localhost,AlwaysCooperate,C,player_3052d27b-89ed-4a5b-ba30-7017bef17e4c@localhost,AlwaysDefect,D,0,10,0,3780
379,player_d068d95b-8434-40ed-91a3-cff0dca0856b@localhost,AlwaysCooperate,C,player_3052d27b-89ed-4a5b-ba30-7017bef17e4c@localhost,AlwaysDefect,D,0,10,0,3790
380,player_d068d95b-8434-40ed-91a3-cff0dca0856b@localhost,AlwaysCooperate,C,player_3052d27b-89ed-4a5b-ba30-7017bef17e4c@localhost,AlwaysDefect,D,0,10,0,3800
381,player_d068d95b-8434-40ed-91a3-cff0dca0856b@localhost,AlwaysCooperate,C,player_3052d27b-89ed-4a5b-ba30-7017bef17e4c@localhost,AlwaysDefect,D,0,10,0,3810
382,player_d068d95b-8434-40ed-91a3-cff0dca0856b@localhost,AlwaysCooperate,C,player_3052d27b-89ed-4a5b-ba30-7017bef17e4c@localhost,AlwaysDefect,D,0,10,0,3820
383,player_d068d95b-8434-40ed-91a3-cff0dca0856b@localhost,AlwaysCooperate,C,player_3052d27b-89ed-4a5b-ba30-7017bef17e4c@localhost,AlwaysDefect,D,0,10,0,3830
384,player_d068d95b-8434-40ed-91a3-cff0dca0856b@localhost,AlwaysCooperate,C,player_3052d27b-89ed-4a5b-ba30-7017bef17e4c@localhost,AlwaysDefect,D,0,10,0,3840
385,player_d068d95b-8434-40ed-91a3-cff0dca0856b@localhost,AlwaysCooperate,C,player_3052d27b-89ed-4a5b-ba30-7017bef17e4c@localhost,AlwaysDefect,D,0,10,0,3850
386,player_d068d95b-8434-40ed-91a3-cff0dca0856b@localhost,AlwaysCooperate,C,player_3052d27b-89ed-4a5b-ba30-7017bef17e4c@localhost,AlwaysDefect,D,0,10,0,3860
387,player_d068d95b-8434-40ed-91a3-cff0dca0856b@localhost,AlwaysCooperate,C,player_3052d27b-89ed-4a5b-ba30-7017bef17e4c@localhost,AlwaysDefect,D,0,10,0,3870
388,player_d068d95b-8434-40ed-91a3-cff0dca0856b@localhost,AlwaysCooperate,C,player_3052d27b-89ed-4a5b-ba30-7017bef17e4c@localhost,AlwaysDefect,D,0,10,0,3880
389,player_d068d95b-8434-40ed-91a3-cff0dca0856b@localhost,AlwaysCooperate,C,player_3052d27b-89ed-4a5b-ba30-7017bef17e4c@localhost,AlwaysDefect,D,0,10,0,3890
390,player_d068d95b-8434-40ed-91a3-cff0dca0856b@localhost,AlwaysCooperate,C,player_3052d27b-89ed-4a5b-ba30-7017bef17e4c@localhost,AlwaysDefect,D,0,10,0,3900
391,player_d068d95b-8434-40ed-91a3-cff0dca0856b@localhost,AlwaysCooperate,C,player_3052d27b-89ed-4a5b-ba30-7017bef17e4c@localhost,AlwaysDefect,D,0,10,0,3910
392,player_d068d95b-8434-40ed-91a3-cff0dca0856b@localhost,AlwaysCooperate,C,player_3052d27b-89ed-4a5b-ba30-7017bef17e4c@localhost,AlwaysDefect,D,0,10,0,3920
393,player_d068d95b-8434-40ed-91a3-cff0dca0856b@localhost,AlwaysCooperate,C,player_3052d27b-89ed-4a5b-ba30-7017bef17e4c@localhost,AlwaysDefect,D,0,10,0,3930
394,player_d068d95b-8434-40ed-91a3-cff0dca0856b@localhost,AlwaysCooperate,C,player_3052d27b-89ed-4a5b-ba30-7017bef17e4c@localhost,AlwaysDefect,D,0,10,0,3940
395,player_d068d95b-8434-40ed-91a3-cff0dca0856b@localhost,AlwaysCooperate,C,player_3052d27b-89ed-4a5b-ba30-7017bef17e4c@localhost,AlwaysDefect,D,0,10,0,3950
396,player_d068d95b-8434-40ed-91a3-cff0dca0856b@localhost,AlwaysCooperate,C,player_3052d27b-89ed-4a5b-ba30-7017bef17e4c@localhost,AlwaysDefect,D,0,10,0,3960
397,player_d068d95b-8434-40ed-91a3-cff0dca0856b@localhost,AlwaysCooperate,C,player_3052d27b-89ed-4a5b-ba30-7017bef17e4c@localhost,AlwaysDefect,D,0,10,0,3970
398,player_d068d95b-8434-40ed-91a3-cff0dca0856b@localhost,AlwaysCooperate,C,player_3052d27b-89ed-4a5b-ba30-7017bef17e4c@localhost,AlwaysDefect,D,0,10,0,3980
399,player_d068d95b-8434-40ed-91a3-cff0dca0856b@localhost,AlwaysCooperate,C,player_3052d27b-89ed-4a5b-ba30-7017bef17e4c@localhost,AlwaysDefect,D,0,10,0,3990
400,player_d068d95b-8434-40ed-91a3-cff0dca0856b@localhost,AlwaysCooperate,C,player_3052d27b-89ed-4a5b-ba30-7017bef17e4c@localhost,AlwaysDefect,D,0,10,0,4000
401,player_d068d95b-8434-40ed-91a3-cff0dca0856b@localhost,AlwaysCooperate,C,player_3052d27b-89ed-4a5b-ba30-7017bef17e4c@localhost,AlwaysDefect,D,0,10,0,4010
402,player_d068d95b-8434-40ed-91a3-cff0dca0856b@localhost,AlwaysCooperate,C,player_3052d27b-89ed-4a5b-ba30-7017bef17e4c@localhost,AlwaysDefect,D,0,10,0,4020
403,player_d068d95b-8434-40ed-91a3-cff0dca0856b@localhost,AlwaysCooperate,C,player_3052d27b-89ed-4a5b-ba30-7017bef17e4c@localhost,AlwaysDefect,D,0,10,0,4030
404,player_d068d95b-8434-40ed-91a3-cff0dca0856b@localhost,AlwaysCooperate,C,player_3052d27b-89ed-4a5b-ba30-7017bef17e4c@localhost,AlwaysDefect,D,0,10,0,4040
405,player_d068d95b-8434-40ed-91a3-cff0dca0856b@localhost,AlwaysCooperate,C,player_3052d27b-89ed-4a5b-ba30-7017bef17e4c@localhost,AlwaysDefect,D,0,10,0,4050
406,player_d068d95b-8434-40ed-91a3-cff0dca0856b@localhost,AlwaysCooperate,C,player_3052d27b-89ed-4a5b-ba30-7017bef17e4c@localhost,AlwaysDefect,D,0,10,0,4060
407,player_d068d95b-8434-40ed-91a3-cff0dca0856b@localhost,AlwaysCooperate,C,player_3052d27b-89ed-4a5b-ba30-7017bef17e4c@localhost,AlwaysDefect,D,0,10,0,4070
408,player_d068d95b-8434-40ed-91a3-cff0dca0856b@localhost,AlwaysCooperate,C,player_3052d27b-89ed-4a5b-ba30-7017bef17e4c@localhost,AlwaysDefect,D,0,10,0,4080
409,player_d068d95b-8434-40ed-91a3-cff0dca0856b@localhost,AlwaysCooperate,C,player_3052d27b-89ed-4a5b-ba30-7017bef17e4c@localhost,AlwaysDefect,D,0,10,0,4090
410,player_d068d95b-8434-40ed-91a3-cff0dca0856b@localhost,AlwaysCooperate,C,player_3052d27b-89ed-4a5b-ba30-7017bef17e4c@localhost,AlwaysDefect,D,0,10,0,4100
411,player_d068d95b-8434-40ed-91a3-cff0dca0856b@localhost,AlwaysCooperate,C,player_3052d27b-89ed-4a5b-ba30-7017bef17e4c@localhost,AlwaysDefect,D,0,10,0,4110
412,player_d068d95b-8434-40ed-91a3-cff0dca0856b@localhost,AlwaysCooperate,C,player_3052d27b-89ed-4a5b-ba30-7017bef17e4c@localhost,AlwaysDefect,D,0,10,0,4120
413,player_d068d95b-8434-40ed-91a3-cff0dca0856b@localhost,AlwaysCooperate,C,player_3052d27b-89ed-4a5b-ba30-7017bef17e4c@localhost,AlwaysDefect,D,0,10,0,4130
414,player_d068d95b-8434-40ed-91a3-cff0dca0856b@localhost,AlwaysCooperate,C,player_3052d27b-89ed-4a5b-ba30-7017bef17e4c@localhost,AlwaysDefect,D,0,10,0,4140
415,player_d068d95b-8434-40ed-91a3-cff0dca0856b@localhost,AlwaysCooperate,C,player_3052d27b-89ed-4a5b-ba30-7017bef17e4c@localhost,AlwaysDefect,D,0,10,0,4150
416,player_d068d95b-8434-40ed-91a3-cff0dca0856b@localhost,AlwaysCooperate,C,player_3052d27b-89ed-4a5b-ba30-7017bef17e4c@localhost,AlwaysDefect,D,0,10,0,4160
417,player_d068d95b-8434-40ed-91a3-cff0dca0856b@localhost,AlwaysCooperate,C,player_3052d27b-89ed-4a5b-ba30-7017bef17e4c@localhost,AlwaysDefect,D,0,10,0,4170
418,player_d068d95b-8434-40ed-91a3-cff0dca0856b@localhost,AlwaysCooperate,C,player_3052d27b-89ed-4a5b-ba30-7017bef17e4c@localhost,AlwaysDefect,D,0,10,0,4180
419,player_d068d95b-8434-40ed-91a3-cff0dca0856b@localhost,AlwaysCooperate,C,player_3052d27b-89ed-4a5b-ba30-7017bef17e4c@localhost,AlwaysDefect,D,0,10,0,4190
420,player_d068d95b-8434-40ed-91a3-cff0dca0856b@localhost,AlwaysCooperate,C,player_3052d27b-89ed-4a5b-ba30-7017bef17e4c@localhost,AlwaysDefect,D,0,10,0,4200
421,player_d068d95b-8434-40ed-91a3-cff0dca0856b@localhost,AlwaysCooperate,C,player_3052d27b-89ed-4a5b-ba30-7017bef17e4c@localhost,AlwaysDefect,D,0,10,0,4210
422,player_d068d95b-8434-40ed-91a3-cff0dca0856b@localhost,AlwaysCooperate,C,player_3052d27b-89ed-4a5b-ba30-7017bef17e4c@localhost,AlwaysDefect,D,0,10,0,4220
423,player_d068d95b-8434-40ed-91a3-cff0dca0856b@localhost,AlwaysCooperate,C,player_3052d27b-89ed-4a5b-ba30-7017bef17e4c@localhost,AlwaysDefect,D,0,10,0,4230
424,player_d068d95b-8434-40ed-91a3-cff0dca0856b@localhost,AlwaysCooperate,C,player_3052d27b-89ed-4a5b-ba30-7017bef17e4c@localhost,AlwaysDefect,D,0,10,0,4240
425,player_d068d95b-8434-40ed-91a3-cff0dca0856b@localhost,AlwaysCooperate,C,player_3052d27b-89ed-4a5b-ba30-7017bef17e4c@localhost,AlwaysDefect,D,0,10,0,4250
426,player_d068d95b-8434-40ed-91a3-cff0dca0856b@localhost,AlwaysCooperate,C,player_3052d27b-89ed-4a5b-ba30-7017bef17e4c@localhost,AlwaysDefect,D,0,10,0,4260
427,player_d068d95b-8434-40ed-91a3-cff0dca0856b@localhost,AlwaysCooperate,C,player_3052d27b-89ed-4a5b-ba30-7017bef17e4c@localhost,AlwaysDefect,D,0,10,0,4270
428,player_d068d95b-8434-40ed-91a3-cff0dca0856b@localhost,AlwaysCooperate,C,player_3052d27b-89ed-4a5b-ba30-7017bef17e4c@localhost,AlwaysDefect,D,0,10,0,4280
429,player_d068d95b-8434-40ed-91a3-cff0dca0856b@localhost,AlwaysCooperate,C,player_3052d27b-89ed-4a5b-ba30-7017bef17e4c@localhost,AlwaysDefect,D,0,10,0,4290
430,player_d068d95b-8434-40ed-91a3-cff0dca0856b@localhost,AlwaysCooperate,C,player_3052d27b-89ed-4a5b-ba30-7017bef17e4c@localhost,AlwaysDefect,D,0,10,0,4300
431,player_d068d95b-8434-40ed-91a3-cff0dca0856b@localhost,AlwaysCooperate,C,player_3052d27b-89ed-4a5b-ba30-7017bef17e4c@localhost,AlwaysDefect,D,0,10,0,4310
432,player_d068d95b-8434-40ed-91a3-cff0dca0856b@localhost,AlwaysCooperate,C,player_3052d27b-89ed-4a5b-ba30-7017bef17e4c@localhost,AlwaysDefect,D,0,10,0,4320
433,player_d068d95b-8434-40ed-91a3-cff0dca0856b@localhost,AlwaysCooperate,C,player_3052d27b-89ed-4a5b-ba30-7017bef17e4c@localhost,AlwaysDefect,D,0,10,0,4330
434,player_d068d95b-8434-40ed-91a3-cff0dca0856b@localhost,AlwaysCooperate,C,player_3052d27b-89ed-4a5b-ba30-7017bef17e4c@localhost,AlwaysDefect,D,0,10,0,4340
435,player_d068d95b-8434-40ed-91a3-cff0dca0856b@localhost,AlwaysCooperate,C,player_3052d27b-89ed-4a5b-ba30-7017bef17e4c@localhost,AlwaysDefect,D,0,10,0,4350
436,player_d068d95b-8434-40ed-91a3-cff0dca0856b@localhost,AlwaysCooperate,C,player_3052d27b-89ed-4a5b-ba30-7017bef17e4c@localhost,AlwaysDefect,D,0,10,0,4360
437,player_d068d95b-8434-40ed-91a3-cff0dca0856b@localhost,AlwaysCooperate,C,player_3052d27b-89ed-4a5b-ba30-7017bef17e4c@localhost,AlwaysDefect,D,0,10,0,4370
438,player_d068d95b-8434-40ed-91a3-cff0dca0856b@localhost,AlwaysCooperate,C,player_3052d27b-89ed-4a5b-ba30-7017bef17e4c@localhost,AlwaysDefect,D,0,10,0,4380
439,player_d068d95b-8434-40ed-91a3-cff0dca0856b@localhost,AlwaysCooperate,C,player_3052d27b-89ed-4a5b-ba30-7017bef17e4c@localhost,AlwaysDefect,D,0,10,0,4390
440,player_d068d95b-8434-40ed-91a3-cff0dca0856b@localhost,AlwaysCooperate,C,player_3052d27b-89ed-4a5b-ba30-7017bef17e4c@localhost,AlwaysDefect,D,0,10,0,4400
441,player_d068d95b-8434-40ed-91a3-cff0dca0856b@localhost,AlwaysCooperate,C,player_3052d27b-89ed-4a5b-ba30-7017bef17e4c@localhost,AlwaysDefect,D,0,10,0,4410
442,player_d068d95b-8434-40ed-91a3-cff0dca0856b@localhost,AlwaysCooperate,C,player_3052d27b-89ed-4a5b-ba30-7017bef17e4c@localhost,AlwaysDefect,D,0,10,0,4420
443,player_d068d95b-8434-40ed-91a3-cff0dca0856b@localhost,AlwaysCooperate,C,player_3052d27b-89ed-4a5b-ba30-7017bef17e4c@localhost,AlwaysDefect,D,0,10,0,4430
444,player_d068d95b-8434-40ed-91a3-cff0dca0856b@localhost,AlwaysCooperate,C,player_3052d27b-89ed-4a5b-ba30-7017bef17e4c@localhost,AlwaysDefect,D,0,10,0,4440
445,player_d068d95b-8434-40ed-91a3-cff0dca0856b@localhost,AlwaysCooperate,C,player_3052d27b-89ed-4a5b-ba30-7017bef17e4c@localhost,AlwaysDefect,D,0,10,0,4450
446,player_d068d95b-8434-40ed-91a3-cff0dca0856b@localhost,AlwaysCooperate,C,player_3052d27b-89ed-4a5b-ba30-7017bef17e4c@localhost,AlwaysDefect,D,0,10,0,4460
447,player_d068d95b-8434-40ed-91a3-cff0dca0856b@localhost,AlwaysCooperate,C,player_3052d27b-89ed-4a5b-ba30-7017bef17e4c@localhost,AlwaysDefect,D,0,10,0,4470
448,player_d068d95b-8434-40ed-91a3-cff0dca0856b@localhost,AlwaysCooperate,C,player_3052d27b-89ed-4a5b-ba30-7017bef17e4c@localhost,AlwaysDefect,D,0,10,0,4480
449,player_d068d95b-8434-40ed-91a3-cff0dca0856b@localhost,AlwaysCooperate,C,player_3052d27b-89ed-4a5b-ba30-7017bef17e4c@localhost,AlwaysDefect,D,0,10,0,4490
450,player_d068d95b-8434-40ed-91a3-cff0dca0856b@localhost,AlwaysCooperate,C,player_3052d27b-89ed-4a5b-ba30-7017bef17e4c@localhost,AlwaysDefect,D,0,10,0,4500
451,player_d068d95b-8434-40ed-91a3-cff0dca0856b@localhost,AlwaysCooperate,C,player_3052d27b-89ed-4a5b-ba30-7017bef17e4c@localhost,AlwaysDefect,D,0,10,0,4510
452,player_d068d95b-8434-40ed-91a3-cff0dca0856b@localhost,AlwaysCooperate,C,player_3052d27b-89ed-4a5b-ba30-7017bef17e4c@localhost,AlwaysDefect,D,0,10,0,4520
453,player_d068d95b-8434-40ed-91a3-cff0dca0856b@localhost,AlwaysCooperate,C,player_3052d27b-89ed-4a5b-ba30-7017bef17e4c@localhost,AlwaysDefect,D,0,10,0,4530
454,player_d068d95b-8434-40ed-91a3-cff0dca0856b@localhost,AlwaysCooperate,C,player_3052d27b-89ed-4a5b-ba30-7017bef17e4c@localhost,AlwaysDefect,D,0,10,0,4540
455,player_d068d95b-8434-40ed-91a3-cff0dca0856b@localhost,AlwaysCooperate,C,player_3052d27b-89ed-4a5b-ba30-7017bef17e4c@localhost,AlwaysDefect,D,0,10,0,4550
456,player_d068d95b-8434-40ed-91a3-cff0dca0856b@localhost,AlwaysCooperate,C,player_3052d27b-89ed-4a5b-ba30-7017bef17e4c@localhost,AlwaysDefect,D,0,10,0,4560
457,player_d068d95b-8434-40ed-91a3-cff0dca0856b@localhost,AlwaysCooperate,C,player_3052d27b-89ed-4a5b-ba30-7017bef17e4c@localhost,AlwaysDefect,D,0,10,0,4570
458,player_d068d95b-8434-40ed-91a3-cff0dca0856b@localhost,AlwaysCooperate,C,player_3052d27b-89ed-4a5b-ba30-7017bef17e4c@localhost,AlwaysDefect,D,0,10,0,4580
459,player_d068d95b-8434-40ed-91a3-cff0dca0856b@localhost,AlwaysCooperate,C,player_3052d27b-89ed-4a5b-ba30-7017bef17e4c@localhost,AlwaysDefect,D,0,10,0,4590
460,player_d068d95b-8434-40ed-91a3-cff0dca0856b@localhost,AlwaysCooperate,C,player_3052d27b-89ed-4a5b-ba30-7017bef17e4c@localhost,AlwaysDefect,D,0,10,0,4600
461,player_d068d95b-8434-40ed-91a3-cff0dca0856b@localhost,AlwaysCooperate,C,player_3052d27b-89ed-4a5b-ba30-7017bef17e4c@localhost,AlwaysDefect,D,0,10,0,4610
462,player_d068d95b-8434-40ed-91a3-cff0dca0856b@localhost,AlwaysCooperate,C,player_3052d27b-89ed-4a5b-ba30-7017bef17e4c@localhost,AlwaysDefect,D,0,10,0,4620
463,player_d068d95b-8434-40ed-91a3-cff0dca0856b@localhost,AlwaysCooperate,C,player_3052d27b-89ed-4a5b-ba30-7017bef17e4c@localhost,AlwaysDefect,D,0,10,0,4630
464,player_d068d95b-8434-40ed-91a3-cff0dca0856b@localhost,AlwaysCooperate,C,player_3052d27b-89ed-4a5b-ba30-7017bef17e4c@localhost,AlwaysDefect,D,0,10,0,4640
465,player_d068d95b-8434-40ed-91a3-cff0dca0856b@localhost,AlwaysCooperate,C,player_3052d27b-89ed-4a5b-ba30-7017bef17e4c@localhost,AlwaysDefect,D,0,10,0,4650
466,player_d068d95b-8434-40ed-91a3-cff0dca0856b@localhost,AlwaysCooperate,C,player_3052d27b-89ed-4a5b-ba30-7017bef17e4c@localhost,AlwaysDefect,D,0,10,0,4660
467,player_d068d95b-8434-40ed-91a3-cff0dca0856b@localhost,AlwaysCooperate,C,player_3052d27b-89ed-4a5b-ba30-7017bef17e4c@localhost,AlwaysDefect,D,0,10,0,4670
468,player_d068d95b-8434-40ed-91a3-cff0dca0856b@localhost,AlwaysCooperate,C,player_3052d27b-89ed-4a5b-ba30-7017bef17e4c@localhost,AlwaysDefect,D,0,10,0,4680
469,player_d068d95b-8434-40ed-91a3-cff0dca0856b@localhost,AlwaysCooperate,C,player_3052d27b-89ed-4a5b-ba30-7017bef17e4c@localhost,AlwaysDefect,D,0,10,0,4690
470,player_d068d95b-8434-40ed-91a3-cff0dca0856b@localhost,AlwaysCooperate,C,player_3052d27b-89ed-4a5b-ba30-7017bef17e4c@localhost,AlwaysDefect,D,0,10,0,4700
471,player_d068d95b-8434-40ed-91a3-cff0dca0856b@localhost,AlwaysCooperate,C,player_3052d27b-89ed-4a5b-ba30-7017bef17e4c@localhost,AlwaysDefect,D,0,10,0,4710
472,player_d068d95b-8434-40ed-91a3-cff0dca0856b@localhost,AlwaysCooperate,C,player_3052d27b-89ed-4a5b-ba30-7017bef17e4c@localhost,AlwaysDefect,D,0,10,0,4720
473,player_d068d95b-8434-40ed-91a3-cff0dca0856b@localhost,AlwaysCooperate,C,player_3052d27b-89ed-4a5b-ba30-7017bef17e4c@localhost,AlwaysDefect,D,0,10,0,4730
474,player_d068d95b-8434-40ed-91a3-cff0dca0856b@localhost,AlwaysCooperate,C,player_3052d27b-89ed-4a5b-ba30-7017bef17e4c@localhost,AlwaysDefect,D,0,10,0,4740
475,player_d068d95b-8434-40ed-91a3-cff0dca0856b@localhost,AlwaysCooperate,C,player_3052d27b-89ed-4a5b-ba30-7017bef17e4c@localhost,AlwaysDefect,D,0,10,0,4750
476,player_d068d95b-8434-40ed-91a3-cff0dca0856b@localhost,AlwaysCooperate,C,player_3052d27b-89ed-4a5b-ba30-7017bef17e4c@localhost,AlwaysDefect,D,0,10,0,4760
477,player_d068d95b-8434-40ed-91a3-cff0dca0856b@localhost,AlwaysCooperate,C,player_3052d27b-89ed-4a5b-ba30-7017bef17e4c@localhost,AlwaysDefect,D,0,10,0,4770
478,player_d068d95b-8434-40ed-91a3-cff0dca0856b@localhost,AlwaysCooperate,C,player_3052d27b-89ed-4a5b-ba30-7017bef17e4c@localhost,AlwaysDefect,D,0,10,0,4780
479,player_d068d95b-8434-40ed-91a3-cff0dca0856b@localhost,AlwaysCooperate,C,player_3052d27b-89ed-4a5b-ba30-7017bef17e4c@localhost,AlwaysDefect,D,0,10,0,4790
480,player_d068d95b-8434-40ed-91a3-cff0dca0856b@localhost,AlwaysCooperate,C,player_3052d27b-89ed-4a5b-ba30-7017bef17e4c@localhost,AlwaysDefect,D,0,10,0,4800
481,player_d068d95b-8434-40ed-91a3-cff0dca0856b@localhost,AlwaysCooperate,C,player_3052d27b-89ed-4a5b-ba30-7017bef17e4c@localhost,AlwaysDefect,D,0,10,0,4810
482,player_d068d95b-8434-40ed-91a3-cff0dca0856b@localhost,AlwaysCooperate,C,player_3052d27b-89ed-4a5b-ba30-7017bef17e4c@localhost,AlwaysDefect,D,0,10,0,4820
483,player_d068d95b-8434-40ed-91a3-cff0dca0856b@localhost,AlwaysCooperate,C,player_3052d27b-89ed-4a5b-ba30-7017bef17e4c@localhost,AlwaysDefect,D,0,10,0,4830
484,player_d068d95b-8434-40ed-91a3-cff0dca0856b@localhost,AlwaysCooperate,C,player_3052d27b-89ed-4a5b-ba30-7017bef17e4c@localhost,AlwaysDefect,D,0,10,0,4840
485,player_d068d95b-8434-40ed-91a3-cff0dca0856b@localhost,AlwaysCooperate,C,player_3052d27b-89ed-4a5b-ba30-7017bef17e4c@localhost,AlwaysDefect,D,0,10,0,4850
486,player_d068d95b-8434-40ed-91a3-cff0dca0856b@localhost,AlwaysCooperate,C,player_3052d27b-89ed-4a5b-ba30-7017bef17e4c@localhost,AlwaysDefect,D,0,10,0,4860
487,player_d068d95b-8434-40ed-91a3-cff0dca0856b@localhost,AlwaysCooperate,C,player_3052d27b-89ed-4a5b-ba30-7017bef17e4c@localhost,AlwaysDefect,D,0,10,0,4870
488,player_d068d95b-8434-40ed-91a3-cff0dca0856b@localhost,AlwaysCooperate,C,player_3052d27b-89ed-4a5b-ba30-7017bef17e4c@localhost,AlwaysDefect,D,0,10,0,4880
489,player_d068d95b-8434-40ed-91a3-cff0dca0856b@localhost,AlwaysCooperate,C,player_3052d27b-89ed-4a5b-ba30-7017bef17e4c@localhost,AlwaysDefect,D,0,10,0,4890
490,player_d068d95b-8434-40ed-91a3-cff0dca0856b@localhost,AlwaysCooperate,C,player_3052d27b-89ed-4a5b-ba30-7017bef17e4c@localhost,AlwaysDefect,D,0,10,0,4900
491,player_d068d95b-8434-40ed-91a3-cff0dca0856b@localhost,AlwaysCooperate,C,player_3052d27b-89ed-4a5b-ba30-7017bef17e4c@localhost,AlwaysDefect,D,0,10,0,4910
492,player_d068d95b-8434-40ed-91a3-cff0dca0856b@localhost,AlwaysCooperate,C,player_3052d27b-89ed-4a5b-ba30-7017bef17e4c@localhost,AlwaysDefect,D,0,10,0,4920
493,player_d068d95b-8434-40ed-91a3-cff0dca0856b@localhost,AlwaysCooperate,C,player_3052d27b-89ed-4a5b-ba30-7017bef17e4c@localhost,AlwaysDefect,D,0,10,0,4930
494,player_d068d95b-8434-40ed-91a3-cff0dca0856b@localhost,AlwaysCooperate,C,player_3052d27b-89ed-4a5b-ba30-7017bef17e4c@localhost,AlwaysDefect,D,0,10,0,4940
495,player_d068d95b-8434-40ed-91a3-cff0dca0856b@localhost,AlwaysCooperate,C,player_3052d27b-89ed-4a5b-ba30-7017bef17e4c@localhost,AlwaysDefect,D,0,10,0,4950
496,player_d068d95b-8434-40ed-91a3-cff0dca0856b@localhost,AlwaysCooperate,C,player_3052d27b-89ed-4a5b-ba30-7017bef17e4c@localhost,AlwaysDefect,D,0,10,0,4960
497,player_d068d95b-8434-40ed-91a3-cff0dca0856b@localhost,AlwaysCooperate,C,player_3052d27b-89ed-4a5b-ba30-7017bef17e4c@localhost,AlwaysDefect,D,0,10,0,4970
498,player_d068d95b-8434-40ed-91a3-cff0dca0856b@localhost,AlwaysCooperate,C,player_3052d27b-89ed-4a5b-ba30-7017bef17e4c@localhost,AlwaysDefect,D,0,10,0,4980
499,player_d068d95b-8434-40ed-91a3-cff0dca0856b@localhost,AlwaysCooperate,C,player_3052d27b-89ed-4a5b-ba30-7017bef17e4c@localhost,AlwaysDefect,D,0,10,0,4990
500,player_d068d95b-8434-40ed-91a3-cff0dca0856b@localhost,AlwaysCooperate,C,player_3052d27b-89ed-4a5b-ba30-7017bef17e4c@localhost,AlwaysDefect,D,0,10,0,5000
501,player_d068d95b-8434-40ed-91a3-cff0dca0856b@localhost,AlwaysCooperate,C,player_3052d27b-89ed-4a5b-ba30-7017bef17e4c@localhost,AlwaysDefect,D,0,10,0,5010
502,player_d068d95b-8434-40ed-91a3-cff0dca0856b@localhost,AlwaysCooperate,C,player_3052d27b-89ed-4a5b-ba30-7017bef17e4c@localhost,AlwaysDefect,D,0,10,0,5020
503,player_d068d95b-8434-40ed-91a3-cff0dca0856b@localhost,AlwaysCooperate,C,player_3052d27b-89ed-4a5b-ba30-7017bef17e4c@localhost,AlwaysDefect,D,0,10,0,5030
504,player_d068d95b-8434-40ed-91a3-cff0dca0856b@localhost,AlwaysCooperate,C,player_3052d27b-89ed-4a5b-ba30-7017bef17e4c@localhost,AlwaysDefect,D,0,10,0,5040
505,player_d068d95b-8434-40ed-91a3-cff0dca0856b@localhost,AlwaysCooperate,C,player_3052d27b-89ed-4a5b-ba30-7017bef17e4c@localhost,AlwaysDefect,D,0,10,0,5050
506,player_d068d95b-8434-40ed-91a3-cff0dca0856b@localhost,AlwaysCooperate,C,player_3052d27b-89ed-4a5b-ba30-7017bef17e4c@localhost,AlwaysDefect,D,0,10,0,5060
507,player_d068d95b-8434-40ed-91a3-cff0dca0856b@localhost,AlwaysCooperate,C,player_3052d27b-89ed-4a5b-ba30-7017bef17e4c@localhost,AlwaysDefect,D,0,10,0,5070
508,player_d068d95b-8434-40ed-91a3-cff0dca0856b@localhost,AlwaysCooperate,C,player_3052d27b-89ed-4a5b-ba30-7017bef17e4c@localhost,AlwaysDefect,D,0,10,0,5080
509,player_d068d95b-8434-40ed-91a3-cff0dca0856b@localhost,AlwaysCooperate,C,player_3052d27b-89ed-4a5b-ba30-7017bef17e4c@localhost,AlwaysDefect,D,0,10,0,5090
510,player_d068d95b-8434-40ed-91a3-cff0dca0856b@localhost,AlwaysCooperate,C,player_3052d27b-89ed-4a5b-ba30-7017bef17e4c@localhost,AlwaysDefect,D,0,10,0,5100
511,player_d068d95b-8434-40ed-91a3-cff0dca0856b@localhost,AlwaysCooperate,C,player_3052d27b-89ed-4a5b-ba30-7017bef17e4c@localhost,AlwaysDefect,D,0,10,0,5110
512,player_d068d95b-8434-40ed-91a3-cff0dca0856b@localhost,AlwaysCooperate,C,player_3052d27b-89ed-4a5b-ba30-7017bef17e4c@localhost,AlwaysDefect,D,0,10,0,5120
513,player_d068d95b-8434-40ed-91a3-cff0dca0856b@localhost,AlwaysCooperate,C,player_3052d27b-89ed-4a5b-ba30-7017bef17e4c@localhost,AlwaysDefect,D,0,10,0,5130
514,player_d068d95b-8434-40ed-91a3-cff0dca0856b@localhost,AlwaysCooperate,C,player_3052d27b-89ed-4a5b-ba30-7017bef17e4c@localhost,AlwaysDefect,D,0,10,0,5140
515,player_d068d95b-8434-40ed-91a3-cff0dca0856b@localhost,AlwaysCooperate,C,player_3052d27b-89ed-4a5b-ba30-7017bef17e4c@localhost,AlwaysDefect,D,0,10,0,5150
516,player_d068d95b-8434-40ed-91a3-cff0dca0856b@localhost,AlwaysCooperate,C,player_3052d27b-89ed-4a5b-ba30-7017bef17e4c@localhost,AlwaysDefect,D,0,10,0,5160
517,player_d068d95b-8434-40ed-91a3-cff0dca0856b@localhost,AlwaysCooperate,C,player_3052d27b-89ed-4a5b-ba30-7017bef17e4c@localhost,AlwaysDefect,D,0,10,0,5170
518,player_d068d95b-8434-40ed-91a3-cff0dca0856b@localhost,AlwaysCooperate,C,player_3052d27b-89ed-4a5b-ba30-7017bef17e4c@localhost,AlwaysDefect,D,0,10,0,5180
519,player_d068d95b-8434-40ed-91a3-cff0dca0856b@localhost,AlwaysCooperate,C,player_3052d27b-89ed-4a5b-ba30-7017bef17e4c@localhost,AlwaysDefect,D,0,10,0,5190
520,player_d068d95b-8434-40ed-91a3-cff0dca0856b@localhost,AlwaysCooperate,C,player_3052d27b-89ed-4a5b-ba30-7017bef17e4c@localhost,AlwaysDefect,D,0,10,0,5200
521,player_d068d95b-8434-40ed-91a3-cff0dca0856b@localhost,AlwaysCooperate,C,player_3052d27b-89ed-4a5b-ba30-7017bef17e4c@localhost,AlwaysDefect,D,0,10,0,5210
522,player_d068d95b-8434-40ed-91a3-cff0dca0856b@localhost,AlwaysCooperate,C,player_3052d27b-89ed-4a5b-ba30-7017bef17e4c@localhost,AlwaysDefect,D,0,10,0,5220
523,player_d068d95b-8434-40ed-91a3-cff0dca0856b@localhost,AlwaysCooperate,C,player_3052d27b-89ed-4a5b-ba30-7017bef17e4c@localhost,AlwaysDefect,D,0,10,0,5230
524,player_d068d95b-8434-40ed-91a3-cff0dca0856b@localhost,AlwaysCooperate,C,player_3052d27b-89ed-4a5b-ba30-7017bef17e4c@localhost,AlwaysDefect,D,0,10,0,5240
525,player_d068d95b-8434-40ed-91a3-cff0dca0856b@localhost,AlwaysCooperate,C,player_3052d27b-89ed-4a5b-ba30-7017bef17e4c@localhost,AlwaysDefect,D,0,10,0,5250
526,player_d068d95b-8434-40ed-91a3-cff0dca0856b@localhost,AlwaysCooperate,C,player_3052d27b-89ed-4a5b-ba30-7017bef17e4c@localhost,AlwaysDefect,D,0,10,0,5260
527,player_d068d95b-8434-40ed-91a3-cff0dca0856b@localhost,AlwaysCooperate,C,player_3052d27b-89ed-4a5b-ba30-7017bef17e4c@localhost,AlwaysDefect,D,0,10,0,5270
528,player_d068d95b-8434-40ed-91a3-cff0dca0856b@localhost,AlwaysCooperate,C,player_3052d27b-89ed-4a5b-ba30-7017bef17e4c@localhost,AlwaysDefect,D,0,10,0,5280
529,player_d068d95b-8434-40ed-91a3-cff0dca0856b@localhost,AlwaysCooperate,C,player_3052d27b-89ed-4a5b-ba30-7017bef17e4c@localhost,AlwaysDefect,D,0,10,0,5290
530,player_d068d95b-8434-40ed-91a3-cff0dca0856b@localhost,AlwaysCooperate,C,player_3052d27b-89ed-4a5b-ba30-7017bef17e4c@localhost,AlwaysDefect,D,0,10,0,5300
531,player_d068d95b-8434-40ed-91a3-cff0dca0856b@localhost,AlwaysCooperate,C,player_3052d27b-89ed-4a5b-ba30-7017bef17e4c@localhost,AlwaysDefect,D,0,10,0,5310
532,player_d068d95b-8434-40ed-91a3-cff0dca0856b@localhost,AlwaysCooperate,C,player_3052d27b-89ed-4a5b-ba30-7017bef17e4c@localhost,AlwaysDefect,D,0,10,0,5320
533,player_d068d95b-8434-40ed-91a3-cff0dca0856b@localhost,AlwaysCooperate,C,player_3052d27b-89ed-4a5b-ba30-7017bef17e4c@localhost,AlwaysDefect,D,0,10,0,5330
534,player_d068d95b-8434-40ed-91a3-cff0dca0856b@localhost,AlwaysCooperate,C,player_3052d27b-89ed-4a5b-ba30-7017bef17e4c@localhost,AlwaysDefect,D,0,10,0,5340
535,player_d068d95b-8434-40ed-91a3-cff0dca0856b@localhost,AlwaysCooperate,C,player_3052d27b-89ed-4a5b-ba30-7017bef17e4c@localhost,AlwaysDefect,D,0,10,0,5350
536,player_d068d95b-8434-40ed-91a3-cff0dca0856b@localhost,AlwaysCooperate,C,player_3052d27b-89ed-4a5b-ba30-7017bef17e4c@localhost,AlwaysDefect,D,0,10,0,5360
537,player_d068d95b-8434-40ed-91a3-cff0dca0856b@localhost,AlwaysCooperate,C,player_3052d27b-89ed-4a5b-ba30-7017bef17e4c@localhost,AlwaysDefect,D,0,10,0,5370
538,player_d068d95b-8434-40ed-91a3-cff0dca0856b@localhost,AlwaysCooperate,C,player_3052d27b-89ed-4a5b-ba30-7017bef17e4c@localhost,AlwaysDefect,D,0,10,0,5380
539,player_d068d95b-8434-40ed-91a3-cff0dca0856b@localhost,AlwaysCooperate,C,player_3052d27b-89ed-4a5b-ba30-7017bef17e4c@localhost,AlwaysDefect,D,0,10,0,5390
540,player_d068d95b-8434-40ed-91a3-cff0dca0856b@localhost,AlwaysCooperate,C,player_3052d27b-89ed-4a5b-ba30-7017bef17e4c@localhost,AlwaysDefect,D,0,10,0,5400
541,player_d068d95b-8434-40ed-91a3-cff0dca0856b@localhost,AlwaysCooperate,C,player_3052d27b-89ed-4a5b-ba30-7017bef17e4c@localhost,AlwaysDefect,D,0,10,0,5410
542,player_d068d95b-8434-40ed-91a3-cff0dca0856b@localhost,AlwaysCooperate,C,player_3052d27b-89ed-4a5b-ba30-7017bef17e4c@localhost,AlwaysDefect,D,0,10,0,5420
543,player_d068d95b-8434-40ed-91a3-cff0dca0856b@localhost,AlwaysCooperate,C,player_3052d27b-89ed-4a5b-ba30-7017bef17e4c@localhost,AlwaysDefect,D,0,10,0,5430
544,player_d068d95b-8434-40ed-91a3-cff0dca0856b@localhost,AlwaysCooperate,C,player_3052d27b-89ed-4a5b-ba30-7017bef17e4c@localhost,AlwaysDefect,D,0,10,0,5440
545,player_d068d95b-8434-40ed-91a3-cff0dca0856b@localhost,AlwaysCooperate,C,player_3052d27b-89ed-4a5b-ba30-7017bef17e4c@localhost,AlwaysDefect,D,0,10,0,5450
546,player_d068d95b-8434-40ed-91a3-cff0dca0856b@localhost,AlwaysCooperate,C,player_3052d27b-89ed-4a5b-ba30-7017bef17e4c@localhost,AlwaysDefect,D,0,10,0,5460
547,player_d068d95b-8434-40ed-91a3-cff0dca0856b@localhost,AlwaysCooperate,C,player_3052d27b-89ed-4a5b-ba30-7017bef17e4c@localhost,AlwaysDefect,D,0,10,0,5470
548,player_d068d95b-8434-40ed-91a3-cff0dca0856b@localhost,AlwaysCooperate,C,player_3052d27b-89ed-4a5b-ba30-7017bef17e4c@localhost,AlwaysDefect,D,0,10,0,5480
549,player_d068d95b-8434-40ed-91a3-cff0dca0856b@localhost,AlwaysCooperate,C,player_3052d27b-89ed-4a5b-ba30-7017bef17e4c@localhost,AlwaysDefect,D,0,10,0,5490
550,player_d068d95b-8434-40ed-91a3-cff0dca0856b@localhost,AlwaysCooperate,C,player_3052d27b-89ed-4a5b-ba30-7017bef17e4c@localhost,AlwaysDefect,D,0,10,0,5500
551,player_d068d95b-8434-40ed-91a3-cff0dca0856b@localhost,AlwaysCooperate,C,player_3052d27b-89ed-4a5b-ba30-7017bef17e4c@localhost,AlwaysDefect,D,0,10,0,5510
552,player_d068d95b-8434-40ed-91a3-cff0dca0856b@localhost,AlwaysCooperate,C,player_3052d27b-89ed-4a5b-ba30-7017bef17e4c@localhost,AlwaysDefect,D,0,10,0,5520
553,player_d068d95b-8434-40ed-91a3-cff0dca0856b@localhost,AlwaysCooperate,C,player_3052d27b-89ed-4a5b-ba30-7017bef17e4c@localhost,AlwaysDefect,D,0,10,0,5530
554,player_d068d95b-8434-40ed-91a3-cff0dca0856b@localhost,AlwaysCooperate,C,player_3052d27b-89ed-4a5b-ba30-7017bef17e4c@localhost,AlwaysDefect,D,0,10,0,5540
555,player_d068d95b-8434-40ed-91a3-cff0dca0856b@localhost,AlwaysCooperate,C,player_3052d27b-89ed-4a5b-ba30-7017bef17e4c@localhost,AlwaysDefect,D,0,10,0,5550
556,player_d068d95b-8434-40ed-91a3-cff0dca0856b@localhost,AlwaysCooperate,C,player_3052d27b-89ed-4a5b-ba30-7017bef17e4c@localhost,AlwaysDefect,D,0,10,0,5560
557,player_d068d95b-8434-40ed-91a3-cff0dca0856b@localhost,AlwaysCooperate,C,player_3052d27b-89ed-4a5b-ba30-7017bef17e4c@localhost,AlwaysDefect,D,0,10,0,5570
558,player_d068d95b-8434-40ed-91a3-cff0dca0856b@localhost,AlwaysCooperate,C,player_3052d27b-89ed-4a5b-ba30-7017bef17e4c@localhost,AlwaysDefect,D,0,10,0,5580
559,player_d068d95b-8434-40ed-91a3-cff0dca0856b@localhost,AlwaysCooperate,C,player_3052d27b-89ed-4a5b-ba30-7017bef17e4c@localhost,AlwaysDefect,D,0,10,0,5590
560,player_d068d95b-8434-40ed-91a3-cff0dca0856b@localhost,AlwaysCooperate,C,player_3052d27b-89ed-4a5b-ba30-7017bef17e4c@localhost,AlwaysDefect,D,0,10,0,5600
561,player_d068d95b-8434-40ed-91a3-cff0dca0856b@localhost,AlwaysCooperate,C,player_3052d27b-89ed-4a5b-ba30-7017bef17e4c@localhost,AlwaysDefect,D,0,10,0,5610
562,player_d068d95b-8434-40ed-91a3-cff0dca0856b@localhost,AlwaysCooperate,C,player_3052d27b-89ed-4a5b-ba30-7017bef17e4c@localhost,AlwaysDefect,D,0,10,0,5620
563,player_d068d95b-8434-40ed-91a3-cff0dca0856b@localhost,AlwaysCooperate,C,player_3052d27b-89ed-4a5b-ba30-7017bef17e4c@localhost,AlwaysDefect,D,0,10,0,5630
564,player_d068d95b-8434-40ed-91a3-cff0dca0856b@localhost,AlwaysCooperate,C,player_3052d27b-89ed-4a5b-ba30-7017bef17e4c@localhost,AlwaysDefect,D,0,10,0,5640
565,player_d068d95b-8434-40ed-91a3-cff0dca0856b@localhost,AlwaysCooperate,C,player_3052d27b-89ed-4a5b-ba30-7017bef17e4c@localhost,AlwaysDefect,D,0,10,0,5650
566,player_d068d95b-8434-40ed-91a3-cff0dca0856b@localhost,AlwaysCooperate,C,player_3052d27b-89ed-4a5b-ba30-7017bef17e4c@localhost,AlwaysDefect,D,0,10,0,5660
567,player_d068d95b-8434-40ed-91a3-cff0dca0856b@localhost,AlwaysCooperate,C,player_3052d27b-89ed-4a5b-ba30-7017bef17e4c@localhost,AlwaysDefect,D,0,10,0,5670
568,player_d068d95b-8434-40ed-91a3-cff0dca0856b@localhost,AlwaysCooperate,C,player_3052d27b-89ed-4a5b-ba30-7017bef17e4c@localhost,AlwaysDefect,D,0,10,0,5680
569,player_d068d95b-8434-40ed-91a3-cff0dca0856b@localhost,AlwaysCooperate,C,player_3052d27b-89ed-4a5b-ba30-7017bef17e4c@localhost,AlwaysDefect,D,0,10,0,5690
570,player_d068d95b-8434-40ed-91a3-cff0dca0856b@localhost,AlwaysCooperate,C,player_3052d27b-89ed-4a5b-ba30-7017bef17e4c@localhost,AlwaysDefect,D,0,10,0,5700
571,player_d068d95b-8434-40ed-91a3-cff0dca0856b@localhost,AlwaysCooperate,C,player_3052d27b-89ed-4a5b-ba30-7017bef17e4c@localhost,AlwaysDefect,D,0,10,0,5710
572,player_d068d95b-8434-40ed-91a3-cff0dca0856b@localhost,AlwaysCooperate,C,player_3052d27b-89ed-4a5b-ba30-7017bef17e4c@localhost,AlwaysDefect,D,0,10,0,5720
573,player_d068d95b-8434-40ed-91a3-cff0dca0856b@localhost,AlwaysCooperate,C,player_3052d27b-89ed-4a5b-ba30-7017bef17e4c@localhost,AlwaysDefect,D,0,10,0,5730
574,player_d068d95b-8434-40ed-91a3-cff0dca0856b@localhost,AlwaysCooperate,C,player_3052d27b-89ed-4a5b-ba30-7017bef17e4c@localhost,AlwaysDefect,D,0,10,0,5740
575,player_d068d95b-8434-40ed-91a3-cff0dca0856b@localhost,AlwaysCooperate,C,player_3052d27b-89ed-4a5b-ba30-7017bef17e4c@localhost,AlwaysDefect,D,0,10,0,5750
576,player_d068d95b-8434-40ed-91a3-cff0dca0856b@localhost,AlwaysCooperate,C,player_3052d27b-89ed-4a5b-ba30-7017bef17e4c@localhost,AlwaysDefect,D,0,10,0,5760
577,player_d068d95b-8434-40ed-91a3-cff0dca0856b@localhost,AlwaysCooperate,C,player_3052d27b-89ed-4a5b-ba30-7017bef17e4c@localhost,AlwaysDefect,D,0,10,0,5770
578,player_d068d95b-8434-40ed-91a3-cff0dca0856b@localhost,AlwaysCooperate,C,player_3052d27b-89ed-4a5b-ba30-7017bef17e4c@localhost,AlwaysDefect,D,0,10,0,5780
579,player_d068d95b-8434-40ed-91a3-cff0dca0856b@localhost,AlwaysCooperate,C,player_3052d27b-89ed-4a5b-ba30-7017bef17e4c@localhost,AlwaysDefect,D,0,10,0,5790
580,player_d068d95b-8434-40ed-91a3-cff0dca0856b@localhost,AlwaysCooperate,C,player_3052d27b-89ed-4a5b-ba30-7017bef17e4c@localhost,AlwaysDefect,D,0,10,0,5800
581,player_d068d95b-8434-40ed-91a3-cff0dca0856b@localhost,AlwaysCooperate,C,player_3052d27b-89ed-4a5b-ba30-7017bef17e4c@localhost,AlwaysDefect,D,0,10,0,5810
582,player_d068d95b-8434-40ed-91a3-cff0dca0856b@localhost,AlwaysCooperate,C,player_3052d27b-89ed-4a5b-ba30-7017bef17e4c@localhost,AlwaysDefect,D,0,10,0,5820
583,player_d068d95b-8434-40ed-91a3-cff0dca0856b@localhost,AlwaysCooperate,C,player_3052d27b-89ed-4a5b-ba30-7017bef17e4c@localhost,AlwaysDefect,D,0,10,0,5830
584,player_d068d95b-8434-40ed-91a3-cff0dca0856b@localhost,AlwaysCooperate,C,player_3052d27b-89ed-4a5b-ba30-7017bef17e4c@localhost,AlwaysDefect,D,0,10,0,5840
585,player_d068d95b-8434-40ed-91a3-cff0dca0856b@localhost,AlwaysCooperate,C,player_3052d27b-89ed-4a5b-ba30-7017bef17e4c@localhost,AlwaysDefect,D,0,10,0,5850
586,player_d068d95b-8434-40ed-91a3-cff0dca0856b@localhost,AlwaysCooperate,C,player_3052d27b-89ed-4a5b-ba30-7017bef17e4c@localhost,AlwaysDefect,D,0,10,0,5860
587,player_d068d95b-8434-40ed-91a3-cff0dca0856b@localhost,AlwaysCooperate,C,player_3052d27b-89ed-4a5b-ba30-7017bef17e4c@localhost,AlwaysDefect,D,0,10,0,5870
588,player_d068d95b-8434-40ed-91a3-cff0dca0856b@localhost,AlwaysCooperate,C,player_3052d27b-89ed-4a5b-ba30-7017bef17e4c@localhost,AlwaysDefect,D,0,10,0,5880
589,player_d068d95b-8434-40ed-91a3-cff0dca0856b@localhost,AlwaysCooperate,C,player_3052d27b-89ed-4a5b-ba30-7017bef17e4c@localhost,AlwaysDefect,D,0,10,0,5890
590,player_d068d95b-8434-40ed-91a3-cff0dca0856b@localhost,AlwaysCooperate,C,player_3052d27b-89ed-4a5b-ba30-7017bef17e4c@localhost,AlwaysDefect,D,0,10,0,5900
591,player_d068d95b-8434-40ed-91a3-cff0dca0856b@localhost,AlwaysCooperate,C,player_3052d27b-89ed-4a5b-ba30-7017bef17e4c@localhost,AlwaysDefect,D,0,10,0,5910
592,player_d068d95b-8434-40ed-91a3-cff0dca0856b@localhost,AlwaysCooperate,C,player_3052d27b-89ed-4a5b-ba30-7017bef17e4c@localhost,AlwaysDefect,D,0,10,0,5920
593,player_d068d95b-8434-40ed-91a3-cff0dca0856b@localhost,AlwaysCooperate,C,player_3052d27b-89ed-4a5b-ba30-7017bef17e4c@localhost,AlwaysDefect,D,0,10,0,5930
594,player_d068d95b-8434-40ed-91a3-cff0dca0856b@localhost,AlwaysCooperate,C,player_3052d27b-89ed-4a5b-ba30-7017bef17e4c@localhost,AlwaysDefect,D,0,10,0,5940
595,player_d068d95b-8434-40ed-91a3-cff0dca0856b@localhost,AlwaysCooperate,C,player_3052d27b-89ed-4a5b-ba30-7017bef17e4c@localhost,AlwaysDefect,D,0,10,0,5950
596,player_d068d95b-8434-40ed-91a3-cff0dca0856b@localhost,AlwaysCooperate,C,player_3052d27b-89ed-4a5b-ba30-7017bef17e4c@localhost,AlwaysDefect,D,0,10,0,5960
597,player_d068d95b-8434-40ed-91a3-cff0dca0856b@localhost,AlwaysCooperate,C,player_3052d27b-89ed-4a5b-ba30-7017bef17e4c@localhost,AlwaysDefect,D,0,10,0,5970
598,player_d068d95b-8434-40ed-91a3-cff0dca0856b@localhost,AlwaysCooperate,C,player_3052d27b-89ed-4a5b-ba30-7017bef17e4c@localhost,AlwaysDefect,D,0,10,0,5980
599,player_d068d95b-8434-40ed-91a3-cff0dca0856b@localhost,AlwaysCooperate,C,player_3052d27b-89ed-4a5b-ba30-7017bef17e4c@localhost,AlwaysDefect,D,0,10,0,5990
600,player_d068d95b-8434-40ed-91a3-cff0dca0856b@localhost,AlwaysCooperate,C,player_3052d27b-89ed-4a5b-ba30-7017bef17e4c@localhost,AlwaysDefect,D,0,10,0,6000
601,player_d068d95b-8434-40ed-91a3-cff0dca0856b@localhost,AlwaysCooperate,C,player_3052d27b-89ed-4a5b-ba30-7017bef17e4c@localhost,AlwaysDefect,D,0,10,0,6010
602,player_d068d95b-8434-40ed-91a3-cff0dca0856b@localhost,AlwaysCooperate,C,player_3052d27b-89ed-4a5b-ba30-7017bef17e4c@localhost,AlwaysDefect,D,0,10,0,6020
603,player_d068d95b-8434-40ed-91a3-cff0dca0856b@localhost,AlwaysCooperate,C,player_3052d27b-89ed-4a5b-ba30-7017bef17e4c@localhost,AlwaysDefect,D,0,10,0,6030
604,player_d068d95b-8434-40ed-91a3-cff0dca0856b@localhost,AlwaysCooperate,C,player_3052d27b-89ed-4a5b-ba30-7017bef17e4c@localhost,AlwaysDefect,D,0,10,0,6040
605,player_d068d95b-8434-40ed-91a3-cff0dca0856b@localhost,AlwaysCooperate,C,player_3052d27b-89ed-4a5b-ba30-7017bef17e4c@localhost,AlwaysDefect,D,0,10,0,6050
606,player_d068d95b-8434-40ed-91a3-cff0dca0856b@localhost,AlwaysCooperate,C,player_3052d27b-89ed-4a5b-ba30-7017bef17e4c@localhost,AlwaysDefect,D,0,10,0,6060
607,player_d068d95b-8434-40ed-91a3-cff0dca0856b@localhost,AlwaysCooperate,C,player_3052d27b-89ed-4a5b-ba30-7017bef17e4c@localhost,AlwaysDefect,D,0,10,0,6070
608,player_d068d95b-8434-40ed-91a3-cff0dca0856b@localhost,AlwaysCooperate,C,player_3052d27b-89ed-4a5b-ba30-7017bef17e4c@localhost,AlwaysDefect,D,0,10,0,6080
609,player_d068d95b-8434-40ed-91a3-cff0dca0856b@localhost,AlwaysCooperate,C,player_3052d27b-89ed-4a5b-ba30-7017bef17e4c@localhost,AlwaysDefect,D,0,10,0,6090
610,player_d068d95b-8434-40ed-91a3-cff0dca0856b@localhost,AlwaysCooperate,C,player_3052d27b-89ed-4a5b-ba30-7017bef17e4c@localhost,AlwaysDefect,D,0,10,0,6100
611,player_d068d95b-8434-40ed-91a3-cff0dca0856b@localhost,AlwaysCooperate,C,player_3052d27b-89ed-4a5b-ba30-7017bef17e4c@localhost,AlwaysDefect,D,0,10,0,6110
612,player_d068d95b-8434-40ed-91a3-cff0dca0856b@localhost,AlwaysCooperate,C,player_3052d27b-89ed-4a5b-ba30-7017bef17e4c@localhost,AlwaysDefect,D,0,10,0,6120
613,player_d068d95b-8434-40ed-91a3-cff0dca0856b@localhost,AlwaysCooperate,C,player_3052d27b-89ed-4a5b-ba30-7017bef17e4c@localhost,AlwaysDefect,D,0,10,0,6130
614,player_d068d95b-8434-40ed-91a3-cff0dca0856b@localhost,AlwaysCooperate,C,player_3052d27b-89ed-4a5b-ba30-7017bef17e4c@localhost,AlwaysDefect,D,0,10,0,6140
615,player_d068d95b-8434-40ed-91a3-cff0dca0856b@localhost,AlwaysCooperate,C,player_3052d27b-89ed-4a5b-ba30-7017bef17e4c@localhost,AlwaysDefect,D,0,10,0,6150
616,player_d068d95b-8434-40ed-91a3-cff0dca0856b@localhost,AlwaysCooperate,C,player_3052d27b-89ed-4a5b-ba30-7017bef17e4c@localhost,AlwaysDefect,D,0,10,0,6160
617,player_d068d95b-8434-40ed-91a3-cff0dca0856b@localhost,AlwaysCooperate,C,player_3052d27b-89ed-4a5b-ba30-7017bef17e4c@localhost,AlwaysDefect,D,0,10,0,6170
618,player_d068d95b-8434-40ed-91a3-cff0dca0856b@localhost,AlwaysCooperate,C,player_3052d27b-89ed-4a5b-ba30-7017bef17e4c@localhost,AlwaysDefect,D,0,10,0,6180
619,player_d068d95b-8434-40ed-91a3-cff0dca0856b@localhost,AlwaysCooperate,C,player_3052d27b-89ed-4a5b-ba30-7017bef17e4c@localhost,AlwaysDefect,D,0,10,0,6190
620,player_d068d95b-8434-40ed-91a3-cff0dca0856b@localhost,AlwaysCooperate,C,player_3052d27b-89ed-4a5b-ba30-7017bef17e4c@localhost,AlwaysDefect,D,0,10,0,6200
621,player_d068d95b-8434-40ed-91a3-cff0dca0856b@localhost,AlwaysCooperate,C,player_3052d27b-89ed-4a5b-ba30-7017bef17e4c@localhost,AlwaysDefect,D,0,10,0,6210
622,player_d068d95b-8434-40ed-91a3-cff0dca0856b@localhost,AlwaysCooperate,C,player_3052d27b-89ed-4a5b-ba30-7017bef17e4c@localhost,AlwaysDefect,D,0,10,0,6220
623,player_d068d95b-8434-40ed-91a3-cff0dca0856b@localhost,AlwaysCooperate,C,player_3052d27b-89ed-4a5b-ba30-7017bef17e4c@localhost,AlwaysDefect,D,0,10,0,6230
624,player_d068d95b-8434-40ed-91a3-cff0dca0856b@localhost,AlwaysCooperate,C,player_3052d27b-89ed-4a5b-ba30-7017bef17e4c@localhost,AlwaysDefect,D,0,10,0,6240
625,player_d068d95b-8434-40ed-91a3-cff0dca0856b@localhost,AlwaysCooperate,C,player_3052d27b-89ed-4a5b-ba30-7017bef17e4c@localhost,AlwaysDefect,D,0,10,0,6250
626,player_d068d95b-8434-40ed-91a3-cff0dca0856b@localhost,AlwaysCooperate,C,player_3052d27b-89ed-4a5b-ba30-7017bef17e4c@localhost,AlwaysDefect,D,0,10,0,6260
627,player_d068d95b-8434-40ed-91a3-cff0dca0856b@localhost,AlwaysCooperate,C,player_3052d27b-89ed-4a5b-ba30-7017bef17e4c@localhost,AlwaysDefect,D,0,10,0,6270
628,player_d068d95b-8434-40ed-91a3-cff0dca0856b@localhost,AlwaysCooperate,C,player_3052d27b-89ed-4a5b-ba30-7017bef17e4c@localhost,AlwaysDefect,D,0,10,0,6280
629,player_d068d95b-8434-40ed-91a3-cff0dca0856b@localhost,AlwaysCooperate,C,player_3052d27b-89ed-4a5b-ba30-7017bef17e4c@localhost,AlwaysDefect,D,0,10,0,6290
630,player_d068d95b-8434-40ed-91a3-cff0dca0856b@localhost,AlwaysCooperate,C,player_3052d27b-89ed-4a5b-ba30-7017bef17e4c@localhost,AlwaysDefect,D,0,10,0,6300
631,player_d068d95b-8434-40ed-91a3-cff0dca0856b@localhost,AlwaysCooperate,C,player_3052d27b-89ed-4a5b-ba30-7017bef17e4c@localhost,AlwaysDefect,D,0,10,0,6310
632,player_d068d95b-8434-40ed-91a3-cff0dca0856b@localhost,AlwaysCooperate,C,player_3052d27b-89ed-4a5b-ba30-7017bef17e4c@localhost,AlwaysDefect,D,0,10,0,6320
633,player_d068d95b-8434-40ed-91a3-cff0dca0856b@localhost,AlwaysCooperate,C,player_3052d27b-89ed-4a5b-ba30-7017bef17e4c@localhost,AlwaysDefect,D,0,10,0,6330
634,player_d068d95b-8434-40ed-91a3-cff0dca0856b@localhost,AlwaysCooperate,C,player_3052d27b-89ed-4a5b-ba30-7017bef17e4c@localhost,AlwaysDefect,D,0,10,0,6340
635,player_d068d95b-8434-40ed-91a3-cff0dca0856b@localhost,AlwaysCooperate,C,player_3052d27b-89ed-4a5b-ba30-7017bef17e4c@localhost,AlwaysDefect,D,0,10,0,6350
636,player_d068d95b-8434-40ed-91a3-cff0dca0856b@localhost,AlwaysCooperate,C,player_3052d27b-89ed-4a5b-ba30-7017bef17e4c@localhost,AlwaysDefect,D,0,10,0,6360
637,player_d068d95b-8434-40ed-91a3-cff0dca0856b@localhost,AlwaysCooperate,C,player_3052d27b-89ed-4a5b-ba30-7017bef17e4c@localhost,AlwaysDefect,D,0,10,0,6370
638,player_d068d95b-8434-40ed-91a3-cff0dca0856b@localhost,AlwaysCooperate,C,player_3052d27b-89ed-4a5b-ba30-7017bef17e4c@localhost,AlwaysDefect,D,0,10,0,6380
639,player_d068d95b-8434-40ed-91a3-cff0dca0856b@localhost,AlwaysCooperate,C,player_3052d27b-89ed-4a5b-ba30-7017bef17e4c@localhost,AlwaysDefect,D,0,10,0,6390
640,player_d068d95b-8434-40ed-91a3-cff0dca0856b@localhost,AlwaysCooperate,C,player_3052d27b-89ed-4a5b-ba30-7017bef17e4c@localhost,AlwaysDefect,D,0,10,0,6400
641,player_d068d95b-8434-40ed-91a3-cff0dca0856b@localhost,AlwaysCooperate,C,player_3052d27b-89ed-4a5b-ba30-7017bef17e4c@localhost,AlwaysDefect,D,0,10,0,6410
642,player_d068d95b-8434-40ed-91a3-cff0dca0856b@localhost,AlwaysCooperate,C,player_3052d27b-89ed-4a5b-ba30-7017bef17e4c@localhost,AlwaysDefect,D,0,10,0,6420
643,player_d068d95b-8434-40ed-91a3-cff0dca0856b@localhost,AlwaysCooperate,C,player_3052d27b-89ed-4a5b-ba30-7017bef17e4c@localhost,AlwaysDefect,D,0,10,0,6430
644,player_d068d95b-8434-40ed-91a3-cff0dca0856b@localhost,AlwaysCooperate,C,player_3052d27b-89ed-4a5b-ba30-7017bef17e4c@localhost,AlwaysDefect,D,0,10,0,6440
645,player_d068d95b-8434-40ed-91a3-cff0dca0856b@localhost,AlwaysCooperate,C,player_3052d27b-89ed-4a5b-ba30-7017bef17e4c@localhost,AlwaysDefect,D,0,10,0,6450
646,player_d068d95b-8434-40ed-91a3-cff0dca0856b@localhost,AlwaysCooperate,C,player_3052d27b-89ed-4a5b-ba30-7017bef17e4c@localhost,AlwaysDefect,D,0,10,0,6460
647,player_d068d95b-8434-40ed-91a3-cff0dca0856b@localhost,AlwaysCooperate,C,player_3052d27b-89ed-4a5b-ba30-7017bef17e4c@localhost,AlwaysDefect,D,0,10,0,6470
648,player_d068d95b-8434-40ed-91a3-cff0dca0856b@localhost,AlwaysCooperate,C,player_3052d27b-89ed-4a5b-ba30-7017bef17e4c@localhost,AlwaysDefect,D,0,10,0,6480
649,player_d068d95b-8434-40ed-91a3-cff0dca0856b@localhost,AlwaysCooperate,C,player_3052d27b-89ed-4a5b-ba30-7017bef17e4c@localhost,AlwaysDefect,D,0,10,0,6490
650,player_d068d95b-8434-40ed-91a3-cff0dca0856b@localhost,AlwaysCooperate,C,player_3052d27b-89ed-4a5b-ba30-7017bef17e4c@localhost,AlwaysDefect,D,0,10,0,6500
651,player_d068d95b-8434-40ed-91a3-cff0dca0856b@localhost,AlwaysCooperate,C,player_3052d27b-89ed-4a5b-ba30-7017bef17e4c@localhost,AlwaysDefect,D,0,10,0,6510
652,player_d068d95b-8434-40ed-91a3-cff0dca0856b@localhost,AlwaysCooperate,C,player_3052d27b-89ed-4a5b-ba30-7017bef17e4c@localhost,AlwaysDefect,D,0,10,0,6520
653,player_d068d95b-8434-40ed-91a3-cff0dca0856b@localhost,AlwaysCooperate,C,player_3052d27b-89ed-4a5b-ba30-7017bef17e4c@localhost,AlwaysDefect,D,0,10,0,6530
654,player_d068d95b-8434-40ed-91a3-cff0dca0856b@localhost,AlwaysCooperate,C,player_3052d27b-89ed-4a5b-ba30-7017bef17e4c@localhost,AlwaysDefect,D,0,10,0,6540
655,player_d068d95b-8434-40ed-91a3-cff0dca0856b@localhost,AlwaysCooperate,C,player_3052d27b-89ed-4a5b-ba30-7017bef17e4c@localhost,AlwaysDefect,D,0,10,0,6550
656,player_d068d95b-8434-40ed-91a3-cff0dca0856b@localhost,AlwaysCooperate,C,player_3052d27b-89ed-4a5b-ba30-7017bef17e4c@localhost,AlwaysDefect,D,0,10,0,6560
657,player_d068d95b-8434-40ed-91a3-cff0dca0856b@localhost,AlwaysCooperate,C,player_3052d27b-89ed-4a5b-ba30-7017bef17e4c@localhost,AlwaysDefect,D,0,10,0,6570
658,player_d068d95b-8434-40ed-91a3-cff0dca0856b@localhost,AlwaysCooperate,C,player_3052d27b-89ed-4a5b-ba30-7017bef17e4c@localhost,AlwaysDefect,D,0,10,0,6580
659,player_d068d95b-8434-40ed-91a3-cff0dca0856b@localhost,AlwaysCooperate,C,player_3052d27b-89ed-4a5b-ba30-7017bef17e4c@localhost,AlwaysDefect,D,0,10,0,6590
660,player_d068d95b-8434-40ed-91a3-cff0dca0856b@localhost,AlwaysCooperate,C,player_3052d27b-89ed-4a5b-ba30-7017bef17e4c@localhost,AlwaysDefect,D,0,10,0,6600
661,player_d068d95b-8434-40ed-91a3-cff0dca0856b@localhost,AlwaysCooperate,C,player_3052d27b-89ed-4a5b-ba30-7017bef17e4c@localhost,AlwaysDefect,D,0,10,0,6610
662,player_d068d95b-8434-40ed-91a3-cff0dca0856b@localhost,AlwaysCooperate,C,player_3052d27b-89ed-4a5b-ba30-7017bef17e4c@localhost,AlwaysDefect,D,0,10,0,6620
663,player_d068d95b-8434-40ed-91a3-cff0dca0856b@localhost,AlwaysCooperate,C,player_3052d27b-89ed-4a5b-ba30-7017bef17e4c@localhost,AlwaysDefect,D,0,10,0,6630
664,player_d068d95b-8434-40ed-91a3-cff0dca0856b@localhost,AlwaysCooperate,C,player_3052d27b-89ed-4a5b-ba30-7017bef17e4c@localhost,AlwaysDefect,D,0,10,0,6640
665,player_d068d95b-8434-40ed-91a3-cff0dca0856b@localhost,AlwaysCooperate,C,player_3052d27b-89ed-4a5b-ba30-7017bef17e4c@localhost,AlwaysDefect,D,0,10,0,6650
666,player_d068d95b-8434-40ed-91a3-cff0dca0856b@localhost,AlwaysCooperate,C,player_3052d27b-89ed-4a5b-ba30-7017bef17e4c@localhost,AlwaysDefect,D,0,10,0,6660
667,player_d068d95b-8434-40ed-91a3-cff0dca0856b@localhost,AlwaysCooperate,C,player_3052d27b-89ed-4a5b-ba30-7017bef17e4c@localhost,AlwaysDefect,D,0,10,0,6670
668,player_d068d95b-8434-40ed-91a3-cff0dca0856b@localhost,AlwaysCooperate,C,player_3052d27b-89ed-4a5b-ba30-7017bef17e4c@localhost,AlwaysDefect,D,0,10,0,6680
669,player_d068d95b-8434-40ed-91a3-cff0dca0856b@localhost,AlwaysCooperate,C,player_3052d27b-89ed-4a5b-ba30-7017bef17e4c@localhost,AlwaysDefect,D,0,10,0,6690
670,player_d068d95b-8434-40ed-91a3-cff0dca0856b@localhost,AlwaysCooperate,C,player_3052d27b-89ed-4a5b-ba30-7017bef17e4c@localhost,AlwaysDefect,D,0,10,0,6700
671,player_d068d95b-8434-40ed-91a3-cff0dca0856b@localhost,AlwaysCooperate,C,player_3052d27b-89ed-4a5b-ba30-7017bef17e4c@localhost,AlwaysDefect,D,0,10,0,6710
672,player_d068d95b-8434-40ed-91a3-cff0dca0856b@localhost,AlwaysCooperate,C,player_3052d27b-89ed-4a5b-ba30-7017bef17e4c@localhost,AlwaysDefect,D,0,10,0,6720
673,player_d068d95b-8434-40ed-91a3-cff0dca0856b@localhost,AlwaysCooperate,C,player_3052d27b-89ed-4a5b-ba30-7017bef17e4c@localhost,AlwaysDefect,D,0,10,0,6730
674,player_d068d95b-8434-40ed-91a3-cff0dca0856b@localhost,AlwaysCooperate,C,player_3052d27b-89ed-4a5b-ba30-7017bef17e4c@localhost,AlwaysDefect,D,0,10,0,6740
675,player_d068d95b-8434-40ed-91a3-cff0dca0856b@localhost,AlwaysCooperate,C,player_3052d27b-89ed-4a5b-ba30-7017bef17e4c@localhost,AlwaysDefect,D,0,10,0,6750
676,player_d068d95b-8434-40ed-91a3-cff0dca0856b@localhost,AlwaysCooperate,C,player_3052d27b-89ed-4a5b-ba30-7017bef17e4c@localhost,AlwaysDefect,D,0,10,0,6760
677,player_d068d95b-8434-40ed-91a3-cff0dca0856b@localhost,AlwaysCooperate,C,player_3052d27b-89ed-4a5b-ba30-7017bef17e4c@localhost,AlwaysDefect,D,0,10,0,6770
678,player_d068d95b-8434-40ed-91a3-cff0dca0856b@localhost,AlwaysCooperate,C,player_3052d27b-89ed-4a5b-ba30-7017bef17e4c@localhost,AlwaysDefect,D,0,10,0,6780
679,player_d068d95b-8434-40ed-91a3-cff0dca0856b@localhost,AlwaysCooperate,C,player_3052d27b-89ed-4a5b-ba30-7017bef17e4c@localhost,AlwaysDefect,D,0,10,0,6790
680,player_d068d95b-8434-40ed-91a3-cff0dca0856b@localhost,AlwaysCooperate,C,player_3052d27b-89ed-4a5b-ba30-7017bef17e4c@localhost,AlwaysDefect,D,0,10,0,6800
681,player_d068d95b-8434-40ed-91a3-cff0dca0856b@localhost,AlwaysCooperate,C,player_3052d27b-89ed-4a5b-ba30-7017bef17e4c@localhost,AlwaysDefect,D,0,10,0,6810
682,player_d068d95b-8434-40ed-91a3-cff0dca0856b@localhost,AlwaysCooperate,C,player_3052d27b-89ed-4a5b-ba30-7017bef17e4c@localhost,AlwaysDefect,D,0,10,0,6820
683,player_d068d95b-8434-40ed-91a3-cff0dca0856b@localhost,AlwaysCooperate,C,player_3052d27b-89ed-4a5b-ba30-7017bef17e4c@localhost,AlwaysDefect,D,0,10,0,6830
684,player_d068d95b-8434-40ed-91a3-cff0dca0856b@localhost,AlwaysCooperate,C,player_3052d27b-89ed-4a5b-ba30-7017bef17e4c@localhost,AlwaysDefect,D,0,10,0,6840
685,player_d068d95b-8434-40ed-91a3-cff0dca0856b@localhost,AlwaysCooperate,C,player_3052d27b-89ed-4a5b-ba30-7017bef17e4c@localhost,AlwaysDefect,D,0,10,0,6850
686,player_d068d95b-8434-40ed-91a3-cff0dca0856b@localhost,AlwaysCooperate,C,player_3052d27b-89ed-4a5b-ba30-7017bef17e4c@localhost,AlwaysDefect,D,0,10,0,6860
687,player_d068d95b-8434-40ed-91a3-cff0dca0856b@localhost,AlwaysCooperate,C,player_3052d27b-89ed-4a5b-ba30-7017bef17e4c@localhost,AlwaysDefect,D,0,10,0,6870
688,player_d068d95b-8434-40ed-91a3-cff0dca0856b@localhost,AlwaysCooperate,C,player_3052d27b-89ed-4a5b-ba30-7017bef17e4c@localhost,AlwaysDefect,D,0,10,0,6880
689,player_d068d95b-8434-40ed-91a3-cff0dca0856b@localhost,AlwaysCooperate,C,player_3052d27b-89ed-4a5b-ba30-7017bef17e4c@localhost,AlwaysDefect,D,0,10,0,6890
690,player_d068d95b-8434-40ed-91a3-cff0dca0856b@localhost,AlwaysCooperate,C,player_3052d27b-89ed-4a5b-ba30-7017bef17e4c@localhost,AlwaysDefect,D,0,10,0,6900
691,player_d068d95b-8434-40ed-91a3-cff0dca0856b@localhost,AlwaysCooperate,C,player_3052d27b-89ed-4a5b-ba30-7017bef17e4c@localhost,AlwaysDefect,D,0,10,0,6910
692,player_d068d95b-8434-40ed-91a3-cff0dca0856b@localhost,AlwaysCooperate,C,player_3052d27b-89ed-4a5b-ba30-7017bef17e4c@localhost,AlwaysDefect,D,0,10,0,6920
693,player_d068d95b-8434-40ed-91a3-cff0dca0856b@localhost,AlwaysCooperate,C,player_3052d27b-89ed-4a5b-ba30-7017bef17e4c@localhost,AlwaysDefect,D,0,10,0,6930
694,player_d068d95b-8434-40ed-91a3-cff0dca0856b@localhost,AlwaysCooperate,C,player_3052d27b-89ed-4a5b-ba30-7017bef17e4c@localhost,AlwaysDefect,D,0,10,0,6940
695,player_d068d95b-8434-40ed-91a3-cff0dca0856b@localhost,AlwaysCooperate,C,player_3052d27b-89ed-4a5b-ba30-7017bef17e4c@localhost,AlwaysDefect,D,0,10,0,6950
696,player_d068d95b-8434-40ed-91a3-cff0dca0856b@localhost,AlwaysCooperate,C,player_3052d27b-89ed-4a5b-ba30-7017bef17e4c@localhost,AlwaysDefect,D,0,10,0,6960
697,player_d068d95b-8434-40ed-91a3-cff0dca0856b@localhost,AlwaysCooperate,C,player_3052d27b-89ed-4a5b-ba30-7017bef17e4c@localhost,AlwaysDefect,D,0,10,0,6970
698,player_d068d95b-8434-40ed-91a3-cff0dca0856b@localhost,AlwaysCooperate,C,player_3052d27b-89ed-4a5b-ba30-7017bef17e4c@localhost,AlwaysDefect,D,0,10,0,6980
699,player_d068d95b-8434-40ed-91a3-cff0dca0856b@localhost,AlwaysCooperate,C,player_3052d27b-89ed-4a5b-ba30-7017bef17e4c@localhost,AlwaysDefect,D,0,10,0,6990
700,player_d068d95b-8434-40ed-91a3-cff0dca0856b@localhost,AlwaysCooperate,C,player_3052d27b-89ed-4a5b-ba30-7017bef17e4c@localhost,AlwaysDefect,D,0,10,0,7000
701,player_d068d95b-8434-40ed-91a3-cff0dca0856b@localhost,AlwaysCooperate,C,player_3052d27b-89ed-4a5b-ba30-7017bef17e4c@localhost,AlwaysDefect,D,0,10,0,7010
702,player_d068d95b-8434-40ed-91a3-cff0dca0856b@localhost,AlwaysCooperate,C,player_3052d27b-89ed-4a5b-ba30-7017bef17e4c@localhost,AlwaysDefect,D,0,10,0,7020
703,player_d068d95b-8434-40ed-91a3-cff0dca0856b@localhost,AlwaysCooperate,C,player_3052d27b-89ed-4a5b-ba30-7017bef17e4c@localhost,AlwaysDefect,D,0,10,0,7030
704,player_d068d95b-8434-40ed-91a3-cff0dca0856b@localhost,AlwaysCooperate,C,player_3052d27b-89ed-4a5b-ba30-7017bef17e4c@localhost,AlwaysDefect,D,0,10,0,7040
705,player_d068d95b-8434-40ed-91a3-cff0dca0856b@localhost,AlwaysCooperate,C,player_3052d27b-89ed-4a5b-ba30-7017bef17e4c@localhost,AlwaysDefect,D,0,10,0,7050
706,player_d068d95b-8434-40ed-91a3-cff0dca0856b@localhost,AlwaysCooperate,C,player_3052d27b-89ed-4a5b-ba30-7017bef17e4c@localhost,AlwaysDefect,D,0,10,0,7060
707,player_d068d95b-8434-40ed-91a3-cff0dca0856b@localhost,AlwaysCooperate,C,player_3052d27b-89ed-4a5b-ba30-7017bef17e4c@localhost,AlwaysDefect,D,0,10,0,7070
708,player_d068d95b-8434-40ed-91a3-cff0dca0856b@localhost,AlwaysCooperate,C,player_3052d27b-89ed-4a5b-ba30-7017bef17e4c@localhost,AlwaysDefect,D,0,10,0,7080
709,player_d068d95b-8434-40ed-91a3-cff0dca0856b@localhost,AlwaysCooperate,C,player_3052d27b-89ed-4a5b-ba30-7017bef17e4c@localhost,AlwaysDefect,D,0,10,0,7090
710,player_d068d95b-8434-40ed-91a3-cff0dca0856b@localhost,AlwaysCooperate,C,player_3052d27b-89ed-4a5b-ba30-7017bef17e4c@localhost,AlwaysDefect,D,0,10,0,7100
711,player_d068d95b-8434-40ed-91a3-cff0dca0856b@localhost,AlwaysCooperate,C,player_3052d27b-89ed-4a5b-ba30-7017bef17e4c@localhost,AlwaysDefect,D,0,10,0,7110
712,player_d068d95b-8434-40ed-91a3-cff0dca0856b@localhost,AlwaysCooperate,C,player_3052d27b-89ed-4a5b-ba30-7017bef17e4c@localhost,AlwaysDefect,D,0,10,0,7120
713,player_d068d95b-8434-40ed-91a3-cff0dca0856b@localhost,AlwaysCooperate,C,player_3052d27b-89ed-4a5b-ba30-7017bef17e4c@localhost,AlwaysDefect,D,0,10,0,7130
714,player_d068d95b-8434-40ed-91a3-cff0dca0856b@localhost,AlwaysCooperate,C,player_3052d27b-89ed-4a5b-ba30-7017bef17e4c@localhost,AlwaysDefect,D,0,10,0,7140
715,player_d068d95b-8434-40ed-91a3-cff0dca0856b@localhost,AlwaysCooperate,C,player_3052d27b-89ed-4a5b-ba30-7017bef17e4c@localhost,AlwaysDefect,D,0,10,0,7150
716,player_d068d95b-8434-40ed-91a3-cff0dca0856b@localhost,AlwaysCooperate,C,player_3052d27b-89ed-4a5b-ba30-7017bef17e4c@localhost,AlwaysDefect,D,0,10,0,7160
717,player_d068d95b-8434-40ed-91a3-cff0dca0856b@localhost,AlwaysCooperate,C,player_3052d27b-89ed-4a5b-ba30-7017bef17e4c@localhost,AlwaysDefect,D,0,10,0,7170
718,player_d068d95b-8434-40ed-91a3-cff0dca0856b@localhost,AlwaysCooperate,C,player_3052d27b-89ed-4a5b-ba30-7017bef17e4c@localhost,AlwaysDefect,D,0,10,0,7180
719,player_d068d95b-8434-40ed-91a3-cff0dca0856b@localhost,AlwaysCooperate,C,player_3052d27b-89ed-4a5b-ba30-7017bef17e4c@localhost,AlwaysDefect,D,0,10,0,7190
720,player_d068d95b-8434-40ed-91a3-cff0dca0856b@localhost,AlwaysCooperate,C,player_3052d27b-89ed-4a5b-ba30-7017bef17e4c@localhost,AlwaysDefect,D,0,10,0,7200
721,player_d068d95b-8434-40ed-91a3-cff0dca0856b@localhost,AlwaysCooperate,C,player_3052d27b-89ed-4a5b-ba30-7017bef17e4c@localhost,AlwaysDefect,D,0,10,0,7210
722,player_d068d95b-8434-40ed-91a3-cff0dca0856b@localhost,AlwaysCooperate,C,player_3052d27b-89ed-4a5b-ba30-7017bef17e4c@localhost,AlwaysDefect,D,0,10,0,7220
723,player_d068d95b-8434-40ed-91a3-cff0dca0856b@localhost,AlwaysCooperate,C,player_3052d27b-89ed-4a5b-ba30-7017bef17e4c@localhost,AlwaysDefect,D,0,10,0,7230
724,player_d068d95b-8434-40ed-91a3-cff0dca0856b@localhost,AlwaysCooperate,C,player_3052d27b-89ed-4a5b-ba30-7017bef17e4c@localhost,AlwaysDefect,D,0,10,0,7240
725,player_d068d95b-8434-40ed-91a3-cff0dca0856b@localhost,AlwaysCooperate,C,player_3052d27b-89ed-4a5b-ba30-7017bef17e4c@localhost,AlwaysDefect,D,0,10,0,7250
726,player_d068d95b-8434-40ed-91a3-cff0dca0856b@localhost,AlwaysCooperate,C,player_3052d27b-89ed-4a5b-ba30-7017bef17e4c@localhost,AlwaysDefect,D,0,10,0,7260
727,player_d068d95b-8434-40ed-91a3-cff0dca0856b@localhost,AlwaysCooperate,C,player_3052d27b-89ed-4a5b-ba30-7017bef17e4c@localhost,AlwaysDefect,D,0,10,0,7270
728,player_d068d95b-8434-40ed-91a3-cff0dca0856b@localhost,AlwaysCooperate,C,player_3052d27b-89ed-4a5b-ba30-7017bef17e4c@localhost,AlwaysDefect,D,0,10,0,7280
729,player_d068d95b-8434-40ed-91a3-cff0dca0856b@localhost,AlwaysCooperate,C,player_3052d27b-89ed-4a5b-ba30-7017bef17e4c@localhost,AlwaysDefect,D,0,10,0,7290
730,player_d068d95b-8434-40ed-91a3-cff0dca0856b@localhost,AlwaysCooperate,C,player_3052d27b-89ed-4a5b-ba30-7017bef17e4c@localhost,AlwaysDefect,D,0,10,0,7300
731,player_d068d95b-8434-40ed-91a3-cff0dca0856b@localhost,AlwaysCooperate,C,player_3052d27b-89ed-4a5b-ba30-7017bef17e4c@localhost,AlwaysDefect,D,0,10,0,7310
732,player_d068d95b-8434-40ed-91a3-cff0dca0856b@localhost,AlwaysCooperate,C,player_3052d27b-89ed-4a5b-ba30-7017bef17e4c@localhost,AlwaysDefect,D,0,10,0,7320
733,player_d068d95b-8434-40ed-91a3-cff0dca0856b@localhost,AlwaysCooperate,C,player_3052d27b-89ed-4a5b-ba30-7017bef17e4c@localhost,AlwaysDefect,D,0,10,0,7330
734,player_d068d95b-8434-40ed-91a3-cff0dca0856b@localhost,AlwaysCooperate,C,player_3052d27b-89ed-4a5b-ba30-7017bef17e4c@localhost,AlwaysDefect,D,0,10,0,7340
735,player_d068d95b-8434-40ed-91a3-cff0dca0856b@localhost,AlwaysCooperate,C,player_3052d27b-89ed-4a5b-ba30-7017bef17e4c@localhost,AlwaysDefect,D,0,10,0,7350
736,player_d068d95b-8434-40ed-91a3-cff0dca0856b@localhost,AlwaysCooperate,C,player_3052d27b-89ed-4a5b-ba30-7017bef17e4c@localhost,AlwaysDefect,D,0,10,0,7360
737,player_d068d95b-8434-40ed-91a3-cff0dca0856b@localhost,AlwaysCooperate,C,player_3052d27b-89ed-4a5b-ba30-7017bef17e4c@localhost,AlwaysDefect,D,0,10,0,7370
738,player_d068d95b-8434-40ed-91a3-cff0dca0856b@localhost,AlwaysCooperate,C,player_3052d27b-89ed-4a5b-ba30-7017bef17e4c@localhost,AlwaysDefect,D,0,10,0,7380
739,player_d068d95b-8434-40ed-91a3-cff0dca0856b@localhost,AlwaysCooperate,C,player_3052d27b-89ed-4a5b-ba30-7017bef17e4c@localhost,AlwaysDefect,D,0,10,0,7390
740,player_d068d95b-8434-40ed-91a3-cff0dca0856b@localhost,AlwaysCooperate,C,player_3052d27b-89ed-4a5b-ba30-7017bef17e4c@localhost,AlwaysDefect,D,0,10,0,7400
741,player_d068d95b-8434-40ed-91a3-cff0dca0856b@localhost,AlwaysCooperate,C,player_3052d27b-89ed-4a5b-ba30-7017bef17e4c@localhost,AlwaysDefect,D,0,10,0,7410
742,player_d068d95b-8434-40ed-91a3-cff0dca0856b@localhost,AlwaysCooperate,C,player_3052d27b-89ed-4a5b-ba30-7017bef17e4c@localhost,AlwaysDefect,D,0,10,0,7420
743,player_d068d95b-8434-40ed-91a3-cff0dca0856b@localhost,AlwaysCooperate,C,player_3052d27b-89ed-4a5b-ba30-7017bef17e4c@localhost,AlwaysDefect,D,0,10,0,7430
744,player_d068d95b-8434-40ed-91a3-cff0dca0856b@localhost,AlwaysCooperate,C,player_3052d27b-89ed-4a5b-ba30-7017bef17e4c@localhost,AlwaysDefect,D,0,10,0,7440
745,player_d068d95b-8434-40ed-91a3-cff0dca0856b@localhost,AlwaysCooperate,C,player_3052d27b-89ed-4a5b-ba30-7017bef17e4c@localhost,AlwaysDefect,D,0,10,0,7450
746,player_d068d95b-8434-40ed-91a3-cff0dca0856b@localhost,AlwaysCooperate,C,player_3052d27b-89ed-4a5b-ba30-7017bef17e4c@localhost,AlwaysDefect,D,0,10,0,7460
747,player_d068d95b-8434-40ed-91a3-cff0dca0856b@localhost,AlwaysCooperate,C,player_3052d27b-89ed-4a5b-ba30-7017bef17e4c@localhost,AlwaysDefect,D,0,10,0,7470
748,player_d068d95b-8434-40ed-91a3-cff0dca0856b@localhost,AlwaysCooperate,C,player_3052d27b-89ed-4a5b-ba30-7017bef17e4c@localhost,AlwaysDefect,D,0,10,0,7480
749,player_d068d95b-8434-40ed-91a3-cff0dca0856b@localhost,AlwaysCooperate,C,player_3052d27b-89ed-4a5b-ba30-7017bef17e4c@localhost,AlwaysDefect,D,0,10,0,7490
750,player_d068d95b-8434-40ed-91a3-cff0dca0856b@localhost,AlwaysCooperate,C,player_3052d27b-89ed-4a5b-ba30-7017bef17e4c@localhost,AlwaysDefect,D,0,10,0,7500
751,player_d068d95b-8434-40ed-91a3-cff0dca0856b@localhost,AlwaysCooperate,C,player_3052d27b-89ed-4a5b-ba30-7017bef17e4c@localhost,AlwaysDefect,D,0,10,0,7510
752,player_d068d95b-8434-40ed-91a3-cff0dca0856b@localhost,AlwaysCooperate,C,player_3052d27b-89ed-4a5b-ba30-7017bef17e4c@localhost,AlwaysDefect,D,0,10,0,7520
753,player_d068d95b-8434-40ed-91a3-cff0dca0856b@localhost,AlwaysCooperate,C,player_3052d27b-89ed-4a5b-ba30-7017bef17e4c@localhost,AlwaysDefect,D,0,10,0,7530
754,player_d068d95b-8434-40ed-91a3-cff0dca0856b@localhost,AlwaysCooperate,C,player_3052d27b-89ed-4a5b-ba30-7017bef17e4c@localhost,AlwaysDefect,D,0,10,0,7540
755,player_d068d95b-8434-40ed-91a3-cff0dca0856b@localhost,AlwaysCooperate,C,player_3052d27b-89ed-4a5b-ba30-7017bef17e4c@localhost,AlwaysDefect,D,0,10,0,7550
756,player_d068d95b-8434-40ed-91a3-cff0dca0856b@localhost,AlwaysCooperate,C,player_3052d27b-89ed-4a5b-ba30-7017bef17e4c@localhost,AlwaysDefect,D,0,10,0,7560
757,player_d068d95b-8434-40ed-91a3-cff0dca0856b@localhost,AlwaysCooperate,C,player_3052d27b-89ed-4a5b-ba30-7017bef17e4c@localhost,AlwaysDefect,D,0,10,0,7570
758,player_d068d95b-8434-40ed-91a3-cff0dca0856b@localhost,AlwaysCooperate,C,player_3052d27b-89ed-4a5b-ba30-7017bef17e4c@localhost,AlwaysDefect,D,0,10,0,7580
759,player_d068d95b-8434-40ed-91a3-cff0dca0856b@localhost,AlwaysCooperate,C,player_3052d27b-89ed-4a5b-ba30-7017bef17e4c@localhost,AlwaysDefect,D,0,10,0,7590
760,player_d068d95b-8434-40ed-91a3-cff0dca0856b@localhost,AlwaysCooperate,C,player_3052d27b-89ed-4a5b-ba30-7017bef17e4c@localhost,AlwaysDefect,D,0,10,0,7600
761,player_d068d95b-8434-40ed-91a3-cff0dca0856b@localhost,AlwaysCooperate,C,player_3052d27b-89ed-4a5b-ba30-7017bef17e4c@localhost,AlwaysDefect,D,0,10,0,7610
762,player_d068d95b-8434-40ed-91a3-cff0dca0856b@localhost,AlwaysCooperate,C,player_3052d27b-89ed-4a5b-ba30-7017bef17e4c@localhost,AlwaysDefect,D,0,10,0,7620
763,player_d068d95b-8434-40ed-91a3-cff0dca0856b@localhost,AlwaysCooperate,C,player_3052d27b-89ed-4a5b-ba30-7017bef17e4c@localhost,AlwaysDefect,D,0,10,0,7630
764,player_d068d95b-8434-40ed-91a3-cff0dca0856b@localhost,AlwaysCooperate,C,player_3052d27b-89ed-4a5b-ba30-7017bef17e4c@localhost,AlwaysDefect,D,0,10,0,7640
765,player_d068d95b-8434-40ed-91a3-cff0dca0856b@localhost,AlwaysCooperate,C,player_3052d27b-89ed-4a5b-ba30-7017bef17e4c@localhost,AlwaysDefect,D,0,10,0,7650
766,player_d068d95b-8434-40ed-91a3-cff0dca0856b@localhost,AlwaysCooperate,C,player_3052d27b-89ed-4a5b-ba30-7017bef17e4c@localhost,AlwaysDefect,D,0,10,0,7660
767,player_d068d95b-8434-40ed-91a3-cff0dca0856b@localhost,AlwaysCooperate,C,player_3052d27b-89ed-4a5b-ba30-7017bef17e4c@localhost,AlwaysDefect,D,0,10,0,7670
768,player_d068d95b-8434-40ed-91a3-cff0dca0856b@localhost,AlwaysCooperate,C,player_3052d27b-89ed-4a5b-ba30-7017bef17e4c@localhost,AlwaysDefect,D,0,10,0,7680
769,player_d068d95b-8434-40ed-91a3-cff0dca0856b@localhost,AlwaysCooperate,C,player_3052d27b-89ed-4a5b-ba30-7017bef17e4c@localhost,AlwaysDefect,D,0,10,0,7690
770,player_d068d95b-8434-40ed-91a3-cff0dca0856b@localhost,AlwaysCooperate,C,player_3052d27b-89ed-4a5b-ba30-7017bef17e4c@localhost,AlwaysDefect,D,0,10,0,7700
771,player_d068d95b-8434-40ed-91a3-cff0dca0856b@localhost,AlwaysCooperate,C,player_3052d27b-89ed-4a5b-ba30-7017bef17e4c@localhost,AlwaysDefect,D,0,10,0,7710
772,player_d068d95b-8434-40ed-91a3-cff0dca0856b@localhost,AlwaysCooperate,C,player_3052d27b-89ed-4a5b-ba30-7017bef17e4c@localhost,AlwaysDefect,D,0,10,0,7720
773,player_d068d95b-8434-40ed-91a3-cff0dca0856b@localhost,AlwaysCooperate,C,player_3052d27b-89ed-4a5b-ba30-7017bef17e4c@localhost,AlwaysDefect,D,0,10,0,7730
774,player_d068d95b-8434-40ed-91a3-cff0dca0856b@localhost,AlwaysCooperate,C,player_3052d27b-89ed-4a5b-ba30-7017bef17e4c@localhost,AlwaysDefect,D,0,10,0,7740
775,player_d068d95b-8434-40ed-91a3-cff0dca0856b@localhost,AlwaysCooperate,C,player_3052d27b-89ed-4a5b-ba30-7017bef17e4c@localhost,AlwaysDefect,D,0,10,0,7750
776,player_d068d95b-8434-40ed-91a3-cff0dca0856b@localhost,AlwaysCooperate,C,player_3052d27b-89ed-4a5b-ba30-7017bef17e4c@localhost,AlwaysDefect,D,0,10,0,7760
777,player_d068d95b-8434-40ed-91a3-cff0dca0856b@localhost,AlwaysCooperate,C,player_3052d27b-89ed-4a5b-ba30-7017bef17e4c@localhost,AlwaysDefect,D,0,10,0,7770
778,player_d068d95b-8434-40ed-91a3-cff0dca0856b@localhost,AlwaysCooperate,C,player_3052d27b-89ed-4a5b-ba30-7017bef17e4c@localhost,AlwaysDefect,D,0,10,0,7780
779,player_d068d95b-8434-40ed-91a3-cff0dca0856b@localhost,AlwaysCooperate,C,player_3052d27b-89ed-4a5b-ba30-7017bef17e4c@localhost,AlwaysDefect,D,0,10,0,7790
780,player_d068d95b-8434-40ed-91a3-cff0dca0856b@localhost,AlwaysCooperate,C,player_3052d27b-89ed-4a5b-ba30-7017bef17e4c@localhost,AlwaysDefect,D,0,10,0,7800
781,player_d068d95b-8434-40ed-91a3-cff0dca0856b@localhost,AlwaysCooperate,C,player_3052d27b-89ed-4a5b-ba30-7017bef17e4c@localhost,AlwaysDefect,D,0,10,0,7810
782,player_d068d95b-8434-40ed-91a3-cff0dca0856b@localhost,AlwaysCooperate,C,player_3052d27b-89ed-4a5b-ba30-7017bef17e4c@localhost,AlwaysDefect,D,0,10,0,7820
783,player_d068d95b-8434-40ed-91a3-cff0dca0856b@localhost,AlwaysCooperate,C,player_3052d27b-89ed-4a5b-ba30-7017bef17e4c@localhost,AlwaysDefect,D,0,10,0,7830
784,player_d068d95b-8434-40ed-91a3-cff0dca0856b@localhost,AlwaysCooperate,C,player_3052d27b-89ed-4a5b-ba30-7017bef17e4c@localhost,AlwaysDefect,D,0,10,0,7840
785,player_d068d95b-8434-40ed-91a3-cff0dca0856b@localhost,AlwaysCooperate,C,player_3052d27b-89ed-4a5b-ba30-7017bef17e4c@localhost,AlwaysDefect,D,0,10,0,7850
786,player_d068d95b-8434-40ed-91a3-cff0dca0856b@localhost,AlwaysCooperate,C,player_3052d27b-89ed-4a5b-ba30-7017bef17e4c@localhost,AlwaysDefect,D,0,10,0,7860
787,player_d068d95b-8434-40ed-91a3-cff0dca0856b@localhost,AlwaysCooperate,C,player_3052d27b-89ed-4a5b-ba30-7017bef17e4c@localhost,AlwaysDefect,D,0,10,0,7870
788,player_d068d95b-8434-40ed-91a3-cff0dca0856b@localhost,AlwaysCooperate,C,player_3052d27b-89ed-4a5b-ba30-7017bef17e4c@localhost,AlwaysDefect,D,0,10,0,7880
789,player_d068d95b-8434-40ed-91a3-cff0dca0856b@localhost,AlwaysCooperate,C,player_3052d27b-89ed-4a5b-ba30-7017bef17e4c@localhost,AlwaysDefect,D,0,10,0,7890
790,player_d068d95b-8434-40ed-91a3-cff0dca0856b@localhost,AlwaysCooperate,C,player_3052d27b-89ed-4a5b-ba30-7017bef17e4c@localhost,AlwaysDefect,D,0,10,0,7900
791,player_d068d95b-8434-40ed-91a3-cff0dca0856b@localhost,AlwaysCooperate,C,player_3052d27b-89ed-4a5b-ba30-7017bef17e4c@localhost,AlwaysDefect,D,0,10,0,7910
792,player_d068d95b-8434-40ed-91a3-cff0dca0856b@localhost,AlwaysCooperate,C,player_3052d27b-89ed-4a5b-ba30-7017bef17e4c@localhost,AlwaysDefect,D,0,10,0,7920
793,player_d068d95b-8434-40ed-91a3-cff0dca0856b@localhost,AlwaysCooperate,C,player_3052d27b-89ed-4a5b-ba30-7017bef17e4c@localhost,AlwaysDefect,D,0,10,0,7930
794,player_d068d95b-8434-40ed-91a3-cff0dca0856b@localhost,AlwaysCooperate,C,player_3052d27b-89ed-4a5b-ba30-7017bef17e4c@localhost,AlwaysDefect,D,0,10,0,7940
795,player_d068d95b-8434-40ed-91a3-cff0dca0856b@localhost,AlwaysCooperate,C,player_3052d27b-89ed-4a5b-ba30-7017bef17e4c@localhost,AlwaysDefect,D,0,10,0,7950
796,player_d068d95b-8434-40ed-91a3-cff0dca0856b@localhost,AlwaysCooperate,C,player_3052d27b-89ed-4a5b-ba30-7017bef17e4c@localhost,AlwaysDefect,D,0,10,0,7960
797,player_d068d95b-8434-40ed-91a3-cff0dca0856b@localhost,AlwaysCooperate,C,player_3052d27b-89ed-4a5b-ba30-7017bef17e4c@localhost,AlwaysDefect,D,0,10,0,7970
798,player_d068d95b-8434-40ed-91a3-cff0dca0856b@localhost,AlwaysCooperate,C,player_3052d27b-89ed-4a5b-ba30-7017bef17e4c@localhost,AlwaysDefect,D,0,10,0,7980
799,player_d068d95b-8434-40ed-91a3-cff0dca0856b@localhost,AlwaysCooperate,C,player_3052d27b-89ed-4a5b-ba30-7017bef17e4c@localhost,AlwaysDefect,D,0,10,0,7990
800,player_d068d95b-8434-40ed-91a3-cff0dca0856b@localhost,AlwaysCooperate,C,player_3052d27b-89ed-4a5b-ba30-7017bef17e4c@localhost,AlwaysDefect,D,0,10,0,8000
801,player_d068d95b-8434-40ed-91a3-cff0dca0856b@localhost,AlwaysCooperate,C,player_3052d27b-89ed-4a5b-ba30-7017bef17e4c@localhost,AlwaysDefect,D,0,10,0,8010
802,player_d068d95b-8434-40ed-91a3-cff0dca0856b@localhost,AlwaysCooperate,C,player_3052d27b-89ed-4a5b-ba30-7017bef17e4c@localhost,AlwaysDefect,D,0,10,0,8020
803,player_d068d95b-8434-40ed-91a3-cff0dca0856b@localhost,AlwaysCooperate,C,player_3052d27b-89ed-4a5b-ba30-7017bef17e4c@localhost,AlwaysDefect,D,0,10,0,8030
804,player_d068d95b-8434-40ed-91a3-cff0dca0856b@localhost,AlwaysCooperate,C,player_3052d27b-89ed-4a5b-ba30-7017bef17e4c@localhost,AlwaysDefect,D,0,10,0,8040
805,player_d068d95b-8434-40ed-91a3-cff0dca0856b@localhost,AlwaysCooperate,C,player_3052d27b-89ed-4a5b-ba30-7017bef17e4c@localhost,AlwaysDefect,D,0,10,0,8050
806,player_d068d95b-8434-40ed-91a3-cff0dca0856b@localhost,AlwaysCooperate,C,player_3052d27b-89ed-4a5b-ba30-7017bef17e4c@localhost,AlwaysDefect,D,0,10,0,8060
807,player_d068d95b-8434-40ed-91a3-cff0dca0856b@localhost,AlwaysCooperate,C,player_3052d27b-89ed-4a5b-ba30-7017bef17e4c@localhost,AlwaysDefect,D,0,10,0,8070
808,player_d068d95b-8434-40ed-91a3-cff0dca0856b@localhost,AlwaysCooperate,C,player_3052d27b-89ed-4a5b-ba30-7017bef17e4c@localhost,AlwaysDefect,D,0,10,0,8080
809,player_d068d95b-8434-40ed-91a3-cff0dca0856b@localhost,AlwaysCooperate,C,player_3052d27b-89ed-4a5b-ba30-7017bef17e4c@localhost,AlwaysDefect,D,0,10,0,8090
810,player_d068d95b-8434-40ed-91a3-cff0dca0856b@localhost,AlwaysCooperate,C,player_3052d27b-89ed-4a5b-ba30-7017bef17e4c@localhost,AlwaysDefect,D,0,10,0,8100
811,player_d068d95b-8434-40ed-91a3-cff0dca0856b@localhost,AlwaysCooperate,C,player_3052d27b-89ed-4a5b-ba30-7017bef17e4c@localhost,AlwaysDefect,D,0,10,0,8110
812,player_d068d95b-8434-40ed-91a3-cff0dca0856b@localhost,AlwaysCooperate,C,player_3052d27b-89ed-4a5b-ba30-7017bef17e4c@localhost,AlwaysDefect,D,0,10,0,8120
813,player_d068d95b-8434-40ed-91a3-cff0dca0856b@localhost,AlwaysCooperate,C,player_3052d27b-89ed-4a5b-ba30-7017bef17e4c@localhost,AlwaysDefect,D,0,10,0,8130
814,player_d068d95b-8434-40ed-91a3-cff0dca0856b@localhost,AlwaysCooperate,C,player_3052d27b-89ed-4a5b-ba30-7017bef17e4c@localhost,AlwaysDefect,D,0,10,0,8140
815,player_d068d95b-8434-40ed-91a3-cff0dca0856b@localhost,AlwaysCooperate,C,player_3052d27b-89ed-4a5b-ba30-7017bef17e4c@localhost,AlwaysDefect,D,0,10,0,8150
816,player_d068d95b-8434-40ed-91a3-cff0dca0856b@localhost,AlwaysCooperate,C,player_3052d27b-89ed-4a5b-ba30-7017bef17e4c@localhost,AlwaysDefect,D,0,10,0,8160
817,player_d068d95b-8434-40ed-91a3-cff0dca0856b@localhost,AlwaysCooperate,C,player_3052d27b-89ed-4a5b-ba30-7017bef17e4c@localhost,AlwaysDefect,D,0,10,0,8170
818,player_d068d95b-8434-40ed-91a3-cff0dca0856b@localhost,AlwaysCooperate,C,player_3052d27b-89ed-4a5b-ba30-7017bef17e4c@localhost,AlwaysDefect,D,0,10,0,8180
819,player_d068d95b-8434-40ed-91a3-cff0dca0856b@localhost,AlwaysCooperate,C,player_3052d27b-89ed-4a5b-ba30-7017bef17e4c@localhost,AlwaysDefect,D,0,10,0,8190
820,player_d068d95b-8434-40ed-91a3-cff0dca0856b@localhost,AlwaysCooperate,C,player_3052d27b-89ed-4a5b-ba30-7017bef17e4c@localhost,AlwaysDefect,D,0,10,0,8200
821,player_d068d95b-8434-40ed-91a3-cff0dca0856b@localhost,AlwaysCooperate,C,player_3052d27b-89ed-4a5b-ba30-7017bef17e4c@localhost,AlwaysDefect,D,0,10,0,8210
822,player_d068d95b-8434-40ed-91a3-cff0dca0856b@localhost,AlwaysCooperate,C,player_3052d27b-89ed-4a5b-ba30-7017bef17e4c@localhost,AlwaysDefect,D,0,10,0,8220
823,player_d068d95b-8434-40ed-91a3-cff0dca0856b@localhost,AlwaysCooperate,C,player_3052d27b-89ed-4a5b-ba30-7017bef17e4c@localhost,AlwaysDefect,D,0,10,0,8230
824,player_d068d95b-8434-40ed-91a3-cff0dca0856b@localhost,AlwaysCooperate,C,player_3052d27b-89ed-4a5b-ba30-7017bef17e4c@localhost,AlwaysDefect,D,0,10,0,8240
825,player_d068d95b-8434-40ed-91a3-cff0dca0856b@localhost,AlwaysCooperate,C,player_3052d27b-89ed-4a5b-ba30-7017bef17e4c@localhost,AlwaysDefect,D,0,10,0,8250
826,player_d068d95b-8434-40ed-91a3-cff0dca0856b@localhost,AlwaysCooperate,C,player_3052d27b-89ed-4a5b-ba30-7017bef17e4c@localhost,AlwaysDefect,D,0,10,0,8260
827,player_d068d95b-8434-40ed-91a3-cff0dca0856b@localhost,AlwaysCooperate,C,player_3052d27b-89ed-4a5b-ba30-7017bef17e4c@localhost,AlwaysDefect,D,0,10,0,8270
828,player_d068d95b-8434-40ed-91a3-cff0dca0856b@localhost,AlwaysCooperate,C,player_3052d27b-89ed-4a5b-ba30-7017bef17e4c@localhost,AlwaysDefect,D,0,10,0,8280
829,player_d068d95b-8434-40ed-91a3-cff0dca0856b@localhost,AlwaysCooperate,C,player_3052d27b-89ed-4a5b-ba30-7017bef17e4c@localhost,AlwaysDefect,D,0,10,0,8290
830,player_d068d95b-8434-40ed-91a3-cff0dca0856b@localhost,AlwaysCooperate,C,player_3052d27b-89ed-4a5b-ba30-7017bef17e4c@localhost,AlwaysDefect,D,0,10,0,8300
831,player_d068d95b-8434-40ed-91a3-cff0dca0856b@localhost,AlwaysCooperate,C,player_3052d27b-89ed-4a5b-ba30-7017bef17e4c@localhost,AlwaysDefect,D,0,10,0,8310
832,player_d068d95b-8434-40ed-91a3-cff0dca0856b@localhost,AlwaysCooperate,C,player_3052d27b-89ed-4a5b-ba30-7017bef17e4c@localhost,AlwaysDefect,D,0,10,0,8320
833,player_d068d95b-8434-40ed-91a3-cff0dca0856b@localhost,AlwaysCooperate,C,player_3052d27b-89ed-4a5b-ba30-7017bef17e4c@localhost,AlwaysDefect,D,0,10,0,8330
834,player_d068d95b-8434-40ed-91a3-cff0dca0856b@localhost,AlwaysCooperate,C,player_3052d27b-89ed-4a5b-ba30-7017bef17e4c@localhost,AlwaysDefect,D,0,10,0,8340
835,player_d068d95b-8434-40ed-91a3-cff0dca0856b@localhost,AlwaysCooperate,C,player_3052d27b-89ed-4a5b-ba30-7017bef17e4c@localhost,AlwaysDefect,D,0,10,0,8350
836,player_d068d95b-8434-40ed-91a3-cff0dca0856b@localhost,AlwaysCooperate,C,player_3052d27b-89ed-4a5b-ba30-7017bef17e4c@localhost,AlwaysDefect,D,0,10,0,8360
837,player_d068d95b-8434-40ed-91a3-cff0dca0856b@localhost,AlwaysCooperate,C,player_3052d27b-89ed-4a5b-ba30-7017bef17e4c@localhost,AlwaysDefect,D,0,10,0,8370
838,player_d068d95b-8434-40ed-91a3-cff0dca0856b@localhost,AlwaysCooperate,C,player_3052d27b-89ed-4a5b-ba30-7017bef17e4c@localhost,AlwaysDefect,D,0,10,0,8380
839,player_d068d95b-8434-40ed-91a3-cff0dca0856b@localhost,AlwaysCooperate,C,player_3052d27b-89ed-4a5b-ba30-7017bef17e4c@localhost,AlwaysDefect,D,0,10,0,8390
840,player_d068d95b-8434-40ed-91a3-cff0dca0856b@localhost,AlwaysCooperate,C,player_3052d27b-89ed-4a5b-ba30-7017bef17e4c@localhost,AlwaysDefect,D,0,10,0,8400
841,player_d068d95b-8434-40ed-91a3-cff0dca0856b@localhost,AlwaysCooperate,C,player_3052d27b-89ed-4a5b-ba30-7017bef17e4c@localhost,AlwaysDefect,D,0,10,0,8410
842,player_d068d95b-8434-40ed-91a3-cff0dca0856b@localhost,AlwaysCooperate,C,player_3052d27b-89ed-4a5b-ba30-7017bef17e4c@localhost,AlwaysDefect,D,0,10,0,8420
843,player_d068d95b-8434-40ed-91a3-cff0dca0856b@localhost,AlwaysCooperate,C,player_3052d27b-89ed-4a5b-ba30-7017bef17e4c@localhost,AlwaysDefect,D,0,10,0,8430
844,player_d068d95b-8434-40ed-91a3-cff0dca0856b@localhost,AlwaysCooperate,C,player_3052d27b-89ed-4a5b-ba30-7017bef17e4c@localhost,AlwaysDefect,D,0,10,0,8440
845,player_d068d95b-8434-40ed-91a3-cff0dca0856b@localhost,AlwaysCooperate,C,player_3052d27b-89ed-4a5b-ba30-7017bef17e4c@localhost,AlwaysDefect,D,0,10,0,8450
846,player_d068d95b-8434-40ed-91a3-cff0dca0856b@localhost,AlwaysCooperate,C,player_3052d27b-89ed-4a5b-ba30-7017bef17e4c@localhost,AlwaysDefect,D,0,10,0,8460
847,player_d068d95b-8434-40ed-91a3-cff0dca0856b@localhost,AlwaysCooperate,C,player_3052d27b-89ed-4a5b-ba30-7017bef17e4c@localhost,AlwaysDefect,D,0,10,0,8470
848,player_d068d95b-8434-40ed-91a3-cff0dca0856b@localhost,AlwaysCooperate,C,player_3052d27b-89ed-4a5b-ba30-7017bef17e4c@localhost,AlwaysDefect,D,0,10,0,8480
849,player_d068d95b-8434-40ed-91a3-cff0dca0856b@localhost,AlwaysCooperate,C,player_3052d27b-89ed-4a5b-ba30-7017bef17e4c@localhost,AlwaysDefect,D,0,10,0,8490
850,player_d068d95b-8434-40ed-91a3-cff0dca0856b@localhost,AlwaysCooperate,C,player_3052d27b-89ed-4a5b-ba30-7017bef17e4c@localhost,AlwaysDefect,D,0,10,0,8500
851,player_d068d95b-8434-40ed-91a3-cff0dca0856b@localhost,AlwaysCooperate,C,player_3052d27b-89ed-4a5b-ba30-7017bef17e4c@localhost,AlwaysDefect,D,0,10,0,8510
852,player_d068d95b-8434-40ed-91a3-cff0dca0856b@localhost,AlwaysCooperate,C,player_3052d27b-89ed-4a5b-ba30-7017bef17e4c@localhost,AlwaysDefect,D,0,10,0,8520
853,player_d068d95b-8434-40ed-91a3-cff0dca0856b@localhost,AlwaysCooperate,C,player_3052d27b-89ed-4a5b-ba30-7017bef17e4c@localhost,AlwaysDefect,D,0,10,0,8530
854,player_d068d95b-8434-40ed-91a3-cff0dca0856b@localhost,AlwaysCooperate,C,player_3052d27b-89ed-4a5b-ba30-7017bef17e4c@localhost,AlwaysDefect,D,0,10,0,8540
855,player_d068d95b-8434-40ed-91a3-cff0dca0856b@localhost,AlwaysCooperate,C,player_3052d27b-89ed-4a5b-ba30-7017bef17e4c@localhost,AlwaysDefect,D,0,10,0,8550
856,player_d068d95b-8434-40ed-91a3-cff0dca0856b@localhost,AlwaysCooperate,C,player_3052d27b-89ed-4a5b-ba30-7017bef17e4c@localhost,AlwaysDefect,D,0,10,0,8560
857,player_d068d95b-8434-40ed-91a3-cff0dca0856b@localhost,AlwaysCooperate,C,player_3052d27b-89ed-4a5b-ba30-7017bef17e4c@localhost,AlwaysDefect,D,0,10,0,8570
858,player_d068d95b-8434-40ed-91a3-cff0dca0856b@localhost,AlwaysCooperate,C,player_3052d27b-89ed-4a5b-ba30-7017bef17e4c@localhost,AlwaysDefect,D,0,10,0,8580
859,player_d068d95b-8434-40ed-91a3-cff0dca0856b@localhost,AlwaysCooperate,C,player_3052d27b-89ed-4a5b-ba30-7017bef17e4c@localhost,AlwaysDefect,D,0,10,0,8590
860,player_d068d95b-8434-40ed-91a3-cff0dca0856b@localhost,AlwaysCooperate,C,player_3052d27b-89ed-4a5b-ba30-7017bef17e4c@localhost,AlwaysDefect,D,0,10,0,8600
861,player_d068d95b-8434-40ed-91a3-cff0dca0856b@localhost,AlwaysCooperate,C,player_3052d27b-89ed-4a5b-ba30-7017bef17e4c@localhost,AlwaysDefect,D,0,10,0,8610
862,player_d068d95b-8434-40ed-91a3-cff0dca0856b@localhost,AlwaysCooperate,C,player_3052d27b-89ed-4a5b-ba30-7017bef17e4c@localhost,AlwaysDefect,D,0,10,0,8620
863,player_d068d95b-8434-40ed-91a3-cff0dca0856b@localhost,AlwaysCooperate,C,player_3052d27b-89ed-4a5b-ba30-7017bef17e4c@localhost,AlwaysDefect,D,0,10,0,8630
864,player_d068d95b-8434-40ed-91a3-cff0dca0856b@localhost,AlwaysCooperate,C,player_3052d27b-89ed-4a5b-ba30-7017bef17e4c@localhost,AlwaysDefect,D,0,10,0,8640
865,player_d068d95b-8434-40ed-91a3-cff0dca0856b@localhost,AlwaysCooperate,C,player_3052d27b-89ed-4a5b-ba30-7017bef17e4c@localhost,AlwaysDefect,D,0,10,0,8650
866,player_d068d95b-8434-40ed-91a3-cff0dca0856b@localhost,AlwaysCooperate,C,player_3052d27b-89ed-4a5b-ba30-7017bef17e4c@localhost,AlwaysDefect,D,0,10,0,8660
867,player_d068d95b-8434-40ed-91a3-cff0dca0856b@localhost,AlwaysCooperate,C,player_3052d27b-89ed-4a5b-ba30-7017bef17e4c@localhost,AlwaysDefect,D,0,10,0,8670
868,player_d068d95b-8434-40ed-91a3-cff0dca0856b@localhost,AlwaysCooperate,C,player_3052d27b-89ed-4a5b-ba30-7017bef17e4c@localhost,AlwaysDefect,D,0,10,0,8680
869,player_d068d95b-8434-40ed-91a3-cff0dca0856b@localhost,AlwaysCooperate,C,player_3052d27b-89ed-4a5b-ba30-7017bef17e4c@localhost,AlwaysDefect,D,0,10,0,8690
870,player_d068d95b-8434-40ed-91a3-cff0dca0856b@localhost,AlwaysCooperate,C,player_3052d27b-89ed-4a5b-ba30-7017bef17e4c@localhost,AlwaysDefect,D,0,10,0,8700
871,player_d068d95b-8434-40ed-91a3-cff0dca0856b@localhost,AlwaysCooperate,C,player_3052d27b-89ed-4a5b-ba30-7017bef17e4c@localhost,AlwaysDefect,D,0,10,0,8710
872,player_d068d95b-8434-40ed-91a3-cff0dca0856b@localhost,AlwaysCooperate,C,player_3052d27b-89ed-4a5b-ba30-7017bef17e4c@localhost,AlwaysDefect,D,0,10,0,8720
873,player_d068d95b-8434-40ed-91a3-cff0dca0856b@localhost,AlwaysCooperate,C,player_3052d27b-89ed-4a5b-ba30-7017bef17e4c@localhost,AlwaysDefect,D,0,10,0,8730
874,player_d068d95b-8434-40ed-91a3-cff0dca0856b@localhost,AlwaysCooperate,C,player_3052d27b-89ed-4a5b-ba30-7017bef17e4c@localhost,AlwaysDefect,D,0,10,0,8740
875,player_d068d95b-8434-40ed-91a3-cff0dca0856b@localhost,AlwaysCooperate,C,player_3052d27b-89ed-4a5b-ba30-7017bef17e4c@localhost,AlwaysDefect,D,0,10,0,8750
876,player_d068d95b-8434-40ed-91a3-cff0dca0856b@localhost,AlwaysCooperate,C,player_3052d27b-89ed-4a5b-ba30-7017bef17e4c@localhost,AlwaysDefect,D,0,10,0,8760
877,player_d068d95b-8434-40ed-91a3-cff0dca0856b@localhost,AlwaysCooperate,C,player_3052d27b-89ed-4a5b-ba30-7017bef17e4c@localhost,AlwaysDefect,D,0,10,0,8770
878,player_d068d95b-8434-40ed-91a3-cff0dca0856b@localhost,AlwaysCooperate,C,player_3052d27b-89ed-4a5b-ba30-7017bef17e4c@localhost,AlwaysDefect,D,0,10,0,8780
879,player_d068d95b-8434-40ed-91a3-cff0dca0856b@localhost,AlwaysCooperate,C,player_3052d27b-89ed-4a5b-ba30-7017bef17e4c@localhost,AlwaysDefect,D,0,10,0,8790
880,player_d068d95b-8434-40ed-91a3-cff0dca0856b@localhost,AlwaysCooperate,C,player_3052d27b-89ed-4a5b-ba30-7017bef17e4c@localhost,AlwaysDefect,D,0,10,0,8800
881,player_d068d95b-8434-40ed-91a3-cff0dca0856b@localhost,AlwaysCooperate,C,player_3052d27b-89ed-4a5b-ba30-7017bef17e4c@localhost,AlwaysDefect,D,0,10,0,8810
882,player_d068d95b-8434-40ed-91a3-cff0dca0856b@localhost,AlwaysCooperate,C,player_3052d27b-89ed-4a5b-ba30-7017bef17e4c@localhost,AlwaysDefect,D,0,10,0,8820
883,player_d068d95b-8434-40ed-91a3-cff0dca0856b@localhost,AlwaysCooperate,C,player_3052d27b-89ed-4a5b-ba30-7017bef17e4c@localhost,AlwaysDefect,D,0,10,0,8830
884,player_d068d95b-8434-40ed-91a3-cff0dca0856b@localhost,AlwaysCooperate,C,player_3052d27b-89ed-4a5b-ba30-7017bef17e4c@localhost,AlwaysDefect,D,0,10,0,8840
885,player_d068d95b-8434-40ed-91a3-cff0dca0856b@localhost,AlwaysCooperate,C,player_3052d27b-89ed-4a5b-ba30-7017bef17e4c@localhost,AlwaysDefect,D,0,10,0,8850
886,player_d068d95b-8434-40ed-91a3-cff0dca0856b@localhost,AlwaysCooperate,C,player_3052d27b-89ed-4a5b-ba30-7017bef17e4c@localhost,AlwaysDefect,D,0,10,0,8860
887,player_d068d95b-8434-40ed-91a3-cff0dca0856b@localhost,AlwaysCooperate,C,player_3052d27b-89ed-4a5b-ba30-7017bef17e4c@localhost,AlwaysDefect,D,0,10,0,8870
888,player_d068d95b-8434-40ed-91a3-cff0dca0856b@localhost,AlwaysCooperate,C,player_3052d27b-89ed-4a5b-ba30-7017bef17e4c@localhost,AlwaysDefect,D,0,10,0,8880
889,player_d068d95b-8434-40ed-91a3-cff0dca0856b@localhost,AlwaysCooperate,C,player_3052d27b-89ed-4a5b-ba30-7017bef17e4c@localhost,AlwaysDefect,D,0,10,0,8890
890,player_d068d95b-8434-40ed-91a3-cff0dca0856b@localhost,AlwaysCooperate,C,player_3052d27b-89ed-4a5b-ba30-7017bef17e4c@localhost,AlwaysDefect,D,0,10,0,8900
891,player_d068d95b-8434-40ed-91a3-cff0dca0856b@localhost,AlwaysCooperate,C,player_3052d27b-89ed-4a5b-ba30-7017bef17e4c@localhost,AlwaysDefect,D,0,10,0,8910
892,player_d068d95b-8434-40ed-91a3-cff0dca0856b@localhost,AlwaysCooperate,C,player_3052d27b-89ed-4a5b-ba30-7017bef17e4c@localhost,AlwaysDefect,D,0,10,0,8920
893,player_d068d95b-8434-40ed-91a3-cff0dca0856b@localhost,AlwaysCooperate,C,player_3052d27b-89ed-4a5b-ba30-7017bef17e4c@localhost,AlwaysDefect,D,0,10,0,8930
894,player_d068d95b-8434-40ed-91a3-cff0dca0856b@localhost,AlwaysCooperate,C,player_3052d27b-89ed-4a5b-ba30-7017bef17e4c@localhost,AlwaysDefect,D,0,10,0,8940
895,player_d068d95b-8434-40ed-91a3-cff0dca0856b@localhost,AlwaysCooperate,C,player_3052d27b-89ed-4a5b-ba30-7017bef17e4c@localhost,AlwaysDefect,D,0,10,0,8950
896,player_d068d95b-8434-40ed-91a3-cff0dca0856b@localhost,AlwaysCooperate,C,player_3052d27b-89ed-4a5b-ba30-7017bef17e4c@localhost,AlwaysDefect,D,0,10,0,8960
897,player_d068d95b-8434-40ed-91a3-cff0dca0856b@localhost,AlwaysCooperate,C,player_3052d27b-89ed-4a5b-ba30-7017bef17e4c@localhost,AlwaysDefect,D,0,10,0,8970
898,player_d068d95b-8434-40ed-91a3-cff0dca0856b@localhost,AlwaysCooperate,C,player_3052d27b-89ed-4a5b-ba30-7017bef17e4c@localhost,AlwaysDefect,D,0,10,0,8980
899,player_d068d95b-8434-40ed-91a3-cff0dca0856b@localhost,AlwaysCooperate,C,player_3052d27b-89ed-4a5b-ba30-7017bef17e4c@localhost,AlwaysDefect,D,0,10,0,8990
900,player_d068d95b-8434-40ed-91a3-cff0dca0856b@localhost,AlwaysCooperate,C,player_3052d27b-89ed-4a5b-ba30-7017bef17e4c@localhost,AlwaysDefect,D,0,10,0,9000
901,player_d068d95b-8434-40ed-91a3-cff0dca0856b@localhost,AlwaysCooperate,C,player_3052d27b-89ed-4a5b-ba30-7017bef17e4c@localhost,AlwaysDefect,D,0,10,0,9010
902,player_d068d95b-8434-40ed-91a3-cff0dca0856b@localhost,AlwaysCooperate,C,player_3052d27b-89ed-4a5b-ba30-7017bef17e4c@localhost,AlwaysDefect,D,0,10,0,9020
903,player_d068d95b-8434-40ed-91a3-cff0dca0856b@localhost,AlwaysCooperate,C,player_3052d27b-89ed-4a5b-ba30-7017bef17e4c@localhost,AlwaysDefect,D,0,10,0,9030
904,player_d068d95b-8434-40ed-91a3-cff0dca0856b@localhost,AlwaysCooperate,C,player_3052d27b-89ed-4a5b-ba30-7017bef17e4c@localhost,AlwaysDefect,D,0,10,0,9040
905,player_d068d95b-8434-40ed-91a3-cff0dca0856b@localhost,AlwaysCooperate,C,player_3052d27b-89ed-4a5b-ba30-7017bef17e4c@localhost,AlwaysDefect,D,0,10,0,9050
906,player_d068d95b-8434-40ed-91a3-cff0dca0856b@localhost,AlwaysCooperate,C,player_3052d27b-89ed-4a5b-ba30-7017bef17e4c@localhost,AlwaysDefect,D,0,10,0,9060
907,player_d068d95b-8434-40ed-91a3-cff0dca0856b@localhost,AlwaysCooperate,C,player_3052d27b-89ed-4a5b-ba30-7017bef17e4c@localhost,AlwaysDefect,D,0,10,0,9070
908,player_d068d95b-8434-40ed-91a3-cff0dca0856b@localhost,AlwaysCooperate,C,player_3052d27b-89ed-4a5b-ba30-7017bef17e4c@localhost,AlwaysDefect,D,0,10,0,9080
909,player_d068d95b-8434-40ed-91a3-cff0dca0856b@localhost,AlwaysCooperate,C,player_3052d27b-89ed-4a5b-ba30-7017bef17e4c@localhost,AlwaysDefect,D,0,10,0,9090
910,player_d068d95b-8434-40ed-91a3-cff0dca0856b@localhost,AlwaysCooperate,C,player_3052d27b-89ed-4a5b-ba30-7017bef17e4c@localhost,AlwaysDefect,D,0,10,0,9100
911,player_d068d95b-8434-40ed-91a3-cff0dca0856b@localhost,AlwaysCooperate,C,player_3052d27b-89ed-4a5b-ba30-7017bef17e4c@localhost,AlwaysDefect,D,0,10,0,9110
912,player_d068d95b-8434-40ed-91a3-cff0dca0856b@localhost,AlwaysCooperate,C,player_3052d27b-89ed-4a5b-ba30-7017bef17e4c@localhost,AlwaysDefect,D,0,10,0,9120
913,player_d068d95b-8434-40ed-91a3-cff0dca0856b@localhost,AlwaysCooperate,C,player_3052d27b-89ed-4a5b-ba30-7017bef17e4c@localhost,AlwaysDefect,D,0,10,0,9130
914,player_d068d95b-8434-40ed-91a3-cff0dca0856b@localhost,AlwaysCooperate,C,player_3052d27b-89ed-4a5b-ba30-7017bef17e4c@localhost,AlwaysDefect,D,0,10,0,9140
915,player_d068d95b-8434-40ed-91a3-cff0dca0856b@localhost,AlwaysCooperate,C,player_3052d27b-89ed-4a5b-ba30-7017bef17e4c@localhost,AlwaysDefect,D,0,10,0,9150
916,player_d068d95b-8434-40ed-91a3-cff0dca0856b@localhost,AlwaysCooperate,C,player_3052d27b-89ed-4a5b-ba30-7017bef17e4c@localhost,AlwaysDefect,D,0,10,0,9160
917,player_d068d95b-8434-40ed-91a3-cff0dca0856b@localhost,AlwaysCooperate,C,player_3052d27b-89ed-4a5b-ba30-7017bef17e4c@localhost,AlwaysDefect,D,0,10,0,9170
918,player_d068d95b-8434-40ed-91a3-cff0dca0856b@localhost,AlwaysCooperate,C,player_3052d27b-89ed-4a5b-ba30-7017bef17e4c@localhost,AlwaysDefect,D,0,10,0,9180
919,player_d068d95b-8434-40ed-91a3-cff0dca0856b@localhost,AlwaysCooperate,C,player_3052d27b-89ed-4a5b-ba30-7017bef17e4c@localhost,AlwaysDefect,D,0,10,0,9190
920,player_d068d95b-8434-40ed-91a3-cff0dca0856b@localhost,AlwaysCooperate,C,player_3052d27b-89ed-4a5b-ba30-7017bef17e4c@localhost,AlwaysDefect,D,0,10,0,9200
921,player_d068d95b-8434-40ed-91a3-cff0dca0856b@localhost,AlwaysCooperate,C,player_3052d27b-89ed-4a5b-ba30-7017bef17e4c@localhost,AlwaysDefect,D,0,10,0,9210
922,player_d068d95b-8434-40ed-91a3-cff0dca0856b@localhost,AlwaysCooperate,C,player_3052d27b-89ed-4a5b-ba30-7017bef17e4c@localhost,AlwaysDefect,D,0,10,0,9220
923,player_d068d95b-8434-40ed-91a3-cff0dca0856b@localhost,AlwaysCooperate,C,player_3052d27b-89ed-4a5b-ba30-7017bef17e4c@localhost,AlwaysDefect,D,0,10,0,9230
924,player_d068d95b-8434-40ed-91a3-cff0dca0856b@localhost,AlwaysCooperate,C,player_3052d27b-89ed-4a5b-ba30-7017bef17e4c@localhost,AlwaysDefect,D,0,10,0,9240
925,player_d068d95b-8434-40ed-91a3-cff0dca0856b@localhost,AlwaysCooperate,C,player_3052d27b-89ed-4a5b-ba30-7017bef17e4c@localhost,AlwaysDefect,D,0,10,0,9250
926,player_d068d95b-8434-40ed-91a3-cff0dca0856b@localhost,AlwaysCooperate,C,player_3052d27b-89ed-4a5b-ba30-7017bef17e4c@localhost,AlwaysDefect,D,0,10,0,9260
927,player_d068d95b-8434-40ed-91a3-cff0dca0856b@localhost,AlwaysCooperate,C,player_3052d27b-89ed-4a5b-ba30-7017bef17e4c@localhost,AlwaysDefect,D,0,10,0,9270
928,player_d068d95b-8434-40ed-91a3-cff0dca0856b@localhost,AlwaysCooperate,C,player_3052d27b-89ed-4a5b-ba30-7017bef17e4c@localhost,AlwaysDefect,D,0,10,0,9280
929,player_d068d95b-8434-40ed-91a3-cff0dca0856b@localhost,AlwaysCooperate,C,player_3052d27b-89ed-4a5b-ba30-7017bef17e4c@localhost,AlwaysDefect,D,0,10,0,9290
930,player_d068d95b-8434-40ed-91a3-cff0dca0856b@localhost,AlwaysCooperate,C,player_3052d27b-89ed-4a5b-ba30-7017bef17e4c@localhost,AlwaysDefect,D,0,10,0,9300
931,player_d068d95b-8434-40ed-91a3-cff0dca0856b@localhost,AlwaysCooperate,C,player_3052d27b-89ed-4a5b-ba30-7017bef17e4c@localhost,AlwaysDefect,D,0,10,0,9310
932,player_d068d95b-8434-40ed-91a3-cff0dca0856b@localhost,AlwaysCooperate,C,player_3052d27b-89ed-4a5b-ba30-7017bef17e4c@localhost,AlwaysDefect,D,0,10,0,9320
933,player_d068d95b-8434-40ed-91a3-cff0dca0856b@localhost,AlwaysCooperate,C,player_3052d27b-89ed-4a5b-ba30-7017bef17e4c@localhost,AlwaysDefect,D,0,10,0,9330
934,player_d068d95b-8434-40ed-91a3-cff0dca0856b@localhost,AlwaysCooperate,C,player_3052d27b-89ed-4a5b-ba30-7017bef17e4c@localhost,AlwaysDefect,D,0,10,0,9340
935,player_d068d95b-8434-40ed-91a3-cff0dca0856b@localhost,AlwaysCooperate,C,player_3052d27b-89ed-4a5b-ba30-7017bef17e4c@localhost,AlwaysDefect,D,0,10,0,9350
936,player_d068d95b-8434-40ed-91a3-cff0dca0856b@localhost,AlwaysCooperate,C,player_3052d27b-89ed-4a5b-ba30-7017bef17e4c@localhost,AlwaysDefect,D,0,10,0,9360
937,player_d068d95b-8434-40ed-91a3-cff0dca0856b@localhost,AlwaysCooperate,C,player_3052d27b-89ed-4a5b-ba30-7017bef17e4c@localhost,AlwaysDefect,D,0,10,0,9370
938,player_d068d95b-8434-40ed-91a3-cff0dca0856b@localhost,AlwaysCooperate,C,player_3052d27b-89ed-4a5b-ba30-7017bef17e4c@localhost,AlwaysDefect,D,0,10,0,9380
939,player_d068d95b-8434-40ed-91a3-cff0dca0856b@localhost,AlwaysCooperate,C,player_3052d27b-89ed-4a5b-ba30-7017bef17e4c@localhost,AlwaysDefect,D,0,10,0,9390
940,player_d068d95b-8434-40ed-91a3-cff0dca0856b@localhost,AlwaysCooperate,C,player_3052d27b-89ed-4a5b-ba30-7017bef17e4c@localhost,AlwaysDefect,D,0,10,0,9400
941,player_d068d95b-8434-40ed-91a3-cff0dca0856b@localhost,AlwaysCooperate,C,player_3052d27b-89ed-4a5b-ba30-7017bef17e4c@localhost,AlwaysDefect,D,0,10,0,9410
942,player_d068d95b-8434-40ed-91a3-cff0dca0856b@localhost,AlwaysCooperate,C,player_3052d27b-89ed-4a5b-ba30-7017bef17e4c@localhost,AlwaysDefect,D,0,10,0,9420
943,player_d068d95b-8434-40ed-91a3-cff0dca0856b@localhost,AlwaysCooperate,C,player_3052d27b-89ed-4a5b-ba30-7017bef17e4c@localhost,AlwaysDefect,D,0,10,0,9430
944,player_d068d95b-8434-40ed-91a3-cff0dca0856b@localhost,AlwaysCooperate,C,player_3052d27b-89ed-4a5b-ba30-7017bef17e4c@localhost,AlwaysDefect,D,0,10,0,9440
945,player_d068d95b-8434-40ed-91a3-cff0dca0856b@localhost,AlwaysCooperate,C,player_3052d27b-89ed-4a5b-ba30-7017bef17e4c@localhost,AlwaysDefect,D,0,10,0,9450
946,player_d068d95b-8434-40ed-91a3-cff0dca0856b@localhost,AlwaysCooperate,C,player_3052d27b-89ed-4a5b-ba30-7017bef17e4c@localhost,AlwaysDefect,D,0,10,0,9460
947,player_d068d95b-8434-40ed-91a3-cff0dca0856b@localhost,AlwaysCooperate,C,player_3052d27b-89ed-4a5b-ba30-7017bef17e4c@localhost,AlwaysDefect,D,0,10,0,9470
948,player_d068d95b-8434-40ed-91a3-cff0dca0856b@localhost,AlwaysCooperate,C,player_3052d27b-89ed-4a5b-ba30-7017bef17e4c@localhost,AlwaysDefect,D,0,10,0,9480
949,player_d068d95b-8434-40ed-91a3-cff0dca0856b@localhost,AlwaysCooperate,C,player_3052d27b-89ed-4a5b-ba30-7017bef17e4c@localhost,AlwaysDefect,D,0,10,0,9490
950,player_d068d95b-8434-40ed-91a3-cff0dca0856b@localhost,AlwaysCooperate,C,player_3052d27b-89ed-4a5b-ba30-7017bef17e4c@localhost,AlwaysDefect,D,0,10,0,9500
951,player_d068d95b-8434-40ed-91a3-cff0dca0856b@localhost,AlwaysCooperate,C,player_3052d27b-89ed-4a5b-ba30-7017bef17e4c@localhost,AlwaysDefect,D,0,10,0,9510
952,player_d068d95b-8434-40ed-91a3-cff0dca0856b@localhost,AlwaysCooperate,C,player_3052d27b-89ed-4a5b-ba30-7017bef17e4c@localhost,AlwaysDefect,D,0,10,0,9520
953,player_d068d95b-8434-40ed-91a3-cff0dca0856b@localhost,AlwaysCooperate,C,player_3052d27b-89ed-4a5b-ba30-7017bef17e4c@localhost,AlwaysDefect,D,0,10,0,9530
954,player_d068d95b-8434-40ed-91a3-cff0dca0856b@localhost,AlwaysCooperate,C,player_3052d27b-89ed-4a5b-ba30-7017bef17e4c@localhost,AlwaysDefect,D,0,10,0,9540
955,player_d068d95b-8434-40ed-91a3-cff0dca0856b@localhost,AlwaysCooperate,C,player_3052d27b-89ed-4a5b-ba30-7017bef17e4c@localhost,AlwaysDefect,D,0,10,0,9550
956,player_d068d95b-8434-40ed-91a3-cff0dca0856b@localhost,AlwaysCooperate,C,player_3052d27b-89ed-4a5b-ba30-7017bef17e4c@localhost,AlwaysDefect,D,0,10,0,9560
957,player_d068d95b-8434-40ed-91a3-cff0dca0856b@localhost,AlwaysCooperate,C,player_3052d27b-89ed-4a5b-ba30-7017bef17e4c@localhost,AlwaysDefect,D,0,10,0,9570
958,player_d068d95b-8434-40ed-91a3-cff0dca0856b@localhost,AlwaysCooperate,C,player_3052d27b-89ed-4a5b-ba30-7017bef17e4c@localhost,AlwaysDefect,D,0,10,0,9580
959,player_d068d95b-8434-40ed-91a3-cff0dca0856b@localhost,AlwaysCooperate,C,player_3052d27b-89ed-4a5b-ba30-7017bef17e4c@localhost,AlwaysDefect,D,0,10,0,9590
960,player_d068d95b-8434-40ed-91a3-cff0dca0856b@localhost,AlwaysCooperate,C,player_3052d27b-89ed-4a5b-ba30-7017bef17e4c@localhost,AlwaysDefect,D,0,10,0,9600
961,player_d068d95b-8434-40ed-91a3-cff0dca0856b@localhost,AlwaysCooperate,C,player_3052d27b-89ed-4a5b-ba30-7017bef17e4c@localhost,AlwaysDefect,D,0,10,0,9610
962,player_d068d95b-8434-40ed-91a3-cff0dca0856b@localhost,AlwaysCooperate,C,player_3052d27b-89ed-4a5b-ba30-7017bef17e4c@localhost,AlwaysDefect,D,0,10,0,9620
963,player_d068d95b-8434-40ed-91a3-cff0dca0856b@localhost,AlwaysCooperate,C,player_3052d27b-89ed-4a5b-ba30-7017bef17e4c@localhost,AlwaysDefect,D,0,10,0,9630
964,player_d068d95b-8434-40ed-91a3-cff0dca0856b@localhost,AlwaysCooperate,C,player_3052d27b-89ed-4a5b-ba30-7017bef17e4c@localhost,AlwaysDefect,D,0,10,0,9640
965,player_d068d95b-8434-40ed-91a3-cff0dca0856b@localhost,AlwaysCooperate,C,player_3052d27b-89ed-4a5b-ba30-7017bef17e4c@localhost,AlwaysDefect,D,0,10,0,9650
966,player_d068d95b-8434-40ed-91a3-cff0dca0856b@localhost,AlwaysCooperate,C,player_3052d27b-89ed-4a5b-ba30-7017bef17e4c@localhost,AlwaysDefect,D,0,10,0,9660
967,player_d068d95b-8434-40ed-91a3-cff0dca0856b@localhost,AlwaysCooperate,C,player_3052d27b-89ed-4a5b-ba30-7017bef17e4c@localhost,AlwaysDefect,D,0,10,0,9670
968,player_d068d95b-8434-40ed-91a3-cff0dca0856b@localhost,AlwaysCooperate,C,player_3052d27b-89ed-4a5b-ba30-7017bef17e4c@localhost,AlwaysDefect,D,0,10,0,9680
969,player_d068d95b-8434-40ed-91a3-cff0dca0856b@localhost,AlwaysCooperate,C,player_3052d27b-89ed-4a5b-ba30-7017bef17e4c@localhost,AlwaysDefect,D,0,10,0,9690
970,player_d068d95b-8434-40ed-91a3-cff0dca0856b@localhost,AlwaysCooperate,C,player_3052d27b-89ed-4a5b-ba30-7017bef17e4c@localhost,AlwaysDefect,D,0,10,0,9700
971,player_d068d95b-8434-40ed-91a3-cff0dca0856b@localhost,AlwaysCooperate,C,player_3052d27b-89ed-4a5b-ba30-7017bef17e4c@localhost,AlwaysDefect,D,0,10,0,9710
972,player_d068d95b-8434-40ed-91a3-cff0dca0856b@localhost,AlwaysCooperate,C,player_3052d27b-89ed-4a5b-ba30-7017bef17e4c@localhost,AlwaysDefect,D,0,10,0,9720
973,player_d068d95b-8434-40ed-91a3-cff0dca0856b@localhost,AlwaysCooperate,C,player_3052d27b-89ed-4a5b-ba30-7017bef17e4c@localhost,AlwaysDefect,D,0,10,0,9730
974,player_d068d95b-8434-40ed-91a3-cff0dca0856b@localhost,AlwaysCooperate,C,player_3052d27b-89ed-4a5b-ba30-7017bef17e4c@localhost,AlwaysDefect,D,0,10,0,9740
975,player_d068d95b-8434-40ed-91a3-cff0dca0856b@localhost,AlwaysCooperate,C,player_3052d27b-89ed-4a5b-ba30-7017bef17e4c@localhost,AlwaysDefect,D,0,10,0,9750
976,player_d068d95b-8434-40ed-91a3-cff0dca0856b@localhost,AlwaysCooperate,C,player_3052d27b-89ed-4a5b-ba30-7017bef17e4c@localhost,AlwaysDefect,D,0,10,0,9760
977,player_d068d95b-8434-40ed-91a3-cff0dca0856b@localhost,AlwaysCooperate,C,player_3052d27b-89ed-4a5b-ba30-7017bef17e4c@localhost,AlwaysDefect,D,0,10,0,9770
978,player_d068d95b-8434-40ed-91a3-cff0dca0856b@localhost,AlwaysCooperate,C,player_3052d27b-89ed-4a5b-ba30-7017bef17e4c@localhost,AlwaysDefect,D,0,10,0,9780
979,player_d068d95b-8434-40ed-91a3-cff0dca0856b@localhost,AlwaysCooperate,C,player_3052d27b-89ed-4a5b-ba30-7017bef17e4c@localhost,AlwaysDefect,D,0,10,0,9790
980,player_d068d95b-8434-40ed-91a3-cff0dca0856b@localhost,AlwaysCooperate,C,player_3052d27b-89ed-4a5b-ba30-7017bef17e4c@localhost,AlwaysDefect,D,0,10,0,9800
981,player_d068d95b-8434-40ed-91a3-cff0dca0856b@localhost,AlwaysCooperate,C,player_3052d27b-89ed-4a5b-ba30-7017bef17e4c@localhost,AlwaysDefect,D,0,10,0,9810
982,player_d068d95b-8434-40ed-91a3-cff0dca0856b@localhost,AlwaysCooperate,C,player_3052d27b-89ed-4a5b-ba30-7017bef17e4c@localhost,AlwaysDefect,D,0,10,0,9820
983,player_d068d95b-8434-40ed-91a3-cff0dca0856b@localhost,AlwaysCooperate,C,player_3052d27b-89ed-4a5b-ba30-7017bef17e4c@localhost,AlwaysDefect,D,0,10,0,9830
984,player_d068d95b-8434-40ed-91a3-cff0dca0856b@localhost,AlwaysCooperate,C,player_3052d27b-89ed-4a5b-ba30-7017bef17e4c@localhost,AlwaysDefect,D,0,10,0,9840
985,player_d068d95b-8434-40ed-91a3-cff0dca0856b@localhost,AlwaysCooperate,C,player_3052d27b-89ed-4a5b-ba30-7017bef17e4c@localhost,AlwaysDefect,D,0,10,0,9850
986,player_d068d95b-8434-40ed-91a3-cff0dca0856b@localhost,AlwaysCooperate,C,player_3052d27b-89ed-4a5b-ba30-7017bef17e4c@localhost,AlwaysDefect,D,0,10,0,9860
987,player_d068d95b-8434-40ed-91a3-cff0dca0856b@localhost,AlwaysCooperate,C,player_3052d27b-89ed-4a5b-ba30-7017bef17e4c@localhost,AlwaysDefect,D,0,10,0,9870
988,player_d068d95b-8434-40ed-91a3-cff0dca0856b@localhost,AlwaysCooperate,C,player_3052d27b-89ed-4a5b-ba30-7017bef17e4c@localhost,AlwaysDefect,D,0,10,0,9880
989,player_d068d95b-8434-40ed-91a3-cff0dca0856b@localhost,AlwaysCooperate,C,player_3052d27b-89ed-4a5b-ba30-7017bef17e4c@localhost,AlwaysDefect,D,0,10,0,9890
990,player_d068d95b-8434-40ed-91a3-cff0dca0856b@localhost,AlwaysCooperate,C,player_3052d27b-89ed-4a5b-ba30-7017bef17e4c@localhost,AlwaysDefect,D,0,10,0,9900
991,player_d068d95b-8434-40ed-91a3-cff0dca0856b@localhost,AlwaysCooperate,C,player_3052d27b-89ed-4a5b-ba30-7017bef17e4c@localhost,AlwaysDefect,D,0,10,0,9910
992,player_d068d95b-8434-40ed-91a3-cff0dca0856b@localhost,AlwaysCooperate,C,player_3052d27b-89ed-4a5b-ba30-7017bef17e4c@localhost,AlwaysDefect,D,0,10,0,9920
993,player_d068d95b-8434-40ed-91a3-cff0dca0856b@localhost,AlwaysCooperate,C,player_3052d27b-89ed-4a5b-ba30-7017bef17e4c@localhost,AlwaysDefect,D,0,10,0,9930
994,player_d068d95b-8434-40ed-91a3-cff0dca0856b@localhost,AlwaysCooperate,C,player_3052d27b-89ed-4a5b-ba30-7017bef17e4c@localhost,AlwaysDefect,D,0,10,0,9940
995,player_d068d95b-8434-40ed-91a3-cff0dca0856b@localhost,AlwaysCooperate,C,player_3052d27b-89ed-4a5b-ba30-7017bef17e4c@localhost,AlwaysDefect,D,0,10,0,9950
996,player_d068d95b-8434-40ed-91a3-cff0dca0856b@localhost,AlwaysCooperate,C,player_3052d27b-89ed-4a5b-ba30-7017bef17e4c@localhost,AlwaysDefect,D,0,10,0,9960
997,player_d068d95b-8434-40ed-91a3-cff0dca0856b@localhost,AlwaysCooperate,C,player_3052d27b-89ed-4a5b-ba30-7017bef17e4c@localhost,AlwaysDefect,D,0,10,0,9970
998,player_d068d95b-8434-40ed-91a3-cff0dca0856b@localhost,AlwaysCooperate,C,player_3052d27b-89ed-4a5b-ba30-7017bef17e4c@localhost,AlwaysDefect,D,0,10,0,9980
999,player_d068d95b-8434-40ed-91a3-cff0dca0856b@localhost,AlwaysCooperate,C,player_3052d27b-89ed-4a5b-ba30-7017bef17e4c@localhost,AlwaysDefect,D,0,10,0,9990
1000,player_d068d95b-8434-40ed-91a3-cff0dca0856b@localhost,AlwaysCooperate,C,player_3052d27b-89ed-4a5b-ba30-7017bef17e4c@localhost,AlwaysDefect,D,0,10,0,10000
,,,,,,,,,,
# AGGREGATED METRICS
# p1_jid,player_d068d95b-8434-40ed-91a3-cff0dca0856b@localhost
# p2_jid,player_3052d27b-89ed-4a5b-ba30-7017bef17e4c@localhost
# total_rounds,1000
# cooperation_rate_p1,1.0000
# cooperation_rate_p2,0.0000
# defection_rate_p1,0.0000
# defection_rate_p2,1.0000
# total_payoff_p1,0
# total_payoff_p2,10000
# avg_payoff_p1,0.0000
# avg_payoff_p2,10.0000
