round,p1_jid,p1_strategy,p1_action,p2_jid,p2_strategy,p2_action,p1_payoff,p2_payoff,p1_cumulative,p2_cumulative
1,player_90df6f40-46b7-48b5-adf3-bdc91f8798e5@localhost,AlwaysDefect,D,player_6e13aa5c-cc89-4150-9f31-bbad83a27c0b@localhost,SuspiciousTitForTat,D,1,1,1,1
2,player_90df6f40-46b7-48b5-adf3-bdc91f8798e5@localhost,AlwaysDefect,D,player_6e13aa5c-cc89-4150-9f31-bbad83a27c0b@localhost,SuspiciousTitForTat,D,1,1,2,2
3,player_90df6f40-46b7-48b5-adf3-bdc91f8798e5@localhost,AlwaysDefect,D,player_6e13aa5c-cc89-4150-9f31-bbad83a27c0b@localhost,SuspiciousTitForTat,D,1,1,3,3
4,player_90df6f40-46b7-48b5-adf3-bdc91f8798e5@localhost,AlwaysDefect,D,player_6e13aa5c-cc89-4150-9f31-bbad83a27c0b@localhost,SuspiciousTitForTat,D,1,1,4,4
5,player_90df6f40-46b7-48b5-adf3-bdc91f8798e5@localhost,AlwaysDefect,D,player_6e13aa5c-cc89-4150-9f31-bbad83a27c0b@localhost,SuspiciousTitForTat,D,1,1,5,5
6,player_90df6f40-46b7-48b5-adf3-bdc91f8798e5@localhost,AlwaysDefect,D,player_6e13aa5c-cc89-4150-9f31-bbad83a27c0b@localhost,SuspiciousTitForTat,D,1,1,6,6
7,player_90df6f40-46b7-48b5-adf3-bdc91f8798e5@localhost,AlwaysDefect,D,player_6e13aa5c-cc89-4150-9f31-bbad83a27c0b@localhost,SuspiciousTitForTat,D,1,1,7,7
8,player_90df6f40-46b7-48b5-adf3-bdc91f8798e5@localhost,AlwaysDefect,D,player_6e13aa5c-cc89-4150-9f31-bbad83a27c0b@localhost,SuspiciousTitForTat,D,1,1,8,8
9,player_90df6f40-46b7-48b5-adf3-bdc91f8798e5@localhost,AlwaysDefect,D,player_6e13aa5c-cc89-4150-9f31-bbad83a27c0b@localhost,SuspiciousTitForTat,D,1,1,9,9
10,player_90df6f40-46b7-48b5-adf3-bdc91f8798e5@localhost,AlwaysDefect,D,player_6e13aa5c-cc89-4150-9f31-bbad83a27c0b@localhost,SuspiciousTitForTat,D,1,1,10,10
11,player_90df6f40-46b7-48b5-adf3-bdc91f8798e5@localhost,AlwaysDefect,D,player_6e13aa5c-cc89-4150-9f31-bbad83a27c0b@localhost,SuspiciousTitForTat,D,1,1,11,11
12,player_90df6f40-46b7-48b5-adf3-bdc91f8798e5@localhost,AlwaysDefect,D,player_6e13aa5c-cc89-4150-9f31-bbad83a27c0b@localhost,SuspiciousTitForTat,D,1,1,12,12
13,player_90df6f40-46b7-48b5-adf3-bdc91f8798e5@localhost,AlwaysDefect,D,player_6e13aa5c-cc89-4150-9f31-bbad83a27c0b@localhost,SuspiciousTitForTat,D,1,1,13,13
14,player_90df6f40-46b7-48b5-adf3-bdc91f8798e5@localhost,AlwaysDefect,D,player_6e13aa5c-cc89-4150-9f31-bbad83a27c0b@localhost,SuspiciousTitForTat,D,1,1,14,14
15,player_90df6f40-46b7-48b5-adf3-bdc91f8798e5@localhost,AlwaysDefect,D,player_6e13aa5c-cc89-4150-9f31-bbad83a27c0b@localhost,SuspiciousTitForTat,D,1,1,15,15
16,player_90df6f40-46b7-48b5-adf3-bdc91f8798e5@localhost,AlwaysDefect,D,player_6e13aa5c-cc89-4150-9f31-bbad83a27c0b@localhost,SuspiciousTitForTat,D,1,1,16,16
17,player_90df6f40-46b7-48b5-adf3-bdc91f8798e5@localhost,AlwaysDefect,D,player_6e13aa5c-cc89-4150-9f31-bbad83a27c0b@localhost,SuspiciousTitForTat,D,1,1,17,17
18,player_90df6f40-46b7-48b5-adf3-bdc91f8798e5@localhost,AlwaysDefect,D,player_6e13aa5c-cc89-4150-9f31-bbad83a27c0b@localhost,SuspiciousTitForTat,D,1,1,18,18
19,player_90df6f40-46b7-48b5-adf3-bdc91f8798e5@localhost,AlwaysDefect,D,player_6e13aa5c-cc89-4150-9f31-bbad83a27c0b@localhost,SuspiciousTitForTat,D,1,1,19,19
20,player_90df6f40-46b7-48b5-adf3-bdc91f8798e5@localhost,AlwaysDefect,D,player_6e13aa5c-cc89-4150-9f31-bbad83a27c0b@localhost,SuspiciousTitForTat,D,1,1,20,20
21,player_90df6f40-46b7-48b5-adf3-bdc91f8798e5@localhost,AlwaysDefect,D,player_6e13aa5c-cc89-4150-9f31-bbad83a27c0b@localhost,SuspiciousTitForTat,D,1,1,21,21
22,player_90df6f40-46b7-48b5-adf3-bdc91f8798e5@localhost,AlwaysDefect,D,player_6e13aa5c-cc89-4150-9f31-bbad83a27c0b@localhost,SuspiciousTitForTat,D,1,1,22,22
23,player_90df6f40-46b7-48b5-adf3-bdc91f8798e5@localhost,AlwaysDefect,D,player_6e13aa5c-cc89-4150-9f31-bbad83a27c0b@localhost,SuspiciousTitForTat,D,1,1,23,23
24,player_90df6f40-46b7-48b5-adf3-bdc91f8798e5@localhost,AlwaysDefect,D,player_6e13aa5c-cc89-4150-9f31-bbad83a27c0b@localhost,SuspiciousTitForTat,D,1,1,24,24
25,player_90df6f40-46b7-48b5-adf3-bdc91f8798e5@localhost,AlwaysDefect,D,player_6e13aa5c-cc89-4150-9f31-bbad83a27c0b@localhost,SuspiciousTitForTat,D,1,1,25,25
26,player_90df6f40-46b7-48b5-adf3-bdc91f8798e5@localhost,AlwaysDefect,D,player_6e13aa5c-cc89-4150-9f31-bbad83a27c0b@localhost,SuspiciousTitForTat,D,1,1,26,26
27,player_90df6f40-46b7-48b5-adf3-bdc91f8798e5@localhost,AlwaysDefect,D,player_6e13aa5c-cc89-4150-9f31-bbad83a27c0b@localhost,SuspiciousTitForTat,D,1,1,27,27
28,player_90df6f40-46b7-48b5-adf3-bdc91f8798e5@localhost,AlwaysDefect,D,player_6e13aa5c-cc89-4150-9f31-bbad83a27c0b@localhost,SuspiciousTitForTat,D,1,1,28,28
29,player_90df6f40-46b7-48b5-adf3-bdc91f8798e5@localhost,AlwaysDefect,D,player_6e13aa5c-cc89-4150-9f31-bbad83a27c0b@localhost,SuspiciousTitForTat,D,1,1,29,29
30,player_90df6f40-46b7-48b5-adf3-bdc91f8798e5@localhost,AlwaysDefect,D,player_6e13aa5c-cc89-4150-9f31-bbad83a27c0b@localhost,SuspiciousTitForTat,D,1,1,30,30
31,player_90df6f40-46b7-48b5-adf3-bdc91f8798e5@localhost,AlwaysDefect,D,player_6e13aa5c-cc89-4150-9f31-bbad83a27c0b@localhost,SuspiciousTitForTat,D,1,1,31,31
32,player_90df6f40-46b7-48b5-adf3-bdc91f8798e5@localhost,AlwaysDefect,D,player_6e13aa5c-cc89-4150-9f31-bbad83a27c0b@localhost,SuspiciousTitForTat,D,1,1,32,32
33,player_90df6f40-46b7-48b5-adf3-bdc91f8798e5@localhost,AlwaysDefect,D,player_6e13aa5c-cc89-4150-9f31-bbad83a27c0b@localhost,SuspiciousTitForTat,D,1,1,33,33
34,player_90df6f40-46b7-48b5-adf3-bdc91f8798e5@localhost,AlwaysDefect,D,player_6e13aa5c-cc89-4150-9f31-bbad83a27c0b@localhost,SuspiciousTitForTat,D,1,1,34,34
35,player_90df6f40-46b7-48b5-adf3-bdc91f8798e5@localhost,AlwaysDefect,D,player_6e13aa5c-cc89-4150-9f31-bbad83a27c0b@localhost,SuspiciousTitForTat,D,1,1,35,35
36,player_90df6f40-46b7-48b5-adf3-bdc91f8798e5@localhost,AlwaysDefect,D,player_6e13aa5c-cc89-4150-9f31-bbad83a27c0b@localhost,SuspiciousTitForTat,D,1,1,36,36
37,player_90df6f40-46b7-48b5-adf3-bdc91f8798e5@localhost,AlwaysDefect,D,player_6e13aa5c-cc89-4150-9f31-bbad83a27c0b@localhost,SuspiciousTitForTat,D,1,1,37,37
38,player_90df6f40-46b7-48b5-adf3-bdc91f8798e5@localhost,AlwaysDefect,D,player_6e13aa5c-cc89-4150-9f31-bbad83a27c0b@localhost,SuspiciousTitForTat,D,1,1,38,38
39,player_90df6f40-46b7-48b5-adf3-bdc91f8798e5@localhost,AlwaysDefect,D,player_6e13aa5c-cc89-4150-9f31-bbad83a27c0b@localhost,SuspiciousTitForTat,D,1,1,39,39
40,player_90df6f40-46b7-48b5-adf3-bdc91f8798e5@localhost,AlwaysDefect,D,player_6e13aa5c-cc89-4150-9f31-bbad83a27c0b@localhost,SuspiciousTitForTat,D,1,1,40,40
41,player_90df6f40-46b7-48b5-adf3-bdc91f8798e5@localhost,AlwaysDefect,D,player_6e13aa5c-cc89-4150-9f31-bbad83a27c0b@localhost,SuspiciousTitForTat,D,1,1,41,41
42,player_90df6f40-46b7-48b5-adf3-bdc91f8798e5@localhost,AlwaysDefect,D,player_6e13aa5c-cc89-4150-9f31-bbad83a27c0b@localhost,SuspiciousTitForTat,D,1,1,42,42
43,player_90df6f40-46b7-48b5-adf3-bdc91f8798e5@localhost,AlwaysDefect,D,player_6e13aa5c-cc89-4150-9f31-bbad83a27c0b@localhost,SuspiciousTitForTat,D,1,1,43,43
44,player_90df6f40-46b7-48b5-adf3-bdc91f8798e5@localhost,AlwaysDefect,D,player_6e13aa5c-cc89-4150-9f31-bbad83a27c0b@localhost,SuspiciousTitForTat,D,1,1,44,44
45,player_90df6f40-46b7-48b5-adf3-bdc91f8798e5@localhost,AlwaysDefect,D,player_6e13aa5c-cc89-4150-9f31-bbad83a27c0b@localhost,SuspiciousTitForTat,D,1,1,45,45
46,player_90df6f40-46b7-48b5-adf3-bdc91f8798e5@localhost,AlwaysDefect,D,player_6e13aa5c-cc89-4150-9f31-bbad83a27c0b@localhost,SuspiciousTitForTat,D,1,1,46,46
47,player_90df6f40-46b7-48b5-adf3-bdc91f8798e5@localhost,AlwaysDefect,D,player_6e13aa5c-cc89-4150-9f31-bbad83a27c0b@localhost,SuspiciousTitForTat,D,1,1,47,47
48,player_90df6f40-46b7-48b5-adf3-bdc91f8798e5@localhost,AlwaysDefect,D,player_6e13aa5c-cc89-4150-9f31-bbad83a27c0b@localhost,SuspiciousTitForTat,D,1,1,48,48
49,player_90df6f40-46b7-48b5-adf3-bdc91f8798e5@localhost,AlwaysDefect,D,player_6e13aa5c-cc89-4150-9f31-bbad83a27c0b@localhost,SuspiciousTitForTat,D,1,1,49,49
50,player_90df6f40-46b7-48b5-adf3-bdc91f8798e5@localhost,AlwaysDefect,D,player_6e13aa5c-cc89-4150-9f31-bbad83a27c0b@localhost,SuspiciousTitForTat,D,1,1,50,50
51,player_90df6f40-46b7-48b5-adf3-bdc91f8798e5@localhost,AlwaysDefect,D,player_6e13aa5c-cc89-4150-9f31-bbad83a27c0b@localhost,SuspiciousTitForTat,D,1,1,51,51
52,player_90df6f40-46b7-48b5-adf3-bdc91f8798e5@localhost,AlwaysDefect,D,player_6e13aa5c-cc89-4150-9f31-bbad83a27c0b@localhost,SuspiciousTitForTat,D,1,1,52,52
53,player_90df6f40-46b7-48b5-adf3-bdc91f8798e5@localhost,AlwaysDefect,D,player_6e13aa5c-cc89-4150-9f31-bbad83a27c0b@localhost,SuspiciousTitForTat,D,1,1,53,53
54,player_90df6f40-46b7-48b5-adf3-bdc91f8798e5@localhost,AlwaysDefect,D,player_6e13aa5c-cc89-4150-9f31-bbad83a27c0b@localhost,SuspiciousTitForTat,D,1,1,54,54
55,player_90df6f40-46b7-48b5-adf3-bdc91f8798e5@localhost,AlwaysDefect,D,player_6e13aa5c-cc89-4150-9f31-bbad83a27c0b@localhost,SuspiciousTitForTat,D,1,1,55,55
56,player_90df6f40-46b7-48b5-adf3-bdc91f8798e5@localhost,AlwaysDefect,D,player_6e13aa5c-cc89-4150-9f31-bbad83a27c0b@localhost,SuspiciousTitForTat,D,1,1,56,56
57,player_90df6f40-46b7-48b5-adf3-bdc91f8798e5@localhost,AlwaysDefect,D,player_6e13aa5c-cc89-4150-9f31-bbad83a27c0b@localhost,SuspiciousTitForTat,D,1,1,57,57
58,player_90df6f40-46b7-48b5-adf3-bdc91f8798e5@localhost,AlwaysDefect,D,player_6e13aa5c-cc89-4150-9f31-bbad83a27c0b@localhost,SuspiciousTitForTat,D,1,1,58,58
59,player_90df6f40-46b7-48b5-adf3-bdc91f8798e5@localhost,AlwaysDefect,D,player_6e13aa5c-cc89-4150-9f31-bbad83a27c0b@localhost,SuspiciousTitForTat,D,1,1,59,59
60,player_90df6f40-46b7-48b5-adf3-bdc91f8798e5@localhost,AlwaysDefect,D,player_6e13aa5c-cc89-4150-9f31-bbad83a27c0b@localhost,SuspiciousTitForTat,D,1,1,60,60
61,player_90df6f40-46b7-48b5-adf3-bdc91f8798e5@localhost,AlwaysDefect,D,player_6e13aa5c-cc89-4150-9f31-bbad83a27c0b@localhost,SuspiciousTitForTat,D,1,1,61,61
62,player_90df6f40-46b7-48b5-adf3-bdc91f8798e5@localhost,AlwaysDefect,D,player_6e13aa5c-cc89-4150-9f31-bbad83a27c0b@localhost,SuspiciousTitForTat,D,1,1,62,62
63,player_90df6f40-46b7-48b5-adf3-bdc91f8798e5@localhost,AlwaysDefect,D,player_6e13aa5c-cc89-4150-9f31-bbad83a27c0b@localhost,SuspiciousTitForTat,D,1,1,63,63
64,player_90df6f40-46b7-48b5-adf3-bdc91f8798e5@localhost,AlwaysDefect,D,player_6e13aa5c-cc89-4150-9f31-bbad83a27c0b@localhost,SuspiciousTitForTat,D,1,1,64,64
65,player_90df6f40-46b7-48b5-adf3-bdc91f8798e5@localhost,AlwaysDefect,D,player_6e13aa5c-cc89-4150-9f31-bbad83a27c0b@localhost,SuspiciousTitForTat,D,1,1,65,65
66,player_90df6f40-46b7-48b5-adf3-bdc91f8798e5@localhost,AlwaysDefect,D,player_6e13aa5c-cc89-4150-9f31-bbad83a27c0b@localhost,SuspiciousTitForTat,D,1,1,66,66
67,player_90df6f40-46b7-48b5-adf3-bdc91f8798e5@localhost,AlwaysDefect,D,player_6e13aa5c-cc89-4150-9f31-bbad83a27c0b@localhost,SuspiciousTitForTat,D,1,1,67,67
68,player_90df6f40-46b7-48b5-adf3-bdc91f8798e5@localhost,AlwaysDefect,D,player_6e13aa5c-cc89-4150-9f31-bbad83a27c0b@localhost,SuspiciousTitForTat,D,1,1,68,68
69,player_90df6f40-46b7-48b5-adf3-bdc91f8798e5@localhost,AlwaysDefect,D,player_6e13aa5c-cc89-4150-9f31-bbad83a27c0b@localhost,SuspiciousTitForTat,D,1,1,69,69
70,player_90df6f40-46b7-48b5-adf3-bdc91f8798e5@localhost,AlwaysDefect,D,player_6e13aa5c-cc89-4150-9f31-bbad83a27c0b@localhost,SuspiciousTitForTat,D,1,1,70,70
71,player_90df6f40-46b7-48b5-adf3-bdc91f8798e5@localhost,AlwaysDefect,D,player_6e13aa5c-cc89-4150-9f31-bbad83a27c0b@localhost,SuspiciousTitForTat,D,1,1,71,71
72,player_90df6f40-46b7-48b5-adf3-bdc91f8798e5@localhost,AlwaysDefect,D,player_6e13aa5c-cc89-4150-9f31-bbad83a27c0b@localhost,SuspiciousTitForTat,D,1,1,72,72
73,player_90df6f40-46b7-48b5-adf3-bdc91f8798e5@localhost,AlwaysDefect,D,player_6e13aa5c-cc89-4150-9f31-bbad83a27c0b@localhost,SuspiciousTitForTat,D,1,1,73,73
74,player_90df6f40-46b7-48b5-adf3-bdc91f8798e5@localhost,AlwaysDefect,D,player_6e13aa5c-cc89-4150-9f31-bbad83a27c0b@localhost,SuspiciousTitForTat,D,1,1,74,74
75,player_90df6f40-46b7-48b5-adf3-bdc91f8798e5@localhost,AlwaysDefect,D,player_6e13aa5c-cc89-4150-9f31-bbad83a27c0b@localhost,SuspiciousTitForTat,D,1,1,75,75
76,player_90df6f40-46b7-48b5-adf3-bdc91f8798e5@localhost,AlwaysDefect,D,player_6e13aa5c-cc89-4150-9f31-bbad83a27c0b@localhost,SuspiciousTitForTat,D,1,1,76,76
77,player_90df6f40-46b7-48b5-adf3-bdc91f8798e5@localhost,AlwaysDefect,D,player_6e13aa5c-cc89-4150-9f31-bbad83a27c0b@localhost,SuspiciousTitForTat,D,1,1,77,77
78,player_90df6f40-46b7-48b5-adf3-bdc91f8798e5@localhost,AlwaysDefect,D,player_6e13aa5c-cc89-4150-9f31-bbad83a27c0b@localhost,SuspiciousTitForTat,D,1,1,78,78
79,player_90df6f40-46b7-48b5-adf3-bdc91f8798e5@localhost,AlwaysDefect,D,player_6e13aa5c-cc89-4150-9f31-bbad83a27c0b@localhost,SuspiciousTitForTat,D,1,1,79,79
80,player_90df6f40-46b7-48b5-adf3-bdc91f8798e5@localhost,AlwaysDefect,D,player_6e13aa5c-cc89-4150-9f31-bbad83a27c0b@localhost,SuspiciousTitForTat,D,1,1,80,80
81,player_90df6f40-46b7-48b5-adf3-bdc91f8798e5@localhost,AlwaysDefect,D,player_6e13aa5c-cc89-4150-9f31-bbad83a27c0b@localhost,SuspiciousTitForTat,D,1,1,81,81
82,player_90df6f40-46b7-48b5-adf3-bdc91f8798e5@localhost,AlwaysDefect,D,player_6e13aa5c-cc89-4150-9f31-bbad83a27c0b@localhost,SuspiciousTitForTat,D,1,1,82,82
83,player_90df6f40-46b7-48b5-adf3-bdc91f8798e5@localhost,AlwaysDefect,D,player_6e13aa5c-cc89-4150-9f31-bbad83a27c0b@localhost,SuspiciousTitForTat,D,1,1,83,83
84,player_90df6f40-46b7-48b5-adf3-bdc91f8798e5@localhost,AlwaysDefect,D,player_6e13aa5c-cc89-4150-9f31-bbad83a27c0b@localhost,SuspiciousTitForTat,D,1,1,84,84
85,player_90df6f40-46b7-48b5-adf3-bdc91f8798e5@localhost,AlwaysDefect,D,player_6e13aa5c-cc89-4150-9f31-bbad83a27c0b@localhost,SuspiciousTitForTat,D,1,1,85,85
86,player_90df6f40-46b7-48b5-adf3-bdc91f8798e5@localhost,AlwaysDefect,D,player_6e13aa5c-cc89-4150-9f31-bbad83a27c0b@localhost,SuspiciousTitForTat,D,1,1,86,86
87,player_90df6f40-46b7-48b5-adf3-bdc91f8798e5@localhost,AlwaysDefect,D,player_6e13aa5c-cc89-4150-9f31-bbad83a27c0b@localhost,SuspiciousTitForTat,D,1,1,87,87
88,player_90df6f40-46b7-48b5-adf3-bdc91f8798e5@localhost,AlwaysDefect,D,player_6e13aa5c-cc89-4150-9f31-bbad83a27c0b@localhost,SuspiciousTitForTat,D,1,1,88,88
89,player_90df6f40-46b7-48b5-adf3-bdc91f8798e5@localhost,AlwaysDefect,D,player_6e13aa5c-cc89-4150-9f31-bbad83a27c0b@localhost,SuspiciousTitForTat,D,1,1,89,89
90,player_90df6f40-46b7-48b5-adf3-bdc91f8798e5@localhost,AlwaysDefect,D,player_6e13aa5c-cc89-4150-9f31-bbad83a27c0b@localhost,SuspiciousTitForTat,D,1,1,90,90
91,player_90df6f40-46b7-48b5-adf3-bdc91f8798e5@localhost,AlwaysDefect,D,player_6e13aa5c-cc89-4150-9f31-bbad83a27c0b@localhost,SuspiciousTitForTat,D,1,1,91,91
92,player_90df6f40-46b7-48b5-adf3-bdc91f8798e5@localhost,AlwaysDefect,D,player_6e13aa5c-cc89-4150-9f31-bbad83a27c0b@localhost,SuspiciousTitForTat,D,1,1,92,92
93,player_90df6f40-46b7-48b5-adf3-bdc91f8798e5@localhost,AlwaysDefect,D,player_6e13aa5c-cc89-4150-9f31-bbad83a27c0b@localhost,SuspiciousTitForTat,D,1,1,93,93
94,player_90df6f40-46b7-48b5-adf3-bdc91f8798e5@localhost,AlwaysDefect,D,player_6e13aa5c-cc89-4150-9f31-bbad83a27c0b@localhost,SuspiciousTitForTat,D,1,1,94,94
95,player_90df6f40-46b7-48b5-adf3-bdc91f8798e5@localhost,AlwaysDefect,D,player_6e13aa5c-cc89-4150-9f31-bbad83a27c0b@localhost,SuspiciousTitForTat,D,1,1,95,95
96,player_90df6f40-46b7-48b5-adf3-bdc91f8798e5@localhost,AlwaysDefect,D,player_6e13aa5c-cc89-4150-9f31-bbad83a27c0b@localhost,SuspiciousTitForTat,D,1,1,96,96
97,player_90df6f40-46b7-48b5-adf3-bdc91f8798e5@localhost,AlwaysDefect,D,player_6e13aa5c-cc89-4150-9f31-bbad83a27c0b@localhost,SuspiciousTitForTat,D,1,1,97,97
98,player_90df6f40-46b7-48b5-adf3-bdc91f8798e5@localhost,AlwaysDefect,D,player_6e13aa5c-cc89-4150-9f31-bbad83a27c0b@localhost,SuspiciousTitForTat,D,1,1,98,98
99,player_90df6f40-46b7-48b5-adf3-bdc91f8798e5@localhost,AlwaysDefect,D,player_6e13aa5c-cc89-4150-9f31-bbad83a27c0b@localhost,SuspiciousTitForTat,D,1,1,99,99
100,player_90df6f40-46b7-48b5-adf3-bdc91f8798e5@localhost,AlwaysDefect,D,player_6e13aa5c-cc89-4150-9f31-bbad83a27c0b@localhost,SuspiciousTitForTat,D,1,1,100,100
101,player_90df6f40-46b7-48b5-adf3-bdc91f8798e5@localhost,AlwaysDefect,D,player_6e13aa5c-cc89-4150-9f31-bbad83a27c0b@localhost,SuspiciousTitForTat,D,1,1,101,101
102,player_90df6f40-46b7-48b5-adf3-bdc91f8798e5@localhost,AlwaysDefect,D,player_6e13aa5c-cc89-4150-9f31-bbad83a27c0b@localhost,SuspiciousTitForTat,D,1,1,102,102
103,player_90df6f40-46b7-48b5-adf3-bdc91f8798e5@localhost,AlwaysDefect,D,player_6e13aa5c-cc89-4150-9f31-bbad83a27c0b@localhost,SuspiciousTitForTat,D,1,1,103,103
104,player_90df6f40-46b7-48b5-adf3-bdc91f8798e5@localhost,AlwaysDefect,D,player_6e13aa5c-cc89-4150-9f31-bbad83a27c0b@localhost,SuspiciousTitForTat,D,1,1,104,104
105,player_90df6f40-46b7-48b5-adf3-bdc91f8798e5@localhost,AlwaysDefect,D,player_6e13aa5c-cc89-4150-9f31-bbad83a27c0b@localhost,SuspiciousTitForTat,D,1,1,105,105
106,player_90df6f40-46b7-48b5-adf3-bdc91f8798e5@localhost,AlwaysDefect,D,player_6e13aa5c-cc89-4150-9f31-bbad83a27c0b@localhost,SuspiciousTitForTat,D,1,1,106,106
107,player_90df6f40-46b7-48b5-adf3-bdc91f8798e5@localhost,AlwaysDefect,D,player_6e13aa5c-cc89-4150-9f31-bbad83a27c0b@localhost,SuspiciousTitForTat,D,1,1,107,107
108,player_90df6f40-46b7-48b5-adf3-bdc91f8798e5@localhost,AlwaysDefect,D,player_6e13aa5c-cc89-4150-9f31-bbad83a27c0b@localhost,SuspiciousTitForTat,D,1,1,108,108
109,player_90df6f40-46b7-48b5-adf3-bdc91f8798e5@localhost,AlwaysDefect,D,player_6e13aa5c-cc89-4150-9f31-bbad83a27c0b@localhost,SuspiciousTitForTat,D,1,1,109,109
110,player_90df6f40-46b7-48b5-adf3-bdc91f8798e5@localhost,AlwaysDefect,D,player_6e13aa5c-cc89-4150-9f31-bbad83a27c0b@localhost,SuspiciousTitForTat,D,1,1,110,110
111,player_90df6f40-46b7-48b5-adf3-bdc91f8798e5@localhost,AlwaysDefect,D,player_6e13aa5c-cc89-4150-9f31-bbad83a27c0b@localhost,SuspiciousTitForTat,D,1,1,111,111
112,player_90df6f40-46b7-48b5-adf3-bdc91f8798e5@localhost,AlwaysDefect,D,player_6e13aa5c-cc89-4150-9f31-bbad83a27c0b@localhost,SuspiciousTitForTat,D,1,1,112,112
113,player_90df6f40-46b7-48b5-adf3-bdc91f8798e5@localhost,AlwaysDefect,D,player_6e13aa5c-cc89-4150-9f31-bbad83a27c0b@localhost,SuspiciousTitForTat,D,1,1,113,113
114,player_90df6f40-46b7-48b5-adf3-bdc91f8798e5@localhost,AlwaysDefect,D,player_6e13aa5c-cc89-4150-9f31-bbad83a27c0b@localhost,SuspiciousTitForTat,D,1,1,114,114
115,player_90df6f40-46b7-48b5-adf3-bdc91f8798e5@localhost,AlwaysDefect,D,player_6e13aa5c-cc89-4150-9f31-bbad83a27c0b@localhost,SuspiciousTitForTat,D,1,1,115,115
116,player_90df6f40-46b7-48b5-adf3-bdc91f8798e5@localhost,AlwaysDefect,D,player_6e13aa5c-cc89-4150-9f31-bbad83a27c0b@localhost,SuspiciousTitForTat,D,1,1,116,116
117,player_90df6f40-46b7-48b5-adf3-bdc91f8798e5@localhost,AlwaysDefect,D,player_6e13aa5c-cc89-4150-9f31-bbad83a27c0b@localhost,SuspiciousTitForTat,D,1,1,117,117
118,player_90df6f40-46b7-48b5-adf3-bdc91f8798e5@localhost,AlwaysDefect,D,player_6e13aa5c-cc89-4150-9f31-bbad83a27c0b@localhost,SuspiciousTitForTat,D,1,1,118,118
119,player_90df6f40-46b7-48b5-adf3-bdc91f8798e5@localhost,AlwaysDefect,D,player_6e13aa5c-cc89-4150-9f31-bbad83a27c0b@localhost,SuspiciousTitForTat,D,1,1,119,119
120,player_90df6f40-46b7-48b5-adf3-bdc91f8798e5@localhost,AlwaysDefect,D,player_6e13aa5c-cc89-4150-9f31-bbad83a27c0b@localhost,SuspiciousTitForTat,D,1,1,120,120
121,player_90df6f40-46b7-48b5-adf3-bdc91f8798e5@localhost,AlwaysDefect,D,player_6e13aa5c-cc89-4150-9f31-bbad83a27c0b@localhost,SuspiciousTitForTat,D,1,1,121,121
122,player_90df6f40-46b7-48b5-adf3-bdc91f8798e5@localhost,AlwaysDefect,D,player_6e13aa5c-cc89-4150-9f31-bbad83a27c0b@localhost,SuspiciousTitForTat,D,1,1,122,122
123,player_90df6f40-46b7-48b5-adf3-bdc91f8798e5@localhost,AlwaysDefect,D,player_6e13aa5c-cc89-4150-9f31-bbad83a27c0b@localhost,SuspiciousTitForTat,D,1,1,123,123
124,player_90df6f40-46b7-48b5-adf3-bdc91f8798e5@localhost,AlwaysDefect,D,player_6e13aa5c-cc89-4150-9f31-bbad83a27c0b@localhost,SuspiciousTitForTat,D,1,1,124,124
125,player_90df6f40-46b7-48b5-adf3-bdc91f8798e5@localhost,AlwaysDefect,D,player_6e13aa5c-cc89-4150-9f31-bbad83a27c0b@localhost,SuspiciousTitForTat,D,1,1,125,125
126,player_90df6f40-46b7-48b5-adf3-bdc91f8798e5@localhost,AlwaysDefect,D,player_6e13aa5c-cc89-4150-9f31-bbad83a27c0b@localhost,SuspiciousTitForTat,D,1,1,126,126
127,player_90df6f40-46b7-48b5-adf3-bdc91f8798e5@localhost,AlwaysDefect,D,player_6e13aa5c-cc89-4150-9f31-bbad83a27c0b@localhost,SuspiciousTitForTat,D,1,1,127,127
128,player_90df6f40-46b7-48b5-adf3-bdc91f8798e5@localhost,AlwaysDefect,D,player_6e13aa5c-cc89-4150-9f31-bbad83a27c0b@localhost,SuspiciousTitForTat,D,1,1,128,128
129,player_90df6f40-46b7-48b5-adf3-bdc91f8798e5@localhost,AlwaysDefect,D,player_6e13aa5c-cc89-4150-9f31-bbad83a27c0b@localhost,SuspiciousTitForTat,D,1,1,129,129
130,player_90df6f40-46b7-48b5-adf3-bdc91f8798e5@localhost,AlwaysDefect,D,player_6e13aa5c-cc89-4150-9f31-bbad83a27c0b@localhost,SuspiciousTitForTat,D,1,1,130,130
131,player_90df6f40-46b7-48b5-adf3-bdc91f8798e5@localhost,AlwaysDefect,D,player_6e13aa5c-cc89-4150-9f31-bbad83a27c0b@localhost,SuspiciousTitForTat,D,1,1,131,131
132,player_90df6f40-46b7-48b5-adf3-bdc91f8798e5@localhost,AlwaysDefect,D,player_6e13aa5c-cc89-4150-9f31-bbad83a27c0b@localhost,SuspiciousTitForTat,D,1,1,132,132
133,player_90df6f40-46b7-48b5-adf3-bdc91f8798e5@localhost,AlwaysDefect,D,player_6e13aa5c-cc89-4150-9f31-bbad83a27c0b@localhost,SuspiciousTitForTat,D,1,1,133,133
134,player_90df6f40-46b7-48b5-adf3-bdc91f8798e5@localhost,AlwaysDefect,D,player_6e13aa5c-cc89-4150-9f31-bbad83a27c0b@localhost,SuspiciousTitForTat,D,1,1,134,134
135,player_90df6f40-46b7-48b5-adf3-bdc91f8798e5@localhost,AlwaysDefect,D,player_6e13aa5c-cc89-4150-9f31-bbad83a27c0b@localhost,SuspiciousTitForTat,D,1,1,135,135
136,player_90df6f40-46b7-48b5-adf3-bdc91f8798e5@localhost,AlwaysDefect,D,player_6e13aa5c-cc89-4150-9f31-bbad83a27c0b@localhost,SuspiciousTitForTat,D,1,1,136,136
137,player_90df6f40-46b7-48b5-adf3-bdc91f8798e5@localhost,AlwaysDefect,D,player_6e13aa5c-cc89-4150-9f31-bbad83a27c0b@localhost,SuspiciousTitForTat,D,1,1,137,137
138,player_90df6f40-46b7-48b5-adf3-bdc91f8798e5@localhost,AlwaysDefect,D,player_6e13aa5c-cc89-4150-9f31-bbad83a27c0b@localhost,SuspiciousTitForTat,D,1,1,138,138
139,player_90df6f40-46b7-48b5-adf3-bdc91f8798e5@localhost,AlwaysDefect,D,player_6e13aa5c-cc89-4150-9f31-bbad83a27c0b@localhost,SuspiciousTitForTat,D,1,1,139,139
140,player_90df6f40-46b7-48b5-adf3-bdc91f8798e5@localhost,AlwaysDefect,D,player_6e13aa5c-cc89-4150-9f31-bbad83a27c0b@localhost,SuspiciousTitForTat,D,1,1,140,140
141,player_90df6f40-46b7-48b5-adf3-bdc91f8798e5@localhost,AlwaysDefect,D,player_6e13aa5c-cc89-4150-9f31-bbad83a27c0b@localhost,SuspiciousTitForTat,D,1,1,141,141
142,player_90df6f40-46b7-48b5-adf3-bdc91f8798e5@localhost,AlwaysDefect,D,player_6e13aa5c-cc89-4150-9f31-bbad83a27c0b@localhost,SuspiciousTitForTat,D,1,1,142,142
143,player_90df6f40-46b7-48b5-adf3-bdc91f8798e5@localhost,AlwaysDefect,D,player_6e13aa5c-cc89-4150-9f31-bbad83a27c0b@localhost,SuspiciousTitForTat,D,1,1,143,143
144,player_90df6f40-46b7-48b5-adf3-bdc91f8798e5@localhost,AlwaysDefect,D,player_6e13aa5c-cc89-4150-9f31-bbad83a27c0b@localhost,SuspiciousTitForTat,D,1,1,144,144
145,player_90df6f40-46b7-48b5-adf3-bdc91f8798e5@localhost,AlwaysDefect,D,player_6e13aa5c-cc89-4150-9f31-bbad83a27c0b@localhost,SuspiciousTitForTat,D,1,1,145,145
146,player_90df6f40-46b7-48b5-adf3-bdc91f8798e5@localhost,AlwaysDefect,D,player_6e13aa5c-cc89-4150-9f31-bbad83a27c0b@localhost,SuspiciousTitForTat,D,1,1,146,146
147,player_90df6f40-46b7-48b5-adf3-bdc91f8798e5@localhost,AlwaysDefect,D,player_6e13aa5c-cc89-4150-9f31-bbad83a27c0b@localhost,SuspiciousTitForTat,D,1,1,147,147
148,player_90df6f40-46b7-48b5-adf3-bdc91f8798e5@localhost,AlwaysDefect,D,player_6e13aa5c-cc89-4150-9f31-bbad83a27c0b@localhost,SuspiciousTitForTat,D,1,1,148,148
149,player_90df6f40-46b7-48b5-adf3-bdc91f8798e5@localhost,AlwaysDefect,D,player_6e13aa5c-cc89-4150-9f31-bbad83a27c0b@localhost,SuspiciousTitForTat,D,1,1,149,149
150,player_90df6f40-46b7-48b5-adf3-bdc91f8798e5@localhost,AlwaysDefect,D,player_6e13aa5c-cc89-4150-9f31-bbad83a27c0b@localhost,SuspiciousTitForTat,D,1,1,150,150
151,player_90df6f40-46b7-48b5-adf3-bdc91f8798e5@localhost,AlwaysDefect,D,player_6e13aa5c-cc89-4150-9f31-bbad83a27c0b@localhost,SuspiciousTitForTat,D,1,1,151,151
152,player_90df6f40-46b7-48b5-adf3-bdc91f8798e5@localhost,AlwaysDefect,D,player_6e13aa5c-cc89-4150-9f31-bbad83a27c0b@localhost,SuspiciousTitForTat,D,1,1,152,152
153,player_90df6f40-46b7-48b5-adf3-bdc91f8798e5@localhost,AlwaysDefect,D,player_6e13aa5c-cc89-4150-9f31-bbad83a27c0b@localhost,SuspiciousTitForTat,D,1,1,153,153
154,player_90df6f40-46b7-48b5-adf3-bdc91f8798e5@localhost,AlwaysDefect,D,player_6e13aa5c-cc89-4150-9f31-bbad83a27c0b@localhost,SuspiciousTitForTat,D,1,1,154,154
155,player_90df6f40-46b7-48b5-adf3-bdc91f8798e5@localhost,AlwaysDefect,D,player_6e13aa5c-cc89-4150-9f31-bbad83a27c0b@localhost,SuspiciousTitForTat,D,1,1,155,155
156,player_90df6f40-46b7-48b5-adf3-bdc91f8798e5@localhost,AlwaysDefect,D,player_6e13aa5c-cc89-4150-9f31-bbad83a27c0b@localhost,SuspiciousTitForTat,D,1,1,156,156
157,player_90df6f40-46b7-48b5-adf3-bdc91f8798e5@localhost,AlwaysDefect,D,player_6e13aa5c-cc89-4150-9f31-bbad83a27c0b@localhost,SuspiciousTitForTat,D,1,1,157,157
158,player_90df6f40-46b7-48b5-adf3-bdc91f8798e5@localhost,AlwaysDefect,D,player_6e13aa5c-cc89-4150-9f31-bbad83a27c0b@localhost,SuspiciousTitForTat,D,1,1,158,158
159,player_90df6f40-46b7-48b5-adf3-bdc91f8798e5@localhost,AlwaysDefect,D,player_6e13aa5c-cc89-4150-9f31-bbad83a27c0b@localhost,SuspiciousTitForTat,D,1,1,159,159
160,player_90df6f40-46b7-48b5-adf3-bdc91f8798e5@localhost,AlwaysDefect,D,player_6e13aa5c-cc89-4150-9f31-bbad83a27c0b@localhost,SuspiciousTitForTat,D,1,1,160,160
161,player_90df6f40-46b7-48b5-adf3-bdc91f8798e5@localhost,AlwaysDefect,D,player_6e13aa5c-cc89-4150-9f31-bbad83a27c0b@localhost,SuspiciousTitForTat,D,1,1,161,161
162,player_90df6f40-46b7-48b5-adf3-bdc91f8798e5@localhost,AlwaysDefect,D,player_6e13aa5c-cc89-4150-9f31-bbad83a27c0b@localhost,SuspiciousTitForTat,D,1,1,162,162
163,player_90df6f40-46b7-48b5-adf3-bdc91f8798e5@localhost,AlwaysDefect,D,player_6e13aa5c-cc89-4150-9f31-bbad83a27c0b@localhost,SuspiciousTitForTat,D,1,1,163,163
164,player_90df6f40-46b7-48b5-adf3-bdc91f8798e5@localhost,AlwaysDefect,D,player_6e13aa5c-cc89-4150-9f31-bbad83a27c0b@localhost,SuspiciousTitForTat,D,1,1,164,164
165,player_90df6f40-46b7-48b5-adf3-bdc91f8798e5@localhost,AlwaysDefect,D,player_6e13aa5c-cc89-4150-9f31-bbad83a27c0b@localhost,SuspiciousTitForTat,D,1,1,165,165
166,player_90df6f40-46b7-48b5-adf3-bdc91f8798e5@localhost,AlwaysDefect,D,player_6e13aa5c-cc89-4150-9f31-bbad83a27c0b@localhost,SuspiciousTitForTat,D,1,1,166,166
167,player_90df6f40-46b7-48b5-adf3-bdc91f8798e5@localhost,AlwaysDefect,D,player_6e13aa5c-cc89-4150-9f31-bbad83a27c0b@localhost,SuspiciousTitForTat,D,1,1,167,167
168,player_90df6f40-46b7-48b5-adf3-bdc91f8798e5@localhost,AlwaysDefect,D,player_6e13aa5c-cc89-4150-9f31-bbad83a27c0b@localhost,SuspiciousTitForTat,D,1,1,168,168
169,player_90df6f40-46b7-48b5-adf3-bdc91f8798e5@localhost,AlwaysDefect,D,player_6e13aa5c-cc89-4150-9f31-bbad83a27c0b@localhost,SuspiciousTitForTat,D,1,1,169,169
170,player_90df6f40-46b7-48b5-adf3-bdc91f8798e5@localhost,AlwaysDefect,D,player_6e13aa5c-cc89-4150-9f31-bbad83a27c0b@localhost,SuspiciousTitForTat,D,1,1,170,170
171,player_90df6f40-46b7-48b5-adf3-bdc91f8798e5@localhost,AlwaysDefect,D,player_6e13aa5c-cc89-4150-9f31-bbad83a27c0b@localhost,SuspiciousTitForTat,D,1,1,171,171
172,player_90df6f40-46b7-48b5-adf3-bdc91f8798e5@localhost,AlwaysDefect,D,player_6e13aa5c-cc89-4150-9f31-bbad83a27c0b@localhost,SuspiciousTitForTat,D,1,1,172,172
173,player_90df6f40-46b7-48b5-adf3-bdc91f8798e5@localhost,AlwaysDefect,D,player_6e13aa5c-cc89-4150-9f31-bbad83a27c0b@localhost,SuspiciousTitForTat,D,1,1,173,173
174,player_90df6f40-46b7-48b5-adf3-bdc91f8798e5@localhost,AlwaysDefect,D,player_6e13aa5c-cc89-4150-9f31-bbad83a27c0b@localhost,SuspiciousTitForTat,D,1,1,174,174
175,player_90df6f40-46b7-48b5-adf3-bdc91f8798e5@localhost,AlwaysDefect,D,player_6e13aa5c-cc89-4150-9f31-bbad83a27c0b@localhost,SuspiciousTitForTat,D,1,1,175,175
176,player_90df6f40-46b7-48b5-adf3-bdc91f8798e5@localhost,AlwaysDefect,D,player_6e13aa5c-cc89-4150-9f31-bbad83a27c0b@localhost,SuspiciousTitForTat,D,1,1,176,176
177,player_90df6f40-46b7-48b5-adf3-bdc91f8798e5@localhost,AlwaysDefect,D,player_6e13aa5c-cc89-4150-9f31-bbad83a27c0b@localhost,SuspiciousTitForTat,D,1,1,177,177
178,player_90df6f40-46b7-48b5-adf3-bdc91f8798e5@localhost,AlwaysDefect,D,player_6e13aa5c-cc89-4150-9f31-bbad83a27c0b@localhost,SuspiciousTitForTat,D,1,1,178,178
179,player_90df6f40-46b7-48b5-adf3-bdc91f8798e5@localhost,AlwaysDefect,D,player_6e13aa5c-cc89-4150-9f31-bbad83a27c0b@localhost,SuspiciousTitForTat,D,1,1,179,179
180,player_90df6f40-46b7-48b5-adf3-bdc91f8798e5@localhost,AlwaysDefect,D,player_6e13aa5c-cc89-4150-9f31-bbad83a27c0b@localhost,SuspiciousTitForTat,D,1,1,180,180
181,player_90df6f40-46b7-48b5-adf3-bdc91f8798e5@localhost,AlwaysDefect,D,player_6e13aa5c-cc89-4150-9f31-bbad83a27c0b@localhost,SuspiciousTitForTat,D,1,1,181,181
182,player_90df6f40-46b7-48b5-adf3-bdc91f8798e5@localhost,AlwaysDefect,D,player_6e13aa5c-cc89-4150-9f31-bbad83a27c0b@localhost,SuspiciousTitForTat,D,1,1,182,182
183,player_90df6f40-46b7-48b5-adf3-bdc91f8798e5@localhost,AlwaysDefect,D,player_6e13aa5c-cc89-4150-9f31-bbad83a27c0b@localhost,SuspiciousTitForTat,D,1,1,183,183
184,player_90df6f40-46b7-48b5-adf3-bdc91f8798e5@localhost,AlwaysDefect,D,player_6e13aa5c-cc89-4150-9f31-bbad83a27c0b@localhost,SuspiciousTitForTat,D,1,1,184,184
185,player_90df6f40-46b7-48b5-adf3-bdc91f8798e5@localhost,AlwaysDefect,D,player_6e13aa5c-cc89-4150-9f31-bbad83a27c0b@localhost,SuspiciousTitForTat,D,1,1,185,185
186,player_90df6f40-46b7-48b5-adf3-bdc91f8798e5@localhost,AlwaysDefect,D,player_6e13aa5c-cc89-4150-9f31-bbad83a27c0b@localhost,SuspiciousTitForTat,D,1,1,186,186
187,player_90df6f40-46b7-48b5-adf3-bdc91f8798e5@localhost,AlwaysDefect,D,player_6e13aa5c-cc89-4150-9f31-bbad83a27c0b@localhost,SuspiciousTitForTat,D,1,1,187,187
188,player_90df6f40-46b7-48b5-adf3-bdc91f8798e5@localhost,AlwaysDefect,D,player_6e13aa5c-cc89-4150-9f31-bbad83a27c0b@localhost,SuspiciousTitForTat,D,1,1,188,188
189,player_90df6f40-46b7-48b5-adf3-bdc91f8798e5@localhost,AlwaysDefect,D,player_6e13aa5c-cc89-4150-9f31-bbad83a27c0b@localhost,SuspiciousTitForTat,D,1,1,189,189
190,player_90df6f40-46b7-48b5-adf3-bdc91f8798e5@localhost,AlwaysDefect,D,player_6e13aa5c-cc89-4150-9f31-bbad83a27c0b@localhost,SuspiciousTitForTat,D,1,1,190,190
191,player_90df6f40-46b7-48b5-adf3-bdc91f8798e5@localhost,AlwaysDefect,D,player_6e13aa5c-cc89-4150-9f31-bbad83a27c0b@localhost,SuspiciousTitForTat,D,1,1,191,191
192,player_90df6f40-46b7-48b5-adf3-bdc91f8798e5@localhost,AlwaysDefect,D,player_6e13aa5c-cc89-4150-9f31-bbad83a27c0b@localhost,SuspiciousTitForTat,D,1,1,192,192
193,player_90df6f40-46b7-48b5-adf3-bdc91f8798e5@localhost,AlwaysDefect,D,player_6e13aa5c-cc89-4150-9f31-bbad83a27c0b@localhost,SuspiciousTitForTat,D,1,1,193,193
194,player_90df6f40-46b7-48b5-adf3-bdc91f8798e5@localhost,AlwaysDefect,D,player_6e13aa5c-cc89-4150-9f31-bbad83a27c0b@localhost,SuspiciousTitForTat,D,1,1,194,194
195,player_90df6f40-46b7-48b5-adf3-bdc91f8798e5@localhost,AlwaysDefect,D,player_6e13aa5c-cc89-4150-9f31-bbad83a27c0b@localhost,SuspiciousTitForTat,D,1,1,195,195
196,player_90df6f40-46b7-48b5-adf3-bdc91f8798e5@localhost,AlwaysDefect,D,player_6e13aa5c-cc89-4150-9f31-bbad83a27c0b@localhost,SuspiciousTitForTat,D,1,1,196,196
197,player_90df6f40-46b7-48b5-adf3-bdc91f8798e5@localhost,AlwaysDefect,D,player_6e13aa5c-cc89-4150-9f31-bbad83a27c0b@localhost,SuspiciousTitForTat,D,1,1,197,197
198,player_90df6f40-46b7-48b5-adf3-bdc91f8798e5@localhost,AlwaysDefect,D,player_6e13aa5c-cc89-4150-9f31-bbad83a27c0b@localhost,SuspiciousTitForTat,D,1,1,198,198
199,player_90df6f40-46b7-48b5-adf3-bdc91f8798e5@localhost,AlwaysDefect,D,player_6e13aa5c-cc89-4150-9f31-bbad83a27c0b@localhost,SuspiciousTitForTat,D,1,1,199,199
200,player_90df6f40-46b7-48b5-adf3-bdc91f8798e5@localhost,AlwaysDefect,D,player_6e13aa5c-cc89-4150-9f31-bbad83a27c0b@localhost,SuspiciousTitForTat,D,1,1,200,200
201,player_90df6f40-46b7-48b5-adf3-bdc91f8798e5@localhost,AlwaysDefect,D,player_6e13aa5c-cc89-4150-9f31-bbad83a27c0b@localhost,SuspiciousTitForTat,D,1,1,201,201
202,player_90df6f40-46b7-48b5-adf3-bdc91f8798e5@localhost,AlwaysDefect,D,player_6e13aa5c-cc89-4150-9f31-bbad83a27c0b@localhost,SuspiciousTitForTat,D,1,1,202,202
203,player_90df6f40-46b7-48b5-adf3-bdc91f8798e5@localhost,AlwaysDefect,D,player_6e13aa5c-cc89-4150-9f31-bbad83a27c0b@localhost,SuspiciousTitForTat,D,1,1,203,203
204,player_90df6f40-46b7-48b5-adf3-bdc91f8798e5@localhost,AlwaysDefect,D,player_6e13aa5c-cc89-4150-9f31-bbad83a27c0b@localhost,SuspiciousTitForTat,D,1,1,204,204
205,player_90df6f40-46b7-48b5-adf3-bdc91f8798e5@localhost,AlwaysDefect,D,player_6e13aa5c-cc89-4150-9f31-bbad83a27c0b@localhost,SuspiciousTitForTat,D,1,1,205,205
206,player_90df6f40-46b7-48b5-adf3-bdc91f8798e5@localhost,AlwaysDefect,D,player_6e13aa5c-cc89-4150-9f31-bbad83a27c0b@localhost,SuspiciousTitForTat,D,1,1,206,206
207,player_90df6f40-46b7-48b5-adf3-bdc91f8798e5@localhost,AlwaysDefect,D,player_6e13aa5c-cc89-4150-9f31-bbad83a27c0b@localhost,SuspiciousTitForTat,D,1,1,207,207
208,player_90df6f40-46b7-48b5-adf3-bdc91f8798e5@localhost,AlwaysDefect,D,player_6e13aa5c-cc89-4150-9f31-bbad83a27c0b@localhost,SuspiciousTitForTat,D,1,1,208,208
209,player_90df6f40-46b7-48b5-adf3-bdc91f8798e5@localhost,AlwaysDefect,D,player_6e13aa5c-cc89-4150-9f31-bbad83a27c0b@localhost,SuspiciousTitForTat,D,1,1,209,209
210,player_90df6f40-46b7-48b5-adf3-bdc91f8798e5@localhost,AlwaysDefect,D,player_6e13aa5c-cc89-4150-9f31-bbad83a27c0b@localhost,SuspiciousTitForTat,D,1,1,210,210
211,player_90df6f40-46b7-48b5-adf3-bdc91f8798e5@localhost,AlwaysDefect,D,player_6e13aa5c-cc89-4150-9f31-bbad83a27c0b@localhost,SuspiciousTitForTat,D,1,1,211,211
212,player_90df6f40-46b7-48b5-adf3-bdc91f8798e5@localhost,AlwaysDefect,D,player_6e13aa5c-cc89-4150-9f31-bbad83a27c0b@localhost,SuspiciousTitForTat,D,1,1,212,212
213,player_90df6f40-46b7-48b5-adf3-bdc91f8798e5@localhost,AlwaysDefect,D,player_6e13aa5c-cc89-4150-9f31-bbad83a27c0b@localhost,SuspiciousTitForTat,D,1,1,213,213
214,player_90df6f40-46b7-48b5-adf3-bdc91f8798e5@localhost,AlwaysDefect,D,player_6e13aa5c-cc89-4150-9f31-bbad83a27c0b@localhost,SuspiciousTitForTat,D,1,1,214,214
215,player_90df6f40-46b7-48b5-adf3-bdc91f8798e5@localhost,AlwaysDefect,D,player_6e13aa5c-cc89-4150-9f31-bbad83a27c0b@localhost,SuspiciousTitForTat,D,1,1,215,215
216,player_90df6f40-46b7-48b5-adf3-bdc91f8798e5@localhost,AlwaysDefect,D,player_6e13aa5c-cc89-4150-9f31-bbad83a27c0b@localhost,SuspiciousTitForTat,D,1,1,216,216
217,player_90df6f40-46b7-48b5-adf3-bdc91f8798e5@localhost,AlwaysDefect,D,player_6e13aa5c-cc89-4150-9f31-bbad83a27c0b@localhost,SuspiciousTitForTat,D,1,1,217,217
218,player_90df6f40-46b7-48b5-adf3-bdc91f8798e5@localhost,AlwaysDefect,D,player_6e13aa5c-cc89-4150-9f31-bbad83a27c0b@localhost,SuspiciousTitForTat,D,1,1,218,218
219,player_90df6f40-46b7-48b5-adf3-bdc91f8798e5@localhost,AlwaysDefect,D,player_6e13aa5c-cc89-4150-9f31-bbad83a27c0b@localhost,SuspiciousTitForTat,D,1,1,219,219
220,player_90df6f40-46b7-48b5-adf3-bdc91f8798e5@localhost,AlwaysDefect,D,player_6e13aa5c-cc89-4150-9f31-bbad83a27c0b@localhost,SuspiciousTitForTat,D,1,1,220,220
221,player_90df6f40-46b7-48b5-adf3-bdc91f8798e5@localhost,AlwaysDefect,D,player_6e13aa5c-cc89-4150-9f31-bbad83a27c0b@localhost,SuspiciousTitForTat,D,1,1,221,221
222,player_90df6f40-46b7-48b5-adf3-bdc91f8798e5@localhost,AlwaysDefect,D,player_6e13aa5c-cc89-4150-9f31-bbad83a27c0b@localhost,SuspiciousTitForTat,D,1,1,222,222
223,player_90df6f40-46b7-48b5-adf3-bdc91f8798e5@localhost,AlwaysDefect,D,player_6e13aa5c-cc89-4150-9f31-bbad83a27c0b@localhost,SuspiciousTitForTat,D,1,1,223,223
224,player_90df6f40-46b7-48b5-adf3-bdc91f8798e5@localhost,AlwaysDefect,D,player_6e13aa5c-cc89-4150-9f31-bbad83a27c0b@localhost,SuspiciousTitForTat,D,1,1,224,224
225,player_90df6f40-46b7-48b5-adf3-bdc91f8798e5@localhost,AlwaysDefect,D,player_6e13aa5c-cc89-4150-9f31-bbad83a27c0b@localhost,SuspiciousTitForTat,D,1,1,225,225
226,player_90df6f40-46b7-48b5-adf3-bdc91f8798e5@localhost,AlwaysDefect,D,player_6e13aa5c-cc89-4150-9f31-bbad83a27c0b@localhost,SuspiciousTitForTat,D,1,1,226,226
227,player_90df6f40-46b7-48b5-adf3-bdc91f8798e5@localhost,AlwaysDefect,D,player_6e13aa5c-cc89-4150-9f31-bbad83a27c0b@localhost,SuspiciousTitForTat,D,1,1,227,227
228,player_90df6f40-46b7-48b5-adf3-bdc91f8798e5@localhost,AlwaysDefect,D,player_6e13aa5c-cc89-4150-9f31-bbad83a27c0b@localhost,SuspiciousTitForTat,D,1,1,228,228
229,player_90df6f40-46b7-48b5-adf3-bdc91f8798e5@localhost,AlwaysDefect,D,player_6e13aa5c-cc89-4150-9f31-bbad83a27c0b@localhost,SuspiciousTitForTat,D,1,1,229,229
230,player_90df6f40-46b7-48b5-adf3-bdc91f8798e5@localhost,AlwaysDefect,D,player_6e13aa5c-cc89-4150-9f31-bbad83a27c0b@localhost,SuspiciousTitForTat,D,1,1,230,230
231,player_90df6f40-46b7-48b5-adf3-bdc91f8798e5@localhost,AlwaysDefect,D,player_6e13aa5c-cc89-4150-9f31-bbad83a27c0b@localhost,SuspiciousTitForTat,D,1,1,231,231
232,player_90df6f40-46b7-48b5-adf3-bdc91f8798e5@localhost,AlwaysDefect,D,player_6e13aa5c-cc89-4150-9f31-bbad83a27c0b@localhost,SuspiciousTitForTat,D,1,1,232,232
233,player_90df6f40-46b7-48b5-adf3-bdc91f8798e5@localhost,AlwaysDefect,D,player_6e13aa5c-cc89-4150-9f31-bbad83a27c0b@localhost,SuspiciousTitForTat,D,1,1,233,233
234,player_90df6f40-46b7-48b5-adf3-bdc91f8798e5@localhost,AlwaysDefect,D,player_6e13aa5c-cc89-4150-9f31-bbad83a27c0b@localhost,SuspiciousTitForTat,D,1,1,234,234
235,player_90df6f40-46b7-48b5-adf3-bdc91f8798e5@localhost,AlwaysDefect,D,player_6e13aa5c-cc89-4150-9f31-bbad83a27c0b@localhost,SuspiciousTitForTat,D,1,1,235,235
236,player_90df6f40-46b7-48b5-adf3-bdc91f8798e5@localhost,AlwaysDefect,D,player_6e13aa5c-cc89-4150-9f31-bbad83a27c0b@localhost,SuspiciousTitForTat,D,1,1,236,236
237,player_90df6f40-46b7-48b5-adf3-bdc91f8798e5@localhost,AlwaysDefect,D,player_6e13aa5c-cc89-4150-9f31-bbad83a27c0b@localhost,SuspiciousTitForTat,D,1,1,237,237
238,player_90df6f40-46b7-48b5-adf3-bdc91f8798e5@localhost,AlwaysDefect,D,player_6e13aa5c-cc89-4150-9f31-bbad83a27c0b@localhost,SuspiciousTitForTat,D,1,1,238,238
239,player_90df6f40-46b7-48b5-adf3-bdc91f8798e5@localhost,AlwaysDefect,D,player_6e13aa5c-cc89-4150-9f31-bbad83a27c0b@localhost,SuspiciousTitForTat,D,1,1,239,239
240,player_90df6f40-46b7-48b5-adf3-bdc91f8798e5@localhost,AlwaysDefect,D,player_6e13aa5c-cc89-4150-9f31-bbad83a27c0b@localhost,SuspiciousTitForTat,D,1,1,240,240
241,player_90df6f40-46b7-48b5-adf3-bdc91f8798e5@localhost,AlwaysDefect,D,player_6e13aa5c-cc89-4150-9f31-bbad83a27c0b@localhost,SuspiciousTitForTat,D,1,1,241,241
242,player_90df6f40-46b7-48b5-adf3-bdc91f8798e5@localhost,AlwaysDefect,D,player_6e13aa5c-cc89-4150-9f31-bbad83a27c0b@localhost,SuspiciousTitForTat,D,1,1,242,242
243,player_90df6f40-46b7-48b5-adf3-bdc91f8798e5@localhost,AlwaysDefect,D,player_6e13aa5c-cc89-4150-9f31-bbad83a27c0b@localhost,SuspiciousTitForTat,D,1,1,243,243
244,player_90df6f40-46b7-48b5-adf3-bdc91f8798e5@localhost,AlwaysDefect,D,player_6e13aa5c-cc89-4150-9f31-bbad83a27c0b@localhost,SuspiciousTitForTat,D,1,1,244,244
245,player_90df6f40-46b7-48b5-adf3-bdc91f8798e5@localhost,AlwaysDefect,D,player_6e13aa5c-cc89-4150-9f31-bbad83a27c0b@localhost,SuspiciousTitForTat,D,1,1,245,245
246,player_90df6f40-46b7-48b5-adf3-bdc91f8798e5@localhost,AlwaysDefect,D,player_6e13aa5c-cc89-4150-9f31-bbad83a27c0b@localhost,SuspiciousTitForTat,D,1,1,246,246
247,player_90df6f40-46b7-48b5-adf3-bdc91f8798e5@localhost,AlwaysDefect,D,player_6e13aa5c-cc89-4150-9f31-bbad83a27c0b@localhost,SuspiciousTitForTat,D,1,1,247,247
248,player_90df6f40-46b7-48b5-adf3-bdc91f8798e5@localhost,AlwaysDefect,D,player_6e13aa5c-cc89-4150-9f31-bbad83a27c0b@localhost,SuspiciousTitForTat,D,1,1,248,248
249,player_90df6f40-46b7-48b5-adf3-bdc91f8798e5@localhost,AlwaysDefect,D,player_6e13aa5c-cc89-4150-9f31-bbad83a27c0b@localhost,SuspiciousTitForTat,D,1,1,249,249
250,player_90df6f40-46b7-48b5-adf3-bdc91f8798e5@localhost,AlwaysDefect,D,player_6e13aa5c-cc89-4150-9f31-bbad83a27c0b@localhost,SuspiciousTitForTat,D,1,1,250,250
251,player_90df6f40-46b7-48b5-adf3-bdc91f8798e5@localhost,AlwaysDefect,D,player_6e13aa5c-cc89-4150-9f31-bbad83a27c0b@localhost,SuspiciousTitForTat,D,1,1,251,251
252,player_90df6f40-46b7-48b5-adf3-bdc91f8798e5@localhost,AlwaysDefect,D,player_6e13aa5c-cc89-4150-9f31-bbad83a27c0b@localhost,SuspiciousTitForTat,D,1,1,252,252
253,player_90df6f40-46b7-48b5-adf3-bdc91f8798e5@localhost,AlwaysDefect,D,player_6e13aa5c-cc89-4150-9f31-bbad83a27c0b@localhost,SuspiciousTitForTat,D,1,1,253,253
254,player_90df6f40-46b7-48b5-adf3-bdc91f8798e5@localhost,AlwaysDefect,D,player_6e13aa5c-cc89-4150-9f31-bbad83a27c0b@localhost,SuspiciousTitForTat,D,1,1,254,254
255,player_90df6f40-46b7-48b5-adf3-bdc91f8798e5@localhost,AlwaysDefect,D,player_6e13aa5c-cc89-4150-9f31-bbad83a27c0b@localhost,SuspiciousTitForTat,D,1,1,255,255
256,player_90df6f40-46b7-48b5-adf3-bdc91f8798e5@localhost,AlwaysDefect,D,player_6e13aa5c-cc89-4150-9f31-bbad83a27c0b@localhost,SuspiciousTitForTat,D,1,1,256,256
257,player_90df6f40-46b7-48b5-adf3-bdc91f8798e5@localhost,AlwaysDefect,D,player_6e13aa5c-cc89-4150-9f31-bbad83a27c0b@localhost,SuspiciousTitForTat,D,1,1,257,257
258,player_90df6f40-46b7-48b5-adf3-bdc91f8798e5@localhost,AlwaysDefect,D,player_6e13aa5c-cc89-4150-9f31-bbad83a27c0b@localhost,SuspiciousTitForTat,D,1,1,258,258
259,player_90df6f40-46b7-48b5-adf3-bdc91f8798e5@localhost,AlwaysDefect,D,player_6e13aa5c-cc89-4150-9f31-bbad83a27c0b@localhost,SuspiciousTitForTat,D,1,1,259,259
260,player_90df6f40-46b7-48b5-adf3-bdc91f8798e5@localhost,AlwaysDefect,D,player_6e13aa5c-cc89-4150-9f31-bbad83a27c0b@localhost,SuspiciousTitForTat,D,1,1,260,260
261,player_90df6f40-46b7-48b5-adf3-bdc91f8798e5@localhost,AlwaysDefect,D,player_6e13aa5c-cc89-4150-9f31-bbad83a27c0b@localhost,SuspiciousTitForTat,D,1,1,261,261
262,player_90df6f40-46b7-48b5-adf3-bdc91f8798e5@localhost,AlwaysDefect,D,player_6e13aa5c-cc89-4150-9f31-bbad83a27c0b@localhost,SuspiciousTitForTat,D,1,1,262,262
263,player_90df6f40-46b7-48b5-adf3-bdc91f8798e5@localhost,AlwaysDefect,D,player_6e13aa5c-cc89-4150-9f31-bbad83a27c0b@localhost,SuspiciousTitForTat,D,1,1,263,263
264,player_90df6f40-46b7-48b5-adf3-bdc91f8798e5@localhost,AlwaysDefect,D,player_6e13aa5c-cc89-4150-9f31-bbad83a27c0b@localhost,SuspiciousTitForTat,D,1,1,264,264
265,player_90df6f40-46b7-48b5-adf3-bdc91f8798e5@localhost,AlwaysDefect,D,player_6e13aa5c-cc89-4150-9f31-bbad83a27c0b@localhost,SuspiciousTitForTat,D,1,1,265,265
266,player_90df6f40-46b7-48b5-adf3-bdc91f8798e5@localhost,AlwaysDefect,D,player_6e13aa5c-cc89-4150-9f31-bbad83a27c0b@localhost,SuspiciousTitForTat,D,1,1,266,266
267,player_90df6f40-46b7-48b5-adf3-bdc91f8798e5@localhost,AlwaysDefect,D,player_6e13aa5c-cc89-4150-9f31-bbad83a27c0b@localhost,SuspiciousTitForTat,D,1,1,267,267
268,player_90df6f40-46b7-48b5-adf3-bdc91f8798e5@localhost,AlwaysDefect,D,player_6e13aa5c-cc89-4150-9f31-bbad83a27c0b@localhost,SuspiciousTitForTat,D,1,1,268,268
269,player_90df6f40-46b7-48b5-adf3-bdc91f8798e5@localhost,AlwaysDefect,D,player_6e13aa5c-cc89-4150-9f31-bbad83a27c0b@localhost,SuspiciousTitForTat,D,1,1,269,269
270,player_90df6f40-46b7-48b5-adf3-bdc91f8798e5@localhost,AlwaysDefect,D,player_6e13aa5c-cc89-4150-9f31-bbad83a27c0b@localhost,SuspiciousTitForTat,D,1,1,270,270
271,player_90df6f40-46b7-48b5-adf3-bdc91f8798e5@localhost,AlwaysDefect,D,player_6e13aa5c-cc89-4150-9f31-bbad83a27c0b@localhost,SuspiciousTitForTat,D,1,1,271,271
272,player_90df6f40-46b7-48b5-adf3-bdc91f8798e5@localhost,AlwaysDefect,D,player_6e13aa5c-cc89-4150-9f31-bbad83a27c0b@localhost,SuspiciousTitForTat,D,1,1,272,272
273,player_90df6f40-46b7-48b5-adf3-bdc91f8798e5@localhost,AlwaysDefect,D,player_6e13aa5c-cc89-4150-9f31-bbad83a27c0b@localhost,SuspiciousTitForTat,D,1,1,273,273
274,player_90df6f40-46b7-48b5-adf3-bdc91f8798e5@localhost,AlwaysDefect,D,player_6e13aa5c-cc89-4150-9f31-bbad83a27c0b@localhost,SuspiciousTitForTat,D,1,1,274,274
275,player_90df6f40-46b7-48b5-adf3-bdc91f8798e5@localhost,AlwaysDefect,D,player_6e13aa5c-cc89-4150-9f31-bbad83a27c0b@localhost,SuspiciousTitForTat,D,1,1,275,275
276,player_90df6f40-46b7-48b5-adf3-bdc91f8798e5@localhost,AlwaysDefect,D,player_6e13aa5c-cc89-4150-9f31-bbad83a27c0b@localhost,SuspiciousTitForTat,D,1,1,276,276
277,player_90df6f40-46b7-48b5-adf3-bdc91f8798e5@localhost,AlwaysDefect,D,player_6e13aa5c-cc89-4150-9f31-bbad83a27c0b@localhost,SuspiciousTitForTat,D,1,1,277,277
278,player_90df6f40-46b7-48b5-adf3-bdc91f8798e5@localhost,AlwaysDefect,D,player_6e13aa5c-cc89-4150-9f31-bbad83a27c0b@localhost,SuspiciousTitForTat,D,1,1,278,278
279,player_90df6f40-46b7-48b5-adf3-bdc91f8798e5@localhost,AlwaysDefect,D,player_6e13aa5c-cc89-4150-9f31-bbad83a27c0b@localhost,SuspiciousTitForTat,D,1,1,279,279
280,player_90df6f40-46b7-48b5-adf3-bdc91f8798e5@localhost,AlwaysDefect,D,player_6e13aa5c-cc89-4150-9f31-bbad83a27c0b@localhost,SuspiciousTitForTat,D,1,1,280,280
281,player_90df6f40-46b7-48b5-adf3-bdc91f8798e5@localhost,AlwaysDefect,D,player_6e13aa5c-cc89-4150-9f31-bbad83a27c0b@localhost,SuspiciousTitForTat,D,1,1,281,281
282,player_90df6f40-46b7-48b5-adf3-bdc91f8798e5@localhost,AlwaysDefect,D,player_6e13aa5c-cc89-4150-9f31-bbad83a27c0b@localhost,SuspiciousTitForTat,D,1,1,282,282
283,player_90df6f40-46b7-48b5-adf3-bdc91f8798e5@localhost,AlwaysDefect,D,player_6e13aa5c-cc89-4150-9f31-bbad83a27c0b@localhost,SuspiciousTitForTat,D,1,1,283,283
284,player_90df6f40-46b7-48b5-adf3-bdc91f8798e5@localhost,AlwaysDefect,D,player_6e13aa5c-cc89-4150-9f31-bbad83a27c0b@localhost,SuspiciousTitForTat,D,1,1,284,284
285,player_90df6f40-46b7-48b5-adf3-bdc91f8798e5@localhost,AlwaysDefect,D,player_6e13aa5c-cc89-4150-9f31-bbad83a27c0b@localhost,SuspiciousTitForTat,D,1,1,285,285
286,player_90df6f40-46b7-48b5-adf3-bdc91f8798e5@localhost,AlwaysDefect,D,player_6e13aa5c-cc89-4150-9f31-bbad83a27c0b@localhost,SuspiciousTitForTat,D,1,1,286,286
287,player_90df6f40-46b7-48b5-adf3-bdc91f8798e5@localhost,AlwaysDefect,D,player_6e13aa5c-cc89-4150-9f31-bbad83a27c0b@localhost,SuspiciousTitForTat,D,1,1,287,287
288,player_90df6f40-46b7-48b5-adf3-bdc91f8798e5@localhost,AlwaysDefect,D,player_6e13aa5c-cc89-4150-9f31-bbad83a27c0b@localhost,SuspiciousTitForTat,D,1,1,288,288
289,player_90df6f40-46b7-48b5-adf3-bdc91f8798e5@localhost,AlwaysDefect,D,player_6e13aa5c-cc89-4150-9f31-bbad83a27c0b@localhost,SuspiciousTitForTat,D,1,1,289,289
290,player_90df6f40-46b7-48b5-adf3-bdc91f8798e5@localhost,AlwaysDefect,D,player_6e13aa5c-cc89-4150-9f31-bbad83a27c0b@localhost,SuspiciousTitForTat,D,1,1,290,290
291,player_90df6f40-46b7-48b5-adf3-bdc91f8798e5@localhost,AlwaysDefect,D,player_6e13aa5c-cc89-4150-9f31-bbad83a27c0b@localhost,SuspiciousTitForTat,D,1,1,291,291
292,player_90df6f40-46b7-48b5-adf3-bdc91f8798e5@localhost,AlwaysDefect,D,player_6e13aa5c-cc89-4150-9f31-bbad83a27c0b@localhost,SuspiciousTitForTat,D,1,1,292,292
293,player_90df6f40-46b7-48b5-adf3-bdc91f8798e5@localhost,AlwaysDefect,D,player_6e13aa5c-cc89-4150-9f31-bbad83a27c0b@localhost,SuspiciousTitForTat,D,1,1,293,293
294,player_90df6f40-46b7-48b5-adf3-bdc91f8798e5@localhost,AlwaysDefect,D,player_6e13aa5c-cc89-4150-9f31-bbad83a27c0b@localhost,SuspiciousTitForTat,D,1,1,294,294
295,player_90df6f40-46b7-48b5-adf3-bdc91f8798e5@localhost,AlwaysDefect,D,player_6e13aa5c-cc89-4150-9f31-bbad83a27c0b@localhost,SuspiciousTitForTat,D,1,1,295,295
296,player_90df6f40-46b7-48b5-adf3-bdc91f8798e5@localhost,AlwaysDefect,D,player_6e13aa5c-cc89-4150-9f31-bbad83a27c0b@localhost,SuspiciousTitForTat,D,1,1,296,296
297,player_90df6f40-46b7-48b5-adf3-bdc91f8798e5@localhost,AlwaysDefect,D,player_6e13aa5c-cc89-4150-9f31-bbad83a27c0b@localhost,SuspiciousTitForTat,D,1,1,297,297
298,player_90df6f40-46b7-48b5-adf3-bdc91f8798e5@localhost,AlwaysDefect,D,player_6e13aa5c-cc89-4150-9f31-bbad83a27c0b@localhost,SuspiciousTitForTat,D,1,1,298,298
299,player_90df6f40-46b7-48b5-adf3-bdc91f8798e5@localhost,AlwaysDefect,D,player_6e13aa5c-cc89-4150-9f31-bbad83a27c0b@localhost,SuspiciousTitForTat,D,1,1,299,299
300,player_90df6f40-46b7-48b5-adf3-bdc91f8798e5@localhost,AlwaysDefect,D,player_6e13aa5c-cc89-4150-9f31-bbad83a27c0b@localhost,SuspiciousTitForTat,D,1,1,300,300
301,player_90df6f40-46b7-48b5-adf3-bdc91f8798e5@localhost,AlwaysDefect,D,player_6e13aa5c-cc89-4150-9f31-bbad83a27c0b@localhost,SuspiciousTitForTat,D,1,1,301,301
302,player_90df6f40-46b7-48b5-adf3-bdc91f8798e5@localhost,AlwaysDefect,D,player_6e13aa5c-cc89-4150-9f31-bbad83a27c0b@localhost,SuspiciousTitForTat,D,1,1,302,302
303,player_90df6f40-46b7-48b5-adf3-bdc91f8798e5@localhost,AlwaysDefect,D,player_6e13aa5c-cc89-4150-9f31-bbad83a27c0b@localhost,SuspiciousTitForTat,D,1,1,303,303
304,player_90df6f40-46b7-48b5-adf3-bdc91f8798e5@localhost,AlwaysDefect,D,player_6e13aa5c-cc89-4150-9f31-bbad83a27c0b@localhost,SuspiciousTitForTat,D,1,1,304,304
305,player_90df6f40-46b7-48b5-adf3-bdc91f8798e5@localhost,AlwaysDefect,D,player_6e13aa5c-cc89-4150-9f31-bbad83a27c0b@localhost,SuspiciousTitForTat,D,1,1,305,305
306,player_90df6f40-46b7-48b5-adf3-bdc91f8798e5@localhost,AlwaysDefect,D,player_6e13aa5c-cc89-4150-9f31-bbad83a27c0b@localhost,SuspiciousTitForTat,D,1,1,306,306
307,player_90df6f40-46b7-48b5-adf3-bdc91f8798e5@localhost,AlwaysDefect,D,player_6e13aa5c-cc89-4150-9f31-bbad83a27c0b@localhost,SuspiciousTitForTat,D,1,1,307,307
308,player_90df6f40-46b7-48b5-adf3-bdc91f8798e5@localhost,AlwaysDefect,D,player_6e13aa5c-cc89-4150-9f31-bbad83a27c0b@localhost,SuspiciousTitForTat,D,1,1,308,308
309,player_90df6f40-46b7-48b5-adf3-bdc91f8798e5@localhost,AlwaysDefect,D,player_6e13aa5c-cc89-4150-9f31-bbad83a27c0b@localhost,SuspiciousTitForTat,D,1,1,309,309
310,player_90df6f40-46b7-48b5-adf3-bdc91f8798e5@localhost,AlwaysDefect,D,player_6e13aa5c-cc89-4150-9f31-bbad83a27c0b@localhost,SuspiciousTitForTat,D,1,1,310,310
311,player_90df6f40-46b7-48b5-adf3-bdc91f8798e5@localhost,AlwaysDefect,D,player_6e13aa5c-cc89-4150-9f31-bbad83a27c0b@localhost,SuspiciousTitForTat,D,1,1,311,311
312,player_90df6f40-46b7-48b5-adf3-bdc91f8798e5@localhost,AlwaysDefect,D,player_6e13aa5c-cc89-4150-9f31-bbad83a27c0b@localhost,SuspiciousTitForTat,D,1,1,312,312
313,player_90df6f40-46b7-48b5-adf3-bdc91f8798e5@localhost,AlwaysDefect,D,player_6e13aa5c-cc89-4150-9f31-bbad83a27c0b@localhost,SuspiciousTitForTat,D,1,1,313,313
314,player_90df6f40-46b7-48b5-adf3-bdc91f8798e5@localhost,AlwaysDefect,D,player_6e13aa5c-cc89-4150-9f31-bbad83a27c0b@localhost,SuspiciousTitForTat,D,1,1,314,314
315,player_90df6f40-46b7-48b5-adf3-bdc91f8798e5@localhost,AlwaysDefect,D,player_6e13aa5c-cc89-4150-9f31-bbad83a27c0b@localhost,SuspiciousTitForTat,D,1,1,315,315
316,player_90df6f40-46b7-48b5-adf3-bdc91f8798e5@localhost,AlwaysDefect,D,player_6e13aa5c-cc89-4150-9f31-bbad83a27c0b@localhost,SuspiciousTitForTat,D,1,1,316,316
317,player_90df6f40-46b7-48b5-adf3-bdc91f8798e5@localhost,AlwaysDefect,D,player_6e13aa5c-cc89-4150-9f31-bbad83a27c0b@localhost,SuspiciousTitForTat,D,1,1,317,317
318,player_90df6f40-46b7-48b5-adf3-bdc91f8798e5@localhost,AlwaysDefect,D,player_6e13aa5c-cc89-4150-9f31-bbad83a27c0b@localhost,SuspiciousTitForTat,D,1,1,318,318
319,player_90df6f40-46b7-48b5-adf3-bdc91f8798e5@localhost,AlwaysDefect,D,player_6e13aa5c-cc89-4150-9f31-bbad83a27c0b@localhost,SuspiciousTitForTat,D,1,1,319,319
320,player_90df6f40-46b7-48b5-adf3-bdc91f8798e5@localhost,AlwaysDefect,D,player_6e13aa5c-cc89-4150-9f31-bbad83a27c0b@localhost,SuspiciousTitForTat,D,1,1,320,320
321,player_90df6f40-46b7-48b5-adf3-bdc91f8798e5@localhost,AlwaysDefect,D,player_6e13aa5c-cc89-4150-9f31-bbad83a27c0b@localhost,SuspiciousTitForTat,D,1,1,321,321
322,player_90df6f40-46b7-48b5-adf3-bdc91f8798e5@localhost,AlwaysDefect,D,player_6e13aa5c-cc89-4150-9f31-bbad83a27c0b@localhost,SuspiciousTitForTat,D,1,1,322,322
323,player_90df6f40-46b7-48b5-adf3-bdc91f8798e5@localhost,AlwaysDefect,D,player_6e13aa5c-cc89-4150-9f31-bbad83a27c0b@localhost,SuspiciousTitForTat,D,1,1,323,323
324,player_90df6f40-46b7-48b5-adf3-bdc91f8798e5@localhost,AlwaysDefect,D,player_6e13aa5c-cc89-4150-9f31-bbad83a27c0b@localhost,SuspiciousTitForTat,D,1,1,324,324
325,player_90df6f40-46b7-48b5-adf3-bdc91f8798e5@localhost,AlwaysDefect,D,player_6e13aa5c-cc89-4150-9f31-bbad83a27c0b@localhost,SuspiciousTitForTat,D,1,1,325,325
326,player_90df6f40-46b7-48b5-adf3-bdc91f8798e5@localhost,AlwaysDefect,D,player_6e13aa5c-cc89-4150-9f31-bbad83a27c0b@localhost,SuspiciousTitForTat,D,1,1,326,326
327,player_90df6f40-46b7-48b5-adf3-bdc91f8798e5@localhost,AlwaysDefect,D,player_6e13aa5c-cc89-4150-9f31-bbad83a27c0b@localhost,SuspiciousTitForTat,D,1,1,327,327
328,player_90df6f40-46b7-48b5-adf3-bdc91f8798e5@localhost,AlwaysDefect,D,player_6e13aa5c-cc89-4150-9f31-bbad83a27c0b@localhost,SuspiciousTitForTat,D,1,1,328,328
329,player_90df6f40-46b7-48b5-adf3-bdc91f8798e5@localhost,AlwaysDefect,D,player_6e13aa5c-cc89-4150-9f31-bbad83a27c0b@localhost,SuspiciousTitForTat,D,1,1,329,329
330,player_90df6f40-46b7-48b5-adf3-bdc91f8798e5@localhost,AlwaysDefect,D,player_6e13aa5c-cc89-4150-9f31-bbad83a27c0b@localhost,SuspiciousTitForTat,D,1,1,330,330
331,player_90df6f40-46b7-48b5-adf3-bdc91f8798e5@localhost,AlwaysDefect,D,player_6e13aa5c-cc89-4150-9f31-bbad83a27c0b@localhost,SuspiciousTitForTat,D,1,1,331,331
332,player_90df6f40-46b7-48b5-adf3-bdc91f8798e5@localhost,AlwaysDefect,D,player_6e13aa5c-cc89-4150-9f31-bbad83a27c0b@localhost,SuspiciousTitForTat,D,1,1,332,332
333,player_90df6f40-46b7-48b5-adf3-bdc91f8798e5@localhost,AlwaysDefect,D,player_6e13aa5c-cc89-4150-9f31-bbad83a27c0b@localhost,SuspiciousTitForTat,D,1,1,333,333
334,player_90df6f40-46b7-48b5-adf3-bdc91f8798e5@localhost,AlwaysDefect,D,player_6e13aa5c-cc89-4150-9f31-bbad83a27c0b@localhost,SuspiciousTitForTat,D,1,1,334,334
335,player_90df6f40-46b7-48b5-adf3-bdc91f8798e5@localhost,AlwaysDefect,D,player_6e13aa5c-cc89-4150-9f31-bbad83a27c0b@localhost,SuspiciousTitForTat,D,1,1,335,335
336,player_90df6f40-46b7-48b5-adf3-bdc91f8798e5@localhost,AlwaysDefect,D,player_6e13aa5c-cc89-4150-9f31-bbad83a27c0b@localhost,SuspiciousTitForTat,D,1,1,336,336
337,player_90df6f40-46b7-48b5-adf3-bdc91f8798e5@localhost,AlwaysDefect,D,player_6e13aa5c-cc89-4150-9f31-bbad83a27c0b@localhost,SuspiciousTitForTat,D,1,1,337,337
338,player_90df6f40-46b7-48b5-adf3-bdc91f8798e5@localhost,AlwaysDefect,D,player_6e13aa5c-cc89-4150-9f31-bbad83a27c0b@localhost,SuspiciousTitForTat,D,1,1,338,338
339,player_90df6f40-46b7-48b5-adf3-bdc91f8798e5@localhost,AlwaysDefect,D,player_6e13aa5c-cc89-4150-9f31-bbad83a27c0b@localhost,SuspiciousTitForTat,D,1,1,339,339
340,player_90df6f40-46b7-48b5-adf3-bdc91f8798e5@localhost,AlwaysDefect,D,player_6e13aa5c-cc89-4150-9f31-bbad83a27c0b@localhost,SuspiciousTitForTat,D,1,1,340,340
341,player_90df6f40-46b7-48b5-adf3-bdc91f8798e5@localhost,AlwaysDefect,D,player_6e13aa5c-cc89-4150-9f31-bbad83a27c0b@localhost,SuspiciousTitForTat,D,1,1,341,341
342,player_90df6f40-46b7-48b5-adf3-bdc91f8798e5@localhost,AlwaysDefect,D,player_6e13aa5c-cc89-4150-9f31-bbad83a27c0b@localhost,SuspiciousTitForTat,D,1,1,342,342
343,player_90df6f40-46b7-48b5-adf3-bdc91f8798e5@localhost,AlwaysDefect,D,player_6e13aa5c-cc89-4150-9f31-bbad83a27c0b@localhost,SuspiciousTitForTat,D,1,1,343,343
344,player_90df6f40-46b7-48b5-adf3-bdc91f8798e5@localhost,AlwaysDefect,D,player_6e13aa5c-cc89-4150-9f31-bbad83a27c0b@localhost,SuspiciousTitForTat,D,1,1,344,344
345,player_90df6f40-46b7-48b5-adf3-bdc91f8798e5@localhost,AlwaysDefect,D,player_6e13aa5c-cc89-4150-9f31-bbad83a27c0b@localhost,SuspiciousTitForTat,D,1,1,345,345
346,player_90df6f40-46b7-48b5-adf3-bdc91f8798e5@localhost,AlwaysDefect,D,player_6e13aa5c-cc89-4150-9f31-bbad83a27c0b@localhost,SuspiciousTitForTat,D,1,1,346,346
347,player_90df6f40-46b7-48b5-adf3-bdc91f8798e5@localhost,AlwaysDefect,D,player_6e13aa5c-cc89-4150-9f31-bbad83a27c0b@localhost,SuspiciousTitForTat,D,1,1,347,347
348,player_90df6f40-46b7-48b5-adf3-bdc91f8798e5@localhost,AlwaysDefect,D,player_6e13aa5c-cc89-4150-9f31-bbad83a27c0b@localhost,SuspiciousTitForTat,D,1,1,348,348
349,player_90df6f40-46b7-48b5-adf3-bdc91f8798e5@localhost,AlwaysDefect,D,player_6e13aa5c-cc89-4150-9f31-bbad83a27c0b@localhost,SuspiciousTitForTat,D,1,1,349,349
350,player_90df6f40-46b7-48b5-adf3-bdc91f8798e5@localhost,AlwaysDefect,D,player_6e13aa5c-cc89-4150-9f31-bbad83a27c0b@localhost,SuspiciousTitForTat,D,1,1,350,350
351,player_90df6f40-46b7-48b5-adf3-bdc91f8798e5@localhost,AlwaysDefect,D,player_6e13aa5c-cc89-4150-9f31-bbad83a27c0b@localhost,SuspiciousTitForTat,D,1,1,351,351
352,player_90df6f40-46b7-48b5-adf3-bdc91f8798e5@localhost,AlwaysDefect,D,player_6e13aa5c-cc89-4150-9f31-bbad83a27c0b@localhost,SuspiciousTitForTat,D,1,1,352,352
353,player_90df6f40-46b7-48b5-adf3-bdc91f8798e5@localhost,AlwaysDefect,D,player_6e13aa5c-cc89-4150-9f31-bbad83a27c0b@localhost,SuspiciousTitForTat,D,1,1,353,353
354,player_90df6f40-46b7-48b5-adf3-bdc91f8798e5@localhost,AlwaysDefect,D,player_6e13aa5c-cc89-4150-9f31-bbad83a27c0b@localhost,SuspiciousTitForTat,D,1,1,354,354
355,player_90df6f40-46b7-48b5-adf3-bdc91f8798e5@localhost,AlwaysDefect,D,player_6e13aa5c-cc89-4150-9f31-bbad83a27c0b@localhost,SuspiciousTitForTat,D,1,1,355,355
356,player_90df6f40-46b7-48b5-adf3-bdc91f8798e5@localhost,AlwaysDefect,D,player_6e13aa5c-cc89-4150-9f31-bbad83a27c0b@localhost,SuspiciousTitForTat,D,1,1,356,356
357,player_90df6f40-46b7-48b5-adf3-bdc91f8798e5@localhost,AlwaysDefect,D,player_6e13aa5c-cc89-4150-9f31-bbad83a27c0b@localhost,SuspiciousTitForTat,D,1,1,357,357
358,player_90df6f40-46b7-48b5-adf3-bdc91f8798e5@localhost,AlwaysDefect,D,player_6e13aa5c-cc89-4150-9f31-bbad83a27c0b@localhost,SuspiciousTitForTat,D,1,1,358,358
359,player_90df6f40-46b7-48b5-adf3-bdc91f8798e5@localhost,AlwaysDefect,D,player_6e13aa5c-cc89-4150-9f31-bbad83a27c0b@localhost,SuspiciousTitForTat,D,1,1,359,359
360,player_90df6f40-46b7-48b5-adf3-bdc91f8798e5@localhost,AlwaysDefect,D,player_6e13aa5c-cc89-4150-9f31-bbad83a27c0b@localhost,SuspiciousTitForTat,D,1,1,360,360
361,player_90df6f40-46b7-48b5-adf3-bdc91f8798e5@localhost,AlwaysDefect,D,player_6e13aa5c-cc89-4150-9f31-bbad83a27c0b@localhost,SuspiciousTitForTat,D,1,1,361,361
362,player_90df6f40-46b7-48b5-adf3-bdc91f8798e5@localhost,AlwaysDefect,D,player_6e13aa5c-cc89-4150-9f31-bbad83a27c0b@localhost,SuspiciousTitForTat,D,1,1,362,362
363,player_90df6f40-46b7-48b5-adf3-bdc91f8798e5@localhost,AlwaysDefect,D,player_6e13aa5c-cc89-4150-9f31-bbad83a27c0b@localhost,SuspiciousTitForTat,D,1,1,363,363
364,player_90df6f40-46b7-48b5-adf3-bdc91f8798e5@localhost,AlwaysDefect,D,player_6e13aa5c-cc89-4150-9f31-bbad83a27c0b@localhost,SuspiciousTitForTat,D,1,1,364,364
365,player_90df6f40-46b7-48b5-adf3-bdc91f8798e5@localhost,AlwaysDefect,D,player_6e13aa5c-cc89-4150-9f31-bbad83a27c0b@localhost,SuspiciousTitForTat,D,1,1,365,365
366,player_90df6f40-46b7-48b5-adf3-bdc91f8798e5@localhost,AlwaysDefect,D,player_6e13aa5c-cc89-4150-9f31-bbad83a27c0b@localhost,SuspiciousTitForTat,D,1,1,366,366
367,player_90df6f40-46b7-48b5-adf3-bdc91f8798e5@localhost,AlwaysDefect,D,player_6e13aa5c-cc89-4150-9f31-bbad83a27c0b@localhost,SuspiciousTitForTat,D,1,1,367,367
368,player_90df6f40-46b7-48b5-adf3-bdc91f8798e5@localhost,AlwaysDefect,D,player_6e13aa5c-cc89-4150-9f31-bbad83a27c0b@localhost,SuspiciousTitForTat,D,1,1,368,368
369,player_90df6f40-46b7-48b5-adf3-bdc91f8798e5@localhost,AlwaysDefect,D,player_6e13aa5c-cc89-4150-9f31-bbad83a27c0b@localhost,SuspiciousTitForTat,D,1,1,369,369
370,player_90df6f40-46b7-48b5-adf3-bdc91f8798e5@localhost,AlwaysDefect,D,player_6e13aa5c-cc89-4150-9f31-bbad83a27c0b@localhost,SuspiciousTitForTat,D,1,1,370,370
371,player_90df6f40-46b7-48b5-adf3-bdc91f8798e5@localhost,AlwaysDefect,D,player_6e13aa5c-cc89-4150-9f31-bbad83a27c0b@localhost,SuspiciousTitForTat,D,1,1,371,371
372,player_90df6f40-46b7-48b5-adf3-bdc91f8798e5@localhost,AlwaysDefect,D,player_6e13aa5c-cc89-4150-9f31-bbad83a27c0b@localhost,SuspiciousTitForTat,D,1,1,372,372
373,player_90df6f40-46b7-48b5-adf3-bdc91f8798e5@localhost,AlwaysDefect,D,player_6e13aa5c-cc89-4150-9f31-bbad83a27c0b@localhost,SuspiciousTitForTat,D,1,1,373,373
374,player_90df6f40-46b7-48b5-adf3-bdc91f8798e5@localhost,AlwaysDefect,D,player_6e13aa5c-cc89-4150-9f31-bbad83a27c0b@localhost,SuspiciousTitForTat,D,1,1,374,374
375,player_90df6f40-46b7-48b5-adf3-bdc91f8798e5@localhost,AlwaysDefect,D,player_6e13aa5c-cc89-4150-9f31-bbad83a27c0b@localhost,SuspiciousTitForTat,D,1,1,375,375
376,player_90df6f40-46b7-48b5-adf3-bdc91f8798e5@localhost,AlwaysDefect,D,player_6e13aa5c-cc89-4150-9f31-bbad83a27c0b@localhost,SuspiciousTitForTat,D,1,1,376,376
377,player_90df6f40-46b7-48b5-adf3-bdc91f8798e5@localhost,AlwaysDefect,D,player_6e13aa5c-cc89-4150-9f31-bbad83a27c0b@localhost,SuspiciousTitForTat,D,1,1,377,377
378,player_90df6f40-46b7-48b5-adf3-bdc91f8798e5@localhost,AlwaysDefect,D,player_6e13aa5c-cc89-4150-9f31-bbad83a27c0b@localhost,SuspiciousTitForTat,D,1,1,378,378
379,player_90df6f40-46b7-48b5-adf3-bdc91f8798e5@localhost,AlwaysDefect,D,player_6e13aa5c-cc89-4150-9f31-bbad83a27c0b@localhost,SuspiciousTitForTat,D,1,1,379,379
380,player_90df6f40-46b7-48b5-adf3-bdc91f8798e5@localhost,AlwaysDefect,D,player_6e13aa5c-cc89-4150-9f31-bbad83a27c0b@localhost,SuspiciousTitForTat,D,1,1,380,380
381,player_90df6f40-46b7-48b5-adf3-bdc91f8798e5@localhost,AlwaysDefect,D,player_6e13aa5c-cc89-4150-9f31-bbad83a27c0b@localhost,SuspiciousTitForTat,D,1,1,381,381
382,player_90df6f40-46b7-48b5-adf3-bdc91f8798e5@localhost,AlwaysDefect,D,player_6e13aa5c-cc89-4150-9f31-bbad83a27c0b@localhost,SuspiciousTitForTat,D,1,1,382,382
383,player_90df6f40-46b7-48b5-adf3-bdc91f8798e5@localhost,AlwaysDefect,D,player_6e13aa5c-cc89-4150-9f31-bbad83a27c0b@localhost,SuspiciousTitForTat,D,1,1,383,383
384,player_90df6f40-46b7-48b5-adf3-bdc91f8798e5@localhost,AlwaysDefect,D,player_6e13aa5c-cc89-4150-9f31-bbad83a27c0b@localhost,SuspiciousTitForTat,D,1,1,384,384
385,player_90df6f40-46b7-48b5-adf3-bdc91f8798e5@localhost,AlwaysDefect,D,player_6e13aa5c-cc89-4150-9f31-bbad83a27c0b@localhost,SuspiciousTitForTat,D,1,1,385,385
386,player_90df6f40-46b7-48b5-adf3-bdc91f8798e5@localhost,AlwaysDefect,D,player_6e13aa5c-cc89-4150-9f31-bbad83a27c0b@localhost,SuspiciousTitForTat,D,1,1,386,386
387,player_90df6f40-46b7-48b5-adf3-bdc91f8798e5@localhost,AlwaysDefect,D,player_6e13aa5c-cc89-4150-9f31-bbad83a27c0b@localhost,SuspiciousTitForTat,D,1,1,387,387
388,player_90df6f40-46b7-48b5-adf3-bdc91f8798e5@localhost,AlwaysDefect,D,player_6e13aa5c-cc89-4150-9f31-bbad83a27c0b@localhost,SuspiciousTitForTat,D,1,1,388,388
389,player_90df6f40-46b7-48b5-adf3-bdc91f8798e5@localhost,AlwaysDefect,D,player_6e13aa5c-cc89-4150-9f31-bbad83a27c0b@localhost,SuspiciousTitForTat,D,1,1,389,389
390,player_90df6f40-46b7-48b5-adf3-bdc91f8798e5@localhost,AlwaysDefect,D,player_6e13aa5c-cc89-4150-9f31-bbad83a27c0b@localhost,SuspiciousTitForTat,D,1,1,390,390
391,player_90df6f40-46b7-48b5-adf3-bdc91f8798e5@localhost,AlwaysDefect,D,player_6e13aa5c-cc89-4150-9f31-bbad83a27c0b@localhost,SuspiciousTitForTat,D,1,1,391,391
392,player_90df6f40-46b7-48b5-adf3-bdc91f8798e5@localhost,AlwaysDefect,D,player_6e13aa5c-cc89-4150-9f31-bbad83a27c0b@localhost,SuspiciousTitForTat,D,1,1,392,392
393,player_90df6f40-46b7-48b5-adf3-bdc91f8798e5@localhost,AlwaysDefect,D,player_6e13aa5c-cc89-4150-9f31-bbad83a27c0b@localhost,SuspiciousTitForTat,D,1,1,393,393
394,player_90df6f40-46b7-48b5-adf3-bdc91f8798e5@localhost,AlwaysDefect,D,player_6e13aa5c-cc89-4150-9f31-bbad83a27c0b@localhost,SuspiciousTitForTat,D,1,1,394,394
395,player_90df6f40-46b7-48b5-adf3-bdc91f8798e5@localhost,AlwaysDefect,D,player_6e13aa5c-cc89-4150-9f31-bbad83a27c0b@localhost,SuspiciousTitForTat,D,1,1,395,395
396,player_90df6f40-46b7-48b5-adf3-bdc91f8798e5@localhost,AlwaysDefect,D,player_6e13aa5c-cc89-4150-9f31-bbad83a27c0b@localhost,SuspiciousTitForTat,D,1,1,396,396
397,player_90df6f40-46b7-48b5-adf3-bdc91f8798e5@localhost,AlwaysDefect,D,player_6e13aa5c-cc89-4150-9f31-bbad83a27c0b@localhost,SuspiciousTitForTat,D,1,1,397,397
398,player_90df6f40-46b7-48b5-adf3-bdc91f8798e5@localhost,AlwaysDefect,D,player_6e13aa5c-cc89-4150-9f31-bbad83a27c0b@localhost,SuspiciousTitForTat,D,1,1,398,398
399,player_90df6f40-46b7-48b5-adf3-bdc91f8798e5@localhost,AlwaysDefect,D,player_6e13aa5c-cc89-4150-9f31-bbad83a27c0b@localhost,SuspiciousTitForTat,D,1,1,399,399
400,player_90df6f40-46b7-48b5-adf3-bdc91f8798e5@localhost,AlwaysDefect,D,player_6e13aa5c-cc89-4150-9f31-bbad83a27c0b@localhost,SuspiciousTitForTat,D,1,1,400,400
401,player_90df6f40-46b7-48b5-adf3-bdc91f8798e5@localhost,AlwaysDefect,D,player_6e13aa5c-cc89-4150-9f31-bbad83a27c0b@localhost,SuspiciousTitForTat,D,1,1,401,401
402,player_90df6f40-46b7-48b5-adf3-bdc91f8798e5@localhost,AlwaysDefect,D,player_6e13aa5c-cc89-4150-9f31-bbad83a27c0b@localhost,SuspiciousTitForTat,D,1,1,402,402
403,player_90df6f40-46b7-48b5-adf3-bdc91f8798e5@localhost,AlwaysDefect,D,player_6e13aa5c-cc89-4150-9f31-bbad83a27c0b@localhost,SuspiciousTitForTat,D,1,1,403,403
404,player_90df6f40-46b7-48b5-adf3-bdc91f8798e5@localhost,AlwaysDefect,D,player_6e13aa5c-cc89-4150-9f31-bbad83a27c0b@localhost,SuspiciousTitForTat,D,1,1,404,404
405,player_90df6f40-46b7-48b5-adf3-bdc91f8798e5@localhost,AlwaysDefect,D,player_6e13aa5c-cc89-4150-9f31-bbad83a27c0b@localhost,SuspiciousTitForTat,D,1,1,405,405
406,player_90df6f40-46b7-48b5-adf3-bdc91f8798e5@localhost,AlwaysDefect,D,player_6e13aa5c-cc89-4150-9f31-bbad83a27c0b@localhost,SuspiciousTitForTat,D,1,1,406,406
407,player_90df6f40-46b7-48b5-adf3-bdc91f8798e5@localhost,AlwaysDefect,D,player_6e13aa5c-cc89-4150-9f31-bbad83a27c0b@localhost,SuspiciousTitForTat,D,1,1,407,407
408,player_90df6f40-46b7-48b5-adf3-bdc91f8798e5@localhost,AlwaysDefect,D,player_6e13aa5c-cc89-4150-9f31-bbad83a27c0b@localhost,SuspiciousTitForTat,D,1,1,408,408
409,player_90df6f40-46b7-48b5-adf3-bdc91f8798e5@localhost,AlwaysDefect,D,player_6e13aa5c-cc89-4150-9f31-bbad83a27c0b@localhost,SuspiciousTitForTat,D,1,1,409,409
410,player_90df6f40-46b7-48b5-adf3-bdc91f8798e5@localhost,AlwaysDefect,D,player_6e13aa5c-cc89-4150-9f31-bbad83a27c0b@localhost,SuspiciousTitForTat,D,1,1,410,410
411,player_90df6f40-46b7-48b5-adf3-bdc91f8798e5@localhost,AlwaysDefect,D,player_6e13aa5c-cc89-4150-9f31-bbad83a27c0b@localhost,SuspiciousTitForTat,D,1,1,411,411
412,player_90df6f40-46b7-48b5-adf3-bdc91f8798e5@localhost,AlwaysDefect,D,player_6e13aa5c-cc89-4150-9f31-bbad83a27c0b@localhost,SuspiciousTitForTat,D,1,1,412,412
413,player_90df6f40-46b7-48b5-adf3-bdc91f8798e5@localhost,AlwaysDefect,D,player_6e13aa5c-cc89-4150-9f31-bbad83a27c0b@localhost,SuspiciousTitForTat,D,1,1,413,413
414,player_90df6f40-46b7-48b5-adf3-bdc91f8798e5@localhost,AlwaysDefect,D,player_6e13aa5c-cc89-4150-9f31-bbad83a27c0b@localhost,SuspiciousTitForTat,D,1,1,414,414
415,player_90df6f40-46b7-48b5-adf3-bdc91f8798e5@localhost,AlwaysDefect,D,player_6e13aa5c-cc89-4150-9f31-bbad83a27c0b@localhost,SuspiciousTitForTat,D,1,1,415,415
416,player_90df6f40-46b7-48b5-adf3-bdc91f8798e5@localhost,AlwaysDefect,D,player_6e13aa5c-cc89-4150-9f31-bbad83a27c0b@localhost,SuspiciousTitForTat,D,1,1,416,416
417,player_90df6f40-46b7-48b5-adf3-bdc91f8798e5@localhost,AlwaysDefect,D,player_6e13aa5c-cc89-4150-9f31-bbad83a27c0b@localhost,SuspiciousTitForTat,D,1,1,417,417
418,player_90df6f40-46b7-48b5-adf3-bdc91f8798e5@localhost,AlwaysDefect,D,player_6e13aa5c-cc89-4150-9f31-bbad83a27c0b@localhost,SuspiciousTitForTat,D,1,1,418,418
419,player_90df6f40-46b7-48b5-adf3-bdc91f8798e5@localhost,AlwaysDefect,D,player_6e13aa5c-cc89-4150-9f31-bbad83a27c0b@localhost,SuspiciousTitForTat,D,1,1,419,419
420,player_90df6f40-46b7-48b5-adf3-bdc91f8798e5@localhost,AlwaysDefect,D,player_6e13aa5c-cc89-4150-9f31-bbad83a27c0b@localhost,SuspiciousTitForTat,D,1,1,420,420
421,player_90df6f40-46b7-48b5-adf3-bdc91f8798e5@localhost,AlwaysDefect,D,player_6e13aa5c-cc89-4150-9f31-bbad83a27c0b@localhost,SuspiciousTitForTat,D,1,1,421,421
422,player_90df6f40-46b7-48b5-adf3-bdc91f8798e5@localhost,AlwaysDefect,D,player_6e13aa5c-cc89-4150-9f31-bbad83a27c0b@localhost,SuspiciousTitForTat,D,1,1,422,422
423,player_90df6f40-46b7-48b5-adf3-bdc91f8798e5@localhost,AlwaysDefect,D,player_6e13aa5c-cc89-4150-9f31-bbad83a27c0b@localhost,SuspiciousTitForTat,D,1,1,423,423
424,player_90df6f40-46b7-48b5-adf3-bdc91f8798e5@localhost,AlwaysDefect,D,player_6e13aa5c-cc89-4150-9f31-bbad83a27c0b@localhost,SuspiciousTitForTat,D,1,1,424,424
425,player_90df6f40-46b7-48b5-adf3-bdc91f8798e5@localhost,AlwaysDefect,D,player_6e13aa5c-cc89-4150-9f31-bbad83a27c0b@localhost,SuspiciousTitForTat,D,1,1,425,425
426,player_90df6f40-46b7-48b5-adf3-bdc91f8798e5@localhost,AlwaysDefect,D,player_6e13aa5c-cc89-4150-9f31-bbad83a27c0b@localhost,SuspiciousTitForTat,D,1,1,426,426
427,player_90df6f40-46b7-48b5-adf3-bdc91f8798e5@localhost,AlwaysDefect,D,player_6e13aa5c-cc89-4150-9f31-bbad83a27c0b@localhost,SuspiciousTitForTat,D,1,1,427,427
428,player_90df6f40-46b7-48b5-adf3-bdc91f8798e5@localhost,AlwaysDefect,D,player_6e13aa5c-cc89-4150-9f31-bbad83a27c0b@localhost,SuspiciousTitForTat,D,1,1,428,428
429,player_90df6f40-46b7-48b5-adf3-bdc91f8798e5@localhost,AlwaysDefect,D,player_6e13aa5c-cc89-4150-9f31-bbad83a27c0b@localhost,SuspiciousTitForTat,D,1,1,429,429
430,player_90df6f40-46b7-48b5-adf3-bdc91f8798e5@localhost,AlwaysDefect,D,player_6e13aa5c-cc89-4150-9f31-bbad83a27c0b@localhost,SuspiciousTitForTat,D,1,1,430,430
431,player_90df6f40-46b7-48b5-adf3-bdc91f8798e5@localhost,AlwaysDefect,D,player_6e13aa5c-cc89-4150-9f31-bbad83a27c0b@localhost,SuspiciousTitForTat,D,1,1,431,431
432,player_90df6f40-46b7-48b5-adf3-bdc91f8798e5@localhost,AlwaysDefect,D,player_6e13aa5c-cc89-4150-9f31-bbad83a27c0b@localhost,SuspiciousTitForTat,D,1,1,432,432
433,player_90df6f40-46b7-48b5-adf3-bdc91f8798e5@localhost,AlwaysDefect,D,player_6e13aa5c-cc89-4150-9f31-bbad83a27c0b@localhost,SuspiciousTitForTat,D,1,1,433,433
434,player_90df6f40-46b7-48b5-adf3-bdc91f8798e5@localhost,AlwaysDefect,D,player_6e13aa5c-cc89-4150-9f31-bbad83a27c0b@localhost,SuspiciousTitForTat,D,1,1,434,434
435,player_90df6f40-46b7-48b5-adf3-bdc91f8798e5@localhost,AlwaysDefect,D,player_6e13aa5c-cc89-4150-9f31-bbad83a27c0b@localhost,SuspiciousTitForTat,D,1,1,435,435
436,player_90df6f40-46b7-48b5-adf3-bdc91f8798e5@localhost,AlwaysDefect,D,player_6e13aa5c-cc89-4150-9f31-bbad83a27c0b@localhost,SuspiciousTitForTat,D,1,1,436,436
437,player_90df6f40-46b7-48b5-adf3-bdc91f8798e5@localhost,AlwaysDefect,D,player_6e13aa5c-cc89-4150-9f31-bbad83a27c0b@localhost,SuspiciousTitForTat,D,1,1,437,437
438,player_90df6f40-46b7-48b5-adf3-bdc91f8798e5@localhost,AlwaysDefect,D,player_6e13aa5c-cc89-4150-9f31-bbad83a27c0b@localhost,SuspiciousTitForTat,D,1,1,438,438
439,player_90df6f40-46b7-48b5-adf3-bdc91f8798e5@localhost,AlwaysDefect,D,player_6e13aa5c-cc89-4150-9f31-bbad83a27c0b@localhost,SuspiciousTitForTat,D,1,1,439,439
440,player_90df6f40-46b7-48b5-adf3-bdc91f8798e5@localhost,AlwaysDefect,D,player_6e13aa5c-cc89-4150-9f31-bbad83a27c0b@localhost,SuspiciousTitForTat,D,1,1,440,440
441,player_90df6f40-46b7-48b5-adf3-bdc91f8798e5@localhost,AlwaysDefect,D,player_6e13aa5c-cc89-4150-9f31-bbad83a27c0b@localhost,SuspiciousTitForTat,D,1,1,441,441
442,player_90df6f40-46b7-48b5-adf3-bdc91f8798e5@localhost,AlwaysDefect,D,player_6e13aa5c-cc89-4150-9f31-bbad83a27c0b@localhost,SuspiciousTitForTat,D,1,1,442,442
443,player_90df6f40-46b7-48b5-adf3-bdc91f8798e5@localhost,AlwaysDefect,D,player_6e13aa5c-cc89-4150-9f31-bbad83a27c0b@localhost,SuspiciousTitForTat,D,1,1,443,443
444,player_90df6f40-46b7-48b5-adf3-bdc91f8798e5@localhost,AlwaysDefect,D,player_6e13aa5c-cc89-4150-9f31-bbad83a27c0b@localhost,SuspiciousTitForTat,D,1,1,444,444
445,player_90df6f40-46b7-48b5-adf3-bdc91f8798e5@localhost,AlwaysDefect,D,player_6e13aa5c-cc89-4150-9f31-bbad83a27c0b@localhost,SuspiciousTitForTat,D,1,1,445,445
446,player_90df6f40-46b7-48b5-adf3-bdc91f8798e5@localhost,AlwaysDefect,D,player_6e13aa5c-cc89-4150-9f31-bbad83a27c0b@localhost,SuspiciousTitForTat,D,1,1,446,446
447,player_90df6f40-46b7-48b5-adf3-bdc91f8798e5@localhost,AlwaysDefect,D,player_6e13aa5c-cc89-4150-9f31-bbad83a27c0b@localhost,SuspiciousTitForTat,D,1,1,447,447
448,player_90df6f40-46b7-48b5-adf3-bdc91f8798e5@localhost,AlwaysDefect,D,player_6e13aa5c-cc89-4150-9f31-bbad83a27c0b@localhost,SuspiciousTitForTat,D,1,1,448,448
449,player_90df6f40-46b7-48b5-adf3-bdc91f8798e5@localhost,AlwaysDefect,D,player_6e13aa5c-cc89-4150-9f31-bbad83a27c0b@localhost,SuspiciousTitForTat,D,1,1,449,449
450,player_90df6f40-46b7-48b5-adf3-bdc91f8798e5@localhost,AlwaysDefect,D,player_6e13aa5c-cc89-4150-9f31-bbad83a27c0b@localhost,SuspiciousTitForTat,D,1,1,450,450
451,player_90df6f40-46b7-48b5-adf3-bdc91f8798e5@localhost,AlwaysDefect,D,player_6e13aa5c-cc89-4150-9f31-bbad83a27c0b@localhost,SuspiciousTitForTat,D,1,1,451,451
452,player_90df6f40-46b7-48b5-adf3-bdc91f8798e5@localhost,AlwaysDefect,D,player_6e13aa5c-cc89-4150-9f31-bbad83a27c0b@localhost,SuspiciousTitForTat,D,1,1,452,452
453,player_90df6f40-46b7-48b5-adf3-bdc91f8798e5@localhost,AlwaysDefect,D,player_6e13aa5c-cc89-4150-9f31-bbad83a27c0b@localhost,SuspiciousTitForTat,D,1,1,453,453
454,player_90df6f40-46b7-48b5-adf3-bdc91f8798e5@localhost,AlwaysDefect,D,player_6e13aa5c-cc89-4150-9f31-bbad83a27c0b@localhost,SuspiciousTitForTat,D,1,1,454,454
455,player_90df6f40-46b7-48b5-adf3-bdc91f8798e5@localhost,AlwaysDefect,D,player_6e13aa5c-cc89-4150-9f31-bbad83a27c0b@localhost,SuspiciousTitForTat,D,1,1,455,455
456,player_90df6f40-46b7-48b5-adf3-bdc91f8798e5@localhost,AlwaysDefect,D,player_6e13aa5c-cc89-4150-9f31-bbad83a27c0b@localhost,SuspiciousTitForTat,D,1,1,456,456
457,player_90df6f40-46b7-48b5-adf3-bdc91f8798e5@localhost,AlwaysDefect,D,player_6e13aa5c-cc89-4150-9f31-bbad83a27c0b@localhost,SuspiciousTitForTat,D,1,1,457,457
458,player_90df6f40-46b7-48b5-adf3-bdc91f8798e5@localhost,AlwaysDefect,D,player_6e13aa5c-cc89-4150-9f31-bbad83a27c0b@localhost,SuspiciousTitForTat,D,1,1,458,458
459,player_90df6f40-46b7-48b5-adf3-bdc91f8798e5@localhost,AlwaysDefect,D,player_6e13aa5c-cc89-4150-9f31-bbad83a27c0b@localhost,SuspiciousTitForTat,D,1,1,459,459
460,player_90df6f40-46b7-48b5-adf3-bdc91f8798e5@localhost,AlwaysDefect,D,player_6e13aa5c-cc89-4150-9f31-bbad83a27c0b@localhost,SuspiciousTitForTat,D,1,1,460,460
461,player_90df6f40-46b7-48b5-adf3-bdc91f8798e5@localhost,AlwaysDefect,D,player_6e13aa5c-cc89-4150-9f31-bbad83a27c0b@localhost,SuspiciousTitForTat,D,1,1,461,461
462,player_90df6f40-46b7-48b5-adf3-bdc91f8798e5@localhost,AlwaysDefect,D,player_6e13aa5c-cc89-4150-9f31-bbad83a27c0b@localhost,SuspiciousTitForTat,D,1,1,462,462
463,player_90df6f40-46b7-48b5-adf3-bdc91f8798e5@localhost,AlwaysDefect,D,player_6e13aa5c-cc89-4150-9f31-bbad83a27c0b@localhost,SuspiciousTitForTat,D,1,1,463,463
464,player_90df6f40-46b7-48b5-adf3-bdc91f8798e5@localhost,AlwaysDefect,D,player_6e13aa5c-cc89-4150-9f31-bbad83a27c0b@localhost,SuspiciousTitForTat,D,1,1,464,464
465,player_90df6f40-46b7-48b5-adf3-bdc91f8798e5@localhost,AlwaysDefect,D,player_6e13aa5c-cc89-4150-9f31-bbad83a27c0b@localhost,SuspiciousTitForTat,D,1,1,465,465
466,player_90df6f40-46b7-48b5-adf3-bdc91f8798e5@localhost,AlwaysDefect,D,player_6e13aa5c-cc89-4150-9f31-bbad83a27c0b@localhost,SuspiciousTitForTat,D,1,1,466,466
467,player_90df6f40-46b7-48b5-adf3-bdc91f8798e5@localhost,AlwaysDefect,D,player_6e13aa5c-cc89-4150-9f31-bbad83a27c0b@localhost,SuspiciousTitForTat,D,1,1,467,467
468,player_90df6f40-46b7-48b5-adf3-bdc91f8798e5@localhost,AlwaysDefect,D,player_6e13aa5c-cc89-4150-9f31-bbad83a27c0b@localhost,SuspiciousTitForTat,D,1,1,468,468
469,player_90df6f40-46b7-48b5-adf3-bdc91f8798e5@localhost,AlwaysDefect,D,player_6e13aa5c-cc89-4150-9f31-bbad83a27c0b@localhost,SuspiciousTitForTat,D,1,1,469,469
470,player_90df6f40-46b7-48b5-adf3-bdc91f8798e5@localhost,AlwaysDefect,D,player_6e13aa5c-cc89-4150-9f31-bbad83a27c0b@localhost,SuspiciousTitForTat,D,1,1,470,470
471,player_90df6f40-46b7-48b5-adf3-bdc91f8798e5@localhost,AlwaysDefect,D,player_6e13aa5c-cc89-4150-9f31-bbad83a27c0b@localhost,SuspiciousTitForTat,D,1,1,471,471
472,player_90df6f40-46b7-48b5-adf3-bdc91f8798e5@localhost,AlwaysDefect,D,player_6e13aa5c-cc89-4150-9f31-bbad83a27c0b@localhost,SuspiciousTitForTat,D,1,1,472,472
473,player_90df6f40-46b7-48b5-adf3-bdc91f8798e5@localhost,AlwaysDefect,D,player_6e13aa5c-cc89-4150-9f31-bbad83a27c0b@localhost,SuspiciousTitForTat,D,1,1,473,473
474,player_90df6f40-46b7-48b5-adf3-bdc91f8798e5@localhost,AlwaysDefect,D,player_6e13aa5c-cc89-4150-9f31-bbad83a27c0b@localhost,SuspiciousTitForTat,D,1,1,474,474
475,player_90df6f40-46b7-48b5-adf3-bdc91f8798e5@localhost,AlwaysDefect,D,player_6e13aa5c-cc89-4150-9f31-bbad83a27c0b@localhost,SuspiciousTitForTat,D,1,1,475,475
476,player_90df6f40-46b7-48b5-adf3-bdc91f8798e5@localhost,AlwaysDefect,D,player_6e13aa5c-cc89-4150-9f31-bbad83a27c0b@localhost,SuspiciousTitForTat,D,1,1,476,476
477,player_90df6f40-46b7-48b5-adf3-bdc91f8798e5@localhost,AlwaysDefect,D,player_6e13aa5c-cc89-4150-9f31-bbad83a27c0b@localhost,SuspiciousTitForTat,D,1,1,477,477
478,player_90df6f40-46b7-48b5-adf3-bdc91f8798e5@localhost,AlwaysDefect,D,player_6e13aa5c-cc89-4150-9f31-bbad83a27c0b@localhost,SuspiciousTitForTat,D,1,1,478,478
479,player_90df6f40-46b7-48b5-adf3-bdc91f8798e5@localhost,AlwaysDefect,D,player_6e13aa5c-cc89-4150-9f31-bbad83a27c0b@localhost,SuspiciousTitForTat,D,1,1,479,479
480,player_90df6f40-46b7-48b5-adf3-bdc91f8798e5@localhost,AlwaysDefect,D,player_6e13aa5c-cc89-4150-9f31-bbad83a27c0b@localhost,SuspiciousTitForTat,D,1,1,480,480
481,player_90df6f40-46b7-48b5-adf3-bdc91f8798e5@localhost,AlwaysDefect,D,player_6e13aa5c-cc89-4150-9f31-bbad83a27c0b@localhost,SuspiciousTitForTat,D,1,1,481,481
482,player_90df6f40-46b7-48b5-adf3-bdc91f8798e5@localhost,AlwaysDefect,D,player_6e13aa5c-cc89-4150-9f31-bbad83a27c0b@localhost,SuspiciousTitForTat,D,1,1,482,482
483,player_90df6f40-46b7-48b5-adf3-bdc91f8798e5@localhost,AlwaysDefect,D,player_6e13aa5c-cc89-4150-9f31-bbad83a27c0b@localhost,SuspiciousTitForTat,D,1,1,483,483
484,player_90df6f40-46b7-48b5-adf3-bdc91f8798e5@localhost,AlwaysDefect,D,player_6e13aa5c-cc89-4150-9f31-bbad83a27c0b@localhost,SuspiciousTitForTat,D,1,1,484,484
485,player_90df6f40-46b7-48b5-adf3-bdc91f8798e5@localhost,AlwaysDefect,D,player_6e13aa5c-cc89-4150-9f31-bbad83a27c0b@localhost,SuspiciousTitForTat,D,1,1,485,485
486,player_90df6f40-46b7-48b5-adf3-bdc91f8798e5@localhost,AlwaysDefect,D,player_6e13aa5c-cc89-4150-9f31-bbad83a27c0b@localhost,SuspiciousTitForTat,D,1,1,486,486
487,player_90df6f40-46b7-48b5-adf3-bdc91f8798e5@localhost,AlwaysDefect,D,player_6e13aa5c-cc89-4150-9f31-bbad83a27c0b@localhost,SuspiciousTitForTat,D,1,1,487,487
488,player_90df6f40-46b7-48b5-adf3-bdc91f8798e5@localhost,AlwaysDefect,D,player_6e13aa5c-cc89-4150-9f31-bbad83a27c0b@localhost,SuspiciousTitForTat,D,1,1,488,488
489,player_90df6f40-46b7-48b5-adf3-bdc91f8798e5@localhost,AlwaysDefect,D,player_6e13aa5c-cc89-4150-9f31-bbad83a27c0b@localhost,SuspiciousTitForTat,D,1,1,489,489
490,player_90df6f40-46b7-48b5-adf3-bdc91f8798e5@localhost,AlwaysDefect,D,player_6e13aa5c-cc89-4150-9f31-bbad83a27c0b@localhost,SuspiciousTitForTat,D,1,1,490,490
491,player_90df6f40-46b7-48b5-adf3-bdc91f8798e5@localhost,AlwaysDefect,D,player_6e13aa5c-cc89-4150-9f31-bbad83a27c0b@localhost,SuspiciousTitForTat,D,1,1,491,491
492,player_90df6f40-46b7-48b5-adf3-bdc91f8798e5@localhost,AlwaysDefect,D,player_6e13aa5c-cc89-4150-9f31-bbad83a27c0b@localhost,SuspiciousTitForTat,D,1,1,492,492
493,player_90df6f40-46b7-48b5-adf3-bdc91f8798e5@localhost,AlwaysDefect,D,player_6e13aa5c-cc89-4150-9f31-bbad83a27c0b@localhost,SuspiciousTitForTat,D,1,1,493,493
494,player_90df6f40-46b7-48b5-adf3-bdc91f8798e5@localhost,AlwaysDefect,D,player_6e13aa5c-cc89-4150-9f31-bbad83a27c0b@localhost,SuspiciousTitForTat,D,1,1,494,494
495,player_90df6f40-46b7-48b5-adf3-bdc91f8798e5@localhost,AlwaysDefect,D,player_6e13aa5c-cc89-4150-9f31-bbad83a27c0b@localhost,SuspiciousTitForTat,D,1,1,495,495
496,player_90df6f40-46b7-48b5-adf3-bdc91f8798e5@localhost,AlwaysDefect,D,player_6e13aa5c-cc89-4150-9f31-bbad83a27c0b@localhost,SuspiciousTitForTat,D,1,1,496,496
497,player_90df6f40-46b7-48b5-adf3-bdc91f8798e5@localhost,AlwaysDefect,D,player_6e13aa5c-cc89-4150-9f31-bbad83a27c0b@localhost,SuspiciousTitForTat,D,1,1,497,497
498,player_90df6f40-46b7-48b5-adf3-bdc91f8798e5@localhost,AlwaysDefect,D,player_6e13aa5c-cc89-4150-9f31-bbad83a27c0b@localhost,SuspiciousTitForTat,D,1,1,498,498
499,player_90df6f40-46b7-48b5-adf3-bdc91f8798e5@localhost,AlwaysDefect,D,player_6e13aa5c-cc89-4150-9f31-bbad83a27c0b@localhost,SuspiciousTitForTat,D,1,1,499,499
500,player_90df6f40-46b7-48b5-adf3-bdc91f8798e5@localhost,AlwaysDefect,D,player_6e13aa5c-cc89-4150-9f31-bbad83a27c0b@localhost,SuspiciousTitForTat,D,1,1,500,500
501,player_90df6f40-46b7-48b5-adf3-bdc91f8798e5@localhost,AlwaysDefect,D,player_6e13aa5c-cc89-4150-9f31-bbad83a27c0b@localhost,SuspiciousTitForTat,D,1,1,501,501
502,player_90df6f40-46b7-48b5-adf3-bdc91f8798e5@localhost,AlwaysDefect,D,player_6e13aa5c-cc89-4150-9f31-bbad83a27c0b@localhost,SuspiciousTitForTat,D,1,1,502,502
503,player_90df6f40-46b7-48b5-adf3-bdc91f8798e5@localhost,AlwaysDefect,D,player_6e13aa5c-cc89-4150-9f31-bbad83a27c0b@localhost,SuspiciousTitForTat,D,1,1,503,503
504,player_90df6f40-46b7-48b5-adf3-bdc91f8798e5@localhost,AlwaysDefect,D,player_6e13aa5c-cc89-4150-9f31-bbad83a27c0b@localhost,SuspiciousTitForTat,D,1,1,504,504
505,player_90df6f40-46b7-48b5-adf3-bdc91f8798e5@localhost,AlwaysDefect,D,player_6e13aa5c-cc89-4150-9f31-bbad83a27c0b@localhost,SuspiciousTitForTat,D,1,1,505,505
506,player_90df6f40-46b7-48b5-adf3-bdc91f8798e5@localhost,AlwaysDefect,D,player_6e13aa5c-cc89-4150-9f31-bbad83a27c0b@localhost,SuspiciousTitForTat,D,1,1,506,506
507,player_90df6f40-46b7-48b5-adf3-bdc91f8798e5@localhost,AlwaysDefect,D,player_6e13aa5c-cc89-4150-9f31-bbad83a27c0b@localhost,SuspiciousTitForTat,D,1,1,507,507
508,player_90df6f40-46b7-48b5-adf3-bdc91f8798e5@localhost,AlwaysDefect,D,player_6e13aa5c-cc89-4150-9f31-bbad83a27c0b@localhost,SuspiciousTitForTat,D,1,1,508,508
509,player_90df6f40-46b7-48b5-adf3-bdc91f8798e5@localhost,AlwaysDefect,D,player_6e13aa5c-cc89-4150-9f31-bbad83a27c0b@localhost,SuspiciousTitForTat,D,1,1,509,509
510,player_90df6f40-46b7-48b5-adf3-bdc91f8798e5@localhost,AlwaysDefect,D,player_6e13aa5c-cc89-4150-9f31-bbad83a27c0b@localhost,SuspiciousTitForTat,D,1,1,510,510
511,player_90df6f40-46b7-48b5-adf3-bdc91f8798e5@localhost,AlwaysDefect,D,player_6e13aa5c-cc89-4150-9f31-bbad83a27c0b@localhost,SuspiciousTitForTat,D,1,1,511,511
512,player_90df6f40-46b7-48b5-adf3-bdc91f8798e5@localhost,AlwaysDefect,D,player_6e13aa5c-cc89-4150-9f31-bbad83a27c0b@localhost,SuspiciousTitForTat,D,1,1,512,512
513,player_90df6f40-46b7-48b5-adf3-bdc91f8798e5@localhost,AlwaysDefect,D,player_6e13aa5c-cc89-4150-9f31-bbad83a27c0b@localhost,SuspiciousTitForTat,D,1,1,513,513
514,player_90df6f40-46b7-48b5-adf3-bdc91f8798e5@localhost,AlwaysDefect,D,player_6e13aa5c-cc89-4150-9f31-bbad83a27c0b@localhost,SuspiciousTitForTat,D,1,1,514,514
515,player_90df6f40-46b7-48b5-adf3-bdc91f8798e5@localhost,AlwaysDefect,D,player_6e13aa5c-cc89-4150-9f31-bbad83a27c0b@localhost,SuspiciousTitForTat,D,1,1,515,515
516,player_90df6f40-46b7-48b5-adf3-bdc91f8798e5@localhost,AlwaysDefect,D,player_6e13aa5c-cc89-4150-9f31-bbad83a27c0b@localhost,SuspiciousTitForTat,D,1,1,516,516
517,player_90df6f40-46b7-48b5-adf3-bdc91f8798e5@localhost,AlwaysDefect,D,player_6e13aa5c-cc89-4150-9f31-bbad83a27c0b@localhost,SuspiciousTitForTat,D,1,1,517,517
518,player_90df6f40-46b7-48b5-adf3-bdc91f8798e5@localhost,AlwaysDefect,D,player_6e13aa5c-cc89-4150-9f31-bbad83a27c0b@localhost,SuspiciousTitForTat,D,1,1,518,518
519,player_90df6f40-46b7-48b5-adf3-bdc91f8798e5@localhost,AlwaysDefect,D,player_6e13aa5c-cc89-4150-9f31-bbad83a27c0b@localhost,SuspiciousTitForTat,D,1,1,519,519
520,player_90df6f40-46b7-48b5-adf3-bdc91f8798e5@localhost,AlwaysDefect,D,player_6e13aa5c-cc89-4150-9f31-bbad83a27c0b@localhost,SuspiciousTitForTat,D,1,1,520,520
521,player_90df6f40-46b7-48b5-adf3-bdc91f8798e5@localhost,AlwaysDefect,D,player_6e13aa5c-cc89-4150-9f31-bbad83a27c0b@localhost,SuspiciousTitForTat,D,1,1,521,521
522,player_90df6f40-46b7-48b5-adf3-bdc91f8798e5@localhost,AlwaysDefect,D,player_6e13aa5c-cc89-4150-9f31-bbad83a27c0b@localhost,SuspiciousTitForTat,D,1,1,522,522
523,player_90df6f40-46b7-48b5-adf3-bdc91f8798e5@localhost,AlwaysDefect,D,player_6e13aa5c-cc89-4150-9f31-bbad83a27c0b@localhost,SuspiciousTitForTat,D,1,1,523,523
524,player_90df6f40-46b7-48b5-adf3-bdc91f8798e5@localhost,AlwaysDefect,D,player_6e13aa5c-cc89-4150-9f31-bbad83a27c0b@localhost,SuspiciousTitForTat,D,1,1,524,524
525,player_90df6f40-46b7-48b5-adf3-bdc91f8798e5@localhost,AlwaysDefect,D,player_6e13aa5c-cc89-4150-9f31-bbad83a27c0b@localhost,SuspiciousTitForTat,D,1,1,525,525
526,player_90df6f40-46b7-48b5-adf3-bdc91f8798e5@localhost,AlwaysDefect,D,player_6e13aa5c-cc89-4150-9f31-bbad83a27c0b@localhost,SuspiciousTitForTat,D,1,1,526,526
527,player_90df6f40-46b7-48b5-adf3-bdc91f8798e5@localhost,AlwaysDefect,D,player_6e13aa5c-cc89-4150-9f31-bbad83a27c0b@localhost,SuspiciousTitForTat,D,1,1,527,527
528,player_90df6f40-46b7-48b5-adf3-bdc91f8798e5@localhost,AlwaysDefect,D,player_6e13aa5c-cc89-4150-9f31-bbad83a27c0b@localhost,SuspiciousTitForTat,D,1,1,528,528
529,player_90df6f40-46b7-48b5-adf3-bdc91f8798e5@localhost,AlwaysDefect,D,player_6e13aa5c-cc89-4150-9f31-bbad83a27c0b@localhost,SuspiciousTitForTat,D,1,1,529,529
530,player_90df6f40-46b7-48b5-adf3-bdc91f8798e5@localhost,AlwaysDefect,D,player_6e13aa5c-cc89-4150-9f31-bbad83a27c0b@localhost,SuspiciousTitForTat,D,1,1,530,530
531,player_90df6f40-46b7-48b5-adf3-bdc91f8798e5@localhost,AlwaysDefect,D,player_6e13aa5c-cc89-4150-9f31-bbad83a27c0b@localhost,SuspiciousTitForTat,D,1,1,531,531
532,player_90df6f40-46b7-48b5-adf3-bdc91f8798e5@localhost,AlwaysDefect,D,player_6e13aa5c-cc89-4150-9f31-bbad83a27c0b@localhost,SuspiciousTitForTat,D,1,1,532,532
533,player_90df6f40-46b7-48b5-adf3-bdc91f8798e5@localhost,AlwaysDefect,D,player_6e13aa5c-cc89-4150-9f31-bbad83a27c0b@localhost,SuspiciousTitForTat,D,1,1,533,533
534,player_90df6f40-46b7-48b5-adf3-bdc91f8798e5@localhost,AlwaysDefect,D,player_6e13aa5c-cc89-4150-9f31-bbad83a27c0b@localhost,SuspiciousTitForTat,D,1,1,534,534
535,player_90df6f40-46b7-48b5-adf3-bdc91f8798e5@localhost,AlwaysDefect,D,player_6e13aa5c-cc89-4150-9f31-bbad83a27c0b@localhost,SuspiciousTitForTat,D,1,1,535,535
536,player_90df6f40-46b7-48b5-adf3-bdc91f8798e5@localhost,AlwaysDefect,D,player_6e13aa5c-cc89-4150-9f31-bbad83a27c0b@localhost,SuspiciousTitForTat,D,1,1,536,536
537,player_90df6f40-46b7-48b5-adf3-bdc91f8798e5@localhost,AlwaysDefect,D,player_6e13aa5c-cc89-4150-9f31-bbad83a27c0b@localhost,SuspiciousTitForTat,D,1,1,537,537
538,player_90df6f40-46b7-48b5-adf3-bdc91f8798e5@localhost,AlwaysDefect,D,player_6e13aa5c-cc89-4150-9f31-bbad83a27c0b@localhost,SuspiciousTitForTat,D,1,1,538,538
539,player_90df6f40-46b7-48b5-adf3-bdc91f8798e5@localhost,AlwaysDefect,D,player_6e13aa5c-cc89-4150-9f31-bbad83a27c0b@localhost,SuspiciousTitForTat,D,1,1,539,539
540,player_90df6f40-46b7-48b5-adf3-bdc91f8798e5@localhost,AlwaysDefect,D,player_6e13aa5c-cc89-4150-9f31-bbad83a27c0b@localhost,SuspiciousTitForTat,D,1,1,540,540
541,player_90df6f40-46b7-48b5-adf3-bdc91f8798e5@localhost,AlwaysDefect,D,player_6e13aa5c-cc89-4150-9f31-bbad83a27c0b@localhost,SuspiciousTitForTat,D,1,1,541,541
542,player_90df6f40-46b7-48b5-adf3-bdc91f8798e5@localhost,AlwaysDefect,D,player_6e13aa5c-cc89-4150-9f31-bbad83a27c0b@localhost,SuspiciousTitForTat,D,1,1,542,542
543,player_90df6f40-46b7-48b5-adf3-bdc91f8798e5@localhost,AlwaysDefect,D,player_6e13aa5c-cc89-4150-9f31-bbad83a27c0b@localhost,SuspiciousTitForTat,D,1,1,543,543
544,player_90df6f40-46b7-48b5-adf3-bdc91f8798e5@localhost,AlwaysDefect,D,player_6e13aa5c-cc89-4150-9f31-bbad83a27c0b@localhost,SuspiciousTitForTat,D,1,1,544,544
545,player_90df6f40-46b7-48b5-adf3-bdc91f8798e5@localhost,AlwaysDefect,D,player_6e13aa5c-cc89-4150-9f31-bbad83a27c0b@localhost,SuspiciousTitForTat,D,1,1,545,545
546,player_90df6f40-46b7-48b5-adf3-bdc91f8798e5@localhost,AlwaysDefect,D,player_6e13aa5c-cc89-4150-9f31-bbad83a27c0b@localhost,SuspiciousTitForTat,D,1,1,546,546
547,player_90df6f40-46b7-48b5-adf3-bdc91f8798e5@localhost,AlwaysDefect,D,player_6e13aa5c-cc89-4150-9f31-bbad83a27c0b@localhost,SuspiciousTitForTat,D,1,1,547,547
548,player_90df6f40-46b7-48b5-adf3-bdc91f8798e5@localhost,AlwaysDefect,D,player_6e13aa5c-cc89-4150-9f31-bbad83a27c0b@localhost,SuspiciousTitForTat,D,1,1,548,548
549,player_90df6f40-46b7-48b5-adf3-bdc91f8798e5@localhost,AlwaysDefect,D,player_6e13aa5c-cc89-4150-9f31-bbad83a27c0b@localhost,SuspiciousTitForTat,D,1,1,549,549
550,player_90df6f40-46b7-48b5-adf3-bdc91f8798e5@localhost,AlwaysDefect,D,player_6e13aa5c-cc89-4150-9f31-bbad83a27c0b@localhost,SuspiciousTitForTat,D,1,1,550,550
551,player_90df6f40-46b7-48b5-adf3-bdc91f8798e5@localhost,AlwaysDefect,D,player_6e13aa5c-cc89-4150-9f31-bbad83a27c0b@localhost,SuspiciousTitForTat,D,1,1,551,551
552,player_90df6f40-46b7-48b5-adf3-bdc91f8798e5@localhost,AlwaysDefect,D,player_6e13aa5c-cc89-4150-9f31-bbad83a27c0b@localhost,SuspiciousTitForTat,D,1,1,552,552
553,player_90df6f40-46b7-48b5-adf3-bdc91f8798e5@localhost,AlwaysDefect,D,player_6e13aa5c-cc89-4150-9f31-bbad83a27c0b@localhost,SuspiciousTitForTat,D,1,1,553,553
554,player_90df6f40-46b7-48b5-adf3-bdc91f8798e5@localhost,AlwaysDefect,D,player_6e13aa5c-cc89-4150-9f31-bbad83a27c0b@localhost,SuspiciousTitForTat,D,1,1,554,554
555,player_90df6f40-46b7-48b5-adf3-bdc91f8798e5@localhost,AlwaysDefect,D,player_6e13aa5c-cc89-4150-9f31-bbad83a27c0b@localhost,SuspiciousTitForTat,D,1,1,555,555
556,player_90df6f40-46b7-48b5-adf3-bdc91f8798e5@localhost,AlwaysDefect,D,player_6e13aa5c-cc89-4150-9f31-bbad83a27c0b@localhost,SuspiciousTitForTat,D,1,1,556,556
557,player_90df6f40-46b7-48b5-adf3-bdc91f8798e5@localhost,AlwaysDefect,D,player_6e13aa5c-cc89-4150-9f31-bbad83a27c0b@localhost,SuspiciousTitForTat,D,1,1,557,557
558,player_90df6f40-46b7-48b5-adf3-bdc91f8798e5@localhost,AlwaysDefect,D,player_6e13aa5c-cc89-4150-9f31-bbad83a27c0b@localhost,SuspiciousTitForTat,D,1,1,558,558
559,player_90df6f40-46b7-48b5-adf3-bdc91f8798e5@localhost,AlwaysDefect,D,player_6e13aa5c-cc89-4150-9f31-bbad83a27c0b@localhost,SuspiciousTitForTat,D,1,1,559,559
560,player_90df6f40-46b7-48b5-adf3-bdc91f8798e5@localhost,AlwaysDefect,D,player_6e13aa5c-cc89-4150-9f31-bbad83a27c0b@localhost,SuspiciousTitForTat,D,1,1,560,560
561,player_90df6f40-46b7-48b5-adf3-bdc91f8798e5@localhost,AlwaysDefect,D,player_6e13aa5c-cc89-4150-9f31-bbad83a27c0b@localhost,SuspiciousTitForTat,D,1,1,561,561
562,player_90df6f40-46b7-48b5-adf3-bdc91f8798e5@localhost,AlwaysDefect,D,player_6e13aa5c-cc89-4150-9f31-bbad83a27c0b@localhost,SuspiciousTitForTat,D,1,1,562,562
563,player_90df6f40-46b7-48b5-adf3-bdc91f8798e5@localhost,AlwaysDefect,D,player_6e13aa5c-cc89-4150-9f31-bbad83a27c0b@localhost,SuspiciousTitForTat,D,1,1,563,563
564,player_90df6f40-46b7-48b5-adf3-bdc91f8798e5@localhost,AlwaysDefect,D,player_6e13aa5c-cc89-4150-9f31-bbad83a27c0b@localhost,SuspiciousTitForTat,D,1,1,564,564
565,player_90df6f40-46b7-48b5-adf3-bdc91f8798e5@localhost,AlwaysDefect,D,player_6e13aa5c-cc89-4150-9f31-bbad83a27c0b@localhost,SuspiciousTitForTat,D,1,1,565,565
566,player_90df6f40-46b7-48b5-adf3-bdc91f8798e5@localhost,AlwaysDefect,D,player_6e13aa5c-cc89-4150-9f31-bbad83a27c0b@localhost,SuspiciousTitForTat,D,1,1,566,566
567,player_90df6f40-46b7-48b5-adf3-bdc91f8798e5@localhost,AlwaysDefect,D,player_6e13aa5c-cc89-4150-9f31-bbad83a27c0b@localhost,SuspiciousTitForTat,D,1,1,567,567
568,player_90df6f40-46b7-48b5-adf3-bdc91f8798e5@localhost,AlwaysDefect,D,player_6e13aa5c-cc89-4150-9f31-bbad83a27c0b@localhost,SuspiciousTitForTat,D,1,1,568,568
569,player_90df6f40-46b7-48b5-adf3-bdc91f8798e5@localhost,AlwaysDefect,D,player_6e13aa5c-cc89-4150-9f31-bbad83a27c0b@localhost,SuspiciousTitForTat,D,1,1,569,569
570,player_90df6f40-46b7-48b5-adf3-bdc91f8798e5@localhost,AlwaysDefect,D,player_6e13aa5c-cc89-4150-9f31-bbad83a27c0b@localhost,SuspiciousTitForTat,D,1,1,570,570
571,player_90df6f40-46b7-48b5-adf3-bdc91f8798e5@localhost,AlwaysDefect,D,player_6e13aa5c-cc89-4150-9f31-bbad83a27c0b@localhost,SuspiciousTitForTat,D,1,1,571,571
572,player_90df6f40-46b7-48b5-adf3-bdc91f8798e5@localhost,AlwaysDefect,D,player_6e13aa5c-cc89-4150-9f31-bbad83a27c0b@localhost,SuspiciousTitForTat,D,1,1,572,572
573,player_90df6f40-46b7-48b5-adf3-bdc91f8798e5@localhost,AlwaysDefect,D,player_6e13aa5c-cc89-4150-9f31-bbad83a27c0b@localhost,SuspiciousTitForTat,D,1,1,573,573
574,player_90df6f40-46b7-48b5-adf3-bdc91f8798e5@localhost,AlwaysDefect,D,player_6e13aa5c-cc89-4150-9f31-bbad83a27c0b@localhost,SuspiciousTitForTat,D,1,1,574,574
575,player_90df6f40-46b7-48b5-adf3-bdc91f8798e5@localhost,AlwaysDefect,D,player_6e13aa5c-cc89-4150-9f31-bbad83a27c0b@localhost,SuspiciousTitForTat,D,1,1,575,575
576,player_90df6f40-46b7-48b5-adf3-bdc91f8798e5@localhost,AlwaysDefect,D,player_6e13aa5c-cc89-4150-9f31-bbad83a27c0b@localhost,SuspiciousTitForTat,D,1,1,576,576
577,player_90df6f40-46b7-48b5-adf3-bdc91f8798e5@localhost,AlwaysDefect,D,player_6e13aa5c-cc89-4150-9f31-bbad83a27c0b@localhost,SuspiciousTitForTat,D,1,1,577,577
578,player_90df6f40-46b7-48b5-adf3-bdc91f8798e5@localhost,AlwaysDefect,D,player_6e13aa5c-cc89-4150-9f31-bbad83a27c0b@localhost,SuspiciousTitForTat,D,1,1,578,578
579,player_90df6f40-46b7-48b5-adf3-bdc91f8798e5@localhost,AlwaysDefect,D,player_6e13aa5c-cc89-4150-9f31-bbad83a27c0b@localhost,SuspiciousTitForTat,D,1,1,579,579
580,player_90df6f40-46b7-48b5-adf3-bdc91f8798e5@localhost,AlwaysDefect,D,player_6e13aa5c-cc89-4150-9f31-bbad83a27c0b@localhost,SuspiciousTitForTat,D,1,1,580,580
581,player_90df6f40-46b7-48b5-adf3-bdc91f8798e5@localhost,AlwaysDefect,D,player_6e13aa5c-cc89-4150-9f31-bbad83a27c0b@localhost,SuspiciousTitForTat,D,1,1,581,581
582,player_90df6f40-46b7-48b5-adf3-bdc91f8798e5@localhost,AlwaysDefect,D,player_6e13aa5c-cc89-4150-9f31-bbad83a27c0b@localhost,SuspiciousTitForTat,D,1,1,582,582
583,player_90df6f40-46b7-48b5-adf3-bdc91f8798e5@localhost,AlwaysDefect,D,player_6e13aa5c-cc89-4150-9f31-bbad83a27c0b@localhost,SuspiciousTitForTat,D,1,1,583,583
584,player_90df6f40-46b7-48b5-adf3-bdc91f8798e5@localhost,AlwaysDefect,D,player_6e13aa5c-cc89-4150-9f31-bbad83a27c0b@localhost,SuspiciousTitForTat,D,1,1,584,584
585,player_90df6f40-46b7-48b5-adf3-bdc91f8798e5@localhost,AlwaysDefect,D,player_6e13aa5c-cc89-4150-9f31-bbad83a27c0b@localhost,SuspiciousTitForTat,D,1,1,585,585
586,player_90df6f40-46b7-48b5-adf3-bdc91f8798e5@localhost,AlwaysDefect,D,player_6e13aa5c-cc89-4150-9f31-bbad83a27c0b@localhost,SuspiciousTitForTat,D,1,1,586,586
587,player_90df6f40-46b7-48b5-adf3-bdc91f8798e5@localhost,AlwaysDefect,D,player_6e13aa5c-cc89-4150-9f31-bbad83a27c0b@localhost,SuspiciousTitForTat,D,1,1,587,587
588,player_90df6f40-46b7-48b5-adf3-bdc91f8798e5@localhost,AlwaysDefect,D,player_6e13aa5c-cc89-4150-9f31-bbad83a27c0b@localhost,SuspiciousTitForTat,D,1,1,588,588
589,player_90df6f40-46b7-48b5-adf3-bdc91f8798e5@localhost,AlwaysDefect,D,player_6e13aa5c-cc89-4150-9f31-bbad83a27c0b@localhost,SuspiciousTitForTat,D,1,1,589,589
590,player_90df6f40-46b7-48b5-adf3-bdc91f8798e5@localhost,AlwaysDefect,D,player_6e13aa5c-cc89-4150-9f31-bbad83a27c0b@localhost,SuspiciousTitForTat,D,1,1,590,590
591,player_90df6f40-46b7-48b5-adf3-bdc91f8798e5@localhost,AlwaysDefect,D,player_6e13aa5c-cc89-4150-9f31-bbad83a27c0b@localhost,SuspiciousTitForTat,D,1,1,591,591
592,player_90df6f40-46b7-48b5-adf3-bdc91f8798e5@localhost,AlwaysDefect,D,player_6e13aa5c-cc89-4150-9f31-bbad83a27c0b@localhost,SuspiciousTitForTat,D,1,1,592,592
593,player_90df6f40-46b7-48b5-adf3-bdc91f8798e5@localhost,AlwaysDefect,D,player_6e13aa5c-cc89-4150-9f31-bbad83a27c0b@localhost,SuspiciousTitForTat,D,1,1,593,593
594,player_90df6f40-46b7-48b5-adf3-bdc91f8798e5@localhost,AlwaysDefect,D,player_6e13aa5c-cc89-4150-9f31-bbad83a27c0b@localhost,SuspiciousTitForTat,D,1,1,594,594
595,player_90df6f40-46b7-48b5-adf3-bdc91f8798e5@localhost,AlwaysDefect,D,player_6e13aa5c-cc89-4150-9f31-bbad83a27c0b@localhost,SuspiciousTitForTat,D,1,1,595,595
596,player_90df6f40-46b7-48b5-adf3-bdc91f8798e5@localhost,AlwaysDefect,D,player_6e13aa5c-cc89-4150-9f31-bbad83a27c0b@localhost,SuspiciousTitForTat,D,1,1,596,596
597,player_90df6f40-46b7-48b5-adf3-bdc91f8798e5@localhost,AlwaysDefect,D,player_6e13aa5c-cc89-4150-9f31-bbad83a27c0b@localhost,SuspiciousTitForTat,D,1,1,597,597
598,player_90df6f40-46b7-48b5-adf3-bdc91f8798e5@localhost,AlwaysDefect,D,player_6e13aa5c-cc89-4150-9f31-bbad83a27c0b@localhost,SuspiciousTitForTat,D,1,1,598,598
599,player_90df6f40-46b7-48b5-adf3-bdc91f8798e5@localhost,AlwaysDefect,D,player_6e13aa5c-cc89-4150-9f31-bbad83a27c0b@localhost,SuspiciousTitForTat,D,1,1,599,599
600,player_90df6f40-46b7-48b5-adf3-bdc91f8798e5@localhost,AlwaysDefect,D,player_6e13aa5c-cc89-4150-9f31-bbad83a27c0b@localhost,SuspiciousTitForTat,D,1,1,600,600
601,player_90df6f40-46b7-48b5-adf3-bdc91f8798e5@localhost,AlwaysDefect,D,player_6e13aa5c-cc89-4150-9f31-bbad83a27c0b@localhost,SuspiciousTitForTat,D,1,1,601,601
602,player_90df6f40-46b7-48b5-adf3-bdc91f8798e5@localhost,AlwaysDefect,D,player_6e13aa5c-cc89-4150-9f31-bbad83a27c0b@localhost,SuspiciousTitForTat,D,1,1,602,602
603,player_90df6f40-46b7-48b5-adf3-bdc91f8798e5@localhost,AlwaysDefect,D,player_6e13aa5c-cc89-4150-9f31-bbad83a27c0b@localhost,SuspiciousTitForTat,D,1,1,603,603
604,player_90df6f40-46b7-48b5-adf3-bdc91f8798e5@localhost,AlwaysDefect,D,player_6e13aa5c-cc89-4150-9f31-bbad83a27c0b@localhost,SuspiciousTitForTat,D,1,1,604,604
605,player_90df6f40-46b7-48b5-adf3-bdc91f8798e5@localhost,AlwaysDefect,D,player_6e13aa5c-cc89-4150-9f31-bbad83a27c0b@localhost,SuspiciousTitForTat,D,1,1,605,605
606,player_90df6f40-46b7-48b5-adf3-bdc91f8798e5@localhost,AlwaysDefect,D,player_6e13aa5c-cc89-4150-9f31-bbad83a27c0b@localhost,SuspiciousTitForTat,D,1,1,606,606
607,player_90df6f40-46b7-48b5-adf3-bdc91f8798e5@localhost,AlwaysDefect,D,player_6e13aa5c-cc89-4150-9f31-bbad83a27c0b@localhost,SuspiciousTitForTat,D,1,1,607,607
608,player_90df6f40-46b7-48b5-adf3-bdc91f8798e5@localhost,AlwaysDefect,D,player_6e13aa5c-cc89-4150-9f31-bbad83a27c0b@localhost,SuspiciousTitForTat,D,1,1,608,608
609,player_90df6f40-46b7-48b5-adf3-bdc91f8798e5@localhost,AlwaysDefect,D,player_6e13aa5c-cc89-4150-9f31-bbad83a27c0b@localhost,SuspiciousTitForTat,D,1,1,609,609
610,player_90df6f40-46b7-48b5-adf3-bdc91f8798e5@localhost,AlwaysDefect,D,player_6e13aa5c-cc89-4150-9f31-bbad83a27c0b@localhost,SuspiciousTitForTat,D,1,1,610,610
611,player_90df6f40-46b7-48b5-adf3-bdc91f8798e5@localhost,AlwaysDefect,D,player_6e13aa5c-cc89-4150-9f31-bbad83a27c0b@localhost,SuspiciousTitForTat,D,1,1,611,611
612,player_90df6f40-46b7-48b5-adf3-bdc91f8798e5@localhost,AlwaysDefect,D,player_6e13aa5c-cc89-4150-9f31-bbad83a27c0b@localhost,SuspiciousTitForTat,D,1,1,612,612
613,player_90df6f40-46b7-48b5-adf3-bdc91f8798e5@localhost,AlwaysDefect,D,player_6e13aa5c-cc89-4150-9f31-bbad83a27c0b@localhost,SuspiciousTitForTat,D,1,1,613,613
614,player_90df6f40-46b7-48b5-adf3-bdc91f8798e5@localhost,AlwaysDefect,D,player_6e13aa5c-cc89-4150-9f31-bbad83a27c0b@localhost,SuspiciousTitForTat,D,1,1,614,614
615,player_90df6f40-46b7-48b5-adf3-bdc91f8798e5@localhost,AlwaysDefect,D,player_6e13aa5c-cc89-4150-9f31-bbad83a27c0b@localhost,SuspiciousTitForTat,D,1,1,615,615
616,player_90df6f40-46b7-48b5-adf3-bdc91f8798e5@localhost,AlwaysDefect,D,player_6e13aa5c-cc89-4150-9f31-bbad83a27c0b@localhost,SuspiciousTitForTat,D,1,1,616,616
617,player_90df6f40-46b7-48b5-adf3-bdc91f8798e5@localhost,AlwaysDefect,D,player_6e13aa5c-cc89-4150-9f31-bbad83a27c0b@localhost,SuspiciousTitForTat,D,1,1,617,617
618,player_90df6f40-46b7-48b5-adf3-bdc91f8798e5@localhost,AlwaysDefect,D,player_6e13aa5c-cc89-4150-9f31-bbad83a27c0b@localhost,SuspiciousTitForTat,D,1,1,618,618
619,player_90df6f40-46b7-48b5-adf3-bdc91f8798e5@localhost,AlwaysDefect,D,player_6e13aa5c-cc89-4150-9f31-bbad83a27c0b@localhost,SuspiciousTitForTat,D,1,1,619,619
620,player_90df6f40-46b7-48b5-adf3-bdc91f8798e5@localhost,AlwaysDefect,D,player_6e13aa5c-cc89-4150-9f31-bbad83a27c0b@localhost,SuspiciousTitForTat,D,1,1,620,620
621,player_90df6f40-46b7-48b5-adf3-bdc91f8798e5@localhost,AlwaysDefect,D,player_6e13aa5c-cc89-4150-9f31-bbad83a27c0b@localhost,SuspiciousTitForTat,D,1,1,621,621
622,player_90df6f40-46b7-48b5-adf3-bdc91f8798e5@localhost,AlwaysDefect,D,player_6e13aa5c-cc89-4150-9f31-bbad83a27c0b@localhost,SuspiciousTitForTat,D,1,1,622,622
623,player_90df6f40-46b7-48b5-adf3-bdc91f8798e5@localhost,AlwaysDefect,D,player_6e13aa5c-cc89-4150-9f31-bbad83a27c0b@localhost,SuspiciousTitForTat,D,1,1,623,623
624,player_90df6f40-46b7-48b5-adf3-bdc91f8798e5@localhost,AlwaysDefect,D,player_6e13aa5c-cc89-4150-9f31-bbad83a27c0b@localhost,SuspiciousTitForTat,D,1,1,624,624
625,player_90df6f40-46b7-48b5-adf3-bdc91f8798e5@localhost,AlwaysDefect,D,player_6e13aa5c-cc89-4150-9f31-bbad83a27c0b@localhost,SuspiciousTitForTat,D,1,1,625,625
626,player_90df6f40-46b7-48b5-adf3-bdc91f8798e5@localhost,AlwaysDefect,D,player_6e13aa5c-cc89-4150-9f31-bbad83a27c0b@localhost,SuspiciousTitForTat,D,1,1,626,626
627,player_90df6f40-46b7-48b5-adf3-bdc91f8798e5@localhost,AlwaysDefect,D,player_6e13aa5c-cc89-4150-9f31-bbad83a27c0b@localhost,SuspiciousTitForTat,D,1,1,627,627
628,player_90df6f40-46b7-48b5-adf3-bdc91f8798e5@localhost,AlwaysDefect,D,player_6e13aa5c-cc89-4150-9f31-bbad83a27c0b@localhost,SuspiciousTitForTat,D,1,1,628,628
629,player_90df6f40-46b7-48b5-adf3-bdc91f8798e5@localhost,AlwaysDefect,D,player_6e13aa5c-cc89-4150-9f31-bbad83a27c0b@localhost,SuspiciousTitForTat,D,1,1,629,629
630,player_90df6f40-46b7-48b5-adf3-bdc91f8798e5@localhost,AlwaysDefect,D,player_6e13aa5c-cc89-4150-9f31-bbad83a27c0b@localhost,SuspiciousTitForTat,D,1,1,630,630
631,player_90df6f40-46b7-48b5-adf3-bdc91f8798e5@localhost,AlwaysDefect,D,player_6e13aa5c-cc89-4150-9f31-bbad83a27c0b@localhost,SuspiciousTitForTat,D,1,1,631,631
632,player_90df6f40-46b7-48b5-adf3-bdc91f8798e5@localhost,AlwaysDefect,D,player_6e13aa5c-cc89-4150-9f31-bbad83a27c0b@localhost,SuspiciousTitForTat,D,1,1,632,632
633,player_90df6f40-46b7-48b5-adf3-bdc91f8798e5@localhost,AlwaysDefect,D,player_6e13aa5c-cc89-4150-9f31-bbad83a27c0b@localhost,SuspiciousTitForTat,D,1,1,633,633
634,player_90df6f40-46b7-48b5-adf3-bdc91f8798e5@localhost,AlwaysDefect,D,player_6e13aa5c-cc89-4150-9f31-bbad83a27c0b@localhost,SuspiciousTitForTat,D,1,1,634,634
635,player_90df6f40-46b7-48b5-adf3-bdc91f8798e5@localhost,AlwaysDefect,D,player_6e13aa5c-cc89-4150-9f31-bbad83a27c0b@localhost,SuspiciousTitForTat,D,1,1,635,635
636,player_90df6f40-46b7-48b5-adf3-bdc91f8798e5@localhost,AlwaysDefect,D,player_6e13aa5c-cc89-4150-9f31-bbad83a27c0b@localhost,SuspiciousTitForTat,D,1,1,636,636
637,player_90df6f40-46b7-48b5-adf3-bdc91f8798e5@localhost,AlwaysDefect,D,player_6e13aa5c-cc89-4150-9f31-bbad83a27c0b@localhost,SuspiciousTitForTat,D,1,1,637,637
638,player_90df6f40-46b7-48b5-adf3-bdc91f8798e5@localhost,AlwaysDefect,D,player_6e13aa5c-cc89-4150-9f31-bbad83a27c0b@localhost,SuspiciousTitForTat,D,1,1,638,638
639,player_90df6f40-46b7-48b5-adf3-bdc91f8798e5@localhost,AlwaysDefect,D,player_6e13aa5c-cc89-4150-9f31-bbad83a27c0b@localhost,SuspiciousTitForTat,D,1,1,639,639
640,player_90df6f40-46b7-48b5-adf3-bdc91f8798e5@localhost,AlwaysDefect,D,player_6e13aa5c-cc89-4150-9f31-bbad83a27c0b@localhost,SuspiciousTitForTat,D,1,1,640,640
641,player_90df6f40-46b7-48b5-adf3-bdc91f8798e5@localhost,AlwaysDefect,D,player_6e13aa5c-cc89-4150-9f31-bbad83a27c0b@localhost,SuspiciousTitForTat,D,1,1,641,641
642,player_90df6f40-46b7-48b5-adf3-bdc91f8798e5@localhost,AlwaysDefect,D,player_6e13aa5c-cc89-4150-9f31-bbad83a27c0b@localhost,SuspiciousTitForTat,D,1,1,642,642
643,player_90df6f40-46b7-48b5-adf3-bdc91f8798e5@localhost,AlwaysDefect,D,player_6e13aa5c-cc89-4150-9f31-bbad83a27c0b@localhost,SuspiciousTitForTat,D,1,1,643,643
644,player_90df6f40-46b7-48b5-adf3-bdc91f8798e5@localhost,AlwaysDefect,D,player_6e13aa5c-cc89-4150-9f31-bbad83a27c0b@localhost,SuspiciousTitForTat,D,1,1,644,644
645,player_90df6f40-46b7-48b5-adf3-bdc91f8798e5@localhost,AlwaysDefect,D,player_6e13aa5c-cc89-4150-9f31-bbad83a27c0b@localhost,SuspiciousTitForTat,D,1,1,645,645
646,player_90df6f40-46b7-48b5-adf3-bdc91f8798e5@localhost,AlwaysDefect,D,player_6e13aa5c-cc89-4150-9f31-bbad83a27c0b@localhost,SuspiciousTitForTat,D,1,1,646,646
647,player_90df6f40-46b7-48b5-adf3-bdc91f8798e5@localhost,AlwaysDefect,D,player_6e13aa5c-cc89-4150-9f31-bbad83a27c0b@localhost,SuspiciousTitForTat,D,1,1,647,647
648,player_90df6f40-46b7-48b5-adf3-bdc91f8798e5@localhost,AlwaysDefect,D,player_6e13aa5c-cc89-4150-9f31-bbad83a27c0b@localhost,SuspiciousTitForTat,D,1,1,648,648
649,player_90df6f40-46b7-48b5-adf3-bdc91f8798e5@localhost,AlwaysDefect,D,player_6e13aa5c-cc89-4150-9f31-bbad83a27c0b@localhost,SuspiciousTitForTat,D,1,1,649,649
650,player_90df6f40-46b7-48b5-adf3-bdc91f8798e5@localhost,AlwaysDefect,D,player_6e13aa5c-cc89-4150-9f31-bbad83a27c0b@localhost,SuspiciousTitForTat,D,1,1,650,650
651,player_90df6f40-46b7-48b5-adf3-bdc91f8798e5@localhost,AlwaysDefect,D,player_6e13aa5c-cc89-4150-9f31-bbad83a27c0b@localhost,SuspiciousTitForTat,D,1,1,651,651
652,player_90df6f40-46b7-48b5-adf3-bdc91f8798e5@localhost,AlwaysDefect,D,player_6e13aa5c-cc89-4150-9f31-bbad83a27c0b@localhost,SuspiciousTitForTat,D,1,1,652,652
653,player_90df6f40-46b7-48b5-adf3-bdc91f8798e5@localhost,AlwaysDefect,D,player_6e13aa5c-cc89-4150-9f31-bbad83a27c0b@localhost,SuspiciousTitForTat,D,1,1,653,653
654,player_90df6f40-46b7-48b5-adf3-bdc91f8798e5@localhost,AlwaysDefect,D,player_6e13aa5c-cc89-4150-9f31-bbad83a27c0b@localhost,SuspiciousTitForTat,D,1,1,654,654
655,player_90df6f40-46b7-48b5-adf3-bdc91f8798e5@localhost,AlwaysDefect,D,player_6e13aa5c-cc89-4150-9f31-bbad83a27c0b@localhost,SuspiciousTitForTat,D,1,1,655,655
656,player_90df6f40-46b7-48b5-adf3-bdc91f8798e5@localhost,AlwaysDefect,D,player_6e13aa5c-cc89-4150-9f31-bbad83a27c0b@localhost,SuspiciousTitForTat,D,1,1,656,656
657,player_90df6f40-46b7-48b5-adf3-bdc91f8798e5@localhost,AlwaysDefect,D,player_6e13aa5c-cc89-4150-9f31-bbad83a27c0b@localhost,SuspiciousTitForTat,D,1,1,657,657
658,player_90df6f40-46b7-48b5-adf3-bdc91f8798e5@localhost,AlwaysDefect,D,player_6e13aa5c-cc89-4150-9f31-bbad83a27c0b@localhost,SuspiciousTitForTat,D,1,1,658,658
659,player_90df6f40-46b7-48b5-adf3-bdc91f8798e5@localhost,AlwaysDefect,D,player_6e13aa5c-cc89-4150-9f31-bbad83a27c0b@localhost,SuspiciousTitForTat,D,1,1,659,659
660,player_90df6f40-46b7-48b5-adf3-bdc91f8798e5@localhost,AlwaysDefect,D,player_6e13aa5c-cc89-4150-9f31-bbad83a27c0b@localhost,SuspiciousTitForTat,D,1,1,660,660
661,player_90df6f40-46b7-48b5-adf3-bdc91f8798e5@localhost,AlwaysDefect,D,player_6e13aa5c-cc89-4150-9f31-bbad83a27c0b@localhost,SuspiciousTitForTat,D,1,1,661,661
662,player_90df6f40-46b7-48b5-adf3-bdc91f8798e5@localhost,AlwaysDefect,D,player_6e13aa5c-cc89-4150-9f31-bbad83a27c0b@localhost,SuspiciousTitForTat,D,1,1,662,662
663,player_90df6f40-46b7-48b5-adf3-bdc91f8798e5@localhost,AlwaysDefect,D,player_6e13aa5c-cc89-4150-9f31-bbad83a27c0b@localhost,SuspiciousTitForTat,D,1,1,663,663
664,player_90df6f40-46b7-48b5-adf3-bdc91f8798e5@localhost,AlwaysDefect,D,player_6e13aa5c-cc89-4150-9f31-bbad83a27c0b@localhost,SuspiciousTitForTat,D,1,1,664,664
665,player_90df6f40-46b7-48b5-adf3-bdc91f8798e5@localhost,AlwaysDefect,D,player_6e13aa5c-cc89-4150-9f31-bbad83a27c0b@localhost,SuspiciousTitForTat,D,1,1,665,665
666,player_90df6f40-46b7-48b5-adf3-bdc91f8798e5@localhost,AlwaysDefect,D,player_6e13aa5c-cc89-4150-9f31-bbad83a27c0b@localhost,SuspiciousTitForTat,D,1,1,666,666
667,player_90df6f40-46b7-48b5-adf3-bdc91f8798e5@localhost,AlwaysDefect,D,player_6e13aa5c-cc89-4150-9f31-bbad83a27c0b@localhost,SuspiciousTitForTat,D,1,1,667,667
668,player_90df6f40-46b7-48b5-adf3-bdc91f8798e5@localhost,AlwaysDefect,D,player_6e13aa5c-cc89-4150-9f31-bbad83a27c0b@localhost,SuspiciousTitForTat,D,1,1,668,668
669,player_90df6f40-46b7-48b5-adf3-bdc91f8798e5@localhost,AlwaysDefect,D,player_6e13aa5c-cc89-4150-9f31-bbad83a27c0b@localhost,SuspiciousTitForTat,D,1,1,669,669
670,player_90df6f40-46b7-48b5-adf3-bdc91f8798e5@localhost,AlwaysDefect,D,player_6e13aa5c-cc89-4150-9f31-bbad83a27c0b@localhost,SuspiciousTitForTat,D,1,1,670,670
671,player_90df6f40-46b7-48b5-adf3-bdc91f8798e5@localhost,AlwaysDefect,D,player_6e13aa5c-cc89-4150-9f31-bbad83a27c0b@localhost,SuspiciousTitForTat,D,1,1,671,671
672,player_90df6f40-46b7-48b5-adf3-bdc91f8798e5@localhost,AlwaysDefect,D,player_6e13aa5c-cc89-4150-9f31-bbad83a27c0b@localhost,SuspiciousTitForTat,D,1,1,672,672
673,player_90df6f40-46b7-48b5-adf3-bdc91f8798e5@localhost,AlwaysDefect,D,player_6e13aa5c-cc89-4150-9f31-bbad83a27c0b@localhost,SuspiciousTitForTat,D,1,1,673,673
674,player_90df6f40-46b7-48b5-adf3-bdc91f8798e5@localhost,AlwaysDefect,D,player_6e13aa5c-cc89-4150-9f31-bbad83a27c0b@localhost,SuspiciousTitForTat,D,1,1,674,674
675,player_90df6f40-46b7-48b5-adf3-bdc91f8798e5@localhost,AlwaysDefect,D,player_6e13aa5c-cc89-4150-9f31-bbad83a27c0b@localhost,SuspiciousTitForTat,D,1,1,675,675
676,player_90df6f40-46b7-48b5-adf3-bdc91f8798e5@localhost,AlwaysDefect,D,player_6e13aa5c-cc89-4150-9f31-bbad83a27c0b@localhost,SuspiciousTitForTat,D,1,1,676,676
677,player_90df6f40-46b7-48b5-adf3-bdc91f8798e5@localhost,AlwaysDefect,D,player_6e13aa5c-cc89-4150-9f31-bbad83a27c0b@localhost,SuspiciousTitForTat,D,1,1,677,677
678,player_90df6f40-46b7-48b5-adf3-bdc91f8798e5@localhost,AlwaysDefect,D,player_6e13aa5c-cc89-4150-9f31-bbad83a27c0b@localhost,SuspiciousTitForTat,D,1,1,678,678
679,player_90df6f40-46b7-48b5-adf3-bdc91f8798e5@localhost,AlwaysDefect,D,player_6e13aa5c-cc89-4150-9f31-bbad83a27c0b@localhost,SuspiciousTitForTat,D,1,1,679,679
680,player_90df6f40-46b7-48b5-adf3-bdc91f8798e5@localhost,AlwaysDefect,D,player_6e13aa5c-cc89-4150-9f31-bbad83a27c0b@localhost,SuspiciousTitForTat,D,1,1,680,680
681,player_90df6f40-46b7-48b5-adf3-bdc91f8798e5@localhost,AlwaysDefect,D,player_6e13aa5c-cc89-4150-9f31-bbad83a27c0b@localhost,SuspiciousTitForTat,D,1,1,681,681
682,player_90df6f40-46b7-48b5-adf3-bdc91f8798e5@localhost,AlwaysDefect,D,player_6e13aa5c-cc89-4150-9f31-bbad83a27c0b@localhost,SuspiciousTitForTat,D,1,1,682,682
683,player_90df6f40-46b7-48b5-adf3-bdc91f8798e5@localhost,AlwaysDefect,D,player_6e13aa5c-cc89-4150-9f31-bbad83a27c0b@localhost,SuspiciousTitForTat,D,1,1,683,683
684,player_90df6f40-46b7-48b5-adf3-bdc91f8798e5@localhost,AlwaysDefect,D,player_6e13aa5c-cc89-4150-9f31-bbad83a27c0b@localhost,SuspiciousTitForTat,D,1,1,684,684
685,player_90df6f40-46b7-48b5-adf3-bdc91f8798e5@localhost,AlwaysDefect,D,player_6e13aa5c-cc89-4150-9f31-bbad83a27c0b@localhost,SuspiciousTitForTat,D,1,1,685,685
686,player_90df6f40-46b7-48b5-adf3-bdc91f8798e5@localhost,AlwaysDefect,D,player_6e13aa5c-cc89-4150-9f31-bbad83a27c0b@localhost,SuspiciousTitForTat,D,1,1,686,686
687,player_90df6f40-46b7-48b5-adf3-bdc91f8798e5@localhost,AlwaysDefect,D,player_6e13aa5c-cc89-4150-9f31-bbad83a27c0b@localhost,SuspiciousTitForTat,D,1,1,687,687
688,player_90df6f40-46b7-48b5-adf3-bdc91f8798e5@localhost,AlwaysDefect,D,player_6e13aa5c-cc89-4150-9f31-bbad83a27c0b@localhost,SuspiciousTitForTat,D,1,1,688,688
689,player_90df6f40-46b7-48b5-adf3-bdc91f8798e5@localhost,AlwaysDefect,D,player_6e13aa5c-cc89-4150-9f31-bbad83a27c0b@localhost,SuspiciousTitForTat,D,1,1,689,689
690,player_90df6f40-46b7-48b5-adf3-bdc91f8798e5@localhost,AlwaysDefect,D,player_6e13aa5c-cc89-4150-9f31-bbad83a27c0b@localhost,SuspiciousTitForTat,D,1,1,690,690
691,player_90df6f40-46b7-48b5-adf3-bdc91f8798e5@localhost,AlwaysDefect,D,player_6e13aa5c-cc89-4150-9f31-bbad83a27c0b@localhost,SuspiciousTitForTat,D,1,1,691,691
692,player_90df6f40-46b7-48b5-adf3-bdc91f8798e5@localhost,AlwaysDefect,D,player_6e13aa5c-cc89-4150-9f31-bbad83a27c0b@localhost,SuspiciousTitForTat,D,1,1,692,692
693,player_90df6f40-46b7-48b5-adf3-bdc91f8798e5@localhost,AlwaysDefect,D,player_6e13aa5c-cc89-4150-9f31-bbad83a27c0b@localhost,SuspiciousTitForTat,D,1,1,693,693
694,player_90df6f40-46b7-48b5-adf3-bdc91f8798e5@localhost,AlwaysDefect,D,player_6e13aa5c-cc89-4150-9f31-bbad83a27c0b@localhost,SuspiciousTitForTat,D,1,1,694,694
695,player_90df6f40-46b7-48b5-adf3-bdc91f8798e5@localhost,AlwaysDefect,D,player_6e13aa5c-cc89-4150-9f31-bbad83a27c0b@localhost,SuspiciousTitForTat,D,1,1,695,695
696,player_90df6f40-46b7-48b5-adf3-bdc91f8798e5@localhost,AlwaysDefect,D,player_6e13aa5c-cc89-4150-9f31-bbad83a27c0b@localhost,SuspiciousTitForTat,D,1,1,696,696
697,player_90df6f40-46b7-48b5-adf3-bdc91f8798e5@localhost,AlwaysDefect,D,player_6e13aa5c-cc89-4150-9f31-bbad83a27c0b@localhost,SuspiciousTitForTat,D,1,1,697,697
698,player_90df6f40-46b7-48b5-adf3-bdc91f8798e5@localhost,AlwaysDefect,D,player_6e13aa5c-cc89-4150-9f31-bbad83a27c0b@localhost,SuspiciousTitForTat,D,1,1,698,698
699,player_90df6f40-46b7-48b5-adf3-bdc91f8798e5@localhost,AlwaysDefect,D,player_6e13aa5c-cc89-4150-9f31-bbad83a27c0b@localhost,SuspiciousTitForTat,D,1,1,699,699
700,player_90df6f40-46b7-48b5-adf3-bdc91f8798e5@localhost,AlwaysDefect,D,player_6e13aa5c-cc89-4150-9f31-bbad83a27c0b@localhost,SuspiciousTitForTat,D,1,1,700,700
701,player_90df6f40-46b7-48b5-adf3-bdc91f8798e5@localhost,AlwaysDefect,D,player_6e13aa5c-cc89-4150-9f31-bbad83a27c0b@localhost,SuspiciousTitForTat,D,1,1,701,701
702,player_90df6f40-46b7-48b5-adf3-bdc91f8798e5@localhost,AlwaysDefect,D,player_6e13aa5c-cc89-4150-9f31-bbad83a27c0b@localhost,SuspiciousTitForTat,D,1,1,702,702
703,player_90df6f40-46b7-48b5-adf3-bdc91f8798e5@localhost,AlwaysDefect,D,player_6e13aa5c-cc89-4150-9f31-bbad83a27c0b@localhost,SuspiciousTitForTat,D,1,1,703,703
704,player_90df6f40-46b7-48b5-adf3-bdc91f8798e5@localhost,AlwaysDefect,D,player_6e13aa5c-cc89-4150-9f31-bbad83a27c0b@localhost,SuspiciousTitForTat,D,1,1,704,704
705,player_90df6f40-46b7-48b5-adf3-bdc91f8798e5@localhost,AlwaysDefect,D,player_6e13aa5c-cc89-4150-9f31-bbad83a27c0b@localhost,SuspiciousTitForTat,D,1,1,705,705
706,player_90df6f40-46b7-48b5-adf3-bdc91f8798e5@localhost,AlwaysDefect,D,player_6e13aa5c-cc89-4150-9f31-bbad83a27c0b@localhost,SuspiciousTitForTat,D,1,1,706,706
707,player_90df6f40-46b7-48b5-adf3-bdc91f8798e5@localhost,AlwaysDefect,D,player_6e13aa5c-cc89-4150-9f31-bbad83a27c0b@localhost,SuspiciousTitForTat,D,1,1,707,707
708,player_90df6f40-46b7-48b5-adf3-bdc91f8798e5@localhost,AlwaysDefect,D,player_6e13aa5c-cc89-4150-9f31-bbad83a27c0b@localhost,SuspiciousTitForTat,D,1,1,708,708
709,player_90df6f40-46b7-48b5-adf3-bdc91f8798e5@localhost,AlwaysDefect,D,player_6e13aa5c-cc89-4150-9f31-bbad83a27c0b@localhost,SuspiciousTitForTat,D,1,1,709,709
710,player_90df6f40-46b7-48b5-adf3-bdc91f8798e5@localhost,AlwaysDefect,D,player_6e13aa5c-cc89-4150-9f31-bbad83a27c0b@localhost,SuspiciousTitForTat,D,1,1,710,710
711,player_90df6f40-46b7-48b5-adf3-bdc91f8798e5@localhost,AlwaysDefect,D,player_6e13aa5c-cc89-4150-9f31-bbad83a27c0b@localhost,SuspiciousTitForTat,D,1,1,711,711
712,player_90df6f40-46b7-48b5-adf3-bdc91f8798e5@localhost,AlwaysDefect,D,player_6e13aa5c-cc89-4150-9f31-bbad83a27c0b@localhost,SuspiciousTitForTat,D,1,1,712,712
713,player_90df6f40-46b7-48b5-adf3-bdc91f8798e5@localhost,AlwaysDefect,D,player_6e13aa5c-cc89-4150-9f31-bbad83a27c0b@localhost,SuspiciousTitForTat,D,1,1,713,713
714,player_90df6f40-46b7-48b5-adf3-bdc91f8798e5@localhost,AlwaysDefect,D,player_6e13aa5c-cc89-4150-9f31-bbad83a27c0b@localhost,SuspiciousTitForTat,D,1,1,714,714
715,player_90df6f40-46b7-48b5-adf3-bdc91f8798e5@localhost,AlwaysDefect,D,player_6e13aa5c-cc89-4150-9f31-bbad83a27c0b@localhost,SuspiciousTitForTat,D,1,1,715,715
716,player_90df6f40-46b7-48b5-adf3-bdc91f8798e5@localhost,AlwaysDefect,D,player_6e13aa5c-cc89-4150-9f31-bbad83a27c0b@localhost,SuspiciousTitForTat,D,1,1,716,716
717,player_90df6f40-46b7-48b5-adf3-bdc91f8798e5@localhost,AlwaysDefect,D,player_6e13aa5c-cc89-4150-9f31-bbad83a27c0b@localhost,SuspiciousTitForTat,D,1,1,717,717
718,player_90df6f40-46b7-48b5-adf3-bdc91f8798e5@localhost,AlwaysDefect,D,player_6e13aa5c-cc89-4150-9f31-bbad83a27c0b@localhost,SuspiciousTitForTat,D,1,1,718,718
719,player_90df6f40-46b7-48b5-adf3-bdc91f8798e5@localhost,AlwaysDefect,D,player_6e13aa5c-cc89-4150-9f31-bbad83a27c0b@localhost,SuspiciousTitForTat,D,1,1,719,719
720,player_90df6f40-46b7-48b5-adf3-bdc91f8798e5@localhost,AlwaysDefect,D,player_6e13aa5c-cc89-4150-9f31-bbad83a27c0b@localhost,SuspiciousTitForTat,D,1,1,720,720
721,player_90df6f40-46b7-48b5-adf3-bdc91f8798e5@localhost,AlwaysDefect,D,player_6e13aa5c-cc89-4150-9f31-bbad83a27c0b@localhost,SuspiciousTitForTat,D,1,1,721,721
722,player_90df6f40-46b7-48b5-adf3-bdc91f8798e5@localhost,AlwaysDefect,D,player_6e13aa5c-cc89-4150-9f31-bbad83a27c0b@localhost,SuspiciousTitForTat,D,1,1,722,722
723,player_90df6f40-46b7-48b5-adf3-bdc91f8798e5@localhost,AlwaysDefect,D,player_6e13aa5c-cc89-4150-9f31-bbad83a27c0b@localhost,SuspiciousTitForTat,D,1,1,723,723
724,player_90df6f40-46b7-48b5-adf3-bdc91f8798e5@localhost,AlwaysDefect,D,player_6e13aa5c-cc89-4150-9f31-bbad83a27c0b@localhost,SuspiciousTitForTat,D,1,1,724,724
725,player_90df6f40-46b7-48b5-adf3-bdc91f8798e5@localhost,AlwaysDefect,D,player_6e13aa5c-cc89-4150-9f31-bbad83a27c0b@localhost,SuspiciousTitForTat,D,1,1,725,725
726,player_90df6f40-46b7-48b5-adf3-bdc91f8798e5@localhost,AlwaysDefect,D,player_6e13aa5c-cc89-4150-9f31-bbad83a27c0b@localhost,SuspiciousTitForTat,D,1,1,726,726
727,player_90df6f40-46b7-48b5-adf3-bdc91f8798e5@localhost,AlwaysDefect,D,player_6e13aa5c-cc89-4150-9f31-bbad83a27c0b@localhost,SuspiciousTitForTat,D,1,1,727,727
728,player_90df6f40-46b7-48b5-adf3-bdc91f8798e5@localhost,AlwaysDefect,D,player_6e13aa5c-cc89-4150-9f31-bbad83a27c0b@localhost,SuspiciousTitForTat,D,1,1,728,728
729,player_90df6f40-46b7-48b5-adf3-bdc91f8798e5@localhost,AlwaysDefect,D,player_6e13aa5c-cc89-4150-9f31-bbad83a27c0b@localhost,SuspiciousTitForTat,D,1,1,729,729
730,player_90df6f40-46b7-48b5-adf3-bdc91f8798e5@localhost,AlwaysDefect,D,player_6e13aa5c-cc89-4150-9f31-bbad83a27c0b@localhost,SuspiciousTitForTat,D,1,1,730,730
731,player_90df6f40-46b7-48b5-adf3-bdc91f8798e5@localhost,AlwaysDefect,D,player_6e13aa5c-cc89-4150-9f31-bbad83a27c0b@localhost,SuspiciousTitForTat,D,1,1,731,731
732,player_90df6f40-46b7-48b5-adf3-bdc91f8798e5@localhost,AlwaysDefect,D,player_6e13aa5c-cc89-4150-9f31-bbad83a27c0b@localhost,SuspiciousTitForTat,D,1,1,732,732
733,player_90df6f40-46b7-48b5-adf3-bdc91f8798e5@localhost,AlwaysDefect,D,player_6e13aa5c-cc89-4150-9f31-bbad83a27c0b@localhost,SuspiciousTitForTat,D,1,1,733,733
734,player_90df6f40-46b7-48b5-adf3-bdc91f8798e5@localhost,AlwaysDefect,D,player_6e13aa5c-cc89-4150-9f31-bbad83a27c0b@localhost,SuspiciousTitForTat,D,1,1,734,734
735,player_90df6f40-46b7-48b5-adf3-bdc91f8798e5@localhost,AlwaysDefect,D,player_6e13aa5c-cc89-4150-9f31-bbad83a27c0b@localhost,SuspiciousTitForTat,D,1,1,735,735
736,player_90df6f40-46b7-48b5-adf3-bdc91f8798e5@localhost,AlwaysDefect,D,player_6e13aa5c-cc89-4150-9f31-bbad83a27c0b@localhost,SuspiciousTitForTat,D,1,1,736,736
737,player_90df6f40-46b7-48b5-adf3-bdc91f8798e5@localhost,AlwaysDefect,D,player_6e13aa5c-cc89-4150-9f31-bbad83a27c0b@localhost,SuspiciousTitForTat,D,1,1,737,737
738,player_90df6f40-46b7-48b5-adf3-bdc91f8798e5@localhost,AlwaysDefect,D,player_6e13aa5c-cc89-4150-9f31-bbad83a27c0b@localhost,SuspiciousTitForTat,D,1,1,738,738
739,player_90df6f40-46b7-48b5-adf3-bdc91f8798e5@localhost,AlwaysDefect,D,player_6e13aa5c-cc89-4150-9f31-bbad83a27c0b@localhost,SuspiciousTitForTat,D,1,1,739,739
740,player_90df6f40-46b7-48b5-adf3-bdc91f8798e5@localhost,AlwaysDefect,D,player_6e13aa5c-cc89-4150-9f31-bbad83a27c0b@localhost,SuspiciousTitForTat,D,1,1,740,740
741,player_90df6f40-46b7-48b5-adf3-bdc91f8798e5@localhost,AlwaysDefect,D,player_6e13aa5c-cc89-4150-9f31-bbad83a27c0b@localhost,SuspiciousTitForTat,D,1,1,741,741
742,player_90df6f40-46b7-48b5-adf3-bdc91f8798e5@localhost,AlwaysDefect,D,player_6e13aa5c-cc89-4150-9f31-bbad83a27c0b@localhost,SuspiciousTitForTat,D,1,1,742,742
743,player_90df6f40-46b7-48b5-adf3-bdc91f8798e5@localhost,AlwaysDefect,D,player_6e13aa5c-cc89-4150-9f31-bbad83a27c0b@localhost,SuspiciousTitForTat,D,1,1,743,743
744,player_90df6f40-46b7-48b5-adf3-bdc91f8798e5@localhost,AlwaysDefect,D,player_6e13aa5c-cc89-4150-9f31-bbad83a27c0b@localhost,SuspiciousTitForTat,D,1,1,744,744
745,player_90df6f40-46b7-48b5-adf3-bdc91f8798e5@localhost,AlwaysDefect,D,player_6e13aa5c-cc89-4150-9f31-bbad83a27c0b@localhost,SuspiciousTitForTat,D,1,1,745,745
746,player_90df6f40-46b7-48b5-adf3-bdc91f8798e5@localhost,AlwaysDefect,D,player_6e13aa5c-cc89-4150-9f31-bbad83a27c0b@localhost,SuspiciousTitForTat,D,1,1,746,746
747,player_90df6f40-46b7-48b5-adf3-bdc91f8798e5@localhost,AlwaysDefect,D,player_6e13aa5c-cc89-4150-9f31-bbad83a27c0b@localhost,SuspiciousTitForTat,D,1,1,747,747
748,player_90df6f40-46b7-48b5-adf3-bdc91f8798e5@localhost,AlwaysDefect,D,player_6e13aa5c-cc89-4150-9f31-bbad83a27c0b@localhost,SuspiciousTitForTat,D,1,1,748,748
749,player_90df6f40-46b7-48b5-adf3-bdc91f8798e5@localhost,AlwaysDefect,D,player_6e13aa5c-cc89-4150-9f31-bbad83a27c0b@localhost,SuspiciousTitForTat,D,1,1,749,749
750,player_90df6f40-46b7-48b5-adf3-bdc91f8798e5@localhost,AlwaysDefect,D,player_6e13aa5c-cc89-4150-9f31-bbad83a27c0b@localhost,SuspiciousTitForTat,D,1,1,750,750
751,player_90df6f40-46b7-48b5-adf3-bdc91f8798e5@localhost,AlwaysDefect,D,player_6e13aa5c-cc89-4150-9f31-bbad83a27c0b@localhost,SuspiciousTitForTat,D,1,1,751,751
752,player_90df6f40-46b7-48b5-adf3-bdc91f8798e5@localhost,AlwaysDefect,D,player_6e13aa5c-cc89-4150-9f31-bbad83a27c0b@localhost,SuspiciousTitForTat,D,1,1,752,752
753,player_90df6f40-46b7-48b5-adf3-bdc91f8798e5@localhost,AlwaysDefect,D,player_6e13aa5c-cc89-4150-9f31-bbad83a27c0b@localhost,SuspiciousTitForTat,D,1,1,753,753
754,player_90df6f40-46b7-48b5-adf3-bdc91f8798e5@localhost,AlwaysDefect,D,player_6e13aa5c-cc89-4150-9f31-bbad83a27c0b@localhost,SuspiciousTitForTat,D,1,1,754,754
755,player_90df6f40-46b7-48b5-adf3-bdc91f8798e5@localhost,AlwaysDefect,D,player_6e13aa5c-cc89-4150-9f31-bbad83a27c0b@localhost,SuspiciousTitForTat,D,1,1,755,755
756,player_90df6f40-46b7-48b5-adf3-bdc91f8798e5@localhost,AlwaysDefect,D,player_6e13aa5c-cc89-4150-9f31-bbad83a27c0b@localhost,SuspiciousTitForTat,D,1,1,756,756
757,player_90df6f40-46b7-48b5-adf3-bdc91f8798e5@localhost,AlwaysDefect,D,player_6e13aa5c-cc89-4150-9f31-bbad83a27c0b@localhost,SuspiciousTitForTat,D,1,1,757,757
758,player_90df6f40-46b7-48b5-adf3-bdc91f8798e5@localhost,AlwaysDefect,D,player_6e13aa5c-cc89-4150-9f31-bbad83a27c0b@localhost,SuspiciousTitForTat,D,1,1,758,758
759,player_90df6f40-46b7-48b5-adf3-bdc91f8798e5@localhost,AlwaysDefect,D,player_6e13aa5c-cc89-4150-9f31-bbad83a27c0b@localhost,SuspiciousTitForTat,D,1,1,759,759
760,player_90df6f40-46b7-48b5-adf3-bdc91f8798e5@localhost,AlwaysDefect,D,player_6e13aa5c-cc89-4150-9f31-bbad83a27c0b@localhost,SuspiciousTitForTat,D,1,1,760,760
761,player_90df6f40-46b7-48b5-adf3-bdc91f8798e5@localhost,AlwaysDefect,D,player_6e13aa5c-cc89-4150-9f31-bbad83a27c0b@localhost,SuspiciousTitForTat,D,1,1,761,761
762,player_90df6f40-46b7-48b5-adf3-bdc91f8798e5@localhost,AlwaysDefect,D,player_6e13aa5c-cc89-4150-9f31-bbad83a27c0b@localhost,SuspiciousTitForTat,D,1,1,762,762
763,player_90df6f40-46b7-48b5-adf3-bdc91f8798e5@localhost,AlwaysDefect,D,player_6e13aa5c-cc89-4150-9f31-bbad83a27c0b@localhost,SuspiciousTitForTat,D,1,1,763,763
764,player_90df6f40-46b7-48b5-adf3-bdc91f8798e5@localhost,AlwaysDefect,D,player_6e13aa5c-cc89-4150-9f31-bbad83a27c0b@localhost,SuspiciousTitForTat,D,1,1,764,764
765,player_90df6f40-46b7-48b5-adf3-bdc91f8798e5@localhost,AlwaysDefect,D,player_6e13aa5c-cc89-4150-9f31-bbad83a27c0b@localhost,SuspiciousTitForTat,D,1,1,765,765
766,player_90df6f40-46b7-48b5-adf3-bdc91f8798e5@localhost,AlwaysDefect,D,player_6e13aa5c-cc89-4150-9f31-bbad83a27c0b@localhost,SuspiciousTitForTat,D,1,1,766,766
767,player_90df6f40-46b7-48b5-adf3-bdc91f8798e5@localhost,AlwaysDefect,D,player_6e13aa5c-cc89-4150-9f31-bbad83a27c0b@localhost,SuspiciousTitForTat,D,1,1,767,767
768,player_90df6f40-46b7-48b5-adf3-bdc91f8798e5@localhost,AlwaysDefect,D,player_6e13aa5c-cc89-4150-9f31-bbad83a27c0b@localhost,SuspiciousTitForTat,D,1,1,768,768
769,player_90df6f40-46b7-48b5-adf3-bdc91f8798e5@localhost,AlwaysDefect,D,player_6e13aa5c-cc89-4150-9f31-bbad83a27c0b@localhost,SuspiciousTitForTat,D,1,1,769,769
770,player_90df6f40-46b7-48b5-adf3-bdc91f8798e5@localhost,AlwaysDefect,D,player_6e13aa5c-cc89-4150-9f31-bbad83a27c0b@localhost,SuspiciousTitForTat,D,1,1,770,770
771,player_90df6f40-46b7-48b5-adf3-bdc91f8798e5@localhost,AlwaysDefect,D,player_6e13aa5c-cc89-4150-9f31-bbad83a27c0b@localhost,SuspiciousTitForTat,D,1,1,771,771
772,player_90df6f40-46b7-48b5-adf3-bdc91f8798e5@localhost,AlwaysDefect,D,player_6e13aa5c-cc89-4150-9f31-bbad83a27c0b@localhost,SuspiciousTitForTat,D,1,1,772,772
773,player_90df6f40-46b7-48b5-adf3-bdc91f8798e5@localhost,AlwaysDefect,D,player_6e13aa5c-cc89-4150-9f31-bbad83a27c0b@localhost,SuspiciousTitForTat,D,1,1,773,773
774,player_90df6f40-46b7-48b5-adf3-bdc91f8798e5@localhost,AlwaysDefect,D,player_6e13aa5c-cc89-4150-9f31-bbad83a27c0b@localhost,SuspiciousTitForTat,D,1,1,774,774
775,player_90df6f40-46b7-48b5-adf3-bdc91f8798e5@localhost,AlwaysDefect,D,player_6e13aa5c-cc89-4150-9f31-bbad83a27c0b@localhost,SuspiciousTitForTat,D,1,1,775,775
776,player_90df6f40-46b7-48b5-adf3-bdc91f8798e5@localhost,AlwaysDefect,D,player_6e13aa5c-cc89-4150-9f31-bbad83a27c0b@localhost,SuspiciousTitForTat,D,1,1,776,776
777,player_90df6f40-46b7-48b5-adf3-bdc91f8798e5@localhost,AlwaysDefect,D,player_6e13aa5c-cc89-4150-9f31-bbad83a27c0b@localhost,SuspiciousTitForTat,D,1,1,777,777
778,player_90df6f40-46b7-48b5-adf3-bdc91f8798e5@localhost,AlwaysDefect,D,player_6e13aa5c-cc89-4150-9f31-bbad83a27c0b@localhost,SuspiciousTitForTat,D,1,1,778,778
779,player_90df6f40-46b7-48b5-adf3-bdc91f8798e5@localhost,AlwaysDefect,D,player_6e13aa5c-cc89-4150-9f31-bbad83a27c0b@localhost,SuspiciousTitForTat,D,1,1,779,779
780,player_90df6f40-46b7-48b5-adf3-bdc91f8798e5@localhost,AlwaysDefect,D,player_6e13aa5c-cc89-4150-9f31-bbad83a27c0b@localhost,SuspiciousTitForTat,D,1,1,780,780
781,player_90df6f40-46b7-48b5-adf3-bdc91f8798e5@localhost,AlwaysDefect,D,player_6e13aa5c-cc89-4150-9f31-bbad83a27c0b@localhost,SuspiciousTitForTat,D,1,1,781,781
782,player_90df6f40-46b7-48b5-adf3-bdc91f8798e5@localhost,AlwaysDefect,D,player_6e13aa5c-cc89-4150-9f31-bbad83a27c0b@localhost,SuspiciousTitForTat,D,1,1,782,782
783,player_90df6f40-46b7-48b5-adf3-bdc91f8798e5@localhost,AlwaysDefect,D,player_6e13aa5c-cc89-4150-9f31-bbad83a27c0b@localhost,SuspiciousTitForTat,D,1,1,783,783
784,player_90df6f40-46b7-48b5-adf3-bdc91f8798e5@localhost,AlwaysDefect,D,player_6e13aa5c-cc89-4150-9f31-bbad83a27c0b@localhost,SuspiciousTitForTat,D,1,1,784,784
785,player_90df6f40-46b7-48b5-adf3-bdc91f8798e5@localhost,AlwaysDefect,D,player_6e13aa5c-cc89-4150-9f31-bbad83a27c0b@localhost,SuspiciousTitForTat,D,1,1,785,785
786,player_90df6f40-46b7-48b5-adf3-bdc91f8798e5@localhost,AlwaysDefect,D,player_6e13aa5c-cc89-4150-9f31-bbad83a27c0b@localhost,SuspiciousTitForTat,D,1,1,786,786
787,player_90df6f40-46b7-48b5-adf3-bdc91f8798e5@localhost,AlwaysDefect,D,player_6e13aa5c-cc89-4150-9f31-bbad83a27c0b@localhost,SuspiciousTitForTat,D,1,1,787,787
788,player_90df6f40-46b7-48b5-adf3-bdc91f8798e5@localhost,AlwaysDefect,D,player_6e13aa5c-cc89-4150-9f31-bbad83a27c0b@localhost,SuspiciousTitForTat,D,1,1,788,788
789,player_90df6f40-46b7-48b5-adf3-bdc91f8798e5@localhost,AlwaysDefect,D,player_6e13aa5c-cc89-4150-9f31-bbad83a27c0b@localhost,SuspiciousTitForTat,D,1,1,789,789
790,player_90df6f40-46b7-48b5-adf3-bdc91f8798e5@localhost,AlwaysDefect,D,player_6e13aa5c-cc89-4150-9f31-bbad83a27c0b@localhost,SuspiciousTitForTat,D,1,1,790,790
791,player_90df6f40-46b7-48b5-adf3-bdc91f8798e5@localhost,AlwaysDefect,D,player_6e13aa5c-cc89-4150-9f31-bbad83a27c0b@localhost,SuspiciousTitForTat,D,1,1,791,791
792,player_90df6f40-46b7-48b5-adf3-bdc91f8798e5@localhost,AlwaysDefect,D,player_6e13aa5c-cc89-4150-9f31-bbad83a27c0b@localhost,SuspiciousTitForTat,D,1,1,792,792
793,player_90df6f40-46b7-48b5-adf3-bdc91f8798e5@localhost,AlwaysDefect,D,player_6e13aa5c-cc89-4150-9f31-bbad83a27c0b@localhost,SuspiciousTitForTat,D,1,1,793,793
794,player_90df6f40-46b7-48b5-adf3-bdc91f8798e5@localhost,AlwaysDefect,D,player_6e13aa5c-cc89-4150-9f31-bbad83a27c0b@localhost,SuspiciousTitForTat,D,1,1,794,794
795,player_90df6f40-46b7-48b5-adf3-bdc91f8798e5@localhost,AlwaysDefect,D,player_6e13aa5c-cc89-4150-9f31-bbad83a27c0b@localhost,SuspiciousTitForTat,D,1,1,795,795
796,player_90df6f40-46b7-48b5-adf3-bdc91f8798e5@localhost,AlwaysDefect,D,player_6e13aa5c-cc89-4150-9f31-bbad83a27c0b@localhost,SuspiciousTitForTat,D,1,1,796,796
797,player_90df6f40-46b7-48b5-adf3-bdc91f8798e5@localhost,AlwaysDefect,D,player_6e13aa5c-cc89-4150-9f31-bbad83a27c0b@localhost,SuspiciousTitForTat,D,1,1,797,797
798,player_90df6f40-46b7-48b5-adf3-bdc91f8798e5@localhost,AlwaysDefect,D,player_6e13aa5c-cc89-4150-9f31-bbad83a27c0b@localhost,SuspiciousTitForTat,D,1,1,798,798
799,player_90df6f40-46b7-48b5-adf3-bdc91f8798e5@localhost,AlwaysDefect,D,player_6e13aa5c-cc89-4150-9f31-bbad83a27c0b@localhost,SuspiciousTitForTat,D,1,1,799,799
800,player_90df6f40-46b7-48b5-adf3-bdc91f8798e5@localhost,AlwaysDefect,D,player_6e13aa5c-cc89-4150-9f31-bbad83a27c0b@localhost,SuspiciousTitForTat,D,1,1,800,800
801,player_90df6f40-46b7-48b5-adf3-bdc91f8798e5@localhost,AlwaysDefect,D,player_6e13aa5c-cc89-4150-9f31-bbad83a27c0b@localhost,SuspiciousTitForTat,D,1,1,801,801
802,player_90df6f40-46b7-48b5-adf3-bdc91f8798e5@localhost,AlwaysDefect,D,player_6e13aa5c-cc89-4150-9f31-bbad83a27c0b@localhost,SuspiciousTitForTat,D,1,1,802,802
803,player_90df6f40-46b7-48b5-adf3-bdc91f8798e5@localhost,AlwaysDefect,D,player_6e13aa5c-cc89-4150-9f31-bbad83a27c0b@localhost,SuspiciousTitForTat,D,1,1,803,803
804,player_90df6f40-46b7-48b5-adf3-bdc91f8798e5@localhost,AlwaysDefect,D,player_6e13aa5c-cc89-4150-9f31-bbad83a27c0b@localhost,SuspiciousTitForTat,D,1,1,804,804
805,player_90df6f40-46b7-48b5-adf3-bdc91f8798e5@localhost,AlwaysDefect,D,player_6e13aa5c-cc89-4150-9f31-bbad83a27c0b@localhost,SuspiciousTitForTat,D,1,1,805,805
806,player_90df6f40-46b7-48b5-adf3-bdc91f8798e5@localhost,AlwaysDefect,D,player_6e13aa5c-cc89-4150-9f31-bbad83a27c0b@localhost,SuspiciousTitForTat,D,1,1,806,806
807,player_90df6f40-46b7-48b5-adf3-bdc91f8798e5@localhost,AlwaysDefect,D,player_6e13aa5c-cc89-4150-9f31-bbad83a27c0b@localhost,SuspiciousTitForTat,D,1,1,807,807
808,player_90df6f40-46b7-48b5-adf3-bdc91f8798e5@localhost,AlwaysDefect,D,player_6e13aa5c-cc89-4150-9f31-bbad83a27c0b@localhost,SuspiciousTitForTat,D,1,1,808,808
809,player_90df6f40-46b7-48b5-adf3-bdc91f8798e5@localhost,AlwaysDefect,D,player_6e13aa5c-cc89-4150-9f31-bbad83a27c0b@localhost,SuspiciousTitForTat,D,1,1,809,809
810,player_90df6f40-46b7-48b5-adf3-bdc91f8798e5@localhost,AlwaysDefect,D,player_6e13aa5c-cc89-4150-9f31-bbad83a27c0b@localhost,SuspiciousTitForTat,D,1,1,810,810
811,player_90df6f40-46b7-48b5-adf3-bdc91f8798e5@localhost,AlwaysDefect,D,player_6e13aa5c-cc89-4150-9f31-bbad83a27c0b@localhost,SuspiciousTitForTat,D,1,1,811,811
812,player_90df6f40-46b7-48b5-adf3-bdc91f8798e5@localhost,AlwaysDefect,D,player_6e13aa5c-cc89-4150-9f31-bbad83a27c0b@localhost,SuspiciousTitForTat,D,1,1,812,812
813,player_90df6f40-46b7-48b5-adf3-bdc91f8798e5@localhost,AlwaysDefect,D,player_6e13aa5c-cc89-4150-9f31-bbad83a27c0b@localhost,SuspiciousTitForTat,D,1,1,813,813
814,player_90df6f40-46b7-48b5-adf3-bdc91f8798e5@localhost,AlwaysDefect,D,player_6e13aa5c-cc89-4150-9f31-bbad83a27c0b@localhost,SuspiciousTitForTat,D,1,1,814,814
815,player_90df6f40-46b7-48b5-adf3-bdc91f8798e5@localhost,AlwaysDefect,D,player_6e13aa5c-cc89-4150-9f31-bbad83a27c0b@localhost,SuspiciousTitForTat,D,1,1,815,815
816,player_90df6f40-46b7-48b5-adf3-bdc91f8798e5@localhost,AlwaysDefect,D,player_6e13aa5c-cc89-4150-9f31-bbad83a27c0b@localhost,SuspiciousTitForTat,D,1,1,816,816
817,player_90df6f40-46b7-48b5-adf3-bdc91f8798e5@localhost,AlwaysDefect,D,player_6e13aa5c-cc89-4150-9f31-bbad83a27c0b@localhost,SuspiciousTitForTat,D,1,1,817,817
818,player_90df6f40-46b7-48b5-adf3-bdc91f8798e5@localhost,AlwaysDefect,D,player_6e13aa5c-cc89-4150-9f31-bbad83a27c0b@localhost,SuspiciousTitForTat,D,1,1,818,818
819,player_90df6f40-46b7-48b5-adf3-bdc91f8798e5@localhost,AlwaysDefect,D,player_6e13aa5c-cc89-4150-9f31-bbad83a27c0b@localhost,SuspiciousTitForTat,D,1,1,819,819
820,player_90df6f40-46b7-48b5-adf3-bdc91f8798e5@localhost,AlwaysDefect,D,player_6e13aa5c-cc89-4150-9f31-bbad83a27c0b@localhost,SuspiciousTitForTat,D,1,1,820,820
821,player_90df6f40-46b7-48b5-adf3-bdc91f8798e5@localhost,AlwaysDefect,D,player_6e13aa5c-cc89-4150-9f31-bbad83a27c0b@localhost,SuspiciousTitForTat,D,1,1,821,821
822,player_90df6f40-46b7-48b5-adf3-bdc91f8798e5@localhost,AlwaysDefect,D,player_6e13aa5c-cc89-4150-9f31-bbad83a27c0b@localhost,SuspiciousTitForTat,D,1,1,822,822
823,player_90df6f40-46b7-48b5-adf3-bdc91f8798e5@localhost,AlwaysDefect,D,player_6e13aa5c-cc89-4150-9f31-bbad83a27c0b@localhost,SuspiciousTitForTat,D,1,1,823,823
824,player_90df6f40-46b7-48b5-adf3-bdc91f8798e5@localhost,AlwaysDefect,D,player_6e13aa5c-cc89-4150-9f31-bbad83a27c0b@localhost,SuspiciousTitForTat,D,1,1,824,824
825,player_90df6f40-46b7-48b5-adf3-bdc91f8798e5@localhost,AlwaysDefect,D,player_6e13aa5c-cc89-4150-9f31-bbad83a27c0b@localhost,SuspiciousTitForTat,D,1,1,825,825
826,player_90df6f40-46b7-48b5-adf3-bdc91f8798e5@localhost,AlwaysDefect,D,player_6e13aa5c-cc89-4150-9f31-bbad83a27c0b@localhost,SuspiciousTitForTat,D,1,1,826,826
827,player_90df6f40-46b7-48b5-adf3-bdc91f8798e5@localhost,AlwaysDefect,D,player_6e13aa5c-cc89-4150-9f31-bbad83a27c0b@localhost,SuspiciousTitForTat,D,1,1,827,827
828,player_90df6f40-46b7-48b5-adf3-bdc91f8798e5@localhost,AlwaysDefect,D,player_6e13aa5c-cc89-4150-9f31-bbad83a27c0b@localhost,SuspiciousTitForTat,D,1,1,828,828
829,player_90df6f40-46b7-48b5-adf3-bdc91f8798e5@localhost,AlwaysDefect,D,player_6e13aa5c-cc89-4150-9f31-bbad83a27c0b@localhost,SuspiciousTitForTat,D,1,1,829,829
830,player_90df6f40-46b7-48b5-adf3-bdc91f8798e5@localhost,AlwaysDefect,D,player_6e13aa5c-cc89-4150-9f31-bbad83a27c0b@localhost,SuspiciousTitForTat,D,1,1,830,830
831,player_90df6f40-46b7-48b5-adf3-bdc91f8798e5@localhost,AlwaysDefect,D,player_6e13aa5c-cc89-4150-9f31-bbad83a27c0b@localhost,SuspiciousTitForTat,D,1,1,831,831
832,player_90df6f40-46b7-48b5-adf3-bdc91f8798e5@localhost,AlwaysDefect,D,player_6e13aa5c-cc89-4150-9f31-bbad83a27c0b@localhost,SuspiciousTitForTat,D,1,1,832,832
833,player_90df6f40-46b7-48b5-adf3-bdc91f8798e5@localhost,AlwaysDefect,D,player_6e13aa5c-cc89-4150-9f31-bbad83a27c0b@localhost,SuspiciousTitForTat,D,1,1,833,833
834,player_90df6f40-46b7-48b5-adf3-bdc91f8798e5@localhost,AlwaysDefect,D,player_6e13aa5c-cc89-4150-9f31-bbad83a27c0b@localhost,SuspiciousTitForTat,D,1,1,834,834
835,player_90df6f40-46b7-48b5-adf3-bdc91f8798e5@localhost,AlwaysDefect,D,player_6e13aa5c-cc89-4150-9f31-bbad83a27c0b@localhost,SuspiciousTitForTat,D,1,1,835,835
836,player_90df6f40-46b7-48b5-adf3-bdc91f8798e5@localhost,AlwaysDefect,D,player_6e13aa5c-cc89-4150-9f31-bbad83a27c0b@localhost,SuspiciousTitForTat,D,1,1,836,836
837,player_90df6f40-46b7-48b5-adf3-bdc91f8798e5@localhost,AlwaysDefect,D,player_6e13aa5c-cc89-4150-9f31-bbad83a27c0b@localhost,SuspiciousTitForTat,D,1,1,837,837
838,player_90df6f40-46b7-48b5-adf3-bdc91f8798e5@localhost,AlwaysDefect,D,player_6e13aa5c-cc89-4150-9f31-bbad83a27c0b@localhost,SuspiciousTitForTat,D,1,1,838,838
839,player_90df6f40-46b7-48b5-adf3-bdc91f8798e5@localhost,AlwaysDefect,D,player_6e13aa5c-cc89-4150-9f31-bbad83a27c0b@localhost,SuspiciousTitForTat,D,1,1,839,839
840,player_90df6f40-46b7-48b5-adf3-bdc91f8798e5@localhost,AlwaysDefect,D,player_6e13aa5c-cc89-4150-9f31-bbad83a27c0b@localhost,SuspiciousTitForTat,D,1,1,840,840
841,player_90df6f40-46b7-48b5-adf3-bdc91f8798e5@localhost,AlwaysDefect,D,player_6e13aa5c-cc89-4150-9f31-bbad83a27c0b@localhost,SuspiciousTitForTat,D,1,1,841,841
842,player_90df6f40-46b7-48b5-adf3-bdc91f8798e5@localhost,AlwaysDefect,D,player_6e13aa5c-cc89-4150-9f31-bbad83a27c0b@localhost,SuspiciousTitForTat,D,1,1,842,842
843,player_90df6f40-46b7-48b5-adf3-bdc91f8798e5@localhost,AlwaysDefect,D,player_6e13aa5c-cc89-4150-9f31-bbad83a27c0b@localhost,SuspiciousTitForTat,D,1,1,843,843
844,player_90df6f40-46b7-48b5-adf3-bdc91f8798e5@localhost,AlwaysDefect,D,player_6e13aa5c-cc89-4150-9f31-bbad83a27c0b@localhost,SuspiciousTitForTat,D,1,1,844,844
845,player_90df6f40-46b7-48b5-adf3-bdc91f8798e5@localhost,AlwaysDefect,D,player_6e13aa5c-cc89-4150-9f31-bbad83a27c0b@localhost,SuspiciousTitForTat,D,1,1,845,845
846,player_90df6f40-46b7-48b5-adf3-bdc91f8798e5@localhost,AlwaysDefect,D,player_6e13aa5c-cc89-4150-9f31-bbad83a27c0b@localhost,SuspiciousTitForTat,D,1,1,846,846
847,player_90df6f40-46b7-48b5-adf3-bdc91f8798e5@localhost,AlwaysDefect,D,player_6e13aa5c-cc89-4150-9f31-bbad83a27c0b@localhost,SuspiciousTitForTat,D,1,1,847,847
848,player_90df6f40-46b7-48b5-adf3-bdc91f8798e5@localhost,AlwaysDefect,D,player_6e13aa5c-cc89-4150-9f31-bbad83a27c0b@localhost,SuspiciousTitForTat,D,1,1,848,848
849,player_90df6f40-46b7-48b5-adf3-bdc91f8798e5@localhost,AlwaysDefect,D,player_6e13aa5c-cc89-4150-9f31-bbad83a27c0b@localhost,SuspiciousTitForTat,D,1,1,849,849
850,player_90df6f40-46b7-48b5-adf3-bdc91f8798e5@localhost,AlwaysDefect,D,player_6e13aa5c-cc89-4150-9f31-bbad83a27c0b@localhost,SuspiciousTitForTat,D,1,1,850,850
851,player_90df6f40-46b7-48b5-adf3-bdc91f8798e5@localhost,AlwaysDefect,D,player_6e13aa5c-cc89-4150-9f31-bbad83a27c0b@localhost,SuspiciousTitForTat,D,1,1,851,851
852,player_90df6f40-46b7-48b5-adf3-bdc91f8798e5@localhost,AlwaysDefect,D,player_6e13aa5c-cc89-4150-9f31-bbad83a27c0b@localhost,SuspiciousTitForTat,D,1,1,852,852
853,player_90df6f40-46b7-48b5-adf3-bdc91f8798e5@localhost,AlwaysDefect,D,player_6e13aa5c-cc89-4150-9f31-bbad83a27c0b@localhost,SuspiciousTitForTat,D,1,1,853,853
854,player_90df6f40-46b7-48b5-adf3-bdc91f8798e5@localhost,AlwaysDefect,D,player_6e13aa5c-cc89-4150-9f31-bbad83a27c0b@localhost,SuspiciousTitForTat,D,1,1,854,854
855,player_90df6f40-46b7-48b5-adf3-bdc91f8798e5@localhost,AlwaysDefect,D,player_6e13aa5c-cc89-4150-9f31-bbad83a27c0b@localhost,SuspiciousTitForTat,D,1,1,855,855
856,player_90df6f40-46b7-48b5-adf3-bdc91f8798e5@localhost,AlwaysDefect,D,player_6e13aa5c-cc89-4150-9f31-bbad83a27c0b@localhost,SuspiciousTitForTat,D,1,1,856,856
857,player_90df6f40-46b7-48b5-adf3-bdc91f8798e5@localhost,AlwaysDefect,D,player_6e13aa5c-cc89-4150-9f31-bbad83a27c0b@localhost,SuspiciousTitForTat,D,1,1,857,857
858,player_90df6f40-46b7-48b5-adf3-bdc91f8798e5@localhost,AlwaysDefect,D,player_6e13aa5c-cc89-4150-9f31-bbad83a27c0b@localhost,SuspiciousTitForTat,D,1,1,858,858
859,player_90df6f40-46b7-48b5-adf3-bdc91f8798e5@localhost,AlwaysDefect,D,player_6e13aa5c-cc89-4150-9f31-bbad83a27c0b@localhost,SuspiciousTitForTat,D,1,1,859,859
860,player_90df6f40-46b7-48b5-adf3-bdc91f8798e5@localhost,AlwaysDefect,D,player_6e13aa5c-cc89-4150-9f31-bbad83a27c0b@localhost,SuspiciousTitForTat,D,1,1,860,860
861,player_90df6f40-46b7-48b5-adf3-bdc91f8798e5@localhost,AlwaysDefect,D,player_6e13aa5c-cc89-4150-9f31-bbad83a27c0b@localhost,SuspiciousTitForTat,D,1,1,861,861
862,player_90df6f40-46b7-48b5-adf3-bdc91f8798e5@localhost,AlwaysDefect,D,player_6e13aa5c-cc89-4150-9f31-bbad83a27c0b@localhost,SuspiciousTitForTat,D,1,1,862,862
863,player_90df6f40-46b7-48b5-adf3-bdc91f8798e5@localhost,AlwaysDefect,D,player_6e13aa5c-cc89-4150-9f31-bbad83a27c0b@localhost,SuspiciousTitForTat,D,1,1,863,863
864,player_90df6f40-46b7-48b5-adf3-bdc91f8798e5@localhost,AlwaysDefect,D,player_6e13aa5c-cc89-4150-9f31-bbad83a27c0b@localhost,SuspiciousTitForTat,D,1,1,864,864
865,player_90df6f40-46b7-48b5-adf3-bdc91f8798e5@localhost,AlwaysDefect,D,player_6e13aa5c-cc89-4150-9f31-bbad83a27c0b@localhost,SuspiciousTitForTat,D,1,1,865,865
866,player_90df6f40-46b7-48b5-adf3-bdc91f8798e5@localhost,AlwaysDefect,D,player_6e13aa5c-cc89-4150-9f31-bbad83a27c0b@localhost,SuspiciousTitForTat,D,1,1,866,866
867,player_90df6f40-46b7-48b5-adf3-bdc91f8798e5@localhost,AlwaysDefect,D,player_6e13aa5c-cc89-4150-9f31-bbad83a27c0b@localhost,SuspiciousTitForTat,D,1,1,867,867
868,player_90df6f40-46b7-48b5-adf3-bdc91f8798e5@localhost,AlwaysDefect,D,player_6e13aa5c-cc89-4150-9f31-bbad83a27c0b@localhost,SuspiciousTitForTat,D,1,1,868,868
869,player_90df6f40-46b7-48b5-adf3-bdc91f8798e5@localhost,AlwaysDefect,D,player_6e13aa5c-cc89-4150-9f31-bbad83a27c0b@localhost,SuspiciousTitForTat,D,1,1,869,869
870,player_90df6f40-46b7-48b5-adf3-bdc91f8798e5@localhost,AlwaysDefect,D,player_6e13aa5c-cc89-4150-9f31-bbad83a27c0b@localhost,SuspiciousTitForTat,D,1,1,870,870
871,player_90df6f40-46b7-48b5-adf3-bdc91f8798e5@localhost,AlwaysDefect,D,player_6e13aa5c-cc89-4150-9f31-bbad83a27c0b@localhost,SuspiciousTitForTat,D,1,1,871,871
872,player_90df6f40-46b7-48b5-adf3-bdc91f8798e5@localhost,AlwaysDefect,D,player_6e13aa5c-cc89-4150-9f31-bbad83a27c0b@localhost,SuspiciousTitForTat,D,1,1,872,872
873,player_90df6f40-46b7-48b5-adf3-bdc91f8798e5@localhost,AlwaysDefect,D,player_6e13aa5c-cc89-4150-9f31-bbad83a27c0b@localhost,SuspiciousTitForTat,D,1,1,873,873
874,player_90df6f40-46b7-48b5-adf3-bdc91f8798e5@localhost,AlwaysDefect,D,player_6e13aa5c-cc89-4150-9f31-bbad83a27c0b@localhost,SuspiciousTitForTat,D,1,1,874,874
875,player_90df6f40-46b7-48b5-adf3-bdc91f8798e5@localhost,AlwaysDefect,D,player_6e13aa5c-cc89-4150-9f31-bbad83a27c0b@localhost,SuspiciousTitForTat,D,1,1,875,875
876,player_90df6f40-46b7-48b5-adf3-bdc91f8798e5@localhost,AlwaysDefect,D,player_6e13aa5c-cc89-4150-9f31-bbad83a27c0b@localhost,SuspiciousTitForTat,D,1,1,876,876
877,player_90df6f40-46b7-48b5-adf3-bdc91f8798e5@localhost,AlwaysDefect,D,player_6e13aa5c-cc89-4150-9f31-bbad83a27c0b@localhost,SuspiciousTitForTat,D,1,1,877,877
878,player_90df6f40-46b7-48b5-adf3-bdc91f8798e5@localhost,AlwaysDefect,D,player_6e13aa5c-cc89-4150-9f31-bbad83a27c0b@localhost,SuspiciousTitForTat,D,1,1,878,878
879,player_90df6f40-46b7-48b5-adf3-bdc91f8798e5@localhost,AlwaysDefect,D,player_6e13aa5c-cc89-4150-9f31-bbad83a27c0b@localhost,SuspiciousTitForTat,D,1,1,879,879
880,player_90df6f40-46b7-48b5-adf3-bdc91f8798e5@localhost,AlwaysDefect,D,player_6e13aa5c-cc89-4150-9f31-bbad83a27c0b@localhost,SuspiciousTitForTat,D,1,1,880,880
881,player_90df6f40-46b7-48b5-adf3-bdc91f8798e5@localhost,AlwaysDefect,D,player_6e13aa5c-cc89-4150-9f31-bbad83a27c0b@localhost,SuspiciousTitForTat,D,1,1,881,881
882,player_90df6f40-46b7-48b5-adf3-bdc91f8798e5@localhost,AlwaysDefect,D,player_6e13aa5c-cc89-4150-9f31-bbad83a27c0b@localhost,SuspiciousTitForTat,D,1,1,882,882
883,player_90df6f40-46b7-48b5-adf3-bdc91f8798e5@localhost,AlwaysDefect,D,player_6e13aa5c-cc89-4150-9f31-bbad83a27c0b@localhost,SuspiciousTitForTat,D,1,1,883,883
884,player_90df6f40-46b7-48b5-adf3-bdc91f8798e5@localhost,AlwaysDefect,D,player_6e13aa5c-cc89-4150-9f31-bbad83a27c0b@localhost,SuspiciousTitForTat,D,1,1,884,884
885,player_90df6f40-46b7-48b5-adf3-bdc91f8798e5@localhost,AlwaysDefect,D,player_6e13aa5c-cc89-4150-9f31-bbad83a27c0b@localhost,SuspiciousTitForTat,D,1,1,885,885
886,player_90df6f40-46b7-48b5-adf3-bdc91f8798e5@localhost,AlwaysDefect,D,player_6e13aa5c-cc89-4150-9f31-bbad83a27c0b@localhost,SuspiciousTitForTat,D,1,1,886,886
887,player_90df6f40-46b7-48b5-adf3-bdc91f8798e5@localhost,AlwaysDefect,D,player_6e13aa5c-cc89-4150-9f31-bbad83a27c0b@localhost,SuspiciousTitForTat,D,1,1,887,887
888,player_90df6f40-46b7-48b5-adf3-bdc91f8798e5@localhost,AlwaysDefect,D,player_6e13aa5c-cc89-4150-9f31-bbad83a27c0b@localhost,SuspiciousTitForTat,D,1,1,888,888
889,player_90df6f40-46b7-48b5-adf3-bdc91f8798e5@localhost,AlwaysDefect,D,player_6e13aa5c-cc89-4150-9f31-bbad83a27c0b@localhost,SuspiciousTitForTat,D,1,1,889,889
890,player_90df6f40-46b7-48b5-adf3-bdc91f8798e5@localhost,AlwaysDefect,D,player_6e13aa5c-cc89-4150-9f31-bbad83a27c0b@localhost,SuspiciousTitForTat,D,1,1,890,890
891,player_90df6f40-46b7-48b5-adf3-bdc91f8798e5@localhost,AlwaysDefect,D,player_6e13aa5c-cc89-4150-9f31-bbad83a27c0b@localhost,SuspiciousTitForTat,D,1,1,891,891
892,player_90df6f40-46b7-48b5-adf3-bdc91f8798e5@localhost,AlwaysDefect,D,player_6e13aa5c-cc89-4150-9f31-bbad83a27c0b@localhost,SuspiciousTitForTat,D,1,1,892,892
893,player_90df6f40-46b7-48b5-adf3-bdc91f8798e5@localhost,AlwaysDefect,D,player_6e13aa5c-cc89-4150-9f31-bbad83a27c0b@localhost,SuspiciousTitForTat,D,1,1,893,893
894,player_90df6f40-46b7-48b5-adf3-bdc91f8798e5@localhost,AlwaysDefect,D,player_6e13aa5c-cc89-4150-9f31-bbad83a27c0b@localhost,SuspiciousTitForTat,D,1,1,894,894
895,player_90df6f40-46b7-48b5-adf3-bdc91f8798e5@localhost,AlwaysDefect,D,player_6e13aa5c-cc89-4150-9f31-bbad83a27c0b@localhost,SuspiciousTitForTat,D,1,1,895,895
896,player_90df6f40-46b7-48b5-adf3-bdc91f8798e5@localhost,AlwaysDefect,D,player_6e13aa5c-cc89-4150-9f31-bbad83a27c0b@localhost,SuspiciousTitForTat,D,1,1,896,896
897,player_90df6f40-46b7-48b5-adf3-bdc91f8798e5@localhost,AlwaysDefect,D,player_6e13aa5c-cc89-4150-9f31-bbad83a27c0b@localhost,SuspiciousTitForTat,D,1,1,897,897
898,player_90df6f40-46b7-48b5-adf3-bdc91f8798e5@localhost,AlwaysDefect,D,player_6e13aa5c-cc89-4150-9f31-bbad83a27c0b@localhost,SuspiciousTitForTat,D,1,1,898,898
899,player_90df6f40-46b7-48b5-adf3-bdc91f8798e5@localhost,AlwaysDefect,D,player_6e13aa5c-cc89-4150-9f31-bbad83a27c0b@localhost,SuspiciousTitForTat,D,1,1,899,899
900,player_90df6f40-46b7-48b5-adf3-bdc91f8798e5@localhost,AlwaysDefect,D,player_6e13aa5c-cc89-4150-9f31-bbad83a27c0b@localhost,SuspiciousTitForTat,D,1,1,900,900
901,player_90df6f40-46b7-48b5-adf3-bdc91f8798e5@localhost,AlwaysDefect,D,player_6e13aa5c-cc89-4150-9f31-bbad83a27c0b@localhost,SuspiciousTitForTat,D,1,1,901,901
902,player_90df6f40-46b7-48b5-adf3-bdc91f8798e5@localhost,AlwaysDefect,D,player_6e13aa5c-cc89-4150-9f31-bbad83a27c0b@localhost,SuspiciousTitForTat,D,1,1,902,902
903,player_90df6f40-46b7-48b5-adf3-bdc91f8798e5@localhost,AlwaysDefect,D,player_6e13aa5c-cc89-4150-9f31-bbad83a27c0b@localhost,SuspiciousTitForTat,D,1,1,903,903
904,player_90df6f40-46b7-48b5-adf3-bdc91f8798e5@localhost,AlwaysDefect,D,player_6e13aa5c-cc89-4150-9f31-bbad83a27c0b@localhost,SuspiciousTitForTat,D,1,1,904,904
905,player_90df6f40-46b7-48b5-adf3-bdc91f8798e5@localhost,AlwaysDefect,D,player_6e13aa5c-cc89-4150-9f31-bbad83a27c0b@localhost,SuspiciousTitForTat,D,1,1,905,905
906,player_90df6f40-46b7-48b5-adf3-bdc91f8798e5@localhost,AlwaysDefect,D,player_6e13aa5c-cc89-4150-9f31-bbad83a27c0b@localhost,SuspiciousTitForTat,D,1,1,906,906
907,player_90df6f40-46b7-48b5-adf3-bdc91f8798e5@localhost,AlwaysDefect,D,player_6e13aa5c-cc89-4150-9f31-bbad83a27c0b@localhost,SuspiciousTitForTat,D,1,1,907,907
908,player_90df6f40-46b7-48b5-adf3-bdc91f8798e5@localhost,AlwaysDefect,D,player_6e13aa5c-cc89-4150-9f31-bbad83a27c0b@localhost,SuspiciousTitForTat,D,1,1,908,908
909,player_90df6f40-46b7-48b5-adf3-bdc91f8798e5@localhost,AlwaysDefect,D,player_6e13aa5c-cc89-4150-9f31-bbad83a27c0b@localhost,SuspiciousTitForTat,D,1,1,909,909
910,player_90df6f40-46b7-48b5-adf3-bdc91f8798e5@localhost,AlwaysDefect,D,player_6e13aa5c-cc89-4150-9f31-bbad83a27c0b@localhost,SuspiciousTitForTat,D,1,1,910,910
911,player_90df6f40-46b7-48b5-adf3-bdc91f8798e5@localhost,AlwaysDefect,D,player_6e13aa5c-cc89-4150-9f31-bbad83a27c0b@localhost,SuspiciousTitForTat,D,1,1,911,911
912,player_90df6f40-46b7-48b5-adf3-bdc91f8798e5@localhost,AlwaysDefect,D,player_6e13aa5c-cc89-4150-9f31-bbad83a27c0b@localhost,SuspiciousTitForTat,D,1,1,912,912
913,player_90df6f40-46b7-48b5-adf3-bdc91f8798e5@localhost,AlwaysDefect,D,player_6e13aa5c-cc89-4150-9f31-bbad83a27c0b@localhost,SuspiciousTitForTat,D,1,1,913,913
914,player_90df6f40-46b7-48b5-adf3-bdc91f8798e5@localhost,AlwaysDefect,D,player_6e13aa5c-cc89-4150-9f31-bbad83a27c0b@localhost,SuspiciousTitForTat,D,1,1,914,914
915,player_90df6f40-46b7-48b5-adf3-bdc91f8798e5@localhost,AlwaysDefect,D,player_6e13aa5c-cc89-4150-9f31-bbad83a27c0b@localhost,SuspiciousTitForTat,D,1,1,915,915
916,player_90df6f40-46b7-48b5-adf3-bdc91f8798e5@localhost,AlwaysDefect,D,player_6e13aa5c-cc89-4150-9f31-bbad83a27c0b@localhost,SuspiciousTitForTat,D,1,1,916,916
917,player_90df6f40-46b7-48b5-adf3-bdc91f8798e5@localhost,AlwaysDefect,D,player_6e13aa5c-cc89-4150-9f31-bbad83a27c0b@localhost,SuspiciousTitForTat,D,1,1,917,917
918,player_90df6f40-46b7-48b5-adf3-bdc91f8798e5@localhost,AlwaysDefect,D,player_6e13aa5c-cc89-4150-9f31-bbad83a27c0b@localhost,SuspiciousTitForTat,D,1,1,918,918
919,player_90df6f40-46b7-48b5-adf3-bdc91f8798e5@localhost,AlwaysDefect,D,player_6e13aa5c-cc89-4150-9f31-bbad83a27c0b@localhost,SuspiciousTitForTat,D,1,1,919,919
920,player_90df6f40-46b7-48b5-adf3-bdc91f8798e5@localhost,AlwaysDefect,D,player_6e13aa5c-cc89-4150-9f31-bbad83a27c0b@localhost,SuspiciousTitForTat,D,1,1,920,920
921,player_90df6f40-46b7-48b5-adf3-bdc91f8798e5@localhost,AlwaysDefect,D,player_6e13aa5c-cc89-4150-9f31-bbad83a27c0b@localhost,SuspiciousTitForTat,D,1,1,921,921
922,player_90df6f40-46b7-48b5-adf3-bdc91f8798e5@localhost,AlwaysDefect,D,player_6e13aa5c-cc89-4150-9f31-bbad83a27c0b@localhost,SuspiciousTitForTat,D,1,1,922,922
923,player_90df6f40-46b7-48b5-adf3-bdc91f8798e5@localhost,AlwaysDefect,D,player_6e13aa5c-cc89-4150-9f31-bbad83a27c0b@localhost,SuspiciousTitForTat,D,1,1,923,923
924,player_90df6f40-46b7-48b5-adf3-bdc91f8798e5@localhost,AlwaysDefect,D,player_6e13aa5c-cc89-4150-9f31-bbad83a27c0b@localhost,SuspiciousTitForTat,D,1,1,924,924
925,player_90df6f40-46b7-48b5-adf3-bdc91f8798e5@localhost,AlwaysDefect,D,player_6e13aa5c-cc89-4150-9f31-bbad83a27c0b@localhost,SuspiciousTitForTat,D,1,1,925,925
926,player_90df6f40-46b7-48b5-adf3-bdc91f8798e5@localhost,AlwaysDefect,D,player_6e13aa5c-cc89-4150-9f31-bbad83a27c0b@localhost,SuspiciousTitForTat,D,1,1,926,926
927,player_90df6f40-46b7-48b5-adf3-bdc91f8798e5@localhost,AlwaysDefect,D,player_6e13aa5c-cc89-4150-9f31-bbad83a27c0b@localhost,SuspiciousTitForTat,D,1,1,927,927
928,player_90df6f40-46b7-48b5-adf3-bdc91f8798e5@localhost,AlwaysDefect,D,player_6e13aa5c-cc89-4150-9f31-bbad83a27c0b@localhost,SuspiciousTitForTat,D,1,1,928,928
929,player_90df6f40-46b7-48b5-adf3-bdc91f8798e5@localhost,AlwaysDefect,D,player_6e13aa5c-cc89-4150-9f31-bbad83a27c0b@localhost,SuspiciousTitForTat,D,1,1,929,929
930,player_90df6f40-46b7-48b5-adf3-bdc91f8798e5@localhost,AlwaysDefect,D,player_6e13aa5c-cc89-4150-9f31-bbad83a27c0b@localhost,SuspiciousTitForTat,D,1,1,930,930
931,player_90df6f40-46b7-48b5-adf3-bdc91f8798e5@localhost,AlwaysDefect,D,player_6e13aa5c-cc89-4150-9f31-bbad83a27c0b@localhost,SuspiciousTitForTat,D,1,1,931,931
932,player_90df6f40-46b7-48b5-adf3-bdc91f8798e5@localhost,AlwaysDefect,D,player_6e13aa5c-cc89-4150-9f31-bbad83a27c0b@localhost,SuspiciousTitForTat,D,1,1,932,932
933,player_90df6f40-46b7-48b5-adf3-bdc91f8798e5@localhost,AlwaysDefect,D,player_6e13aa5c-cc89-4150-9f31-bbad83a27c0b@localhost,SuspiciousTitForTat,D,1,1,933,933
934,player_90df6f40-46b7-48b5-adf3-bdc91f8798e5@localhost,AlwaysDefect,D,player_6e13aa5c-cc89-4150-9f31-bbad83a27c0b@localhost,SuspiciousTitForTat,D,1,1,934,934
935,player_90df6f40-46b7-48b5-adf3-bdc91f8798e5@localhost,AlwaysDefect,D,player_6e13aa5c-cc89-4150-9f31-bbad83a27c0b@localhost,SuspiciousTitForTat,D,1,1,935,935
936,player_90df6f40-46b7-48b5-adf3-bdc91f8798e5@localhost,AlwaysDefect,D,player_6e13aa5c-cc89-4150-9f31-bbad83a27c0b@localhost,SuspiciousTitForTat,D,1,1,936,936
937,player_90df6f40-46b7-48b5-adf3-bdc91f8798e5@localhost,AlwaysDefect,D,player_6e13aa5c-cc89-4150-9f31-bbad83a27c0b@localhost,SuspiciousTitForTat,D,1,1,937,937
938,player_90df6f40-46b7-48b5-adf3-bdc91f8798e5@localhost,AlwaysDefect,D,player_6e13aa5c-cc89-4150-9f31-bbad83a27c0b@localhost,SuspiciousTitForTat,D,1,1,938,938
939,player_90df6f40-46b7-48b5-adf3-bdc91f8798e5@localhost,AlwaysDefect,D,player_6e13aa5c-cc89-4150-9f31-bbad83a27c0b@localhost,SuspiciousTitForTat,D,1,1,939,939
940,player_90df6f40-46b7-48b5-adf3-bdc91f8798e5@localhost,AlwaysDefect,D,player_6e13aa5c-cc89-4150-9f31-bbad83a27c0b@localhost,SuspiciousTitForTat,D,1,1,940,940
941,player_90df6f40-46b7-48b5-adf3-bdc91f8798e5@localhost,AlwaysDefect,D,player_6e13aa5c-cc89-4150-9f31-bbad83a27c0b@localhost,SuspiciousTitForTat,D,1,1,941,941
942,player_90df6f40-46b7-48b5-adf3-bdc91f8798e5@localhost,AlwaysDefect,D,player_6e13aa5c-cc89-4150-9f31-bbad83a27c0b@localhost,SuspiciousTitForTat,D,1,1,942,942
943,player_90df6f40-46b7-48b5-adf3-bdc91f8798e5@localhost,AlwaysDefect,D,player_6e13aa5c-cc89-4150-9f31-bbad83a27c0b@localhost,SuspiciousTitForTat,D,1,1,943,943
944,player_90df6f40-46b7-48b5-adf3-bdc91f8798e5@localhost,AlwaysDefect,D,player_6e13aa5c-cc89-4150-9f31-bbad83a27c0b@localhost,SuspiciousTitForTat,D,1,1,944,944
945,player_90df6f40-46b7-48b5-adf3-bdc91f8798e5@localhost,AlwaysDefect,D,player_6e13aa5c-cc89-4150-9f31-bbad83a27c0b@localhost,SuspiciousTitForTat,D,1,1,945,945
946,player_90df6f40-46b7-48b5-adf3-bdc91f8798e5@localhost,AlwaysDefect,D,player_6e13aa5c-cc89-4150-9f31-bbad83a27c0b@localhost,SuspiciousTitForTat,D,1,1,946,946
947,player_90df6f40-46b7-48b5-adf3-bdc91f8798e5@localhost,AlwaysDefect,D,player_6e13aa5c-cc89-4150-9f31-bbad83a27c0b@localhost,SuspiciousTitForTat,D,1,1,947,947
948,player_90df6f40-46b7-48b5-adf3-bdc91f8798e5@localhost,AlwaysDefect,D,player_6e13aa5c-cc89-4150-9f31-bbad83a27c0b@localhost,SuspiciousTitForTat,D,1,1,948,948
949,player_90df6f40-46b7-48b5-adf3-bdc91f8798e5@localhost,AlwaysDefect,D,player_6e13aa5c-cc89-4150-9f31-bbad83a27c0b@localhost,SuspiciousTitForTat,D,1,1,949,949
950,player_90df6f40-46b7-48b5-adf3-bdc91f8798e5@localhost,AlwaysDefect,D,player_6e13aa5c-cc89-4150-9f31-bbad83a27c0b@localhost,SuspiciousTitForTat,D,1,1,950,950
951,player_90df6f40-46b7-48b5-adf3-bdc91f8798e5@localhost,AlwaysDefect,D,player_6e13aa5c-cc89-4150-9f31-bbad83a27c0b@localhost,SuspiciousTitForTat,D,1,1,951,951
952,player_90df6f40-46b7-48b5-adf3-bdc91f8798e5@localhost,AlwaysDefect,D,player_6e13aa5c-cc89-4150-9f31-bbad83a27c0b@localhost,SuspiciousTitForTat,D,1,1,952,952
953,player_90df6f40-46b7-48b5-adf3-bdc91f8798e5@localhost,AlwaysDefect,D,player_6e13aa5c-cc89-4150-9f31-bbad83a27c0b@localhost,SuspiciousTitForTat,D,1,1,953,953
954,player_90df6f40-46b7-48b5-adf3-bdc91f8798e5@localhost,AlwaysDefect,D,player_6e13aa5c-cc89-4150-9f31-bbad83a27c0b@localhost,SuspiciousTitForTat,D,1,1,954,954
955,player_90df6f40-46b7-48b5-adf3-bdc91f8798e5@localhost,AlwaysDefect,D,player_6e13aa5c-cc89-4150-9f31-bbad83a27c0b@localhost,SuspiciousTitForTat,D,1,1,955,955
956,player_90df6f40-46b7-48b5-adf3-bdc91f8798e5@localhost,AlwaysDefect,D,player_6e13aa5c-cc89-4150-9f31-bbad83a27c0b@localhost,SuspiciousTitForTat,D,1,1,956,956
957,player_90df6f40-46b7-48b5-adf3-bdc91f8798e5@localhost,AlwaysDefect,D,player_6e13aa5c-cc89-4150-9f31-bbad83a27c0b@localhost,SuspiciousTitForTat,D,1,1,957,957
958,player_90df6f40-46b7-48b5-adf3-bdc91f8798e5@localhost,AlwaysDefect,D,player_6e13aa5c-cc89-4150-9f31-bbad83a27c0b@localhost,SuspiciousTitForTat,D,1,1,958,958
959,player_90df6f40-46b7-48b5-adf3-bdc91f8798e5@localhost,AlwaysDefect,D,player_6e13aa5c-cc89-4150-9f31-bbad83a27c0b@localhost,SuspiciousTitForTat,D,1,1,959,959
960,player_90df6f40-46b7-48b5-adf3-bdc91f8798e5@localhost,AlwaysDefect,D,player_6e13aa5c-cc89-4150-9f31-bbad83a27c0b@localhost,SuspiciousTitForTat,D,1,1,960,960
961,player_90df6f40-46b7-48b5-adf3-bdc91f8798e5@localhost,AlwaysDefect,D,player_6e13aa5c-cc89-4150-9f31-bbad83a27c0b@localhost,SuspiciousTitForTat,D,1,1,961,961
962,player_90df6f40-46b7-48b5-adf3-bdc91f8798e5@localhost,AlwaysDefect,D,player_6e13aa5c-cc89-4150-9f31-bbad83a27c0b@localhost,SuspiciousTitForTat,D,1,1,962,962
963,player_90df6f40-46b7-48b5-adf3-bdc91f8798e5@localhost,AlwaysDefect,D,player_6e13aa5c-cc89-4150-9f31-bbad83a27c0b@localhost,SuspiciousTitForTat,D,1,1,963,963
964,player_90df6f40-46b7-48b5-adf3-bdc91f8798e5@localhost,AlwaysDefect,D,player_6e13aa5c-cc89-4150-9f31-bbad83a27c0b@localhost,SuspiciousTitForTat,D,1,1,964,964
965,player_90df6f40-46b7-48b5-adf3-bdc91f8798e5@localhost,AlwaysDefect,D,player_6e13aa5c-cc89-4150-9f31-bbad83a27c0b@localhost,SuspiciousTitForTat,D,1,1,965,965
966,player_90df6f40-46b7-48b5-adf3-bdc91f8798e5@localhost,AlwaysDefect,D,player_6e13aa5c-cc89-4150-9f31-bbad83a27c0b@localhost,SuspiciousTitForTat,D,1,1,966,966
967,player_90df6f40-46b7-48b5-adf3-bdc91f8798e5@localhost,AlwaysDefect,D,player_6e13aa5c-cc89-4150-9f31-bbad83a27c0b@localhost,SuspiciousTitForTat,D,1,1,967,967
968,player_90df6f40-46b7-48b5-adf3-bdc91f8798e5@localhost,AlwaysDefect,D,player_6e13aa5c-cc89-4150-9f31-bbad83a27c0b@localhost,SuspiciousTitForTat,D,1,1,968,968
969,player_90df6f40-46b7-48b5-adf3-bdc91f8798e5@localhost,AlwaysDefect,D,player_6e13aa5c-cc89-4150-9f31-bbad83a27c0b@localhost,SuspiciousTitForTat,D,1,1,969,969
970,player_90df6f40-46b7-48b5-adf3-bdc91f8798e5@localhost,AlwaysDefect,D,player_6e13aa5c-cc89-4150-9f31-bbad83a27c0b@localhost,SuspiciousTitForTat,D,1,1,970,970
971,player_90df6f40-46b7-48b5-adf3-bdc91f8798e5@localhost,AlwaysDefect,D,player_6e13aa5c-cc89-4150-9f31-bbad83a27c0b@localhost,SuspiciousTitForTat,D,1,1,971,971
972,player_90df6f40-46b7-48b5-adf3-bdc91f8798e5@localhost,AlwaysDefect,D,player_6e13aa5c-cc89-4150-9f31-bbad83a27c0b@localhost,SuspiciousTitForTat,D,1,1,972,972
973,player_90df6f40-46b7-48b5-adf3-bdc91f8798e5@localhost,AlwaysDefect,D,player_6e13aa5c-cc89-4150-9f31-bbad83a27c0b@localhost,SuspiciousTitForTat,D,1,1,973,973
974,player_90df6f40-46b7-48b5-adf3-bdc91f8798e5@localhost,AlwaysDefect,D,player_6e13aa5c-cc89-4150-9f31-bbad83a27c0b@localhost,SuspiciousTitForTat,D,1,1,974,974
975,player_90df6f40-46b7-48b5-adf3-bdc91f8798e5@localhost,AlwaysDefect,D,player_6e13aa5c-cc89-4150-9f31-bbad83a27c0b@localhost,SuspiciousTitForTat,D,1,1,975,975
976,player_90df6f40-46b7-48b5-adf3-bdc91f8798e5@localhost,AlwaysDefect,D,player_6e13aa5c-cc89-4150-9f31-bbad83a27c0b@localhost,SuspiciousTitForTat,D,1,1,976,976
977,player_90df6f40-46b7-48b5-adf3-bdc91f8798e5@localhost,AlwaysDefect,D,player_6e13aa5c-cc89-4150-9f31-bbad83a27c0b@localhost,SuspiciousTitForTat,D,1,1,977,977
978,player_90df6f40-46b7-48b5-adf3-bdc91f8798e5@localhost,AlwaysDefect,D,player_6e13aa5c-cc89-4150-9f31-bbad83a27c0b@localhost,SuspiciousTitForTat,D,1,1,978,978
979,player_90df6f40-46b7-48b5-adf3-bdc91f8798e5@localhost,AlwaysDefect,D,player_6e13aa5c-cc89-4150-9f31-bbad83a27c0b@localhost,SuspiciousTitForTat,D,1,1,979,979
980,player_90df6f40-46b7-48b5-adf3-bdc91f8798e5@localhost,AlwaysDefect,D,player_6e13aa5c-cc89-4150-9f31-bbad83a27c0b@localhost,SuspiciousTitForTat,D,1,1,980,980
981,player_90df6f40-46b7-48b5-adf3-bdc91f8798e5@localhost,AlwaysDefect,D,player_6e13aa5c-cc89-4150-9f31-bbad83a27c0b@localhost,SuspiciousTitForTat,D,1,1,981,981
982,player_90df6f40-46b7-48b5-adf3-bdc91f8798e5@localhost,AlwaysDefect,D,player_6e13aa5c-cc89-4150-9f31-bbad83a27c0b@localhost,SuspiciousTitForTat,D,1,1,982,982
983,player_90df6f40-46b7-48b5-adf3-bdc91f8798e5@localhost,AlwaysDefect,D,player_6e13aa5c-cc89-4150-9f31-bbad83a27c0b@localhost,SuspiciousTitForTat,D,1,1,983,983
984,player_90df6f40-46b7-48b5-adf3-bdc91f8798e5@localhost,AlwaysDefect,D,player_6e13aa5c-cc89-4150-9f31-bbad83a27c0b@localhost,SuspiciousTitForTat,D,1,1,984,984
985,player_90df6f40-46b7-48b5-adf3-bdc91f8798e5@localhost,AlwaysDefect,D,player_6e13aa5c-cc89-4150-9f31-bbad83a27c0b@localhost,SuspiciousTitForTat,D,1,1,985,985
986,player_90df6f40-46b7-48b5-adf3-bdc91f8798e5@localhost,AlwaysDefect,D,player_6e13aa5c-cc89-4150-9f31-bbad83a27c0b@localhost,SuspiciousTitForTat,D,1,1,986,986
987,player_90df6f40-46b7-48b5-adf3-bdc91f8798e5@localhost,AlwaysDefect,D,player_6e13aa5c-cc89-4150-9f31-bbad83a27c0b@localhost,SuspiciousTitForTat,D,1,1,987,987
988,player_90df6f40-46b7-48b5-adf3-bdc91f8798e5@localhost,AlwaysDefect,D,player_6e13aa5c-cc89-4150-9f31-bbad83a27c0b@localhost,SuspiciousTitForTat,D,1,1,988,988
989,player_90df6f40-46b7-48b5-adf3-bdc91f8798e5@localhost,AlwaysDefect,D,player_6e13aa5c-cc89-4150-9f31-bbad83a27c0b@localhost,SuspiciousTitForTat,D,1,1,989,989
990,player_90df6f40-46b7-48b5-adf3-bdc91f8798e5@localhost,AlwaysDefect,D,player_6e13aa5c-cc89-4150-9f31-bbad83a27c0b@localhost,SuspiciousTitForTat,D,1,1,990,990
991,player_90df6f40-46b7-48b5-adf3-bdc91f8798e5@localhost,AlwaysDefect,D,player_6e13aa5c-cc89-4150-9f31-bbad83a27c0b@localhost,SuspiciousTitForTat,D,1,1,991,991
992,player_90df6f40-46b7-48b5-adf3-bdc91f8798e5@localhost,AlwaysDefect,D,player_6e13aa5c-cc89-4150-9f31-bbad83a27c0b@localhost,SuspiciousTitForTat,D,1,1,992,992
993,player_90df6f40-46b7-48b5-adf3-bdc91f8798e5@localhost,AlwaysDefect,D,player_6e13aa5c-cc89-4150-9f31-bbad83a27c0b@localhost,SuspiciousTitForTat,D,1,1,993,993
994,player_90df6f40-46b7-48b5-adf3-bdc91f8798e5@localhost,AlwaysDefect,D,player_6e13aa5c-cc89-4150-9f31-bbad83a27c0b@localhost,SuspiciousTitForTat,D,1,1,994,994
995,player_90df6f40-46b7-48b5-adf3-bdc91f8798e5@localhost,AlwaysDefect,D,player_6e13aa5c-cc89-4150-9f31-bbad83a27c0b@localhost,SuspiciousTitForTat,D,1,1,995,995
996,player_90df6f40-46b7-48b5-adf3-bdc91f8798e5@localhost,AlwaysDefect,D,player_6e13aa5c-cc89-4150-9f31-bbad83a27c0b@localhost,SuspiciousTitForTat,D,1,1,996,996
997,player_90df6f40-46b7-48b5-adf3-bdc91f8798e5@localhost,AlwaysDefect,D,player_6e13aa5c-cc89-4150-9f31-bbad83a27c0b@localhost,SuspiciousTitForTat,D,1,1,997,997
998,player_90df6f40-46b7-48b5-adf3-bdc91f8798e5@localhost,AlwaysDefect,D,player_6e13aa5c-cc89-4150-9f31-bbad83a27c0b@localhost,SuspiciousTitForTat,D,1,1,998,998
999,player_90df6f40-46b7-48b5-adf3-bdc91f8798e5@localhost,AlwaysDefect,D,player_6e13aa5c-cc89-4150-9f31-bbad83a27c0b@localhost,SuspiciousTitForTat,D,1,1,999,999
1000,player_90df6f40-46b7-48b5-adf3-bdc91f8798e5@localhost,AlwaysDefect,D,player_6e13aa5c-cc89-4150-9f31-bbad83a27c0b@localhost,SuspiciousTitForTat,D,1,1,1000,1000
,,,,,,,,,,
# AGGREGATED METRICS
# p1_jid,player_90df6f40-46b7-48b5-adf3-bdc91f8798e5@localhost
# p2_jid,player_6e13aa5c-cc89-4150-9f31-bbad83a27c0b@localhost
# total_rounds,1000
# cooperation_rate_p1,0.0000
# cooperation_rate_p2,0.0000
# defection_rate_p1,1.0000
# defection_rate_p2,1.0000
# total_payoff_p1,1000
# total_payoff_p2,1000
# avg_payoff_p1,1.0000
# avg_payoff_p2,1.0000
