round,p1_jid,p1_strategy,p1_action,p2_jid,p2_strategy,p2_action,p1_payoff,p2_payoff,p1_cumulative,p2_cumulative
1,player_a549a738-25d9-480d-9452-2d295044e2ff@localhost,GrimTrigger,C,player_85460bd7-1920-47c5-8ad8-d86b2c9e2096@localhost,SuspiciousTitForTat,D,0,10,0,10
2,player_a549a738-25d9-480d-9452-2d295044e2ff@localhost,GrimTrigger,D,player_85460bd7-1920-47c5-8ad8-d86b2c9e2096@localhost,SuspiciousTitForTat,C,10,0,10,10
3,player_a549a738-25d9-480d-9452-2d295044e2ff@localhost,GrimTrigger,D,player_85460bd7-1920-47c5-8ad8-d86b2c9e2096@localhost,SuspiciousTitForTat,D,1,1,11,11
4,player_a549a738-25d9-480d-9452-2d295044e2ff@localhost,GrimTrigger,D,player_85460bd7-1920-47c5-8ad8-d86b2c9e2096@localhost,SuspiciousTitForTat,D,1,1,12,12
5,player_a549a738-25d9-480d-9452-2d295044e2ff@localhost,GrimTrigger,D,player_85460bd7-1920-47c5-8ad8-d86b2c9e2096@localhost,SuspiciousTitForTat,D,1,1,13,13
6,player_a549a738-25d9-480d-9452-2d295044e2ff@localhost,GrimTrigger,D,player_85460bd7-1920-47c5-8ad8-d86b2c9e2096@localhost,SuspiciousTitForTat,D,1,1,14,14
7,player_a549a738-25d9-480d-9452-2d295044e2ff@localhost,GrimTrigger,D,player_85460bd7-1920-47c5-8ad8-d86b2c9e2096@localhost,SuspiciousTitForTat,D,1,1,15,15
8,player_a549a738-25d9-480d-9452-2d295044e2ff@localhost,GrimTrigger,D,player_85460bd7-1920-47c5-8ad8-d86b2c9e2096@localhost,SuspiciousTitForTat,D,1,1,16,16
9,player_a549a738-25d9-480d-9452-2d295044e2ff@localhost,GrimTrigger,D,player_85460bd7-1920-47c5-8ad8-d86b2c9e2096@localhost,SuspiciousTitForTat,D,1,1,17,17
10,player_a549a738-25d9-480d-9452-2d295044e2ff@localhost,GrimTrigger,D,player_85460bd7-1920-47c5-8ad8-d86b2c9e2096@localhost,SuspiciousTitForTat,D,1,1,18,18
11,player_a549a738-25d9-480d-9452-2d295044e2ff@localhost,GrimTrigger,D,player_85460bd7-1920-47c5-8ad8-d86b2c9e2096@localhost,SuspiciousTitForTat,D,1,1,19,19
12,player_a549a738-25d9-480d-9452-2d295044e2ff@localhost,GrimTrigger,D,player_85460bd7-1920-47c5-8ad8-d86b2c9e2096@localhost,SuspiciousTitForTat,D,1,1,20,20
13,player_a549a738-25d9-480d-9452-2d295044e2ff@localhost,GrimTrigger,D,player_85460bd7-1920-47c5-8ad8-d86b2c9e2096@localhost,SuspiciousTitForTat,D,1,1,21,21
14,player_a549a738-25d9-480d-9452-2d295044e2ff@localhost,GrimTrigger,D,player_85460bd7-1920-47c5-8ad8-d86b2c9e2096@localhost,SuspiciousTitForTat,D,1,1,22,22
15,player_a549a738-25d9-480d-9452-2d295044e2ff@localhost,GrimTrigger,D,player_85460bd7-1920-47c5-8ad8-d86b2c9e2096@localhost,SuspiciousTitForTat,D,1,1,23,23
16,player_a549a738-25d9-480d-9452-2d295044e2ff@localhost,GrimTrigger,D,player_85460bd7-1920-47c5-8ad8-d86b2c9e2096@localhost,SuspiciousTitForTat,D,1,1,24,24
17,player_a549a738-25d9-480d-9452-2d295044e2ff@localhost,GrimTrigger,D,player_85460bd7-1920-47c5-8ad8-d86b2c9e2096@localhost,SuspiciousTitForTat,D,1,1,25,25
18,player_a549a738-25d9-480d-9452-2d295044e2ff@localhost,GrimTrigger,D,player_85460bd7-1920-47c5-8ad8-d86b2c9e2096@localhost,SuspiciousTitForTat,D,1,1,26,26
19,player_a549a738-25d9-480d-9452-2d295044e2ff@localhost,GrimTrigger,D,player_85460bd7-1920-47c5-8ad8-d86b2c9e2096@localhost,SuspiciousTitForTat,D,1,1,27,27
20,player_a549a738-25d9-480d-9452-2d295044e2ff@localhost,GrimTrigger,D,player_85460bd7-1920-47c5-8ad8-d86b2c9e2096@localhost,SuspiciousTitForTat,D,1,1,28,28
21,player_a549a738-25d9-480d-9452-2d295044e2ff@localhost,GrimTrigger,D,player_85460bd7-1920-47c5-8ad8-d86b2c9e2096@localhost,SuspiciousTitForTat,D,1,1,29,29
22,player_a549a738-25d9-480d-9452-2d295044e2ff@localhost,GrimTrigger,D,player_85460bd7-1920-47c5-8ad8-d86b2c9e2096@localhost,SuspiciousTitForTat,D,1,1,30,30
23,player_a549a738-25d9-480d-9452-2d295044e2ff@localhost,GrimTrigger,D,player_85460bd7-1920-47c5-8ad8-d86b2c9e2096@localhost,SuspiciousTitForTat,D,1,1,31,31
24,player_a549a738-25d9-480d-9452-2d295044e2ff@localhost,GrimTrigger,D,player_85460bd7-1920-47c5-8ad8-d86b2c9e2096@localhost,SuspiciousTitForTat,D,1,1,32,32
25,player_a549a738-25d9-480d-9452-2d295044e2ff@localhost,GrimTrigger,D,player_85460bd7-1920-47c5-8ad8-d86b2c9e2096@localhost,SuspiciousTitForTat,D,1,1,33,33
26,player_a549a738-25d9-480d-9452-2d295044e2ff@localhost,GrimTrigger,D,player_85460bd7-1920-47c5-8ad8-d86b2c9e2096@localhost,SuspiciousTitForTat,D,1,1,34,34
27,player_a549a738-25d9-480d-9452-2d295044e2ff@localhost,GrimTrigger,D,player_85460bd7-1920-47c5-8ad8-d86b2c9e2096@localhost,SuspiciousTitForTat,D,1,1,35,35
28,player_a549a738-25d9-480d-9452-2d295044e2ff@localhost,GrimTrigger,D,player_85460bd7-1920-47c5-8ad8-d86b2c9e2096@localhost,SuspiciousTitForTat,D,1,1,36,36
29,player_a549a738-25d9-480d-9452-2d295044e2ff@localhost,GrimTrigger,D,player_85460bd7-1920-47c5-8ad8-d86b2c9e2096@localhost,SuspiciousTitForTat,D,1,1,37,37
30,player_a549a738-25d9-480d-9452-2d295044e2ff@localhost,GrimTrigger,D,player_85460bd7-1920-47c5-8ad8-d86b2c9e2096@localhost,SuspiciousTitForTat,D,1,1,38,38
31,player_a549a738-25d9-480d-9452-2d295044e2ff@localhost,GrimTrigger,D,player_85460bd7-1920-47c5-8ad8-d86b2c9e2096@localhost,SuspiciousTitForTat,D,1,1,39,39
32,player_a549a738-25d9-480d-9452-2d295044e2ff@localhost,GrimTrigger,D,player_85460bd7-1920-47c5-8ad8-d86b2c9e2096@localhost,SuspiciousTitForTat,D,1,1,40,40
33,player_a549a738-25d9-480d-9452-2d295044e2ff@localhost,GrimTrigger,D,player_85460bd7-1920-47c5-8ad8-d86b2c9e2096@localhost,SuspiciousTitForTat,D,1,1,41,41
34,player_a549a738-25d9-480d-9452-2d295044e2ff@localhost,GrimTrigger,D,player_85460bd7-1920-47c5-8ad8-d86b2c9e2096@localhost,SuspiciousTitForTat,D,1,1,42,42
35,player_a549a738-25d9-480d-9452-2d295044e2ff@localhost,GrimTrigger,D,player_85460bd7-1920-47c5-8ad8-d86b2c9e2096@localhost,SuspiciousTitForTat,D,1,1,43,43
36,player_a549a738-25d9-480d-9452-2d295044e2ff@localhost,GrimTrigger,D,player_85460bd7-1920-47c5-8ad8-d86b2c9e2096@localhost,SuspiciousTitForTat,D,1,1,44,44
37,player_a549a738-25d9-480d-9452-2d295044e2ff@localhost,GrimTrigger,D,player_85460bd7-1920-47c5-8ad8-d86b2c9e2096@localhost,SuspiciousTitForTat,D,1,1,45,45
38,player_a549a738-25d9-480d-9452-2d295044e2ff@localhost,GrimTrigger,D,player_85460bd7-1920-47c5-8ad8-d86b2c9e2096@localhost,SuspiciousTitForTat,D,1,1,46,46
39,player_a549a738-25d9-480d-9452-2d295044e2ff@localhost,GrimTrigger,D,player_85460bd7-1920-47c5-8ad8-d86b2c9e2096@localhost,SuspiciousTitForTat,D,1,1,47,47
40,player_a549a738-25d9-480d-9452-2d295044e2ff@localhost,GrimTrigger,D,player_85460bd7-1920-47c5-8ad8-d86b2c9e2096@localhost,SuspiciousTitForTat,D,1,1,48,48
41,player_a549a738-25d9-480d-9452-2d295044e2ff@localhost,GrimTrigger,D,player_85460bd7-1920-47c5-8ad8-d86b2c9e2096@localhost,SuspiciousTitForTat,D,1,1,49,49
42,player_a549a738-25d9-480d-9452-2d295044e2ff@localhost,GrimTrigger,D,player_85460bd7-1920-47c5-8ad8-d86b2c9e2096@localhost,SuspiciousTitForTat,D,1,1,50,50
43,player_a549a738-25d9-480d-9452-2d295044e2ff@localhost,GrimTrigger,D,player_85460bd7-1920-47c5-8ad8-d86b2c9e2096@localhost,SuspiciousTitForTat,D,1,1,51,51
44,player_a549a738-25d9-480d-9452-2d295044e2ff@localhost,GrimTrigger,D,player_85460bd7-1920-47c5-8ad8-d86b2c9e2096@localhost,SuspiciousTitForTat,D,1,1,52,52
45,player_a549a738-25d9-480d-9452-2d295044e2ff@localhost,GrimTrigger,D,player_85460bd7-1920-47c5-8ad8-d86b2c9e2096@localhost,SuspiciousTitForTat,D,1,1,53,53
46,player_a549a738-25d9-480d-9452-2d295044e2ff@localhost,GrimTrigger,D,player_85460bd7-1920-47c5-8ad8-d86b2c9e2096@localhost,SuspiciousTitForTat,D,1,1,54,54
47,player_a549a738-25d9-480d-9452-2d295044e2ff@localhost,GrimTrigger,D,player_85460bd7-1920-47c5-8ad8-d86b2c9e2096@localhost,SuspiciousTitForTat,D,1,1,55,55
48,player_a549a738-25d9-480d-9452-2d295044e2ff@localhost,GrimTrigger,D,player_85460bd7-1920-47c5-8ad8-d86b2c9e2096@localhost,SuspiciousTitForTat,D,1,1,56,56
49,player_a549a738-25d9-480d-9452-2d295044e2ff@localhost,GrimTrigger,D,player_85460bd7-1920-47c5-8ad8-d86b2c9e2096@localhost,SuspiciousTitForTat,D,1,1,57,57
50,player_a549a738-25d9-480d-9452-2d295044e2ff@localhost,GrimTrigger,D,player_85460bd7-1920-47c5-8ad8-d86b2c9e2096@localhost,SuspiciousTitForTat,D,1,1,58,58
51,player_a549a738-25d9-480d-9452-2d295044e2ff@localhost,GrimTrigger,D,player_85460bd7-1920-47c5-8ad8-d86b2c9e2096@localhost,SuspiciousTitForTat,D,1,1,59,59
52,player_a549a738-25d9-480d-9452-2d295044e2ff@localhost,GrimTrigger,D,player_85460bd7-1920-47c5-8ad8-d86b2c9e2096@localhost,SuspiciousTitForTat,D,1,1,60,60
53,player_a549a738-25d9-480d-9452-2d295044e2ff@localhost,GrimTrigger,D,player_85460bd7-1920-47c5-8ad8-d86b2c9e2096@localhost,SuspiciousTitForTat,D,1,1,61,61
54,player_a549a738-25d9-480d-9452-2d295044e2ff@localhost,GrimTrigger,D,player_85460bd7-1920-47c5-8ad8-d86b2c9e2096@localhost,SuspiciousTitForTat,D,1,1,62,62
55,player_a549a738-25d9-480d-9452-2d295044e2ff@localhost,GrimTrigger,D,player_85460bd7-1920-47c5-8ad8-d86b2c9e2096@localhost,SuspiciousTitForTat,D,1,1,63,63
56,player_a549a738-25d9-480d-9452-2d295044e2ff@localhost,GrimTrigger,D,player_85460bd7-1920-47c5-8ad8-d86b2c9e2096@localhost,SuspiciousTitForTat,D,1,1,64,64
57,player_a549a738-25d9-480d-9452-2d295044e2ff@localhost,GrimTrigger,D,player_85460bd7-1920-47c5-8ad8-d86b2c9e2096@localhost,SuspiciousTitForTat,D,1,1,65,65
58,player_a549a738-25d9-480d-9452-2d295044e2ff@localhost,GrimTrigger,D,player_85460bd7-1920-47c5-8ad8-d86b2c9e2096@localhost,SuspiciousTitForTat,D,1,1,66,66
59,player_a549a738-25d9-480d-9452-2d295044e2ff@localhost,GrimTrigger,D,player_85460bd7-1920-47c5-8ad8-d86b2c9e2096@localhost,SuspiciousTitForTat,D,1,1,67,67
60,player_a549a738-25d9-480d-9452-2d295044e2ff@localhost,GrimTrigger,D,player_85460bd7-1920-47c5-8ad8-d86b2c9e2096@localhost,SuspiciousTitForTat,D,1,1,68,68
61,player_a549a738-25d9-480d-9452-2d295044e2ff@localhost,GrimTrigger,D,player_85460bd7-1920-47c5-8ad8-d86b2c9e2096@localhost,SuspiciousTitForTat,D,1,1,69,69
62,player_a549a738-25d9-480d-9452-2d295044e2ff@localhost,GrimTrigger,D,player_85460bd7-1920-47c5-8ad8-d86b2c9e2096@localhost,SuspiciousTitForTat,D,1,1,70,70
63,player_a549a738-25d9-480d-9452-2d295044e2ff@localhost,GrimTrigger,D,player_85460bd7-1920-47c5-8ad8-d86b2c9e2096@localhost,SuspiciousTitForTat,D,1,1,71,71
64,player_a549a738-25d9-480d-9452-2d295044e2ff@localhost,GrimTrigger,D,player_85460bd7-1920-47c5-8ad8-d86b2c9e2096@localhost,SuspiciousTitForTat,D,1,1,72,72
65,player_a549a738-25d9-480d-9452-2d295044e2ff@localhost,GrimTrigger,D,player_85460bd7-1920-47c5-8ad8-d86b2c9e2096@localhost,SuspiciousTitForTat,D,1,1,73,73
66,player_a549a738-25d9-480d-9452-2d295044e2ff@localhost,GrimTrigger,D,player_85460bd7-1920-47c5-8ad8-d86b2c9e2096@localhost,SuspiciousTitForTat,D,1,1,74,74
67,player_a549a738-25d9-480d-9452-2d295044e2ff@localhost,GrimTrigger,D,player_85460bd7-1920-47c5-8ad8-d86b2c9e2096@localhost,SuspiciousTitForTat,D,1,1,75,75
68,player_a549a738-25d9-480d-9452-2d295044e2ff@localhost,GrimTrigger,D,player_85460bd7-1920-47c5-8ad8-d86b2c9e2096@localhost,SuspiciousTitForTat,D,1,1,76,76
69,player_a549a738-25d9-480d-9452-2d295044e2ff@localhost,GrimTrigger,D,player_85460bd7-1920-47c5-8ad8-d86b2c9e2096@localhost,SuspiciousTitForTat,D,1,1,77,77
70,player_a549a738-25d9-480d-9452-2d295044e2ff@localhost,GrimTrigger,D,player_85460bd7-1920-47c5-8ad8-d86b2c9e2096@localhost,SuspiciousTitForTat,D,1,1,78,78
71,player_a549a738-25d9-480d-9452-2d295044e2ff@localhost,GrimTrigger,D,player_85460bd7-1920-47c5-8ad8-d86b2c9e2096@localhost,SuspiciousTitForTat,D,1,1,79,79
72,player_a549a738-25d9-480d-9452-2d295044e2ff@localhost,GrimTrigger,D,player_85460bd7-1920-47c5-8ad8-d86b2c9e2096@localhost,SuspiciousTitForTat,D,1,1,80,80
73,player_a549a738-25d9-480d-9452-2d295044e2ff@localhost,GrimTrigger,D,player_85460bd7-1920-47c5-8ad8-d86b2c9e2096@localhost,SuspiciousTitForTat,D,1,1,81,81
74,player_a549a738-25d9-480d-9452-2d295044e2ff@localhost,GrimTrigger,D,player_85460bd7-1920-47c5-8ad8-d86b2c9e2096@localhost,SuspiciousTitForTat,D,1,1,82,82
75,player_a549a738-25d9-480d-9452-2d295044e2ff@localhost,GrimTrigger,D,player_85460bd7-1920-47c5-8ad8-d86b2c9e2096@localhost,SuspiciousTitForTat,D,1,1,83,83
76,player_a549a738-25d9-480d-9452-2d295044e2ff@localhost,GrimTrigger,D,player_85460bd7-1920-47c5-8ad8-d86b2c9e2096@localhost,SuspiciousTitForTat,D,1,1,84,84
77,player_a549a738-25d9-480d-9452-2d295044e2ff@localhost,GrimTrigger,D,player_85460bd7-1920-47c5-8ad8-d86b2c9e2096@localhost,SuspiciousTitForTat,D,1,1,85,85
78,player_a549a738-25d9-480d-9452-2d295044e2ff@localhost,GrimTrigger,D,player_85460bd7-1920-47c5-8ad8-d86b2c9e2096@localhost,SuspiciousTitForTat,D,1,1,86,86
79,player_a549a738-25d9-480d-9452-2d295044e2ff@localhost,GrimTrigger,D,player_85460bd7-1920-47c5-8ad8-d86b2c9e2096@localhost,SuspiciousTitForTat,D,1,1,87,87
80,player_a549a738-25d9-480d-9452-2d295044e2ff@localhost,GrimTrigger,D,player_85460bd7-1920-47c5-8ad8-d86b2c9e2096@localhost,SuspiciousTitForTat,D,1,1,88,88
81,player_a549a738-25d9-480d-9452-2d295044e2ff@localhost,GrimTrigger,D,player_85460bd7-1920-47c5-8ad8-d86b2c9e2096@localhost,SuspiciousTitForTat,D,1,1,89,89
82,player_a549a738-25d9-480d-9452-2d295044e2ff@localhost,GrimTrigger,D,player_85460bd7-1920-47c5-8ad8-d86b2c9e2096@localhost,SuspiciousTitForTat,D,1,1,90,90
83,player_a549a738-25d9-480d-9452-2d295044e2ff@localhost,GrimTrigger,D,player_85460bd7-1920-47c5-8ad8-d86b2c9e2096@localhost,SuspiciousTitForTat,D,1,1,91,91
84,player_a549a738-25d9-480d-9452-2d295044e2ff@localhost,GrimTrigger,D,player_85460bd7-1920-47c5-8ad8-d86b2c9e2096@localhost,SuspiciousTitForTat,D,1,1,92,92
85,player_a549a738-25d9-480d-9452-2d295044e2ff@localhost,GrimTrigger,D,player_85460bd7-1920-47c5-8ad8-d86b2c9e2096@localhost,SuspiciousTitForTat,D,1,1,93,93
86,player_a549a738-25d9-480d-9452-2d295044e2ff@localhost,GrimTrigger,D,player_85460bd7-1920-47c5-8ad8-d86b2c9e2096@localhost,SuspiciousTitForTat,D,1,1,94,94
87,player_a549a738-25d9-480d-9452-2d295044e2ff@localhost,GrimTrigger,D,player_85460bd7-1920-47c5-8ad8-d86b2c9e2096@localhost,SuspiciousTitForTat,D,1,1,95,95
88,player_a549a738-25d9-480d-9452-2d295044e2ff@localhost,GrimTrigger,D,player_85460bd7-1920-47c5-8ad8-d86b2c9e2096@localhost,SuspiciousTitForTat,D,1,1,96,96
89,player_a549a738-25d9-480d-9452-2d295044e2ff@localhost,GrimTrigger,D,player_85460bd7-1920-47c5-8ad8-d86b2c9e2096@localhost,SuspiciousTitForTat,D,1,1,97,97
90,player_a549a738-25d9-480d-9452-2d295044e2ff@localhost,GrimTrigger,D,player_85460bd7-1920-47c5-8ad8-d86b2c9e2096@localhost,SuspiciousTitForTat,D,1,1,98,98
91,player_a549a738-25d9-480d-9452-2d295044e2ff@localhost,GrimTrigger,D,player_85460bd7-1920-47c5-8ad8-d86b2c9e2096@localhost,SuspiciousTitForTat,D,1,1,99,99
92,player_a549a738-25d9-480d-9452-2d295044e2ff@localhost,GrimTrigger,D,player_85460bd7-1920-47c5-8ad8-d86b2c9e2096@localhost,SuspiciousTitForTat,D,1,1,100,100
93,player_a549a738-25d9-480d-9452-2d295044e2ff@localhost,GrimTrigger,D,player_85460bd7-1920-47c5-8ad8-d86b2c9e2096@localhost,SuspiciousTitForTat,D,1,1,101,101
94,player_a549a738-25d9-480d-9452-2d295044e2ff@localhost,GrimTrigger,D,player_85460bd7-1920-47c5-8ad8-d86b2c9e2096@localhost,SuspiciousTitForTat,D,1,1,102,102
95,player_a549a738-25d9-480d-9452-2d295044e2ff@localhost,GrimTrigger,D,player_85460bd7-1920-47c5-8ad8-d86b2c9e2096@localhost,SuspiciousTitForTat,D,1,1,103,103
96,player_a549a738-25d9-480d-9452-2d295044e2ff@localhost,GrimTrigger,D,player_85460bd7-1920-47c5-8ad8-d86b2c9e2096@localhost,SuspiciousTitForTat,D,1,1,104,104
97,player_a549a738-25d9-480d-9452-2d295044e2ff@localhost,GrimTrigger,D,player_85460bd7-1920-47c5-8ad8-d86b2c9e2096@localhost,SuspiciousTitForTat,D,1,1,105,105
98,player_a549a738-25d9-480d-9452-2d295044e2ff@localhost,GrimTrigger,D,player_85460bd7-1920-47c5-8ad8-d86b2c9e2096@localhost,SuspiciousTitForTat,D,1,1,106,106
99,player_a549a738-25d9-480d-9452-2d295044e2ff@localhost,GrimTrigger,D,player_85460bd7-1920-47c5-8ad8-d86b2c9e2096@localhost,SuspiciousTitForTat,D,1,1,107,107
100,player_a549a738-25d9-480d-9452-2d295044e2ff@localhost,GrimTrigger,D,player_85460bd7-1920-47c5-8ad8-d86b2c9e2096@localhost,SuspiciousTitForTat,D,1,1,108,108
101,player_a549a738-25d9-480d-9452-2d295044e2ff@localhost,GrimTrigger,D,player_85460bd7-1920-47c5-8ad8-d86b2c9e2096@localhost,SuspiciousTitForTat,D,1,1,109,109
102,player_a549a738-25d9-480d-9452-2d295044e2ff@localhost,GrimTrigger,D,player_85460bd7-1920-47c5-8ad8-d86b2c9e2096@localhost,SuspiciousTitForTat,D,1,1,110,110
103,player_a549a738-25d9-480d-9452-2d295044e2ff@localhost,GrimTrigger,D,player_85460bd7-1920-47c5-8ad8-d86b2c9e2096@localhost,SuspiciousTitForTat,D,1,1,111,111
104,player_a549a738-25d9-480d-9452-2d295044e2ff@localhost,GrimTrigger,D,player_85460bd7-1920-47c5-8ad8-d86b2c9e2096@localhost,SuspiciousTitForTat,D,1,1,112,112
105,player_a549a738-25d9-480d-9452-2d295044e2ff@localhost,GrimTrigger,D,player_85460bd7-1920-47c5-8ad8-d86b2c9e2096@localhost,SuspiciousTitForTat,D,1,1,113,113
106,player_a549a738-25d9-480d-9452-2d295044e2ff@localhost,GrimTrigger,D,player_85460bd7-1920-47c5-8ad8-d86b2c9e2096@localhost,SuspiciousTitForTat,D,1,1,114,114
107,player_a549a738-25d9-480d-9452-2d295044e2ff@localhost,GrimTrigger,D,player_85460bd7-1920-47c5-8ad8-d86b2c9e2096@localhost,SuspiciousTitForTat,D,1,1,115,115
108,player_a549a738-25d9-480d-9452-2d295044e2ff@localhost,GrimTrigger,D,player_85460bd7-1920-47c5-8ad8-d86b2c9e2096@localhost,SuspiciousTitForTat,D,1,1,116,116
109,player_a549a738-25d9-480d-9452-2d295044e2ff@localhost,GrimTrigger,D,player_85460bd7-1920-47c5-8ad8-d86b2c9e2096@localhost,SuspiciousTitForTat,D,1,1,117,117
110,player_a549a738-25d9-480d-9452-2d295044e2ff@localhost,GrimTrigger,D,player_85460bd7-1920-47c5-8ad8-d86b2c9e2096@localhost,SuspiciousTitForTat,D,1,1,118,118
111,player_a549a738-25d9-480d-9452-2d295044e2ff@localhost,GrimTrigger,D,player_85460bd7-1920-47c5-8ad8-d86b2c9e2096@localhost,SuspiciousTitForTat,D,1,1,119,119
112,player_a549a738-25d9-480d-9452-2d295044e2ff@localhost,GrimTrigger,D,player_85460bd7-1920-47c5-8ad8-d86b2c9e2096@localhost,SuspiciousTitForTat,D,1,1,120,120
113,player_a549a738-25d9-480d-9452-2d295044e2ff@localhost,GrimTrigger,D,player_85460bd7-1920-47c5-8ad8-d86b2c9e2096@localhost,SuspiciousTitForTat,D,1,1,121,121
114,player_a549a738-25d9-480d-9452-2d295044e2ff@localhost,GrimTrigger,D,player_85460bd7-1920-47c5-8ad8-d86b2c9e2096@localhost,SuspiciousTitForTat,D,1,1,122,122
115,player_a549a738-25d9-480d-9452-2d295044e2ff@localhost,GrimTrigger,D,player_85460bd7-1920-47c5-8ad8-d86b2c9e2096@localhost,SuspiciousTitForTat,D,1,1,123,123
116,player_a549a738-25d9-480d-9452-2d295044e2ff@localhost,GrimTrigger,D,player_85460bd7-1920-47c5-8ad8-d86b2c9e2096@localhost,SuspiciousTitForTat,D,1,1,124,124
117,player_a549a738-25d9-480d-9452-2d295044e2ff@localhost,GrimTrigger,D,player_85460bd7-1920-47c5-8ad8-d86b2c9e2096@localhost,SuspiciousTitForTat,D,1,1,125,125
118,player_a549a738-25d9-480d-9452-2d295044e2ff@localhost,GrimTrigger,D,player_85460bd7-1920-47c5-8ad8-d86b2c9e2096@localhost,SuspiciousTitForTat,D,1,1,126,126
119,player_a549a738-25d9-480d-9452-2d295044e2ff@localhost,GrimTrigger,D,player_85460bd7-1920-47c5-8ad8-d86b2c9e2096@localhost,SuspiciousTitForTat,D,1,1,127,127
120,player_a549a738-25d9-480d-9452-2d295044e2ff@localhost,GrimTrigger,D,player_85460bd7-1920-47c5-8ad8-d86b2c9e2096@localhost,SuspiciousTitForTat,D,1,1,128,128
121,player_a549a738-25d9-480d-9452-2d295044e2ff@localhost,GrimTrigger,D,player_85460bd7-1920-47c5-8ad8-d86b2c9e2096@localhost,SuspiciousTitForTat,D,1,1,129,129
122,player_a549a738-25d9-480d-9452-2d295044e2ff@localhost,GrimTrigger,D,player_85460bd7-1920-47c5-8ad8-d86b2c9e2096@localhost,SuspiciousTitForTat,D,1,1,130,130
123,player_a549a738-25d9-480d-9452-2d295044e2ff@localhost,GrimTrigger,D,player_85460bd7-1920-47c5-8ad8-d86b2c9e2096@localhost,SuspiciousTitForTat,D,1,1,131,131
124,player_a549a738-25d9-480d-9452-2d295044e2ff@localhost,GrimTrigger,D,player_85460bd7-1920-47c5-8ad8-d86b2c9e2096@localhost,SuspiciousTitForTat,D,1,1,132,132
125,player_a549a738-25d9-480d-9452-2d295044e2ff@localhost,GrimTrigger,D,player_85460bd7-1920-47c5-8ad8-d86b2c9e2096@localhost,SuspiciousTitForTat,D,1,1,133,133
126,player_a549a738-25d9-480d-9452-2d295044e2ff@localhost,GrimTrigger,D,player_85460bd7-1920-47c5-8ad8-d86b2c9e2096@localhost,SuspiciousTitForTat,D,1,1,134,134
127,player_a549a738-25d9-480d-9452-2d295044e2ff@localhost,GrimTrigger,D,player_85460bd7-1920-47c5-8ad8-d86b2c9e2096@localhost,SuspiciousTitForTat,D,1,1,135,135
128,player_a549a738-25d9-480d-9452-2d295044e2ff@localhost,GrimTrigger,D,player_85460bd7-1920-47c5-8ad8-d86b2c9e2096@localhost,SuspiciousTitForTat,D,1,1,136,136
129,player_a549a738-25d9-480d-9452-2d295044e2ff@localhost,GrimTrigger,D,player_85460bd7-1920-47c5-8ad8-d86b2c9e2096@localhost,SuspiciousTitForTat,D,1,1,137,137
130,player_a549a738-25d9-480d-9452-2d295044e2ff@localhost,GrimTrigger,D,player_85460bd7-1920-47c5-8ad8-d86b2c9e2096@localhost,SuspiciousTitForTat,D,1,1,138,138
131,player_a549a738-25d9-480d-9452-2d295044e2ff@localhost,GrimTrigger,D,player_85460bd7-1920-47c5-8ad8-d86b2c9e2096@localhost,SuspiciousTitForTat,D,1,1,139,139
132,player_a549a738-25d9-480d-9452-2d295044e2ff@localhost,GrimTrigger,D,player_85460bd7-1920-47c5-8ad8-d86b2c9e2096@localhost,SuspiciousTitForTat,D,1,1,140,140
133,player_a549a738-25d9-480d-9452-2d295044e2ff@localhost,GrimTrigger,D,player_85460bd7-1920-47c5-8ad8-d86b2c9e2096@localhost,SuspiciousTitForTat,D,1,1,141,141
134,player_a549a738-25d9-480d-9452-2d295044e2ff@localhost,GrimTrigger,D,player_85460bd7-1920-47c5-8ad8-d86b2c9e2096@localhost,SuspiciousTitForTat,D,1,1,142,142
135,player_a549a738-25d9-480d-9452-2d295044e2ff@localhost,GrimTrigger,D,player_85460bd7-1920-47c5-8ad8-d86b2c9e2096@localhost,SuspiciousTitForTat,D,1,1,143,143
136,player_a549a738-25d9-480d-9452-2d295044e2ff@localhost,GrimTrigger,D,player_85460bd7-1920-47c5-8ad8-d86b2c9e2096@localhost,SuspiciousTitForTat,D,1,1,144,144
137,player_a549a738-25d9-480d-9452-2d295044e2ff@localhost,GrimTrigger,D,player_85460bd7-1920-47c5-8ad8-d86b2c9e2096@localhost,SuspiciousTitForTat,D,1,1,145,145
138,player_a549a738-25d9-480d-9452-2d295044e2ff@localhost,GrimTrigger,D,player_85460bd7-1920-47c5-8ad8-d86b2c9e2096@localhost,SuspiciousTitForTat,D,1,1,146,146
139,player_a549a738-25d9-480d-9452-2d295044e2ff@localhost,GrimTrigger,D,player_85460bd7-1920-47c5-8ad8-d86b2c9e2096@localhost,SuspiciousTitForTat,D,1,1,147,147
140,player_a549a738-25d9-480d-9452-2d295044e2ff@localhost,GrimTrigger,D,player_85460bd7-1920-47c5-8ad8-d86b2c9e2096@localhost,SuspiciousTitForTat,D,1,1,148,148
141,player_a549a738-25d9-480d-9452-2d295044e2ff@localhost,GrimTrigger,D,player_85460bd7-1920-47c5-8ad8-d86b2c9e2096@localhost,SuspiciousTitForTat,D,1,1,149,149
142,player_a549a738-25d9-480d-9452-2d295044e2ff@localhost,GrimTrigger,D,player_85460bd7-1920-47c5-8ad8-d86b2c9e2096@localhost,SuspiciousTitForTat,D,1,1,150,150
143,player_a549a738-25d9-480d-9452-2d295044e2ff@localhost,GrimTrigger,D,player_85460bd7-1920-47c5-8ad8-d86b2c9e2096@localhost,SuspiciousTitForTat,D,1,1,151,151
144,player_a549a738-25d9-480d-9452-2d295044e2ff@localhost,GrimTrigger,D,player_85460bd7-1920-47c5-8ad8-d86b2c9e2096@localhost,SuspiciousTitForTat,D,1,1,152,152
145,player_a549a738-25d9-480d-9452-2d295044e2ff@localhost,GrimTrigger,D,player_85460bd7-1920-47c5-8ad8-d86b2c9e2096@localhost,SuspiciousTitForTat,D,1,1,153,153
146,player_a549a738-25d9-480d-9452-2d295044e2ff@localhost,GrimTrigger,D,player_85460bd7-1920-47c5-8ad8-d86b2c9e2096@localhost,SuspiciousTitForTat,D,1,1,154,154
147,player_a549a738-25d9-480d-9452-2d295044e2ff@localhost,GrimTrigger,D,player_85460bd7-1920-47c5-8ad8-d86b2c9e2096@localhost,SuspiciousTitForTat,D,1,1,155,155
148,player_a549a738-25d9-480d-9452-2d295044e2ff@localhost,GrimTrigger,D,player_85460bd7-1920-47c5-8ad8-d86b2c9e2096@localhost,SuspiciousTitForTat,D,1,1,156,156
149,player_a549a738-25d9-480d-9452-2d295044e2ff@localhost,GrimTrigger,D,player_85460bd7-1920-47c5-8ad8-d86b2c9e2096@localhost,SuspiciousTitForTat,D,1,1,157,157
150,player_a549a738-25d9-480d-9452-2d295044e2ff@localhost,GrimTrigger,D,player_85460bd7-1920-47c5-8ad8-d86b2c9e2096@localhost,SuspiciousTitForTat,D,1,1,158,158
151,player_a549a738-25d9-480d-9452-2d295044e2ff@localhost,GrimTrigger,D,player_85460bd7-1920-47c5-8ad8-d86b2c9e2096@localhost,SuspiciousTitForTat,D,1,1,159,159
152,player_a549a738-25d9-480d-9452-2d295044e2ff@localhost,GrimTrigger,D,player_85460bd7-1920-47c5-8ad8-d86b2c9e2096@localhost,SuspiciousTitForTat,D,1,1,160,160
153,player_a549a738-25d9-480d-9452-2d295044e2ff@localhost,GrimTrigger,D,player_85460bd7-1920-47c5-8ad8-d86b2c9e2096@localhost,SuspiciousTitForTat,D,1,1,161,161
154,player_a549a738-25d9-480d-9452-2d295044e2ff@localhost,GrimTrigger,D,player_85460bd7-1920-47c5-8ad8-d86b2c9e2096@localhost,SuspiciousTitForTat,D,1,1,162,162
155,player_a549a738-25d9-480d-9452-2d295044e2ff@localhost,GrimTrigger,D,player_85460bd7-1920-47c5-8ad8-d86b2c9e2096@localhost,SuspiciousTitForTat,D,1,1,163,163
156,player_a549a738-25d9-480d-9452-2d295044e2ff@localhost,GrimTrigger,D,player_85460bd7-1920-47c5-8ad8-d86b2c9e2096@localhost,SuspiciousTitForTat,D,1,1,164,164
157,player_a549a738-25d9-480d-9452-2d295044e2ff@localhost,GrimTrigger,D,player_85460bd7-1920-47c5-8ad8-d86b2c9e2096@localhost,SuspiciousTitForTat,D,1,1,165,165
158,player_a549a738-25d9-480d-9452-2d295044e2ff@localhost,GrimTrigger,D,player_85460bd7-1920-47c5-8ad8-d86b2c9e2096@localhost,SuspiciousTitForTat,D,1,1,166,166
159,player_a549a738-25d9-480d-9452-2d295044e2ff@localhost,GrimTrigger,D,player_85460bd7-1920-47c5-8ad8-d86b2c9e2096@localhost,SuspiciousTitForTat,D,1,1,167,167
160,player_a549a738-25d9-480d-9452-2d295044e2ff@localhost,GrimTrigger,D,player_85460bd7-1920-47c5-8ad8-d86b2c9e2096@localhost,SuspiciousTitForTat,D,1,1,168,168
161,player_a549a738-25d9-480d-9452-2d295044e2ff@localhost,GrimTrigger,D,player_85460bd7-1920-47c5-8ad8-d86b2c9e2096@localhost,SuspiciousTitForTat,D,1,1,169,169
162,player_a549a738-25d9-480d-9452-2d295044e2ff@localhost,GrimTrigger,D,player_85460bd7-1920-47c5-8ad8-d86b2c9e2096@localhost,SuspiciousTitForTat,D,1,1,170,170
163,player_a549a738-25d9-480d-9452-2d295044e2ff@localhost,GrimTrigger,D,player_85460bd7-1920-47c5-8ad8-d86b2c9e2096@localhost,SuspiciousTitForTat,D,1,1,171,171
164,player_a549a738-25d9-480d-9452-2d295044e2ff@localhost,GrimTrigger,D,player_85460bd7-1920-47c5-8ad8-d86b2c9e2096@localhost,SuspiciousTitForTat,D,1,1,172,172
165,player_a549a738-25d9-480d-9452-2d295044e2ff@localhost,GrimTrigger,D,player_85460bd7-1920-47c5-8ad8-d86b2c9e2096@localhost,SuspiciousTitForTat,D,1,1,173,173
166,player_a549a738-25d9-480d-9452-2d295044e2ff@localhost,GrimTrigger,D,player_85460bd7-1920-47c5-8ad8-d86b2c9e2096@localhost,SuspiciousTitForTat,D,1,1,174,174
167,player_a549a738-25d9-480d-9452-2d295044e2ff@localhost,GrimTrigger,D,player_85460bd7-1920-47c5-8ad8-d86b2c9e2096@localhost,SuspiciousTitForTat,D,1,1,175,175
168,player_a549a738-25d9-480d-9452-2d295044e2ff@localhost,GrimTrigger,D,player_85460bd7-1920-47c5-8ad8-d86b2c9e2096@localhost,SuspiciousTitForTat,D,1,1,176,176
169,player_a549a738-25d9-480d-9452-2d295044e2ff@localhost,GrimTrigger,D,player_85460bd7-1920-47c5-8ad8-d86b2c9e2096@localhost,SuspiciousTitForTat,D,1,1,177,177
170,player_a549a738-25d9-480d-9452-2d295044e2ff@localhost,GrimTrigger,D,player_85460bd7-1920-47c5-8ad8-d86b2c9e2096@localhost,SuspiciousTitForTat,D,1,1,178,178
171,player_a549a738-25d9-480d-9452-2d295044e2ff@localhost,GrimTrigger,D,player_85460bd7-1920-47c5-8ad8-d86b2c9e2096@localhost,SuspiciousTitForTat,D,1,1,179,179
172,player_a549a738-25d9-480d-9452-2d295044e2ff@localhost,GrimTrigger,D,player_85460bd7-1920-47c5-8ad8-d86b2c9e2096@localhost,SuspiciousTitForTat,D,1,1,180,180
173,player_a549a738-25d9-480d-9452-2d295044e2ff@localhost,GrimTrigger,D,player_85460bd7-1920-47c5-8ad8-d86b2c9e2096@localhost,SuspiciousTitForTat,D,1,1,181,181
174,player_a549a738-25d9-480d-9452-2d295044e2ff@localhost,GrimTrigger,D,player_85460bd7-1920-47c5-8ad8-d86b2c9e2096@localhost,SuspiciousTitForTat,D,1,1,182,182
175,player_a549a738-25d9-480d-9452-2d295044e2ff@localhost,GrimTrigger,D,player_85460bd7-1920-47c5-8ad8-d86b2c9e2096@localhost,SuspiciousTitForTat,D,1,1,183,183
176,player_a549a738-25d9-480d-9452-2d295044e2ff@localhost,GrimTrigger,D,player_85460bd7-1920-47c5-8ad8-d86b2c9e2096@localhost,SuspiciousTitForTat,D,1,1,184,184
177,player_a549a738-25d9-480d-9452-2d295044e2ff@localhost,GrimTrigger,D,player_85460bd7-1920-47c5-8ad8-d86b2c9e2096@localhost,SuspiciousTitForTat,D,1,1,185,185
178,player_a549a738-25d9-480d-9452-2d295044e2ff@localhost,GrimTrigger,D,player_85460bd7-1920-47c5-8ad8-d86b2c9e2096@localhost,SuspiciousTitForTat,D,1,1,186,186
179,player_a549a738-25d9-480d-9452-2d295044e2ff@localhost,GrimTrigger,D,player_85460bd7-1920-47c5-8ad8-d86b2c9e2096@localhost,SuspiciousTitForTat,D,1,1,187,187
180,player_a549a738-25d9-480d-9452-2d295044e2ff@localhost,GrimTrigger,D,player_85460bd7-1920-47c5-8ad8-d86b2c9e2096@localhost,SuspiciousTitForTat,D,1,1,188,188
181,player_a549a738-25d9-480d-9452-2d295044e2ff@localhost,GrimTrigger,D,player_85460bd7-1920-47c5-8ad8-d86b2c9e2096@localhost,SuspiciousTitForTat,D,1,1,189,189
182,player_a549a738-25d9-480d-9452-2d295044e2ff@localhost,GrimTrigger,D,player_85460bd7-1920-47c5-8ad8-d86b2c9e2096@localhost,SuspiciousTitForTat,D,1,1,190,190
183,player_a549a738-25d9-480d-9452-2d295044e2ff@localhost,GrimTrigger,D,player_85460bd7-1920-47c5-8ad8-d86b2c9e2096@localhost,SuspiciousTitForTat,D,1,1,191,191
184,player_a549a738-25d9-480d-9452-2d295044e2ff@localhost,GrimTrigger,D,player_85460bd7-1920-47c5-8ad8-d86b2c9e2096@localhost,SuspiciousTitForTat,D,1,1,192,192
185,player_a549a738-25d9-480d-9452-2d295044e2ff@localhost,GrimTrigger,D,player_85460bd7-1920-47c5-8ad8-d86b2c9e2096@localhost,SuspiciousTitForTat,D,1,1,193,193
186,player_a549a738-25d9-480d-9452-2d295044e2ff@localhost,GrimTrigger,D,player_85460bd7-1920-47c5-8ad8-d86b2c9e2096@localhost,SuspiciousTitForTat,D,1,1,194,194
187,player_a549a738-25d9-480d-9452-2d295044e2ff@localhost,GrimTrigger,D,player_85460bd7-1920-47c5-8ad8-d86b2c9e2096@localhost,SuspiciousTitForTat,D,1,1,195,195
188,player_a549a738-25d9-480d-9452-2d295044e2ff@localhost,GrimTrigger,D,player_85460bd7-1920-47c5-8ad8-d86b2c9e2096@localhost,SuspiciousTitForTat,D,1,1,196,196
189,player_a549a738-25d9-480d-9452-2d295044e2ff@localhost,GrimTrigger,D,player_85460bd7-1920-47c5-8ad8-d86b2c9e2096@localhost,SuspiciousTitForTat,D,1,1,197,197
190,player_a549a738-25d9-480d-9452-2d295044e2ff@localhost,GrimTrigger,D,player_85460bd7-1920-47c5-8ad8-d86b2c9e2096@localhost,SuspiciousTitForTat,D,1,1,198,198
191,player_a549a738-25d9-480d-9452-2d295044e2ff@localhost,GrimTrigger,D,player_85460bd7-1920-47c5-8ad8-d86b2c9e2096@localhost,SuspiciousTitForTat,D,1,1,199,199
192,player_a549a738-25d9-480d-9452-2d295044e2ff@localhost,GrimTrigger,D,player_85460bd7-1920-47c5-8ad8-d86b2c9e2096@localhost,SuspiciousTitForTat,D,1,1,200,200
193,player_a549a738-25d9-480d-9452-2d295044e2ff@localhost,GrimTrigger,D,player_85460bd7-1920-47c5-8ad8-d86b2c9e2096@localhost,SuspiciousTitForTat,D,1,1,201,201
194,player_a549a738-25d9-480d-9452-2d295044e2ff@localhost,GrimTrigger,D,player_85460bd7-1920-47c5-8ad8-d86b2c9e2096@localhost,SuspiciousTitForTat,D,1,1,202,202
195,player_a549a738-25d9-480d-9452-2d295044e2ff@localhost,GrimTrigger,D,player_85460bd7-1920-47c5-8ad8-d86b2c9e2096@localhost,SuspiciousTitForTat,D,1,1,203,203
196,player_a549a738-25d9-480d-9452-2d295044e2ff@localhost,GrimTrigger,D,player_85460bd7-1920-47c5-8ad8-d86b2c9e2096@localhost,SuspiciousTitForTat,D,1,1,204,204
197,player_a549a738-25d9-480d-9452-2d295044e2ff@localhost,GrimTrigger,D,player_85460bd7-1920-47c5-8ad8-d86b2c9e2096@localhost,SuspiciousTitForTat,D,1,1,205,205
198,player_a549a738-25d9-480d-9452-2d295044e2ff@localhost,GrimTrigger,D,player_85460bd7-1920-47c5-8ad8-d86b2c9e2096@localhost,SuspiciousTitForTat,D,1,1,206,206
199,player_a549a738-25d9-480d-9452-2d295044e2ff@localhost,GrimTrigger,D,player_85460bd7-1920-47c5-8ad8-d86b2c9e2096@localhost,SuspiciousTitForTat,D,1,1,207,207
200,player_a549a738-25d9-480d-9452-2d295044e2ff@localhost,GrimTrigger,D,player_85460bd7-1920-47c5-8ad8-d86b2c9e2096@localhost,SuspiciousTitForTat,D,1,1,208,208
201,player_a549a738-25d9-480d-9452-2d295044e2ff@localhost,GrimTrigger,D,player_85460bd7-1920-47c5-8ad8-d86b2c9e2096@localhost,SuspiciousTitForTat,D,1,1,209,209
202,player_a549a738-25d9-480d-9452-2d295044e2ff@localhost,GrimTrigger,D,player_85460bd7-1920-47c5-8ad8-d86b2c9e2096@localhost,SuspiciousTitForTat,D,1,1,210,210
203,player_a549a738-25d9-480d-9452-2d295044e2ff@localhost,GrimTrigger,D,player_85460bd7-1920-47c5-8ad8-d86b2c9e2096@localhost,SuspiciousTitForTat,D,1,1,211,211
204,player_a549a738-25d9-480d-9452-2d295044e2ff@localhost,GrimTrigger,D,player_85460bd7-1920-47c5-8ad8-d86b2c9e2096@localhost,SuspiciousTitForTat,D,1,1,212,212
205,player_a549a738-25d9-480d-9452-2d295044e2ff@localhost,GrimTrigger,D,player_85460bd7-1920-47c5-8ad8-d86b2c9e2096@localhost,SuspiciousTitForTat,D,1,1,213,213
206,player_a549a738-25d9-480d-9452-2d295044e2ff@localhost,GrimTrigger,D,player_85460bd7-1920-47c5-8ad8-d86b2c9e2096@localhost,SuspiciousTitForTat,D,1,1,214,214
207,player_a549a738-25d9-480d-9452-2d295044e2ff@localhost,GrimTrigger,D,player_85460bd7-1920-47c5-8ad8-d86b2c9e2096@localhost,SuspiciousTitForTat,D,1,1,215,215
208,player_a549a738-25d9-480d-9452-2d295044e2ff@localhost,GrimTrigger,D,player_85460bd7-1920-47c5-8ad8-d86b2c9e2096@localhost,SuspiciousTitForTat,D,1,1,216,216
209,player_a549a738-25d9-480d-9452-2d295044e2ff@localhost,GrimTrigger,D,player_85460bd7-1920-47c5-8ad8-d86b2c9e2096@localhost,SuspiciousTitForTat,D,1,1,217,217
210,player_a549a738-25d9-480d-9452-2d295044e2ff@localhost,GrimTrigger,D,player_85460bd7-1920-47c5-8ad8-d86b2c9e2096@localhost,SuspiciousTitForTat,D,1,1,218,218
211,player_a549a738-25d9-480d-9452-2d295044e2ff@localhost,GrimTrigger,D,player_85460bd7-1920-47c5-8ad8-d86b2c9e2096@localhost,SuspiciousTitForTat,D,1,1,219,219
212,player_a549a738-25d9-480d-9452-2d295044e2ff@localhost,GrimTrigger,D,player_85460bd7-1920-47c5-8ad8-d86b2c9e2096@localhost,SuspiciousTitForTat,D,1,1,220,220
213,player_a549a738-25d9-480d-9452-2d295044e2ff@localhost,GrimTrigger,D,player_85460bd7-1920-47c5-8ad8-d86b2c9e2096@localhost,SuspiciousTitForTat,D,1,1,221,221
214,player_a549a738-25d9-480d-9452-2d295044e2ff@localhost,GrimTrigger,D,player_85460bd7-1920-47c5-8ad8-d86b2c9e2096@localhost,SuspiciousTitForTat,D,1,1,222,222
215,player_a549a738-25d9-480d-9452-2d295044e2ff@localhost,GrimTrigger,D,player_85460bd7-1920-47c5-8ad8-d86b2c9e2096@localhost,SuspiciousTitForTat,D,1,1,223,223
216,player_a549a738-25d9-480d-9452-2d295044e2ff@localhost,GrimTrigger,D,player_85460bd7-1920-47c5-8ad8-d86b2c9e2096@localhost,SuspiciousTitForTat,D,1,1,224,224
217,player_a549a738-25d9-480d-9452-2d295044e2ff@localhost,GrimTrigger,D,player_85460bd7-1920-47c5-8ad8-d86b2c9e2096@localhost,SuspiciousTitForTat,D,1,1,225,225
218,player_a549a738-25d9-480d-9452-2d295044e2ff@localhost,GrimTrigger,D,player_85460bd7-1920-47c5-8ad8-d86b2c9e2096@localhost,SuspiciousTitForTat,D,1,1,226,226
219,player_a549a738-25d9-480d-9452-2d295044e2ff@localhost,GrimTrigger,D,player_85460bd7-1920-47c5-8ad8-d86b2c9e2096@localhost,SuspiciousTitForTat,D,1,1,227,227
220,player_a549a738-25d9-480d-9452-2d295044e2ff@localhost,GrimTrigger,D,player_85460bd7-1920-47c5-8ad8-d86b2c9e2096@localhost,SuspiciousTitForTat,D,1,1,228,228
221,player_a549a738-25d9-480d-9452-2d295044e2ff@localhost,GrimTrigger,D,player_85460bd7-1920-47c5-8ad8-d86b2c9e2096@localhost,SuspiciousTitForTat,D,1,1,229,229
222,player_a549a738-25d9-480d-9452-2d295044e2ff@localhost,GrimTrigger,D,player_85460bd7-1920-47c5-8ad8-d86b2c9e2096@localhost,SuspiciousTitForTat,D,1,1,230,230
223,player_a549a738-25d9-480d-9452-2d295044e2ff@localhost,GrimTrigger,D,player_85460bd7-1920-47c5-8ad8-d86b2c9e2096@localhost,SuspiciousTitForTat,D,1,1,231,231
224,player_a549a738-25d9-480d-9452-2d295044e2ff@localhost,GrimTrigger,D,player_85460bd7-1920-47c5-8ad8-d86b2c9e2096@localhost,SuspiciousTitForTat,D,1,1,232,232
225,player_a549a738-25d9-480d-9452-2d295044e2ff@localhost,GrimTrigger,D,player_85460bd7-1920-47c5-8ad8-d86b2c9e2096@localhost,SuspiciousTitForTat,D,1,1,233,233
226,player_a549a738-25d9-480d-9452-2d295044e2ff@localhost,GrimTrigger,D,player_85460bd7-1920-47c5-8ad8-d86b2c9e2096@localhost,SuspiciousTitForTat,D,1,1,234,234
227,player_a549a738-25d9-480d-9452-2d295044e2ff@localhost,GrimTrigger,D,player_85460bd7-1920-47c5-8ad8-d86b2c9e2096@localhost,SuspiciousTitForTat,D,1,1,235,235
228,player_a549a738-25d9-480d-9452-2d295044e2ff@localhost,GrimTrigger,D,player_85460bd7-1920-47c5-8ad8-d86b2c9e2096@localhost,SuspiciousTitForTat,D,1,1,236,236
229,player_a549a738-25d9-480d-9452-2d295044e2ff@localhost,GrimTrigger,D,player_85460bd7-1920-47c5-8ad8-d86b2c9e2096@localhost,SuspiciousTitForTat,D,1,1,237,237
230,player_a549a738-25d9-480d-9452-2d295044e2ff@localhost,GrimTrigger,D,player_85460bd7-1920-47c5-8ad8-d86b2c9e2096@localhost,SuspiciousTitForTat,D,1,1,238,238
231,player_a549a738-25d9-480d-9452-2d295044e2ff@localhost,GrimTrigger,D,player_85460bd7-1920-47c5-8ad8-d86b2c9e2096@localhost,SuspiciousTitForTat,D,1,1,239,239
232,player_a549a738-25d9-480d-9452-2d295044e2ff@localhost,GrimTrigger,D,player_85460bd7-1920-47c5-8ad8-d86b2c9e2096@localhost,SuspiciousTitForTat,D,1,1,240,240
233,player_a549a738-25d9-480d-9452-2d295044e2ff@localhost,GrimTrigger,D,player_85460bd7-1920-47c5-8ad8-d86b2c9e2096@localhost,SuspiciousTitForTat,D,1,1,241,241
234,player_a549a738-25d9-480d-9452-2d295044e2ff@localhost,GrimTrigger,D,player_85460bd7-1920-47c5-8ad8-d86b2c9e2096@localhost,SuspiciousTitForTat,D,1,1,242,242
235,player_a549a738-25d9-480d-9452-2d295044e2ff@localhost,GrimTrigger,D,player_85460bd7-1920-47c5-8ad8-d86b2c9e2096@localhost,SuspiciousTitForTat,D,1,1,243,243
236,player_a549a738-25d9-480d-9452-2d295044e2ff@localhost,GrimTrigger,D,player_85460bd7-1920-47c5-8ad8-d86b2c9e2096@localhost,SuspiciousTitForTat,D,1,1,244,244
237,player_a549a738-25d9-480d-9452-2d295044e2ff@localhost,GrimTrigger,D,player_85460bd7-1920-47c5-8ad8-d86b2c9e2096@localhost,SuspiciousTitForTat,D,1,1,245,245
238,player_a549a738-25d9-480d-9452-2d295044e2ff@localhost,GrimTrigger,D,player_85460bd7-1920-47c5-8ad8-d86b2c9e2096@localhost,SuspiciousTitForTat,D,1,1,246,246
239,player_a549a738-25d9-480d-9452-2d295044e2ff@localhost,GrimTrigger,D,player_85460bd7-1920-47c5-8ad8-d86b2c9e2096@localhost,SuspiciousTitForTat,D,1,1,247,247
240,player_a549a738-25d9-480d-9452-2d295044e2ff@localhost,GrimTrigger,D,player_85460bd7-1920-47c5-8ad8-d86b2c9e2096@localhost,SuspiciousTitForTat,D,1,1,248,248
241,player_a549a738-25d9-480d-9452-2d295044e2ff@localhost,GrimTrigger,D,player_85460bd7-1920-47c5-8ad8-d86b2c9e2096@localhost,SuspiciousTitForTat,D,1,1,249,249
242,player_a549a738-25d9-480d-9452-2d295044e2ff@localhost,GrimTrigger,D,player_85460bd7-1920-47c5-8ad8-d86b2c9e2096@localhost,SuspiciousTitForTat,D,1,1,250,250
243,player_a549a738-25d9-480d-9452-2d295044e2ff@localhost,GrimTrigger,D,player_85460bd7-1920-47c5-8ad8-d86b2c9e2096@localhost,SuspiciousTitForTat,D,1,1,251,251
244,player_a549a738-25d9-480d-9452-2d295044e2ff@localhost,GrimTrigger,D,player_85460bd7-1920-47c5-8ad8-d86b2c9e2096@localhost,SuspiciousTitForTat,D,1,1,252,252
245,player_a549a738-25d9-480d-9452-2d295044e2ff@localhost,GrimTrigger,D,player_85460bd7-1920-47c5-8ad8-d86b2c9e2096@localhost,SuspiciousTitForTat,D,1,1,253,253
246,player_a549a738-25d9-480d-9452-2d295044e2ff@localhost,GrimTrigger,D,player_85460bd7-1920-47c5-8ad8-d86b2c9e2096@localhost,SuspiciousTitForTat,D,1,1,254,254
247,player_a549a738-25d9-480d-9452-2d295044e2ff@localhost,GrimTrigger,D,player_85460bd7-1920-47c5-8ad8-d86b2c9e2096@localhost,SuspiciousTitForTat,D,1,1,255,255
248,player_a549a738-25d9-480d-9452-2d295044e2ff@localhost,GrimTrigger,D,player_85460bd7-1920-47c5-8ad8-d86b2c9e2096@localhost,SuspiciousTitForTat,D,1,1,256,256
249,player_a549a738-25d9-480d-9452-2d295044e2ff@localhost,GrimTrigger,D,player_85460bd7-1920-47c5-8ad8-d86b2c9e2096@localhost,SuspiciousTitForTat,D,1,1,257,257
250,player_a549a738-25d9-480d-9452-2d295044e2ff@localhost,GrimTrigger,D,player_85460bd7-1920-47c5-8ad8-d86b2c9e2096@localhost,SuspiciousTitForTat,D,1,1,258,258
251,player_a549a738-25d9-480d-9452-2d295044e2ff@localhost,GrimTrigger,D,player_85460bd7-1920-47c5-8ad8-d86b2c9e2096@localhost,SuspiciousTitForTat,D,1,1,259,259
252,player_a549a738-25d9-480d-9452-2d295044e2ff@localhost,GrimTrigger,D,player_85460bd7-1920-47c5-8ad8-d86b2c9e2096@localhost,SuspiciousTitForTat,D,1,1,260,260
253,player_a549a738-25d9-480d-9452-2d295044e2ff@localhost,GrimTrigger,D,player_85460bd7-1920-47c5-8ad8-d86b2c9e2096@localhost,SuspiciousTitForTat,D,1,1,261,261
254,player_a549a738-25d9-480d-9452-2d295044e2ff@localhost,GrimTrigger,D,player_85460bd7-1920-47c5-8ad8-d86b2c9e2096@localhost,SuspiciousTitForTat,D,1,1,262,262
255,player_a549a738-25d9-480d-9452-2d295044e2ff@localhost,GrimTrigger,D,player_85460bd7-1920-47c5-8ad8-d86b2c9e2096@localhost,SuspiciousTitForTat,D,1,1,263,263
256,player_a549a738-25d9-480d-9452-2d295044e2ff@localhost,GrimTrigger,D,player_85460bd7-1920-47c5-8ad8-d86b2c9e2096@localhost,SuspiciousTitForTat,D,1,1,264,264
257,player_a549a738-25d9-480d-9452-2d295044e2ff@localhost,GrimTrigger,D,player_85460bd7-1920-47c5-8ad8-d86b2c9e2096@localhost,SuspiciousTitForTat,D,1,1,265,265
258,player_a549a738-25d9-480d-9452-2d295044e2ff@localhost,GrimTrigger,D,player_85460bd7-1920-47c5-8ad8-d86b2c9e2096@localhost,SuspiciousTitForTat,D,1,1,266,266
259,player_a549a738-25d9-480d-9452-2d295044e2ff@localhost,GrimTrigger,D,player_85460bd7-1920-47c5-8ad8-d86b2c9e2096@localhost,SuspiciousTitForTat,D,1,1,267,267
260,player_a549a738-25d9-480d-9452-2d295044e2ff@localhost,GrimTrigger,D,player_85460bd7-1920-47c5-8ad8-d86b2c9e2096@localhost,SuspiciousTitForTat,D,1,1,268,268
261,player_a549a738-25d9-480d-9452-2d295044e2ff@localhost,GrimTrigger,D,player_85460bd7-1920-47c5-8ad8-d86b2c9e2096@localhost,SuspiciousTitForTat,D,1,1,269,269
262,player_a549a738-25d9-480d-9452-2d295044e2ff@localhost,GrimTrigger,D,player_85460bd7-1920-47c5-8ad8-d86b2c9e2096@localhost,SuspiciousTitForTat,D,1,1,270,270
263,player_a549a738-25d9-480d-9452-2d295044e2ff@localhost,GrimTrigger,D,player_85460bd7-1920-47c5-8ad8-d86b2c9e2096@localhost,SuspiciousTitForTat,D,1,1,271,271
264,player_a549a738-25d9-480d-9452-2d295044e2ff@localhost,GrimTrigger,D,player_85460bd7-1920-47c5-8ad8-d86b2c9e2096@localhost,SuspiciousTitForTat,D,1,1,272,272
265,player_a549a738-25d9-480d-9452-2d295044e2ff@localhost,GrimTrigger,D,player_85460bd7-1920-47c5-8ad8-d86b2c9e2096@localhost,SuspiciousTitForTat,D,1,1,273,273
266,player_a549a738-25d9-480d-9452-2d295044e2ff@localhost,GrimTrigger,D,player_85460bd7-1920-47c5-8ad8-d86b2c9e2096@localhost,SuspiciousTitForTat,D,1,1,274,274
267,player_a549a738-25d9-480d-9452-2d295044e2ff@localhost,GrimTrigger,D,player_85460bd7-1920-47c5-8ad8-d86b2c9e2096@localhost,SuspiciousTitForTat,D,1,1,275,275
268,player_a549a738-25d9-480d-9452-2d295044e2ff@localhost,GrimTrigger,D,player_85460bd7-1920-47c5-8ad8-d86b2c9e2096@localhost,SuspiciousTitForTat,D,1,1,276,276
269,player_a549a738-25d9-480d-9452-2d295044e2ff@localhost,GrimTrigger,D,player_85460bd7-1920-47c5-8ad8-d86b2c9e2096@localhost,SuspiciousTitForTat,D,1,1,277,277
270,player_a549a738-25d9-480d-9452-2d295044e2ff@localhost,GrimTrigger,D,player_85460bd7-1920-47c5-8ad8-d86b2c9e2096@localhost,SuspiciousTitForTat,D,1,1,278,278
271,player_a549a738-25d9-480d-9452-2d295044e2ff@localhost,GrimTrigger,D,player_85460bd7-1920-47c5-8ad8-d86b2c9e2096@localhost,SuspiciousTitForTat,D,1,1,279,279
272,player_a549a738-25d9-480d-9452-2d295044e2ff@localhost,GrimTrigger,D,player_85460bd7-1920-47c5-8ad8-d86b2c9e2096@localhost,SuspiciousTitForTat,D,1,1,280,280
273,player_a549a738-25d9-480d-9452-2d295044e2ff@localhost,GrimTrigger,D,player_85460bd7-1920-47c5-8ad8-d86b2c9e2096@localhost,SuspiciousTitForTat,D,1,1,281,281
274,player_a549a738-25d9-480d-9452-2d295044e2ff@localhost,GrimTrigger,D,player_85460bd7-1920-47c5-8ad8-d86b2c9e2096@localhost,SuspiciousTitForTat,D,1,1,282,282
275,player_a549a738-25d9-480d-9452-2d295044e2ff@localhost,GrimTrigger,D,player_85460bd7-1920-47c5-8ad8-d86b2c9e2096@localhost,SuspiciousTitForTat,D,1,1,283,283
276,player_a549a738-25d9-480d-9452-2d295044e2ff@localhost,GrimTrigger,D,player_85460bd7-1920-47c5-8ad8-d86b2c9e2096@localhost,SuspiciousTitForTat,D,1,1,284,284
277,player_a549a738-25d9-480d-9452-2d295044e2ff@localhost,GrimTrigger,D,player_85460bd7-1920-47c5-8ad8-d86b2c9e2096@localhost,SuspiciousTitForTat,D,1,1,285,285
278,player_a549a738-25d9-480d-9452-2d295044e2ff@localhost,GrimTrigger,D,player_85460bd7-1920-47c5-8ad8-d86b2c9e2096@localhost,SuspiciousTitForTat,D,1,1,286,286
279,player_a549a738-25d9-480d-9452-2d295044e2ff@localhost,GrimTrigger,D,player_85460bd7-1920-47c5-8ad8-d86b2c9e2096@localhost,SuspiciousTitForTat,D,1,1,287,287
280,player_a549a738-25d9-480d-9452-2d295044e2ff@localhost,GrimTrigger,D,player_85460bd7-1920-47c5-8ad8-d86b2c9e2096@localhost,SuspiciousTitForTat,D,1,1,288,288
281,player_a549a738-25d9-480d-9452-2d295044e2ff@localhost,GrimTrigger,D,player_85460bd7-1920-47c5-8ad8-d86b2c9e2096@localhost,SuspiciousTitForTat,D,1,1,289,289
282,player_a549a738-25d9-480d-9452-2d295044e2ff@localhost,GrimTrigger,D,player_85460bd7-1920-47c5-8ad8-d86b2c9e2096@localhost,SuspiciousTitForTat,D,1,1,290,290
283,player_a549a738-25d9-480d-9452-2d295044e2ff@localhost,GrimTrigger,D,player_85460bd7-1920-47c5-8ad8-d86b2c9e2096@localhost,SuspiciousTitForTat,D,1,1,291,291
284,player_a549a738-25d9-480d-9452-2d295044e2ff@localhost,GrimTrigger,D,player_85460bd7-1920-47c5-8ad8-d86b2c9e2096@localhost,SuspiciousTitForTat,D,1,1,292,292
285,player_a549a738-25d9-480d-9452-2d295044e2ff@localhost,GrimTrigger,D,player_85460bd7-1920-47c5-8ad8-d86b2c9e2096@localhost,SuspiciousTitForTat,D,1,1,293,293
286,player_a549a738-25d9-480d-9452-2d295044e2ff@localhost,GrimTrigger,D,player_85460bd7-1920-47c5-8ad8-d86b2c9e2096@localhost,SuspiciousTitForTat,D,1,1,294,294
287,player_a549a738-25d9-480d-9452-2d295044e2ff@localhost,GrimTrigger,D,player_85460bd7-1920-47c5-8ad8-d86b2c9e2096@localhost,SuspiciousTitForTat,D,1,1,295,295
288,player_a549a738-25d9-480d-9452-2d295044e2ff@localhost,GrimTrigger,D,player_85460bd7-1920-47c5-8ad8-d86b2c9e2096@localhost,SuspiciousTitForTat,D,1,1,296,296
289,player_a549a738-25d9-480d-9452-2d295044e2ff@localhost,GrimTrigger,D,player_85460bd7-1920-47c5-8ad8-d86b2c9e2096@localhost,SuspiciousTitForTat,D,1,1,297,297
290,player_a549a738-25d9-480d-9452-2d295044e2ff@localhost,GrimTrigger,D,player_85460bd7-1920-47c5-8ad8-d86b2c9e2096@localhost,SuspiciousTitForTat,D,1,1,298,298
291,player_a549a738-25d9-480d-9452-2d295044e2ff@localhost,GrimTrigger,D,player_85460bd7-1920-47c5-8ad8-d86b2c9e2096@localhost,SuspiciousTitForTat,D,1,1,299,299
292,player_a549a738-25d9-480d-9452-2d295044e2ff@localhost,GrimTrigger,D,player_85460bd7-1920-47c5-8ad8-d86b2c9e2096@localhost,SuspiciousTitForTat,D,1,1,300,300
293,player_a549a738-25d9-480d-9452-2d295044e2ff@localhost,GrimTrigger,D,player_85460bd7-1920-47c5-8ad8-d86b2c9e2096@localhost,SuspiciousTitForTat,D,1,1,301,301
294,player_a549a738-25d9-480d-9452-2d295044e2ff@localhost,GrimTrigger,D,player_85460bd7-1920-47c5-8ad8-d86b2c9e2096@localhost,SuspiciousTitForTat,D,1,1,302,302
295,player_a549a738-25d9-480d-9452-2d295044e2ff@localhost,GrimTrigger,D,player_85460bd7-1920-47c5-8ad8-d86b2c9e2096@localhost,SuspiciousTitForTat,D,1,1,303,303
296,player_a549a738-25d9-480d-9452-2d295044e2ff@localhost,GrimTrigger,D,player_85460bd7-1920-47c5-8ad8-d86b2c9e2096@localhost,SuspiciousTitForTat,D,1,1,304,304
297,player_a549a738-25d9-480d-9452-2d295044e2ff@localhost,GrimTrigger,D,player_85460bd7-1920-47c5-8ad8-d86b2c9e2096@localhost,SuspiciousTitForTat,D,1,1,305,305
298,player_a549a738-25d9-480d-9452-2d295044e2ff@localhost,GrimTrigger,D,player_85460bd7-1920-47c5-8ad8-d86b2c9e2096@localhost,SuspiciousTitForTat,D,1,1,306,306
299,player_a549a738-25d9-480d-9452-2d295044e2ff@localhost,GrimTrigger,D,player_85460bd7-1920-47c5-8ad8-d86b2c9e2096@localhost,SuspiciousTitForTat,D,1,1,307,307
300,player_a549a738-25d9-480d-9452-2d295044e2ff@localhost,GrimTrigger,D,player_85460bd7-1920-47c5-8ad8-d86b2c9e2096@localhost,SuspiciousTitForTat,D,1,1,308,308
301,player_a549a738-25d9-480d-9452-2d295044e2ff@localhost,GrimTrigger,D,player_85460bd7-1920-47c5-8ad8-d86b2c9e2096@localhost,SuspiciousTitForTat,D,1,1,309,309
302,player_a549a738-25d9-480d-9452-2d295044e2ff@localhost,GrimTrigger,D,player_85460bd7-1920-47c5-8ad8-d86b2c9e2096@localhost,SuspiciousTitForTat,D,1,1,310,310
303,player_a549a738-25d9-480d-9452-2d295044e2ff@localhost,GrimTrigger,D,player_85460bd7-1920-47c5-8ad8-d86b2c9e2096@localhost,SuspiciousTitForTat,D,1,1,311,311
304,player_a549a738-25d9-480d-9452-2d295044e2ff@localhost,GrimTrigger,D,player_85460bd7-1920-47c5-8ad8-d86b2c9e2096@localhost,SuspiciousTitForTat,D,1,1,312,312
305,player_a549a738-25d9-480d-9452-2d295044e2ff@localhost,GrimTrigger,D,player_85460bd7-1920-47c5-8ad8-d86b2c9e2096@localhost,SuspiciousTitForTat,D,1,1,313,313
306,player_a549a738-25d9-480d-9452-2d295044e2ff@localhost,GrimTrigger,D,player_85460bd7-1920-47c5-8ad8-d86b2c9e2096@localhost,SuspiciousTitForTat,D,1,1,314,314
307,player_a549a738-25d9-480d-9452-2d295044e2ff@localhost,GrimTrigger,D,player_85460bd7-1920-47c5-8ad8-d86b2c9e2096@localhost,SuspiciousTitForTat,D,1,1,315,315
308,player_a549a738-25d9-480d-9452-2d295044e2ff@localhost,GrimTrigger,D,player_85460bd7-1920-47c5-8ad8-d86b2c9e2096@localhost,SuspiciousTitForTat,D,1,1,316,316
309,player_a549a738-25d9-480d-9452-2d295044e2ff@localhost,GrimTrigger,D,player_85460bd7-1920-47c5-8ad8-d86b2c9e2096@localhost,SuspiciousTitForTat,D,1,1,317,317
310,player_a549a738-25d9-480d-9452-2d295044e2ff@localhost,GrimTrigger,D,player_85460bd7-1920-47c5-8ad8-d86b2c9e2096@localhost,SuspiciousTitForTat,D,1,1,318,318
311,player_a549a738-25d9-480d-9452-2d295044e2ff@localhost,GrimTrigger,D,player_85460bd7-1920-47c5-8ad8-d86b2c9e2096@localhost,SuspiciousTitForTat,D,1,1,319,319
312,player_a549a738-25d9-480d-9452-2d295044e2ff@localhost,GrimTrigger,D,player_85460bd7-1920-47c5-8ad8-d86b2c9e2096@localhost,SuspiciousTitForTat,D,1,1,320,320
313,player_a549a738-25d9-480d-9452-2d295044e2ff@localhost,GrimTrigger,D,player_85460bd7-1920-47c5-8ad8-d86b2c9e2096@localhost,SuspiciousTitForTat,D,1,1,321,321
314,player_a549a738-25d9-480d-9452-2d295044e2ff@localhost,GrimTrigger,D,player_85460bd7-1920-47c5-8ad8-d86b2c9e2096@localhost,SuspiciousTitForTat,D,1,1,322,322
315,player_a549a738-25d9-480d-9452-2d295044e2ff@localhost,GrimTrigger,D,player_85460bd7-1920-47c5-8ad8-d86b2c9e2096@localhost,SuspiciousTitForTat,D,1,1,323,323
316,player_a549a738-25d9-480d-9452-2d295044e2ff@localhost,GrimTrigger,D,player_85460bd7-1920-47c5-8ad8-d86b2c9e2096@localhost,SuspiciousTitForTat,D,1,1,324,324
317,player_a549a738-25d9-480d-9452-2d295044e2ff@localhost,GrimTrigger,D,player_85460bd7-1920-47c5-8ad8-d86b2c9e2096@localhost,SuspiciousTitForTat,D,1,1,325,325
318,player_a549a738-25d9-480d-9452-2d295044e2ff@localhost,GrimTrigger,D,player_85460bd7-1920-47c5-8ad8-d86b2c9e2096@localhost,SuspiciousTitForTat,D,1,1,326,326
319,player_a549a738-25d9-480d-9452-2d295044e2ff@localhost,GrimTrigger,D,player_85460bd7-1920-47c5-8ad8-d86b2c9e2096@localhost,SuspiciousTitForTat,D,1,1,327,327
320,player_a549a738-25d9-480d-9452-2d295044e2ff@localhost,GrimTrigger,D,player_85460bd7-1920-47c5-8ad8-d86b2c9e2096@localhost,SuspiciousTitForTat,D,1,1,328,328
321,player_a549a738-25d9-480d-9452-2d295044e2ff@localhost,GrimTrigger,D,player_85460bd7-1920-47c5-8ad8-d86b2c9e2096@localhost,SuspiciousTitForTat,D,1,1,329,329
322,player_a549a738-25d9-480d-9452-2d295044e2ff@localhost,GrimTrigger,D,player_85460bd7-1920-47c5-8ad8-d86b2c9e2096@localhost,SuspiciousTitForTat,D,1,1,330,330
323,player_a549a738-25d9-480d-9452-2d295044e2ff@localhost,GrimTrigger,D,player_85460bd7-1920-47c5-8ad8-d86b2c9e2096@localhost,SuspiciousTitForTat,D,1,1,331,331
324,player_a549a738-25d9-480d-9452-2d295044e2ff@localhost,GrimTrigger,D,player_85460bd7-1920-47c5-8ad8-d86b2c9e2096@localhost,SuspiciousTitForTat,D,1,1,332,332
325,player_a549a738-25d9-480d-9452-2d295044e2ff@localhost,GrimTrigger,D,player_85460bd7-1920-47c5-8ad8-d86b2c9e2096@localhost,SuspiciousTitForTat,D,1,1,333,333
326,player_a549a738-25d9-480d-9452-2d295044e2ff@localhost,GrimTrigger,D,player_85460bd7-1920-47c5-8ad8-d86b2c9e2096@localhost,SuspiciousTitForTat,D,1,1,334,334
327,player_a549a738-25d9-480d-9452-2d295044e2ff@localhost,GrimTrigger,D,player_85460bd7-1920-47c5-8ad8-d86b2c9e2096@localhost,SuspiciousTitForTat,D,1,1,335,335
328,player_a549a738-25d9-480d-9452-2d295044e2ff@localhost,GrimTrigger,D,player_85460bd7-1920-47c5-8ad8-d86b2c9e2096@localhost,SuspiciousTitForTat,D,1,1,336,336
329,player_a549a738-25d9-480d-9452-2d295044e2ff@localhost,GrimTrigger,D,player_85460bd7-1920-47c5-8ad8-d86b2c9e2096@localhost,SuspiciousTitForTat,D,1,1,337,337
330,player_a549a738-25d9-480d-9452-2d295044e2ff@localhost,GrimTrigger,D,player_85460bd7-1920-47c5-8ad8-d86b2c9e2096@localhost,SuspiciousTitForTat,D,1,1,338,338
331,player_a549a738-25d9-480d-9452-2d295044e2ff@localhost,GrimTrigger,D,player_85460bd7-1920-47c5-8ad8-d86b2c9e2096@localhost,SuspiciousTitForTat,D,1,1,339,339
332,player_a549a738-25d9-480d-9452-2d295044e2ff@localhost,GrimTrigger,D,player_85460bd7-1920-47c5-8ad8-d86b2c9e2096@localhost,SuspiciousTitForTat,D,1,1,340,340
333,player_a549a738-25d9-480d-9452-2d295044e2ff@localhost,GrimTrigger,D,player_85460bd7-1920-47c5-8ad8-d86b2c9e2096@localhost,SuspiciousTitForTat,D,1,1,341,341
334,player_a549a738-25d9-480d-9452-2d295044e2ff@localhost,GrimTrigger,D,player_85460bd7-1920-47c5-8ad8-d86b2c9e2096@localhost,SuspiciousTitForTat,D,1,1,342,342
335,player_a549a738-25d9-480d-9452-2d295044e2ff@localhost,GrimTrigger,D,player_85460bd7-1920-47c5-8ad8-d86b2c9e2096@localhost,SuspiciousTitForTat,D,1,1,343,343
336,player_a549a738-25d9-480d-9452-2d295044e2ff@localhost,GrimTrigger,D,player_85460bd7-1920-47c5-8ad8-d86b2c9e2096@localhost,SuspiciousTitForTat,D,1,1,344,344
337,player_a549a738-25d9-480d-9452-2d295044e2ff@localhost,GrimTrigger,D,player_85460bd7-1920-47c5-8ad8-d86b2c9e2096@localhost,SuspiciousTitForTat,D,1,1,345,345
338,player_a549a738-25d9-480d-9452-2d295044e2ff@localhost,GrimTrigger,D,player_85460bd7-1920-47c5-8ad8-d86b2c9e2096@localhost,SuspiciousTitForTat,D,1,1,346,346
339,player_a549a738-25d9-480d-9452-2d295044e2ff@localhost,GrimTrigger,D,player_85460bd7-1920-47c5-8ad8-d86b2c9e2096@localhost,SuspiciousTitForTat,D,1,1,347,347
340,player_a549a738-25d9-480d-9452-2d295044e2ff@localhost,GrimTrigger,D,player_85460bd7-1920-47c5-8ad8-d86b2c9e2096@localhost,SuspiciousTitForTat,D,1,1,348,348
341,player_a549a738-25d9-480d-9452-2d295044e2ff@localhost,GrimTrigger,D,player_85460bd7-1920-47c5-8ad8-d86b2c9e2096@localhost,SuspiciousTitForTat,D,1,1,349,349
342,player_a549a738-25d9-480d-9452-2d295044e2ff@localhost,GrimTrigger,D,player_85460bd7-1920-47c5-8ad8-d86b2c9e2096@localhost,SuspiciousTitForTat,D,1,1,350,350
343,player_a549a738-25d9-480d-9452-2d295044e2ff@localhost,GrimTrigger,D,player_85460bd7-1920-47c5-8ad8-d86b2c9e2096@localhost,SuspiciousTitForTat,D,1,1,351,351
344,player_a549a738-25d9-480d-9452-2d295044e2ff@localhost,GrimTrigger,D,player_85460bd7-1920-47c5-8ad8-d86b2c9e2096@localhost,SuspiciousTitForTat,D,1,1,352,352
345,player_a549a738-25d9-480d-9452-2d295044e2ff@localhost,GrimTrigger,D,player_85460bd7-1920-47c5-8ad8-d86b2c9e2096@localhost,SuspiciousTitForTat,D,1,1,353,353
346,player_a549a738-25d9-480d-9452-2d295044e2ff@localhost,GrimTrigger,D,player_85460bd7-1920-47c5-8ad8-d86b2c9e2096@localhost,SuspiciousTitForTat,D,1,1,354,354
347,player_a549a738-25d9-480d-9452-2d295044e2ff@localhost,GrimTrigger,D,player_85460bd7-1920-47c5-8ad8-d86b2c9e2096@localhost,SuspiciousTitForTat,D,1,1,355,355
348,player_a549a738-25d9-480d-9452-2d295044e2ff@localhost,GrimTrigger,D,player_85460bd7-1920-47c5-8ad8-d86b2c9e2096@localhost,SuspiciousTitForTat,D,1,1,356,356
349,player_a549a738-25d9-480d-9452-2d295044e2ff@localhost,GrimTrigger,D,player_85460bd7-1920-47c5-8ad8-d86b2c9e2096@localhost,SuspiciousTitForTat,D,1,1,357,357
350,player_a549a738-25d9-480d-9452-2d295044e2ff@localhost,GrimTrigger,D,player_85460bd7-1920-47c5-8ad8-d86b2c9e2096@localhost,SuspiciousTitForTat,D,1,1,358,358
351,player_a549a738-25d9-480d-9452-2d295044e2ff@localhost,GrimTrigger,D,player_85460bd7-1920-47c5-8ad8-d86b2c9e2096@localhost,SuspiciousTitForTat,D,1,1,359,359
352,player_a549a738-25d9-480d-9452-2d295044e2ff@localhost,GrimTrigger,D,player_85460bd7-1920-47c5-8ad8-d86b2c9e2096@localhost,SuspiciousTitForTat,D,1,1,360,360
353,player_a549a738-25d9-480d-9452-2d295044e2ff@localhost,GrimTrigger,D,player_85460bd7-1920-47c5-8ad8-d86b2c9e2096@localhost,SuspiciousTitForTat,D,1,1,361,361
354,player_a549a738-25d9-480d-9452-2d295044e2ff@localhost,GrimTrigger,D,player_85460bd7-1920-47c5-8ad8-d86b2c9e2096@localhost,SuspiciousTitForTat,D,1,1,362,362
355,player_a549a738-25d9-480d-9452-2d295044e2ff@localhost,GrimTrigger,D,player_85460bd7-1920-47c5-8ad8-d86b2c9e2096@localhost,SuspiciousTitForTat,D,1,1,363,363
356,player_a549a738-25d9-480d-9452-2d295044e2ff@localhost,GrimTrigger,D,player_85460bd7-1920-47c5-8ad8-d86b2c9e2096@localhost,SuspiciousTitForTat,D,1,1,364,364
357,player_a549a738-25d9-480d-9452-2d295044e2ff@localhost,GrimTrigger,D,player_85460bd7-1920-47c5-8ad8-d86b2c9e2096@localhost,SuspiciousTitForTat,D,1,1,365,365
358,player_a549a738-25d9-480d-9452-2d295044e2ff@localhost,GrimTrigger,D,player_85460bd7-1920-47c5-8ad8-d86b2c9e2096@localhost,SuspiciousTitForTat,D,1,1,366,366
359,player_a549a738-25d9-480d-9452-2d295044e2ff@localhost,GrimTrigger,D,player_85460bd7-1920-47c5-8ad8-d86b2c9e2096@localhost,SuspiciousTitForTat,D,1,1,367,367
360,player_a549a738-25d9-480d-9452-2d295044e2ff@localhost,GrimTrigger,D,player_85460bd7-1920-47c5-8ad8-d86b2c9e2096@localhost,SuspiciousTitForTat,D,1,1,368,368
361,player_a549a738-25d9-480d-9452-2d295044e2ff@localhost,GrimTrigger,D,player_85460bd7-1920-47c5-8ad8-d86b2c9e2096@localhost,SuspiciousTitForTat,D,1,1,369,369
362,player_a549a738-25d9-480d-9452-2d295044e2ff@localhost,GrimTrigger,D,player_85460bd7-1920-47c5-8ad8-d86b2c9e2096@localhost,SuspiciousTitForTat,D,1,1,370,370
363,player_a549a738-25d9-480d-9452-2d295044e2ff@localhost,GrimTrigger,D,player_85460bd7-1920-47c5-8ad8-d86b2c9e2096@localhost,SuspiciousTitForTat,D,1,1,371,371
364,player_a549a738-25d9-480d-9452-2d295044e2ff@localhost,GrimTrigger,D,player_85460bd7-1920-47c5-8ad8-d86b2c9e2096@localhost,SuspiciousTitForTat,D,1,1,372,372
365,player_a549a738-25d9-480d-9452-2d295044e2ff@localhost,GrimTrigger,D,player_85460bd7-1920-47c5-8ad8-d86b2c9e2096@localhost,SuspiciousTitForTat,D,1,1,373,373
366,player_a549a738-25d9-480d-9452-2d295044e2ff@localhost,GrimTrigger,D,player_85460bd7-1920-47c5-8ad8-d86b2c9e2096@localhost,SuspiciousTitForTat,D,1,1,374,374
367,player_a549a738-25d9-480d-9452-2d295044e2ff@localhost,GrimTrigger,D,player_85460bd7-1920-47c5-8ad8-d86b2c9e2096@localhost,SuspiciousTitForTat,D,1,1,375,375
368,player_a549a738-25d9-480d-9452-2d295044e2ff@localhost,GrimTrigger,D,player_85460bd7-1920-47c5-8ad8-d86b2c9e2096@localhost,SuspiciousTitForTat,D,1,1,376,376
369,player_a549a738-25d9-480d-9452-2d295044e2ff@localhost,GrimTrigger,D,player_85460bd7-1920-47c5-8ad8-d86b2c9e2096@localhost,SuspiciousTitForTat,D,1,1,377,377
370,player_a549a738-25d9-480d-9452-2d295044e2ff@localhost,GrimTrigger,D,player_85460bd7-1920-47c5-8ad8-d86b2c9e2096@localhost,SuspiciousTitForTat,D,1,1,378,378
371,player_a549a738-25d9-480d-9452-2d295044e2ff@localhost,GrimTrigger,D,player_85460bd7-1920-47c5-8ad8-d86b2c9e2096@localhost,SuspiciousTitForTat,D,1,1,379,379
372,player_a549a738-25d9-480d-9452-2d295044e2ff@localhost,GrimTrigger,D,player_85460bd7-1920-47c5-8ad8-d86b2c9e2096@localhost,SuspiciousTitForTat,D,1,1,380,380
373,player_a549a738-25d9-480d-9452-2d295044e2ff@localhost,GrimTrigger,D,player_85460bd7-1920-47c5-8ad8-d86b2c9e2096@localhost,SuspiciousTitForTat,D,1,1,381,381
374,player_a549a738-25d9-480d-9452-2d295044e2ff@localhost,GrimTrigger,D,player_85460bd7-1920-47c5-8ad8-d86b2c9e2096@localhost,SuspiciousTitForTat,D,1,1,382,382
375,player_a549a738-25d9-480d-9452-2d295044e2ff@localhost,GrimTrigger,D,player_85460bd7-1920-47c5-8ad8-d86b2c9e2096@localhost,SuspiciousTitForTat,D,1,1,383,383
376,player_a549a738-25d9-480d-9452-2d295044e2ff@localhost,GrimTrigger,D,player_85460bd7-1920-47c5-8ad8-d86b2c9e2096@localhost,SuspiciousTitForTat,D,1,1,384,384
377,player_a549a738-25d9-480d-9452-2d295044e2ff@localhost,GrimTrigger,D,player_85460bd7-1920-47c5-8ad8-d86b2c9e2096@localhost,SuspiciousTitForTat,D,1,1,385,385
378,player_a549a738-25d9-480d-9452-2d295044e2ff@localhost,GrimTrigger,D,player_85460bd7-1920-47c5-8ad8-d86b2c9e2096@localhost,SuspiciousTitForTat,D,1,1,386,386
379,player_a549a738-25d9-480d-9452-2d295044e2ff@localhost,GrimTrigger,D,player_85460bd7-1920-47c5-8ad8-d86b2c9e2096@localhost,SuspiciousTitForTat,D,1,1,387,387
380,player_a549a738-25d9-480d-9452-2d295044e2ff@localhost,GrimTrigger,D,player_85460bd7-1920-47c5-8ad8-d86b2c9e2096@localhost,SuspiciousTitForTat,D,1,1,388,388
381,player_a549a738-25d9-480d-9452-2d295044e2ff@localhost,GrimTrigger,D,player_85460bd7-1920-47c5-8ad8-d86b2c9e2096@localhost,SuspiciousTitForTat,D,1,1,389,389
382,player_a549a738-25d9-480d-9452-2d295044e2ff@localhost,GrimTrigger,D,player_85460bd7-1920-47c5-8ad8-d86b2c9e2096@localhost,SuspiciousTitForTat,D,1,1,390,390
383,player_a549a738-25d9-480d-9452-2d295044e2ff@localhost,GrimTrigger,D,player_85460bd7-1920-47c5-8ad8-d86b2c9e2096@localhost,SuspiciousTitForTat,D,1,1,391,391
384,player_a549a738-25d9-480d-9452-2d295044e2ff@localhost,GrimTrigger,D,player_85460bd7-1920-47c5-8ad8-d86b2c9e2096@localhost,SuspiciousTitForTat,D,1,1,392,392
385,player_a549a738-25d9-480d-9452-2d295044e2ff@localhost,GrimTrigger,D,player_85460bd7-1920-47c5-8ad8-d86b2c9e2096@localhost,SuspiciousTitForTat,D,1,1,393,393
386,player_a549a738-25d9-480d-9452-2d295044e2ff@localhost,GrimTrigger,D,player_85460bd7-1920-47c5-8ad8-d86b2c9e2096@localhost,SuspiciousTitForTat,D,1,1,394,394
387,player_a549a738-25d9-480d-9452-2d295044e2ff@localhost,GrimTrigger,D,player_85460bd7-1920-47c5-8ad8-d86b2c9e2096@localhost,SuspiciousTitForTat,D,1,1,395,395
388,player_a549a738-25d9-480d-9452-2d295044e2ff@localhost,GrimTrigger,D,player_85460bd7-1920-47c5-8ad8-d86b2c9e2096@localhost,SuspiciousTitForTat,D,1,1,396,396
389,player_a549a738-25d9-480d-9452-2d295044e2ff@localhost,GrimTrigger,D,player_85460bd7-1920-47c5-8ad8-d86b2c9e2096@localhost,SuspiciousTitForTat,D,1,1,397,397
390,player_a549a738-25d9-480d-9452-2d295044e2ff@localhost,GrimTrigger,D,player_85460bd7-1920-47c5-8ad8-d86b2c9e2096@localhost,SuspiciousTitForTat,D,1,1,398,398
391,player_a549a738-25d9-480d-9452-2d295044e2ff@localhost,GrimTrigger,D,player_85460bd7-1920-47c5-8ad8-d86b2c9e2096@localhost,SuspiciousTitForTat,D,1,1,399,399
392,player_a549a738-25d9-480d-9452-2d295044e2ff@localhost,GrimTrigger,D,player_85460bd7-1920-47c5-8ad8-d86b2c9e2096@localhost,SuspiciousTitForTat,D,1,1,400,400
393,player_a549a738-25d9-480d-9452-2d295044e2ff@localhost,GrimTrigger,D,player_85460bd7-1920-47c5-8ad8-d86b2c9e2096@localhost,SuspiciousTitForTat,D,1,1,401,401
394,player_a549a738-25d9-480d-9452-2d295044e2ff@localhost,GrimTrigger,D,player_85460bd7-1920-47c5-8ad8-d86b2c9e2096@localhost,SuspiciousTitForTat,D,1,1,402,402
395,player_a549a738-25d9-480d-9452-2d295044e2ff@localhost,GrimTrigger,D,player_85460bd7-1920-47c5-8ad8-d86b2c9e2096@localhost,SuspiciousTitForTat,D,1,1,403,403
396,player_a549a738-25d9-480d-9452-2d295044e2ff@localhost,GrimTrigger,D,player_85460bd7-1920-47c5-8ad8-d86b2c9e2096@localhost,SuspiciousTitForTat,D,1,1,404,404
397,player_a549a738-25d9-480d-9452-2d295044e2ff@localhost,GrimTrigger,D,player_85460bd7-1920-47c5-8ad8-d86b2c9e2096@localhost,SuspiciousTitForTat,D,1,1,405,405
398,player_a549a738-25d9-480d-9452-2d295044e2ff@localhost,GrimTrigger,D,player_85460bd7-1920-47c5-8ad8-d86b2c9e2096@localhost,SuspiciousTitForTat,D,1,1,406,406
399,player_a549a738-25d9-480d-9452-2d295044e2ff@localhost,GrimTrigger,D,player_85460bd7-1920-47c5-8ad8-d86b2c9e2096@localhost,SuspiciousTitForTat,D,1,1,407,407
400,player_a549a738-25d9-480d-9452-2d295044e2ff@localhost,GrimTrigger,D,player_85460bd7-1920-47c5-8ad8-d86b2c9e2096@localhost,SuspiciousTitForTat,D,1,1,408,408
401,player_a549a738-25d9-480d-9452-2d295044e2ff@localhost,GrimTrigger,D,player_85460bd7-1920-47c5-8ad8-d86b2c9e2096@localhost,SuspiciousTitForTat,D,1,1,409,409
402,player_a549a738-25d9-480d-9452-2d295044e2ff@localhost,GrimTrigger,D,player_85460bd7-1920-47c5-8ad8-d86b2c9e2096@localhost,SuspiciousTitForTat,D,1,1,410,410
403,player_a549a738-25d9-480d-9452-2d295044e2ff@localhost,GrimTrigger,D,player_85460bd7-1920-47c5-8ad8-d86b2c9e2096@localhost,SuspiciousTitForTat,D,1,1,411,411
404,player_a549a738-25d9-480d-9452-2d295044e2ff@localhost,GrimTrigger,D,player_85460bd7-1920-47c5-8ad8-d86b2c9e2096@localhost,SuspiciousTitForTat,D,1,1,412,412
405,player_a549a738-25d9-480d-9452-2d295044e2ff@localhost,GrimTrigger,D,player_85460bd7-1920-47c5-8ad8-d86b2c9e2096@localhost,SuspiciousTitForTat,D,1,1,413,413
406,player_a549a738-25d9-480d-9452-2d295044e2ff@localhost,GrimTrigger,D,player_85460bd7-1920-47c5-8ad8-d86b2c9e2096@localhost,SuspiciousTitForTat,D,1,1,414,414
407,player_a549a738-25d9-480d-9452-2d295044e2ff@localhost,GrimTrigger,D,player_85460bd7-1920-47c5-8ad8-d86b2c9e2096@localhost,SuspiciousTitForTat,D,1,1,415,415
408,player_a549a738-25d9-480d-9452-2d295044e2ff@localhost,GrimTrigger,D,player_85460bd7-1920-47c5-8ad8-d86b2c9e2096@localhost,SuspiciousTitForTat,D,1,1,416,416
409,player_a549a738-25d9-480d-9452-2d295044e2ff@localhost,GrimTrigger,D,player_85460bd7-1920-47c5-8ad8-d86b2c9e2096@localhost,SuspiciousTitForTat,D,1,1,417,417
410,player_a549a738-25d9-480d-9452-2d295044e2ff@localhost,GrimTrigger,D,player_85460bd7-1920-47c5-8ad8-d86b2c9e2096@localhost,SuspiciousTitForTat,D,1,1,418,418
411,player_a549a738-25d9-480d-9452-2d295044e2ff@localhost,GrimTrigger,D,player_85460bd7-1920-47c5-8ad8-d86b2c9e2096@localhost,SuspiciousTitForTat,D,1,1,419,419
412,player_a549a738-25d9-480d-9452-2d295044e2ff@localhost,GrimTrigger,D,player_85460bd7-1920-47c5-8ad8-d86b2c9e2096@localhost,SuspiciousTitForTat,D,1,1,420,420
413,player_a549a738-25d9-480d-9452-2d295044e2ff@localhost,GrimTrigger,D,player_85460bd7-1920-47c5-8ad8-d86b2c9e2096@localhost,SuspiciousTitForTat,D,1,1,421,421
414,player_a549a738-25d9-480d-9452-2d295044e2ff@localhost,GrimTrigger,D,player_85460bd7-1920-47c5-8ad8-d86b2c9e2096@localhost,SuspiciousTitForTat,D,1,1,422,422
415,player_a549a738-25d9-480d-9452-2d295044e2ff@localhost,GrimTrigger,D,player_85460bd7-1920-47c5-8ad8-d86b2c9e2096@localhost,SuspiciousTitForTat,D,1,1,423,423
416,player_a549a738-25d9-480d-9452-2d295044e2ff@localhost,GrimTrigger,D,player_85460bd7-1920-47c5-8ad8-d86b2c9e2096@localhost,SuspiciousTitForTat,D,1,1,424,424
417,player_a549a738-25d9-480d-9452-2d295044e2ff@localhost,GrimTrigger,D,player_85460bd7-1920-47c5-8ad8-d86b2c9e2096@localhost,SuspiciousTitForTat,D,1,1,425,425
418,player_a549a738-25d9-480d-9452-2d295044e2ff@localhost,GrimTrigger,D,player_85460bd7-1920-47c5-8ad8-d86b2c9e2096@localhost,SuspiciousTitForTat,D,1,1,426,426
419,player_a549a738-25d9-480d-9452-2d295044e2ff@localhost,GrimTrigger,D,player_85460bd7-1920-47c5-8ad8-d86b2c9e2096@localhost,SuspiciousTitForTat,D,1,1,427,427
420,player_a549a738-25d9-480d-9452-2d295044e2ff@localhost,GrimTrigger,D,player_85460bd7-1920-47c5-8ad8-d86b2c9e2096@localhost,SuspiciousTitForTat,D,1,1,428,428
421,player_a549a738-25d9-480d-9452-2d295044e2ff@localhost,GrimTrigger,D,player_85460bd7-1920-47c5-8ad8-d86b2c9e2096@localhost,SuspiciousTitForTat,D,1,1,429,429
422,player_a549a738-25d9-480d-9452-2d295044e2ff@localhost,GrimTrigger,D,player_85460bd7-1920-47c5-8ad8-d86b2c9e2096@localhost,SuspiciousTitForTat,D,1,1,430,430
423,player_a549a738-25d9-480d-9452-2d295044e2ff@localhost,GrimTrigger,D,player_85460bd7-1920-47c5-8ad8-d86b2c9e2096@localhost,SuspiciousTitForTat,D,1,1,431,431
424,player_a549a738-25d9-480d-9452-2d295044e2ff@localhost,GrimTrigger,D,player_85460bd7-1920-47c5-8ad8-d86b2c9e2096@localhost,SuspiciousTitForTat,D,1,1,432,432
425,player_a549a738-25d9-480d-9452-2d295044e2ff@localhost,GrimTrigger,D,player_85460bd7-1920-47c5-8ad8-d86b2c9e2096@localhost,SuspiciousTitForTat,D,1,1,433,433
426,player_a549a738-25d9-480d-9452-2d295044e2ff@localhost,GrimTrigger,D,player_85460bd7-1920-47c5-8ad8-d86b2c9e2096@localhost,SuspiciousTitForTat,D,1,1,434,434
427,player_a549a738-25d9-480d-9452-2d295044e2ff@localhost,GrimTrigger,D,player_85460bd7-1920-47c5-8ad8-d86b2c9e2096@localhost,SuspiciousTitForTat,D,1,1,435,435
428,player_a549a738-25d9-480d-9452-2d295044e2ff@localhost,GrimTrigger,D,player_85460bd7-1920-47c5-8ad8-d86b2c9e2096@localhost,SuspiciousTitForTat,D,1,1,436,436
429,player_a549a738-25d9-480d-9452-2d295044e2ff@localhost,GrimTrigger,D,player_85460bd7-1920-47c5-8ad8-d86b2c9e2096@localhost,SuspiciousTitForTat,D,1,1,437,437
430,player_a549a738-25d9-480d-9452-2d295044e2ff@localhost,GrimTrigger,D,player_85460bd7-1920-47c5-8ad8-d86b2c9e2096@localhost,SuspiciousTitForTat,D,1,1,438,438
431,player_a549a738-25d9-480d-9452-2d295044e2ff@localhost,GrimTrigger,D,player_85460bd7-1920-47c5-8ad8-d86b2c9e2096@localhost,SuspiciousTitForTat,D,1,1,439,439
432,player_a549a738-25d9-480d-9452-2d295044e2ff@localhost,GrimTrigger,D,player_85460bd7-1920-47c5-8ad8-d86b2c9e2096@localhost,SuspiciousTitForTat,D,1,1,440,440
433,player_a549a738-25d9-480d-9452-2d295044e2ff@localhost,GrimTrigger,D,player_85460bd7-1920-47c5-8ad8-d86b2c9e2096@localhost,SuspiciousTitForTat,D,1,1,441,441
434,player_a549a738-25d9-480d-9452-2d295044e2ff@localhost,GrimTrigger,D,player_85460bd7-1920-47c5-8ad8-d86b2c9e2096@localhost,SuspiciousTitForTat,D,1,1,442,442
435,player_a549a738-25d9-480d-9452-2d295044e2ff@localhost,GrimTrigger,D,player_85460bd7-1920-47c5-8ad8-d86b2c9e2096@localhost,SuspiciousTitForTat,D,1,1,443,443
436,player_a549a738-25d9-480d-9452-2d295044e2ff@localhost,GrimTrigger,D,player_85460bd7-1920-47c5-8ad8-d86b2c9e2096@localhost,SuspiciousTitForTat,D,1,1,444,444
437,player_a549a738-25d9-480d-9452-2d295044e2ff@localhost,GrimTrigger,D,player_85460bd7-1920-47c5-8ad8-d86b2c9e2096@localhost,SuspiciousTitForTat,D,1,1,445,445
438,player_a549a738-25d9-480d-9452-2d295044e2ff@localhost,GrimTrigger,D,player_85460bd7-1920-47c5-8ad8-d86b2c9e2096@localhost,SuspiciousTitForTat,D,1,1,446,446
439,player_a549a738-25d9-480d-9452-2d295044e2ff@localhost,GrimTrigger,D,player_85460bd7-1920-47c5-8ad8-d86b2c9e2096@localhost,SuspiciousTitForTat,D,1,1,447,447
440,player_a549a738-25d9-480d-9452-2d295044e2ff@localhost,GrimTrigger,D,player_85460bd7-1920-47c5-8ad8-d86b2c9e2096@localhost,SuspiciousTitForTat,D,1,1,448,448
441,player_a549a738-25d9-480d-9452-2d295044e2ff@localhost,GrimTrigger,D,player_85460bd7-1920-47c5-8ad8-d86b2c9e2096@localhost,SuspiciousTitForTat,D,1,1,449,449
442,player_a549a738-25d9-480d-9452-2d295044e2ff@localhost,GrimTrigger,D,player_85460bd7-1920-47c5-8ad8-d86b2c9e2096@localhost,SuspiciousTitForTat,D,1,1,450,450
443,player_a549a738-25d9-480d-9452-2d295044e2ff@localhost,GrimTrigger,D,player_85460bd7-1920-47c5-8ad8-d86b2c9e2096@localhost,SuspiciousTitForTat,D,1,1,451,451
444,player_a549a738-25d9-480d-9452-2d295044e2ff@localhost,GrimTrigger,D,player_85460bd7-1920-47c5-8ad8-d86b2c9e2096@localhost,SuspiciousTitForTat,D,1,1,452,452
445,player_a549a738-25d9-480d-9452-2d295044e2ff@localhost,GrimTrigger,D,player_85460bd7-1920-47c5-8ad8-d86b2c9e2096@localhost,SuspiciousTitForTat,D,1,1,453,453
446,player_a549a738-25d9-480d-9452-2d295044e2ff@localhost,GrimTrigger,D,player_85460bd7-1920-47c5-8ad8-d86b2c9e2096@localhost,SuspiciousTitForTat,D,1,1,454,454
447,player_a549a738-25d9-480d-9452-2d295044e2ff@localhost,GrimTrigger,D,player_85460bd7-1920-47c5-8ad8-d86b2c9e2096@localhost,SuspiciousTitForTat,D,1,1,455,455
448,player_a549a738-25d9-480d-9452-2d295044e2ff@localhost,GrimTrigger,D,player_85460bd7-1920-47c5-8ad8-d86b2c9e2096@localhost,SuspiciousTitForTat,D,1,1,456,456
449,player_a549a738-25d9-480d-9452-2d295044e2ff@localhost,GrimTrigger,D,player_85460bd7-1920-47c5-8ad8-d86b2c9e2096@localhost,SuspiciousTitForTat,D,1,1,457,457
450,player_a549a738-25d9-480d-9452-2d295044e2ff@localhost,GrimTrigger,D,player_85460bd7-1920-47c5-8ad8-d86b2c9e2096@localhost,SuspiciousTitForTat,D,1,1,458,458
451,player_a549a738-25d9-480d-9452-2d295044e2ff@localhost,GrimTrigger,D,player_85460bd7-1920-47c5-8ad8-d86b2c9e2096@localhost,SuspiciousTitForTat,D,1,1,459,459
452,player_a549a738-25d9-480d-9452-2d295044e2ff@localhost,GrimTrigger,D,player_85460bd7-1920-47c5-8ad8-d86b2c9e2096@localhost,SuspiciousTitForTat,D,1,1,460,460
453,player_a549a738-25d9-480d-9452-2d295044e2ff@localhost,GrimTrigger,D,player_85460bd7-1920-47c5-8ad8-d86b2c9e2096@localhost,SuspiciousTitForTat,D,1,1,461,461
454,player_a549a738-25d9-480d-9452-2d295044e2ff@localhost,GrimTrigger,D,player_85460bd7-1920-47c5-8ad8-d86b2c9e2096@localhost,SuspiciousTitForTat,D,1,1,462,462
455,player_a549a738-25d9-480d-9452-2d295044e2ff@localhost,GrimTrigger,D,player_85460bd7-1920-47c5-8ad8-d86b2c9e2096@localhost,SuspiciousTitForTat,D,1,1,463,463
456,player_a549a738-25d9-480d-9452-2d295044e2ff@localhost,GrimTrigger,D,player_85460bd7-1920-47c5-8ad8-d86b2c9e2096@localhost,SuspiciousTitForTat,D,1,1,464,464
457,player_a549a738-25d9-480d-9452-2d295044e2ff@localhost,GrimTrigger,D,player_85460bd7-1920-47c5-8ad8-d86b2c9e2096@localhost,SuspiciousTitForTat,D,1,1,465,465
458,player_a549a738-25d9-480d-9452-2d295044e2ff@localhost,GrimTrigger,D,player_85460bd7-1920-47c5-8ad8-d86b2c9e2096@localhost,SuspiciousTitForTat,D,1,1,466,466
459,player_a549a738-25d9-480d-9452-2d295044e2ff@localhost,GrimTrigger,D,player_85460bd7-1920-47c5-8ad8-d86b2c9e2096@localhost,SuspiciousTitForTat,D,1,1,467,467
460,player_a549a738-25d9-480d-9452-2d295044e2ff@localhost,GrimTrigger,D,player_85460bd7-1920-47c5-8ad8-d86b2c9e2096@localhost,SuspiciousTitForTat,D,1,1,468,468
461,player_a549a738-25d9-480d-9452-2d295044e2ff@localhost,GrimTrigger,D,player_85460bd7-1920-47c5-8ad8-d86b2c9e2096@localhost,SuspiciousTitForTat,D,1,1,469,469
462,player_a549a738-25d9-480d-9452-2d295044e2ff@localhost,GrimTrigger,D,player_85460bd7-1920-47c5-8ad8-d86b2c9e2096@localhost,SuspiciousTitForTat,D,1,1,470,470
463,player_a549a738-25d9-480d-9452-2d295044e2ff@localhost,GrimTrigger,D,player_85460bd7-1920-47c5-8ad8-d86b2c9e2096@localhost,SuspiciousTitForTat,D,1,1,471,471
464,player_a549a738-25d9-480d-9452-2d295044e2ff@localhost,GrimTrigger,D,player_85460bd7-1920-47c5-8ad8-d86b2c9e2096@localhost,SuspiciousTitForTat,D,1,1,472,472
465,player_a549a738-25d9-480d-9452-2d295044e2ff@localhost,GrimTrigger,D,player_85460bd7-1920-47c5-8ad8-d86b2c9e2096@localhost,SuspiciousTitForTat,D,1,1,473,473
466,player_a549a738-25d9-480d-9452-2d295044e2ff@localhost,GrimTrigger,D,player_85460bd7-1920-47c5-8ad8-d86b2c9e2096@localhost,SuspiciousTitForTat,D,1,1,474,474
467,player_a549a738-25d9-480d-9452-2d295044e2ff@localhost,GrimTrigger,D,player_85460bd7-1920-47c5-8ad8-d86b2c9e2096@localhost,SuspiciousTitForTat,D,1,1,475,475
468,player_a549a738-25d9-480d-9452-2d295044e2ff@localhost,GrimTrigger,D,player_85460bd7-1920-47c5-8ad8-d86b2c9e2096@localhost,SuspiciousTitForTat,D,1,1,476,476
469,player_a549a738-25d9-480d-9452-2d295044e2ff@localhost,GrimTrigger,D,player_85460bd7-1920-47c5-8ad8-d86b2c9e2096@localhost,SuspiciousTitForTat,D,1,1,477,477
470,player_a549a738-25d9-480d-9452-2d295044e2ff@localhost,GrimTrigger,D,player_85460bd7-1920-47c5-8ad8-d86b2c9e2096@localhost,SuspiciousTitForTat,D,1,1,478,478
471,player_a549a738-25d9-480d-9452-2d295044e2ff@localhost,GrimTrigger,D,player_85460bd7-1920-47c5-8ad8-d86b2c9e2096@localhost,SuspiciousTitForTat,D,1,1,479,479
472,player_a549a738-25d9-480d-9452-2d295044e2ff@localhost,GrimTrigger,D,player_85460bd7-1920-47c5-8ad8-d86b2c9e2096@localhost,SuspiciousTitForTat,D,1,1,480,480
473,player_a549a738-25d9-480d-9452-2d295044e2ff@localhost,GrimTrigger,D,player_85460bd7-1920-47c5-8ad8-d86b2c9e2096@localhost,SuspiciousTitForTat,D,1,1,481,481
474,player_a549a738-25d9-480d-9452-2d295044e2ff@localhost,GrimTrigger,D,player_85460bd7-1920-47c5-8ad8-d86b2c9e2096@localhost,SuspiciousTitForTat,D,1,1,482,482
475,player_a549a738-25d9-480d-9452-2d295044e2ff@localhost,GrimTrigger,D,player_85460bd7-1920-47c5-8ad8-d86b2c9e2096@localhost,SuspiciousTitForTat,D,1,1,483,483
476,player_a549a738-25d9-480d-9452-2d295044e2ff@localhost,GrimTrigger,D,player_85460bd7-1920-47c5-8ad8-d86b2c9e2096@localhost,SuspiciousTitForTat,D,1,1,484,484
477,player_a549a738-25d9-480d-9452-2d295044e2ff@localhost,GrimTrigger,D,player_85460bd7-1920-47c5-8ad8-d86b2c9e2096@localhost,SuspiciousTitForTat,D,1,1,485,485
478,player_a549a738-25d9-480d-9452-2d295044e2ff@localhost,GrimTrigger,D,player_85460bd7-1920-47c5-8ad8-d86b2c9e2096@localhost,SuspiciousTitForTat,D,1,1,486,486
479,player_a549a738-25d9-480d-9452-2d295044e2ff@localhost,GrimTrigger,D,player_85460bd7-1920-47c5-8ad8-d86b2c9e2096@localhost,SuspiciousTitForTat,D,1,1,487,487
480,player_a549a738-25d9-480d-9452-2d295044e2ff@localhost,GrimTrigger,D,player_85460bd7-1920-47c5-8ad8-d86b2c9e2096@localhost,SuspiciousTitForTat,D,1,1,488,488
481,player_a549a738-25d9-480d-9452-2d295044e2ff@localhost,GrimTrigger,D,player_85460bd7-1920-47c5-8ad8-d86b2c9e2096@localhost,SuspiciousTitForTat,D,1,1,489,489
482,player_a549a738-25d9-480d-9452-2d295044e2ff@localhost,GrimTrigger,D,player_85460bd7-1920-47c5-8ad8-d86b2c9e2096@localhost,SuspiciousTitForTat,D,1,1,490,490
483,player_a549a738-25d9-480d-9452-2d295044e2ff@localhost,GrimTrigger,D,player_85460bd7-1920-47c5-8ad8-d86b2c9e2096@localhost,SuspiciousTitForTat,D,1,1,491,491
484,player_a549a738-25d9-480d-9452-2d295044e2ff@localhost,GrimTrigger,D,player_85460bd7-1920-47c5-8ad8-d86b2c9e2096@localhost,SuspiciousTitForTat,D,1,1,492,492
485,player_a549a738-25d9-480d-9452-2d295044e2ff@localhost,GrimTrigger,D,player_85460bd7-1920-47c5-8ad8-d86b2c9e2096@localhost,SuspiciousTitForTat,D,1,1,493,493
486,player_a549a738-25d9-480d-9452-2d295044e2ff@localhost,GrimTrigger,D,player_85460bd7-1920-47c5-8ad8-d86b2c9e2096@localhost,SuspiciousTitForTat,D,1,1,494,494
487,player_a549a738-25d9-480d-9452-2d295044e2ff@localhost,GrimTrigger,D,player_85460bd7-1920-47c5-8ad8-d86b2c9e2096@localhost,SuspiciousTitForTat,D,1,1,495,495
488,player_a549a738-25d9-480d-9452-2d295044e2ff@localhost,GrimTrigger,D,player_85460bd7-1920-47c5-8ad8-d86b2c9e2096@localhost,SuspiciousTitForTat,D,1,1,496,496
489,player_a549a738-25d9-480d-9452-2d295044e2ff@localhost,GrimTrigger,D,player_85460bd7-1920-47c5-8ad8-d86b2c9e2096@localhost,SuspiciousTitForTat,D,1,1,497,497
490,player_a549a738-25d9-480d-9452-2d295044e2ff@localhost,GrimTrigger,D,player_85460bd7-1920-47c5-8ad8-d86b2c9e2096@localhost,SuspiciousTitForTat,D,1,1,498,498
491,player_a549a738-25d9-480d-9452-2d295044e2ff@localhost,GrimTrigger,D,player_85460bd7-1920-47c5-8ad8-d86b2c9e2096@localhost,SuspiciousTitForTat,D,1,1,499,499
492,player_a549a738-25d9-480d-9452-2d295044e2ff@localhost,GrimTrigger,D,player_85460bd7-1920-47c5-8ad8-d86b2c9e2096@localhost,SuspiciousTitForTat,D,1,1,500,500
493,player_a549a738-25d9-480d-9452-2d295044e2ff@localhost,GrimTrigger,D,player_85460bd7-1920-47c5-8ad8-d86b2c9e2096@localhost,SuspiciousTitForTat,D,1,1,501,501
494,player_a549a738-25d9-480d-9452-2d295044e2ff@localhost,GrimTrigger,D,player_85460bd7-1920-47c5-8ad8-d86b2c9e2096@localhost,SuspiciousTitForTat,D,1,1,502,502
495,player_a549a738-25d9-480d-9452-2d295044e2ff@localhost,GrimTrigger,D,player_85460bd7-1920-47c5-8ad8-d86b2c9e2096@localhost,SuspiciousTitForTat,D,1,1,503,503
496,player_a549a738-25d9-480d-9452-2d295044e2ff@localhost,GrimTrigger,D,player_85460bd7-1920-47c5-8ad8-d86b2c9e2096@localhost,SuspiciousTitForTat,D,1,1,504,504
497,player_a549a738-25d9-480d-9452-2d295044e2ff@localhost,GrimTrigger,D,player_85460bd7-1920-47c5-8ad8-d86b2c9e2096@localhost,SuspiciousTitForTat,D,1,1,505,505
498,player_a549a738-25d9-480d-9452-2d295044e2ff@localhost,GrimTrigger,D,player_85460bd7-1920-47c5-8ad8-d86b2c9e2096@localhost,SuspiciousTitForTat,D,1,1,506,506
499,player_a549a738-25d9-480d-9452-2d295044e2ff@localhost,GrimTrigger,D,player_85460bd7-1920-47c5-8ad8-d86b2c9e2096@localhost,SuspiciousTitForTat,D,1,1,507,507
500,player_a549a738-25d9-480d-9452-2d295044e2ff@localhost,GrimTrigger,D,player_85460bd7-1920-47c5-8ad8-d86b2c9e2096@localhost,SuspiciousTitForTat,D,1,1,508,508
501,player_a549a738-25d9-480d-9452-2d295044e2ff@localhost,GrimTrigger,D,player_85460bd7-1920-47c5-8ad8-d86b2c9e2096@localhost,SuspiciousTitForTat,D,1,1,509,509
502,player_a549a738-25d9-480d-9452-2d295044e2ff@localhost,GrimTrigger,D,player_85460bd7-1920-47c5-8ad8-d86b2c9e2096@localhost,SuspiciousTitForTat,D,1,1,510,510
503,player_a549a738-25d9-480d-9452-2d295044e2ff@localhost,GrimTrigger,D,player_85460bd7-1920-47c5-8ad8-d86b2c9e2096@localhost,SuspiciousTitForTat,D,1,1,511,511
504,player_a549a738-25d9-480d-9452-2d295044e2ff@localhost,GrimTrigger,D,player_85460bd7-1920-47c5-8ad8-d86b2c9e2096@localhost,SuspiciousTitForTat,D,1,1,512,512
505,player_a549a738-25d9-480d-9452-2d295044e2ff@localhost,GrimTrigger,D,player_85460bd7-1920-47c5-8ad8-d86b2c9e2096@localhost,SuspiciousTitForTat,D,1,1,513,513
506,player_a549a738-25d9-480d-9452-2d295044e2ff@localhost,GrimTrigger,D,player_85460bd7-1920-47c5-8ad8-d86b2c9e2096@localhost,SuspiciousTitForTat,D,1,1,514,514
507,player_a549a738-25d9-480d-9452-2d295044e2ff@localhost,GrimTrigger,D,player_85460bd7-1920-47c5-8ad8-d86b2c9e2096@localhost,SuspiciousTitForTat,D,1,1,515,515
508,player_a549a738-25d9-480d-9452-2d295044e2ff@localhost,GrimTrigger,D,player_85460bd7-1920-47c5-8ad8-d86b2c9e2096@localhost,SuspiciousTitForTat,D,1,1,516,516
509,player_a549a738-25d9-480d-9452-2d295044e2ff@localhost,GrimTrigger,D,player_85460bd7-1920-47c5-8ad8-d86b2c9e2096@localhost,SuspiciousTitForTat,D,1,1,517,517
510,player_a549a738-25d9-480d-9452-2d295044e2ff@localhost,GrimTrigger,D,player_85460bd7-1920-47c5-8ad8-d86b2c9e2096@localhost,SuspiciousTitForTat,D,1,1,518,518
511,player_a549a738-25d9-480d-9452-2d295044e2ff@localhost,GrimTrigger,D,player_85460bd7-1920-47c5-8ad8-d86b2c9e2096@localhost,SuspiciousTitForTat,D,1,1,519,519
512,player_a549a738-25d9-480d-9452-2d295044e2ff@localhost,GrimTrigger,D,player_85460bd7-1920-47c5-8ad8-d86b2c9e2096@localhost,SuspiciousTitForTat,D,1,1,520,520
513,player_a549a738-25d9-480d-9452-2d295044e2ff@localhost,GrimTrigger,D,player_85460bd7-1920-47c5-8ad8-d86b2c9e2096@localhost,SuspiciousTitForTat,D,1,1,521,521
514,player_a549a738-25d9-480d-9452-2d295044e2ff@localhost,GrimTrigger,D,player_85460bd7-1920-47c5-8ad8-d86b2c9e2096@localhost,SuspiciousTitForTat,D,1,1,522,522
515,player_a549a738-25d9-480d-9452-2d295044e2ff@localhost,GrimTrigger,D,player_85460bd7-1920-47c5-8ad8-d86b2c9e2096@localhost,SuspiciousTitForTat,D,1,1,523,523
516,player_a549a738-25d9-480d-9452-2d295044e2ff@localhost,GrimTrigger,D,player_85460bd7-1920-47c5-8ad8-d86b2c9e2096@localhost,SuspiciousTitForTat,D,1,1,524,524
517,player_a549a738-25d9-480d-9452-2d295044e2ff@localhost,GrimTrigger,D,player_85460bd7-1920-47c5-8ad8-d86b2c9e2096@localhost,SuspiciousTitForTat,D,1,1,525,525
518,player_a549a738-25d9-480d-9452-2d295044e2ff@localhost,GrimTrigger,D,player_85460bd7-1920-47c5-8ad8-d86b2c9e2096@localhost,SuspiciousTitForTat,D,1,1,526,526
519,player_a549a738-25d9-480d-9452-2d295044e2ff@localhost,GrimTrigger,D,player_85460bd7-1920-47c5-8ad8-d86b2c9e2096@localhost,SuspiciousTitForTat,D,1,1,527,527
520,player_a549a738-25d9-480d-9452-2d295044e2ff@localhost,GrimTrigger,D,player_85460bd7-1920-47c5-8ad8-d86b2c9e2096@localhost,SuspiciousTitForTat,D,1,1,528,528
521,player_a549a738-25d9-480d-9452-2d295044e2ff@localhost,GrimTrigger,D,player_85460bd7-1920-47c5-8ad8-d86b2c9e2096@localhost,SuspiciousTitForTat,D,1,1,529,529
522,player_a549a738-25d9-480d-9452-2d295044e2ff@localhost,GrimTrigger,D,player_85460bd7-1920-47c5-8ad8-d86b2c9e2096@localhost,SuspiciousTitForTat,D,1,1,530,530
523,player_a549a738-25d9-480d-9452-2d295044e2ff@localhost,GrimTrigger,D,player_85460bd7-1920-47c5-8ad8-d86b2c9e2096@localhost,SuspiciousTitForTat,D,1,1,531,531
524,player_a549a738-25d9-480d-9452-2d295044e2ff@localhost,GrimTrigger,D,player_85460bd7-1920-47c5-8ad8-d86b2c9e2096@localhost,SuspiciousTitForTat,D,1,1,532,532
525,player_a549a738-25d9-480d-9452-2d295044e2ff@localhost,GrimTrigger,D,player_85460bd7-1920-47c5-8ad8-d86b2c9e2096@localhost,SuspiciousTitForTat,D,1,1,533,533
526,player_a549a738-25d9-480d-9452-2d295044e2ff@localhost,GrimTrigger,D,player_85460bd7-1920-47c5-8ad8-d86b2c9e2096@localhost,SuspiciousTitForTat,D,1,1,534,534
527,player_a549a738-25d9-480d-9452-2d295044e2ff@localhost,GrimTrigger,D,player_85460bd7-1920-47c5-8ad8-d86b2c9e2096@localhost,SuspiciousTitForTat,D,1,1,535,535
528,player_a549a738-25d9-480d-9452-2d295044e2ff@localhost,GrimTrigger,D,player_85460bd7-1920-47c5-8ad8-d86b2c9e2096@localhost,SuspiciousTitForTat,D,1,1,536,536
529,player_a549a738-25d9-480d-9452-2d295044e2ff@localhost,GrimTrigger,D,player_85460bd7-1920-47c5-8ad8-d86b2c9e2096@localhost,SuspiciousTitForTat,D,1,1,537,537
530,player_a549a738-25d9-480d-9452-2d295044e2ff@localhost,GrimTrigger,D,player_85460bd7-1920-47c5-8ad8-d86b2c9e2096@localhost,SuspiciousTitForTat,D,1,1,538,538
531,player_a549a738-25d9-480d-9452-2d295044e2ff@localhost,GrimTrigger,D,player_85460bd7-1920-47c5-8ad8-d86b2c9e2096@localhost,SuspiciousTitForTat,D,1,1,539,539
532,player_a549a738-25d9-480d-9452-2d295044e2ff@localhost,GrimTrigger,D,player_85460bd7-1920-47c5-8ad8-d86b2c9e2096@localhost,SuspiciousTitForTat,D,1,1,540,540
533,player_a549a738-25d9-480d-9452-2d295044e2ff@localhost,GrimTrigger,D,player_85460bd7-1920-47c5-8ad8-d86b2c9e2096@localhost,SuspiciousTitForTat,D,1,1,541,541
534,player_a549a738-25d9-480d-9452-2d295044e2ff@localhost,GrimTrigger,D,player_85460bd7-1920-47c5-8ad8-d86b2c9e2096@localhost,SuspiciousTitForTat,D,1,1,542,542
535,player_a549a738-25d9-480d-9452-2d295044e2ff@localhost,GrimTrigger,D,player_85460bd7-1920-47c5-8ad8-d86b2c9e2096@localhost,SuspiciousTitForTat,D,1,1,543,543
536,player_a549a738-25d9-480d-9452-2d295044e2ff@localhost,GrimTrigger,D,player_85460bd7-1920-47c5-8ad8-d86b2c9e2096@localhost,SuspiciousTitForTat,D,1,1,544,544
537,player_a549a738-25d9-480d-9452-2d295044e2ff@localhost,GrimTrigger,D,player_85460bd7-1920-47c5-8ad8-d86b2c9e2096@localhost,SuspiciousTitForTat,D,1,1,545,545
538,player_a549a738-25d9-480d-9452-2d295044e2ff@localhost,GrimTrigger,D,player_85460bd7-1920-47c5-8ad8-d86b2c9e2096@localhost,SuspiciousTitForTat,D,1,1,546,546
539,player_a549a738-25d9-480d-9452-2d295044e2ff@localhost,GrimTrigger,D,player_85460bd7-1920-47c5-8ad8-d86b2c9e2096@localhost,SuspiciousTitForTat,D,1,1,547,547
540,player_a549a738-25d9-480d-9452-2d295044e2ff@localhost,GrimTrigger,D,player_85460bd7-1920-47c5-8ad8-d86b2c9e2096@localhost,SuspiciousTitForTat,D,1,1,548,548
541,player_a549a738-25d9-480d-9452-2d295044e2ff@localhost,GrimTrigger,D,player_85460bd7-1920-47c5-8ad8-d86b2c9e2096@localhost,SuspiciousTitForTat,D,1,1,549,549
542,player_a549a738-25d9-480d-9452-2d295044e2ff@localhost,GrimTrigger,D,player_85460bd7-1920-47c5-8ad8-d86b2c9e2096@localhost,SuspiciousTitForTat,D,1,1,550,550
543,player_a549a738-25d9-480d-9452-2d295044e2ff@localhost,GrimTrigger,D,player_85460bd7-1920-47c5-8ad8-d86b2c9e2096@localhost,SuspiciousTitForTat,D,1,1,551,551
544,player_a549a738-25d9-480d-9452-2d295044e2ff@localhost,GrimTrigger,D,player_85460bd7-1920-47c5-8ad8-d86b2c9e2096@localhost,SuspiciousTitForTat,D,1,1,552,552
545,player_a549a738-25d9-480d-9452-2d295044e2ff@localhost,GrimTrigger,D,player_85460bd7-1920-47c5-8ad8-d86b2c9e2096@localhost,SuspiciousTitForTat,D,1,1,553,553
546,player_a549a738-25d9-480d-9452-2d295044e2ff@localhost,GrimTrigger,D,player_85460bd7-1920-47c5-8ad8-d86b2c9e2096@localhost,SuspiciousTitForTat,D,1,1,554,554
547,player_a549a738-25d9-480d-9452-2d295044e2ff@localhost,GrimTrigger,D,player_85460bd7-1920-47c5-8ad8-d86b2c9e2096@localhost,SuspiciousTitForTat,D,1,1,555,555
548,player_a549a738-25d9-480d-9452-2d295044e2ff@localhost,GrimTrigger,D,player_85460bd7-1920-47c5-8ad8-d86b2c9e2096@localhost,SuspiciousTitForTat,D,1,1,556,556
549,player_a549a738-25d9-480d-9452-2d295044e2ff@localhost,GrimTrigger,D,player_85460bd7-1920-47c5-8ad8-d86b2c9e2096@localhost,SuspiciousTitForTat,D,1,1,557,557
550,player_a549a738-25d9-480d-9452-2d295044e2ff@localhost,GrimTrigger,D,player_85460bd7-1920-47c5-8ad8-d86b2c9e2096@localhost,SuspiciousTitForTat,D,1,1,558,558
551,player_a549a738-25d9-480d-9452-2d295044e2ff@localhost,GrimTrigger,D,player_85460bd7-1920-47c5-8ad8-d86b2c9e2096@localhost,SuspiciousTitForTat,D,1,1,559,559
552,player_a549a738-25d9-480d-9452-2d295044e2ff@localhost,GrimTrigger,D,player_85460bd7-1920-47c5-8ad8-d86b2c9e2096@localhost,SuspiciousTitForTat,D,1,1,560,560
553,player_a549a738-25d9-480d-9452-2d295044e2ff@localhost,GrimTrigger,D,player_85460bd7-1920-47c5-8ad8-d86b2c9e2096@localhost,SuspiciousTitForTat,D,1,1,561,561
554,player_a549a738-25d9-480d-9452-2d295044e2ff@localhost,GrimTrigger,D,player_85460bd7-1920-47c5-8ad8-d86b2c9e2096@localhost,SuspiciousTitForTat,D,1,1,562,562
555,player_a549a738-25d9-480d-9452-2d295044e2ff@localhost,GrimTrigger,D,player_85460bd7-1920-47c5-8ad8-d86b2c9e2096@localhost,SuspiciousTitForTat,D,1,1,563,563
556,player_a549a738-25d9-480d-9452-2d295044e2ff@localhost,GrimTrigger,D,player_85460bd7-1920-47c5-8ad8-d86b2c9e2096@localhost,SuspiciousTitForTat,D,1,1,564,564
557,player_a549a738-25d9-480d-9452-2d295044e2ff@localhost,GrimTrigger,D,player_85460bd7-1920-47c5-8ad8-d86b2c9e2096@localhost,SuspiciousTitForTat,D,1,1,565,565
558,player_a549a738-25d9-480d-9452-2d295044e2ff@localhost,GrimTrigger,D,player_85460bd7-1920-47c5-8ad8-d86b2c9e2096@localhost,SuspiciousTitForTat,D,1,1,566,566
559,player_a549a738-25d9-480d-9452-2d295044e2ff@localhost,GrimTrigger,D,player_85460bd7-1920-47c5-8ad8-d86b2c9e2096@localhost,SuspiciousTitForTat,D,1,1,567,567
560,player_a549a738-25d9-480d-9452-2d295044e2ff@localhost,GrimTrigger,D,player_85460bd7-1920-47c5-8ad8-d86b2c9e2096@localhost,SuspiciousTitForTat,D,1,1,568,568
561,player_a549a738-25d9-480d-9452-2d295044e2ff@localhost,GrimTrigger,D,player_85460bd7-1920-47c5-8ad8-d86b2c9e2096@localhost,SuspiciousTitForTat,D,1,1,569,569
562,player_a549a738-25d9-480d-9452-2d295044e2ff@localhost,GrimTrigger,D,player_85460bd7-1920-47c5-8ad8-d86b2c9e2096@localhost,SuspiciousTitForTat,D,1,1,570,570
563,player_a549a738-25d9-480d-9452-2d295044e2ff@localhost,GrimTrigger,D,player_85460bd7-1920-47c5-8ad8-d86b2c9e2096@localhost,SuspiciousTitForTat,D,1,1,571,571
564,player_a549a738-25d9-480d-9452-2d295044e2ff@localhost,GrimTrigger,D,player_85460bd7-1920-47c5-8ad8-d86b2c9e2096@localhost,SuspiciousTitForTat,D,1,1,572,572
565,player_a549a738-25d9-480d-9452-2d295044e2ff@localhost,GrimTrigger,D,player_85460bd7-1920-47c5-8ad8-d86b2c9e2096@localhost,SuspiciousTitForTat,D,1,1,573,573
566,player_a549a738-25d9-480d-9452-2d295044e2ff@localhost,GrimTrigger,D,player_85460bd7-1920-47c5-8ad8-d86b2c9e2096@localhost,SuspiciousTitForTat,D,1,1,574,574
567,player_a549a738-25d9-480d-9452-2d295044e2ff@localhost,GrimTrigger,D,player_85460bd7-1920-47c5-8ad8-d86b2c9e2096@localhost,SuspiciousTitForTat,D,1,1,575,575
568,player_a549a738-25d9-480d-9452-2d295044e2ff@localhost,GrimTrigger,D,player_85460bd7-1920-47c5-8ad8-d86b2c9e2096@localhost,SuspiciousTitForTat,D,1,1,576,576
569,player_a549a738-25d9-480d-9452-2d295044e2ff@localhost,GrimTrigger,D,player_85460bd7-1920-47c5-8ad8-d86b2c9e2096@localhost,SuspiciousTitForTat,D,1,1,577,577
570,player_a549a738-25d9-480d-9452-2d295044e2ff@localhost,GrimTrigger,D,player_85460bd7-1920-47c5-8ad8-d86b2c9e2096@localhost,SuspiciousTitForTat,D,1,1,578,578
571,player_a549a738-25d9-480d-9452-2d295044e2ff@localhost,GrimTrigger,D,player_85460bd7-1920-47c5-8ad8-d86b2c9e2096@localhost,SuspiciousTitForTat,D,1,1,579,579
572,player_a549a738-25d9-480d-9452-2d295044e2ff@localhost,GrimTrigger,D,player_85460bd7-1920-47c5-8ad8-d86b2c9e2096@localhost,SuspiciousTitForTat,D,1,1,580,580
573,player_a549a738-25d9-480d-9452-2d295044e2ff@localhost,GrimTrigger,D,player_85460bd7-1920-47c5-8ad8-d86b2c9e2096@localhost,SuspiciousTitForTat,D,1,1,581,581
574,player_a549a738-25d9-480d-9452-2d295044e2ff@localhost,GrimTrigger,D,player_85460bd7-1920-47c5-8ad8-d86b2c9e2096@localhost,SuspiciousTitForTat,D,1,1,582,582
575,player_a549a738-25d9-480d-9452-2d295044e2ff@localhost,GrimTrigger,D,player_85460bd7-1920-47c5-8ad8-d86b2c9e2096@localhost,SuspiciousTitForTat,D,1,1,583,583
576,player_a549a738-25d9-480d-9452-2d295044e2ff@localhost,GrimTrigger,D,player_85460bd7-1920-47c5-8ad8-d86b2c9e2096@localhost,SuspiciousTitForTat,D,1,1,584,584
577,player_a549a738-25d9-480d-9452-2d295044e2ff@localhost,GrimTrigger,D,player_85460bd7-1920-47c5-8ad8-d86b2c9e2096@localhost,SuspiciousTitForTat,D,1,1,585,585
578,player_a549a738-25d9-480d-9452-2d295044e2ff@localhost,GrimTrigger,D,player_85460bd7-1920-47c5-8ad8-d86b2c9e2096@localhost,SuspiciousTitForTat,D,1,1,586,586
579,player_a549a738-25d9-480d-9452-2d295044e2ff@localhost,GrimTrigger,D,player_85460bd7-1920-47c5-8ad8-d86b2c9e2096@localhost,SuspiciousTitForTat,D,1,1,587,587
580,player_a549a738-25d9-480d-9452-2d295044e2ff@localhost,GrimTrigger,D,player_85460bd7-1920-47c5-8ad8-d86b2c9e2096@localhost,SuspiciousTitForTat,D,1,1,588,588
581,player_a549a738-25d9-480d-9452-2d295044e2ff@localhost,GrimTrigger,D,player_85460bd7-1920-47c5-8ad8-d86b2c9e2096@localhost,SuspiciousTitForTat,D,1,1,589,589
582,player_a549a738-25d9-480d-9452-2d295044e2ff@localhost,GrimTrigger,D,player_85460bd7-1920-47c5-8ad8-d86b2c9e2096@localhost,SuspiciousTitForTat,D,1,1,590,590
583,player_a549a738-25d9-480d-9452-2d295044e2ff@localhost,GrimTrigger,D,player_85460bd7-1920-47c5-8ad8-d86b2c9e2096@localhost,SuspiciousTitForTat,D,1,1,591,591
584,player_a549a738-25d9-480d-9452-2d295044e2ff@localhost,GrimTrigger,D,player_85460bd7-1920-47c5-8ad8-d86b2c9e2096@localhost,SuspiciousTitForTat,D,1,1,592,592
585,player_a549a738-25d9-480d-9452-2d295044e2ff@localhost,GrimTrigger,D,player_85460bd7-1920-47c5-8ad8-d86b2c9e2096@localhost,SuspiciousTitForTat,D,1,1,593,593
586,player_a549a738-25d9-480d-9452-2d295044e2ff@localhost,GrimTrigger,D,player_85460bd7-1920-47c5-8ad8-d86b2c9e2096@localhost,SuspiciousTitForTat,D,1,1,594,594
587,player_a549a738-25d9-480d-9452-2d295044e2ff@localhost,GrimTrigger,D,player_85460bd7-1920-47c5-8ad8-d86b2c9e2096@localhost,SuspiciousTitForTat,D,1,1,595,595
588,player_a549a738-25d9-480d-9452-2d295044e2ff@localhost,GrimTrigger,D,player_85460bd7-1920-47c5-8ad8-d86b2c9e2096@localhost,SuspiciousTitForTat,D,1,1,596,596
589,player_a549a738-25d9-480d-9452-2d295044e2ff@localhost,GrimTrigger,D,player_85460bd7-1920-47c5-8ad8-d86b2c9e2096@localhost,SuspiciousTitForTat,D,1,1,597,597
590,player_a549a738-25d9-480d-9452-2d295044e2ff@localhost,GrimTrigger,D,player_85460bd7-1920-47c5-8ad8-d86b2c9e2096@localhost,SuspiciousTitForTat,D,1,1,598,598
591,player_a549a738-25d9-480d-9452-2d295044e2ff@localhost,GrimTrigger,D,player_85460bd7-1920-47c5-8ad8-d86b2c9e2096@localhost,SuspiciousTitForTat,D,1,1,599,599
592,player_a549a738-25d9-480d-9452-2d295044e2ff@localhost,GrimTrigger,D,player_85460bd7-1920-47c5-8ad8-d86b2c9e2096@localhost,SuspiciousTitForTat,D,1,1,600,600
593,player_a549a738-25d9-480d-9452-2d295044e2ff@localhost,GrimTrigger,D,player_85460bd7-1920-47c5-8ad8-d86b2c9e2096@localhost,SuspiciousTitForTat,D,1,1,601,601
594,player_a549a738-25d9-480d-9452-2d295044e2ff@localhost,GrimTrigger,D,player_85460bd7-1920-47c5-8ad8-d86b2c9e2096@localhost,SuspiciousTitForTat,D,1,1,602,602
595,player_a549a738-25d9-480d-9452-2d295044e2ff@localhost,GrimTrigger,D,player_85460bd7-1920-47c5-8ad8-d86b2c9e2096@localhost,SuspiciousTitForTat,D,1,1,603,603
596,player_a549a738-25d9-480d-9452-2d295044e2ff@localhost,GrimTrigger,D,player_85460bd7-1920-47c5-8ad8-d86b2c9e2096@localhost,SuspiciousTitForTat,D,1,1,604,604
597,player_a549a738-25d9-480d-9452-2d295044e2ff@localhost,GrimTrigger,D,player_85460bd7-1920-47c5-8ad8-d86b2c9e2096@localhost,SuspiciousTitForTat,D,1,1,605,605
598,player_a549a738-25d9-480d-9452-2d295044e2ff@localhost,GrimTrigger,D,player_85460bd7-1920-47c5-8ad8-d86b2c9e2096@localhost,SuspiciousTitForTat,D,1,1,606,606
599,player_a549a738-25d9-480d-9452-2d295044e2ff@localhost,GrimTrigger,D,player_85460bd7-1920-47c5-8ad8-d86b2c9e2096@localhost,SuspiciousTitForTat,D,1,1,607,607
600,player_a549a738-25d9-480d-9452-2d295044e2ff@localhost,GrimTrigger,D,player_85460bd7-1920-47c5-8ad8-d86b2c9e2096@localhost,SuspiciousTitForTat,D,1,1,608,608
601,player_a549a738-25d9-480d-9452-2d295044e2ff@localhost,GrimTrigger,D,player_85460bd7-1920-47c5-8ad8-d86b2c9e2096@localhost,SuspiciousTitForTat,D,1,1,609,609
602,player_a549a738-25d9-480d-9452-2d295044e2ff@localhost,GrimTrigger,D,player_85460bd7-1920-47c5-8ad8-d86b2c9e2096@localhost,SuspiciousTitForTat,D,1,1,610,610
603,player_a549a738-25d9-480d-9452-2d295044e2ff@localhost,GrimTrigger,D,player_85460bd7-1920-47c5-8ad8-d86b2c9e2096@localhost,SuspiciousTitForTat,D,1,1,611,611
604,player_a549a738-25d9-480d-9452-2d295044e2ff@localhost,GrimTrigger,D,player_85460bd7-1920-47c5-8ad8-d86b2c9e2096@localhost,SuspiciousTitForTat,D,1,1,612,612
605,player_a549a738-25d9-480d-9452-2d295044e2ff@localhost,GrimTrigger,D,player_85460bd7-1920-47c5-8ad8-d86b2c9e2096@localhost,SuspiciousTitForTat,D,1,1,613,613
606,player_a549a738-25d9-480d-9452-2d295044e2ff@localhost,GrimTrigger,D,player_85460bd7-1920-47c5-8ad8-d86b2c9e2096@localhost,SuspiciousTitForTat,D,1,1,614,614
607,player_a549a738-25d9-480d-9452-2d295044e2ff@localhost,GrimTrigger,D,player_85460bd7-1920-47c5-8ad8-d86b2c9e2096@localhost,SuspiciousTitForTat,D,1,1,615,615
608,player_a549a738-25d9-480d-9452-2d295044e2ff@localhost,GrimTrigger,D,player_85460bd7-1920-47c5-8ad8-d86b2c9e2096@localhost,SuspiciousTitForTat,D,1,1,616,616
609,player_a549a738-25d9-480d-9452-2d295044e2ff@localhost,GrimTrigger,D,player_85460bd7-1920-47c5-8ad8-d86b2c9e2096@localhost,SuspiciousTitForTat,D,1,1,617,617
610,player_a549a738-25d9-480d-9452-2d295044e2ff@localhost,GrimTrigger,D,player_85460bd7-1920-47c5-8ad8-d86b2c9e2096@localhost,SuspiciousTitForTat,D,1,1,618,618
611,player_a549a738-25d9-480d-9452-2d295044e2ff@localhost,GrimTrigger,D,player_85460bd7-1920-47c5-8ad8-d86b2c9e2096@localhost,SuspiciousTitForTat,D,1,1,619,619
612,player_a549a738-25d9-480d-9452-2d295044e2ff@localhost,GrimTrigger,D,player_85460bd7-1920-47c5-8ad8-d86b2c9e2096@localhost,SuspiciousTitForTat,D,1,1,620,620
613,player_a549a738-25d9-480d-9452-2d295044e2ff@localhost,GrimTrigger,D,player_85460bd7-1920-47c5-8ad8-d86b2c9e2096@localhost,SuspiciousTitForTat,D,1,1,621,621
614,player_a549a738-25d9-480d-9452-2d295044e2ff@localhost,GrimTrigger,D,player_85460bd7-1920-47c5-8ad8-d86b2c9e2096@localhost,SuspiciousTitForTat,D,1,1,622,622
615,player_a549a738-25d9-480d-9452-2d295044e2ff@localhost,GrimTrigger,D,player_85460bd7-1920-47c5-8ad8-d86b2c9e2096@localhost,SuspiciousTitForTat,D,1,1,623,623
616,player_a549a738-25d9-480d-9452-2d295044e2ff@localhost,GrimTrigger,D,player_85460bd7-1920-47c5-8ad8-d86b2c9e2096@localhost,SuspiciousTitForTat,D,1,1,624,624
617,player_a549a738-25d9-480d-9452-2d295044e2ff@localhost,GrimTrigger,D,player_85460bd7-1920-47c5-8ad8-d86b2c9e2096@localhost,SuspiciousTitForTat,D,1,1,625,625
618,player_a549a738-25d9-480d-9452-2d295044e2ff@localhost,GrimTrigger,D,player_85460bd7-1920-47c5-8ad8-d86b2c9e2096@localhost,SuspiciousTitForTat,D,1,1,626,626
619,player_a549a738-25d9-480d-9452-2d295044e2ff@localhost,GrimTrigger,D,player_85460bd7-1920-47c5-8ad8-d86b2c9e2096@localhost,SuspiciousTitForTat,D,1,1,627,627
620,player_a549a738-25d9-480d-9452-2d295044e2ff@localhost,GrimTrigger,D,player_85460bd7-1920-47c5-8ad8-d86b2c9e2096@localhost,SuspiciousTitForTat,D,1,1,628,628
621,player_a549a738-25d9-480d-9452-2d295044e2ff@localhost,GrimTrigger,D,player_85460bd7-1920-47c5-8ad8-d86b2c9e2096@localhost,SuspiciousTitForTat,D,1,1,629,629
622,player_a549a738-25d9-480d-9452-2d295044e2ff@localhost,GrimTrigger,D,player_85460bd7-1920-47c5-8ad8-d86b2c9e2096@localhost,SuspiciousTitForTat,D,1,1,630,630
623,player_a549a738-25d9-480d-9452-2d295044e2ff@localhost,GrimTrigger,D,player_85460bd7-1920-47c5-8ad8-d86b2c9e2096@localhost,SuspiciousTitForTat,D,1,1,631,631
624,player_a549a738-25d9-480d-9452-2d295044e2ff@localhost,GrimTrigger,D,player_85460bd7-1920-47c5-8ad8-d86b2c9e2096@localhost,SuspiciousTitForTat,D,1,1,632,632
625,player_a549a738-25d9-480d-9452-2d295044e2ff@localhost,GrimTrigger,D,player_85460bd7-1920-47c5-8ad8-d86b2c9e2096@localhost,SuspiciousTitForTat,D,1,1,633,633
626,player_a549a738-25d9-480d-9452-2d295044e2ff@localhost,GrimTrigger,D,player_85460bd7-1920-47c5-8ad8-d86b2c9e2096@localhost,SuspiciousTitForTat,D,1,1,634,634
627,player_a549a738-25d9-480d-9452-2d295044e2ff@localhost,GrimTrigger,D,player_85460bd7-1920-47c5-8ad8-d86b2c9e2096@localhost,SuspiciousTitForTat,D,1,1,635,635
628,player_a549a738-25d9-480d-9452-2d295044e2ff@localhost,GrimTrigger,D,player_85460bd7-1920-47c5-8ad8-d86b2c9e2096@localhost,SuspiciousTitForTat,D,1,1,636,636
629,player_a549a738-25d9-480d-9452-2d295044e2ff@localhost,GrimTrigger,D,player_85460bd7-1920-47c5-8ad8-d86b2c9e2096@localhost,SuspiciousTitForTat,D,1,1,637,637
630,player_a549a738-25d9-480d-9452-2d295044e2ff@localhost,GrimTrigger,D,player_85460bd7-1920-47c5-8ad8-d86b2c9e2096@localhost,SuspiciousTitForTat,D,1,1,638,638
631,player_a549a738-25d9-480d-9452-2d295044e2ff@localhost,GrimTrigger,D,player_85460bd7-1920-47c5-8ad8-d86b2c9e2096@localhost,SuspiciousTitForTat,D,1,1,639,639
632,player_a549a738-25d9-480d-9452-2d295044e2ff@localhost,GrimTrigger,D,player_85460bd7-1920-47c5-8ad8-d86b2c9e2096@localhost,SuspiciousTitForTat,D,1,1,640,640
633,player_a549a738-25d9-480d-9452-2d295044e2ff@localhost,GrimTrigger,D,player_85460bd7-1920-47c5-8ad8-d86b2c9e2096@localhost,SuspiciousTitForTat,D,1,1,641,641
634,player_a549a738-25d9-480d-9452-2d295044e2ff@localhost,GrimTrigger,D,player_85460bd7-1920-47c5-8ad8-d86b2c9e2096@localhost,SuspiciousTitForTat,D,1,1,642,642
635,player_a549a738-25d9-480d-9452-2d295044e2ff@localhost,GrimTrigger,D,player_85460bd7-1920-47c5-8ad8-d86b2c9e2096@localhost,SuspiciousTitForTat,D,1,1,643,643
636,player_a549a738-25d9-480d-9452-2d295044e2ff@localhost,GrimTrigger,D,player_85460bd7-1920-47c5-8ad8-d86b2c9e2096@localhost,SuspiciousTitForTat,D,1,1,644,644
637,player_a549a738-25d9-480d-9452-2d295044e2ff@localhost,GrimTrigger,D,player_85460bd7-1920-47c5-8ad8-d86b2c9e2096@localhost,SuspiciousTitForTat,D,1,1,645,645
638,player_a549a738-25d9-480d-9452-2d295044e2ff@localhost,GrimTrigger,D,player_85460bd7-1920-47c5-8ad8-d86b2c9e2096@localhost,SuspiciousTitForTat,D,1,1,646,646
639,player_a549a738-25d9-480d-9452-2d295044e2ff@localhost,GrimTrigger,D,player_85460bd7-1920-47c5-8ad8-d86b2c9e2096@localhost,SuspiciousTitForTat,D,1,1,647,647
640,player_a549a738-25d9-480d-9452-2d295044e2ff@localhost,GrimTrigger,D,player_85460bd7-1920-47c5-8ad8-d86b2c9e2096@localhost,SuspiciousTitForTat,D,1,1,648,648
641,player_a549a738-25d9-480d-9452-2d295044e2ff@localhost,GrimTrigger,D,player_85460bd7-1920-47c5-8ad8-d86b2c9e2096@localhost,SuspiciousTitForTat,D,1,1,649,649
642,player_a549a738-25d9-480d-9452-2d295044e2ff@localhost,GrimTrigger,D,player_85460bd7-1920-47c5-8ad8-d86b2c9e2096@localhost,SuspiciousTitForTat,D,1,1,650,650
643,player_a549a738-25d9-480d-9452-2d295044e2ff@localhost,GrimTrigger,D,player_85460bd7-1920-47c5-8ad8-d86b2c9e2096@localhost,SuspiciousTitForTat,D,1,1,651,651
644,player_a549a738-25d9-480d-9452-2d295044e2ff@localhost,GrimTrigger,D,player_85460bd7-1920-47c5-8ad8-d86b2c9e2096@localhost,SuspiciousTitForTat,D,1,1,652,652
645,player_a549a738-25d9-480d-9452-2d295044e2ff@localhost,GrimTrigger,D,player_85460bd7-1920-47c5-8ad8-d86b2c9e2096@localhost,SuspiciousTitForTat,D,1,1,653,653
646,player_a549a738-25d9-480d-9452-2d295044e2ff@localhost,GrimTrigger,D,player_85460bd7-1920-47c5-8ad8-d86b2c9e2096@localhost,SuspiciousTitForTat,D,1,1,654,654
647,player_a549a738-25d9-480d-9452-2d295044e2ff@localhost,GrimTrigger,D,player_85460bd7-1920-47c5-8ad8-d86b2c9e2096@localhost,SuspiciousTitForTat,D,1,1,655,655
648,player_a549a738-25d9-480d-9452-2d295044e2ff@localhost,GrimTrigger,D,player_85460bd7-1920-47c5-8ad8-d86b2c9e2096@localhost,SuspiciousTitForTat,D,1,1,656,656
649,player_a549a738-25d9-480d-9452-2d295044e2ff@localhost,GrimTrigger,D,player_85460bd7-1920-47c5-8ad8-d86b2c9e2096@localhost,SuspiciousTitForTat,D,1,1,657,657
650,player_a549a738-25d9-480d-9452-2d295044e2ff@localhost,GrimTrigger,D,player_85460bd7-1920-47c5-8ad8-d86b2c9e2096@localhost,SuspiciousTitForTat,D,1,1,658,658
651,player_a549a738-25d9-480d-9452-2d295044e2ff@localhost,GrimTrigger,D,player_85460bd7-1920-47c5-8ad8-d86b2c9e2096@localhost,SuspiciousTitForTat,D,1,1,659,659
652,player_a549a738-25d9-480d-9452-2d295044e2ff@localhost,GrimTrigger,D,player_85460bd7-1920-47c5-8ad8-d86b2c9e2096@localhost,SuspiciousTitForTat,D,1,1,660,660
653,player_a549a738-25d9-480d-9452-2d295044e2ff@localhost,GrimTrigger,D,player_85460bd7-1920-47c5-8ad8-d86b2c9e2096@localhost,SuspiciousTitForTat,D,1,1,661,661
654,player_a549a738-25d9-480d-9452-2d295044e2ff@localhost,GrimTrigger,D,player_85460bd7-1920-47c5-8ad8-d86b2c9e2096@localhost,SuspiciousTitForTat,D,1,1,662,662
655,player_a549a738-25d9-480d-9452-2d295044e2ff@localhost,GrimTrigger,D,player_85460bd7-1920-47c5-8ad8-d86b2c9e2096@localhost,SuspiciousTitForTat,D,1,1,663,663
656,player_a549a738-25d9-480d-9452-2d295044e2ff@localhost,GrimTrigger,D,player_85460bd7-1920-47c5-8ad8-d86b2c9e2096@localhost,SuspiciousTitForTat,D,1,1,664,664
657,player_a549a738-25d9-480d-9452-2d295044e2ff@localhost,GrimTrigger,D,player_85460bd7-1920-47c5-8ad8-d86b2c9e2096@localhost,SuspiciousTitForTat,D,1,1,665,665
658,player_a549a738-25d9-480d-9452-2d295044e2ff@localhost,GrimTrigger,D,player_85460bd7-1920-47c5-8ad8-d86b2c9e2096@localhost,SuspiciousTitForTat,D,1,1,666,666
659,player_a549a738-25d9-480d-9452-2d295044e2ff@localhost,GrimTrigger,D,player_85460bd7-1920-47c5-8ad8-d86b2c9e2096@localhost,SuspiciousTitForTat,D,1,1,667,667
660,player_a549a738-25d9-480d-9452-2d295044e2ff@localhost,GrimTrigger,D,player_85460bd7-1920-47c5-8ad8-d86b2c9e2096@localhost,SuspiciousTitForTat,D,1,1,668,668
661,player_a549a738-25d9-480d-9452-2d295044e2ff@localhost,GrimTrigger,D,player_85460bd7-1920-47c5-8ad8-d86b2c9e2096@localhost,SuspiciousTitForTat,D,1,1,669,669
662,player_a549a738-25d9-480d-9452-2d295044e2ff@localhost,GrimTrigger,D,player_85460bd7-1920-47c5-8ad8-d86b2c9e2096@localhost,SuspiciousTitForTat,D,1,1,670,670
663,player_a549a738-25d9-480d-9452-2d295044e2ff@localhost,GrimTrigger,D,player_85460bd7-1920-47c5-8ad8-d86b2c9e2096@localhost,SuspiciousTitForTat,D,1,1,671,671
664,player_a549a738-25d9-480d-9452-2d295044e2ff@localhost,GrimTrigger,D,player_85460bd7-1920-47c5-8ad8-d86b2c9e2096@localhost,SuspiciousTitForTat,D,1,1,672,672
665,player_a549a738-25d9-480d-9452-2d295044e2ff@localhost,GrimTrigger,D,player_85460bd7-1920-47c5-8ad8-d86b2c9e2096@localhost,SuspiciousTitForTat,D,1,1,673,673
666,player_a549a738-25d9-480d-9452-2d295044e2ff@localhost,GrimTrigger,D,player_85460bd7-1920-47c5-8ad8-d86b2c9e2096@localhost,SuspiciousTitForTat,D,1,1,674,674
667,player_a549a738-25d9-480d-9452-2d295044e2ff@localhost,GrimTrigger,D,player_85460bd7-1920-47c5-8ad8-d86b2c9e2096@localhost,SuspiciousTitForTat,D,1,1,675,675
668,player_a549a738-25d9-480d-9452-2d295044e2ff@localhost,GrimTrigger,D,player_85460bd7-1920-47c5-8ad8-d86b2c9e2096@localhost,SuspiciousTitForTat,D,1,1,676,676
669,player_a549a738-25d9-480d-9452-2d295044e2ff@localhost,GrimTrigger,D,player_85460bd7-1920-47c5-8ad8-d86b2c9e2096@localhost,SuspiciousTitForTat,D,1,1,677,677
670,player_a549a738-25d9-480d-9452-2d295044e2ff@localhost,GrimTrigger,D,player_85460bd7-1920-47c5-8ad8-d86b2c9e2096@localhost,SuspiciousTitForTat,D,1,1,678,678
671,player_a549a738-25d9-480d-9452-2d295044e2ff@localhost,GrimTrigger,D,player_85460bd7-1920-47c5-8ad8-d86b2c9e2096@localhost,SuspiciousTitForTat,D,1,1,679,679
672,player_a549a738-25d9-480d-9452-2d295044e2ff@localhost,GrimTrigger,D,player_85460bd7-1920-47c5-8ad8-d86b2c9e2096@localhost,SuspiciousTitForTat,D,1,1,680,680
673,player_a549a738-25d9-480d-9452-2d295044e2ff@localhost,GrimTrigger,D,player_85460bd7-1920-47c5-8ad8-d86b2c9e2096@localhost,SuspiciousTitForTat,D,1,1,681,681
674,player_a549a738-25d9-480d-9452-2d295044e2ff@localhost,GrimTrigger,D,player_85460bd7-1920-47c5-8ad8-d86b2c9e2096@localhost,SuspiciousTitForTat,D,1,1,682,682
675,player_a549a738-25d9-480d-9452-2d295044e2ff@localhost,GrimTrigger,D,player_85460bd7-1920-47c5-8ad8-d86b2c9e2096@localhost,SuspiciousTitForTat,D,1,1,683,683
676,player_a549a738-25d9-480d-9452-2d295044e2ff@localhost,GrimTrigger,D,player_85460bd7-1920-47c5-8ad8-d86b2c9e2096@localhost,SuspiciousTitForTat,D,1,1,684,684
677,player_a549a738-25d9-480d-9452-2d295044e2ff@localhost,GrimTrigger,D,player_85460bd7-1920-47c5-8ad8-d86b2c9e2096@localhost,SuspiciousTitForTat,D,1,1,685,685
678,player_a549a738-25d9-480d-9452-2d295044e2ff@localhost,GrimTrigger,D,player_85460bd7-1920-47c5-8ad8-d86b2c9e2096@localhost,SuspiciousTitForTat,D,1,1,686,686
679,player_a549a738-25d9-480d-9452-2d295044e2ff@localhost,GrimTrigger,D,player_85460bd7-1920-47c5-8ad8-d86b2c9e2096@localhost,SuspiciousTitForTat,D,1,1,687,687
680,player_a549a738-25d9-480d-9452-2d295044e2ff@localhost,GrimTrigger,D,player_85460bd7-1920-47c5-8ad8-d86b2c9e2096@localhost,SuspiciousTitForTat,D,1,1,688,688
681,player_a549a738-25d9-480d-9452-2d295044e2ff@localhost,GrimTrigger,D,player_85460bd7-1920-47c5-8ad8-d86b2c9e2096@localhost,SuspiciousTitForTat,D,1,1,689,689
682,player_a549a738-25d9-480d-9452-2d295044e2ff@localhost,GrimTrigger,D,player_85460bd7-1920-47c5-8ad8-d86b2c9e2096@localhost,SuspiciousTitForTat,D,1,1,690,690
683,player_a549a738-25d9-480d-9452-2d295044e2ff@localhost,GrimTrigger,D,player_85460bd7-1920-47c5-8ad8-d86b2c9e2096@localhost,SuspiciousTitForTat,D,1,1,691,691
684,player_a549a738-25d9-480d-9452-2d295044e2ff@localhost,GrimTrigger,D,player_85460bd7-1920-47c5-8ad8-d86b2c9e2096@localhost,SuspiciousTitForTat,D,1,1,692,692
685,player_a549a738-25d9-480d-9452-2d295044e2ff@localhost,GrimTrigger,D,player_85460bd7-1920-47c5-8ad8-d86b2c9e2096@localhost,SuspiciousTitForTat,D,1,1,693,693
686,player_a549a738-25d9-480d-9452-2d295044e2ff@localhost,GrimTrigger,D,player_85460bd7-1920-47c5-8ad8-d86b2c9e2096@localhost,SuspiciousTitForTat,D,1,1,694,694
687,player_a549a738-25d9-480d-9452-2d295044e2ff@localhost,GrimTrigger,D,player_85460bd7-1920-47c5-8ad8-d86b2c9e2096@localhost,SuspiciousTitForTat,D,1,1,695,695
688,player_a549a738-25d9-480d-9452-2d295044e2ff@localhost,GrimTrigger,D,player_85460bd7-1920-47c5-8ad8-d86b2c9e2096@localhost,SuspiciousTitForTat,D,1,1,696,696
689,player_a549a738-25d9-480d-9452-2d295044e2ff@localhost,GrimTrigger,D,player_85460bd7-1920-47c5-8ad8-d86b2c9e2096@localhost,SuspiciousTitForTat,D,1,1,697,697
690,player_a549a738-25d9-480d-9452-2d295044e2ff@localhost,GrimTrigger,D,player_85460bd7-1920-47c5-8ad8-d86b2c9e2096@localhost,SuspiciousTitForTat,D,1,1,698,698
691,player_a549a738-25d9-480d-9452-2d295044e2ff@localhost,GrimTrigger,D,player_85460bd7-1920-47c5-8ad8-d86b2c9e2096@localhost,SuspiciousTitForTat,D,1,1,699,699
692,player_a549a738-25d9-480d-9452-2d295044e2ff@localhost,GrimTrigger,D,player_85460bd7-1920-47c5-8ad8-d86b2c9e2096@localhost,SuspiciousTitForTat,D,1,1,700,700
693,player_a549a738-25d9-480d-9452-2d295044e2ff@localhost,GrimTrigger,D,player_85460bd7-1920-47c5-8ad8-d86b2c9e2096@localhost,SuspiciousTitForTat,D,1,1,701,701
694,player_a549a738-25d9-480d-9452-2d295044e2ff@localhost,GrimTrigger,D,player_85460bd7-1920-47c5-8ad8-d86b2c9e2096@localhost,SuspiciousTitForTat,D,1,1,702,702
695,player_a549a738-25d9-480d-9452-2d295044e2ff@localhost,GrimTrigger,D,player_85460bd7-1920-47c5-8ad8-d86b2c9e2096@localhost,SuspiciousTitForTat,D,1,1,703,703
696,player_a549a738-25d9-480d-9452-2d295044e2ff@localhost,GrimTrigger,D,player_85460bd7-1920-47c5-8ad8-d86b2c9e2096@localhost,SuspiciousTitForTat,D,1,1,704,704
697,player_a549a738-25d9-480d-9452-2d295044e2ff@localhost,GrimTrigger,D,player_85460bd7-1920-47c5-8ad8-d86b2c9e2096@localhost,SuspiciousTitForTat,D,1,1,705,705
698,player_a549a738-25d9-480d-9452-2d295044e2ff@localhost,GrimTrigger,D,player_85460bd7-1920-47c5-8ad8-d86b2c9e2096@localhost,SuspiciousTitForTat,D,1,1,706,706
699,player_a549a738-25d9-480d-9452-2d295044e2ff@localhost,GrimTrigger,D,player_85460bd7-1920-47c5-8ad8-d86b2c9e2096@localhost,SuspiciousTitForTat,D,1,1,707,707
700,player_a549a738-25d9-480d-9452-2d295044e2ff@localhost,GrimTrigger,D,player_85460bd7-1920-47c5-8ad8-d86b2c9e2096@localhost,SuspiciousTitForTat,D,1,1,708,708
701,player_a549a738-25d9-480d-9452-2d295044e2ff@localhost,GrimTrigger,D,player_85460bd7-1920-47c5-8ad8-d86b2c9e2096@localhost,SuspiciousTitForTat,D,1,1,709,709
702,player_a549a738-25d9-480d-9452-2d295044e2ff@localhost,GrimTrigger,D,player_85460bd7-1920-47c5-8ad8-d86b2c9e2096@localhost,SuspiciousTitForTat,D,1,1,710,710
703,player_a549a738-25d9-480d-9452-2d295044e2ff@localhost,GrimTrigger,D,player_85460bd7-1920-47c5-8ad8-d86b2c9e2096@localhost,SuspiciousTitForTat,D,1,1,711,711
704,player_a549a738-25d9-480d-9452-2d295044e2ff@localhost,GrimTrigger,D,player_85460bd7-1920-47c5-8ad8-d86b2c9e2096@localhost,SuspiciousTitForTat,D,1,1,712,712
705,player_a549a738-25d9-480d-9452-2d295044e2ff@localhost,GrimTrigger,D,player_85460bd7-1920-47c5-8ad8-d86b2c9e2096@localhost,SuspiciousTitForTat,D,1,1,713,713
706,player_a549a738-25d9-480d-9452-2d295044e2ff@localhost,GrimTrigger,D,player_85460bd7-1920-47c5-8ad8-d86b2c9e2096@localhost,SuspiciousTitForTat,D,1,1,714,714
707,player_a549a738-25d9-480d-9452-2d295044e2ff@localhost,GrimTrigger,D,player_85460bd7-1920-47c5-8ad8-d86b2c9e2096@localhost,SuspiciousTitForTat,D,1,1,715,715
708,player_a549a738-25d9-480d-9452-2d295044e2ff@localhost,GrimTrigger,D,player_85460bd7-1920-47c5-8ad8-d86b2c9e2096@localhost,SuspiciousTitForTat,D,1,1,716,716
709,player_a549a738-25d9-480d-9452-2d295044e2ff@localhost,GrimTrigger,D,player_85460bd7-1920-47c5-8ad8-d86b2c9e2096@localhost,SuspiciousTitForTat,D,1,1,717,717
710,player_a549a738-25d9-480d-9452-2d295044e2ff@localhost,GrimTrigger,D,player_85460bd7-1920-47c5-8ad8-d86b2c9e2096@localhost,SuspiciousTitForTat,D,1,1,718,718
711,player_a549a738-25d9-480d-9452-2d295044e2ff@localhost,GrimTrigger,D,player_85460bd7-1920-47c5-8ad8-d86b2c9e2096@localhost,SuspiciousTitForTat,D,1,1,719,719
712,player_a549a738-25d9-480d-9452-2d295044e2ff@localhost,GrimTrigger,D,player_85460bd7-1920-47c5-8ad8-d86b2c9e2096@localhost,SuspiciousTitForTat,D,1,1,720,720
713,player_a549a738-25d9-480d-9452-2d295044e2ff@localhost,GrimTrigger,D,player_85460bd7-1920-47c5-8ad8-d86b2c9e2096@localhost,SuspiciousTitForTat,D,1,1,721,721
714,player_a549a738-25d9-480d-9452-2d295044e2ff@localhost,GrimTrigger,D,player_85460bd7-1920-47c5-8ad8-d86b2c9e2096@localhost,SuspiciousTitForTat,D,1,1,722,722
715,player_a549a738-25d9-480d-9452-2d295044e2ff@localhost,GrimTrigger,D,player_85460bd7-1920-47c5-8ad8-d86b2c9e2096@localhost,SuspiciousTitForTat,D,1,1,723,723
716,player_a549a738-25d9-480d-9452-2d295044e2ff@localhost,GrimTrigger,D,player_85460bd7-1920-47c5-8ad8-d86b2c9e2096@localhost,SuspiciousTitForTat,D,1,1,724,724
717,player_a549a738-25d9-480d-9452-2d295044e2ff@localhost,GrimTrigger,D,player_85460bd7-1920-47c5-8ad8-d86b2c9e2096@localhost,SuspiciousTitForTat,D,1,1,725,725
718,player_a549a738-25d9-480d-9452-2d295044e2ff@localhost,GrimTrigger,D,player_85460bd7-1920-47c5-8ad8-d86b2c9e2096@localhost,SuspiciousTitForTat,D,1,1,726,726
719,player_a549a738-25d9-480d-9452-2d295044e2ff@localhost,GrimTrigger,D,player_85460bd7-1920-47c5-8ad8-d86b2c9e2096@localhost,SuspiciousTitForTat,D,1,1,727,727
720,player_a549a738-25d9-480d-9452-2d295044e2ff@localhost,GrimTrigger,D,player_85460bd7-1920-47c5-8ad8-d86b2c9e2096@localhost,SuspiciousTitForTat,D,1,1,728,728
721,player_a549a738-25d9-480d-9452-2d295044e2ff@localhost,GrimTrigger,D,player_85460bd7-1920-47c5-8ad8-d86b2c9e2096@localhost,SuspiciousTitForTat,D,1,1,729,729
722,player_a549a738-25d9-480d-9452-2d295044e2ff@localhost,GrimTrigger,D,player_85460bd7-1920-47c5-8ad8-d86b2c9e2096@localhost,SuspiciousTitForTat,D,1,1,730,730
723,player_a549a738-25d9-480d-9452-2d295044e2ff@localhost,GrimTrigger,D,player_85460bd7-1920-47c5-8ad8-d86b2c9e2096@localhost,SuspiciousTitForTat,D,1,1,731,731
724,player_a549a738-25d9-480d-9452-2d295044e2ff@localhost,GrimTrigger,D,player_85460bd7-1920-47c5-8ad8-d86b2c9e2096@localhost,SuspiciousTitForTat,D,1,1,732,732
725,player_a549a738-25d9-480d-9452-2d295044e2ff@localhost,GrimTrigger,D,player_85460bd7-1920-47c5-8ad8-d86b2c9e2096@localhost,SuspiciousTitForTat,D,1,1,733,733
726,player_a549a738-25d9-480d-9452-2d295044e2ff@localhost,GrimTrigger,D,player_85460bd7-1920-47c5-8ad8-d86b2c9e2096@localhost,SuspiciousTitForTat,D,1,1,734,734
727,player_a549a738-25d9-480d-9452-2d295044e2ff@localhost,GrimTrigger,D,player_85460bd7-1920-47c5-8ad8-d86b2c9e2096@localhost,SuspiciousTitForTat,D,1,1,735,735
728,player_a549a738-25d9-480d-9452-2d295044e2ff@localhost,GrimTrigger,D,player_85460bd7-1920-47c5-8ad8-d86b2c9e2096@localhost,SuspiciousTitForTat,D,1,1,736,736
729,player_a549a738-25d9-480d-9452-2d295044e2ff@localhost,GrimTrigger,D,player_85460bd7-1920-47c5-8ad8-d86b2c9e2096@localhost,SuspiciousTitForTat,D,1,1,737,737
730,player_a549a738-25d9-480d-9452-2d295044e2ff@localhost,GrimTrigger,D,player_85460bd7-1920-47c5-8ad8-d86b2c9e2096@localhost,SuspiciousTitForTat,D,1,1,738,738
731,player_a549a738-25d9-480d-9452-2d295044e2ff@localhost,GrimTrigger,D,player_85460bd7-1920-47c5-8ad8-d86b2c9e2096@localhost,SuspiciousTitForTat,D,1,1,739,739
732,player_a549a738-25d9-480d-9452-2d295044e2ff@localhost,GrimTrigger,D,player_85460bd7-1920-47c5-8ad8-d86b2c9e2096@localhost,SuspiciousTitForTat,D,1,1,740,740
733,player_a549a738-25d9-480d-9452-2d295044e2ff@localhost,GrimTrigger,D,player_85460bd7-1920-47c5-8ad8-d86b2c9e2096@localhost,SuspiciousTitForTat,D,1,1,741,741
734,player_a549a738-25d9-480d-9452-2d295044e2ff@localhost,GrimTrigger,D,player_85460bd7-1920-47c5-8ad8-d86b2c9e2096@localhost,SuspiciousTitForTat,D,1,1,742,742
735,player_a549a738-25d9-480d-9452-2d295044e2ff@localhost,GrimTrigger,D,player_85460bd7-1920-47c5-8ad8-d86b2c9e2096@localhost,SuspiciousTitForTat,D,1,1,743,743
736,player_a549a738-25d9-480d-9452-2d295044e2ff@localhost,GrimTrigger,D,player_85460bd7-1920-47c5-8ad8-d86b2c9e2096@localhost,SuspiciousTitForTat,D,1,1,744,744
737,player_a549a738-25d9-480d-9452-2d295044e2ff@localhost,GrimTrigger,D,player_85460bd7-1920-47c5-8ad8-d86b2c9e2096@localhost,SuspiciousTitForTat,D,1,1,745,745
738,player_a549a738-25d9-480d-9452-2d295044e2ff@localhost,GrimTrigger,D,player_85460bd7-1920-47c5-8ad8-d86b2c9e2096@localhost,SuspiciousTitForTat,D,1,1,746,746
739,player_a549a738-25d9-480d-9452-2d295044e2ff@localhost,GrimTrigger,D,player_85460bd7-1920-47c5-8ad8-d86b2c9e2096@localhost,SuspiciousTitForTat,D,1,1,747,747
740,player_a549a738-25d9-480d-9452-2d295044e2ff@localhost,GrimTrigger,D,player_85460bd7-1920-47c5-8ad8-d86b2c9e2096@localhost,SuspiciousTitForTat,D,1,1,748,748
741,player_a549a738-25d9-480d-9452-2d295044e2ff@localhost,GrimTrigger,D,player_85460bd7-1920-47c5-8ad8-d86b2c9e2096@localhost,SuspiciousTitForTat,D,1,1,749,749
742,player_a549a738-25d9-480d-9452-2d295044e2ff@localhost,GrimTrigger,D,player_85460bd7-1920-47c5-8ad8-d86b2c9e2096@localhost,SuspiciousTitForTat,D,1,1,750,750
743,player_a549a738-25d9-480d-9452-2d295044e2ff@localhost,GrimTrigger,D,player_85460bd7-1920-47c5-8ad8-d86b2c9e2096@localhost,SuspiciousTitForTat,D,1,1,751,751
744,player_a549a738-25d9-480d-9452-2d295044e2ff@localhost,GrimTrigger,D,player_85460bd7-1920-47c5-8ad8-d86b2c9e2096@localhost,SuspiciousTitForTat,D,1,1,752,752
745,player_a549a738-25d9-480d-9452-2d295044e2ff@localhost,GrimTrigger,D,player_85460bd7-1920-47c5-8ad8-d86b2c9e2096@localhost,SuspiciousTitForTat,D,1,1,753,753
746,player_a549a738-25d9-480d-9452-2d295044e2ff@localhost,GrimTrigger,D,player_85460bd7-1920-47c5-8ad8-d86b2c9e2096@localhost,SuspiciousTitForTat,D,1,1,754,754
747,player_a549a738-25d9-480d-9452-2d295044e2ff@localhost,GrimTrigger,D,player_85460bd7-1920-47c5-8ad8-d86b2c9e2096@localhost,SuspiciousTitForTat,D,1,1,755,755
748,player_a549a738-25d9-480d-9452-2d295044e2ff@localhost,GrimTrigger,D,player_85460bd7-1920-47c5-8ad8-d86b2c9e2096@localhost,SuspiciousTitForTat,D,1,1,756,756
749,player_a549a738-25d9-480d-9452-2d295044e2ff@localhost,GrimTrigger,D,player_85460bd7-1920-47c5-8ad8-d86b2c9e2096@localhost,SuspiciousTitForTat,D,1,1,757,757
750,player_a549a738-25d9-480d-9452-2d295044e2ff@localhost,GrimTrigger,D,player_85460bd7-1920-47c5-8ad8-d86b2c9e2096@localhost,SuspiciousTitForTat,D,1,1,758,758
751,player_a549a738-25d9-480d-9452-2d295044e2ff@localhost,GrimTrigger,D,player_85460bd7-1920-47c5-8ad8-d86b2c9e2096@localhost,SuspiciousTitForTat,D,1,1,759,759
752,player_a549a738-25d9-480d-9452-2d295044e2ff@localhost,GrimTrigger,D,player_85460bd7-1920-47c5-8ad8-d86b2c9e2096@localhost,SuspiciousTitForTat,D,1,1,760,760
753,player_a549a738-25d9-480d-9452-2d295044e2ff@localhost,GrimTrigger,D,player_85460bd7-1920-47c5-8ad8-d86b2c9e2096@localhost,SuspiciousTitForTat,D,1,1,761,761
754,player_a549a738-25d9-480d-9452-2d295044e2ff@localhost,GrimTrigger,D,player_85460bd7-1920-47c5-8ad8-d86b2c9e2096@localhost,SuspiciousTitForTat,D,1,1,762,762
755,player_a549a738-25d9-480d-9452-2d295044e2ff@localhost,GrimTrigger,D,player_85460bd7-1920-47c5-8ad8-d86b2c9e2096@localhost,SuspiciousTitForTat,D,1,1,763,763
756,player_a549a738-25d9-480d-9452-2d295044e2ff@localhost,GrimTrigger,D,player_85460bd7-1920-47c5-8ad8-d86b2c9e2096@localhost,SuspiciousTitForTat,D,1,1,764,764
757,player_a549a738-25d9-480d-9452-2d295044e2ff@localhost,GrimTrigger,D,player_85460bd7-1920-47c5-8ad8-d86b2c9e2096@localhost,SuspiciousTitForTat,D,1,1,765,765
758,player_a549a738-25d9-480d-9452-2d295044e2ff@localhost,GrimTrigger,D,player_85460bd7-1920-47c5-8ad8-d86b2c9e2096@localhost,SuspiciousTitForTat,D,1,1,766,766
759,player_a549a738-25d9-480d-9452-2d295044e2ff@localhost,GrimTrigger,D,player_85460bd7-1920-47c5-8ad8-d86b2c9e2096@localhost,SuspiciousTitForTat,D,1,1,767,767
760,player_a549a738-25d9-480d-9452-2d295044e2ff@localhost,GrimTrigger,D,player_85460bd7-1920-47c5-8ad8-d86b2c9e2096@localhost,SuspiciousTitForTat,D,1,1,768,768
761,player_a549a738-25d9-480d-9452-2d295044e2ff@localhost,GrimTrigger,D,player_85460bd7-1920-47c5-8ad8-d86b2c9e2096@localhost,SuspiciousTitForTat,D,1,1,769,769
762,player_a549a738-25d9-480d-9452-2d295044e2ff@localhost,GrimTrigger,D,player_85460bd7-1920-47c5-8ad8-d86b2c9e2096@localhost,SuspiciousTitForTat,D,1,1,770,770
763,player_a549a738-25d9-480d-9452-2d295044e2ff@localhost,GrimTrigger,D,player_85460bd7-1920-47c5-8ad8-d86b2c9e2096@localhost,SuspiciousTitForTat,D,1,1,771,771
764,player_a549a738-25d9-480d-9452-2d295044e2ff@localhost,GrimTrigger,D,player_85460bd7-1920-47c5-8ad8-d86b2c9e2096@localhost,SuspiciousTitForTat,D,1,1,772,772
765,player_a549a738-25d9-480d-9452-2d295044e2ff@localhost,GrimTrigger,D,player_85460bd7-1920-47c5-8ad8-d86b2c9e2096@localhost,SuspiciousTitForTat,D,1,1,773,773
766,player_a549a738-25d9-480d-9452-2d295044e2ff@localhost,GrimTrigger,D,player_85460bd7-1920-47c5-8ad8-d86b2c9e2096@localhost,SuspiciousTitForTat,D,1,1,774,774
767,player_a549a738-25d9-480d-9452-2d295044e2ff@localhost,GrimTrigger,D,player_85460bd7-1920-47c5-8ad8-d86b2c9e2096@localhost,SuspiciousTitForTat,D,1,1,775,775
768,player_a549a738-25d9-480d-9452-2d295044e2ff@localhost,GrimTrigger,D,player_85460bd7-1920-47c5-8ad8-d86b2c9e2096@localhost,SuspiciousTitForTat,D,1,1,776,776
769,player_a549a738-25d9-480d-9452-2d295044e2ff@localhost,GrimTrigger,D,player_85460bd7-1920-47c5-8ad8-d86b2c9e2096@localhost,SuspiciousTitForTat,D,1,1,777,777
770,player_a549a738-25d9-480d-9452-2d295044e2ff@localhost,GrimTrigger,D,player_85460bd7-1920-47c5-8ad8-d86b2c9e2096@localhost,SuspiciousTitForTat,D,1,1,778,778
771,player_a549a738-25d9-480d-9452-2d295044e2ff@localhost,GrimTrigger,D,player_85460bd7-1920-47c5-8ad8-d86b2c9e2096@localhost,SuspiciousTitForTat,D,1,1,779,779
772,player_a549a738-25d9-480d-9452-2d295044e2ff@localhost,GrimTrigger,D,player_85460bd7-1920-47c5-8ad8-d86b2c9e2096@localhost,SuspiciousTitForTat,D,1,1,780,780
773,player_a549a738-25d9-480d-9452-2d295044e2ff@localhost,GrimTrigger,D,player_85460bd7-1920-47c5-8ad8-d86b2c9e2096@localhost,SuspiciousTitForTat,D,1,1,781,781
774,player_a549a738-25d9-480d-9452-2d295044e2ff@localhost,GrimTrigger,D,player_85460bd7-1920-47c5-8ad8-d86b2c9e2096@localhost,SuspiciousTitForTat,D,1,1,782,782
775,player_a549a738-25d9-480d-9452-2d295044e2ff@localhost,GrimTrigger,D,player_85460bd7-1920-47c5-8ad8-d86b2c9e2096@localhost,SuspiciousTitForTat,D,1,1,783,783
776,player_a549a738-25d9-480d-9452-2d295044e2ff@localhost,GrimTrigger,D,player_85460bd7-1920-47c5-8ad8-d86b2c9e2096@localhost,SuspiciousTitForTat,D,1,1,784,784
777,player_a549a738-25d9-480d-9452-2d295044e2ff@localhost,GrimTrigger,D,player_85460bd7-1920-47c5-8ad8-d86b2c9e2096@localhost,SuspiciousTitForTat,D,1,1,785,785
778,player_a549a738-25d9-480d-9452-2d295044e2ff@localhost,GrimTrigger,D,player_85460bd7-1920-47c5-8ad8-d86b2c9e2096@localhost,SuspiciousTitForTat,D,1,1,786,786
779,player_a549a738-25d9-480d-9452-2d295044e2ff@localhost,GrimTrigger,D,player_85460bd7-1920-47c5-8ad8-d86b2c9e2096@localhost,SuspiciousTitForTat,D,1,1,787,787
780,player_a549a738-25d9-480d-9452-2d295044e2ff@localhost,GrimTrigger,D,player_85460bd7-1920-47c5-8ad8-d86b2c9e2096@localhost,SuspiciousTitForTat,D,1,1,788,788
781,player_a549a738-25d9-480d-9452-2d295044e2ff@localhost,GrimTrigger,D,player_85460bd7-1920-47c5-8ad8-d86b2c9e2096@localhost,SuspiciousTitForTat,D,1,1,789,789
782,player_a549a738-25d9-480d-9452-2d295044e2ff@localhost,GrimTrigger,D,player_85460bd7-1920-47c5-8ad8-d86b2c9e2096@localhost,SuspiciousTitForTat,D,1,1,790,790
783,player_a549a738-25d9-480d-9452-2d295044e2ff@localhost,GrimTrigger,D,player_85460bd7-1920-47c5-8ad8-d86b2c9e2096@localhost,SuspiciousTitForTat,D,1,1,791,791
784,player_a549a738-25d9-480d-9452-2d295044e2ff@localhost,GrimTrigger,D,player_85460bd7-1920-47c5-8ad8-d86b2c9e2096@localhost,SuspiciousTitForTat,D,1,1,792,792
785,player_a549a738-25d9-480d-9452-2d295044e2ff@localhost,GrimTrigger,D,player_85460bd7-1920-47c5-8ad8-d86b2c9e2096@localhost,SuspiciousTitForTat,D,1,1,793,793
786,player_a549a738-25d9-480d-9452-2d295044e2ff@localhost,GrimTrigger,D,player_85460bd7-1920-47c5-8ad8-d86b2c9e2096@localhost,SuspiciousTitForTat,D,1,1,794,794
787,player_a549a738-25d9-480d-9452-2d295044e2ff@localhost,GrimTrigger,D,player_85460bd7-1920-47c5-8ad8-d86b2c9e2096@localhost,SuspiciousTitForTat,D,1,1,795,795
788,player_a549a738-25d9-480d-9452-2d295044e2ff@localhost,GrimTrigger,D,player_85460bd7-1920-47c5-8ad8-d86b2c9e2096@localhost,SuspiciousTitForTat,D,1,1,796,796
789,player_a549a738-25d9-480d-9452-2d295044e2ff@localhost,GrimTrigger,D,player_85460bd7-1920-47c5-8ad8-d86b2c9e2096@localhost,SuspiciousTitForTat,D,1,1,797,797
790,player_a549a738-25d9-480d-9452-2d295044e2ff@localhost,GrimTrigger,D,player_85460bd7-1920-47c5-8ad8-d86b2c9e2096@localhost,SuspiciousTitForTat,D,1,1,798,798
791,player_a549a738-25d9-480d-9452-2d295044e2ff@localhost,GrimTrigger,D,player_85460bd7-1920-47c5-8ad8-d86b2c9e2096@localhost,SuspiciousTitForTat,D,1,1,799,799
792,player_a549a738-25d9-480d-9452-2d295044e2ff@localhost,GrimTrigger,D,player_85460bd7-1920-47c5-8ad8-d86b2c9e2096@localhost,SuspiciousTitForTat,D,1,1,800,800
793,player_a549a738-25d9-480d-9452-2d295044e2ff@localhost,GrimTrigger,D,player_85460bd7-1920-47c5-8ad8-d86b2c9e2096@localhost,SuspiciousTitForTat,D,1,1,801,801
794,player_a549a738-25d9-480d-9452-2d295044e2ff@localhost,GrimTrigger,D,player_85460bd7-1920-47c5-8ad8-d86b2c9e2096@localhost,SuspiciousTitForTat,D,1,1,802,802
795,player_a549a738-25d9-480d-9452-2d295044e2ff@localhost,GrimTrigger,D,player_85460bd7-1920-47c5-8ad8-d86b2c9e2096@localhost,SuspiciousTitForTat,D,1,1,803,803
796,player_a549a738-25d9-480d-9452-2d295044e2ff@localhost,GrimTrigger,D,player_85460bd7-1920-47c5-8ad8-d86b2c9e2096@localhost,SuspiciousTitForTat,D,1,1,804,804
797,player_a549a738-25d9-480d-9452-2d295044e2ff@localhost,GrimTrigger,D,player_85460bd7-1920-47c5-8ad8-d86b2c9e2096@localhost,SuspiciousTitForTat,D,1,1,805,805
798,player_a549a738-25d9-480d-9452-2d295044e2ff@localhost,GrimTrigger,D,player_85460bd7-1920-47c5-8ad8-d86b2c9e2096@localhost,SuspiciousTitForTat,D,1,1,806,806
799,player_a549a738-25d9-480d-9452-2d295044e2ff@localhost,GrimTrigger,D,player_85460bd7-1920-47c5-8ad8-d86b2c9e2096@localhost,SuspiciousTitForTat,D,1,1,807,807
800,player_a549a738-25d9-480d-9452-2d295044e2ff@localhost,GrimTrigger,D,player_85460bd7-1920-47c5-8ad8-d86b2c9e2096@localhost,SuspiciousTitForTat,D,1,1,808,808
801,player_a549a738-25d9-480d-9452-2d295044e2ff@localhost,GrimTrigger,D,player_85460bd7-1920-47c5-8ad8-d86b2c9e2096@localhost,SuspiciousTitForTat,D,1,1,809,809
802,player_a549a738-25d9-480d-9452-2d295044e2ff@localhost,GrimTrigger,D,player_85460bd7-1920-47c5-8ad8-d86b2c9e2096@localhost,SuspiciousTitForTat,D,1,1,810,810
803,player_a549a738-25d9-480d-9452-2d295044e2ff@localhost,GrimTrigger,D,player_85460bd7-1920-47c5-8ad8-d86b2c9e2096@localhost,SuspiciousTitForTat,D,1,1,811,811
804,player_a549a738-25d9-480d-9452-2d295044e2ff@localhost,GrimTrigger,D,player_85460bd7-1920-47c5-8ad8-d86b2c9e2096@localhost,SuspiciousTitForTat,D,1,1,812,812
805,player_a549a738-25d9-480d-9452-2d295044e2ff@localhost,GrimTrigger,D,player_85460bd7-1920-47c5-8ad8-d86b2c9e2096@localhost,SuspiciousTitForTat,D,1,1,813,813
806,player_a549a738-25d9-480d-9452-2d295044e2ff@localhost,GrimTrigger,D,player_85460bd7-1920-47c5-8ad8-d86b2c9e2096@localhost,SuspiciousTitForTat,D,1,1,814,814
807,player_a549a738-25d9-480d-9452-2d295044e2ff@localhost,GrimTrigger,D,player_85460bd7-1920-47c5-8ad8-d86b2c9e2096@localhost,SuspiciousTitForTat,D,1,1,815,815
808,player_a549a738-25d9-480d-9452-2d295044e2ff@localhost,GrimTrigger,D,player_85460bd7-1920-47c5-8ad8-d86b2c9e2096@localhost,SuspiciousTitForTat,D,1,1,816,816
809,player_a549a738-25d9-480d-9452-2d295044e2ff@localhost,GrimTrigger,D,player_85460bd7-1920-47c5-8ad8-d86b2c9e2096@localhost,SuspiciousTitForTat,D,1,1,817,817
810,player_a549a738-25d9-480d-9452-2d295044e2ff@localhost,GrimTrigger,D,player_85460bd7-1920-47c5-8ad8-d86b2c9e2096@localhost,SuspiciousTitForTat,D,1,1,818,818
811,player_a549a738-25d9-480d-9452-2d295044e2ff@localhost,GrimTrigger,D,player_85460bd7-1920-47c5-8ad8-d86b2c9e2096@localhost,SuspiciousTitForTat,D,1,1,819,819
812,player_a549a738-25d9-480d-9452-2d295044e2ff@localhost,GrimTrigger,D,player_85460bd7-1920-47c5-8ad8-d86b2c9e2096@localhost,SuspiciousTitForTat,D,1,1,820,820
813,player_a549a738-25d9-480d-9452-2d295044e2ff@localhost,GrimTrigger,D,player_85460bd7-1920-47c5-8ad8-d86b2c9e2096@localhost,SuspiciousTitForTat,D,1,1,821,821
814,player_a549a738-25d9-480d-9452-2d295044e2ff@localhost,GrimTrigger,D,player_85460bd7-1920-47c5-8ad8-d86b2c9e2096@localhost,SuspiciousTitForTat,D,1,1,822,822
815,player_a549a738-25d9-480d-9452-2d295044e2ff@localhost,GrimTrigger,D,player_85460bd7-1920-47c5-8ad8-d86b2c9e2096@localhost,SuspiciousTitForTat,D,1,1,823,823
816,player_a549a738-25d9-480d-9452-2d295044e2ff@localhost,GrimTrigger,D,player_85460bd7-1920-47c5-8ad8-d86b2c9e2096@localhost,SuspiciousTitForTat,D,1,1,824,824
817,player_a549a738-25d9-480d-9452-2d295044e2ff@localhost,GrimTrigger,D,player_85460bd7-1920-47c5-8ad8-d86b2c9e2096@localhost,SuspiciousTitForTat,D,1,1,825,825
818,player_a549a738-25d9-480d-9452-2d295044e2ff@localhost,GrimTrigger,D,player_85460bd7-1920-47c5-8ad8-d86b2c9e2096@localhost,SuspiciousTitForTat,D,1,1,826,826
819,player_a549a738-25d9-480d-9452-2d295044e2ff@localhost,GrimTrigger,D,player_85460bd7-1920-47c5-8ad8-d86b2c9e2096@localhost,SuspiciousTitForTat,D,1,1,827,827
820,player_a549a738-25d9-480d-9452-2d295044e2ff@localhost,GrimTrigger,D,player_85460bd7-1920-47c5-8ad8-d86b2c9e2096@localhost,SuspiciousTitForTat,D,1,1,828,828
821,player_a549a738-25d9-480d-9452-2d295044e2ff@localhost,GrimTrigger,D,player_85460bd7-1920-47c5-8ad8-d86b2c9e2096@localhost,SuspiciousTitForTat,D,1,1,829,829
822,player_a549a738-25d9-480d-9452-2d295044e2ff@localhost,GrimTrigger,D,player_85460bd7-1920-47c5-8ad8-d86b2c9e2096@localhost,SuspiciousTitForTat,D,1,1,830,830
823,player_a549a738-25d9-480d-9452-2d295044e2ff@localhost,GrimTrigger,D,player_85460bd7-1920-47c5-8ad8-d86b2c9e2096@localhost,SuspiciousTitForTat,D,1,1,831,831
824,player_a549a738-25d9-480d-9452-2d295044e2ff@localhost,GrimTrigger,D,player_85460bd7-1920-47c5-8ad8-d86b2c9e2096@localhost,SuspiciousTitForTat,D,1,1,832,832
825,player_a549a738-25d9-480d-9452-2d295044e2ff@localhost,GrimTrigger,D,player_85460bd7-1920-47c5-8ad8-d86b2c9e2096@localhost,SuspiciousTitForTat,D,1,1,833,833
826,player_a549a738-25d9-480d-9452-2d295044e2ff@localhost,GrimTrigger,D,player_85460bd7-1920-47c5-8ad8-d86b2c9e2096@localhost,SuspiciousTitForTat,D,1,1,834,834
827,player_a549a738-25d9-480d-9452-2d295044e2ff@localhost,GrimTrigger,D,player_85460bd7-1920-47c5-8ad8-d86b2c9e2096@localhost,SuspiciousTitForTat,D,1,1,835,835
828,player_a549a738-25d9-480d-9452-2d295044e2ff@localhost,GrimTrigger,D,player_85460bd7-1920-47c5-8ad8-d86b2c9e2096@localhost,SuspiciousTitForTat,D,1,1,836,836
829,player_a549a738-25d9-480d-9452-2d295044e2ff@localhost,GrimTrigger,D,player_85460bd7-1920-47c5-8ad8-d86b2c9e2096@localhost,SuspiciousTitForTat,D,1,1,837,837
830,player_a549a738-25d9-480d-9452-2d295044e2ff@localhost,GrimTrigger,D,player_85460bd7-1920-47c5-8ad8-d86b2c9e2096@localhost,SuspiciousTitForTat,D,1,1,838,838
831,player_a549a738-25d9-480d-9452-2d295044e2ff@localhost,GrimTrigger,D,player_85460bd7-1920-47c5-8ad8-d86b2c9e2096@localhost,SuspiciousTitForTat,D,1,1,839,839
832,player_a549a738-25d9-480d-9452-2d295044e2ff@localhost,GrimTrigger,D,player_85460bd7-1920-47c5-8ad8-d86b2c9e2096@localhost,SuspiciousTitForTat,D,1,1,840,840
833,player_a549a738-25d9-480d-9452-2d295044e2ff@localhost,GrimTrigger,D,player_85460bd7-1920-47c5-8ad8-d86b2c9e2096@localhost,SuspiciousTitForTat,D,1,1,841,841
834,player_a549a738-25d9-480d-9452-2d295044e2ff@localhost,GrimTrigger,D,player_85460bd7-1920-47c5-8ad8-d86b2c9e2096@localhost,SuspiciousTitForTat,D,1,1,842,842
835,player_a549a738-25d9-480d-9452-2d295044e2ff@localhost,GrimTrigger,D,player_85460bd7-1920-47c5-8ad8-d86b2c9e2096@localhost,SuspiciousTitForTat,D,1,1,843,843
836,player_a549a738-25d9-480d-9452-2d295044e2ff@localhost,GrimTrigger,D,player_85460bd7-1920-47c5-8ad8-d86b2c9e2096@localhost,SuspiciousTitForTat,D,1,1,844,844
837,player_a549a738-25d9-480d-9452-2d295044e2ff@localhost,GrimTrigger,D,player_85460bd7-1920-47c5-8ad8-d86b2c9e2096@localhost,SuspiciousTitForTat,D,1,1,845,845
838,player_a549a738-25d9-480d-9452-2d295044e2ff@localhost,GrimTrigger,D,player_85460bd7-1920-47c5-8ad8-d86b2c9e2096@localhost,SuspiciousTitForTat,D,1,1,846,846
839,player_a549a738-25d9-480d-9452-2d295044e2ff@localhost,GrimTrigger,D,player_85460bd7-1920-47c5-8ad8-d86b2c9e2096@localhost,SuspiciousTitForTat,D,1,1,847,847
840,player_a549a738-25d9-480d-9452-2d295044e2ff@localhost,GrimTrigger,D,player_85460bd7-1920-47c5-8ad8-d86b2c9e2096@localhost,SuspiciousTitForTat,D,1,1,848,848
841,player_a549a738-25d9-480d-9452-2d295044e2ff@localhost,GrimTrigger,D,player_85460bd7-1920-47c5-8ad8-d86b2c9e2096@localhost,SuspiciousTitForTat,D,1,1,849,849
842,player_a549a738-25d9-480d-9452-2d295044e2ff@localhost,GrimTrigger,D,player_85460bd7-1920-47c5-8ad8-d86b2c9e2096@localhost,SuspiciousTitForTat,D,1,1,850,850
843,player_a549a738-25d9-480d-9452-2d295044e2ff@localhost,GrimTrigger,D,player_85460bd7-1920-47c5-8ad8-d86b2c9e2096@localhost,SuspiciousTitForTat,D,1,1,851,851
844,player_a549a738-25d9-480d-9452-2d295044e2ff@localhost,GrimTrigger,D,player_85460bd7-1920-47c5-8ad8-d86b2c9e2096@localhost,SuspiciousTitForTat,D,1,1,852,852
845,player_a549a738-25d9-480d-9452-2d295044e2ff@localhost,GrimTrigger,D,player_85460bd7-1920-47c5-8ad8-d86b2c9e2096@localhost,SuspiciousTitForTat,D,1,1,853,853
846,player_a549a738-25d9-480d-9452-2d295044e2ff@localhost,GrimTrigger,D,player_85460bd7-1920-47c5-8ad8-d86b2c9e2096@localhost,SuspiciousTitForTat,D,1,1,854,854
847,player_a549a738-25d9-480d-9452-2d295044e2ff@localhost,GrimTrigger,D,player_85460bd7-1920-47c5-8ad8-d86b2c9e2096@localhost,SuspiciousTitForTat,D,1,1,855,855
848,player_a549a738-25d9-480d-9452-2d295044e2ff@localhost,GrimTrigger,D,player_85460bd7-1920-47c5-8ad8-d86b2c9e2096@localhost,SuspiciousTitForTat,D,1,1,856,856
849,player_a549a738-25d9-480d-9452-2d295044e2ff@localhost,GrimTrigger,D,player_85460bd7-1920-47c5-8ad8-d86b2c9e2096@localhost,SuspiciousTitForTat,D,1,1,857,857
850,player_a549a738-25d9-480d-9452-2d295044e2ff@localhost,GrimTrigger,D,player_85460bd7-1920-47c5-8ad8-d86b2c9e2096@localhost,SuspiciousTitForTat,D,1,1,858,858
851,player_a549a738-25d9-480d-9452-2d295044e2ff@localhost,GrimTrigger,D,player_85460bd7-1920-47c5-8ad8-d86b2c9e2096@localhost,SuspiciousTitForTat,D,1,1,859,859
852,player_a549a738-25d9-480d-9452-2d295044e2ff@localhost,GrimTrigger,D,player_85460bd7-1920-47c5-8ad8-d86b2c9e2096@localhost,SuspiciousTitForTat,D,1,1,860,860
853,player_a549a738-25d9-480d-9452-2d295044e2ff@localhost,GrimTrigger,D,player_85460bd7-1920-47c5-8ad8-d86b2c9e2096@localhost,SuspiciousTitForTat,D,1,1,861,861
854,player_a549a738-25d9-480d-9452-2d295044e2ff@localhost,GrimTrigger,D,player_85460bd7-1920-47c5-8ad8-d86b2c9e2096@localhost,SuspiciousTitForTat,D,1,1,862,862
855,player_a549a738-25d9-480d-9452-2d295044e2ff@localhost,GrimTrigger,D,player_85460bd7-1920-47c5-8ad8-d86b2c9e2096@localhost,SuspiciousTitForTat,D,1,1,863,863
856,player_a549a738-25d9-480d-9452-2d295044e2ff@localhost,GrimTrigger,D,player_85460bd7-1920-47c5-8ad8-d86b2c9e2096@localhost,SuspiciousTitForTat,D,1,1,864,864
857,player_a549a738-25d9-480d-9452-2d295044e2ff@localhost,GrimTrigger,D,player_85460bd7-1920-47c5-8ad8-d86b2c9e2096@localhost,SuspiciousTitForTat,D,1,1,865,865
858,player_a549a738-25d9-480d-9452-2d295044e2ff@localhost,GrimTrigger,D,player_85460bd7-1920-47c5-8ad8-d86b2c9e2096@localhost,SuspiciousTitForTat,D,1,1,866,866
859,player_a549a738-25d9-480d-9452-2d295044e2ff@localhost,GrimTrigger,D,player_85460bd7-1920-47c5-8ad8-d86b2c9e2096@localhost,SuspiciousTitForTat,D,1,1,867,867
860,player_a549a738-25d9-480d-9452-2d295044e2ff@localhost,GrimTrigger,D,player_85460bd7-1920-47c5-8ad8-d86b2c9e2096@localhost,SuspiciousTitForTat,D,1,1,868,868
861,player_a549a738-25d9-480d-9452-2d295044e2ff@localhost,GrimTrigger,D,player_85460bd7-1920-47c5-8ad8-d86b2c9e2096@localhost,SuspiciousTitForTat,D,1,1,869,869
862,player_a549a738-25d9-480d-9452-2d295044e2ff@localhost,GrimTrigger,D,player_85460bd7-1920-47c5-8ad8-d86b2c9e2096@localhost,SuspiciousTitForTat,D,1,1,870,870
863,player_a549a738-25d9-480d-9452-2d295044e2ff@localhost,GrimTrigger,D,player_85460bd7-1920-47c5-8ad8-d86b2c9e2096@localhost,SuspiciousTitForTat,D,1,1,871,871
864,player_a549a738-25d9-480d-9452-2d295044e2ff@localhost,GrimTrigger,D,player_85460bd7-1920-47c5-8ad8-d86b2c9e2096@localhost,SuspiciousTitForTat,D,1,1,872,872
865,player_a549a738-25d9-480d-9452-2d295044e2ff@localhost,GrimTrigger,D,player_85460bd7-1920-47c5-8ad8-d86b2c9e2096@localhost,SuspiciousTitForTat,D,1,1,873,873
866,player_a549a738-25d9-480d-9452-2d295044e2ff@localhost,GrimTrigger,D,player_85460bd7-1920-47c5-8ad8-d86b2c9e2096@localhost,SuspiciousTitForTat,D,1,1,874,874
867,player_a549a738-25d9-480d-9452-2d295044e2ff@localhost,GrimTrigger,D,player_85460bd7-1920-47c5-8ad8-d86b2c9e2096@localhost,SuspiciousTitForTat,D,1,1,875,875
868,player_a549a738-25d9-480d-9452-2d295044e2ff@localhost,GrimTrigger,D,player_85460bd7-1920-47c5-8ad8-d86b2c9e2096@localhost,SuspiciousTitForTat,D,1,1,876,876
869,player_a549a738-25d9-480d-9452-2d295044e2ff@localhost,GrimTrigger,D,player_85460bd7-1920-47c5-8ad8-d86b2c9e2096@localhost,SuspiciousTitForTat,D,1,1,877,877
870,player_a549a738-25d9-480d-9452-2d295044e2ff@localhost,GrimTrigger,D,player_85460bd7-1920-47c5-8ad8-d86b2c9e2096@localhost,SuspiciousTitForTat,D,1,1,878,878
871,player_a549a738-25d9-480d-9452-2d295044e2ff@localhost,GrimTrigger,D,player_85460bd7-1920-47c5-8ad8-d86b2c9e2096@localhost,SuspiciousTitForTat,D,1,1,879,879
872,player_a549a738-25d9-480d-9452-2d295044e2ff@localhost,GrimTrigger,D,player_85460bd7-1920-47c5-8ad8-d86b2c9e2096@localhost,SuspiciousTitForTat,D,1,1,880,880
873,player_a549a738-25d9-480d-9452-2d295044e2ff@localhost,GrimTrigger,D,player_85460bd7-1920-47c5-8ad8-d86b2c9e2096@localhost,SuspiciousTitForTat,D,1,1,881,881
874,player_a549a738-25d9-480d-9452-2d295044e2ff@localhost,GrimTrigger,D,player_85460bd7-1920-47c5-8ad8-d86b2c9e2096@localhost,SuspiciousTitForTat,D,1,1,882,882
875,player_a549a738-25d9-480d-9452-2d295044e2ff@localhost,GrimTrigger,D,player_85460bd7-1920-47c5-8ad8-d86b2c9e2096@localhost,SuspiciousTitForTat,D,1,1,883,883
876,player_a549a738-25d9-480d-9452-2d295044e2ff@localhost,GrimTrigger,D,player_85460bd7-1920-47c5-8ad8-d86b2c9e2096@localhost,SuspiciousTitForTat,D,1,1,884,884
877,player_a549a738-25d9-480d-9452-2d295044e2ff@localhost,GrimTrigger,D,player_85460bd7-1920-47c5-8ad8-d86b2c9e2096@localhost,SuspiciousTitForTat,D,1,1,885,885
878,player_a549a738-25d9-480d-9452-2d295044e2ff@localhost,GrimTrigger,D,player_85460bd7-1920-47c5-8ad8-d86b2c9e2096@localhost,SuspiciousTitForTat,D,1,1,886,886
879,player_a549a738-25d9-480d-9452-2d295044e2ff@localhost,GrimTrigger,D,player_85460bd7-1920-47c5-8ad8-d86b2c9e2096@localhost,SuspiciousTitForTat,D,1,1,887,887
880,player_a549a738-25d9-480d-9452-2d295044e2ff@localhost,GrimTrigger,D,player_85460bd7-1920-47c5-8ad8-d86b2c9e2096@localhost,SuspiciousTitForTat,D,1,1,888,888
881,player_a549a738-25d9-480d-9452-2d295044e2ff@localhost,GrimTrigger,D,player_85460bd7-1920-47c5-8ad8-d86b2c9e2096@localhost,SuspiciousTitForTat,D,1,1,889,889
882,player_a549a738-25d9-480d-9452-2d295044e2ff@localhost,GrimTrigger,D,player_85460bd7-1920-47c5-8ad8-d86b2c9e2096@localhost,SuspiciousTitForTat,D,1,1,890,890
883,player_a549a738-25d9-480d-9452-2d295044e2ff@localhost,GrimTrigger,D,player_85460bd7-1920-47c5-8ad8-d86b2c9e2096@localhost,SuspiciousTitForTat,D,1,1,891,891
884,player_a549a738-25d9-480d-9452-2d295044e2ff@localhost,GrimTrigger,D,player_85460bd7-1920-47c5-8ad8-d86b2c9e2096@localhost,SuspiciousTitForTat,D,1,1,892,892
885,player_a549a738-25d9-480d-9452-2d295044e2ff@localhost,GrimTrigger,D,player_85460bd7-1920-47c5-8ad8-d86b2c9e2096@localhost,SuspiciousTitForTat,D,1,1,893,893
886,player_a549a738-25d9-480d-9452-2d295044e2ff@localhost,GrimTrigger,D,player_85460bd7-1920-47c5-8ad8-d86b2c9e2096@localhost,SuspiciousTitForTat,D,1,1,894,894
887,player_a549a738-25d9-480d-9452-2d295044e2ff@localhost,GrimTrigger,D,player_85460bd7-1920-47c5-8ad8-d86b2c9e2096@localhost,SuspiciousTitForTat,D,1,1,895,895
888,player_a549a738-25d9-480d-9452-2d295044e2ff@localhost,GrimTrigger,D,player_85460bd7-1920-47c5-8ad8-d86b2c9e2096@localhost,SuspiciousTitForTat,D,1,1,896,896
889,player_a549a738-25d9-480d-9452-2d295044e2ff@localhost,GrimTrigger,D,player_85460bd7-1920-47c5-8ad8-d86b2c9e2096@localhost,SuspiciousTitForTat,D,1,1,897,897
890,player_a549a738-25d9-480d-9452-2d295044e2ff@localhost,GrimTrigger,D,player_85460bd7-1920-47c5-8ad8-d86b2c9e2096@localhost,SuspiciousTitForTat,D,1,1,898,898
891,player_a549a738-25d9-480d-9452-2d295044e2ff@localhost,GrimTrigger,D,player_85460bd7-1920-47c5-8ad8-d86b2c9e2096@localhost,SuspiciousTitForTat,D,1,1,899,899
892,player_a549a738-25d9-480d-9452-2d295044e2ff@localhost,GrimTrigger,D,player_85460bd7-1920-47c5-8ad8-d86b2c9e2096@localhost,SuspiciousTitForTat,D,1,1,900,900
893,player_a549a738-25d9-480d-9452-2d295044e2ff@localhost,GrimTrigger,D,player_85460bd7-1920-47c5-8ad8-d86b2c9e2096@localhost,SuspiciousTitForTat,D,1,1,901,901
894,player_a549a738-25d9-480d-9452-2d295044e2ff@localhost,GrimTrigger,D,player_85460bd7-1920-47c5-8ad8-d86b2c9e2096@localhost,SuspiciousTitForTat,D,1,1,902,902
895,player_a549a738-25d9-480d-9452-2d295044e2ff@localhost,GrimTrigger,D,player_85460bd7-1920-47c5-8ad8-d86b2c9e2096@localhost,SuspiciousTitForTat,D,1,1,903,903
896,player_a549a738-25d9-480d-9452-2d295044e2ff@localhost,GrimTrigger,D,player_85460bd7-1920-47c5-8ad8-d86b2c9e2096@localhost,SuspiciousTitForTat,D,1,1,904,904
897,player_a549a738-25d9-480d-9452-2d295044e2ff@localhost,GrimTrigger,D,player_85460bd7-1920-47c5-8ad8-d86b2c9e2096@localhost,SuspiciousTitForTat,D,1,1,905,905
898,player_a549a738-25d9-480d-9452-2d295044e2ff@localhost,GrimTrigger,D,player_85460bd7-1920-47c5-8ad8-d86b2c9e2096@localhost,SuspiciousTitForTat,D,1,1,906,906
899,player_a549a738-25d9-480d-9452-2d295044e2ff@localhost,GrimTrigger,D,player_85460bd7-1920-47c5-8ad8-d86b2c9e2096@localhost,SuspiciousTitForTat,D,1,1,907,907
900,player_a549a738-25d9-480d-9452-2d295044e2ff@localhost,GrimTrigger,D,player_85460bd7-1920-47c5-8ad8-d86b2c9e2096@localhost,SuspiciousTitForTat,D,1,1,908,908
901,player_a549a738-25d9-480d-9452-2d295044e2ff@localhost,GrimTrigger,D,player_85460bd7-1920-47c5-8ad8-d86b2c9e2096@localhost,SuspiciousTitForTat,D,1,1,909,909
902,player_a549a738-25d9-480d-9452-2d295044e2ff@localhost,GrimTrigger,D,player_85460bd7-1920-47c5-8ad8-d86b2c9e2096@localhost,SuspiciousTitForTat,D,1,1,910,910
903,player_a549a738-25d9-480d-9452-2d295044e2ff@localhost,GrimTrigger,D,player_85460bd7-1920-47c5-8ad8-d86b2c9e2096@localhost,SuspiciousTitForTat,D,1,1,911,911
904,player_a549a738-25d9-480d-9452-2d295044e2ff@localhost,GrimTrigger,D,player_85460bd7-1920-47c5-8ad8-d86b2c9e2096@localhost,SuspiciousTitForTat,D,1,1,912,912
905,player_a549a738-25d9-480d-9452-2d295044e2ff@localhost,GrimTrigger,D,player_85460bd7-1920-47c5-8ad8-d86b2c9e2096@localhost,SuspiciousTitForTat,D,1,1,913,913
906,player_a549a738-25d9-480d-9452-2d295044e2ff@localhost,GrimTrigger,D,player_85460bd7-1920-47c5-8ad8-d86b2c9e2096@localhost,SuspiciousTitForTat,D,1,1,914,914
907,player_a549a738-25d9-480d-9452-2d295044e2ff@localhost,GrimTrigger,D,player_85460bd7-1920-47c5-8ad8-d86b2c9e2096@localhost,SuspiciousTitForTat,D,1,1,915,915
908,player_a549a738-25d9-480d-9452-2d295044e2ff@localhost,GrimTrigger,D,player_85460bd7-1920-47c5-8ad8-d86b2c9e2096@localhost,SuspiciousTitForTat,D,1,1,916,916
909,player_a549a738-25d9-480d-9452-2d295044e2ff@localhost,GrimTrigger,D,player_85460bd7-1920-47c5-8ad8-d86b2c9e2096@localhost,SuspiciousTitForTat,D,1,1,917,917
910,player_a549a738-25d9-480d-9452-2d295044e2ff@localhost,GrimTrigger,D,player_85460bd7-1920-47c5-8ad8-d86b2c9e2096@localhost,SuspiciousTitForTat,D,1,1,918,918
911,player_a549a738-25d9-480d-9452-2d295044e2ff@localhost,GrimTrigger,D,player_85460bd7-1920-47c5-8ad8-d86b2c9e2096@localhost,SuspiciousTitForTat,D,1,1,919,919
912,player_a549a738-25d9-480d-9452-2d295044e2ff@localhost,GrimTrigger,D,player_85460bd7-1920-47c5-8ad8-d86b2c9e2096@localhost,SuspiciousTitForTat,D,1,1,920,920
913,player_a549a738-25d9-480d-9452-2d295044e2ff@localhost,GrimTrigger,D,player_85460bd7-1920-47c5-8ad8-d86b2c9e2096@localhost,SuspiciousTitForTat,D,1,1,921,921
914,player_a549a738-25d9-480d-9452-2d295044e2ff@localhost,GrimTrigger,D,player_85460bd7-1920-47c5-8ad8-d86b2c9e2096@localhost,SuspiciousTitForTat,D,1,1,922,922
915,player_a549a738-25d9-480d-9452-2d295044e2ff@localhost,GrimTrigger,D,player_85460bd7-1920-47c5-8ad8-d86b2c9e2096@localhost,SuspiciousTitForTat,D,1,1,923,923
916,player_a549a738-25d9-480d-9452-2d295044e2ff@localhost,GrimTrigger,D,player_85460bd7-1920-47c5-8ad8-d86b2c9e2096@localhost,SuspiciousTitForTat,D,1,1,924,924
917,player_a549a738-25d9-480d-9452-2d295044e2ff@localhost,GrimTrigger,D,player_85460bd7-1920-47c5-8ad8-d86b2c9e2096@localhost,SuspiciousTitForTat,D,1,1,925,925
918,player_a549a738-25d9-480d-9452-2d295044e2ff@localhost,GrimTrigger,D,player_85460bd7-1920-47c5-8ad8-d86b2c9e2096@localhost,SuspiciousTitForTat,D,1,1,926,926
919,player_a549a738-25d9-480d-9452-2d295044e2ff@localhost,GrimTrigger,D,player_85460bd7-1920-47c5-8ad8-d86b2c9e2096@localhost,SuspiciousTitForTat,D,1,1,927,927
920,player_a549a738-25d9-480d-9452-2d295044e2ff@localhost,GrimTrigger,D,player_85460bd7-1920-47c5-8ad8-d86b2c9e2096@localhost,SuspiciousTitForTat,D,1,1,928,928
921,player_a549a738-25d9-480d-9452-2d295044e2ff@localhost,GrimTrigger,D,player_85460bd7-1920-47c5-8ad8-d86b2c9e2096@localhost,SuspiciousTitForTat,D,1,1,929,929
922,player_a549a738-25d9-480d-9452-2d295044e2ff@localhost,GrimTrigger,D,player_85460bd7-1920-47c5-8ad8-d86b2c9e2096@localhost,SuspiciousTitForTat,D,1,1,930,930
923,player_a549a738-25d9-480d-9452-2d295044e2ff@localhost,GrimTrigger,D,player_85460bd7-1920-47c5-8ad8-d86b2c9e2096@localhost,SuspiciousTitForTat,D,1,1,931,931
924,player_a549a738-25d9-480d-9452-2d295044e2ff@localhost,GrimTrigger,D,player_85460bd7-1920-47c5-8ad8-d86b2c9e2096@localhost,SuspiciousTitForTat,D,1,1,932,932
925,player_a549a738-25d9-480d-9452-2d295044e2ff@localhost,GrimTrigger,D,player_85460bd7-1920-47c5-8ad8-d86b2c9e2096@localhost,SuspiciousTitForTat,D,1,1,933,933
926,player_a549a738-25d9-480d-9452-2d295044e2ff@localhost,GrimTrigger,D,player_85460bd7-1920-47c5-8ad8-d86b2c9e2096@localhost,SuspiciousTitForTat,D,1,1,934,934
927,player_a549a738-25d9-480d-9452-2d295044e2ff@localhost,GrimTrigger,D,player_85460bd7-1920-47c5-8ad8-d86b2c9e2096@localhost,SuspiciousTitForTat,D,1,1,935,935
928,player_a549a738-25d9-480d-9452-2d295044e2ff@localhost,GrimTrigger,D,player_85460bd7-1920-47c5-8ad8-d86b2c9e2096@localhost,SuspiciousTitForTat,D,1,1,936,936
929,player_a549a738-25d9-480d-9452-2d295044e2ff@localhost,GrimTrigger,D,player_85460bd7-1920-47c5-8ad8-d86b2c9e2096@localhost,SuspiciousTitForTat,D,1,1,937,937
930,player_a549a738-25d9-480d-9452-2d295044e2ff@localhost,GrimTrigger,D,player_85460bd7-1920-47c5-8ad8-d86b2c9e2096@localhost,SuspiciousTitForTat,D,1,1,938,938
931,player_a549a738-25d9-480d-9452-2d295044e2ff@localhost,GrimTrigger,D,player_85460bd7-1920-47c5-8ad8-d86b2c9e2096@localhost,SuspiciousTitForTat,D,1,1,939,939
932,player_a549a738-25d9-480d-9452-2d295044e2ff@localhost,GrimTrigger,D,player_85460bd7-1920-47c5-8ad8-d86b2c9e2096@localhost,SuspiciousTitForTat,D,1,1,940,940
933,player_a549a738-25d9-480d-9452-2d295044e2ff@localhost,GrimTrigger,D,player_85460bd7-1920-47c5-8ad8-d86b2c9e2096@localhost,SuspiciousTitForTat,D,1,1,941,941
934,player_a549a738-25d9-480d-9452-2d295044e2ff@localhost,GrimTrigger,D,player_85460bd7-1920-47c5-8ad8-d86b2c9e2096@localhost,SuspiciousTitForTat,D,1,1,942,942
935,player_a549a738-25d9-480d-9452-2d295044e2ff@localhost,GrimTrigger,D,player_85460bd7-1920-47c5-8ad8-d86b2c9e2096@localhost,SuspiciousTitForTat,D,1,1,943,943
936,player_a549a738-25d9-480d-9452-2d295044e2ff@localhost,GrimTrigger,D,player_85460bd7-1920-47c5-8ad8-d86b2c9e2096@localhost,SuspiciousTitForTat,D,1,1,944,944
937,player_a549a738-25d9-480d-9452-2d295044e2ff@localhost,GrimTrigger,D,player_85460bd7-1920-47c5-8ad8-d86b2c9e2096@localhost,SuspiciousTitForTat,D,1,1,945,945
938,player_a549a738-25d9-480d-9452-2d295044e2ff@localhost,GrimTrigger,D,player_85460bd7-1920-47c5-8ad8-d86b2c9e2096@localhost,SuspiciousTitForTat,D,1,1,946,946
939,player_a549a738-25d9-480d-9452-2d295044e2ff@localhost,GrimTrigger,D,player_85460bd7-1920-47c5-8ad8-d86b2c9e2096@localhost,SuspiciousTitForTat,D,1,1,947,947
940,player_a549a738-25d9-480d-9452-2d295044e2ff@localhost,GrimTrigger,D,player_85460bd7-1920-47c5-8ad8-d86b2c9e2096@localhost,SuspiciousTitForTat,D,1,1,948,948
941,player_a549a738-25d9-480d-9452-2d295044e2ff@localhost,GrimTrigger,D,player_85460bd7-1920-47c5-8ad8-d86b2c9e2096@localhost,SuspiciousTitForTat,D,1,1,949,949
942,player_a549a738-25d9-480d-9452-2d295044e2ff@localhost,GrimTrigger,D,player_85460bd7-1920-47c5-8ad8-d86b2c9e2096@localhost,SuspiciousTitForTat,D,1,1,950,950
943,player_a549a738-25d9-480d-9452-2d295044e2ff@localhost,GrimTrigger,D,player_85460bd7-1920-47c5-8ad8-d86b2c9e2096@localhost,SuspiciousTitForTat,D,1,1,951,951
944,player_a549a738-25d9-480d-9452-2d295044e2ff@localhost,GrimTrigger,D,player_85460bd7-1920-47c5-8ad8-d86b2c9e2096@localhost,SuspiciousTitForTat,D,1,1,952,952
945,player_a549a738-25d9-480d-9452-2d295044e2ff@localhost,GrimTrigger,D,player_85460bd7-1920-47c5-8ad8-d86b2c9e2096@localhost,SuspiciousTitForTat,D,1,1,953,953
946,player_a549a738-25d9-480d-9452-2d295044e2ff@localhost,GrimTrigger,D,player_85460bd7-1920-47c5-8ad8-d86b2c9e2096@localhost,SuspiciousTitForTat,D,1,1,954,954
947,player_a549a738-25d9-480d-9452-2d295044e2ff@localhost,GrimTrigger,D,player_85460bd7-1920-47c5-8ad8-d86b2c9e2096@localhost,SuspiciousTitForTat,D,1,1,955,955
948,player_a549a738-25d9-480d-9452-2d295044e2ff@localhost,GrimTrigger,D,player_85460bd7-1920-47c5-8ad8-d86b2c9e2096@localhost,SuspiciousTitForTat,D,1,1,956,956
949,player_a549a738-25d9-480d-9452-2d295044e2ff@localhost,GrimTrigger,D,player_85460bd7-1920-47c5-8ad8-d86b2c9e2096@localhost,SuspiciousTitForTat,D,1,1,957,957
950,player_a549a738-25d9-480d-9452-2d295044e2ff@localhost,GrimTrigger,D,player_85460bd7-1920-47c5-8ad8-d86b2c9e2096@localhost,SuspiciousTitForTat,D,1,1,958,958
951,player_a549a738-25d9-480d-9452-2d295044e2ff@localhost,GrimTrigger,D,player_85460bd7-1920-47c5-8ad8-d86b2c9e2096@localhost,SuspiciousTitForTat,D,1,1,959,959
952,player_a549a738-25d9-480d-9452-2d295044e2ff@localhost,GrimTrigger,D,player_85460bd7-1920-47c5-8ad8-d86b2c9e2096@localhost,SuspiciousTitForTat,D,1,1,960,960
953,player_a549a738-25d9-480d-9452-2d295044e2ff@localhost,GrimTrigger,D,player_85460bd7-1920-47c5-8ad8-d86b2c9e2096@localhost,SuspiciousTitForTat,D,1,1,961,961
954,player_a549a738-25d9-480d-9452-2d295044e2ff@localhost,GrimTrigger,D,player_85460bd7-1920-47c5-8ad8-d86b2c9e2096@localhost,SuspiciousTitForTat,D,1,1,962,962
955,player_a549a738-25d9-480d-9452-2d295044e2ff@localhost,GrimTrigger,D,player_85460bd7-1920-47c5-8ad8-d86b2c9e2096@localhost,SuspiciousTitForTat,D,1,1,963,963
956,player_a549a738-25d9-480d-9452-2d295044e2ff@localhost,GrimTrigger,D,player_85460bd7-1920-47c5-8ad8-d86b2c9e2096@localhost,SuspiciousTitForTat,D,1,1,964,964
957,player_a549a738-25d9-480d-9452-2d295044e2ff@localhost,GrimTrigger,D,player_85460bd7-1920-47c5-8ad8-d86b2c9e2096@localhost,SuspiciousTitForTat,D,1,1,965,965
958,player_a549a738-25d9-480d-9452-2d295044e2ff@localhost,GrimTrigger,D,player_85460bd7-1920-47c5-8ad8-d86b2c9e2096@localhost,SuspiciousTitForTat,D,1,1,966,966
959,player_a549a738-25d9-480d-9452-2d295044e2ff@localhost,GrimTrigger,D,player_85460bd7-1920-47c5-8ad8-d86b2c9e2096@localhost,SuspiciousTitForTat,D,1,1,967,967
960,player_a549a738-25d9-480d-9452-2d295044e2ff@localhost,GrimTrigger,D,player_85460bd7-1920-47c5-8ad8-d86b2c9e2096@localhost,SuspiciousTitForTat,D,1,1,968,968
961,player_a549a738-25d9-480d-9452-2d295044e2ff@localhost,GrimTrigger,D,player_85460bd7-1920-47c5-8ad8-d86b2c9e2096@localhost,SuspiciousTitForTat,D,1,1,969,969
962,player_a549a738-25d9-480d-9452-2d295044e2ff@localhost,GrimTrigger,D,player_85460bd7-1920-47c5-8ad8-d86b2c9e2096@localhost,SuspiciousTitForTat,D,1,1,970,970
963,player_a549a738-25d9-480d-9452-2d295044e2ff@localhost,GrimTrigger,D,player_85460bd7-1920-47c5-8ad8-d86b2c9e2096@localhost,SuspiciousTitForTat,D,1,1,971,971
964,player_a549a738-25d9-480d-9452-2d295044e2ff@localhost,GrimTrigger,D,player_85460bd7-1920-47c5-8ad8-d86b2c9e2096@localhost,SuspiciousTitForTat,D,1,1,972,972
965,player_a549a738-25d9-480d-9452-2d295044e2ff@localhost,GrimTrigger,D,player_85460bd7-1920-47c5-8ad8-d86b2c9e2096@localhost,SuspiciousTitForTat,D,1,1,973,973
966,player_a549a738-25d9-480d-9452-2d295044e2ff@localhost,GrimTrigger,D,player_85460bd7-1920-47c5-8ad8-d86b2c9e2096@localhost,SuspiciousTitForTat,D,1,1,974,974
967,player_a549a738-25d9-480d-9452-2d295044e2ff@localhost,GrimTrigger,D,player_85460bd7-1920-47c5-8ad8-d86b2c9e2096@localhost,SuspiciousTitForTat,D,1,1,975,975
968,player_a549a738-25d9-480d-9452-2d295044e2ff@localhost,GrimTrigger,D,player_85460bd7-1920-47c5-8ad8-d86b2c9e2096@localhost,SuspiciousTitForTat,D,1,1,976,976
969,player_a549a738-25d9-480d-9452-2d295044e2ff@localhost,GrimTrigger,D,player_85460bd7-1920-47c5-8ad8-d86b2c9e2096@localhost,SuspiciousTitForTat,D,1,1,977,977
970,player_a549a738-25d9-480d-9452-2d295044e2ff@localhost,GrimTrigger,D,player_85460bd7-1920-47c5-8ad8-d86b2c9e2096@localhost,SuspiciousTitForTat,D,1,1,978,978
971,player_a549a738-25d9-480d-9452-2d295044e2ff@localhost,GrimTrigger,D,player_85460bd7-1920-47c5-8ad8-d86b2c9e2096@localhost,SuspiciousTitForTat,D,1,1,979,979
972,player_a549a738-25d9-480d-9452-2d295044e2ff@localhost,GrimTrigger,D,player_85460bd7-1920-47c5-8ad8-d86b2c9e2096@localhost,SuspiciousTitForTat,D,1,1,980,980
973,player_a549a738-25d9-480d-9452-2d295044e2ff@localhost,GrimTrigger,D,player_85460bd7-1920-47c5-8ad8-d86b2c9e2096@localhost,SuspiciousTitForTat,D,1,1,981,981
974,player_a549a738-25d9-480d-9452-2d295044e2ff@localhost,GrimTrigger,D,player_85460bd7-1920-47c5-8ad8-d86b2c9e2096@localhost,SuspiciousTitForTat,D,1,1,982,982
975,player_a549a738-25d9-480d-9452-2d295044e2ff@localhost,GrimTrigger,D,player_85460bd7-1920-47c5-8ad8-d86b2c9e2096@localhost,SuspiciousTitForTat,D,1,1,983,983
976,player_a549a738-25d9-480d-9452-2d295044e2ff@localhost,GrimTrigger,D,player_85460bd7-1920-47c5-8ad8-d86b2c9e2096@localhost,SuspiciousTitForTat,D,1,1,984,984
977,player_a549a738-25d9-480d-9452-2d295044e2ff@localhost,GrimTrigger,D,player_85460bd7-1920-47c5-8ad8-d86b2c9e2096@localhost,SuspiciousTitForTat,D,1,1,985,985
978,player_a549a738-25d9-480d-9452-2d295044e2ff@localhost,GrimTrigger,D,player_85460bd7-1920-47c5-8ad8-d86b2c9e2096@localhost,SuspiciousTitForTat,D,1,1,986,986
979,player_a549a738-25d9-480d-9452-2d295044e2ff@localhost,GrimTrigger,D,player_85460bd7-1920-47c5-8ad8-d86b2c9e2096@localhost,SuspiciousTitForTat,D,1,1,987,987
980,player_a549a738-25d9-480d-9452-2d295044e2ff@localhost,GrimTrigger,D,player_85460bd7-1920-47c5-8ad8-d86b2c9e2096@localhost,SuspiciousTitForTat,D,1,1,988,988
981,player_a549a738-25d9-480d-9452-2d295044e2ff@localhost,GrimTrigger,D,player_85460bd7-1920-47c5-8ad8-d86b2c9e2096@localhost,SuspiciousTitForTat,D,1,1,989,989
982,player_a549a738-25d9-480d-9452-2d295044e2ff@localhost,GrimTrigger,D,player_85460bd7-1920-47c5-8ad8-d86b2c9e2096@localhost,SuspiciousTitForTat,D,1,1,990,990
983,player_a549a738-25d9-480d-9452-2d295044e2ff@localhost,GrimTrigger,D,player_85460bd7-1920-47c5-8ad8-d86b2c9e2096@localhost,SuspiciousTitForTat,D,1,1,991,991
984,player_a549a738-25d9-480d-9452-2d295044e2ff@localhost,GrimTrigger,D,player_85460bd7-1920-47c5-8ad8-d86b2c9e2096@localhost,SuspiciousTitForTat,D,1,1,992,992
985,player_a549a738-25d9-480d-9452-2d295044e2ff@localhost,GrimTrigger,D,player_85460bd7-1920-47c5-8ad8-d86b2c9e2096@localhost,SuspiciousTitForTat,D,1,1,993,993
986,player_a549a738-25d9-480d-9452-2d295044e2ff@localhost,GrimTrigger,D,player_85460bd7-1920-47c5-8ad8-d86b2c9e2096@localhost,SuspiciousTitForTat,D,1,1,994,994
987,player_a549a738-25d9-480d-9452-2d295044e2ff@localhost,GrimTrigger,D,player_85460bd7-1920-47c5-8ad8-d86b2c9e2096@localhost,SuspiciousTitForTat,D,1,1,995,995
988,player_a549a738-25d9-480d-9452-2d295044e2ff@localhost,GrimTrigger,D,player_85460bd7-1920-47c5-8ad8-d86b2c9e2096@localhost,SuspiciousTitForTat,D,1,1,996,996
989,player_a549a738-25d9-480d-9452-2d295044e2ff@localhost,GrimTrigger,D,player_85460bd7-1920-47c5-8ad8-d86b2c9e2096@localhost,SuspiciousTitForTat,D,1,1,997,997
990,player_a549a738-25d9-480d-9452-2d295044e2ff@localhost,GrimTrigger,D,player_85460bd7-1920-47c5-8ad8-d86b2c9e2096@localhost,SuspiciousTitForTat,D,1,1,998,998
991,player_a549a738-25d9-480d-9452-2d295044e2ff@localhost,GrimTrigger,D,player_85460bd7-1920-47c5-8ad8-d86b2c9e2096@localhost,SuspiciousTitForTat,D,1,1,999,999
992,player_a549a738-25d9-480d-9452-2d295044e2ff@localhost,GrimTrigger,D,player_85460bd7-1920-47c5-8ad8-d86b2c9e2096@localhost,SuspiciousTitForTat,D,1,1,1000,1000
993,player_a549a738-25d9-480d-9452-2d295044e2ff@localhost,GrimTrigger,D,player_85460bd7-1920-47c5-8ad8-d86b2c9e2096@localhost,SuspiciousTitForTat,D,1,1,1001,1001
994,player_a549a738-25d9-480d-9452-2d295044e2ff@localhost,GrimTrigger,D,player_85460bd7-1920-47c5-8ad8-d86b2c9e2096@localhost,SuspiciousTitForTat,D,1,1,1002,1002
995,player_a549a738-25d9-480d-9452-2d295044e2ff@localhost,GrimTrigger,D,player_85460bd7-1920-47c5-8ad8-d86b2c9e2096@localhost,SuspiciousTitForTat,D,1,1,1003,1003
996,player_a549a738-25d9-480d-9452-2d295044e2ff@localhost,GrimTrigger,D,player_85460bd7-1920-47c5-8ad8-d86b2c9e2096@localhost,SuspiciousTitForTat,D,1,1,1004,1004
997,player_a549a738-25d9-480d-9452-2d295044e2ff@localhost,GrimTrigger,D,player_85460bd7-1920-47c5-8ad8-d86b2c9e2096@localhost,SuspiciousTitForTat,D,1,1,1005,1005
998,player_a549a738-25d9-480d-9452-2d295044e2ff@localhost,GrimTrigger,D,player_85460bd7-1920-47c5-8ad8-d86b2c9e2096@localhost,SuspiciousTitForTat,D,1,1,1006,1006
999,player_a549a738-25d9-480d-9452-2d295044e2ff@localhost,GrimTrigger,D,player_85460bd7-1920-47c5-8ad8-d86b2c9e2096@localhost,SuspiciousTitForTat,D,1,1,1007,1007
1000,player_a549a738-25d9-480d-9452-2d295044e2ff@localhost,GrimTrigger,D,player_85460bd7-1920-47c5-8ad8-d86b2c9e2096@localhost,SuspiciousTitForTat,D,1,1,1008,1008
,,,,,,,,,,
# AGGREGATED METRICS
# p1_jid,player_a549a738-25d9-480d-9452-2d295044e2ff@localhost
# p2_jid,player_85460bd7-1920-47c5-8ad8-d86b2c9e2096@localhost
# total_rounds,1000
# cooperation_rate_p1,0.0010
# cooperation_rate_p2,0.0010
# defection_rate_p1,0.9990
# defection_rate_p2,0.9990
# total_payoff_p1,1008
# total_payoff_p2,1008
# avg_payoff_p1,1.0080
# avg_payoff_p2,1.0080
