round,p1_jid,p1_strategy,p1_action,p2_jid,p2_strategy,p2_action,p1_payoff,p2_payoff,p1_cumulative,p2_cumulative
1,player_7c75a296-84f8-4d0d-bd76-d51deebadc18@localhost,GrimTrigger,C,player_c0bba38e-8088-4ae5-b1da-4efa4ac72ec0@localhost,Adaptive,C,5,5,5,5
2,player_7c75a296-84f8-4d0d-bd76-d51deebadc18@localhost,GrimTrigger,C,player_c0bba38e-8088-4ae5-b1da-4efa4ac72ec0@localhost,Adaptive,C,5,5,10,10
3,player_7c75a296-84f8-4d0d-bd76-d51deebadc18@localhost,GrimTrigger,C,player_c0bba38e-8088-4ae5-b1da-4efa4ac72ec0@localhost,Adaptive,C,5,5,15,15
4,player_7c75a296-84f8-4d0d-bd76-d51deebadc18@localhost,GrimTrigger,C,player_c0bba38e-8088-4ae5-b1da-4efa4ac72ec0@localhost,Adaptive,C,5,5,20,20
5,player_7c75a296-84f8-4d0d-bd76-d51deebadc18@localhost,GrimTrigger,C,player_c0bba38e-8088-4ae5-b1da-4efa4ac72ec0@localhost,Adaptive,C,5,5,25,25
6,player_7c75a296-84f8-4d0d-bd76-d51deebadc18@localhost,GrimTrigger,C,player_c0bba38e-8088-4ae5-b1da-4efa4ac72ec0@localhost,Adaptive,C,5,5,30,30
7,player_7c75a296-84f8-4d0d-bd76-d51deebadc18@localhost,GrimTrigger,C,player_c0bba38e-8088-4ae5-b1da-4efa4ac72ec0@localhost,Adaptive,C,5,5,35,35
8,player_7c75a296-84f8-4d0d-bd76-d51deebadc18@localhost,GrimTrigger,C,player_c0bba38e-8088-4ae5-b1da-4efa4ac72ec0@localhost,Adaptive,C,5,5,40,40
9,player_7c75a296-84f8-4d0d-bd76-d51deebadc18@localhost,GrimTrigger,C,player_c0bba38e-8088-4ae5-b1da-4efa4ac72ec0@localhost,Adaptive,C,5,5,45,45
10,player_7c75a296-84f8-4d0d-bd76-d51deebadc18@localhost,GrimTrigger,C,player_c0bba38e-8088-4ae5-b1da-4efa4ac72ec0@localhost,Adaptive,C,5,5,50,50
11,player_7c75a296-84f8-4d0d-bd76-d51deebadc18@localhost,GrimTrigger,C,player_c0bba38e-8088-4ae5-b1da-4efa4ac72ec0@localhost,Adaptive,C,5,5,55,55
12,player_7c75a296-84f8-4d0d-bd76-d51deebadc18@localhost,GrimTrigger,C,player_c0bba38e-8088-4ae5-b1da-4efa4ac72ec0@localhost,Adaptive,C,5,5,60,60
13,player_7c75a296-84f8-4d0d-bd76-d51deebadc18@localhost,GrimTrigger,C,player_c0bba38e-8088-4ae5-b1da-4efa4ac72ec0@localhost,Adaptive,C,5,5,65,65
14,player_7c75a296-84f8-4d0d-bd76-d51deebadc18@localhost,GrimTrigger,C,player_c0bba38e-8088-4ae5-b1da-4efa4ac72ec0@localhost,Adaptive,C,5,5,70,70
15,player_7c75a296-84f8-4d0d-bd76-d51deebadc18@localhost,GrimTrigger,C,player_c0bba38e-8088-4ae5-b1da-4efa4ac72ec0@localhost,Adaptive,C,5,5,75,75
16,player_7c75a296-84f8-4d0d-bd76-d51deebadc18@localhost,GrimTrigger,C,player_c0bba38e-8088-4ae5-b1da-4efa4ac72ec0@localhost,Adaptive,C,5,5,80,80
17,player_7c75a296-84f8-4d0d-bd76-d51deebadc18@localhost,GrimTrigger,C,player_c0bba38e-8088-4ae5-b1da-4efa4ac72ec0@localhost,Adaptive,C,5,5,85,85
18,player_7c75a296-84f8-4d0d-bd76-d51deebadc18@localhost,GrimTrigger,C,player_c0bba38e-8088-4ae5-b1da-4efa4ac72ec0@localhost,Adaptive,C,5,5,90,90
19,player_7c75a296-84f8-4d0d-bd76-d51deebadc18@localhost,GrimTrigger,C,player_c0bba38e-8088-4ae5-b1da-4efa4ac72ec0@localhost,Adaptive,C,5,5,95,95
20,player_7c75a296-84f8-4d0d-bd76-d51deebadc18@localhost,GrimTrigger,C,player_c0bba38e-8088-4ae5-b1da-4efa4ac72ec0@localhost,Adaptive,C,5,5,100,100
21,player_7c75a296-84f8-4d0d-bd76-d51deebadc18@localhost,GrimTrigger,C,player_c0bba38e-8088-4ae5-b1da-4efa4ac72ec0@localhost,Adaptive,C,5,5,105,105
22,player_7c75a296-84f8-4d0d-bd76-d51deebadc18@localhost,GrimTrigger,C,player_c0bba38e-8088-4ae5-b1da-4efa4ac72ec0@localhost,Adaptive,C,5,5,110,110
23,player_7c75a296-84f8-4d0d-bd76-d51deebadc18@localhost,GrimTrigger,C,player_c0bba38e-8088-4ae5-b1da-4efa4ac72ec0@localhost,Adaptive,C,5,5,115,115
24,player_7c75a296-84f8-4d0d-bd76-d51deebadc18@localhost,GrimTrigger,C,player_c0bba38e-8088-4ae5-b1da-4efa4ac72ec0@localhost,Adaptive,C,5,5,120,120
25,player_7c75a296-84f8-4d0d-bd76-d51deebadc18@localhost,GrimTrigger,C,player_c0bba38e-8088-4ae5-b1da-4efa4ac72ec0@localhost,Adaptive,C,5,5,125,125
26,player_7c75a296-84f8-4d0d-bd76-d51deebadc18@localhost,GrimTrigger,C,player_c0bba38e-8088-4ae5-b1da-4efa4ac72ec0@localhost,Adaptive,C,5,5,130,130
27,player_7c75a296-84f8-4d0d-bd76-d51deebadc18@localhost,GrimTrigger,C,player_c0bba38e-8088-4ae5-b1da-4efa4ac72ec0@localhost,Adaptive,C,5,5,135,135
28,player_7c75a296-84f8-4d0d-bd76-d51deebadc18@localhost,GrimTrigger,C,player_c0bba38e-8088-4ae5-b1da-4efa4ac72ec0@localhost,Adaptive,C,5,5,140,140
29,player_7c75a296-84f8-4d0d-bd76-d51deebadc18@localhost,GrimTrigger,C,player_c0bba38e-8088-4ae5-b1da-4efa4ac72ec0@localhost,Adaptive,C,5,5,145,145
30,player_7c75a296-84f8-4d0d-bd76-d51deebadc18@localhost,GrimTrigger,C,player_c0bba38e-8088-4ae5-b1da-4efa4ac72ec0@localhost,Adaptive,C,5,5,150,150
31,player_7c75a296-84f8-4d0d-bd76-d51deebadc18@localhost,GrimTrigger,C,player_c0bba38e-8088-4ae5-b1da-4efa4ac72ec0@localhost,Adaptive,C,5,5,155,155
32,player_7c75a296-84f8-4d0d-bd76-d51deebadc18@localhost,GrimTrigger,C,player_c0bba38e-8088-4ae5-b1da-4efa4ac72ec0@localhost,Adaptive,C,5,5,160,160
33,player_7c75a296-84f8-4d0d-bd76-d51deebadc18@localhost,GrimTrigger,C,player_c0bba38e-8088-4ae5-b1da-4efa4ac72ec0@localhost,Adaptive,C,5,5,165,165
34,player_7c75a296-84f8-4d0d-bd76-d51deebadc18@localhost,GrimTrigger,C,player_c0bba38e-8088-4ae5-b1da-4efa4ac72ec0@localhost,Adaptive,C,5,5,170,170
35,player_7c75a296-84f8-4d0d-bd76-d51deebadc18@localhost,GrimTrigger,C,player_c0bba38e-8088-4ae5-b1da-4efa4ac72ec0@localhost,Adaptive,C,5,5,175,175
36,player_7c75a296-84f8-4d0d-bd76-d51deebadc18@localhost,GrimTrigger,C,player_c0bba38e-8088-4ae5-b1da-4efa4ac72ec0@localhost,Adaptive,C,5,5,180,180
37,player_7c75a296-84f8-4d0d-bd76-d51deebadc18@localhost,GrimTrigger,C,player_c0bba38e-8088-4ae5-b1da-4efa4ac72ec0@localhost,Adaptive,C,5,5,185,185
38,player_7c75a296-84f8-4d0d-bd76-d51deebadc18@localhost,GrimTrigger,C,player_c0bba38e-8088-4ae5-b1da-4efa4ac72ec0@localhost,Adaptive,C,5,5,190,190
39,player_7c75a296-84f8-4d0d-bd76-d51deebadc18@localhost,GrimTrigger,C,player_c0bba38e-8088-4ae5-b1da-4efa4ac72ec0@localhost,Adaptive,C,5,5,195,195
40,player_7c75a296-84f8-4d0d-bd76-d51deebadc18@localhost,GrimTrigger,C,player_c0bba38e-8088-4ae5-b1da-4efa4ac72ec0@localhost,Adaptive,C,5,5,200,200
41,player_7c75a296-84f8-4d0d-bd76-d51deebadc18@localhost,GrimTrigger,C,player_c0bba38e-8088-4ae5-b1da-4efa4ac72ec0@localhost,Adaptive,C,5,5,205,205
42,player_7c75a296-84f8-4d0d-bd76-d51deebadc18@localhost,GrimTrigger,C,player_c0bba38e-8088-4ae5-b1da-4efa4ac72ec0@localhost,Adaptive,C,5,5,210,210
43,player_7c75a296-84f8-4d0d-bd76-d51deebadc18@localhost,GrimTrigger,C,player_c0bba38e-8088-4ae5-b1da-4efa4ac72ec0@localhost,Adaptive,C,5,5,215,215
44,player_7c75a296-84f8-4d0d-bd76-d51deebadc18@localhost,GrimTrigger,C,player_c0bba38e-8088-4ae5-b1da-4efa4ac72ec0@localhost,Adaptive,C,5,5,220,220
45,player_7c75a296-84f8-4d0d-bd76-d51deebadc18@localhost,GrimTrigger,C,player_c0bba38e-8088-4ae5-b1da-4efa4ac72ec0@localhost,Adaptive,C,5,5,225,225
46,player_7c75a296-84f8-4d0d-bd76-d51deebadc18@localhost,GrimTrigger,C,player_c0bba38e-8088-4ae5-b1da-4efa4ac72ec0@localhost,Adaptive,C,5,5,230,230
47,player_7c75a296-84f8-4d0d-bd76-d51deebadc18@localhost,GrimTrigger,C,player_c0bba38e-8088-4ae5-b1da-4efa4ac72ec0@localhost,Adaptive,C,5,5,235,235
48,player_7c75a296-84f8-4d0d-bd76-d51deebadc18@localhost,GrimTrigger,C,player_c0bba38e-8088-4ae5-b1da-4efa4ac72ec0@localhost,Adaptive,C,5,5,240,240
49,player_7c75a296-84f8-4d0d-bd76-d51deebadc18@localhost,GrimTrigger,C,player_c0bba38e-8088-4ae5-b1da-4efa4ac72ec0@localhost,Adaptive,C,5,5,245,245
50,player_7c75a296-84f8-4d0d-bd76-d51deebadc18@localhost,GrimTrigger,C,player_c0bba38e-8088-4ae5-b1da-4efa4ac72ec0@localhost,Adaptive,C,5,5,250,250
51,player_7c75a296-84f8-4d0d-bd76-d51deebadc18@localhost,GrimTrigger,C,player_c0bba38e-8088-4ae5-b1da-4efa4ac72ec0@localhost,Adaptive,C,5,5,255,255
52,player_7c75a296-84f8-4d0d-bd76-d51deebadc18@localhost,GrimTrigger,C,player_c0bba38e-8088-4ae5-b1da-4efa4ac72ec0@localhost,Adaptive,C,5,5,260,260
53,player_7c75a296-84f8-4d0d-bd76-d51deebadc18@localhost,GrimTrigger,C,player_c0bba38e-8088-4ae5-b1da-4efa4ac72ec0@localhost,Adaptive,C,5,5,265,265
54,player_7c75a296-84f8-4d0d-bd76-d51deebadc18@localhost,GrimTrigger,C,player_c0bba38e-8088-4ae5-b1da-4efa4ac72ec0@localhost,Adaptive,C,5,5,270,270
55,player_7c75a296-84f8-4d0d-bd76-d51deebadc18@localhost,GrimTrigger,C,player_c0bba38e-8088-4ae5-b1da-4efa4ac72ec0@localhost,Adaptive,C,5,5,275,275
56,player_7c75a296-84f8-4d0d-bd76-d51deebadc18@localhost,GrimTrigger,C,player_c0bba38e-8088-4ae5-b1da-4efa4ac72ec0@localhost,Adaptive,C,5,5,280,280
57,player_7c75a296-84f8-4d0d-bd76-d51deebadc18@localhost,GrimTrigger,C,player_c0bba38e-8088-4ae5-b1da-4efa4ac72ec0@localhost,Adaptive,C,5,5,285,285
58,player_7c75a296-84f8-4d0d-bd76-d51deebadc18@localhost,GrimTrigger,C,player_c0bba38e-8088-4ae5-b1da-4efa4ac72ec0@localhost,Adaptive,C,5,5,290,290
59,player_7c75a296-84f8-4d0d-bd76-d51deebadc18@localhost,GrimTrigger,C,player_c0bba38e-8088-4ae5-b1da-4efa4ac72ec0@localhost,Adaptive,C,5,5,295,295
60,player_7c75a296-84f8-4d0d-bd76-d51deebadc18@localhost,GrimTrigger,C,player_c0bba38e-8088-4ae5-b1da-4efa4ac72ec0@localhost,Adaptive,C,5,5,300,300
61,player_7c75a296-84f8-4d0d-bd76-d51deebadc18@localhost,GrimTrigger,C,player_c0bba38e-8088-4ae5-b1da-4efa4ac72ec0@localhost,Adaptive,C,5,5,305,305
62,player_7c75a296-84f8-4d0d-bd76-d51deebadc18@localhost,GrimTrigger,C,player_c0bba38e-8088-4ae5-b1da-4efa4ac72ec0@localhost,Adaptive,C,5,5,310,310
63,player_7c75a296-84f8-4d0d-bd76-d51deebadc18@localhost,GrimTrigger,C,player_c0bba38e-8088-4ae5-b1da-4efa4ac72ec0@localhost,Adaptive,C,5,5,315,315
64,player_7c75a296-84f8-4d0d-bd76-d51deebadc18@localhost,GrimTrigger,C,player_c0bba38e-8088-4ae5-b1da-4efa4ac72ec0@localhost,Adaptive,C,5,5,320,320
65,player_7c75a296-84f8-4d0d-bd76-d51deebadc18@localhost,GrimTrigger,C,player_c0bba38e-8088-4ae5-b1da-4efa4ac72ec0@localhost,Adaptive,C,5,5,325,325
66,player_7c75a296-84f8-4d0d-bd76-d51deebadc18@localhost,GrimTrigger,C,player_c0bba38e-8088-4ae5-b1da-4efa4ac72ec0@localhost,Adaptive,C,5,5,330,330
67,player_7c75a296-84f8-4d0d-bd76-d51deebadc18@localhost,GrimTrigger,C,player_c0bba38e-8088-4ae5-b1da-4efa4ac72ec0@localhost,Adaptive,C,5,5,335,335
68,player_7c75a296-84f8-4d0d-bd76-d51deebadc18@localhost,GrimTrigger,C,player_c0bba38e-8088-4ae5-b1da-4efa4ac72ec0@localhost,Adaptive,C,5,5,340,340
69,player_7c75a296-84f8-4d0d-bd76-d51deebadc18@localhost,GrimTrigger,C,player_c0bba38e-8088-4ae5-b1da-4efa4ac72ec0@localhost,Adaptive,C,5,5,345,345
70,player_7c75a296-84f8-4d0d-bd76-d51deebadc18@localhost,GrimTrigger,C,player_c0bba38e-8088-4ae5-b1da-4efa4ac72ec0@localhost,Adaptive,C,5,5,350,350
71,player_7c75a296-84f8-4d0d-bd76-d51deebadc18@localhost,GrimTrigger,C,player_c0bba38e-8088-4ae5-b1da-4efa4ac72ec0@localhost,Adaptive,C,5,5,355,355
72,player_7c75a296-84f8-4d0d-bd76-d51deebadc18@localhost,GrimTrigger,C,player_c0bba38e-8088-4ae5-b1da-4efa4ac72ec0@localhost,Adaptive,C,5,5,360,360
73,player_7c75a296-84f8-4d0d-bd76-d51deebadc18@localhost,GrimTrigger,C,player_c0bba38e-8088-4ae5-b1da-4efa4ac72ec0@localhost,Adaptive,C,5,5,365,365
74,player_7c75a296-84f8-4d0d-bd76-d51deebadc18@localhost,GrimTrigger,C,player_c0bba38e-8088-4ae5-b1da-4efa4ac72ec0@localhost,Adaptive,C,5,5,370,370
75,player_7c75a296-84f8-4d0d-bd76-d51deebadc18@localhost,GrimTrigger,C,player_c0bba38e-8088-4ae5-b1da-4efa4ac72ec0@localhost,Adaptive,C,5,5,375,375
76,player_7c75a296-84f8-4d0d-bd76-d51deebadc18@localhost,GrimTrigger,C,player_c0bba38e-8088-4ae5-b1da-4efa4ac72ec0@localhost,Adaptive,C,5,5,380,380
77,player_7c75a296-84f8-4d0d-bd76-d51deebadc18@localhost,GrimTrigger,C,player_c0bba38e-8088-4ae5-b1da-4efa4ac72ec0@localhost,Adaptive,C,5,5,385,385
78,player_7c75a296-84f8-4d0d-bd76-d51deebadc18@localhost,GrimTrigger,C,player_c0bba38e-8088-4ae5-b1da-4efa4ac72ec0@localhost,Adaptive,C,5,5,390,390
79,player_7c75a296-84f8-4d0d-bd76-d51deebadc18@localhost,GrimTrigger,C,player_c0bba38e-8088-4ae5-b1da-4efa4ac72ec0@localhost,Adaptive,C,5,5,395,395
80,player_7c75a296-84f8-4d0d-bd76-d51deebadc18@localhost,GrimTrigger,C,player_c0bba38e-8088-4ae5-b1da-4efa4ac72ec0@localhost,Adaptive,C,5,5,400,400
81,player_7c75a296-84f8-4d0d-bd76-d51deebadc18@localhost,GrimTrigger,C,player_c0bba38e-8088-4ae5-b1da-4efa4ac72ec0@localhost,Adaptive,C,5,5,405,405
82,player_7c75a296-84f8-4d0d-bd76-d51deebadc18@localhost,GrimTrigger,C,player_c0bba38e-8088-4ae5-b1da-4efa4ac72ec0@localhost,Adaptive,C,5,5,410,410
83,player_7c75a296-84f8-4d0d-bd76-d51deebadc18@localhost,GrimTrigger,C,player_c0bba38e-8088-4ae5-b1da-4efa4ac72ec0@localhost,Adaptive,C,5,5,415,415
84,player_7c75a296-84f8-4d0d-bd76-d51deebadc18@localhost,GrimTrigger,C,player_c0bba38e-8088-4ae5-b1da-4efa4ac72ec0@localhost,Adaptive,C,5,5,420,420
85,player_7c75a296-84f8-4d0d-bd76-d51deebadc18@localhost,GrimTrigger,C,player_c0bba38e-8088-4ae5-b1da-4efa4ac72ec0@localhost,Adaptive,C,5,5,425,425
86,player_7c75a296-84f8-4d0d-bd76-d51deebadc18@localhost,GrimTrigger,C,player_c0bba38e-8088-4ae5-b1da-4efa4ac72ec0@localhost,Adaptive,C,5,5,430,430
87,player_7c75a296-84f8-4d0d-bd76-d51deebadc18@localhost,GrimTrigger,C,player_c0bba38e-8088-4ae5-b1da-4efa4ac72ec0@localhost,Adaptive,C,5,5,435,435
88,player_7c75a296-84f8-4d0d-bd76-d51deebadc18@localhost,GrimTrigger,C,player_c0bba38e-8088-4ae5-b1da-4efa4ac72ec0@localhost,Adaptive,C,5,5,440,440
89,player_7c75a296-84f8-4d0d-bd76-d51deebadc18@localhost,GrimTrigger,C,player_c0bba38e-8088-4ae5-b1da-4efa4ac72ec0@localhost,Adaptive,C,5,5,445,445
90,player_7c75a296-84f8-4d0d-bd76-d51deebadc18@localhost,GrimTrigger,C,player_c0bba38e-8088-4ae5-b1da-4efa4ac72ec0@localhost,Adaptive,C,5,5,450,450
91,player_7c75a296-84f8-4d0d-bd76-d51deebadc18@localhost,GrimTrigger,C,player_c0bba38e-8088-4ae5-b1da-4efa4ac72ec0@localhost,Adaptive,C,5,5,455,455
92,player_7c75a296-84f8-4d0d-bd76-d51deebadc18@localhost,GrimTrigger,C,player_c0bba38e-8088-4ae5-b1da-4efa4ac72ec0@localhost,Adaptive,C,5,5,460,460
93,player_7c75a296-84f8-4d0d-bd76-d51deebadc18@localhost,GrimTrigger,C,player_c0bba38e-8088-4ae5-b1da-4efa4ac72ec0@localhost,Adaptive,C,5,5,465,465
94,player_7c75a296-84f8-4d0d-bd76-d51deebadc18@localhost,GrimTrigger,C,player_c0bba38e-8088-4ae5-b1da-4efa4ac72ec0@localhost,Adaptive,C,5,5,470,470
95,player_7c75a296-84f8-4d0d-bd76-d51deebadc18@localhost,GrimTrigger,C,player_c0bba38e-8088-4ae5-b1da-4efa4ac72ec0@localhost,Adaptive,C,5,5,475,475
96,player_7c75a296-84f8-4d0d-bd76-d51deebadc18@localhost,GrimTrigger,C,player_c0bba38e-8088-4ae5-b1da-4efa4ac72ec0@localhost,Adaptive,C,5,5,480,480
97,player_7c75a296-84f8-4d0d-bd76-d51deebadc18@localhost,GrimTrigger,C,player_c0bba38e-8088-4ae5-b1da-4efa4ac72ec0@localhost,Adaptive,C,5,5,485,485
98,player_7c75a296-84f8-4d0d-bd76-d51deebadc18@localhost,GrimTrigger,C,player_c0bba38e-8088-4ae5-b1da-4efa4ac72ec0@localhost,Adaptive,C,5,5,490,490
99,player_7c75a296-84f8-4d0d-bd76-d51deebadc18@localhost,GrimTrigger,C,player_c0bba38e-8088-4ae5-b1da-4efa4ac72ec0@localhost,Adaptive,C,5,5,495,495
100,player_7c75a296-84f8-4d0d-bd76-d51deebadc18@localhost,GrimTrigger,C,player_c0bba38e-8088-4ae5-b1da-4efa4ac72ec0@localhost,Adaptive,C,5,5,500,500
101,player_7c75a296-84f8-4d0d-bd76-d51deebadc18@localhost,GrimTrigger,C,player_c0bba38e-8088-4ae5-b1da-4efa4ac72ec0@localhost,Adaptive,C,5,5,505,505
102,player_7c75a296-84f8-4d0d-bd76-d51deebadc18@localhost,GrimTrigger,C,player_c0bba38e-8088-4ae5-b1da-4efa4ac72ec0@localhost,Adaptive,C,5,5,510,510
103,player_7c75a296-84f8-4d0d-bd76-d51deebadc18@localhost,GrimTrigger,C,player_c0bba38e-8088-4ae5-b1da-4efa4ac72ec0@localhost,Adaptive,C,5,5,515,515
104,player_7c75a296-84f8-4d0d-bd76-d51deebadc18@localhost,GrimTrigger,C,player_c0bba38e-8088-4ae5-b1da-4efa4ac72ec0@localhost,Adaptive,C,5,5,520,520
105,player_7c75a296-84f8-4d0d-bd76-d51deebadc18@localhost,GrimTrigger,C,player_c0bba38e-8088-4ae5-b1da-4efa4ac72ec0@localhost,Adaptive,C,5,5,525,525
106,player_7c75a296-84f8-4d0d-bd76-d51deebadc18@localhost,GrimTrigger,C,player_c0bba38e-8088-4ae5-b1da-4efa4ac72ec0@localhost,Adaptive,C,5,5,530,530
107,player_7c75a296-84f8-4d0d-bd76-d51deebadc18@localhost,GrimTrigger,C,player_c0bba38e-8088-4ae5-b1da-4efa4ac72ec0@localhost,Adaptive,C,5,5,535,535
108,player_7c75a296-84f8-4d0d-bd76-d51deebadc18@localhost,GrimTrigger,C,player_c0bba38e-8088-4ae5-b1da-4efa4ac72ec0@localhost,Adaptive,C,5,5,540,540
109,player_7c75a296-84f8-4d0d-bd76-d51deebadc18@localhost,GrimTrigger,C,player_c0bba38e-8088-4ae5-b1da-4efa4ac72ec0@localhost,Adaptive,C,5,5,545,545
110,player_7c75a296-84f8-4d0d-bd76-d51deebadc18@localhost,GrimTrigger,C,player_c0bba38e-8088-4ae5-b1da-4efa4ac72ec0@localhost,Adaptive,C,5,5,550,550
111,player_7c75a296-84f8-4d0d-bd76-d51deebadc18@localhost,GrimTrigger,C,player_c0bba38e-8088-4ae5-b1da-4efa4ac72ec0@localhost,Adaptive,C,5,5,555,555
112,player_7c75a296-84f8-4d0d-bd76-d51deebadc18@localhost,GrimTrigger,C,player_c0bba38e-8088-4ae5-b1da-4efa4ac72ec0@localhost,Adaptive,C,5,5,560,560
113,player_7c75a296-84f8-4d0d-bd76-d51deebadc18@localhost,GrimTrigger,C,player_c0bba38e-8088-4ae5-b1da-4efa4ac72ec0@localhost,Adaptive,C,5,5,565,565
114,player_7c75a296-84f8-4d0d-bd76-d51deebadc18@localhost,GrimTrigger,C,player_c0bba38e-8088-4ae5-b1da-4efa4ac72ec0@localhost,Adaptive,C,5,5,570,570
115,player_7c75a296-84f8-4d0d-bd76-d51deebadc18@localhost,GrimTrigger,C,player_c0bba38e-8088-4ae5-b1da-4efa4ac72ec0@localhost,Adaptive,C,5,5,575,575
116,player_7c75a296-84f8-4d0d-bd76-d51deebadc18@localhost,GrimTrigger,C,player_c0bba38e-8088-4ae5-b1da-4efa4ac72ec0@localhost,Adaptive,C,5,5,580,580
117,player_7c75a296-84f8-4d0d-bd76-d51deebadc18@localhost,GrimTrigger,C,player_c0bba38e-8088-4ae5-b1da-4efa4ac72ec0@localhost,Adaptive,C,5,5,585,585
118,player_7c75a296-84f8-4d0d-bd76-d51deebadc18@localhost,GrimTrigger,C,player_c0bba38e-8088-4ae5-b1da-4efa4ac72ec0@localhost,Adaptive,C,5,5,590,590
119,player_7c75a296-84f8-4d0d-bd76-d51deebadc18@localhost,GrimTrigger,C,player_c0bba38e-8088-4ae5-b1da-4efa4ac72ec0@localhost,Adaptive,C,5,5,595,595
120,player_7c75a296-84f8-4d0d-bd76-d51deebadc18@localhost,GrimTrigger,C,player_c0bba38e-8088-4ae5-b1da-4efa4ac72ec0@localhost,Adaptive,C,5,5,600,600
121,player_7c75a296-84f8-4d0d-bd76-d51deebadc18@localhost,GrimTrigger,C,player_c0bba38e-8088-4ae5-b1da-4efa4ac72ec0@localhost,Adaptive,C,5,5,605,605
122,player_7c75a296-84f8-4d0d-bd76-d51deebadc18@localhost,GrimTrigger,C,player_c0bba38e-8088-4ae5-b1da-4efa4ac72ec0@localhost,Adaptive,C,5,5,610,610
123,player_7c75a296-84f8-4d0d-bd76-d51deebadc18@localhost,GrimTrigger,C,player_c0bba38e-8088-4ae5-b1da-4efa4ac72ec0@localhost,Adaptive,C,5,5,615,615
124,player_7c75a296-84f8-4d0d-bd76-d51deebadc18@localhost,GrimTrigger,C,player_c0bba38e-8088-4ae5-b1da-4efa4ac72ec0@localhost,Adaptive,C,5,5,620,620
125,player_7c75a296-84f8-4d0d-bd76-d51deebadc18@localhost,GrimTrigger,C,player_c0bba38e-8088-4ae5-b1da-4efa4ac72ec0@localhost,Adaptive,C,5,5,625,625
126,player_7c75a296-84f8-4d0d-bd76-d51deebadc18@localhost,GrimTrigger,C,player_c0bba38e-8088-4ae5-b1da-4efa4ac72ec0@localhost,Adaptive,C,5,5,630,630
127,player_7c75a296-84f8-4d0d-bd76-d51deebadc18@localhost,GrimTrigger,C,player_c0bba38e-8088-4ae5-b1da-4efa4ac72ec0@localhost,Adaptive,C,5,5,635,635
128,player_7c75a296-84f8-4d0d-bd76-d51deebadc18@localhost,GrimTrigger,C,player_c0bba38e-8088-4ae5-b1da-4efa4ac72ec0@localhost,Adaptive,C,5,5,640,640
129,player_7c75a296-84f8-4d0d-bd76-d51deebadc18@localhost,GrimTrigger,C,player_c0bba38e-8088-4ae5-b1da-4efa4ac72ec0@localhost,Adaptive,C,5,5,645,645
130,player_7c75a296-84f8-4d0d-bd76-d51deebadc18@localhost,GrimTrigger,C,player_c0bba38e-8088-4ae5-b1da-4efa4ac72ec0@localhost,Adaptive,C,5,5,650,650
131,player_7c75a296-84f8-4d0d-bd76-d51deebadc18@localhost,GrimTrigger,C,player_c0bba38e-8088-4ae5-b1da-4efa4ac72ec0@localhost,Adaptive,C,5,5,655,655
132,player_7c75a296-84f8-4d0d-bd76-d51deebadc18@localhost,GrimTrigger,C,player_c0bba38e-8088-4ae5-b1da-4efa4ac72ec0@localhost,Adaptive,C,5,5,660,660
133,player_7c75a296-84f8-4d0d-bd76-d51deebadc18@localhost,GrimTrigger,C,player_c0bba38e-8088-4ae5-b1da-4efa4ac72ec0@localhost,Adaptive,C,5,5,665,665
134,player_7c75a296-84f8-4d0d-bd76-d51deebadc18@localhost,GrimTrigger,C,player_c0bba38e-8088-4ae5-b1da-4efa4ac72ec0@localhost,Adaptive,C,5,5,670,670
135,player_7c75a296-84f8-4d0d-bd76-d51deebadc18@localhost,GrimTrigger,C,player_c0bba38e-8088-4ae5-b1da-4efa4ac72ec0@localhost,Adaptive,C,5,5,675,675
136,player_7c75a296-84f8-4d0d-bd76-d51deebadc18@localhost,GrimTrigger,C,player_c0bba38e-8088-4ae5-b1da-4efa4ac72ec0@localhost,Adaptive,C,5,5,680,680
137,player_7c75a296-84f8-4d0d-bd76-d51deebadc18@localhost,GrimTrigger,C,player_c0bba38e-8088-4ae5-b1da-4efa4ac72ec0@localhost,Adaptive,C,5,5,685,685
138,player_7c75a296-84f8-4d0d-bd76-d51deebadc18@localhost,GrimTrigger,C,player_c0bba38e-8088-4ae5-b1da-4efa4ac72ec0@localhost,Adaptive,C,5,5,690,690
139,player_7c75a296-84f8-4d0d-bd76-d51deebadc18@localhost,GrimTrigger,C,player_c0bba38e-8088-4ae5-b1da-4efa4ac72ec0@localhost,Adaptive,C,5,5,695,695
140,player_7c75a296-84f8-4d0d-bd76-d51deebadc18@localhost,GrimTrigger,C,player_c0bba38e-8088-4ae5-b1da-4efa4ac72ec0@localhost,Adaptive,C,5,5,700,700
141,player_7c75a296-84f8-4d0d-bd76-d51deebadc18@localhost,GrimTrigger,C,player_c0bba38e-8088-4ae5-b1da-4efa4ac72ec0@localhost,Adaptive,C,5,5,705,705
142,player_7c75a296-84f8-4d0d-bd76-d51deebadc18@localhost,GrimTrigger,C,player_c0bba38e-8088-4ae5-b1da-4efa4ac72ec0@localhost,Adaptive,C,5,5,710,710
143,player_7c75a296-84f8-4d0d-bd76-d51deebadc18@localhost,GrimTrigger,C,player_c0bba38e-8088-4ae5-b1da-4efa4ac72ec0@localhost,Adaptive,C,5,5,715,715
144,player_7c75a296-84f8-4d0d-bd76-d51deebadc18@localhost,GrimTrigger,C,player_c0bba38e-8088-4ae5-b1da-4efa4ac72ec0@localhost,Adaptive,C,5,5,720,720
145,player_7c75a296-84f8-4d0d-bd76-d51deebadc18@localhost,GrimTrigger,C,player_c0bba38e-8088-4ae5-b1da-4efa4ac72ec0@localhost,Adaptive,C,5,5,725,725
146,player_7c75a296-84f8-4d0d-bd76-d51deebadc18@localhost,GrimTrigger,C,player_c0bba38e-8088-4ae5-b1da-4efa4ac72ec0@localhost,Adaptive,C,5,5,730,730
147,player_7c75a296-84f8-4d0d-bd76-d51deebadc18@localhost,GrimTrigger,C,player_c0bba38e-8088-4ae5-b1da-4efa4ac72ec0@localhost,Adaptive,C,5,5,735,735
148,player_7c75a296-84f8-4d0d-bd76-d51deebadc18@localhost,GrimTrigger,C,player_c0bba38e-8088-4ae5-b1da-4efa4ac72ec0@localhost,Adaptive,C,5,5,740,740
149,player_7c75a296-84f8-4d0d-bd76-d51deebadc18@localhost,GrimTrigger,C,player_c0bba38e-8088-4ae5-b1da-4efa4ac72ec0@localhost,Adaptive,C,5,5,745,745
150,player_7c75a296-84f8-4d0d-bd76-d51deebadc18@localhost,GrimTrigger,C,player_c0bba38e-8088-4ae5-b1da-4efa4ac72ec0@localhost,Adaptive,C,5,5,750,750
151,player_7c75a296-84f8-4d0d-bd76-d51deebadc18@localhost,GrimTrigger,C,player_c0bba38e-8088-4ae5-b1da-4efa4ac72ec0@localhost,Adaptive,C,5,5,755,755
152,player_7c75a296-84f8-4d0d-bd76-d51deebadc18@localhost,GrimTrigger,C,player_c0bba38e-8088-4ae5-b1da-4efa4ac72ec0@localhost,Adaptive,C,5,5,760,760
153,player_7c75a296-84f8-4d0d-bd76-d51deebadc18@localhost,GrimTrigger,C,player_c0bba38e-8088-4ae5-b1da-4efa4ac72ec0@localhost,Adaptive,C,5,5,765,765
154,player_7c75a296-84f8-4d0d-bd76-d51deebadc18@localhost,GrimTrigger,C,player_c0bba38e-8088-4ae5-b1da-4efa4ac72ec0@localhost,Adaptive,C,5,5,770,770
155,player_7c75a296-84f8-4d0d-bd76-d51deebadc18@localhost,GrimTrigger,C,player_c0bba38e-8088-4ae5-b1da-4efa4ac72ec0@localhost,Adaptive,C,5,5,775,775
156,player_7c75a296-84f8-4d0d-bd76-d51deebadc18@localhost,GrimTrigger,C,player_c0bba38e-8088-4ae5-b1da-4efa4ac72ec0@localhost,Adaptive,C,5,5,780,780
157,player_7c75a296-84f8-4d0d-bd76-d51deebadc18@localhost,GrimTrigger,C,player_c0bba38e-8088-4ae5-b1da-4efa4ac72ec0@localhost,Adaptive,C,5,5,785,785
158,player_7c75a296-84f8-4d0d-bd76-d51deebadc18@localhost,GrimTrigger,C,player_c0bba38e-8088-4ae5-b1da-4efa4ac72ec0@localhost,Adaptive,C,5,5,790,790
159,player_7c75a296-84f8-4d0d-bd76-d51deebadc18@localhost,GrimTrigger,C,player_c0bba38e-8088-4ae5-b1da-4efa4ac72ec0@localhost,Adaptive,C,5,5,795,795
160,player_7c75a296-84f8-4d0d-bd76-d51deebadc18@localhost,GrimTrigger,C,player_c0bba38e-8088-4ae5-b1da-4efa4ac72ec0@localhost,Adaptive,C,5,5,800,800
161,player_7c75a296-84f8-4d0d-bd76-d51deebadc18@localhost,GrimTrigger,C,player_c0bba38e-8088-4ae5-b1da-4efa4ac72ec0@localhost,Adaptive,C,5,5,805,805
162,player_7c75a296-84f8-4d0d-bd76-d51deebadc18@localhost,GrimTrigger,C,player_c0bba38e-8088-4ae5-b1da-4efa4ac72ec0@localhost,Adaptive,C,5,5,810,810
163,player_7c75a296-84f8-4d0d-bd76-d51deebadc18@localhost,GrimTrigger,C,player_c0bba38e-8088-4ae5-b1da-4efa4ac72ec0@localhost,Adaptive,C,5,5,815,815
164,player_7c75a296-84f8-4d0d-bd76-d51deebadc18@localhost,GrimTrigger,C,player_c0bba38e-8088-4ae5-b1da-4efa4ac72ec0@localhost,Adaptive,C,5,5,820,820
165,player_7c75a296-84f8-4d0d-bd76-d51deebadc18@localhost,GrimTrigger,C,player_c0bba38e-8088-4ae5-b1da-4efa4ac72ec0@localhost,Adaptive,C,5,5,825,825
166,player_7c75a296-84f8-4d0d-bd76-d51deebadc18@localhost,GrimTrigger,C,player_c0bba38e-8088-4ae5-b1da-4efa4ac72ec0@localhost,Adaptive,C,5,5,830,830
167,player_7c75a296-84f8-4d0d-bd76-d51deebadc18@localhost,GrimTrigger,C,player_c0bba38e-8088-4ae5-b1da-4efa4ac72ec0@localhost,Adaptive,C,5,5,835,835
168,player_7c75a296-84f8-4d0d-bd76-d51deebadc18@localhost,GrimTrigger,C,player_c0bba38e-8088-4ae5-b1da-4efa4ac72ec0@localhost,Adaptive,C,5,5,840,840
169,player_7c75a296-84f8-4d0d-bd76-d51deebadc18@localhost,GrimTrigger,C,player_c0bba38e-8088-4ae5-b1da-4efa4ac72ec0@localhost,Adaptive,C,5,5,845,845
170,player_7c75a296-84f8-4d0d-bd76-d51deebadc18@localhost,GrimTrigger,C,player_c0bba38e-8088-4ae5-b1da-4efa4ac72ec0@localhost,Adaptive,C,5,5,850,850
171,player_7c75a296-84f8-4d0d-bd76-d51deebadc18@localhost,GrimTrigger,C,player_c0bba38e-8088-4ae5-b1da-4efa4ac72ec0@localhost,Adaptive,C,5,5,855,855
172,player_7c75a296-84f8-4d0d-bd76-d51deebadc18@localhost,GrimTrigger,C,player_c0bba38e-8088-4ae5-b1da-4efa4ac72ec0@localhost,Adaptive,C,5,5,860,860
173,player_7c75a296-84f8-4d0d-bd76-d51deebadc18@localhost,GrimTrigger,C,player_c0bba38e-8088-4ae5-b1da-4efa4ac72ec0@localhost,Adaptive,C,5,5,865,865
174,player_7c75a296-84f8-4d0d-bd76-d51deebadc18@localhost,GrimTrigger,C,player_c0bba38e-8088-4ae5-b1da-4efa4ac72ec0@localhost,Adaptive,C,5,5,870,870
175,player_7c75a296-84f8-4d0d-bd76-d51deebadc18@localhost,GrimTrigger,C,player_c0bba38e-8088-4ae5-b1da-4efa4ac72ec0@localhost,Adaptive,C,5,5,875,875
176,player_7c75a296-84f8-4d0d-bd76-d51deebadc18@localhost,GrimTrigger,C,player_c0bba38e-8088-4ae5-b1da-4efa4ac72ec0@localhost,Adaptive,C,5,5,880,880
177,player_7c75a296-84f8-4d0d-bd76-d51deebadc18@localhost,GrimTrigger,C,player_c0bba38e-8088-4ae5-b1da-4efa4ac72ec0@localhost,Adaptive,C,5,5,885,885
178,player_7c75a296-84f8-4d0d-bd76-d51deebadc18@localhost,GrimTrigger,C,player_c0bba38e-8088-4ae5-b1da-4efa4ac72ec0@localhost,Adaptive,C,5,5,890,890
179,player_7c75a296-84f8-4d0d-bd76-d51deebadc18@localhost,GrimTrigger,C,player_c0bba38e-8088-4ae5-b1da-4efa4ac72ec0@localhost,Adaptive,C,5,5,895,895
180,player_7c75a296-84f8-4d0d-bd76-d51deebadc18@localhost,GrimTrigger,C,player_c0bba38e-8088-4ae5-b1da-4efa4ac72ec0@localhost,Adaptive,C,5,5,900,900
181,player_7c75a296-84f8-4d0d-bd76-d51deebadc18@localhost,GrimTrigger,C,player_c0bba38e-8088-4ae5-b1da-4efa4ac72ec0@localhost,Adaptive,C,5,5,905,905
182,player_7c75a296-84f8-4d0d-bd76-d51deebadc18@localhost,GrimTrigger,C,player_c0bba38e-8088-4ae5-b1da-4efa4ac72ec0@localhost,Adaptive,C,5,5,910,910
183,player_7c75a296-84f8-4d0d-bd76-d51deebadc18@localhost,GrimTrigger,C,player_c0bba38e-8088-4ae5-b1da-4efa4ac72ec0@localhost,Adaptive,C,5,5,915,915
184,player_7c75a296-84f8-4d0d-bd76-d51deebadc18@localhost,GrimTrigger,C,player_c0bba38e-8088-4ae5-b1da-4efa4ac72ec0@localhost,Adaptive,C,5,5,920,920
185,player_7c75a296-84f8-4d0d-bd76-d51deebadc18@localhost,GrimTrigger,C,player_c0bba38e-8088-4ae5-b1da-4efa4ac72ec0@localhost,Adaptive,C,5,5,925,925
186,player_7c75a296-84f8-4d0d-bd76-d51deebadc18@localhost,GrimTrigger,C,player_c0bba38e-8088-4ae5-b1da-4efa4ac72ec0@localhost,Adaptive,C,5,5,930,930
187,player_7c75a296-84f8-4d0d-bd76-d51deebadc18@localhost,GrimTrigger,C,player_c0bba38e-8088-4ae5-b1da-4efa4ac72ec0@localhost,Adaptive,C,5,5,935,935
188,player_7c75a296-84f8-4d0d-bd76-d51deebadc18@localhost,GrimTrigger,C,player_c0bba38e-8088-4ae5-b1da-4efa4ac72ec0@localhost,Adaptive,C,5,5,940,940
189,player_7c75a296-84f8-4d0d-bd76-d51deebadc18@localhost,GrimTrigger,C,player_c0bba38e-8088-4ae5-b1da-4efa4ac72ec0@localhost,Adaptive,C,5,5,945,945
190,player_7c75a296-84f8-4d0d-bd76-d51deebadc18@localhost,GrimTrigger,C,player_c0bba38e-8088-4ae5-b1da-4efa4ac72ec0@localhost,Adaptive,C,5,5,950,950
191,player_7c75a296-84f8-4d0d-bd76-d51deebadc18@localhost,GrimTrigger,C,player_c0bba38e-8088-4ae5-b1da-4efa4ac72ec0@localhost,Adaptive,C,5,5,955,955
192,player_7c75a296-84f8-4d0d-bd76-d51deebadc18@localhost,GrimTrigger,C,player_c0bba38e-8088-4ae5-b1da-4efa4ac72ec0@localhost,Adaptive,C,5,5,960,960
193,player_7c75a296-84f8-4d0d-bd76-d51deebadc18@localhost,GrimTrigger,C,player_c0bba38e-8088-4ae5-b1da-4efa4ac72ec0@localhost,Adaptive,C,5,5,965,965
194,player_7c75a296-84f8-4d0d-bd76-d51deebadc18@localhost,GrimTrigger,C,player_c0bba38e-8088-4ae5-b1da-4efa4ac72ec0@localhost,Adaptive,C,5,5,970,970
195,player_7c75a296-84f8-4d0d-bd76-d51deebadc18@localhost,GrimTrigger,C,player_c0bba38e-8088-4ae5-b1da-4efa4ac72ec0@localhost,Adaptive,C,5,5,975,975
196,player_7c75a296-84f8-4d0d-bd76-d51deebadc18@localhost,GrimTrigger,C,player_c0bba38e-8088-4ae5-b1da-4efa4ac72ec0@localhost,Adaptive,C,5,5,980,980
197,player_7c75a296-84f8-4d0d-bd76-d51deebadc18@localhost,GrimTrigger,C,player_c0bba38e-8088-4ae5-b1da-4efa4ac72ec0@localhost,Adaptive,C,5,5,985,985
198,player_7c75a296-84f8-4d0d-bd76-d51deebadc18@localhost,GrimTrigger,C,player_c0bba38e-8088-4ae5-b1da-4efa4ac72ec0@localhost,Adaptive,C,5,5,990,990
199,player_7c75a296-84f8-4d0d-bd76-d51deebadc18@localhost,GrimTrigger,C,player_c0bba38e-8088-4ae5-b1da-4efa4ac72ec0@localhost,Adaptive,C,5,5,995,995
200,player_7c75a296-84f8-4d0d-bd76-d51deebadc18@localhost,GrimTrigger,C,player_c0bba38e-8088-4ae5-b1da-4efa4ac72ec0@localhost,Adaptive,C,5,5,1000,1000
201,player_7c75a296-84f8-4d0d-bd76-d51deebadc18@localhost,GrimTrigger,C,player_c0bba38e-8088-4ae5-b1da-4efa4ac72ec0@localhost,Adaptive,C,5,5,1005,1005
202,player_7c75a296-84f8-4d0d-bd76-d51deebadc18@localhost,GrimTrigger,C,player_c0bba38e-8088-4ae5-b1da-4efa4ac72ec0@localhost,Adaptive,C,5,5,1010,1010
203,player_7c75a296-84f8-4d0d-bd76-d51deebadc18@localhost,GrimTrigger,C,player_c0bba38e-8088-4ae5-b1da-4efa4ac72ec0@localhost,Adaptive,C,5,5,1015,1015
204,player_7c75a296-84f8-4d0d-bd76-d51deebadc18@localhost,GrimTrigger,C,player_c0bba38e-8088-4ae5-b1da-4efa4ac72ec0@localhost,Adaptive,C,5,5,1020,1020
205,player_7c75a296-84f8-4d0d-bd76-d51deebadc18@localhost,GrimTrigger,C,player_c0bba38e-8088-4ae5-b1da-4efa4ac72ec0@localhost,Adaptive,C,5,5,1025,1025
206,player_7c75a296-84f8-4d0d-bd76-d51deebadc18@localhost,GrimTrigger,C,player_c0bba38e-8088-4ae5-b1da-4efa4ac72ec0@localhost,Adaptive,C,5,5,1030,1030
207,player_7c75a296-84f8-4d0d-bd76-d51deebadc18@localhost,GrimTrigger,C,player_c0bba38e-8088-4ae5-b1da-4efa4ac72ec0@localhost,Adaptive,C,5,5,1035,1035
208,player_7c75a296-84f8-4d0d-bd76-d51deebadc18@localhost,GrimTrigger,C,player_c0bba38e-8088-4ae5-b1da-4efa4ac72ec0@localhost,Adaptive,C,5,5,1040,1040
209,player_7c75a296-84f8-4d0d-bd76-d51deebadc18@localhost,GrimTrigger,C,player_c0bba38e-8088-4ae5-b1da-4efa4ac72ec0@localhost,Adaptive,C,5,5,1045,1045
210,player_7c75a296-84f8-4d0d-bd76-d51deebadc18@localhost,GrimTrigger,C,player_c0bba38e-8088-4ae5-b1da-4efa4ac72ec0@localhost,Adaptive,C,5,5,1050,1050
211,player_7c75a296-84f8-4d0d-bd76-d51deebadc18@localhost,GrimTrigger,C,player_c0bba38e-8088-4ae5-b1da-4efa4ac72ec0@localhost,Adaptive,C,5,5,1055,1055
212,player_7c75a296-84f8-4d0d-bd76-d51deebadc18@localhost,GrimTrigger,C,player_c0bba38e-8088-4ae5-b1da-4efa4ac72ec0@localhost,Adaptive,C,5,5,1060,1060
213,player_7c75a296-84f8-4d0d-bd76-d51deebadc18@localhost,GrimTrigger,C,player_c0bba38e-8088-4ae5-b1da-4efa4ac72ec0@localhost,Adaptive,C,5,5,1065,1065
214,player_7c75a296-84f8-4d0d-bd76-d51deebadc18@localhost,GrimTrigger,C,player_c0bba38e-8088-4ae5-b1da-4efa4ac72ec0@localhost,Adaptive,C,5,5,1070,1070
215,player_7c75a296-84f8-4d0d-bd76-d51deebadc18@localhost,GrimTrigger,C,player_c0bba38e-8088-4ae5-b1da-4efa4ac72ec0@localhost,Adaptive,C,5,5,1075,1075
216,player_7c75a296-84f8-4d0d-bd76-d51deebadc18@localhost,GrimTrigger,C,player_c0bba38e-8088-4ae5-b1da-4efa4ac72ec0@localhost,Adaptive,C,5,5,1080,1080
217,player_7c75a296-84f8-4d0d-bd76-d51deebadc18@localhost,GrimTrigger,C,player_c0bba38e-8088-4ae5-b1da-4efa4ac72ec0@localhost,Adaptive,C,5,5,1085,1085
218,player_7c75a296-84f8-4d0d-bd76-d51deebadc18@localhost,GrimTrigger,C,player_c0bba38e-8088-4ae5-b1da-4efa4ac72ec0@localhost,Adaptive,C,5,5,1090,1090
219,player_7c75a296-84f8-4d0d-bd76-d51deebadc18@localhost,GrimTrigger,C,player_c0bba38e-8088-4ae5-b1da-4efa4ac72ec0@localhost,Adaptive,C,5,5,1095,1095
220,player_7c75a296-84f8-4d0d-bd76-d51deebadc18@localhost,GrimTrigger,C,player_c0bba38e-8088-4ae5-b1da-4efa4ac72ec0@localhost,Adaptive,C,5,5,1100,1100
221,player_7c75a296-84f8-4d0d-bd76-d51deebadc18@localhost,GrimTrigger,C,player_c0bba38e-8088-4ae5-b1da-4efa4ac72ec0@localhost,Adaptive,C,5,5,1105,1105
222,player_7c75a296-84f8-4d0d-bd76-d51deebadc18@localhost,GrimTrigger,C,player_c0bba38e-8088-4ae5-b1da-4efa4ac72ec0@localhost,Adaptive,C,5,5,1110,1110
223,player_7c75a296-84f8-4d0d-bd76-d51deebadc18@localhost,GrimTrigger,C,player_c0bba38e-8088-4ae5-b1da-4efa4ac72ec0@localhost,Adaptive,C,5,5,1115,1115
224,player_7c75a296-84f8-4d0d-bd76-d51deebadc18@localhost,GrimTrigger,C,player_c0bba38e-8088-4ae5-b1da-4efa4ac72ec0@localhost,Adaptive,C,5,5,1120,1120
225,player_7c75a296-84f8-4d0d-bd76-d51deebadc18@localhost,GrimTrigger,C,player_c0bba38e-8088-4ae5-b1da-4efa4ac72ec0@localhost,Adaptive,C,5,5,1125,1125
226,player_7c75a296-84f8-4d0d-bd76-d51deebadc18@localhost,GrimTrigger,C,player_c0bba38e-8088-4ae5-b1da-4efa4ac72ec0@localhost,Adaptive,C,5,5,1130,1130
227,player_7c75a296-84f8-4d0d-bd76-d51deebadc18@localhost,GrimTrigger,C,player_c0bba38e-8088-4ae5-b1da-4efa4ac72ec0@localhost,Adaptive,C,5,5,1135,1135
228,player_7c75a296-84f8-4d0d-bd76-d51deebadc18@localhost,GrimTrigger,C,player_c0bba38e-8088-4ae5-b1da-4efa4ac72ec0@localhost,Adaptive,C,5,5,1140,1140
229,player_7c75a296-84f8-4d0d-bd76-d51deebadc18@localhost,GrimTrigger,C,player_c0bba38e-8088-4ae5-b1da-4efa4ac72ec0@localhost,Adaptive,C,5,5,1145,1145
230,player_7c75a296-84f8-4d0d-bd76-d51deebadc18@localhost,GrimTrigger,C,player_c0bba38e-8088-4ae5-b1da-4efa4ac72ec0@localhost,Adaptive,C,5,5,1150,1150
231,player_7c75a296-84f8-4d0d-bd76-d51deebadc18@localhost,GrimTrigger,C,player_c0bba38e-8088-4ae5-b1da-4efa4ac72ec0@localhost,Adaptive,C,5,5,1155,1155
232,player_7c75a296-84f8-4d0d-bd76-d51deebadc18@localhost,GrimTrigger,C,player_c0bba38e-8088-4ae5-b1da-4efa4ac72ec0@localhost,Adaptive,C,5,5,1160,1160
233,player_7c75a296-84f8-4d0d-bd76-d51deebadc18@localhost,GrimTrigger,C,player_c0bba38e-8088-4ae5-b1da-4efa4ac72ec0@localhost,Adaptive,C,5,5,1165,1165
234,player_7c75a296-84f8-4d0d-bd76-d51deebadc18@localhost,GrimTrigger,C,player_c0bba38e-8088-4ae5-b1da-4efa4ac72ec0@localhost,Adaptive,C,5,5,1170,1170
235,player_7c75a296-84f8-4d0d-bd76-d51deebadc18@localhost,GrimTrigger,C,player_c0bba38e-8088-4ae5-b1da-4efa4ac72ec0@localhost,Adaptive,C,5,5,1175,1175
236,player_7c75a296-84f8-4d0d-bd76-d51deebadc18@localhost,GrimTrigger,C,player_c0bba38e-8088-4ae5-b1da-4efa4ac72ec0@localhost,Adaptive,C,5,5,1180,1180
237,player_7c75a296-84f8-4d0d-bd76-d51deebadc18@localhost,GrimTrigger,C,player_c0bba38e-8088-4ae5-b1da-4efa4ac72ec0@localhost,Adaptive,C,5,5,1185,1185
238,player_7c75a296-84f8-4d0d-bd76-d51deebadc18@localhost,GrimTrigger,C,player_c0bba38e-8088-4ae5-b1da-4efa4ac72ec0@localhost,Adaptive,C,5,5,1190,1190
239,player_7c75a296-84f8-4d0d-bd76-d51deebadc18@localhost,GrimTrigger,C,player_c0bba38e-8088-4ae5-b1da-4efa4ac72ec0@localhost,Adaptive,C,5,5,1195,1195
240,player_7c75a296-84f8-4d0d-bd76-d51deebadc18@localhost,GrimTrigger,C,player_c0bba38e-8088-4ae5-b1da-4efa4ac72ec0@localhost,Adaptive,C,5,5,1200,1200
241,player_7c75a296-84f8-4d0d-bd76-d51deebadc18@localhost,GrimTrigger,C,player_c0bba38e-8088-4ae5-b1da-4efa4ac72ec0@localhost,Adaptive,C,5,5,1205,1205
242,player_7c75a296-84f8-4d0d-bd76-d51deebadc18@localhost,GrimTrigger,C,player_c0bba38e-8088-4ae5-b1da-4efa4ac72ec0@localhost,Adaptive,C,5,5,1210,1210
243,player_7c75a296-84f8-4d0d-bd76-d51deebadc18@localhost,GrimTrigger,C,player_c0bba38e-8088-4ae5-b1da-4efa4ac72ec0@localhost,Adaptive,C,5,5,1215,1215
244,player_7c75a296-84f8-4d0d-bd76-d51deebadc18@localhost,GrimTrigger,C,player_c0bba38e-8088-4ae5-b1da-4efa4ac72ec0@localhost,Adaptive,C,5,5,1220,1220
245,player_7c75a296-84f8-4d0d-bd76-d51deebadc18@localhost,GrimTrigger,C,player_c0bba38e-8088-4ae5-b1da-4efa4ac72ec0@localhost,Adaptive,C,5,5,1225,1225
246,player_7c75a296-84f8-4d0d-bd76-d51deebadc18@localhost,GrimTrigger,C,player_c0bba38e-8088-4ae5-b1da-4efa4ac72ec0@localhost,Adaptive,C,5,5,1230,1230
247,player_7c75a296-84f8-4d0d-bd76-d51deebadc18@localhost,GrimTrigger,C,player_c0bba38e-8088-4ae5-b1da-4efa4ac72ec0@localhost,Adaptive,C,5,5,1235,1235
248,player_7c75a296-84f8-4d0d-bd76-d51deebadc18@localhost,GrimTrigger,C,player_c0bba38e-8088-4ae5-b1da-4efa4ac72ec0@localhost,Adaptive,C,5,5,1240,1240
249,player_7c75a296-84f8-4d0d-bd76-d51deebadc18@localhost,GrimTrigger,C,player_c0bba38e-8088-4ae5-b1da-4efa4ac72ec0@localhost,Adaptive,C,5,5,1245,1245
250,player_7c75a296-84f8-4d0d-bd76-d51deebadc18@localhost,GrimTrigger,C,player_c0bba38e-8088-4ae5-b1da-4efa4ac72ec0@localhost,Adaptive,C,5,5,1250,1250
251,player_7c75a296-84f8-4d0d-bd76-d51deebadc18@localhost,GrimTrigger,C,player_c0bba38e-8088-4ae5-b1da-4efa4ac72ec0@localhost,Adaptive,C,5,5,1255,1255
252,player_7c75a296-84f8-4d0d-bd76-d51deebadc18@localhost,GrimTrigger,C,player_c0bba38e-8088-4ae5-b1da-4efa4ac72ec0@localhost,Adaptive,C,5,5,1260,1260
253,player_7c75a296-84f8-4d0d-bd76-d51deebadc18@localhost,GrimTrigger,C,player_c0bba38e-8088-4ae5-b1da-4efa4ac72ec0@localhost,Adaptive,C,5,5,1265,1265
254,player_7c75a296-84f8-4d0d-bd76-d51deebadc18@localhost,GrimTrigger,C,player_c0bba38e-8088-4ae5-b1da-4efa4ac72ec0@localhost,Adaptive,C,5,5,1270,1270
255,player_7c75a296-84f8-4d0d-bd76-d51deebadc18@localhost,GrimTrigger,C,player_c0bba38e-8088-4ae5-b1da-4efa4ac72ec0@localhost,Adaptive,C,5,5,1275,1275
256,player_7c75a296-84f8-4d0d-bd76-d51deebadc18@localhost,GrimTrigger,C,player_c0bba38e-8088-4ae5-b1da-4efa4ac72ec0@localhost,Adaptive,C,5,5,1280,1280
257,player_7c75a296-84f8-4d0d-bd76-d51deebadc18@localhost,GrimTrigger,C,player_c0bba38e-8088-4ae5-b1da-4efa4ac72ec0@localhost,Adaptive,C,5,5,1285,1285
258,player_7c75a296-84f8-4d0d-bd76-d51deebadc18@localhost,GrimTrigger,C,player_c0bba38e-8088-4ae5-b1da-4efa4ac72ec0@localhost,Adaptive,C,5,5,1290,1290
259,player_7c75a296-84f8-4d0d-bd76-d51deebadc18@localhost,GrimTrigger,C,player_c0bba38e-8088-4ae5-b1da-4efa4ac72ec0@localhost,Adaptive,C,5,5,1295,1295
260,player_7c75a296-84f8-4d0d-bd76-d51deebadc18@localhost,GrimTrigger,C,player_c0bba38e-8088-4ae5-b1da-4efa4ac72ec0@localhost,Adaptive,C,5,5,1300,1300
261,player_7c75a296-84f8-4d0d-bd76-d51deebadc18@localhost,GrimTrigger,C,player_c0bba38e-8088-4ae5-b1da-4efa4ac72ec0@localhost,Adaptive,C,5,5,1305,1305
262,player_7c75a296-84f8-4d0d-bd76-d51deebadc18@localhost,GrimTrigger,C,player_c0bba38e-8088-4ae5-b1da-4efa4ac72ec0@localhost,Adaptive,C,5,5,1310,1310
263,player_7c75a296-84f8-4d0d-bd76-d51deebadc18@localhost,GrimTrigger,C,player_c0bba38e-8088-4ae5-b1da-4efa4ac72ec0@localhost,Adaptive,C,5,5,1315,1315
264,player_7c75a296-84f8-4d0d-bd76-d51deebadc18@localhost,GrimTrigger,C,player_c0bba38e-8088-4ae5-b1da-4efa4ac72ec0@localhost,Adaptive,C,5,5,1320,1320
265,player_7c75a296-84f8-4d0d-bd76-d51deebadc18@localhost,GrimTrigger,C,player_c0bba38e-8088-4ae5-b1da-4efa4ac72ec0@localhost,Adaptive,C,5,5,1325,1325
266,player_7c75a296-84f8-4d0d-bd76-d51deebadc18@localhost,GrimTrigger,C,player_c0bba38e-8088-4ae5-b1da-4efa4ac72ec0@localhost,Adaptive,C,5,5,1330,1330
267,player_7c75a296-84f8-4d0d-bd76-d51deebadc18@localhost,GrimTrigger,C,player_c0bba38e-8088-4ae5-b1da-4efa4ac72ec0@localhost,Adaptive,C,5,5,1335,1335
268,player_7c75a296-84f8-4d0d-bd76-d51deebadc18@localhost,GrimTrigger,C,player_c0bba38e-8088-4ae5-b1da-4efa4ac72ec0@localhost,Adaptive,C,5,5,1340,1340
269,player_7c75a296-84f8-4d0d-bd76-d51deebadc18@localhost,GrimTrigger,C,player_c0bba38e-8088-4ae5-b1da-4efa4ac72ec0@localhost,Adaptive,C,5,5,1345,1345
270,player_7c75a296-84f8-4d0d-bd76-d51deebadc18@localhost,GrimTrigger,C,player_c0bba38e-8088-4ae5-b1da-4efa4ac72ec0@localhost,Adaptive,C,5,5,1350,1350
271,player_7c75a296-84f8-4d0d-bd76-d51deebadc18@localhost,GrimTrigger,C,player_c0bba38e-8088-4ae5-b1da-4efa4ac72ec0@localhost,Adaptive,C,5,5,1355,1355
272,player_7c75a296-84f8-4d0d-bd76-d51deebadc18@localhost,GrimTrigger,C,player_c0bba38e-8088-4ae5-b1da-4efa4ac72ec0@localhost,Adaptive,C,5,5,1360,1360
273,player_7c75a296-84f8-4d0d-bd76-d51deebadc18@localhost,GrimTrigger,C,player_c0bba38e-8088-4ae5-b1da-4efa4ac72ec0@localhost,Adaptive,C,5,5,1365,1365
274,player_7c75a296-84f8-4d0d-bd76-d51deebadc18@localhost,GrimTrigger,C,player_c0bba38e-8088-4ae5-b1da-4efa4ac72ec0@localhost,Adaptive,C,5,5,1370,1370
275,player_7c75a296-84f8-4d0d-bd76-d51deebadc18@localhost,GrimTrigger,C,player_c0bba38e-8088-4ae5-b1da-4efa4ac72ec0@localhost,Adaptive,C,5,5,1375,1375
276,player_7c75a296-84f8-4d0d-bd76-d51deebadc18@localhost,GrimTrigger,C,player_c0bba38e-8088-4ae5-b1da-4efa4ac72ec0@localhost,Adaptive,C,5,5,1380,1380
277,player_7c75a296-84f8-4d0d-bd76-d51deebadc18@localhost,GrimTrigger,C,player_c0bba38e-8088-4ae5-b1da-4efa4ac72ec0@localhost,Adaptive,C,5,5,1385,1385
278,player_7c75a296-84f8-4d0d-bd76-d51deebadc18@localhost,GrimTrigger,C,player_c0bba38e-8088-4ae5-b1da-4efa4ac72ec0@localhost,Adaptive,C,5,5,1390,1390
279,player_7c75a296-84f8-4d0d-bd76-d51deebadc18@localhost,GrimTrigger,C,player_c0bba38e-8088-4ae5-b1da-4efa4ac72ec0@localhost,Adaptive,C,5,5,1395,1395
280,player_7c75a296-84f8-4d0d-bd76-d51deebadc18@localhost,GrimTrigger,C,player_c0bba38e-8088-4ae5-b1da-4efa4ac72ec0@localhost,Adaptive,C,5,5,1400,1400
281,player_7c75a296-84f8-4d0d-bd76-d51deebadc18@localhost,GrimTrigger,C,player_c0bba38e-8088-4ae5-b1da-4efa4ac72ec0@localhost,Adaptive,C,5,5,1405,1405
282,player_7c75a296-84f8-4d0d-bd76-d51deebadc18@localhost,GrimTrigger,C,player_c0bba38e-8088-4ae5-b1da-4efa4ac72ec0@localhost,Adaptive,C,5,5,1410,1410
283,player_7c75a296-84f8-4d0d-bd76-d51deebadc18@localhost,GrimTrigger,C,player_c0bba38e-8088-4ae5-b1da-4efa4ac72ec0@localhost,Adaptive,C,5,5,1415,1415
284,player_7c75a296-84f8-4d0d-bd76-d51deebadc18@localhost,GrimTrigger,C,player_c0bba38e-8088-4ae5-b1da-4efa4ac72ec0@localhost,Adaptive,C,5,5,1420,1420
285,player_7c75a296-84f8-4d0d-bd76-d51deebadc18@localhost,GrimTrigger,C,player_c0bba38e-8088-4ae5-b1da-4efa4ac72ec0@localhost,Adaptive,C,5,5,1425,1425
286,player_7c75a296-84f8-4d0d-bd76-d51deebadc18@localhost,GrimTrigger,C,player_c0bba38e-8088-4ae5-b1da-4efa4ac72ec0@localhost,Adaptive,C,5,5,1430,1430
287,player_7c75a296-84f8-4d0d-bd76-d51deebadc18@localhost,GrimTrigger,C,player_c0bba38e-8088-4ae5-b1da-4efa4ac72ec0@localhost,Adaptive,C,5,5,1435,1435
288,player_7c75a296-84f8-4d0d-bd76-d51deebadc18@localhost,GrimTrigger,C,player_c0bba38e-8088-4ae5-b1da-4efa4ac72ec0@localhost,Adaptive,C,5,5,1440,1440
289,player_7c75a296-84f8-4d0d-bd76-d51deebadc18@localhost,GrimTrigger,C,player_c0bba38e-8088-4ae5-b1da-4efa4ac72ec0@localhost,Adaptive,C,5,5,1445,1445
290,player_7c75a296-84f8-4d0d-bd76-d51deebadc18@localhost,GrimTrigger,C,player_c0bba38e-8088-4ae5-b1da-4efa4ac72ec0@localhost,Adaptive,C,5,5,1450,1450
291,player_7c75a296-84f8-4d0d-bd76-d51deebadc18@localhost,GrimTrigger,C,player_c0bba38e-8088-4ae5-b1da-4efa4ac72ec0@localhost,Adaptive,C,5,5,1455,1455
292,player_7c75a296-84f8-4d0d-bd76-d51deebadc18@localhost,GrimTrigger,C,player_c0bba38e-8088-4ae5-b1da-4efa4ac72ec0@localhost,Adaptive,C,5,5,1460,1460
293,player_7c75a296-84f8-4d0d-bd76-d51deebadc18@localhost,GrimTrigger,C,player_c0bba38e-8088-4ae5-b1da-4efa4ac72ec0@localhost,Adaptive,C,5,5,1465,1465
294,player_7c75a296-84f8-4d0d-bd76-d51deebadc18@localhost,GrimTrigger,C,player_c0bba38e-8088-4ae5-b1da-4efa4ac72ec0@localhost,Adaptive,C,5,5,1470,1470
295,player_7c75a296-84f8-4d0d-bd76-d51deebadc18@localhost,GrimTrigger,C,player_c0bba38e-8088-4ae5-b1da-4efa4ac72ec0@localhost,Adaptive,C,5,5,1475,1475
296,player_7c75a296-84f8-4d0d-bd76-d51deebadc18@localhost,GrimTrigger,C,player_c0bba38e-8088-4ae5-b1da-4efa4ac72ec0@localhost,Adaptive,C,5,5,1480,1480
297,player_7c75a296-84f8-4d0d-bd76-d51deebadc18@localhost,GrimTrigger,C,player_c0bba38e-8088-4ae5-b1da-4efa4ac72ec0@localhost,Adaptive,C,5,5,1485,1485
298,player_7c75a296-84f8-4d0d-bd76-d51deebadc18@localhost,GrimTrigger,C,player_c0bba38e-8088-4ae5-b1da-4efa4ac72ec0@localhost,Adaptive,C,5,5,1490,1490
299,player_7c75a296-84f8-4d0d-bd76-d51deebadc18@localhost,GrimTrigger,C,player_c0bba38e-8088-4ae5-b1da-4efa4ac72ec0@localhost,Adaptive,C,5,5,1495,1495
300,player_7c75a296-84f8-4d0d-bd76-d51deebadc18@localhost,GrimTrigger,C,player_c0bba38e-8088-4ae5-b1da-4efa4ac72ec0@localhost,Adaptive,C,5,5,1500,1500
301,player_7c75a296-84f8-4d0d-bd76-d51deebadc18@localhost,GrimTrigger,C,player_c0bba38e-8088-4ae5-b1da-4efa4ac72ec0@localhost,Adaptive,C,5,5,1505,1505
302,player_7c75a296-84f8-4d0d-bd76-d51deebadc18@localhost,GrimTrigger,C,player_c0bba38e-8088-4ae5-b1da-4efa4ac72ec0@localhost,Adaptive,C,5,5,1510,1510
303,player_7c75a296-84f8-4d0d-bd76-d51deebadc18@localhost,GrimTrigger,C,player_c0bba38e-8088-4ae5-b1da-4efa4ac72ec0@localhost,Adaptive,C,5,5,1515,1515
304,player_7c75a296-84f8-4d0d-bd76-d51deebadc18@localhost,GrimTrigger,C,player_c0bba38e-8088-4ae5-b1da-4efa4ac72ec0@localhost,Adaptive,C,5,5,1520,1520
305,player_7c75a296-84f8-4d0d-bd76-d51deebadc18@localhost,GrimTrigger,C,player_c0bba38e-8088-4ae5-b1da-4efa4ac72ec0@localhost,Adaptive,C,5,5,1525,1525
306,player_7c75a296-84f8-4d0d-bd76-d51deebadc18@localhost,GrimTrigger,C,player_c0bba38e-8088-4ae5-b1da-4efa4ac72ec0@localhost,Adaptive,C,5,5,1530,1530
307,player_7c75a296-84f8-4d0d-bd76-d51deebadc18@localhost,GrimTrigger,C,player_c0bba38e-8088-4ae5-b1da-4efa4ac72ec0@localhost,Adaptive,C,5,5,1535,1535
308,player_7c75a296-84f8-4d0d-bd76-d51deebadc18@localhost,GrimTrigger,C,player_c0bba38e-8088-4ae5-b1da-4efa4ac72ec0@localhost,Adaptive,C,5,5,1540,1540
309,player_7c75a296-84f8-4d0d-bd76-d51deebadc18@localhost,GrimTrigger,C,player_c0bba38e-8088-4ae5-b1da-4efa4ac72ec0@localhost,Adaptive,C,5,5,1545,1545
310,player_7c75a296-84f8-4d0d-bd76-d51deebadc18@localhost,GrimTrigger,C,player_c0bba38e-8088-4ae5-b1da-4efa4ac72ec0@localhost,Adaptive,C,5,5,1550,1550
311,player_7c75a296-84f8-4d0d-bd76-d51deebadc18@localhost,GrimTrigger,C,player_c0bba38e-8088-4ae5-b1da-4efa4ac72ec0@localhost,Adaptive,C,5,5,1555,1555
312,player_7c75a296-84f8-4d0d-bd76-d51deebadc18@localhost,GrimTrigger,C,player_c0bba38e-8088-4ae5-b1da-4efa4ac72ec0@localhost,Adaptive,C,5,5,1560,1560
313,player_7c75a296-84f8-4d0d-bd76-d51deebadc18@localhost,GrimTrigger,C,player_c0bba38e-8088-4ae5-b1da-4efa4ac72ec0@localhost,Adaptive,C,5,5,1565,1565
314,player_7c75a296-84f8-4d0d-bd76-d51deebadc18@localhost,GrimTrigger,C,player_c0bba38e-8088-4ae5-b1da-4efa4ac72ec0@localhost,Adaptive,C,5,5,1570,1570
315,player_7c75a296-84f8-4d0d-bd76-d51deebadc18@localhost,GrimTrigger,C,player_c0bba38e-8088-4ae5-b1da-4efa4ac72ec0@localhost,Adaptive,C,5,5,1575,1575
316,player_7c75a296-84f8-4d0d-bd76-d51deebadc18@localhost,GrimTrigger,C,player_c0bba38e-8088-4ae5-b1da-4efa4ac72ec0@localhost,Adaptive,C,5,5,1580,1580
317,player_7c75a296-84f8-4d0d-bd76-d51deebadc18@localhost,GrimTrigger,C,player_c0bba38e-8088-4ae5-b1da-4efa4ac72ec0@localhost,Adaptive,C,5,5,1585,1585
318,player_7c75a296-84f8-4d0d-bd76-d51deebadc18@localhost,GrimTrigger,C,player_c0bba38e-8088-4ae5-b1da-4efa4ac72ec0@localhost,Adaptive,C,5,5,1590,1590
319,player_7c75a296-84f8-4d0d-bd76-d51deebadc18@localhost,GrimTrigger,C,player_c0bba38e-8088-4ae5-b1da-4efa4ac72ec0@localhost,Adaptive,C,5,5,1595,1595
320,player_7c75a296-84f8-4d0d-bd76-d51deebadc18@localhost,GrimTrigger,C,player_c0bba38e-8088-4ae5-b1da-4efa4ac72ec0@localhost,Adaptive,C,5,5,1600,1600
321,player_7c75a296-84f8-4d0d-bd76-d51deebadc18@localhost,GrimTrigger,C,player_c0bba38e-8088-4ae5-b1da-4efa4ac72ec0@localhost,Adaptive,C,5,5,1605,1605
322,player_7c75a296-84f8-4d0d-bd76-d51deebadc18@localhost,GrimTrigger,C,player_c0bba38e-8088-4ae5-b1da-4efa4ac72ec0@localhost,Adaptive,C,5,5,1610,1610
323,player_7c75a296-84f8-4d0d-bd76-d51deebadc18@localhost,GrimTrigger,C,player_c0bba38e-8088-4ae5-b1da-4efa4ac72ec0@localhost,Adaptive,C,5,5,1615,1615
324,player_7c75a296-84f8-4d0d-bd76-d51deebadc18@localhost,GrimTrigger,C,player_c0bba38e-8088-4ae5-b1da-4efa4ac72ec0@localhost,Adaptive,C,5,5,1620,1620
325,player_7c75a296-84f8-4d0d-bd76-d51deebadc18@localhost,GrimTrigger,C,player_c0bba38e-8088-4ae5-b1da-4efa4ac72ec0@localhost,Adaptive,C,5,5,1625,1625
326,player_7c75a296-84f8-4d0d-bd76-d51deebadc18@localhost,GrimTrigger,C,player_c0bba38e-8088-4ae5-b1da-4efa4ac72ec0@localhost,Adaptive,C,5,5,1630,1630
327,player_7c75a296-84f8-4d0d-bd76-d51deebadc18@localhost,GrimTrigger,C,player_c0bba38e-8088-4ae5-b1da-4efa4ac72ec0@localhost,Adaptive,C,5,5,1635,1635
328,player_7c75a296-84f8-4d0d-bd76-d51deebadc18@localhost,GrimTrigger,C,player_c0bba38e-8088-4ae5-b1da-4efa4ac72ec0@localhost,Adaptive,C,5,5,1640,1640
329,player_7c75a296-84f8-4d0d-bd76-d51deebadc18@localhost,GrimTrigger,C,player_c0bba38e-8088-4ae5-b1da-4efa4ac72ec0@localhost,Adaptive,C,5,5,1645,1645
330,player_7c75a296-84f8-4d0d-bd76-d51deebadc18@localhost,GrimTrigger,C,player_c0bba38e-8088-4ae5-b1da-4efa4ac72ec0@localhost,Adaptive,C,5,5,1650,1650
331,player_7c75a296-84f8-4d0d-bd76-d51deebadc18@localhost,GrimTrigger,C,player_c0bba38e-8088-4ae5-b1da-4efa4ac72ec0@localhost,Adaptive,C,5,5,1655,1655
332,player_7c75a296-84f8-4d0d-bd76-d51deebadc18@localhost,GrimTrigger,C,player_c0bba38e-8088-4ae5-b1da-4efa4ac72ec0@localhost,Adaptive,C,5,5,1660,1660
333,player_7c75a296-84f8-4d0d-bd76-d51deebadc18@localhost,GrimTrigger,C,player_c0bba38e-8088-4ae5-b1da-4efa4ac72ec0@localhost,Adaptive,C,5,5,1665,1665
334,player_7c75a296-84f8-4d0d-bd76-d51deebadc18@localhost,GrimTrigger,C,player_c0bba38e-8088-4ae5-b1da-4efa4ac72ec0@localhost,Adaptive,C,5,5,1670,1670
335,player_7c75a296-84f8-4d0d-bd76-d51deebadc18@localhost,GrimTrigger,C,player_c0bba38e-8088-4ae5-b1da-4efa4ac72ec0@localhost,Adaptive,C,5,5,1675,1675
336,player_7c75a296-84f8-4d0d-bd76-d51deebadc18@localhost,GrimTrigger,C,player_c0bba38e-8088-4ae5-b1da-4efa4ac72ec0@localhost,Adaptive,C,5,5,1680,1680
337,player_7c75a296-84f8-4d0d-bd76-d51deebadc18@localhost,GrimTrigger,C,player_c0bba38e-8088-4ae5-b1da-4efa4ac72ec0@localhost,Adaptive,C,5,5,1685,1685
338,player_7c75a296-84f8-4d0d-bd76-d51deebadc18@localhost,GrimTrigger,C,player_c0bba38e-8088-4ae5-b1da-4efa4ac72ec0@localhost,Adaptive,C,5,5,1690,1690
339,player_7c75a296-84f8-4d0d-bd76-d51deebadc18@localhost,GrimTrigger,C,player_c0bba38e-8088-4ae5-b1da-4efa4ac72ec0@localhost,Adaptive,C,5,5,1695,1695
340,player_7c75a296-84f8-4d0d-bd76-d51deebadc18@localhost,GrimTrigger,C,player_c0bba38e-8088-4ae5-b1da-4efa4ac72ec0@localhost,Adaptive,C,5,5,1700,1700
341,player_7c75a296-84f8-4d0d-bd76-d51deebadc18@localhost,GrimTrigger,C,player_c0bba38e-8088-4ae5-b1da-4efa4ac72ec0@localhost,Adaptive,C,5,5,1705,1705
342,player_7c75a296-84f8-4d0d-bd76-d51deebadc18@localhost,GrimTrigger,C,player_c0bba38e-8088-4ae5-b1da-4efa4ac72ec0@localhost,Adaptive,C,5,5,1710,1710
343,player_7c75a296-84f8-4d0d-bd76-d51deebadc18@localhost,GrimTrigger,C,player_c0bba38e-8088-4ae5-b1da-4efa4ac72ec0@localhost,Adaptive,C,5,5,1715,1715
344,player_7c75a296-84f8-4d0d-bd76-d51deebadc18@localhost,GrimTrigger,C,player_c0bba38e-8088-4ae5-b1da-4efa4ac72ec0@localhost,Adaptive,C,5,5,1720,1720
345,player_7c75a296-84f8-4d0d-bd76-d51deebadc18@localhost,GrimTrigger,C,player_c0bba38e-8088-4ae5-b1da-4efa4ac72ec0@localhost,Adaptive,C,5,5,1725,1725
346,player_7c75a296-84f8-4d0d-bd76-d51deebadc18@localhost,GrimTrigger,C,player_c0bba38e-8088-4ae5-b1da-4efa4ac72ec0@localhost,Adaptive,C,5,5,1730,1730
347,player_7c75a296-84f8-4d0d-bd76-d51deebadc18@localhost,GrimTrigger,C,player_c0bba38e-8088-4ae5-b1da-4efa4ac72ec0@localhost,Adaptive,C,5,5,1735,1735
348,player_7c75a296-84f8-4d0d-bd76-d51deebadc18@localhost,GrimTrigger,C,player_c0bba38e-8088-4ae5-b1da-4efa4ac72ec0@localhost,Adaptive,C,5,5,1740,1740
349,player_7c75a296-84f8-4d0d-bd76-d51deebadc18@localhost,GrimTrigger,C,player_c0bba38e-8088-4ae5-b1da-4efa4ac72ec0@localhost,Adaptive,C,5,5,1745,1745
350,player_7c75a296-84f8-4d0d-bd76-d51deebadc18@localhost,GrimTrigger,C,player_c0bba38e-8088-4ae5-b1da-4efa4ac72ec0@localhost,Adaptive,C,5,5,1750,1750
351,player_7c75a296-84f8-4d0d-bd76-d51deebadc18@localhost,GrimTrigger,C,player_c0bba38e-8088-4ae5-b1da-4efa4ac72ec0@localhost,Adaptive,C,5,5,1755,1755
352,player_7c75a296-84f8-4d0d-bd76-d51deebadc18@localhost,GrimTrigger,C,player_c0bba38e-8088-4ae5-b1da-4efa4ac72ec0@localhost,Adaptive,C,5,5,1760,1760
353,player_7c75a296-84f8-4d0d-bd76-d51deebadc18@localhost,GrimTrigger,C,player_c0bba38e-8088-4ae5-b1da-4efa4ac72ec0@localhost,Adaptive,C,5,5,1765,1765
354,player_7c75a296-84f8-4d0d-bd76-d51deebadc18@localhost,GrimTrigger,C,player_c0bba38e-8088-4ae5-b1da-4efa4ac72ec0@localhost,Adaptive,C,5,5,1770,1770
355,player_7c75a296-84f8-4d0d-bd76-d51deebadc18@localhost,GrimTrigger,C,player_c0bba38e-8088-4ae5-b1da-4efa4ac72ec0@localhost,Adaptive,C,5,5,1775,1775
356,player_7c75a296-84f8-4d0d-bd76-d51deebadc18@localhost,GrimTrigger,C,player_c0bba38e-8088-4ae5-b1da-4efa4ac72ec0@localhost,Adaptive,C,5,5,1780,1780
357,player_7c75a296-84f8-4d0d-bd76-d51deebadc18@localhost,GrimTrigger,C,player_c0bba38e-8088-4ae5-b1da-4efa4ac72ec0@localhost,Adaptive,C,5,5,1785,1785
358,player_7c75a296-84f8-4d0d-bd76-d51deebadc18@localhost,GrimTrigger,C,player_c0bba38e-8088-4ae5-b1da-4efa4ac72ec0@localhost,Adaptive,C,5,5,1790,1790
359,player_7c75a296-84f8-4d0d-bd76-d51deebadc18@localhost,GrimTrigger,C,player_c0bba38e-8088-4ae5-b1da-4efa4ac72ec0@localhost,Adaptive,C,5,5,1795,1795
360,player_7c75a296-84f8-4d0d-bd76-d51deebadc18@localhost,GrimTrigger,C,player_c0bba38e-8088-4ae5-b1da-4efa4ac72ec0@localhost,Adaptive,C,5,5,1800,1800
361,player_7c75a296-84f8-4d0d-bd76-d51deebadc18@localhost,GrimTrigger,C,player_c0bba38e-8088-4ae5-b1da-4efa4ac72ec0@localhost,Adaptive,C,5,5,1805,1805
362,player_7c75a296-84f8-4d0d-bd76-d51deebadc18@localhost,GrimTrigger,C,player_c0bba38e-8088-4ae5-b1da-4efa4ac72ec0@localhost,Adaptive,C,5,5,1810,1810
363,player_7c75a296-84f8-4d0d-bd76-d51deebadc18@localhost,GrimTrigger,C,player_c0bba38e-8088-4ae5-b1da-4efa4ac72ec0@localhost,Adaptive,C,5,5,1815,1815
364,player_7c75a296-84f8-4d0d-bd76-d51deebadc18@localhost,GrimTrigger,C,player_c0bba38e-8088-4ae5-b1da-4efa4ac72ec0@localhost,Adaptive,C,5,5,1820,1820
365,player_7c75a296-84f8-4d0d-bd76-d51deebadc18@localhost,GrimTrigger,C,player_c0bba38e-8088-4ae5-b1da-4efa4ac72ec0@localhost,Adaptive,C,5,5,1825,1825
366,player_7c75a296-84f8-4d0d-bd76-d51deebadc18@localhost,GrimTrigger,C,player_c0bba38e-8088-4ae5-b1da-4efa4ac72ec0@localhost,Adaptive,C,5,5,1830,1830
367,player_7c75a296-84f8-4d0d-bd76-d51deebadc18@localhost,GrimTrigger,C,player_c0bba38e-8088-4ae5-b1da-4efa4ac72ec0@localhost,Adaptive,C,5,5,1835,1835
368,player_7c75a296-84f8-4d0d-bd76-d51deebadc18@localhost,GrimTrigger,C,player_c0bba38e-8088-4ae5-b1da-4efa4ac72ec0@localhost,Adaptive,C,5,5,1840,1840
369,player_7c75a296-84f8-4d0d-bd76-d51deebadc18@localhost,GrimTrigger,C,player_c0bba38e-8088-4ae5-b1da-4efa4ac72ec0@localhost,Adaptive,C,5,5,1845,1845
370,player_7c75a296-84f8-4d0d-bd76-d51deebadc18@localhost,GrimTrigger,C,player_c0bba38e-8088-4ae5-b1da-4efa4ac72ec0@localhost,Adaptive,C,5,5,1850,1850
371,player_7c75a296-84f8-4d0d-bd76-d51deebadc18@localhost,GrimTrigger,C,player_c0bba38e-8088-4ae5-b1da-4efa4ac72ec0@localhost,Adaptive,C,5,5,1855,1855
372,player_7c75a296-84f8-4d0d-bd76-d51deebadc18@localhost,GrimTrigger,C,player_c0bba38e-8088-4ae5-b1da-4efa4ac72ec0@localhost,Adaptive,C,5,5,1860,1860
373,player_7c75a296-84f8-4d0d-bd76-d51deebadc18@localhost,GrimTrigger,C,player_c0bba38e-8088-4ae5-b1da-4efa4ac72ec0@localhost,Adaptive,C,5,5,1865,1865
374,player_7c75a296-84f8-4d0d-bd76-d51deebadc18@localhost,GrimTrigger,C,player_c0bba38e-8088-4ae5-b1da-4efa4ac72ec0@localhost,Adaptive,C,5,5,1870,1870
375,player_7c75a296-84f8-4d0d-bd76-d51deebadc18@localhost,GrimTrigger,C,player_c0bba38e-8088-4ae5-b1da-4efa4ac72ec0@localhost,Adaptive,C,5,5,1875,1875
376,player_7c75a296-84f8-4d0d-bd76-d51deebadc18@localhost,GrimTrigger,C,player_c0bba38e-8088-4ae5-b1da-4efa4ac72ec0@localhost,Adaptive,C,5,5,1880,1880
377,player_7c75a296-84f8-4d0d-bd76-d51deebadc18@localhost,GrimTrigger,C,player_c0bba38e-8088-4ae5-b1da-4efa4ac72ec0@localhost,Adaptive,C,5,5,1885,1885
378,player_7c75a296-84f8-4d0d-bd76-d51deebadc18@localhost,GrimTrigger,C,player_c0bba38e-8088-4ae5-b1da-4efa4ac72ec0@localhost,Adaptive,C,5,5,1890,1890
379,player_7c75a296-84f8-4d0d-bd76-d51deebadc18@localhost,GrimTrigger,C,player_c0bba38e-8088-4ae5-b1da-4efa4ac72ec0@localhost,Adaptive,C,5,5,1895,1895
380,player_7c75a296-84f8-4d0d-bd76-d51deebadc18@localhost,GrimTrigger,C,player_c0bba38e-8088-4ae5-b1da-4efa4ac72ec0@localhost,Adaptive,C,5,5,1900,1900
381,player_7c75a296-84f8-4d0d-bd76-d51deebadc18@localhost,GrimTrigger,C,player_c0bba38e-8088-4ae5-b1da-4efa4ac72ec0@localhost,Adaptive,C,5,5,1905,1905
382,player_7c75a296-84f8-4d0d-bd76-d51deebadc18@localhost,GrimTrigger,C,player_c0bba38e-8088-4ae5-b1da-4efa4ac72ec0@localhost,Adaptive,C,5,5,1910,1910
383,player_7c75a296-84f8-4d0d-bd76-d51deebadc18@localhost,GrimTrigger,C,player_c0bba38e-8088-4ae5-b1da-4efa4ac72ec0@localhost,Adaptive,C,5,5,1915,1915
384,player_7c75a296-84f8-4d0d-bd76-d51deebadc18@localhost,GrimTrigger,C,player_c0bba38e-8088-4ae5-b1da-4efa4ac72ec0@localhost,Adaptive,C,5,5,1920,1920
385,player_7c75a296-84f8-4d0d-bd76-d51deebadc18@localhost,GrimTrigger,C,player_c0bba38e-8088-4ae5-b1da-4efa4ac72ec0@localhost,Adaptive,C,5,5,1925,1925
386,player_7c75a296-84f8-4d0d-bd76-d51deebadc18@localhost,GrimTrigger,C,player_c0bba38e-8088-4ae5-b1da-4efa4ac72ec0@localhost,Adaptive,C,5,5,1930,1930
387,player_7c75a296-84f8-4d0d-bd76-d51deebadc18@localhost,GrimTrigger,C,player_c0bba38e-8088-4ae5-b1da-4efa4ac72ec0@localhost,Adaptive,C,5,5,1935,1935
388,player_7c75a296-84f8-4d0d-bd76-d51deebadc18@localhost,GrimTrigger,C,player_c0bba38e-8088-4ae5-b1da-4efa4ac72ec0@localhost,Adaptive,C,5,5,1940,1940
389,player_7c75a296-84f8-4d0d-bd76-d51deebadc18@localhost,GrimTrigger,C,player_c0bba38e-8088-4ae5-b1da-4efa4ac72ec0@localhost,Adaptive,C,5,5,1945,1945
390,player_7c75a296-84f8-4d0d-bd76-d51deebadc18@localhost,GrimTrigger,C,player_c0bba38e-8088-4ae5-b1da-4efa4ac72ec0@localhost,Adaptive,C,5,5,1950,1950
391,player_7c75a296-84f8-4d0d-bd76-d51deebadc18@localhost,GrimTrigger,C,player_c0bba38e-8088-4ae5-b1da-4efa4ac72ec0@localhost,Adaptive,C,5,5,1955,1955
392,player_7c75a296-84f8-4d0d-bd76-d51deebadc18@localhost,GrimTrigger,C,player_c0bba38e-8088-4ae5-b1da-4efa4ac72ec0@localhost,Adaptive,C,5,5,1960,1960
393,player_7c75a296-84f8-4d0d-bd76-d51deebadc18@localhost,GrimTrigger,C,player_c0bba38e-8088-4ae5-b1da-4efa4ac72ec0@localhost,Adaptive,C,5,5,1965,1965
394,player_7c75a296-84f8-4d0d-bd76-d51deebadc18@localhost,GrimTrigger,C,player_c0bba38e-8088-4ae5-b1da-4efa4ac72ec0@localhost,Adaptive,C,5,5,1970,1970
395,player_7c75a296-84f8-4d0d-bd76-d51deebadc18@localhost,GrimTrigger,C,player_c0bba38e-8088-4ae5-b1da-4efa4ac72ec0@localhost,Adaptive,C,5,5,1975,1975
396,player_7c75a296-84f8-4d0d-bd76-d51deebadc18@localhost,GrimTrigger,C,player_c0bba38e-8088-4ae5-b1da-4efa4ac72ec0@localhost,Adaptive,C,5,5,1980,1980
397,player_7c75a296-84f8-4d0d-bd76-d51deebadc18@localhost,GrimTrigger,C,player_c0bba38e-8088-4ae5-b1da-4efa4ac72ec0@localhost,Adaptive,C,5,5,1985,1985
398,player_7c75a296-84f8-4d0d-bd76-d51deebadc18@localhost,GrimTrigger,C,player_c0bba38e-8088-4ae5-b1da-4efa4ac72ec0@localhost,Adaptive,C,5,5,1990,1990
399,player_7c75a296-84f8-4d0d-bd76-d51deebadc18@localhost,GrimTrigger,C,player_c0bba38e-8088-4ae5-b1da-4efa4ac72ec0@localhost,Adaptive,C,5,5,1995,1995
400,player_7c75a296-84f8-4d0d-bd76-d51deebadc18@localhost,GrimTrigger,C,player_c0bba38e-8088-4ae5-b1da-4efa4ac72ec0@localhost,Adaptive,C,5,5,2000,2000
401,player_7c75a296-84f8-4d0d-bd76-d51deebadc18@localhost,GrimTrigger,C,player_c0bba38e-8088-4ae5-b1da-4efa4ac72ec0@localhost,Adaptive,C,5,5,2005,2005
402,player_7c75a296-84f8-4d0d-bd76-d51deebadc18@localhost,GrimTrigger,C,player_c0bba38e-8088-4ae5-b1da-4efa4ac72ec0@localhost,Adaptive,C,5,5,2010,2010
403,player_7c75a296-84f8-4d0d-bd76-d51deebadc18@localhost,GrimTrigger,C,player_c0bba38e-8088-4ae5-b1da-4efa4ac72ec0@localhost,Adaptive,C,5,5,2015,2015
404,player_7c75a296-84f8-4d0d-bd76-d51deebadc18@localhost,GrimTrigger,C,player_c0bba38e-8088-4ae5-b1da-4efa4ac72ec0@localhost,Adaptive,C,5,5,2020,2020
405,player_7c75a296-84f8-4d0d-bd76-d51deebadc18@localhost,GrimTrigger,C,player_c0bba38e-8088-4ae5-b1da-4efa4ac72ec0@localhost,Adaptive,C,5,5,2025,2025
406,player_7c75a296-84f8-4d0d-bd76-d51deebadc18@localhost,GrimTrigger,C,player_c0bba38e-8088-4ae5-b1da-4efa4ac72ec0@localhost,Adaptive,C,5,5,2030,2030
407,player_7c75a296-84f8-4d0d-bd76-d51deebadc18@localhost,GrimTrigger,C,player_c0bba38e-8088-4ae5-b1da-4efa4ac72ec0@localhost,Adaptive,C,5,5,2035,2035
408,player_7c75a296-84f8-4d0d-bd76-d51deebadc18@localhost,GrimTrigger,C,player_c0bba38e-8088-4ae5-b1da-4efa4ac72ec0@localhost,Adaptive,C,5,5,2040,2040
409,player_7c75a296-84f8-4d0d-bd76-d51deebadc18@localhost,GrimTrigger,C,player_c0bba38e-8088-4ae5-b1da-4efa4ac72ec0@localhost,Adaptive,C,5,5,2045,2045
410,player_7c75a296-84f8-4d0d-bd76-d51deebadc18@localhost,GrimTrigger,C,player_c0bba38e-8088-4ae5-b1da-4efa4ac72ec0@localhost,Adaptive,C,5,5,2050,2050
411,player_7c75a296-84f8-4d0d-bd76-d51deebadc18@localhost,GrimTrigger,C,player_c0bba38e-8088-4ae5-b1da-4efa4ac72ec0@localhost,Adaptive,C,5,5,2055,2055
412,player_7c75a296-84f8-4d0d-bd76-d51deebadc18@localhost,GrimTrigger,C,player_c0bba38e-8088-4ae5-b1da-4efa4ac72ec0@localhost,Adaptive,C,5,5,2060,2060
413,player_7c75a296-84f8-4d0d-bd76-d51deebadc18@localhost,GrimTrigger,C,player_c0bba38e-8088-4ae5-b1da-4efa4ac72ec0@localhost,Adaptive,C,5,5,2065,2065
414,player_7c75a296-84f8-4d0d-bd76-d51deebadc18@localhost,GrimTrigger,C,player_c0bba38e-8088-4ae5-b1da-4efa4ac72ec0@localhost,Adaptive,C,5,5,2070,2070
415,player_7c75a296-84f8-4d0d-bd76-d51deebadc18@localhost,GrimTrigger,C,player_c0bba38e-8088-4ae5-b1da-4efa4ac72ec0@localhost,Adaptive,C,5,5,2075,2075
416,player_7c75a296-84f8-4d0d-bd76-d51deebadc18@localhost,GrimTrigger,C,player_c0bba38e-8088-4ae5-b1da-4efa4ac72ec0@localhost,Adaptive,C,5,5,2080,2080
417,player_7c75a296-84f8-4d0d-bd76-d51deebadc18@localhost,GrimTrigger,C,player_c0bba38e-8088-4ae5-b1da-4efa4ac72ec0@localhost,Adaptive,C,5,5,2085,2085
418,player_7c75a296-84f8-4d0d-bd76-d51deebadc18@localhost,GrimTrigger,C,player_c0bba38e-8088-4ae5-b1da-4efa4ac72ec0@localhost,Adaptive,C,5,5,2090,2090
419,player_7c75a296-84f8-4d0d-bd76-d51deebadc18@localhost,GrimTrigger,C,player_c0bba38e-8088-4ae5-b1da-4efa4ac72ec0@localhost,Adaptive,C,5,5,2095,2095
420,player_7c75a296-84f8-4d0d-bd76-d51deebadc18@localhost,GrimTrigger,C,player_c0bba38e-8088-4ae5-b1da-4efa4ac72ec0@localhost,Adaptive,C,5,5,2100,2100
421,player_7c75a296-84f8-4d0d-bd76-d51deebadc18@localhost,GrimTrigger,C,player_c0bba38e-8088-4ae5-b1da-4efa4ac72ec0@localhost,Adaptive,C,5,5,2105,2105
422,player_7c75a296-84f8-4d0d-bd76-d51deebadc18@localhost,GrimTrigger,C,player_c0bba38e-8088-4ae5-b1da-4efa4ac72ec0@localhost,Adaptive,C,5,5,2110,2110
423,player_7c75a296-84f8-4d0d-bd76-d51deebadc18@localhost,GrimTrigger,C,player_c0bba38e-8088-4ae5-b1da-4efa4ac72ec0@localhost,Adaptive,C,5,5,2115,2115
424,player_7c75a296-84f8-4d0d-bd76-d51deebadc18@localhost,GrimTrigger,C,player_c0bba38e-8088-4ae5-b1da-4efa4ac72ec0@localhost,Adaptive,C,5,5,2120,2120
425,player_7c75a296-84f8-4d0d-bd76-d51deebadc18@localhost,GrimTrigger,C,player_c0bba38e-8088-4ae5-b1da-4efa4ac72ec0@localhost,Adaptive,C,5,5,2125,2125
426,player_7c75a296-84f8-4d0d-bd76-d51deebadc18@localhost,GrimTrigger,C,player_c0bba38e-8088-4ae5-b1da-4efa4ac72ec0@localhost,Adaptive,C,5,5,2130,2130
427,player_7c75a296-84f8-4d0d-bd76-d51deebadc18@localhost,GrimTrigger,C,player_c0bba38e-8088-4ae5-b1da-4efa4ac72ec0@localhost,Adaptive,C,5,5,2135,2135
428,player_7c75a296-84f8-4d0d-bd76-d51deebadc18@localhost,GrimTrigger,C,player_c0bba38e-8088-4ae5-b1da-4efa4ac72ec0@localhost,Adaptive,C,5,5,2140,2140
429,player_7c75a296-84f8-4d0d-bd76-d51deebadc18@localhost,GrimTrigger,C,player_c0bba38e-8088-4ae5-b1da-4efa4ac72ec0@localhost,Adaptive,C,5,5,2145,2145
430,player_7c75a296-84f8-4d0d-bd76-d51deebadc18@localhost,GrimTrigger,C,player_c0bba38e-8088-4ae5-b1da-4efa4ac72ec0@localhost,Adaptive,C,5,5,2150,2150
431,player_7c75a296-84f8-4d0d-bd76-d51deebadc18@localhost,GrimTrigger,C,player_c0bba38e-8088-4ae5-b1da-4efa4ac72ec0@localhost,Adaptive,C,5,5,2155,2155
432,player_7c75a296-84f8-4d0d-bd76-d51deebadc18@localhost,GrimTrigger,C,player_c0bba38e-8088-4ae5-b1da-4efa4ac72ec0@localhost,Adaptive,C,5,5,2160,2160
433,player_7c75a296-84f8-4d0d-bd76-d51deebadc18@localhost,GrimTrigger,C,player_c0bba38e-8088-4ae5-b1da-4efa4ac72ec0@localhost,Adaptive,C,5,5,2165,2165
434,player_7c75a296-84f8-4d0d-bd76-d51deebadc18@localhost,GrimTrigger,C,player_c0bba38e-8088-4ae5-b1da-4efa4ac72ec0@localhost,Adaptive,C,5,5,2170,2170
435,player_7c75a296-84f8-4d0d-bd76-d51deebadc18@localhost,GrimTrigger,C,player_c0bba38e-8088-4ae5-b1da-4efa4ac72ec0@localhost,Adaptive,C,5,5,2175,2175
436,player_7c75a296-84f8-4d0d-bd76-d51deebadc18@localhost,GrimTrigger,C,player_c0bba38e-8088-4ae5-b1da-4efa4ac72ec0@localhost,Adaptive,C,5,5,2180,2180
437,player_7c75a296-84f8-4d0d-bd76-d51deebadc18@localhost,GrimTrigger,C,player_c0bba38e-8088-4ae5-b1da-4efa4ac72ec0@localhost,Adaptive,C,5,5,2185,2185
438,player_7c75a296-84f8-4d0d-bd76-d51deebadc18@localhost,GrimTrigger,C,player_c0bba38e-8088-4ae5-b1da-4efa4ac72ec0@localhost,Adaptive,C,5,5,2190,2190
439,player_7c75a296-84f8-4d0d-bd76-d51deebadc18@localhost,GrimTrigger,C,player_c0bba38e-8088-4ae5-b1da-4efa4ac72ec0@localhost,Adaptive,C,5,5,2195,2195
440,player_7c75a296-84f8-4d0d-bd76-d51deebadc18@localhost,GrimTrigger,C,player_c0bba38e-8088-4ae5-b1da-4efa4ac72ec0@localhost,Adaptive,C,5,5,2200,2200
441,player_7c75a296-84f8-4d0d-bd76-d51deebadc18@localhost,GrimTrigger,C,player_c0bba38e-8088-4ae5-b1da-4efa4ac72ec0@localhost,Adaptive,C,5,5,2205,2205
442,player_7c75a296-84f8-4d0d-bd76-d51deebadc18@localhost,GrimTrigger,C,player_c0bba38e-8088-4ae5-b1da-4efa4ac72ec0@localhost,Adaptive,C,5,5,2210,2210
443,player_7c75a296-84f8-4d0d-bd76-d51deebadc18@localhost,GrimTrigger,C,player_c0bba38e-8088-4ae5-b1da-4efa4ac72ec0@localhost,Adaptive,C,5,5,2215,2215
444,player_7c75a296-84f8-4d0d-bd76-d51deebadc18@localhost,GrimTrigger,C,player_c0bba38e-8088-4ae5-b1da-4efa4ac72ec0@localhost,Adaptive,C,5,5,2220,2220
445,player_7c75a296-84f8-4d0d-bd76-d51deebadc18@localhost,GrimTrigger,C,player_c0bba38e-8088-4ae5-b1da-4efa4ac72ec0@localhost,Adaptive,C,5,5,2225,2225
446,player_7c75a296-84f8-4d0d-bd76-d51deebadc18@localhost,GrimTrigger,C,player_c0bba38e-8088-4ae5-b1da-4efa4ac72ec0@localhost,Adaptive,C,5,5,2230,2230
447,player_7c75a296-84f8-4d0d-bd76-d51deebadc18@localhost,GrimTrigger,C,player_c0bba38e-8088-4ae5-b1da-4efa4ac72ec0@localhost,Adaptive,C,5,5,2235,2235
448,player_7c75a296-84f8-4d0d-bd76-d51deebadc18@localhost,GrimTrigger,C,player_c0bba38e-8088-4ae5-b1da-4efa4ac72ec0@localhost,Adaptive,C,5,5,2240,2240
449,player_7c75a296-84f8-4d0d-bd76-d51deebadc18@localhost,GrimTrigger,C,player_c0bba38e-8088-4ae5-b1da-4efa4ac72ec0@localhost,Adaptive,C,5,5,2245,2245
450,player_7c75a296-84f8-4d0d-bd76-d51deebadc18@localhost,GrimTrigger,C,player_c0bba38e-8088-4ae5-b1da-4efa4ac72ec0@localhost,Adaptive,C,5,5,2250,2250
451,player_7c75a296-84f8-4d0d-bd76-d51deebadc18@localhost,GrimTrigger,C,player_c0bba38e-8088-4ae5-b1da-4efa4ac72ec0@localhost,Adaptive,C,5,5,2255,2255
452,player_7c75a296-84f8-4d0d-bd76-d51deebadc18@localhost,GrimTrigger,C,player_c0bba38e-8088-4ae5-b1da-4efa4ac72ec0@localhost,Adaptive,C,5,5,2260,2260
453,player_7c75a296-84f8-4d0d-bd76-d51deebadc18@localhost,GrimTrigger,C,player_c0bba38e-8088-4ae5-b1da-4efa4ac72ec0@localhost,Adaptive,C,5,5,2265,2265
454,player_7c75a296-84f8-4d0d-bd76-d51deebadc18@localhost,GrimTrigger,C,player_c0bba38e-8088-4ae5-b1da-4efa4ac72ec0@localhost,Adaptive,C,5,5,2270,2270
455,player_7c75a296-84f8-4d0d-bd76-d51deebadc18@localhost,GrimTrigger,C,player_c0bba38e-8088-4ae5-b1da-4efa4ac72ec0@localhost,Adaptive,C,5,5,2275,2275
456,player_7c75a296-84f8-4d0d-bd76-d51deebadc18@localhost,GrimTrigger,C,player_c0bba38e-8088-4ae5-b1da-4efa4ac72ec0@localhost,Adaptive,C,5,5,2280,2280
457,player_7c75a296-84f8-4d0d-bd76-d51deebadc18@localhost,GrimTrigger,C,player_c0bba38e-8088-4ae5-b1da-4efa4ac72ec0@localhost,Adaptive,C,5,5,2285,2285
458,player_7c75a296-84f8-4d0d-bd76-d51deebadc18@localhost,GrimTrigger,C,player_c0bba38e-8088-4ae5-b1da-4efa4ac72ec0@localhost,Adaptive,C,5,5,2290,2290
459,player_7c75a296-84f8-4d0d-bd76-d51deebadc18@localhost,GrimTrigger,C,player_c0bba38e-8088-4ae5-b1da-4efa4ac72ec0@localhost,Adaptive,C,5,5,2295,2295
460,player_7c75a296-84f8-4d0d-bd76-d51deebadc18@localhost,GrimTrigger,C,player_c0bba38e-8088-4ae5-b1da-4efa4ac72ec0@localhost,Adaptive,C,5,5,2300,2300
461,player_7c75a296-84f8-4d0d-bd76-d51deebadc18@localhost,GrimTrigger,C,player_c0bba38e-8088-4ae5-b1da-4efa4ac72ec0@localhost,Adaptive,C,5,5,2305,2305
462,player_7c75a296-84f8-4d0d-bd76-d51deebadc18@localhost,GrimTrigger,C,player_c0bba38e-8088-4ae5-b1da-4efa4ac72ec0@localhost,Adaptive,C,5,5,2310,2310
463,player_7c75a296-84f8-4d0d-bd76-d51deebadc18@localhost,GrimTrigger,C,player_c0bba38e-8088-4ae5-b1da-4efa4ac72ec0@localhost,Adaptive,C,5,5,2315,2315
464,player_7c75a296-84f8-4d0d-bd76-d51deebadc18@localhost,GrimTrigger,C,player_c0bba38e-8088-4ae5-b1da-4efa4ac72ec0@localhost,Adaptive,C,5,5,2320,2320
465,player_7c75a296-84f8-4d0d-bd76-d51deebadc18@localhost,GrimTrigger,C,player_c0bba38e-8088-4ae5-b1da-4efa4ac72ec0@localhost,Adaptive,C,5,5,2325,2325
466,player_7c75a296-84f8-4d0d-bd76-d51deebadc18@localhost,GrimTrigger,C,player_c0bba38e-8088-4ae5-b1da-4efa4ac72ec0@localhost,Adaptive,C,5,5,2330,2330
467,player_7c75a296-84f8-4d0d-bd76-d51deebadc18@localhost,GrimTrigger,C,player_c0bba38e-8088-4ae5-b1da-4efa4ac72ec0@localhost,Adaptive,C,5,5,2335,2335
468,player_7c75a296-84f8-4d0d-bd76-d51deebadc18@localhost,GrimTrigger,C,player_c0bba38e-8088-4ae5-b1da-4efa4ac72ec0@localhost,Adaptive,C,5,5,2340,2340
469,player_7c75a296-84f8-4d0d-bd76-d51deebadc18@localhost,GrimTrigger,C,player_c0bba38e-8088-4ae5-b1da-4efa4ac72ec0@localhost,Adaptive,C,5,5,2345,2345
470,player_7c75a296-84f8-4d0d-bd76-d51deebadc18@localhost,GrimTrigger,C,player_c0bba38e-8088-4ae5-b1da-4efa4ac72ec0@localhost,Adaptive,C,5,5,2350,2350
471,player_7c75a296-84f8-4d0d-bd76-d51deebadc18@localhost,GrimTrigger,C,player_c0bba38e-8088-4ae5-b1da-4efa4ac72ec0@localhost,Adaptive,C,5,5,2355,2355
472,player_7c75a296-84f8-4d0d-bd76-d51deebadc18@localhost,GrimTrigger,C,player_c0bba38e-8088-4ae5-b1da-4efa4ac72ec0@localhost,Adaptive,C,5,5,2360,2360
473,player_7c75a296-84f8-4d0d-bd76-d51deebadc18@localhost,GrimTrigger,C,player_c0bba38e-8088-4ae5-b1da-4efa4ac72ec0@localhost,Adaptive,C,5,5,2365,2365
474,player_7c75a296-84f8-4d0d-bd76-d51deebadc18@localhost,GrimTrigger,C,player_c0bba38e-8088-4ae5-b1da-4efa4ac72ec0@localhost,Adaptive,C,5,5,2370,2370
475,player_7c75a296-84f8-4d0d-bd76-d51deebadc18@localhost,GrimTrigger,C,player_c0bba38e-8088-4ae5-b1da-4efa4ac72ec0@localhost,Adaptive,C,5,5,2375,2375
476,player_7c75a296-84f8-4d0d-bd76-d51deebadc18@localhost,GrimTrigger,C,player_c0bba38e-8088-4ae5-b1da-4efa4ac72ec0@localhost,Adaptive,C,5,5,2380,2380
477,player_7c75a296-84f8-4d0d-bd76-d51deebadc18@localhost,GrimTrigger,C,player_c0bba38e-8088-4ae5-b1da-4efa4ac72ec0@localhost,Adaptive,C,5,5,2385,2385
478,player_7c75a296-84f8-4d0d-bd76-d51deebadc18@localhost,GrimTrigger,C,player_c0bba38e-8088-4ae5-b1da-4efa4ac72ec0@localhost,Adaptive,C,5,5,2390,2390
479,player_7c75a296-84f8-4d0d-bd76-d51deebadc18@localhost,GrimTrigger,C,player_c0bba38e-8088-4ae5-b1da-4efa4ac72ec0@localhost,Adaptive,C,5,5,2395,2395
480,player_7c75a296-84f8-4d0d-bd76-d51deebadc18@localhost,GrimTrigger,C,player_c0bba38e-8088-4ae5-b1da-4efa4ac72ec0@localhost,Adaptive,C,5,5,2400,2400
481,player_7c75a296-84f8-4d0d-bd76-d51deebadc18@localhost,GrimTrigger,C,player_c0bba38e-8088-4ae5-b1da-4efa4ac72ec0@localhost,Adaptive,C,5,5,2405,2405
482,player_7c75a296-84f8-4d0d-bd76-d51deebadc18@localhost,GrimTrigger,C,player_c0bba38e-8088-4ae5-b1da-4efa4ac72ec0@localhost,Adaptive,C,5,5,2410,2410
483,player_7c75a296-84f8-4d0d-bd76-d51deebadc18@localhost,GrimTrigger,C,player_c0bba38e-8088-4ae5-b1da-4efa4ac72ec0@localhost,Adaptive,C,5,5,2415,2415
484,player_7c75a296-84f8-4d0d-bd76-d51deebadc18@localhost,GrimTrigger,C,player_c0bba38e-8088-4ae5-b1da-4efa4ac72ec0@localhost,Adaptive,C,5,5,2420,2420
485,player_7c75a296-84f8-4d0d-bd76-d51deebadc18@localhost,GrimTrigger,C,player_c0bba38e-8088-4ae5-b1da-4efa4ac72ec0@localhost,Adaptive,C,5,5,2425,2425
486,player_7c75a296-84f8-4d0d-bd76-d51deebadc18@localhost,GrimTrigger,C,player_c0bba38e-8088-4ae5-b1da-4efa4ac72ec0@localhost,Adaptive,C,5,5,2430,2430
487,player_7c75a296-84f8-4d0d-bd76-d51deebadc18@localhost,GrimTrigger,C,player_c0bba38e-8088-4ae5-b1da-4efa4ac72ec0@localhost,Adaptive,C,5,5,2435,2435
488,player_7c75a296-84f8-4d0d-bd76-d51deebadc18@localhost,GrimTrigger,C,player_c0bba38e-8088-4ae5-b1da-4efa4ac72ec0@localhost,Adaptive,C,5,5,2440,2440
489,player_7c75a296-84f8-4d0d-bd76-d51deebadc18@localhost,GrimTrigger,C,player_c0bba38e-8088-4ae5-b1da-4efa4ac72ec0@localhost,Adaptive,C,5,5,2445,2445
490,player_7c75a296-84f8-4d0d-bd76-d51deebadc18@localhost,GrimTrigger,C,player_c0bba38e-8088-4ae5-b1da-4efa4ac72ec0@localhost,Adaptive,C,5,5,2450,2450
491,player_7c75a296-84f8-4d0d-bd76-d51deebadc18@localhost,GrimTrigger,C,player_c0bba38e-8088-4ae5-b1da-4efa4ac72ec0@localhost,Adaptive,C,5,5,2455,2455
492,player_7c75a296-84f8-4d0d-bd76-d51deebadc18@localhost,GrimTrigger,C,player_c0bba38e-8088-4ae5-b1da-4efa4ac72ec0@localhost,Adaptive,C,5,5,2460,2460
493,player_7c75a296-84f8-4d0d-bd76-d51deebadc18@localhost,GrimTrigger,C,player_c0bba38e-8088-4ae5-b1da-4efa4ac72ec0@localhost,Adaptive,C,5,5,2465,2465
494,player_7c75a296-84f8-4d0d-bd76-d51deebadc18@localhost,GrimTrigger,C,player_c0bba38e-8088-4ae5-b1da-4efa4ac72ec0@localhost,Adaptive,C,5,5,2470,2470
495,player_7c75a296-84f8-4d0d-bd76-d51deebadc18@localhost,GrimTrigger,C,player_c0bba38e-8088-4ae5-b1da-4efa4ac72ec0@localhost,Adaptive,C,5,5,2475,2475
496,player_7c75a296-84f8-4d0d-bd76-d51deebadc18@localhost,GrimTrigger,C,player_c0bba38e-8088-4ae5-b1da-4efa4ac72ec0@localhost,Adaptive,C,5,5,2480,2480
497,player_7c75a296-84f8-4d0d-bd76-d51deebadc18@localhost,GrimTrigger,C,player_c0bba38e-8088-4ae5-b1da-4efa4ac72ec0@localhost,Adaptive,C,5,5,2485,2485
498,player_7c75a296-84f8-4d0d-bd76-d51deebadc18@localhost,GrimTrigger,C,player_c0bba38e-8088-4ae5-b1da-4efa4ac72ec0@localhost,Adaptive,C,5,5,2490,2490
499,player_7c75a296-84f8-4d0d-bd76-d51deebadc18@localhost,GrimTrigger,C,player_c0bba38e-8088-4ae5-b1da-4efa4ac72ec0@localhost,Adaptive,C,5,5,2495,2495
500,player_7c75a296-84f8-4d0d-bd76-d51deebadc18@localhost,GrimTrigger,C,player_c0bba38e-8088-4ae5-b1da-4efa4ac72ec0@localhost,Adaptive,C,5,5,2500,2500
501,player_7c75a296-84f8-4d0d-bd76-d51deebadc18@localhost,GrimTrigger,C,player_c0bba38e-8088-4ae5-b1da-4efa4ac72ec0@localhost,Adaptive,C,5,5,2505,2505
502,player_7c75a296-84f8-4d0d-bd76-d51deebadc18@localhost,GrimTrigger,C,player_c0bba38e-8088-4ae5-b1da-4efa4ac72ec0@localhost,Adaptive,C,5,5,2510,2510
503,player_7c75a296-84f8-4d0d-bd76-d51deebadc18@localhost,GrimTrigger,C,player_c0bba38e-8088-4ae5-b1da-4efa4ac72ec0@localhost,Adaptive,C,5,5,2515,2515
504,player_7c75a296-84f8-4d0d-bd76-d51deebadc18@localhost,GrimTrigger,C,player_c0bba38e-8088-4ae5-b1da-4efa4ac72ec0@localhost,Adaptive,C,5,5,2520,2520
505,player_7c75a296-84f8-4d0d-bd76-d51deebadc18@localhost,GrimTrigger,C,player_c0bba38e-8088-4ae5-b1da-4efa4ac72ec0@localhost,Adaptive,C,5,5,2525,2525
506,player_7c75a296-84f8-4d0d-bd76-d51deebadc18@localhost,GrimTrigger,C,player_c0bba38e-8088-4ae5-b1da-4efa4ac72ec0@localhost,Adaptive,C,5,5,2530,2530
507,player_7c75a296-84f8-4d0d-bd76-d51deebadc18@localhost,GrimTrigger,C,player_c0bba38e-8088-4ae5-b1da-4efa4ac72ec0@localhost,Adaptive,C,5,5,2535,2535
508,player_7c75a296-84f8-4d0d-bd76-d51deebadc18@localhost,GrimTrigger,C,player_c0bba38e-8088-4ae5-b1da-4efa4ac72ec0@localhost,Adaptive,C,5,5,2540,2540
509,player_7c75a296-84f8-4d0d-bd76-d51deebadc18@localhost,GrimTrigger,C,player_c0bba38e-8088-4ae5-b1da-4efa4ac72ec0@localhost,Adaptive,C,5,5,2545,2545
510,player_7c75a296-84f8-4d0d-bd76-d51deebadc18@localhost,GrimTrigger,C,player_c0bba38e-8088-4ae5-b1da-4efa4ac72ec0@localhost,Adaptive,C,5,5,2550,2550
511,player_7c75a296-84f8-4d0d-bd76-d51deebadc18@localhost,GrimTrigger,C,player_c0bba38e-8088-4ae5-b1da-4efa4ac72ec0@localhost,Adaptive,C,5,5,2555,2555
512,player_7c75a296-84f8-4d0d-bd76-d51deebadc18@localhost,GrimTrigger,C,player_c0bba38e-8088-4ae5-b1da-4efa4ac72ec0@localhost,Adaptive,C,5,5,2560,2560
513,player_7c75a296-84f8-4d0d-bd76-d51deebadc18@localhost,GrimTrigger,C,player_c0bba38e-8088-4ae5-b1da-4efa4ac72ec0@localhost,Adaptive,C,5,5,2565,2565
514,player_7c75a296-84f8-4d0d-bd76-d51deebadc18@localhost,GrimTrigger,C,player_c0bba38e-8088-4ae5-b1da-4efa4ac72ec0@localhost,Adaptive,C,5,5,2570,2570
515,player_7c75a296-84f8-4d0d-bd76-d51deebadc18@localhost,GrimTrigger,C,player_c0bba38e-8088-4ae5-b1da-4efa4ac72ec0@localhost,Adaptive,C,5,5,2575,2575
516,player_7c75a296-84f8-4d0d-bd76-d51deebadc18@localhost,GrimTrigger,C,player_c0bba38e-8088-4ae5-b1da-4efa4ac72ec0@localhost,Adaptive,C,5,5,2580,2580
517,player_7c75a296-84f8-4d0d-bd76-d51deebadc18@localhost,GrimTrigger,C,player_c0bba38e-8088-4ae5-b1da-4efa4ac72ec0@localhost,Adaptive,C,5,5,2585,2585
518,player_7c75a296-84f8-4d0d-bd76-d51deebadc18@localhost,GrimTrigger,C,player_c0bba38e-8088-4ae5-b1da-4efa4ac72ec0@localhost,Adaptive,C,5,5,2590,2590
519,player_7c75a296-84f8-4d0d-bd76-d51deebadc18@localhost,GrimTrigger,C,player_c0bba38e-8088-4ae5-b1da-4efa4ac72ec0@localhost,Adaptive,C,5,5,2595,2595
520,player_7c75a296-84f8-4d0d-bd76-d51deebadc18@localhost,GrimTrigger,C,player_c0bba38e-8088-4ae5-b1da-4efa4ac72ec0@localhost,Adaptive,C,5,5,2600,2600
521,player_7c75a296-84f8-4d0d-bd76-d51deebadc18@localhost,GrimTrigger,C,player_c0bba38e-8088-4ae5-b1da-4efa4ac72ec0@localhost,Adaptive,C,5,5,2605,2605
522,player_7c75a296-84f8-4d0d-bd76-d51deebadc18@localhost,GrimTrigger,C,player_c0bba38e-8088-4ae5-b1da-4efa4ac72ec0@localhost,Adaptive,C,5,5,2610,2610
523,player_7c75a296-84f8-4d0d-bd76-d51deebadc18@localhost,GrimTrigger,C,player_c0bba38e-8088-4ae5-b1da-4efa4ac72ec0@localhost,Adaptive,C,5,5,2615,2615
524,player_7c75a296-84f8-4d0d-bd76-d51deebadc18@localhost,GrimTrigger,C,player_c0bba38e-8088-4ae5-b1da-4efa4ac72ec0@localhost,Adaptive,C,5,5,2620,2620
525,player_7c75a296-84f8-4d0d-bd76-d51deebadc18@localhost,GrimTrigger,C,player_c0bba38e-8088-4ae5-b1da-4efa4ac72ec0@localhost,Adaptive,C,5,5,2625,2625
526,player_7c75a296-84f8-4d0d-bd76-d51deebadc18@localhost,GrimTrigger,C,player_c0bba38e-8088-4ae5-b1da-4efa4ac72ec0@localhost,Adaptive,C,5,5,2630,2630
527,player_7c75a296-84f8-4d0d-bd76-d51deebadc18@localhost,GrimTrigger,C,player_c0bba38e-8088-4ae5-b1da-4efa4ac72ec0@localhost,Adaptive,C,5,5,2635,2635
528,player_7c75a296-84f8-4d0d-bd76-d51deebadc18@localhost,GrimTrigger,C,player_c0bba38e-8088-4ae5-b1da-4efa4ac72ec0@localhost,Adaptive,C,5,5,2640,2640
529,player_7c75a296-84f8-4d0d-bd76-d51deebadc18@localhost,GrimTrigger,C,player_c0bba38e-8088-4ae5-b1da-4efa4ac72ec0@localhost,Adaptive,C,5,5,2645,2645
530,player_7c75a296-84f8-4d0d-bd76-d51deebadc18@localhost,GrimTrigger,C,player_c0bba38e-8088-4ae5-b1da-4efa4ac72ec0@localhost,Adaptive,C,5,5,2650,2650
531,player_7c75a296-84f8-4d0d-bd76-d51deebadc18@localhost,GrimTrigger,C,player_c0bba38e-8088-4ae5-b1da-4efa4ac72ec0@localhost,Adaptive,C,5,5,2655,2655
532,player_7c75a296-84f8-4d0d-bd76-d51deebadc18@localhost,GrimTrigger,C,player_c0bba38e-8088-4ae5-b1da-4efa4ac72ec0@localhost,Adaptive,C,5,5,2660,2660
533,player_7c75a296-84f8-4d0d-bd76-d51deebadc18@localhost,GrimTrigger,C,player_c0bba38e-8088-4ae5-b1da-4efa4ac72ec0@localhost,Adaptive,C,5,5,2665,2665
534,player_7c75a296-84f8-4d0d-bd76-d51deebadc18@localhost,GrimTrigger,C,player_c0bba38e-8088-4ae5-b1da-4efa4ac72ec0@localhost,Adaptive,C,5,5,2670,2670
535,player_7c75a296-84f8-4d0d-bd76-d51deebadc18@localhost,GrimTrigger,C,player_c0bba38e-8088-4ae5-b1da-4efa4ac72ec0@localhost,Adaptive,C,5,5,2675,2675
536,player_7c75a296-84f8-4d0d-bd76-d51deebadc18@localhost,GrimTrigger,C,player_c0bba38e-8088-4ae5-b1da-4efa4ac72ec0@localhost,Adaptive,C,5,5,2680,2680
537,player_7c75a296-84f8-4d0d-bd76-d51deebadc18@localhost,GrimTrigger,C,player_c0bba38e-8088-4ae5-b1da-4efa4ac72ec0@localhost,Adaptive,C,5,5,2685,2685
538,player_7c75a296-84f8-4d0d-bd76-d51deebadc18@localhost,GrimTrigger,C,player_c0bba38e-8088-4ae5-b1da-4efa4ac72ec0@localhost,Adaptive,C,5,5,2690,2690
539,player_7c75a296-84f8-4d0d-bd76-d51deebadc18@localhost,GrimTrigger,C,player_c0bba38e-8088-4ae5-b1da-4efa4ac72ec0@localhost,Adaptive,C,5,5,2695,2695
540,player_7c75a296-84f8-4d0d-bd76-d51deebadc18@localhost,GrimTrigger,C,player_c0bba38e-8088-4ae5-b1da-4efa4ac72ec0@localhost,Adaptive,C,5,5,2700,2700
541,player_7c75a296-84f8-4d0d-bd76-d51deebadc18@localhost,GrimTrigger,C,player_c0bba38e-8088-4ae5-b1da-4efa4ac72ec0@localhost,Adaptive,C,5,5,2705,2705
542,player_7c75a296-84f8-4d0d-bd76-d51deebadc18@localhost,GrimTrigger,C,player_c0bba38e-8088-4ae5-b1da-4efa4ac72ec0@localhost,Adaptive,C,5,5,2710,2710
543,player_7c75a296-84f8-4d0d-bd76-d51deebadc18@localhost,GrimTrigger,C,player_c0bba38e-8088-4ae5-b1da-4efa4ac72ec0@localhost,Adaptive,C,5,5,2715,2715
544,player_7c75a296-84f8-4d0d-bd76-d51deebadc18@localhost,GrimTrigger,C,player_c0bba38e-8088-4ae5-b1da-4efa4ac72ec0@localhost,Adaptive,C,5,5,2720,2720
545,player_7c75a296-84f8-4d0d-bd76-d51deebadc18@localhost,GrimTrigger,C,player_c0bba38e-8088-4ae5-b1da-4efa4ac72ec0@localhost,Adaptive,C,5,5,2725,2725
546,player_7c75a296-84f8-4d0d-bd76-d51deebadc18@localhost,GrimTrigger,C,player_c0bba38e-8088-4ae5-b1da-4efa4ac72ec0@localhost,Adaptive,C,5,5,2730,2730
547,player_7c75a296-84f8-4d0d-bd76-d51deebadc18@localhost,GrimTrigger,C,player_c0bba38e-8088-4ae5-b1da-4efa4ac72ec0@localhost,Adaptive,C,5,5,2735,2735
548,player_7c75a296-84f8-4d0d-bd76-d51deebadc18@localhost,GrimTrigger,C,player_c0bba38e-8088-4ae5-b1da-4efa4ac72ec0@localhost,Adaptive,C,5,5,2740,2740
549,player_7c75a296-84f8-4d0d-bd76-d51deebadc18@localhost,GrimTrigger,C,player_c0bba38e-8088-4ae5-b1da-4efa4ac72ec0@localhost,Adaptive,C,5,5,2745,2745
550,player_7c75a296-84f8-4d0d-bd76-d51deebadc18@localhost,GrimTrigger,C,player_c0bba38e-8088-4ae5-b1da-4efa4ac72ec0@localhost,Adaptive,C,5,5,2750,2750
551,player_7c75a296-84f8-4d0d-bd76-d51deebadc18@localhost,GrimTrigger,C,player_c0bba38e-8088-4ae5-b1da-4efa4ac72ec0@localhost,Adaptive,C,5,5,2755,2755
552,player_7c75a296-84f8-4d0d-bd76-d51deebadc18@localhost,GrimTrigger,C,player_c0bba38e-8088-4ae5-b1da-4efa4ac72ec0@localhost,Adaptive,C,5,5,2760,2760
553,player_7c75a296-84f8-4d0d-bd76-d51deebadc18@localhost,GrimTrigger,C,player_c0bba38e-8088-4ae5-b1da-4efa4ac72ec0@localhost,Adaptive,C,5,5,2765,2765
554,player_7c75a296-84f8-4d0d-bd76-d51deebadc18@localhost,GrimTrigger,C,player_c0bba38e-8088-4ae5-b1da-4efa4ac72ec0@localhost,Adaptive,C,5,5,2770,2770
555,player_7c75a296-84f8-4d0d-bd76-d51deebadc18@localhost,GrimTrigger,C,player_c0bba38e-8088-4ae5-b1da-4efa4ac72ec0@localhost,Adaptive,C,5,5,2775,2775
556,player_7c75a296-84f8-4d0d-bd76-d51deebadc18@localhost,GrimTrigger,C,player_c0bba38e-8088-4ae5-b1da-4efa4ac72ec0@localhost,Adaptive,C,5,5,2780,2780
557,player_7c75a296-84f8-4d0d-bd76-d51deebadc18@localhost,GrimTrigger,C,player_c0bba38e-8088-4ae5-b1da-4efa4ac72ec0@localhost,Adaptive,C,5,5,2785,2785
558,player_7c75a296-84f8-4d0d-bd76-d51deebadc18@localhost,GrimTrigger,C,player_c0bba38e-8088-4ae5-b1da-4efa4ac72ec0@localhost,Adaptive,C,5,5,2790,2790
559,player_7c75a296-84f8-4d0d-bd76-d51deebadc18@localhost,GrimTrigger,C,player_c0bba38e-8088-4ae5-b1da-4efa4ac72ec0@localhost,Adaptive,C,5,5,2795,2795
560,player_7c75a296-84f8-4d0d-bd76-d51deebadc18@localhost,GrimTrigger,C,player_c0bba38e-8088-4ae5-b1da-4efa4ac72ec0@localhost,Adaptive,C,5,5,2800,2800
561,player_7c75a296-84f8-4d0d-bd76-d51deebadc18@localhost,GrimTrigger,C,player_c0bba38e-8088-4ae5-b1da-4efa4ac72ec0@localhost,Adaptive,C,5,5,2805,2805
562,player_7c75a296-84f8-4d0d-bd76-d51deebadc18@localhost,GrimTrigger,C,player_c0bba38e-8088-4ae5-b1da-4efa4ac72ec0@localhost,Adaptive,C,5,5,2810,2810
563,player_7c75a296-84f8-4d0d-bd76-d51deebadc18@localhost,GrimTrigger,C,player_c0bba38e-8088-4ae5-b1da-4efa4ac72ec0@localhost,Adaptive,C,5,5,2815,2815
564,player_7c75a296-84f8-4d0d-bd76-d51deebadc18@localhost,GrimTrigger,C,player_c0bba38e-8088-4ae5-b1da-4efa4ac72ec0@localhost,Adaptive,C,5,5,2820,2820
565,player_7c75a296-84f8-4d0d-bd76-d51deebadc18@localhost,GrimTrigger,C,player_c0bba38e-8088-4ae5-b1da-4efa4ac72ec0@localhost,Adaptive,C,5,5,2825,2825
566,player_7c75a296-84f8-4d0d-bd76-d51deebadc18@localhost,GrimTrigger,C,player_c0bba38e-8088-4ae5-b1da-4efa4ac72ec0@localhost,Adaptive,C,5,5,2830,2830
567,player_7c75a296-84f8-4d0d-bd76-d51deebadc18@localhost,GrimTrigger,C,player_c0bba38e-8088-4ae5-b1da-4efa4ac72ec0@localhost,Adaptive,C,5,5,2835,2835
568,player_7c75a296-84f8-4d0d-bd76-d51deebadc18@localhost,GrimTrigger,C,player_c0bba38e-8088-4ae5-b1da-4efa4ac72ec0@localhost,Adaptive,C,5,5,2840,2840
569,player_7c75a296-84f8-4d0d-bd76-d51deebadc18@localhost,GrimTrigger,C,player_c0bba38e-8088-4ae5-b1da-4efa4ac72ec0@localhost,Adaptive,C,5,5,2845,2845
570,player_7c75a296-84f8-4d0d-bd76-d51deebadc18@localhost,GrimTrigger,C,player_c0bba38e-8088-4ae5-b1da-4efa4ac72ec0@localhost,Adaptive,C,5,5,2850,2850
571,player_7c75a296-84f8-4d0d-bd76-d51deebadc18@localhost,GrimTrigger,C,player_c0bba38e-8088-4ae5-b1da-4efa4ac72ec0@localhost,Adaptive,C,5,5,2855,2855
572,player_7c75a296-84f8-4d0d-bd76-d51deebadc18@localhost,GrimTrigger,C,player_c0bba38e-8088-4ae5-b1da-4efa4ac72ec0@localhost,Adaptive,C,5,5,2860,2860
573,player_7c75a296-84f8-4d0d-bd76-d51deebadc18@localhost,GrimTrigger,C,player_c0bba38e-8088-4ae5-b1da-4efa4ac72ec0@localhost,Adaptive,C,5,5,2865,2865
574,player_7c75a296-84f8-4d0d-bd76-d51deebadc18@localhost,GrimTrigger,C,player_c0bba38e-8088-4ae5-b1da-4efa4ac72ec0@localhost,Adaptive,C,5,5,2870,2870
575,player_7c75a296-84f8-4d0d-bd76-d51deebadc18@localhost,GrimTrigger,C,player_c0bba38e-8088-4ae5-b1da-4efa4ac72ec0@localhost,Adaptive,C,5,5,2875,2875
576,player_7c75a296-84f8-4d0d-bd76-d51deebadc18@localhost,GrimTrigger,C,player_c0bba38e-8088-4ae5-b1da-4efa4ac72ec0@localhost,Adaptive,C,5,5,2880,2880
577,player_7c75a296-84f8-4d0d-bd76-d51deebadc18@localhost,GrimTrigger,C,player_c0bba38e-8088-4ae5-b1da-4efa4ac72ec0@localhost,Adaptive,C,5,5,2885,2885
578,player_7c75a296-84f8-4d0d-bd76-d51deebadc18@localhost,GrimTrigger,C,player_c0bba38e-8088-4ae5-b1da-4efa4ac72ec0@localhost,Adaptive,C,5,5,2890,2890
579,player_7c75a296-84f8-4d0d-bd76-d51deebadc18@localhost,GrimTrigger,C,player_c0bba38e-8088-4ae5-b1da-4efa4ac72ec0@localhost,Adaptive,C,5,5,2895,2895
580,player_7c75a296-84f8-4d0d-bd76-d51deebadc18@localhost,GrimTrigger,C,player_c0bba38e-8088-4ae5-b1da-4efa4ac72ec0@localhost,Adaptive,C,5,5,2900,2900
581,player_7c75a296-84f8-4d0d-bd76-d51deebadc18@localhost,GrimTrigger,C,player_c0bba38e-8088-4ae5-b1da-4efa4ac72ec0@localhost,Adaptive,C,5,5,2905,2905
582,player_7c75a296-84f8-4d0d-bd76-d51deebadc18@localhost,GrimTrigger,C,player_c0bba38e-8088-4ae5-b1da-4efa4ac72ec0@localhost,Adaptive,C,5,5,2910,2910
583,player_7c75a296-84f8-4d0d-bd76-d51deebadc18@localhost,GrimTrigger,C,player_c0bba38e-8088-4ae5-b1da-4efa4ac72ec0@localhost,Adaptive,C,5,5,2915,2915
584,player_7c75a296-84f8-4d0d-bd76-d51deebadc18@localhost,GrimTrigger,C,player_c0bba38e-8088-4ae5-b1da-4efa4ac72ec0@localhost,Adaptive,C,5,5,2920,2920
585,player_7c75a296-84f8-4d0d-bd76-d51deebadc18@localhost,GrimTrigger,C,player_c0bba38e-8088-4ae5-b1da-4efa4ac72ec0@localhost,Adaptive,C,5,5,2925,2925
586,player_7c75a296-84f8-4d0d-bd76-d51deebadc18@localhost,GrimTrigger,C,player_c0bba38e-8088-4ae5-b1da-4efa4ac72ec0@localhost,Adaptive,C,5,5,2930,2930
587,player_7c75a296-84f8-4d0d-bd76-d51deebadc18@localhost,GrimTrigger,C,player_c0bba38e-8088-4ae5-b1da-4efa4ac72ec0@localhost,Adaptive,C,5,5,2935,2935
588,player_7c75a296-84f8-4d0d-bd76-d51deebadc18@localhost,GrimTrigger,C,player_c0bba38e-8088-4ae5-b1da-4efa4ac72ec0@localhost,Adaptive,C,5,5,2940,2940
589,player_7c75a296-84f8-4d0d-bd76-d51deebadc18@localhost,GrimTrigger,C,player_c0bba38e-8088-4ae5-b1da-4efa4ac72ec0@localhost,Adaptive,C,5,5,2945,2945
590,player_7c75a296-84f8-4d0d-bd76-d51deebadc18@localhost,GrimTrigger,C,player_c0bba38e-8088-4ae5-b1da-4efa4ac72ec0@localhost,Adaptive,C,5,5,2950,2950
591,player_7c75a296-84f8-4d0d-bd76-d51deebadc18@localhost,GrimTrigger,C,player_c0bba38e-8088-4ae5-b1da-4efa4ac72ec0@localhost,Adaptive,C,5,5,2955,2955
592,player_7c75a296-84f8-4d0d-bd76-d51deebadc18@localhost,GrimTrigger,C,player_c0bba38e-8088-4ae5-b1da-4efa4ac72ec0@localhost,Adaptive,C,5,5,2960,2960
593,player_7c75a296-84f8-4d0d-bd76-d51deebadc18@localhost,GrimTrigger,C,player_c0bba38e-8088-4ae5-b1da-4efa4ac72ec0@localhost,Adaptive,C,5,5,2965,2965
594,player_7c75a296-84f8-4d0d-bd76-d51deebadc18@localhost,GrimTrigger,C,player_c0bba38e-8088-4ae5-b1da-4efa4ac72ec0@localhost,Adaptive,C,5,5,2970,2970
595,player_7c75a296-84f8-4d0d-bd76-d51deebadc18@localhost,GrimTrigger,C,player_c0bba38e-8088-4ae5-b1da-4efa4ac72ec0@localhost,Adaptive,C,5,5,2975,2975
596,player_7c75a296-84f8-4d0d-bd76-d51deebadc18@localhost,GrimTrigger,C,player_c0bba38e-8088-4ae5-b1da-4efa4ac72ec0@localhost,Adaptive,C,5,5,2980,2980
597,player_7c75a296-84f8-4d0d-bd76-d51deebadc18@localhost,GrimTrigger,C,player_c0bba38e-8088-4ae5-b1da-4efa4ac72ec0@localhost,Adaptive,C,5,5,2985,2985
598,player_7c75a296-84f8-4d0d-bd76-d51deebadc18@localhost,GrimTrigger,C,player_c0bba38e-8088-4ae5-b1da-4efa4ac72ec0@localhost,Adaptive,C,5,5,2990,2990
599,player_7c75a296-84f8-4d0d-bd76-d51deebadc18@localhost,GrimTrigger,C,player_c0bba38e-8088-4ae5-b1da-4efa4ac72ec0@localhost,Adaptive,C,5,5,2995,2995
600,player_7c75a296-84f8-4d0d-bd76-d51deebadc18@localhost,GrimTrigger,C,player_c0bba38e-8088-4ae5-b1da-4efa4ac72ec0@localhost,Adaptive,C,5,5,3000,3000
601,player_7c75a296-84f8-4d0d-bd76-d51deebadc18@localhost,GrimTrigger,C,player_c0bba38e-8088-4ae5-b1da-4efa4ac72ec0@localhost,Adaptive,C,5,5,3005,3005
602,player_7c75a296-84f8-4d0d-bd76-d51deebadc18@localhost,GrimTrigger,C,player_c0bba38e-8088-4ae5-b1da-4efa4ac72ec0@localhost,Adaptive,C,5,5,3010,3010
603,player_7c75a296-84f8-4d0d-bd76-d51deebadc18@localhost,GrimTrigger,C,player_c0bba38e-8088-4ae5-b1da-4efa4ac72ec0@localhost,Adaptive,C,5,5,3015,3015
604,player_7c75a296-84f8-4d0d-bd76-d51deebadc18@localhost,GrimTrigger,C,player_c0bba38e-8088-4ae5-b1da-4efa4ac72ec0@localhost,Adaptive,C,5,5,3020,3020
605,player_7c75a296-84f8-4d0d-bd76-d51deebadc18@localhost,GrimTrigger,C,player_c0bba38e-8088-4ae5-b1da-4efa4ac72ec0@localhost,Adaptive,C,5,5,3025,3025
606,player_7c75a296-84f8-4d0d-bd76-d51deebadc18@localhost,GrimTrigger,C,player_c0bba38e-8088-4ae5-b1da-4efa4ac72ec0@localhost,Adaptive,C,5,5,3030,3030
607,player_7c75a296-84f8-4d0d-bd76-d51deebadc18@localhost,GrimTrigger,C,player_c0bba38e-8088-4ae5-b1da-4efa4ac72ec0@localhost,Adaptive,C,5,5,3035,3035
608,player_7c75a296-84f8-4d0d-bd76-d51deebadc18@localhost,GrimTrigger,C,player_c0bba38e-8088-4ae5-b1da-4efa4ac72ec0@localhost,Adaptive,C,5,5,3040,3040
609,player_7c75a296-84f8-4d0d-bd76-d51deebadc18@localhost,GrimTrigger,C,player_c0bba38e-8088-4ae5-b1da-4efa4ac72ec0@localhost,Adaptive,C,5,5,3045,3045
610,player_7c75a296-84f8-4d0d-bd76-d51deebadc18@localhost,GrimTrigger,C,player_c0bba38e-8088-4ae5-b1da-4efa4ac72ec0@localhost,Adaptive,C,5,5,3050,3050
611,player_7c75a296-84f8-4d0d-bd76-d51deebadc18@localhost,GrimTrigger,C,player_c0bba38e-8088-4ae5-b1da-4efa4ac72ec0@localhost,Adaptive,C,5,5,3055,3055
612,player_7c75a296-84f8-4d0d-bd76-d51deebadc18@localhost,GrimTrigger,C,player_c0bba38e-8088-4ae5-b1da-4efa4ac72ec0@localhost,Adaptive,C,5,5,3060,3060
613,player_7c75a296-84f8-4d0d-bd76-d51deebadc18@localhost,GrimTrigger,C,player_c0bba38e-8088-4ae5-b1da-4efa4ac72ec0@localhost,Adaptive,C,5,5,3065,3065
614,player_7c75a296-84f8-4d0d-bd76-d51deebadc18@localhost,GrimTrigger,C,player_c0bba38e-8088-4ae5-b1da-4efa4ac72ec0@localhost,Adaptive,C,5,5,3070,3070
615,player_7c75a296-84f8-4d0d-bd76-d51deebadc18@localhost,GrimTrigger,C,player_c0bba38e-8088-4ae5-b1da-4efa4ac72ec0@localhost,Adaptive,C,5,5,3075,3075
616,player_7c75a296-84f8-4d0d-bd76-d51deebadc18@localhost,GrimTrigger,C,player_c0bba38e-8088-4ae5-b1da-4efa4ac72ec0@localhost,Adaptive,C,5,5,3080,3080
617,player_7c75a296-84f8-4d0d-bd76-d51deebadc18@localhost,GrimTrigger,C,player_c0bba38e-8088-4ae5-b1da-4efa4ac72ec0@localhost,Adaptive,C,5,5,3085,3085
618,player_7c75a296-84f8-4d0d-bd76-d51deebadc18@localhost,GrimTrigger,C,player_c0bba38e-8088-4ae5-b1da-4efa4ac72ec0@localhost,Adaptive,C,5,5,3090,3090
619,player_7c75a296-84f8-4d0d-bd76-d51deebadc18@localhost,GrimTrigger,C,player_c0bba38e-8088-4ae5-b1da-4efa4ac72ec0@localhost,Adaptive,C,5,5,3095,3095
620,player_7c75a296-84f8-4d0d-bd76-d51deebadc18@localhost,GrimTrigger,C,player_c0bba38e-8088-4ae5-b1da-4efa4ac72ec0@localhost,Adaptive,C,5,5,3100,3100
621,player_7c75a296-84f8-4d0d-bd76-d51deebadc18@localhost,GrimTrigger,C,player_c0bba38e-8088-4ae5-b1da-4efa4ac72ec0@localhost,Adaptive,C,5,5,3105,3105
622,player_7c75a296-84f8-4d0d-bd76-d51deebadc18@localhost,GrimTrigger,C,player_c0bba38e-8088-4ae5-b1da-4efa4ac72ec0@localhost,Adaptive,C,5,5,3110,3110
623,player_7c75a296-84f8-4d0d-bd76-d51deebadc18@localhost,GrimTrigger,C,player_c0bba38e-8088-4ae5-b1da-4efa4ac72ec0@localhost,Adaptive,C,5,5,3115,3115
624,player_7c75a296-84f8-4d0d-bd76-d51deebadc18@localhost,GrimTrigger,C,player_c0bba38e-8088-4ae5-b1da-4efa4ac72ec0@localhost,Adaptive,C,5,5,3120,3120
625,player_7c75a296-84f8-4d0d-bd76-d51deebadc18@localhost,GrimTrigger,C,player_c0bba38e-8088-4ae5-b1da-4efa4ac72ec0@localhost,Adaptive,C,5,5,3125,3125
626,player_7c75a296-84f8-4d0d-bd76-d51deebadc18@localhost,GrimTrigger,C,player_c0bba38e-8088-4ae5-b1da-4efa4ac72ec0@localhost,Adaptive,C,5,5,3130,3130
627,player_7c75a296-84f8-4d0d-bd76-d51deebadc18@localhost,GrimTrigger,C,player_c0bba38e-8088-4ae5-b1da-4efa4ac72ec0@localhost,Adaptive,C,5,5,3135,3135
628,player_7c75a296-84f8-4d0d-bd76-d51deebadc18@localhost,GrimTrigger,C,player_c0bba38e-8088-4ae5-b1da-4efa4ac72ec0@localhost,Adaptive,C,5,5,3140,3140
629,player_7c75a296-84f8-4d0d-bd76-d51deebadc18@localhost,GrimTrigger,C,player_c0bba38e-8088-4ae5-b1da-4efa4ac72ec0@localhost,Adaptive,C,5,5,3145,3145
630,player_7c75a296-84f8-4d0d-bd76-d51deebadc18@localhost,GrimTrigger,C,player_c0bba38e-8088-4ae5-b1da-4efa4ac72ec0@localhost,Adaptive,C,5,5,3150,3150
631,player_7c75a296-84f8-4d0d-bd76-d51deebadc18@localhost,GrimTrigger,C,player_c0bba38e-8088-4ae5-b1da-4efa4ac72ec0@localhost,Adaptive,C,5,5,3155,3155
632,player_7c75a296-84f8-4d0d-bd76-d51deebadc18@localhost,GrimTrigger,C,player_c0bba38e-8088-4ae5-b1da-4efa4ac72ec0@localhost,Adaptive,C,5,5,3160,3160
633,player_7c75a296-84f8-4d0d-bd76-d51deebadc18@localhost,GrimTrigger,C,player_c0bba38e-8088-4ae5-b1da-4efa4ac72ec0@localhost,Adaptive,C,5,5,3165,3165
634,player_7c75a296-84f8-4d0d-bd76-d51deebadc18@localhost,GrimTrigger,C,player_c0bba38e-8088-4ae5-b1da-4efa4ac72ec0@localhost,Adaptive,C,5,5,3170,3170
635,player_7c75a296-84f8-4d0d-bd76-d51deebadc18@localhost,GrimTrigger,C,player_c0bba38e-8088-4ae5-b1da-4efa4ac72ec0@localhost,Adaptive,C,5,5,3175,3175
636,player_7c75a296-84f8-4d0d-bd76-d51deebadc18@localhost,GrimTrigger,C,player_c0bba38e-8088-4ae5-b1da-4efa4ac72ec0@localhost,Adaptive,C,5,5,3180,3180
637,player_7c75a296-84f8-4d0d-bd76-d51deebadc18@localhost,GrimTrigger,C,player_c0bba38e-8088-4ae5-b1da-4efa4ac72ec0@localhost,Adaptive,C,5,5,3185,3185
638,player_7c75a296-84f8-4d0d-bd76-d51deebadc18@localhost,GrimTrigger,C,player_c0bba38e-8088-4ae5-b1da-4efa4ac72ec0@localhost,Adaptive,C,5,5,3190,3190
639,player_7c75a296-84f8-4d0d-bd76-d51deebadc18@localhost,GrimTrigger,C,player_c0bba38e-8088-4ae5-b1da-4efa4ac72ec0@localhost,Adaptive,C,5,5,3195,3195
640,player_7c75a296-84f8-4d0d-bd76-d51deebadc18@localhost,GrimTrigger,C,player_c0bba38e-8088-4ae5-b1da-4efa4ac72ec0@localhost,Adaptive,C,5,5,3200,3200
641,player_7c75a296-84f8-4d0d-bd76-d51deebadc18@localhost,GrimTrigger,C,player_c0bba38e-8088-4ae5-b1da-4efa4ac72ec0@localhost,Adaptive,C,5,5,3205,3205
642,player_7c75a296-84f8-4d0d-bd76-d51deebadc18@localhost,GrimTrigger,C,player_c0bba38e-8088-4ae5-b1da-4efa4ac72ec0@localhost,Adaptive,C,5,5,3210,3210
643,player_7c75a296-84f8-4d0d-bd76-d51deebadc18@localhost,GrimTrigger,C,player_c0bba38e-8088-4ae5-b1da-4efa4ac72ec0@localhost,Adaptive,C,5,5,3215,3215
644,player_7c75a296-84f8-4d0d-bd76-d51deebadc18@localhost,GrimTrigger,C,player_c0bba38e-8088-4ae5-b1da-4efa4ac72ec0@localhost,Adaptive,C,5,5,3220,3220
645,player_7c75a296-84f8-4d0d-bd76-d51deebadc18@localhost,GrimTrigger,C,player_c0bba38e-8088-4ae5-b1da-4efa4ac72ec0@localhost,Adaptive,C,5,5,3225,3225
646,player_7c75a296-84f8-4d0d-bd76-d51deebadc18@localhost,GrimTrigger,C,player_c0bba38e-8088-4ae5-b1da-4efa4ac72ec0@localhost,Adaptive,C,5,5,3230,3230
647,player_7c75a296-84f8-4d0d-bd76-d51deebadc18@localhost,GrimTrigger,C,player_c0bba38e-8088-4ae5-b1da-4efa4ac72ec0@localhost,Adaptive,C,5,5,3235,3235
648,player_7c75a296-84f8-4d0d-bd76-d51deebadc18@localhost,GrimTrigger,C,player_c0bba38e-8088-4ae5-b1da-4efa4ac72ec0@localhost,Adaptive,C,5,5,3240,3240
649,player_7c75a296-84f8-4d0d-bd76-d51deebadc18@localhost,GrimTrigger,C,player_c0bba38e-8088-4ae5-b1da-4efa4ac72ec0@localhost,Adaptive,C,5,5,3245,3245
650,player_7c75a296-84f8-4d0d-bd76-d51deebadc18@localhost,GrimTrigger,C,player_c0bba38e-8088-4ae5-b1da-4efa4ac72ec0@localhost,Adaptive,C,5,5,3250,3250
651,player_7c75a296-84f8-4d0d-bd76-d51deebadc18@localhost,GrimTrigger,C,player_c0bba38e-8088-4ae5-b1da-4efa4ac72ec0@localhost,Adaptive,C,5,5,3255,3255
652,player_7c75a296-84f8-4d0d-bd76-d51deebadc18@localhost,GrimTrigger,C,player_c0bba38e-8088-4ae5-b1da-4efa4ac72ec0@localhost,Adaptive,C,5,5,3260,3260
653,player_7c75a296-84f8-4d0d-bd76-d51deebadc18@localhost,GrimTrigger,C,player_c0bba38e-8088-4ae5-b1da-4efa4ac72ec0@localhost,Adaptive,C,5,5,3265,3265
654,player_7c75a296-84f8-4d0d-bd76-d51deebadc18@localhost,GrimTrigger,C,player_c0bba38e-8088-4ae5-b1da-4efa4ac72ec0@localhost,Adaptive,C,5,5,3270,3270
655,player_7c75a296-84f8-4d0d-bd76-d51deebadc18@localhost,GrimTrigger,C,player_c0bba38e-8088-4ae5-b1da-4efa4ac72ec0@localhost,Adaptive,C,5,5,3275,3275
656,player_7c75a296-84f8-4d0d-bd76-d51deebadc18@localhost,GrimTrigger,C,player_c0bba38e-8088-4ae5-b1da-4efa4ac72ec0@localhost,Adaptive,C,5,5,3280,3280
657,player_7c75a296-84f8-4d0d-bd76-d51deebadc18@localhost,GrimTrigger,C,player_c0bba38e-8088-4ae5-b1da-4efa4ac72ec0@localhost,Adaptive,C,5,5,3285,3285
658,player_7c75a296-84f8-4d0d-bd76-d51deebadc18@localhost,GrimTrigger,C,player_c0bba38e-8088-4ae5-b1da-4efa4ac72ec0@localhost,Adaptive,C,5,5,3290,3290
659,player_7c75a296-84f8-4d0d-bd76-d51deebadc18@localhost,GrimTrigger,C,player_c0bba38e-8088-4ae5-b1da-4efa4ac72ec0@localhost,Adaptive,C,5,5,3295,3295
660,player_7c75a296-84f8-4d0d-bd76-d51deebadc18@localhost,GrimTrigger,C,player_c0bba38e-8088-4ae5-b1da-4efa4ac72ec0@localhost,Adaptive,C,5,5,3300,3300
661,player_7c75a296-84f8-4d0d-bd76-d51deebadc18@localhost,GrimTrigger,C,player_c0bba38e-8088-4ae5-b1da-4efa4ac72ec0@localhost,Adaptive,C,5,5,3305,3305
662,player_7c75a296-84f8-4d0d-bd76-d51deebadc18@localhost,GrimTrigger,C,player_c0bba38e-8088-4ae5-b1da-4efa4ac72ec0@localhost,Adaptive,C,5,5,3310,3310
663,player_7c75a296-84f8-4d0d-bd76-d51deebadc18@localhost,GrimTrigger,C,player_c0bba38e-8088-4ae5-b1da-4efa4ac72ec0@localhost,Adaptive,C,5,5,3315,3315
664,player_7c75a296-84f8-4d0d-bd76-d51deebadc18@localhost,GrimTrigger,C,player_c0bba38e-8088-4ae5-b1da-4efa4ac72ec0@localhost,Adaptive,C,5,5,3320,3320
665,player_7c75a296-84f8-4d0d-bd76-d51deebadc18@localhost,GrimTrigger,C,player_c0bba38e-8088-4ae5-b1da-4efa4ac72ec0@localhost,Adaptive,C,5,5,3325,3325
666,player_7c75a296-84f8-4d0d-bd76-d51deebadc18@localhost,GrimTrigger,C,player_c0bba38e-8088-4ae5-b1da-4efa4ac72ec0@localhost,Adaptive,C,5,5,3330,3330
667,player_7c75a296-84f8-4d0d-bd76-d51deebadc18@localhost,GrimTrigger,C,player_c0bba38e-8088-4ae5-b1da-4efa4ac72ec0@localhost,Adaptive,C,5,5,3335,3335
668,player_7c75a296-84f8-4d0d-bd76-d51deebadc18@localhost,GrimTrigger,C,player_c0bba38e-8088-4ae5-b1da-4efa4ac72ec0@localhost,Adaptive,C,5,5,3340,3340
669,player_7c75a296-84f8-4d0d-bd76-d51deebadc18@localhost,GrimTrigger,C,player_c0bba38e-8088-4ae5-b1da-4efa4ac72ec0@localhost,Adaptive,C,5,5,3345,3345
670,player_7c75a296-84f8-4d0d-bd76-d51deebadc18@localhost,GrimTrigger,C,player_c0bba38e-8088-4ae5-b1da-4efa4ac72ec0@localhost,Adaptive,C,5,5,3350,3350
671,player_7c75a296-84f8-4d0d-bd76-d51deebadc18@localhost,GrimTrigger,C,player_c0bba38e-8088-4ae5-b1da-4efa4ac72ec0@localhost,Adaptive,C,5,5,3355,3355
672,player_7c75a296-84f8-4d0d-bd76-d51deebadc18@localhost,GrimTrigger,C,player_c0bba38e-8088-4ae5-b1da-4efa4ac72ec0@localhost,Adaptive,C,5,5,3360,3360
673,player_7c75a296-84f8-4d0d-bd76-d51deebadc18@localhost,GrimTrigger,C,player_c0bba38e-8088-4ae5-b1da-4efa4ac72ec0@localhost,Adaptive,C,5,5,3365,3365
674,player_7c75a296-84f8-4d0d-bd76-d51deebadc18@localhost,GrimTrigger,C,player_c0bba38e-8088-4ae5-b1da-4efa4ac72ec0@localhost,Adaptive,C,5,5,3370,3370
675,player_7c75a296-84f8-4d0d-bd76-d51deebadc18@localhost,GrimTrigger,C,player_c0bba38e-8088-4ae5-b1da-4efa4ac72ec0@localhost,Adaptive,C,5,5,3375,3375
676,player_7c75a296-84f8-4d0d-bd76-d51deebadc18@localhost,GrimTrigger,C,player_c0bba38e-8088-4ae5-b1da-4efa4ac72ec0@localhost,Adaptive,C,5,5,3380,3380
677,player_7c75a296-84f8-4d0d-bd76-d51deebadc18@localhost,GrimTrigger,C,player_c0bba38e-8088-4ae5-b1da-4efa4ac72ec0@localhost,Adaptive,C,5,5,3385,3385
678,player_7c75a296-84f8-4d0d-bd76-d51deebadc18@localhost,GrimTrigger,C,player_c0bba38e-8088-4ae5-b1da-4efa4ac72ec0@localhost,Adaptive,C,5,5,3390,3390
679,player_7c75a296-84f8-4d0d-bd76-d51deebadc18@localhost,GrimTrigger,C,player_c0bba38e-8088-4ae5-b1da-4efa4ac72ec0@localhost,Adaptive,C,5,5,3395,3395
680,player_7c75a296-84f8-4d0d-bd76-d51deebadc18@localhost,GrimTrigger,C,player_c0bba38e-8088-4ae5-b1da-4efa4ac72ec0@localhost,Adaptive,C,5,5,3400,3400
681,player_7c75a296-84f8-4d0d-bd76-d51deebadc18@localhost,GrimTrigger,C,player_c0bba38e-8088-4ae5-b1da-4efa4ac72ec0@localhost,Adaptive,C,5,5,3405,3405
682,player_7c75a296-84f8-4d0d-bd76-d51deebadc18@localhost,GrimTrigger,C,player_c0bba38e-8088-4ae5-b1da-4efa4ac72ec0@localhost,Adaptive,C,5,5,3410,3410
683,player_7c75a296-84f8-4d0d-bd76-d51deebadc18@localhost,GrimTrigger,C,player_c0bba38e-8088-4ae5-b1da-4efa4ac72ec0@localhost,Adaptive,C,5,5,3415,3415
684,player_7c75a296-84f8-4d0d-bd76-d51deebadc18@localhost,GrimTrigger,C,player_c0bba38e-8088-4ae5-b1da-4efa4ac72ec0@localhost,Adaptive,C,5,5,3420,3420
685,player_7c75a296-84f8-4d0d-bd76-d51deebadc18@localhost,GrimTrigger,C,player_c0bba38e-8088-4ae5-b1da-4efa4ac72ec0@localhost,Adaptive,C,5,5,3425,3425
686,player_7c75a296-84f8-4d0d-bd76-d51deebadc18@localhost,GrimTrigger,C,player_c0bba38e-8088-4ae5-b1da-4efa4ac72ec0@localhost,Adaptive,C,5,5,3430,3430
687,player_7c75a296-84f8-4d0d-bd76-d51deebadc18@localhost,GrimTrigger,C,player_c0bba38e-8088-4ae5-b1da-4efa4ac72ec0@localhost,Adaptive,C,5,5,3435,3435
688,player_7c75a296-84f8-4d0d-bd76-d51deebadc18@localhost,GrimTrigger,C,player_c0bba38e-8088-4ae5-b1da-4efa4ac72ec0@localhost,Adaptive,C,5,5,3440,3440
689,player_7c75a296-84f8-4d0d-bd76-d51deebadc18@localhost,GrimTrigger,C,player_c0bba38e-8088-4ae5-b1da-4efa4ac72ec0@localhost,Adaptive,C,5,5,3445,3445
690,player_7c75a296-84f8-4d0d-bd76-d51deebadc18@localhost,GrimTrigger,C,player_c0bba38e-8088-4ae5-b1da-4efa4ac72ec0@localhost,Adaptive,C,5,5,3450,3450
691,player_7c75a296-84f8-4d0d-bd76-d51deebadc18@localhost,GrimTrigger,C,player_c0bba38e-8088-4ae5-b1da-4efa4ac72ec0@localhost,Adaptive,C,5,5,3455,3455
692,player_7c75a296-84f8-4d0d-bd76-d51deebadc18@localhost,GrimTrigger,C,player_c0bba38e-8088-4ae5-b1da-4efa4ac72ec0@localhost,Adaptive,C,5,5,3460,3460
693,player_7c75a296-84f8-4d0d-bd76-d51deebadc18@localhost,GrimTrigger,C,player_c0bba38e-8088-4ae5-b1da-4efa4ac72ec0@localhost,Adaptive,C,5,5,3465,3465
694,player_7c75a296-84f8-4d0d-bd76-d51deebadc18@localhost,GrimTrigger,C,player_c0bba38e-8088-4ae5-b1da-4efa4ac72ec0@localhost,Adaptive,C,5,5,3470,3470
695,player_7c75a296-84f8-4d0d-bd76-d51deebadc18@localhost,GrimTrigger,C,player_c0bba38e-8088-4ae5-b1da-4efa4ac72ec0@localhost,Adaptive,C,5,5,3475,3475
696,player_7c75a296-84f8-4d0d-bd76-d51deebadc18@localhost,GrimTrigger,C,player_c0bba38e-8088-4ae5-b1da-4efa4ac72ec0@localhost,Adaptive,C,5,5,3480,3480
697,player_7c75a296-84f8-4d0d-bd76-d51deebadc18@localhost,GrimTrigger,C,player_c0bba38e-8088-4ae5-b1da-4efa4ac72ec0@localhost,Adaptive,C,5,5,3485,3485
698,player_7c75a296-84f8-4d0d-bd76-d51deebadc18@localhost,GrimTrigger,C,player_c0bba38e-8088-4ae5-b1da-4efa4ac72ec0@localhost,Adaptive,C,5,5,3490,3490
699,player_7c75a296-84f8-4d0d-bd76-d51deebadc18@localhost,GrimTrigger,C,player_c0bba38e-8088-4ae5-b1da-4efa4ac72ec0@localhost,Adaptive,C,5,5,3495,3495
700,player_7c75a296-84f8-4d0d-bd76-d51deebadc18@localhost,GrimTrigger,C,player_c0bba38e-8088-4ae5-b1da-4efa4ac72ec0@localhost,Adaptive,C,5,5,3500,3500
701,player_7c75a296-84f8-4d0d-bd76-d51deebadc18@localhost,GrimTrigger,C,player_c0bba38e-8088-4ae5-b1da-4efa4ac72ec0@localhost,Adaptive,C,5,5,3505,3505
702,player_7c75a296-84f8-4d0d-bd76-d51deebadc18@localhost,GrimTrigger,C,player_c0bba38e-8088-4ae5-b1da-4efa4ac72ec0@localhost,Adaptive,C,5,5,3510,3510
703,player_7c75a296-84f8-4d0d-bd76-d51deebadc18@localhost,GrimTrigger,C,player_c0bba38e-8088-4ae5-b1da-4efa4ac72ec0@localhost,Adaptive,C,5,5,3515,3515
704,player_7c75a296-84f8-4d0d-bd76-d51deebadc18@localhost,GrimTrigger,C,player_c0bba38e-8088-4ae5-b1da-4efa4ac72ec0@localhost,Adaptive,C,5,5,3520,3520
705,player_7c75a296-84f8-4d0d-bd76-d51deebadc18@localhost,GrimTrigger,C,player_c0bba38e-8088-4ae5-b1da-4efa4ac72ec0@localhost,Adaptive,C,5,5,3525,3525
706,player_7c75a296-84f8-4d0d-bd76-d51deebadc18@localhost,GrimTrigger,C,player_c0bba38e-8088-4ae5-b1da-4efa4ac72ec0@localhost,Adaptive,C,5,5,3530,3530
707,player_7c75a296-84f8-4d0d-bd76-d51deebadc18@localhost,GrimTrigger,C,player_c0bba38e-8088-4ae5-b1da-4efa4ac72ec0@localhost,Adaptive,C,5,5,3535,3535
708,player_7c75a296-84f8-4d0d-bd76-d51deebadc18@localhost,GrimTrigger,C,player_c0bba38e-8088-4ae5-b1da-4efa4ac72ec0@localhost,Adaptive,C,5,5,3540,3540
709,player_7c75a296-84f8-4d0d-bd76-d51deebadc18@localhost,GrimTrigger,C,player_c0bba38e-8088-4ae5-b1da-4efa4ac72ec0@localhost,Adaptive,C,5,5,3545,3545
710,player_7c75a296-84f8-4d0d-bd76-d51deebadc18@localhost,GrimTrigger,C,player_c0bba38e-8088-4ae5-b1da-4efa4ac72ec0@localhost,Adaptive,C,5,5,3550,3550
711,player_7c75a296-84f8-4d0d-bd76-d51deebadc18@localhost,GrimTrigger,C,player_c0bba38e-8088-4ae5-b1da-4efa4ac72ec0@localhost,Adaptive,C,5,5,3555,3555
712,player_7c75a296-84f8-4d0d-bd76-d51deebadc18@localhost,GrimTrigger,C,player_c0bba38e-8088-4ae5-b1da-4efa4ac72ec0@localhost,Adaptive,C,5,5,3560,3560
713,player_7c75a296-84f8-4d0d-bd76-d51deebadc18@localhost,GrimTrigger,C,player_c0bba38e-8088-4ae5-b1da-4efa4ac72ec0@localhost,Adaptive,C,5,5,3565,3565
714,player_7c75a296-84f8-4d0d-bd76-d51deebadc18@localhost,GrimTrigger,C,player_c0bba38e-8088-4ae5-b1da-4efa4ac72ec0@localhost,Adaptive,C,5,5,3570,3570
715,player_7c75a296-84f8-4d0d-bd76-d51deebadc18@localhost,GrimTrigger,C,player_c0bba38e-8088-4ae5-b1da-4efa4ac72ec0@localhost,Adaptive,C,5,5,3575,3575
716,player_7c75a296-84f8-4d0d-bd76-d51deebadc18@localhost,GrimTrigger,C,player_c0bba38e-8088-4ae5-b1da-4efa4ac72ec0@localhost,Adaptive,C,5,5,3580,3580
717,player_7c75a296-84f8-4d0d-bd76-d51deebadc18@localhost,GrimTrigger,C,player_c0bba38e-8088-4ae5-b1da-4efa4ac72ec0@localhost,Adaptive,C,5,5,3585,3585
718,player_7c75a296-84f8-4d0d-bd76-d51deebadc18@localhost,GrimTrigger,C,player_c0bba38e-8088-4ae5-b1da-4efa4ac72ec0@localhost,Adaptive,C,5,5,3590,3590
719,player_7c75a296-84f8-4d0d-bd76-d51deebadc18@localhost,GrimTrigger,C,player_c0bba38e-8088-4ae5-b1da-4efa4ac72ec0@localhost,Adaptive,C,5,5,3595,3595
720,player_7c75a296-84f8-4d0d-bd76-d51deebadc18@localhost,GrimTrigger,C,player_c0bba38e-8088-4ae5-b1da-4efa4ac72ec0@localhost,Adaptive,C,5,5,3600,3600
721,player_7c75a296-84f8-4d0d-bd76-d51deebadc18@localhost,GrimTrigger,C,player_c0bba38e-8088-4ae5-b1da-4efa4ac72ec0@localhost,Adaptive,C,5,5,3605,3605
722,player_7c75a296-84f8-4d0d-bd76-d51deebadc18@localhost,GrimTrigger,C,player_c0bba38e-8088-4ae5-b1da-4efa4ac72ec0@localhost,Adaptive,C,5,5,3610,3610
723,player_7c75a296-84f8-4d0d-bd76-d51deebadc18@localhost,GrimTrigger,C,player_c0bba38e-8088-4ae5-b1da-4efa4ac72ec0@localhost,Adaptive,C,5,5,3615,3615
724,player_7c75a296-84f8-4d0d-bd76-d51deebadc18@localhost,GrimTrigger,C,player_c0bba38e-8088-4ae5-b1da-4efa4ac72ec0@localhost,Adaptive,C,5,5,3620,3620
725,player_7c75a296-84f8-4d0d-bd76-d51deebadc18@localhost,GrimTrigger,C,player_c0bba38e-8088-4ae5-b1da-4efa4ac72ec0@localhost,Adaptive,C,5,5,3625,3625
726,player_7c75a296-84f8-4d0d-bd76-d51deebadc18@localhost,GrimTrigger,C,player_c0bba38e-8088-4ae5-b1da-4efa4ac72ec0@localhost,Adaptive,C,5,5,3630,3630
727,player_7c75a296-84f8-4d0d-bd76-d51deebadc18@localhost,GrimTrigger,C,player_c0bba38e-8088-4ae5-b1da-4efa4ac72ec0@localhost,Adaptive,C,5,5,3635,3635
728,player_7c75a296-84f8-4d0d-bd76-d51deebadc18@localhost,GrimTrigger,C,player_c0bba38e-8088-4ae5-b1da-4efa4ac72ec0@localhost,Adaptive,C,5,5,3640,3640
729,player_7c75a296-84f8-4d0d-bd76-d51deebadc18@localhost,GrimTrigger,C,player_c0bba38e-8088-4ae5-b1da-4efa4ac72ec0@localhost,Adaptive,C,5,5,3645,3645
730,player_7c75a296-84f8-4d0d-bd76-d51deebadc18@localhost,GrimTrigger,C,player_c0bba38e-8088-4ae5-b1da-4efa4ac72ec0@localhost,Adaptive,C,5,5,3650,3650
731,player_7c75a296-84f8-4d0d-bd76-d51deebadc18@localhost,GrimTrigger,C,player_c0bba38e-8088-4ae5-b1da-4efa4ac72ec0@localhost,Adaptive,C,5,5,3655,3655
732,player_7c75a296-84f8-4d0d-bd76-d51deebadc18@localhost,GrimTrigger,C,player_c0bba38e-8088-4ae5-b1da-4efa4ac72ec0@localhost,Adaptive,C,5,5,3660,3660
733,player_7c75a296-84f8-4d0d-bd76-d51deebadc18@localhost,GrimTrigger,C,player_c0bba38e-8088-4ae5-b1da-4efa4ac72ec0@localhost,Adaptive,C,5,5,3665,3665
734,player_7c75a296-84f8-4d0d-bd76-d51deebadc18@localhost,GrimTrigger,C,player_c0bba38e-8088-4ae5-b1da-4efa4ac72ec0@localhost,Adaptive,C,5,5,3670,3670
735,player_7c75a296-84f8-4d0d-bd76-d51deebadc18@localhost,GrimTrigger,C,player_c0bba38e-8088-4ae5-b1da-4efa4ac72ec0@localhost,Adaptive,C,5,5,3675,3675
736,player_7c75a296-84f8-4d0d-bd76-d51deebadc18@localhost,GrimTrigger,C,player_c0bba38e-8088-4ae5-b1da-4efa4ac72ec0@localhost,Adaptive,C,5,5,3680,3680
737,player_7c75a296-84f8-4d0d-bd76-d51deebadc18@localhost,GrimTrigger,C,player_c0bba38e-8088-4ae5-b1da-4efa4ac72ec0@localhost,Adaptive,C,5,5,3685,3685
738,player_7c75a296-84f8-4d0d-bd76-d51deebadc18@localhost,GrimTrigger,C,player_c0bba38e-8088-4ae5-b1da-4efa4ac72ec0@localhost,Adaptive,C,5,5,3690,3690
739,player_7c75a296-84f8-4d0d-bd76-d51deebadc18@localhost,GrimTrigger,C,player_c0bba38e-8088-4ae5-b1da-4efa4ac72ec0@localhost,Adaptive,C,5,5,3695,3695
740,player_7c75a296-84f8-4d0d-bd76-d51deebadc18@localhost,GrimTrigger,C,player_c0bba38e-8088-4ae5-b1da-4efa4ac72ec0@localhost,Adaptive,C,5,5,3700,3700
741,player_7c75a296-84f8-4d0d-bd76-d51deebadc18@localhost,GrimTrigger,C,player_c0bba38e-8088-4ae5-b1da-4efa4ac72ec0@localhost,Adaptive,C,5,5,3705,3705
742,player_7c75a296-84f8-4d0d-bd76-d51deebadc18@localhost,GrimTrigger,C,player_c0bba38e-8088-4ae5-b1da-4efa4ac72ec0@localhost,Adaptive,C,5,5,3710,3710
743,player_7c75a296-84f8-4d0d-bd76-d51deebadc18@localhost,GrimTrigger,C,player_c0bba38e-8088-4ae5-b1da-4efa4ac72ec0@localhost,Adaptive,C,5,5,3715,3715
744,player_7c75a296-84f8-4d0d-bd76-d51deebadc18@localhost,GrimTrigger,C,player_c0bba38e-8088-4ae5-b1da-4efa4ac72ec0@localhost,Adaptive,C,5,5,3720,3720
745,player_7c75a296-84f8-4d0d-bd76-d51deebadc18@localhost,GrimTrigger,C,player_c0bba38e-8088-4ae5-b1da-4efa4ac72ec0@localhost,Adaptive,C,5,5,3725,3725
746,player_7c75a296-84f8-4d0d-bd76-d51deebadc18@localhost,GrimTrigger,C,player_c0bba38e-8088-4ae5-b1da-4efa4ac72ec0@localhost,Adaptive,C,5,5,3730,3730
747,player_7c75a296-84f8-4d0d-bd76-d51deebadc18@localhost,GrimTrigger,C,player_c0bba38e-8088-4ae5-b1da-4efa4ac72ec0@localhost,Adaptive,C,5,5,3735,3735
748,player_7c75a296-84f8-4d0d-bd76-d51deebadc18@localhost,GrimTrigger,C,player_c0bba38e-8088-4ae5-b1da-4efa4ac72ec0@localhost,Adaptive,C,5,5,3740,3740
749,player_7c75a296-84f8-4d0d-bd76-d51deebadc18@localhost,GrimTrigger,C,player_c0bba38e-8088-4ae5-b1da-4efa4ac72ec0@localhost,Adaptive,C,5,5,3745,3745
750,player_7c75a296-84f8-4d0d-bd76-d51deebadc18@localhost,GrimTrigger,C,player_c0bba38e-8088-4ae5-b1da-4efa4ac72ec0@localhost,Adaptive,C,5,5,3750,3750
751,player_7c75a296-84f8-4d0d-bd76-d51deebadc18@localhost,GrimTrigger,C,player_c0bba38e-8088-4ae5-b1da-4efa4ac72ec0@localhost,Adaptive,C,5,5,3755,3755
752,player_7c75a296-84f8-4d0d-bd76-d51deebadc18@localhost,GrimTrigger,C,player_c0bba38e-8088-4ae5-b1da-4efa4ac72ec0@localhost,Adaptive,C,5,5,3760,3760
753,player_7c75a296-84f8-4d0d-bd76-d51deebadc18@localhost,GrimTrigger,C,player_c0bba38e-8088-4ae5-b1da-4efa4ac72ec0@localhost,Adaptive,C,5,5,3765,3765
754,player_7c75a296-84f8-4d0d-bd76-d51deebadc18@localhost,GrimTrigger,C,player_c0bba38e-8088-4ae5-b1da-4efa4ac72ec0@localhost,Adaptive,C,5,5,3770,3770
755,player_7c75a296-84f8-4d0d-bd76-d51deebadc18@localhost,GrimTrigger,C,player_c0bba38e-8088-4ae5-b1da-4efa4ac72ec0@localhost,Adaptive,C,5,5,3775,3775
756,player_7c75a296-84f8-4d0d-bd76-d51deebadc18@localhost,GrimTrigger,C,player_c0bba38e-8088-4ae5-b1da-4efa4ac72ec0@localhost,Adaptive,C,5,5,3780,3780
757,player_7c75a296-84f8-4d0d-bd76-d51deebadc18@localhost,GrimTrigger,C,player_c0bba38e-8088-4ae5-b1da-4efa4ac72ec0@localhost,Adaptive,C,5,5,3785,3785
758,player_7c75a296-84f8-4d0d-bd76-d51deebadc18@localhost,GrimTrigger,C,player_c0bba38e-8088-4ae5-b1da-4efa4ac72ec0@localhost,Adaptive,C,5,5,3790,3790
759,player_7c75a296-84f8-4d0d-bd76-d51deebadc18@localhost,GrimTrigger,C,player_c0bba38e-8088-4ae5-b1da-4efa4ac72ec0@localhost,Adaptive,C,5,5,3795,3795
760,player_7c75a296-84f8-4d0d-bd76-d51deebadc18@localhost,GrimTrigger,C,player_c0bba38e-8088-4ae5-b1da-4efa4ac72ec0@localhost,Adaptive,C,5,5,3800,3800
761,player_7c75a296-84f8-4d0d-bd76-d51deebadc18@localhost,GrimTrigger,C,player_c0bba38e-8088-4ae5-b1da-4efa4ac72ec0@localhost,Adaptive,C,5,5,3805,3805
762,player_7c75a296-84f8-4d0d-bd76-d51deebadc18@localhost,GrimTrigger,C,player_c0bba38e-8088-4ae5-b1da-4efa4ac72ec0@localhost,Adaptive,C,5,5,3810,3810
763,player_7c75a296-84f8-4d0d-bd76-d51deebadc18@localhost,GrimTrigger,C,player_c0bba38e-8088-4ae5-b1da-4efa4ac72ec0@localhost,Adaptive,C,5,5,3815,3815
764,player_7c75a296-84f8-4d0d-bd76-d51deebadc18@localhost,GrimTrigger,C,player_c0bba38e-8088-4ae5-b1da-4efa4ac72ec0@localhost,Adaptive,C,5,5,3820,3820
765,player_7c75a296-84f8-4d0d-bd76-d51deebadc18@localhost,GrimTrigger,C,player_c0bba38e-8088-4ae5-b1da-4efa4ac72ec0@localhost,Adaptive,C,5,5,3825,3825
766,player_7c75a296-84f8-4d0d-bd76-d51deebadc18@localhost,GrimTrigger,C,player_c0bba38e-8088-4ae5-b1da-4efa4ac72ec0@localhost,Adaptive,C,5,5,3830,3830
767,player_7c75a296-84f8-4d0d-bd76-d51deebadc18@localhost,GrimTrigger,C,player_c0bba38e-8088-4ae5-b1da-4efa4ac72ec0@localhost,Adaptive,C,5,5,3835,3835
768,player_7c75a296-84f8-4d0d-bd76-d51deebadc18@localhost,GrimTrigger,C,player_c0bba38e-8088-4ae5-b1da-4efa4ac72ec0@localhost,Adaptive,C,5,5,3840,3840
769,player_7c75a296-84f8-4d0d-bd76-d51deebadc18@localhost,GrimTrigger,C,player_c0bba38e-8088-4ae5-b1da-4efa4ac72ec0@localhost,Adaptive,C,5,5,3845,3845
770,player_7c75a296-84f8-4d0d-bd76-d51deebadc18@localhost,GrimTrigger,C,player_c0bba38e-8088-4ae5-b1da-4efa4ac72ec0@localhost,Adaptive,C,5,5,3850,3850
771,player_7c75a296-84f8-4d0d-bd76-d51deebadc18@localhost,GrimTrigger,C,player_c0bba38e-8088-4ae5-b1da-4efa4ac72ec0@localhost,Adaptive,C,5,5,3855,3855
772,player_7c75a296-84f8-4d0d-bd76-d51deebadc18@localhost,GrimTrigger,C,player_c0bba38e-8088-4ae5-b1da-4efa4ac72ec0@localhost,Adaptive,C,5,5,3860,3860
773,player_7c75a296-84f8-4d0d-bd76-d51deebadc18@localhost,GrimTrigger,C,player_c0bba38e-8088-4ae5-b1da-4efa4ac72ec0@localhost,Adaptive,C,5,5,3865,3865
774,player_7c75a296-84f8-4d0d-bd76-d51deebadc18@localhost,GrimTrigger,C,player_c0bba38e-8088-4ae5-b1da-4efa4ac72ec0@localhost,Adaptive,C,5,5,3870,3870
775,player_7c75a296-84f8-4d0d-bd76-d51deebadc18@localhost,GrimTrigger,C,player_c0bba38e-8088-4ae5-b1da-4efa4ac72ec0@localhost,Adaptive,C,5,5,3875,3875
776,player_7c75a296-84f8-4d0d-bd76-d51deebadc18@localhost,GrimTrigger,C,player_c0bba38e-8088-4ae5-b1da-4efa4ac72ec0@localhost,Adaptive,C,5,5,3880,3880
777,player_7c75a296-84f8-4d0d-bd76-d51deebadc18@localhost,GrimTrigger,C,player_c0bba38e-8088-4ae5-b1da-4efa4ac72ec0@localhost,Adaptive,C,5,5,3885,3885
778,player_7c75a296-84f8-4d0d-bd76-d51deebadc18@localhost,GrimTrigger,C,player_c0bba38e-8088-4ae5-b1da-4efa4ac72ec0@localhost,Adaptive,C,5,5,3890,3890
779,player_7c75a296-84f8-4d0d-bd76-d51deebadc18@localhost,GrimTrigger,C,player_c0bba38e-8088-4ae5-b1da-4efa4ac72ec0@localhost,Adaptive,C,5,5,3895,3895
780,player_7c75a296-84f8-4d0d-bd76-d51deebadc18@localhost,GrimTrigger,C,player_c0bba38e-8088-4ae5-b1da-4efa4ac72ec0@localhost,Adaptive,C,5,5,3900,3900
781,player_7c75a296-84f8-4d0d-bd76-d51deebadc18@localhost,GrimTrigger,C,player_c0bba38e-8088-4ae5-b1da-4efa4ac72ec0@localhost,Adaptive,C,5,5,3905,3905
782,player_7c75a296-84f8-4d0d-bd76-d51deebadc18@localhost,GrimTrigger,C,player_c0bba38e-8088-4ae5-b1da-4efa4ac72ec0@localhost,Adaptive,C,5,5,3910,3910
783,player_7c75a296-84f8-4d0d-bd76-d51deebadc18@localhost,GrimTrigger,C,player_c0bba38e-8088-4ae5-b1da-4efa4ac72ec0@localhost,Adaptive,C,5,5,3915,3915
784,player_7c75a296-84f8-4d0d-bd76-d51deebadc18@localhost,GrimTrigger,C,player_c0bba38e-8088-4ae5-b1da-4efa4ac72ec0@localhost,Adaptive,C,5,5,3920,3920
785,player_7c75a296-84f8-4d0d-bd76-d51deebadc18@localhost,GrimTrigger,C,player_c0bba38e-8088-4ae5-b1da-4efa4ac72ec0@localhost,Adaptive,C,5,5,3925,3925
786,player_7c75a296-84f8-4d0d-bd76-d51deebadc18@localhost,GrimTrigger,C,player_c0bba38e-8088-4ae5-b1da-4efa4ac72ec0@localhost,Adaptive,C,5,5,3930,3930
787,player_7c75a296-84f8-4d0d-bd76-d51deebadc18@localhost,GrimTrigger,C,player_c0bba38e-8088-4ae5-b1da-4efa4ac72ec0@localhost,Adaptive,C,5,5,3935,3935
788,player_7c75a296-84f8-4d0d-bd76-d51deebadc18@localhost,GrimTrigger,C,player_c0bba38e-8088-4ae5-b1da-4efa4ac72ec0@localhost,Adaptive,C,5,5,3940,3940
789,player_7c75a296-84f8-4d0d-bd76-d51deebadc18@localhost,GrimTrigger,C,player_c0bba38e-8088-4ae5-b1da-4efa4ac72ec0@localhost,Adaptive,C,5,5,3945,3945
790,player_7c75a296-84f8-4d0d-bd76-d51deebadc18@localhost,GrimTrigger,C,player_c0bba38e-8088-4ae5-b1da-4efa4ac72ec0@localhost,Adaptive,C,5,5,3950,3950
791,player_7c75a296-84f8-4d0d-bd76-d51deebadc18@localhost,GrimTrigger,C,player_c0bba38e-8088-4ae5-b1da-4efa4ac72ec0@localhost,Adaptive,C,5,5,3955,3955
792,player_7c75a296-84f8-4d0d-bd76-d51deebadc18@localhost,GrimTrigger,C,player_c0bba38e-8088-4ae5-b1da-4efa4ac72ec0@localhost,Adaptive,C,5,5,3960,3960
793,player_7c75a296-84f8-4d0d-bd76-d51deebadc18@localhost,GrimTrigger,C,player_c0bba38e-8088-4ae5-b1da-4efa4ac72ec0@localhost,Adaptive,C,5,5,3965,3965
794,player_7c75a296-84f8-4d0d-bd76-d51deebadc18@localhost,GrimTrigger,C,player_c0bba38e-8088-4ae5-b1da-4efa4ac72ec0@localhost,Adaptive,C,5,5,3970,3970
795,player_7c75a296-84f8-4d0d-bd76-d51deebadc18@localhost,GrimTrigger,C,player_c0bba38e-8088-4ae5-b1da-4efa4ac72ec0@localhost,Adaptive,C,5,5,3975,3975
796,player_7c75a296-84f8-4d0d-bd76-d51deebadc18@localhost,GrimTrigger,C,player_c0bba38e-8088-4ae5-b1da-4efa4ac72ec0@localhost,Adaptive,C,5,5,3980,3980
797,player_7c75a296-84f8-4d0d-bd76-d51deebadc18@localhost,GrimTrigger,C,player_c0bba38e-8088-4ae5-b1da-4efa4ac72ec0@localhost,Adaptive,C,5,5,3985,3985
798,player_7c75a296-84f8-4d0d-bd76-d51deebadc18@localhost,GrimTrigger,C,player_c0bba38e-8088-4ae5-b1da-4efa4ac72ec0@localhost,Adaptive,C,5,5,3990,3990
799,player_7c75a296-84f8-4d0d-bd76-d51deebadc18@localhost,GrimTrigger,C,player_c0bba38e-8088-4ae5-b1da-4efa4ac72ec0@localhost,Adaptive,C,5,5,3995,3995
800,player_7c75a296-84f8-4d0d-bd76-d51deebadc18@localhost,GrimTrigger,C,player_c0bba38e-8088-4ae5-b1da-4efa4ac72ec0@localhost,Adaptive,C,5,5,4000,4000
801,player_7c75a296-84f8-4d0d-bd76-d51deebadc18@localhost,GrimTrigger,C,player_c0bba38e-8088-4ae5-b1da-4efa4ac72ec0@localhost,Adaptive,C,5,5,4005,4005
802,player_7c75a296-84f8-4d0d-bd76-d51deebadc18@localhost,GrimTrigger,C,player_c0bba38e-8088-4ae5-b1da-4efa4ac72ec0@localhost,Adaptive,C,5,5,4010,4010
803,player_7c75a296-84f8-4d0d-bd76-d51deebadc18@localhost,GrimTrigger,C,player_c0bba38e-8088-4ae5-b1da-4efa4ac72ec0@localhost,Adaptive,C,5,5,4015,4015
804,player_7c75a296-84f8-4d0d-bd76-d51deebadc18@localhost,GrimTrigger,C,player_c0bba38e-8088-4ae5-b1da-4efa4ac72ec0@localhost,Adaptive,C,5,5,4020,4020
805,player_7c75a296-84f8-4d0d-bd76-d51deebadc18@localhost,GrimTrigger,C,player_c0bba38e-8088-4ae5-b1da-4efa4ac72ec0@localhost,Adaptive,C,5,5,4025,4025
806,player_7c75a296-84f8-4d0d-bd76-d51deebadc18@localhost,GrimTrigger,C,player_c0bba38e-8088-4ae5-b1da-4efa4ac72ec0@localhost,Adaptive,C,5,5,4030,4030
807,player_7c75a296-84f8-4d0d-bd76-d51deebadc18@localhost,GrimTrigger,C,player_c0bba38e-8088-4ae5-b1da-4efa4ac72ec0@localhost,Adaptive,C,5,5,4035,4035
808,player_7c75a296-84f8-4d0d-bd76-d51deebadc18@localhost,GrimTrigger,C,player_c0bba38e-8088-4ae5-b1da-4efa4ac72ec0@localhost,Adaptive,C,5,5,4040,4040
809,player_7c75a296-84f8-4d0d-bd76-d51deebadc18@localhost,GrimTrigger,C,player_c0bba38e-8088-4ae5-b1da-4efa4ac72ec0@localhost,Adaptive,C,5,5,4045,4045
810,player_7c75a296-84f8-4d0d-bd76-d51deebadc18@localhost,GrimTrigger,C,player_c0bba38e-8088-4ae5-b1da-4efa4ac72ec0@localhost,Adaptive,C,5,5,4050,4050
811,player_7c75a296-84f8-4d0d-bd76-d51deebadc18@localhost,GrimTrigger,C,player_c0bba38e-8088-4ae5-b1da-4efa4ac72ec0@localhost,Adaptive,C,5,5,4055,4055
812,player_7c75a296-84f8-4d0d-bd76-d51deebadc18@localhost,GrimTrigger,C,player_c0bba38e-8088-4ae5-b1da-4efa4ac72ec0@localhost,Adaptive,C,5,5,4060,4060
813,player_7c75a296-84f8-4d0d-bd76-d51deebadc18@localhost,GrimTrigger,C,player_c0bba38e-8088-4ae5-b1da-4efa4ac72ec0@localhost,Adaptive,C,5,5,4065,4065
814,player_7c75a296-84f8-4d0d-bd76-d51deebadc18@localhost,GrimTrigger,C,player_c0bba38e-8088-4ae5-b1da-4efa4ac72ec0@localhost,Adaptive,C,5,5,4070,4070
815,player_7c75a296-84f8-4d0d-bd76-d51deebadc18@localhost,GrimTrigger,C,player_c0bba38e-8088-4ae5-b1da-4efa4ac72ec0@localhost,Adaptive,C,5,5,4075,4075
816,player_7c75a296-84f8-4d0d-bd76-d51deebadc18@localhost,GrimTrigger,C,player_c0bba38e-8088-4ae5-b1da-4efa4ac72ec0@localhost,Adaptive,C,5,5,4080,4080
817,player_7c75a296-84f8-4d0d-bd76-d51deebadc18@localhost,GrimTrigger,C,player_c0bba38e-8088-4ae5-b1da-4efa4ac72ec0@localhost,Adaptive,C,5,5,4085,4085
818,player_7c75a296-84f8-4d0d-bd76-d51deebadc18@localhost,GrimTrigger,C,player_c0bba38e-8088-4ae5-b1da-4efa4ac72ec0@localhost,Adaptive,C,5,5,4090,4090
819,player_7c75a296-84f8-4d0d-bd76-d51deebadc18@localhost,GrimTrigger,C,player_c0bba38e-8088-4ae5-b1da-4efa4ac72ec0@localhost,Adaptive,C,5,5,4095,4095
820,player_7c75a296-84f8-4d0d-bd76-d51deebadc18@localhost,GrimTrigger,C,player_c0bba38e-8088-4ae5-b1da-4efa4ac72ec0@localhost,Adaptive,C,5,5,4100,4100
821,player_7c75a296-84f8-4d0d-bd76-d51deebadc18@localhost,GrimTrigger,C,player_c0bba38e-8088-4ae5-b1da-4efa4ac72ec0@localhost,Adaptive,C,5,5,4105,4105
822,player_7c75a296-84f8-4d0d-bd76-d51deebadc18@localhost,GrimTrigger,C,player_c0bba38e-8088-4ae5-b1da-4efa4ac72ec0@localhost,Adaptive,C,5,5,4110,4110
823,player_7c75a296-84f8-4d0d-bd76-d51deebadc18@localhost,GrimTrigger,C,player_c0bba38e-8088-4ae5-b1da-4efa4ac72ec0@localhost,Adaptive,C,5,5,4115,4115
824,player_7c75a296-84f8-4d0d-bd76-d51deebadc18@localhost,GrimTrigger,C,player_c0bba38e-8088-4ae5-b1da-4efa4ac72ec0@localhost,Adaptive,C,5,5,4120,4120
825,player_7c75a296-84f8-4d0d-bd76-d51deebadc18@localhost,GrimTrigger,C,player_c0bba38e-8088-4ae5-b1da-4efa4ac72ec0@localhost,Adaptive,C,5,5,4125,4125
826,player_7c75a296-84f8-4d0d-bd76-d51deebadc18@localhost,GrimTrigger,C,player_c0bba38e-8088-4ae5-b1da-4efa4ac72ec0@localhost,Adaptive,C,5,5,4130,4130
827,player_7c75a296-84f8-4d0d-bd76-d51deebadc18@localhost,GrimTrigger,C,player_c0bba38e-8088-4ae5-b1da-4efa4ac72ec0@localhost,Adaptive,C,5,5,4135,4135
828,player_7c75a296-84f8-4d0d-bd76-d51deebadc18@localhost,GrimTrigger,C,player_c0bba38e-8088-4ae5-b1da-4efa4ac72ec0@localhost,Adaptive,C,5,5,4140,4140
829,player_7c75a296-84f8-4d0d-bd76-d51deebadc18@localhost,GrimTrigger,C,player_c0bba38e-8088-4ae5-b1da-4efa4ac72ec0@localhost,Adaptive,C,5,5,4145,4145
830,player_7c75a296-84f8-4d0d-bd76-d51deebadc18@localhost,GrimTrigger,C,player_c0bba38e-8088-4ae5-b1da-4efa4ac72ec0@localhost,Adaptive,C,5,5,4150,4150
831,player_7c75a296-84f8-4d0d-bd76-d51deebadc18@localhost,GrimTrigger,C,player_c0bba38e-8088-4ae5-b1da-4efa4ac72ec0@localhost,Adaptive,C,5,5,4155,4155
832,player_7c75a296-84f8-4d0d-bd76-d51deebadc18@localhost,GrimTrigger,C,player_c0bba38e-8088-4ae5-b1da-4efa4ac72ec0@localhost,Adaptive,C,5,5,4160,4160
833,player_7c75a296-84f8-4d0d-bd76-d51deebadc18@localhost,GrimTrigger,C,player_c0bba38e-8088-4ae5-b1da-4efa4ac72ec0@localhost,Adaptive,C,5,5,4165,4165
834,player_7c75a296-84f8-4d0d-bd76-d51deebadc18@localhost,GrimTrigger,C,player_c0bba38e-8088-4ae5-b1da-4efa4ac72ec0@localhost,Adaptive,C,5,5,4170,4170
835,player_7c75a296-84f8-4d0d-bd76-d51deebadc18@localhost,GrimTrigger,C,player_c0bba38e-8088-4ae5-b1da-4efa4ac72ec0@localhost,Adaptive,C,5,5,4175,4175
836,player_7c75a296-84f8-4d0d-bd76-d51deebadc18@localhost,GrimTrigger,C,player_c0bba38e-8088-4ae5-b1da-4efa4ac72ec0@localhost,Adaptive,C,5,5,4180,4180
837,player_7c75a296-84f8-4d0d-bd76-d51deebadc18@localhost,GrimTrigger,C,player_c0bba38e-8088-4ae5-b1da-4efa4ac72ec0@localhost,Adaptive,C,5,5,4185,4185
838,player_7c75a296-84f8-4d0d-bd76-d51deebadc18@localhost,GrimTrigger,C,player_c0bba38e-8088-4ae5-b1da-4efa4ac72ec0@localhost,Adaptive,C,5,5,4190,4190
839,player_7c75a296-84f8-4d0d-bd76-d51deebadc18@localhost,GrimTrigger,C,player_c0bba38e-8088-4ae5-b1da-4efa4ac72ec0@localhost,Adaptive,C,5,5,4195,4195
840,player_7c75a296-84f8-4d0d-bd76-d51deebadc18@localhost,GrimTrigger,C,player_c0bba38e-8088-4ae5-b1da-4efa4ac72ec0@localhost,Adaptive,C,5,5,4200,4200
841,player_7c75a296-84f8-4d0d-bd76-d51deebadc18@localhost,GrimTrigger,C,player_c0bba38e-8088-4ae5-b1da-4efa4ac72ec0@localhost,Adaptive,C,5,5,4205,4205
842,player_7c75a296-84f8-4d0d-bd76-d51deebadc18@localhost,GrimTrigger,C,player_c0bba38e-8088-4ae5-b1da-4efa4ac72ec0@localhost,Adaptive,C,5,5,4210,4210
843,player_7c75a296-84f8-4d0d-bd76-d51deebadc18@localhost,GrimTrigger,C,player_c0bba38e-8088-4ae5-b1da-4efa4ac72ec0@localhost,Adaptive,C,5,5,4215,4215
844,player_7c75a296-84f8-4d0d-bd76-d51deebadc18@localhost,GrimTrigger,C,player_c0bba38e-8088-4ae5-b1da-4efa4ac72ec0@localhost,Adaptive,C,5,5,4220,4220
845,player_7c75a296-84f8-4d0d-bd76-d51deebadc18@localhost,GrimTrigger,C,player_c0bba38e-8088-4ae5-b1da-4efa4ac72ec0@localhost,Adaptive,C,5,5,4225,4225
846,player_7c75a296-84f8-4d0d-bd76-d51deebadc18@localhost,GrimTrigger,C,player_c0bba38e-8088-4ae5-b1da-4efa4ac72ec0@localhost,Adaptive,C,5,5,4230,4230
847,player_7c75a296-84f8-4d0d-bd76-d51deebadc18@localhost,GrimTrigger,C,player_c0bba38e-8088-4ae5-b1da-4efa4ac72ec0@localhost,Adaptive,C,5,5,4235,4235
848,player_7c75a296-84f8-4d0d-bd76-d51deebadc18@localhost,GrimTrigger,C,player_c0bba38e-8088-4ae5-b1da-4efa4ac72ec0@localhost,Adaptive,C,5,5,4240,4240
849,player_7c75a296-84f8-4d0d-bd76-d51deebadc18@localhost,GrimTrigger,C,player_c0bba38e-8088-4ae5-b1da-4efa4ac72ec0@localhost,Adaptive,C,5,5,4245,4245
850,player_7c75a296-84f8-4d0d-bd76-d51deebadc18@localhost,GrimTrigger,C,player_c0bba38e-8088-4ae5-b1da-4efa4ac72ec0@localhost,Adaptive,C,5,5,4250,4250
851,player_7c75a296-84f8-4d0d-bd76-d51deebadc18@localhost,GrimTrigger,C,player_c0bba38e-8088-4ae5-b1da-4efa4ac72ec0@localhost,Adaptive,C,5,5,4255,4255
852,player_7c75a296-84f8-4d0d-bd76-d51deebadc18@localhost,GrimTrigger,C,player_c0bba38e-8088-4ae5-b1da-4efa4ac72ec0@localhost,Adaptive,C,5,5,4260,4260
853,player_7c75a296-84f8-4d0d-bd76-d51deebadc18@localhost,GrimTrigger,C,player_c0bba38e-8088-4ae5-b1da-4efa4ac72ec0@localhost,Adaptive,C,5,5,4265,4265
854,player_7c75a296-84f8-4d0d-bd76-d51deebadc18@localhost,GrimTrigger,C,player_c0bba38e-8088-4ae5-b1da-4efa4ac72ec0@localhost,Adaptive,C,5,5,4270,4270
855,player_7c75a296-84f8-4d0d-bd76-d51deebadc18@localhost,GrimTrigger,C,player_c0bba38e-8088-4ae5-b1da-4efa4ac72ec0@localhost,Adaptive,C,5,5,4275,4275
856,player_7c75a296-84f8-4d0d-bd76-d51deebadc18@localhost,GrimTrigger,C,player_c0bba38e-8088-4ae5-b1da-4efa4ac72ec0@localhost,Adaptive,C,5,5,4280,4280
857,player_7c75a296-84f8-4d0d-bd76-d51deebadc18@localhost,GrimTrigger,C,player_c0bba38e-8088-4ae5-b1da-4efa4ac72ec0@localhost,Adaptive,C,5,5,4285,4285
858,player_7c75a296-84f8-4d0d-bd76-d51deebadc18@localhost,GrimTrigger,C,player_c0bba38e-8088-4ae5-b1da-4efa4ac72ec0@localhost,Adaptive,C,5,5,4290,4290
859,player_7c75a296-84f8-4d0d-bd76-d51deebadc18@localhost,GrimTrigger,C,player_c0bba38e-8088-4ae5-b1da-4efa4ac72ec0@localhost,Adaptive,C,5,5,4295,4295
860,player_7c75a296-84f8-4d0d-bd76-d51deebadc18@localhost,GrimTrigger,C,player_c0bba38e-8088-4ae5-b1da-4efa4ac72ec0@localhost,Adaptive,C,5,5,4300,4300
861,player_7c75a296-84f8-4d0d-bd76-d51deebadc18@localhost,GrimTrigger,C,player_c0bba38e-8088-4ae5-b1da-4efa4ac72ec0@localhost,Adaptive,C,5,5,4305,4305
862,player_7c75a296-84f8-4d0d-bd76-d51deebadc18@localhost,GrimTrigger,C,player_c0bba38e-8088-4ae5-b1da-4efa4ac72ec0@localhost,Adaptive,C,5,5,4310,4310
863,player_7c75a296-84f8-4d0d-bd76-d51deebadc18@localhost,GrimTrigger,C,player_c0bba38e-8088-4ae5-b1da-4efa4ac72ec0@localhost,Adaptive,C,5,5,4315,4315
864,player_7c75a296-84f8-4d0d-bd76-d51deebadc18@localhost,GrimTrigger,C,player_c0bba38e-8088-4ae5-b1da-4efa4ac72ec0@localhost,Adaptive,C,5,5,4320,4320
865,player_7c75a296-84f8-4d0d-bd76-d51deebadc18@localhost,GrimTrigger,C,player_c0bba38e-8088-4ae5-b1da-4efa4ac72ec0@localhost,Adaptive,C,5,5,4325,4325
866,player_7c75a296-84f8-4d0d-bd76-d51deebadc18@localhost,GrimTrigger,C,player_c0bba38e-8088-4ae5-b1da-4efa4ac72ec0@localhost,Adaptive,C,5,5,4330,4330
867,player_7c75a296-84f8-4d0d-bd76-d51deebadc18@localhost,GrimTrigger,C,player_c0bba38e-8088-4ae5-b1da-4efa4ac72ec0@localhost,Adaptive,C,5,5,4335,4335
868,player_7c75a296-84f8-4d0d-bd76-d51deebadc18@localhost,GrimTrigger,C,player_c0bba38e-8088-4ae5-b1da-4efa4ac72ec0@localhost,Adaptive,C,5,5,4340,4340
869,player_7c75a296-84f8-4d0d-bd76-d51deebadc18@localhost,GrimTrigger,C,player_c0bba38e-8088-4ae5-b1da-4efa4ac72ec0@localhost,Adaptive,C,5,5,4345,4345
870,player_7c75a296-84f8-4d0d-bd76-d51deebadc18@localhost,GrimTrigger,C,player_c0bba38e-8088-4ae5-b1da-4efa4ac72ec0@localhost,Adaptive,C,5,5,4350,4350
871,player_7c75a296-84f8-4d0d-bd76-d51deebadc18@localhost,GrimTrigger,C,player_c0bba38e-8088-4ae5-b1da-4efa4ac72ec0@localhost,Adaptive,C,5,5,4355,4355
872,player_7c75a296-84f8-4d0d-bd76-d51deebadc18@localhost,GrimTrigger,C,player_c0bba38e-8088-4ae5-b1da-4efa4ac72ec0@localhost,Adaptive,C,5,5,4360,4360
873,player_7c75a296-84f8-4d0d-bd76-d51deebadc18@localhost,GrimTrigger,C,player_c0bba38e-8088-4ae5-b1da-4efa4ac72ec0@localhost,Adaptive,C,5,5,4365,4365
874,player_7c75a296-84f8-4d0d-bd76-d51deebadc18@localhost,GrimTrigger,C,player_c0bba38e-8088-4ae5-b1da-4efa4ac72ec0@localhost,Adaptive,C,5,5,4370,4370
875,player_7c75a296-84f8-4d0d-bd76-d51deebadc18@localhost,GrimTrigger,C,player_c0bba38e-8088-4ae5-b1da-4efa4ac72ec0@localhost,Adaptive,C,5,5,4375,4375
876,player_7c75a296-84f8-4d0d-bd76-d51deebadc18@localhost,GrimTrigger,C,player_c0bba38e-8088-4ae5-b1da-4efa4ac72ec0@localhost,Adaptive,C,5,5,4380,4380
877,player_7c75a296-84f8-4d0d-bd76-d51deebadc18@localhost,GrimTrigger,C,player_c0bba38e-8088-4ae5-b1da-4efa4ac72ec0@localhost,Adaptive,C,5,5,4385,4385
878,player_7c75a296-84f8-4d0d-bd76-d51deebadc18@localhost,GrimTrigger,C,player_c0bba38e-8088-4ae5-b1da-4efa4ac72ec0@localhost,Adaptive,C,5,5,4390,4390
879,player_7c75a296-84f8-4d0d-bd76-d51deebadc18@localhost,GrimTrigger,C,player_c0bba38e-8088-4ae5-b1da-4efa4ac72ec0@localhost,Adaptive,C,5,5,4395,4395
880,player_7c75a296-84f8-4d0d-bd76-d51deebadc18@localhost,GrimTrigger,C,player_c0bba38e-8088-4ae5-b1da-4efa4ac72ec0@localhost,Adaptive,C,5,5,4400,4400
881,player_7c75a296-84f8-4d0d-bd76-d51deebadc18@localhost,GrimTrigger,C,player_c0bba38e-8088-4ae5-b1da-4efa4ac72ec0@localhost,Adaptive,C,5,5,4405,4405
882,player_7c75a296-84f8-4d0d-bd76-d51deebadc18@localhost,GrimTrigger,C,player_c0bba38e-8088-4ae5-b1da-4efa4ac72ec0@localhost,Adaptive,C,5,5,4410,4410
883,player_7c75a296-84f8-4d0d-bd76-d51deebadc18@localhost,GrimTrigger,C,player_c0bba38e-8088-4ae5-b1da-4efa4ac72ec0@localhost,Adaptive,C,5,5,4415,4415
884,player_7c75a296-84f8-4d0d-bd76-d51deebadc18@localhost,GrimTrigger,C,player_c0bba38e-8088-4ae5-b1da-4efa4ac72ec0@localhost,Adaptive,C,5,5,4420,4420
885,player_7c75a296-84f8-4d0d-bd76-d51deebadc18@localhost,GrimTrigger,C,player_c0bba38e-8088-4ae5-b1da-4efa4ac72ec0@localhost,Adaptive,C,5,5,4425,4425
886,player_7c75a296-84f8-4d0d-bd76-d51deebadc18@localhost,GrimTrigger,C,player_c0bba38e-8088-4ae5-b1da-4efa4ac72ec0@localhost,Adaptive,C,5,5,4430,4430
887,player_7c75a296-84f8-4d0d-bd76-d51deebadc18@localhost,GrimTrigger,C,player_c0bba38e-8088-4ae5-b1da-4efa4ac72ec0@localhost,Adaptive,C,5,5,4435,4435
888,player_7c75a296-84f8-4d0d-bd76-d51deebadc18@localhost,GrimTrigger,C,player_c0bba38e-8088-4ae5-b1da-4efa4ac72ec0@localhost,Adaptive,C,5,5,4440,4440
889,player_7c75a296-84f8-4d0d-bd76-d51deebadc18@localhost,GrimTrigger,C,player_c0bba38e-8088-4ae5-b1da-4efa4ac72ec0@localhost,Adaptive,C,5,5,4445,4445
890,player_7c75a296-84f8-4d0d-bd76-d51deebadc18@localhost,GrimTrigger,C,player_c0bba38e-8088-4ae5-b1da-4efa4ac72ec0@localhost,Adaptive,C,5,5,4450,4450
891,player_7c75a296-84f8-4d0d-bd76-d51deebadc18@localhost,GrimTrigger,C,player_c0bba38e-8088-4ae5-b1da-4efa4ac72ec0@localhost,Adaptive,C,5,5,4455,4455
892,player_7c75a296-84f8-4d0d-bd76-d51deebadc18@localhost,GrimTrigger,C,player_c0bba38e-8088-4ae5-b1da-4efa4ac72ec0@localhost,Adaptive,C,5,5,4460,4460
893,player_7c75a296-84f8-4d0d-bd76-d51deebadc18@localhost,GrimTrigger,C,player_c0bba38e-8088-4ae5-b1da-4efa4ac72ec0@localhost,Adaptive,C,5,5,4465,4465
894,player_7c75a296-84f8-4d0d-bd76-d51deebadc18@localhost,GrimTrigger,C,player_c0bba38e-8088-4ae5-b1da-4efa4ac72ec0@localhost,Adaptive,C,5,5,4470,4470
895,player_7c75a296-84f8-4d0d-bd76-d51deebadc18@localhost,GrimTrigger,C,player_c0bba38e-8088-4ae5-b1da-4efa4ac72ec0@localhost,Adaptive,C,5,5,4475,4475
896,player_7c75a296-84f8-4d0d-bd76-d51deebadc18@localhost,GrimTrigger,C,player_c0bba38e-8088-4ae5-b1da-4efa4ac72ec0@localhost,Adaptive,C,5,5,4480,4480
897,player_7c75a296-84f8-4d0d-bd76-d51deebadc18@localhost,GrimTrigger,C,player_c0bba38e-8088-4ae5-b1da-4efa4ac72ec0@localhost,Adaptive,C,5,5,4485,4485
898,player_7c75a296-84f8-4d0d-bd76-d51deebadc18@localhost,GrimTrigger,C,player_c0bba38e-8088-4ae5-b1da-4efa4ac72ec0@localhost,Adaptive,C,5,5,4490,4490
899,player_7c75a296-84f8-4d0d-bd76-d51deebadc18@localhost,GrimTrigger,C,player_c0bba38e-8088-4ae5-b1da-4efa4ac72ec0@localhost,Adaptive,C,5,5,4495,4495
900,player_7c75a296-84f8-4d0d-bd76-d51deebadc18@localhost,GrimTrigger,C,player_c0bba38e-8088-4ae5-b1da-4efa4ac72ec0@localhost,Adaptive,C,5,5,4500,4500
901,player_7c75a296-84f8-4d0d-bd76-d51deebadc18@localhost,GrimTrigger,C,player_c0bba38e-8088-4ae5-b1da-4efa4ac72ec0@localhost,Adaptive,C,5,5,4505,4505
902,player_7c75a296-84f8-4d0d-bd76-d51deebadc18@localhost,GrimTrigger,C,player_c0bba38e-8088-4ae5-b1da-4efa4ac72ec0@localhost,Adaptive,C,5,5,4510,4510
903,player_7c75a296-84f8-4d0d-bd76-d51deebadc18@localhost,GrimTrigger,C,player_c0bba38e-8088-4ae5-b1da-4efa4ac72ec0@localhost,Adaptive,C,5,5,4515,4515
904,player_7c75a296-84f8-4d0d-bd76-d51deebadc18@localhost,GrimTrigger,C,player_c0bba38e-8088-4ae5-b1da-4efa4ac72ec0@localhost,Adaptive,C,5,5,4520,4520
905,player_7c75a296-84f8-4d0d-bd76-d51deebadc18@localhost,GrimTrigger,C,player_c0bba38e-8088-4ae5-b1da-4efa4ac72ec0@localhost,Adaptive,C,5,5,4525,4525
906,player_7c75a296-84f8-4d0d-bd76-d51deebadc18@localhost,GrimTrigger,C,player_c0bba38e-8088-4ae5-b1da-4efa4ac72ec0@localhost,Adaptive,C,5,5,4530,4530
907,player_7c75a296-84f8-4d0d-bd76-d51deebadc18@localhost,GrimTrigger,C,player_c0bba38e-8088-4ae5-b1da-4efa4ac72ec0@localhost,Adaptive,C,5,5,4535,4535
908,player_7c75a296-84f8-4d0d-bd76-d51deebadc18@localhost,GrimTrigger,C,player_c0bba38e-8088-4ae5-b1da-4efa4ac72ec0@localhost,Adaptive,C,5,5,4540,4540
909,player_7c75a296-84f8-4d0d-bd76-d51deebadc18@localhost,GrimTrigger,C,player_c0bba38e-8088-4ae5-b1da-4efa4ac72ec0@localhost,Adaptive,C,5,5,4545,4545
910,player_7c75a296-84f8-4d0d-bd76-d51deebadc18@localhost,GrimTrigger,C,player_c0bba38e-8088-4ae5-b1da-4efa4ac72ec0@localhost,Adaptive,C,5,5,4550,4550
911,player_7c75a296-84f8-4d0d-bd76-d51deebadc18@localhost,GrimTrigger,C,player_c0bba38e-8088-4ae5-b1da-4efa4ac72ec0@localhost,Adaptive,C,5,5,4555,4555
912,player_7c75a296-84f8-4d0d-bd76-d51deebadc18@localhost,GrimTrigger,C,player_c0bba38e-8088-4ae5-b1da-4efa4ac72ec0@localhost,Adaptive,C,5,5,4560,4560
913,player_7c75a296-84f8-4d0d-bd76-d51deebadc18@localhost,GrimTrigger,C,player_c0bba38e-8088-4ae5-b1da-4efa4ac72ec0@localhost,Adaptive,C,5,5,4565,4565
914,player_7c75a296-84f8-4d0d-bd76-d51deebadc18@localhost,GrimTrigger,C,player_c0bba38e-8088-4ae5-b1da-4efa4ac72ec0@localhost,Adaptive,C,5,5,4570,4570
915,player_7c75a296-84f8-4d0d-bd76-d51deebadc18@localhost,GrimTrigger,C,player_c0bba38e-8088-4ae5-b1da-4efa4ac72ec0@localhost,Adaptive,C,5,5,4575,4575
916,player_7c75a296-84f8-4d0d-bd76-d51deebadc18@localhost,GrimTrigger,C,player_c0bba38e-8088-4ae5-b1da-4efa4ac72ec0@localhost,Adaptive,C,5,5,4580,4580
917,player_7c75a296-84f8-4d0d-bd76-d51deebadc18@localhost,GrimTrigger,C,player_c0bba38e-8088-4ae5-b1da-4efa4ac72ec0@localhost,Adaptive,C,5,5,4585,4585
918,player_7c75a296-84f8-4d0d-bd76-d51deebadc18@localhost,GrimTrigger,C,player_c0bba38e-8088-4ae5-b1da-4efa4ac72ec0@localhost,Adaptive,C,5,5,4590,4590
919,player_7c75a296-84f8-4d0d-bd76-d51deebadc18@localhost,GrimTrigger,C,player_c0bba38e-8088-4ae5-b1da-4efa4ac72ec0@localhost,Adaptive,C,5,5,4595,4595
920,player_7c75a296-84f8-4d0d-bd76-d51deebadc18@localhost,GrimTrigger,C,player_c0bba38e-8088-4ae5-b1da-4efa4ac72ec0@localhost,Adaptive,C,5,5,4600,4600
921,player_7c75a296-84f8-4d0d-bd76-d51deebadc18@localhost,GrimTrigger,C,player_c0bba38e-8088-4ae5-b1da-4efa4ac72ec0@localhost,Adaptive,C,5,5,4605,4605
922,player_7c75a296-84f8-4d0d-bd76-d51deebadc18@localhost,GrimTrigger,C,player_c0bba38e-8088-4ae5-b1da-4efa4ac72ec0@localhost,Adaptive,C,5,5,4610,4610
923,player_7c75a296-84f8-4d0d-bd76-d51deebadc18@localhost,GrimTrigger,C,player_c0bba38e-8088-4ae5-b1da-4efa4ac72ec0@localhost,Adaptive,C,5,5,4615,4615
924,player_7c75a296-84f8-4d0d-bd76-d51deebadc18@localhost,GrimTrigger,C,player_c0bba38e-8088-4ae5-b1da-4efa4ac72ec0@localhost,Adaptive,C,5,5,4620,4620
925,player_7c75a296-84f8-4d0d-bd76-d51deebadc18@localhost,GrimTrigger,C,player_c0bba38e-8088-4ae5-b1da-4efa4ac72ec0@localhost,Adaptive,C,5,5,4625,4625
926,player_7c75a296-84f8-4d0d-bd76-d51deebadc18@localhost,GrimTrigger,C,player_c0bba38e-8088-4ae5-b1da-4efa4ac72ec0@localhost,Adaptive,C,5,5,4630,4630
927,player_7c75a296-84f8-4d0d-bd76-d51deebadc18@localhost,GrimTrigger,C,player_c0bba38e-8088-4ae5-b1da-4efa4ac72ec0@localhost,Adaptive,C,5,5,4635,4635
928,player_7c75a296-84f8-4d0d-bd76-d51deebadc18@localhost,GrimTrigger,C,player_c0bba38e-8088-4ae5-b1da-4efa4ac72ec0@localhost,Adaptive,C,5,5,4640,4640
929,player_7c75a296-84f8-4d0d-bd76-d51deebadc18@localhost,GrimTrigger,C,player_c0bba38e-8088-4ae5-b1da-4efa4ac72ec0@localhost,Adaptive,C,5,5,4645,4645
930,player_7c75a296-84f8-4d0d-bd76-d51deebadc18@localhost,GrimTrigger,C,player_c0bba38e-8088-4ae5-b1da-4efa4ac72ec0@localhost,Adaptive,C,5,5,4650,4650
931,player_7c75a296-84f8-4d0d-bd76-d51deebadc18@localhost,GrimTrigger,C,player_c0bba38e-8088-4ae5-b1da-4efa4ac72ec0@localhost,Adaptive,C,5,5,4655,4655
932,player_7c75a296-84f8-4d0d-bd76-d51deebadc18@localhost,GrimTrigger,C,player_c0bba38e-8088-4ae5-b1da-4efa4ac72ec0@localhost,Adaptive,C,5,5,4660,4660
933,player_7c75a296-84f8-4d0d-bd76-d51deebadc18@localhost,GrimTrigger,C,player_c0bba38e-8088-4ae5-b1da-4efa4ac72ec0@localhost,Adaptive,C,5,5,4665,4665
934,player_7c75a296-84f8-4d0d-bd76-d51deebadc18@localhost,GrimTrigger,C,player_c0bba38e-8088-4ae5-b1da-4efa4ac72ec0@localhost,Adaptive,C,5,5,4670,4670
935,player_7c75a296-84f8-4d0d-bd76-d51deebadc18@localhost,GrimTrigger,C,player_c0bba38e-8088-4ae5-b1da-4efa4ac72ec0@localhost,Adaptive,C,5,5,4675,4675
936,player_7c75a296-84f8-4d0d-bd76-d51deebadc18@localhost,GrimTrigger,C,player_c0bba38e-8088-4ae5-b1da-4efa4ac72ec0@localhost,Adaptive,C,5,5,4680,4680
937,player_7c75a296-84f8-4d0d-bd76-d51deebadc18@localhost,GrimTrigger,C,player_c0bba38e-8088-4ae5-b1da-4efa4ac72ec0@localhost,Adaptive,C,5,5,4685,4685
938,player_7c75a296-84f8-4d0d-bd76-d51deebadc18@localhost,GrimTrigger,C,player_c0bba38e-8088-4ae5-b1da-4efa4ac72ec0@localhost,Adaptive,C,5,5,4690,4690
939,player_7c75a296-84f8-4d0d-bd76-d51deebadc18@localhost,GrimTrigger,C,player_c0bba38e-8088-4ae5-b1da-4efa4ac72ec0@localhost,Adaptive,C,5,5,4695,4695
940,player_7c75a296-84f8-4d0d-bd76-d51deebadc18@localhost,GrimTrigger,C,player_c0bba38e-8088-4ae5-b1da-4efa4ac72ec0@localhost,Adaptive,C,5,5,4700,4700
941,player_7c75a296-84f8-4d0d-bd76-d51deebadc18@localhost,GrimTrigger,C,player_c0bba38e-8088-4ae5-b1da-4efa4ac72ec0@localhost,Adaptive,C,5,5,4705,4705
942,player_7c75a296-84f8-4d0d-bd76-d51deebadc18@localhost,GrimTrigger,C,player_c0bba38e-8088-4ae5-b1da-4efa4ac72ec0@localhost,Adaptive,C,5,5,4710,4710
943,player_7c75a296-84f8-4d0d-bd76-d51deebadc18@localhost,GrimTrigger,C,player_c0bba38e-8088-4ae5-b1da-4efa4ac72ec0@localhost,Adaptive,C,5,5,4715,4715
944,player_7c75a296-84f8-4d0d-bd76-d51deebadc18@localhost,GrimTrigger,C,player_c0bba38e-8088-4ae5-b1da-4efa4ac72ec0@localhost,Adaptive,C,5,5,4720,4720
945,player_7c75a296-84f8-4d0d-bd76-d51deebadc18@localhost,GrimTrigger,C,player_c0bba38e-8088-4ae5-b1da-4efa4ac72ec0@localhost,Adaptive,C,5,5,4725,4725
946,player_7c75a296-84f8-4d0d-bd76-d51deebadc18@localhost,GrimTrigger,C,player_c0bba38e-8088-4ae5-b1da-4efa4ac72ec0@localhost,Adaptive,C,5,5,4730,4730
947,player_7c75a296-84f8-4d0d-bd76-d51deebadc18@localhost,GrimTrigger,C,player_c0bba38e-8088-4ae5-b1da-4efa4ac72ec0@localhost,Adaptive,C,5,5,4735,4735
948,player_7c75a296-84f8-4d0d-bd76-d51deebadc18@localhost,GrimTrigger,C,player_c0bba38e-8088-4ae5-b1da-4efa4ac72ec0@localhost,Adaptive,C,5,5,4740,4740
949,player_7c75a296-84f8-4d0d-bd76-d51deebadc18@localhost,GrimTrigger,C,player_c0bba38e-8088-4ae5-b1da-4efa4ac72ec0@localhost,Adaptive,C,5,5,4745,4745
950,player_7c75a296-84f8-4d0d-bd76-d51deebadc18@localhost,GrimTrigger,C,player_c0bba38e-8088-4ae5-b1da-4efa4ac72ec0@localhost,Adaptive,C,5,5,4750,4750
951,player_7c75a296-84f8-4d0d-bd76-d51deebadc18@localhost,GrimTrigger,C,player_c0bba38e-8088-4ae5-b1da-4efa4ac72ec0@localhost,Adaptive,C,5,5,4755,4755
952,player_7c75a296-84f8-4d0d-bd76-d51deebadc18@localhost,GrimTrigger,C,player_c0bba38e-8088-4ae5-b1da-4efa4ac72ec0@localhost,Adaptive,C,5,5,4760,4760
953,player_7c75a296-84f8-4d0d-bd76-d51deebadc18@localhost,GrimTrigger,C,player_c0bba38e-8088-4ae5-b1da-4efa4ac72ec0@localhost,Adaptive,C,5,5,4765,4765
954,player_7c75a296-84f8-4d0d-bd76-d51deebadc18@localhost,GrimTrigger,C,player_c0bba38e-8088-4ae5-b1da-4efa4ac72ec0@localhost,Adaptive,C,5,5,4770,4770
955,player_7c75a296-84f8-4d0d-bd76-d51deebadc18@localhost,GrimTrigger,C,player_c0bba38e-8088-4ae5-b1da-4efa4ac72ec0@localhost,Adaptive,C,5,5,4775,4775
956,player_7c75a296-84f8-4d0d-bd76-d51deebadc18@localhost,GrimTrigger,C,player_c0bba38e-8088-4ae5-b1da-4efa4ac72ec0@localhost,Adaptive,C,5,5,4780,4780
957,player_7c75a296-84f8-4d0d-bd76-d51deebadc18@localhost,GrimTrigger,C,player_c0bba38e-8088-4ae5-b1da-4efa4ac72ec0@localhost,Adaptive,C,5,5,4785,4785
958,player_7c75a296-84f8-4d0d-bd76-d51deebadc18@localhost,GrimTrigger,C,player_c0bba38e-8088-4ae5-b1da-4efa4ac72ec0@localhost,Adaptive,C,5,5,4790,4790
959,player_7c75a296-84f8-4d0d-bd76-d51deebadc18@localhost,GrimTrigger,C,player_c0bba38e-8088-4ae5-b1da-4efa4ac72ec0@localhost,Adaptive,C,5,5,4795,4795
960,player_7c75a296-84f8-4d0d-bd76-d51deebadc18@localhost,GrimTrigger,C,player_c0bba38e-8088-4ae5-b1da-4efa4ac72ec0@localhost,Adaptive,C,5,5,4800,4800
961,player_7c75a296-84f8-4d0d-bd76-d51deebadc18@localhost,GrimTrigger,C,player_c0bba38e-8088-4ae5-b1da-4efa4ac72ec0@localhost,Adaptive,C,5,5,4805,4805
962,player_7c75a296-84f8-4d0d-bd76-d51deebadc18@localhost,GrimTrigger,C,player_c0bba38e-8088-4ae5-b1da-4efa4ac72ec0@localhost,Adaptive,C,5,5,4810,4810
963,player_7c75a296-84f8-4d0d-bd76-d51deebadc18@localhost,GrimTrigger,C,player_c0bba38e-8088-4ae5-b1da-4efa4ac72ec0@localhost,Adaptive,C,5,5,4815,4815
964,player_7c75a296-84f8-4d0d-bd76-d51deebadc18@localhost,GrimTrigger,C,player_c0bba38e-8088-4ae5-b1da-4efa4ac72ec0@localhost,Adaptive,C,5,5,4820,4820
965,player_7c75a296-84f8-4d0d-bd76-d51deebadc18@localhost,GrimTrigger,C,player_c0bba38e-8088-4ae5-b1da-4efa4ac72ec0@localhost,Adaptive,C,5,5,4825,4825
966,player_7c75a296-84f8-4d0d-bd76-d51deebadc18@localhost,GrimTrigger,C,player_c0bba38e-8088-4ae5-b1da-4efa4ac72ec0@localhost,Adaptive,C,5,5,4830,4830
967,player_7c75a296-84f8-4d0d-bd76-d51deebadc18@localhost,GrimTrigger,C,player_c0bba38e-8088-4ae5-b1da-4efa4ac72ec0@localhost,Adaptive,C,5,5,4835,4835
968,player_7c75a296-84f8-4d0d-bd76-d51deebadc18@localhost,GrimTrigger,C,player_c0bba38e-8088-4ae5-b1da-4efa4ac72ec0@localhost,Adaptive,C,5,5,4840,4840
969,player_7c75a296-84f8-4d0d-bd76-d51deebadc18@localhost,GrimTrigger,C,player_c0bba38e-8088-4ae5-b1da-4efa4ac72ec0@localhost,Adaptive,C,5,5,4845,4845
970,player_7c75a296-84f8-4d0d-bd76-d51deebadc18@localhost,GrimTrigger,C,player_c0bba38e-8088-4ae5-b1da-4efa4ac72ec0@localhost,Adaptive,C,5,5,4850,4850
971,player_7c75a296-84f8-4d0d-bd76-d51deebadc18@localhost,GrimTrigger,C,player_c0bba38e-8088-4ae5-b1da-4efa4ac72ec0@localhost,Adaptive,C,5,5,4855,4855
972,player_7c75a296-84f8-4d0d-bd76-d51deebadc18@localhost,GrimTrigger,C,player_c0bba38e-8088-4ae5-b1da-4efa4ac72ec0@localhost,Adaptive,C,5,5,4860,4860
973,player_7c75a296-84f8-4d0d-bd76-d51deebadc18@localhost,GrimTrigger,C,player_c0bba38e-8088-4ae5-b1da-4efa4ac72ec0@localhost,Adaptive,C,5,5,4865,4865
974,player_7c75a296-84f8-4d0d-bd76-d51deebadc18@localhost,GrimTrigger,C,player_c0bba38e-8088-4ae5-b1da-4efa4ac72ec0@localhost,Adaptive,C,5,5,4870,4870
975,player_7c75a296-84f8-4d0d-bd76-d51deebadc18@localhost,GrimTrigger,C,player_c0bba38e-8088-4ae5-b1da-4efa4ac72ec0@localhost,Adaptive,C,5,5,4875,4875
976,player_7c75a296-84f8-4d0d-bd76-d51deebadc18@localhost,GrimTrigger,C,player_c0bba38e-8088-4ae5-b1da-4efa4ac72ec0@localhost,Adaptive,C,5,5,4880,4880
977,player_7c75a296-84f8-4d0d-bd76-d51deebadc18@localhost,GrimTrigger,C,player_c0bba38e-8088-4ae5-b1da-4efa4ac72ec0@localhost,Adaptive,C,5,5,4885,4885
978,player_7c75a296-84f8-4d0d-bd76-d51deebadc18@localhost,GrimTrigger,C,player_c0bba38e-8088-4ae5-b1da-4efa4ac72ec0@localhost,Adaptive,C,5,5,4890,4890
979,player_7c75a296-84f8-4d0d-bd76-d51deebadc18@localhost,GrimTrigger,C,player_c0bba38e-8088-4ae5-b1da-4efa4ac72ec0@localhost,Adaptive,C,5,5,4895,4895
980,player_7c75a296-84f8-4d0d-bd76-d51deebadc18@localhost,GrimTrigger,C,player_c0bba38e-8088-4ae5-b1da-4efa4ac72ec0@localhost,Adaptive,C,5,5,4900,4900
981,player_7c75a296-84f8-4d0d-bd76-d51deebadc18@localhost,GrimTrigger,C,player_c0bba38e-8088-4ae5-b1da-4efa4ac72ec0@localhost,Adaptive,C,5,5,4905,4905
982,player_7c75a296-84f8-4d0d-bd76-d51deebadc18@localhost,GrimTrigger,C,player_c0bba38e-8088-4ae5-b1da-4efa4ac72ec0@localhost,Adaptive,C,5,5,4910,4910
983,player_7c75a296-84f8-4d0d-bd76-d51deebadc18@localhost,GrimTrigger,C,player_c0bba38e-8088-4ae5-b1da-4efa4ac72ec0@localhost,Adaptive,C,5,5,4915,4915
984,player_7c75a296-84f8-4d0d-bd76-d51deebadc18@localhost,GrimTrigger,C,player_c0bba38e-8088-4ae5-b1da-4efa4ac72ec0@localhost,Adaptive,C,5,5,4920,4920
985,player_7c75a296-84f8-4d0d-bd76-d51deebadc18@localhost,GrimTrigger,C,player_c0bba38e-8088-4ae5-b1da-4efa4ac72ec0@localhost,Adaptive,C,5,5,4925,4925
986,player_7c75a296-84f8-4d0d-bd76-d51deebadc18@localhost,GrimTrigger,C,player_c0bba38e-8088-4ae5-b1da-4efa4ac72ec0@localhost,Adaptive,C,5,5,4930,4930
987,player_7c75a296-84f8-4d0d-bd76-d51deebadc18@localhost,GrimTrigger,C,player_c0bba38e-8088-4ae5-b1da-4efa4ac72ec0@localhost,Adaptive,C,5,5,4935,4935
988,player_7c75a296-84f8-4d0d-bd76-d51deebadc18@localhost,GrimTrigger,C,player_c0bba38e-8088-4ae5-b1da-4efa4ac72ec0@localhost,Adaptive,C,5,5,4940,4940
989,player_7c75a296-84f8-4d0d-bd76-d51deebadc18@localhost,GrimTrigger,C,player_c0bba38e-8088-4ae5-b1da-4efa4ac72ec0@localhost,Adaptive,C,5,5,4945,4945
990,player_7c75a296-84f8-4d0d-bd76-d51deebadc18@localhost,GrimTrigger,C,player_c0bba38e-8088-4ae5-b1da-4efa4ac72ec0@localhost,Adaptive,C,5,5,4950,4950
991,player_7c75a296-84f8-4d0d-bd76-d51deebadc18@localhost,GrimTrigger,C,player_c0bba38e-8088-4ae5-b1da-4efa4ac72ec0@localhost,Adaptive,C,5,5,4955,4955
992,player_7c75a296-84f8-4d0d-bd76-d51deebadc18@localhost,GrimTrigger,C,player_c0bba38e-8088-4ae5-b1da-4efa4ac72ec0@localhost,Adaptive,C,5,5,4960,4960
993,player_7c75a296-84f8-4d0d-bd76-d51deebadc18@localhost,GrimTrigger,C,player_c0bba38e-8088-4ae5-b1da-4efa4ac72ec0@localhost,Adaptive,C,5,5,4965,4965
994,player_7c75a296-84f8-4d0d-bd76-d51deebadc18@localhost,GrimTrigger,C,player_c0bba38e-8088-4ae5-b1da-4efa4ac72ec0@localhost,Adaptive,C,5,5,4970,4970
995,player_7c75a296-84f8-4d0d-bd76-d51deebadc18@localhost,GrimTrigger,C,player_c0bba38e-8088-4ae5-b1da-4efa4ac72ec0@localhost,Adaptive,C,5,5,4975,4975
996,player_7c75a296-84f8-4d0d-bd76-d51deebadc18@localhost,GrimTrigger,C,player_c0bba38e-8088-4ae5-b1da-4efa4ac72ec0@localhost,Adaptive,C,5,5,4980,4980
997,player_7c75a296-84f8-4d0d-bd76-d51deebadc18@localhost,GrimTrigger,C,player_c0bba38e-8088-4ae5-b1da-4efa4ac72ec0@localhost,Adaptive,C,5,5,4985,4985
998,player_7c75a296-84f8-4d0d-bd76-d51deebadc18@localhost,GrimTrigger,C,player_c0bba38e-8088-4ae5-b1da-4efa4ac72ec0@localhost,Adaptive,C,5,5,4990,4990
999,player_7c75a296-84f8-4d0d-bd76-d51deebadc18@localhost,GrimTrigger,C,player_c0bba38e-8088-4ae5-b1da-4efa4ac72ec0@localhost,Adaptive,C,5,5,4995,4995
1000,player_7c75a296-84f8-4d0d-bd76-d51deebadc18@localhost,GrimTrigger,C,player_c0bba38e-8088-4ae5-b1da-4efa4ac72ec0@localhost,Adaptive,C,5,5,5000,5000
,,,,,,,,,,
# AGGREGATED METRICS
# p1_jid,player_7c75a296-84f8-4d0d-bd76-d51deebadc18@localhost
# p2_jid,player_c0bba38e-8088-4ae5-b1da-4efa4ac72ec0@localhost
# total_rounds,1000
# cooperation_rate_p1,1.0000
# cooperation_rate_p2,1.0000
# defection_rate_p1,0.0000
# defection_rate_p2,0.0000
# total_payoff_p1,5000
# total_payoff_p2,5000
# avg_payoff_p1,5.0000
# avg_payoff_p2,5.0000
