round,p1_jid,p1_strategy,p1_action,p2_jid,p2_strategy,p2_action,p1_payoff,p2_payoff,p1_cumulative,p2_cumulative
1,player_d3157403-631d-488b-b379-9953c4a61e5c@localhost,Random,D,player_3383ca6a-76dc-4d22-af7f-376efff7c09c@localhost,TitForTat,C,10,0,10,0
2,player_d3157403-631d-488b-b379-9953c4a61e5c@localhost,Random,D,player_3383ca6a-76dc-4d22-af7f-376efff7c09c@localhost,TitForTat,D,1,1,11,1
3,player_d3157403-631d-488b-b379-9953c4a61e5c@localhost,Random,D,player_3383ca6a-76dc-4d22-af7f-376efff7c09c@localhost,TitForTat,D,1,1,12,2
4,player_d3157403-631d-488b-b379-9953c4a61e5c@localhost,Random,D,player_3383ca6a-76dc-4d22-af7f-376efff7c09c@localhost,TitForTat,D,1,1,13,3
5,player_d3157403-631d-488b-b379-9953c4a61e5c@localhost,Random,C,player_3383ca6a-76dc-4d22-af7f-376efff7c09c@localhost,TitForTat,D,0,10,13,13
6,player_d3157403-631d-488b-b379-9953c4a61e5c@localhost,Random,C,player_3383ca6a-76dc-4d22-af7f-376efff7c09c@localhost,TitForTat,C,5,5,18,18
7,player_d3157403-631d-488b-b379-9953c4a61e5c@localhost,Random,C,player_3383ca6a-76dc-4d22-af7f-376efff7c09c@localhost,TitForTat,C,5,5,23,23
8,player_d3157403-631d-488b-b379-9953c4a61e5c@localhost,Random,D,player_3383ca6a-76dc-4d22-af7f-376efff7c09c@localhost,TitForTat,C,10,0,33,23
9,player_d3157403-631d-488b-b379-9953c4a61e5c@localhost,Random,C,player_3383ca6a-76dc-4d22-af7f-376efff7c09c@localhost,TitForTat,D,0,10,33,33
10,player_d3157403-631d-488b-b379-9953c4a61e5c@localhost,Random,D,player_3383ca6a-76dc-4d22-af7f-376efff7c09c@localhost,TitForTat,C,10,0,43,33
11,player_d3157403-631d-488b-b379-9953c4a61e5c@localhost,Random,D,player_3383ca6a-76dc-4d22-af7f-376efff7c09c@localhost,TitForTat,D,1,1,44,34
12,player_d3157403-631d-488b-b379-9953c4a61e5c@localhost,Random,C,player_3383ca6a-76dc-4d22-af7f-376efff7c09c@localhost,TitForTat,D,0,10,44,44
13,player_d3157403-631d-488b-b379-9953c4a61e5c@localhost,Random,C,player_3383ca6a-76dc-4d22-af7f-376efff7c09c@localhost,TitForTat,C,5,5,49,49
14,player_d3157403-631d-488b-b379-9953c4a61e5c@localhost,Random,D,player_3383ca6a-76dc-4d22-af7f-376efff7c09c@localhost,TitForTat,C,10,0,59,49
15,player_d3157403-631d-488b-b379-9953c4a61e5c@localhost,Random,C,player_3383ca6a-76dc-4d22-af7f-376efff7c09c@localhost,TitForTat,D,0,10,59,59
16,player_d3157403-631d-488b-b379-9953c4a61e5c@localhost,Random,D,player_3383ca6a-76dc-4d22-af7f-376efff7c09c@localhost,TitForTat,C,10,0,69,59
17,player_d3157403-631d-488b-b379-9953c4a61e5c@localhost,Random,C,player_3383ca6a-76dc-4d22-af7f-376efff7c09c@localhost,TitForTat,D,0,10,69,69
18,player_d3157403-631d-488b-b379-9953c4a61e5c@localhost,Random,D,player_3383ca6a-76dc-4d22-af7f-376efff7c09c@localhost,TitForTat,C,10,0,79,69
19,player_d3157403-631d-488b-b379-9953c4a61e5c@localhost,Random,D,player_3383ca6a-76dc-4d22-af7f-376efff7c09c@localhost,TitForTat,D,1,1,80,70
20,player_d3157403-631d-488b-b379-9953c4a61e5c@localhost,Random,D,player_3383ca6a-76dc-4d22-af7f-376efff7c09c@localhost,TitForTat,D,1,1,81,71
21,player_d3157403-631d-488b-b379-9953c4a61e5c@localhost,Random,C,player_3383ca6a-76dc-4d22-af7f-376efff7c09c@localhost,TitForTat,D,0,10,81,81
22,player_d3157403-631d-488b-b379-9953c4a61e5c@localhost,Random,C,player_3383ca6a-76dc-4d22-af7f-376efff7c09c@localhost,TitForTat,C,5,5,86,86
23,player_d3157403-631d-488b-b379-9953c4a61e5c@localhost,Random,D,player_3383ca6a-76dc-4d22-af7f-376efff7c09c@localhost,TitForTat,C,10,0,96,86
24,player_d3157403-631d-488b-b379-9953c4a61e5c@localhost,Random,C,player_3383ca6a-76dc-4d22-af7f-376efff7c09c@localhost,TitForTat,D,0,10,96,96
25,player_d3157403-631d-488b-b379-9953c4a61e5c@localhost,Random,D,player_3383ca6a-76dc-4d22-af7f-376efff7c09c@localhost,TitForTat,C,10,0,106,96
26,player_d3157403-631d-488b-b379-9953c4a61e5c@localhost,Random,D,player_3383ca6a-76dc-4d22-af7f-376efff7c09c@localhost,TitForTat,D,1,1,107,97
27,player_d3157403-631d-488b-b379-9953c4a61e5c@localhost,Random,D,player_3383ca6a-76dc-4d22-af7f-376efff7c09c@localhost,TitForTat,D,1,1,108,98
28,player_d3157403-631d-488b-b379-9953c4a61e5c@localhost,Random,D,player_3383ca6a-76dc-4d22-af7f-376efff7c09c@localhost,TitForTat,D,1,1,109,99
29,player_d3157403-631d-488b-b379-9953c4a61e5c@localhost,Random,D,player_3383ca6a-76dc-4d22-af7f-376efff7c09c@localhost,TitForTat,D,1,1,110,100
30,player_d3157403-631d-488b-b379-9953c4a61e5c@localhost,Random,D,player_3383ca6a-76dc-4d22-af7f-376efff7c09c@localhost,TitForTat,D,1,1,111,101
31,player_d3157403-631d-488b-b379-9953c4a61e5c@localhost,Random,C,player_3383ca6a-76dc-4d22-af7f-376efff7c09c@localhost,TitForTat,D,0,10,111,111
32,player_d3157403-631d-488b-b379-9953c4a61e5c@localhost,Random,C,player_3383ca6a-76dc-4d22-af7f-376efff7c09c@localhost,TitForTat,C,5,5,116,116
33,player_d3157403-631d-488b-b379-9953c4a61e5c@localhost,Random,C,player_3383ca6a-76dc-4d22-af7f-376efff7c09c@localhost,TitForTat,C,5,5,121,121
34,player_d3157403-631d-488b-b379-9953c4a61e5c@localhost,Random,D,player_3383ca6a-76dc-4d22-af7f-376efff7c09c@localhost,TitForTat,C,10,0,131,121
35,player_d3157403-631d-488b-b379-9953c4a61e5c@localhost,Random,D,player_3383ca6a-76dc-4d22-af7f-376efff7c09c@localhost,TitForTat,D,1,1,132,122
36,player_d3157403-631d-488b-b379-9953c4a61e5c@localhost,Random,D,player_3383ca6a-76dc-4d22-af7f-376efff7c09c@localhost,TitForTat,D,1,1,133,123
37,player_d3157403-631d-488b-b379-9953c4a61e5c@localhost,Random,D,player_3383ca6a-76dc-4d22-af7f-376efff7c09c@localhost,TitForTat,D,1,1,134,124
38,player_d3157403-631d-488b-b379-9953c4a61e5c@localhost,Random,D,player_3383ca6a-76dc-4d22-af7f-376efff7c09c@localhost,TitForTat,D,1,1,135,125
39,player_d3157403-631d-488b-b379-9953c4a61e5c@localhost,Random,D,player_3383ca6a-76dc-4d22-af7f-376efff7c09c@localhost,TitForTat,D,1,1,136,126
40,player_d3157403-631d-488b-b379-9953c4a61e5c@localhost,Random,D,player_3383ca6a-76dc-4d22-af7f-376efff7c09c@localhost,TitForTat,D,1,1,137,127
41,player_d3157403-631d-488b-b379-9953c4a61e5c@localhost,Random,D,player_3383ca6a-76dc-4d22-af7f-376efff7c09c@localhost,TitForTat,D,1,1,138,128
42,player_d3157403-631d-488b-b379-9953c4a61e5c@localhost,Random,D,player_3383ca6a-76dc-4d22-af7f-376efff7c09c@localhost,TitForTat,D,1,1,139,129
43,player_d3157403-631d-488b-b379-9953c4a61e5c@localhost,Random,C,player_3383ca6a-76dc-4d22-af7f-376efff7c09c@localhost,TitForTat,D,0,10,139,139
44,player_d3157403-631d-488b-b379-9953c4a61e5c@localhost,Random,D,player_3383ca6a-76dc-4d22-af7f-376efff7c09c@localhost,TitForTat,C,10,0,149,139
45,player_d3157403-631d-488b-b379-9953c4a61e5c@localhost,Random,C,player_3383ca6a-76dc-4d22-af7f-376efff7c09c@localhost,TitForTat,D,0,10,149,149
46,player_d3157403-631d-488b-b379-9953c4a61e5c@localhost,Random,C,player_3383ca6a-76dc-4d22-af7f-376efff7c09c@localhost,TitForTat,C,5,5,154,154
47,player_d3157403-631d-488b-b379-9953c4a61e5c@localhost,Random,C,player_3383ca6a-76dc-4d22-af7f-376efff7c09c@localhost,TitForTat,C,5,5,159,159
48,player_d3157403-631d-488b-b379-9953c4a61e5c@localhost,Random,C,player_3383ca6a-76dc-4d22-af7f-376efff7c09c@localhost,TitForTat,C,5,5,164,164
49,player_d3157403-631d-488b-b379-9953c4a61e5c@localhost,Random,C,player_3383ca6a-76dc-4d22-af7f-376efff7c09c@localhost,TitForTat,C,5,5,169,169
50,player_d3157403-631d-488b-b379-9953c4a61e5c@localhost,Random,C,player_3383ca6a-76dc-4d22-af7f-376efff7c09c@localhost,TitForTat,C,5,5,174,174
51,player_d3157403-631d-488b-b379-9953c4a61e5c@localhost,Random,D,player_3383ca6a-76dc-4d22-af7f-376efff7c09c@localhost,TitForTat,C,10,0,184,174
52,player_d3157403-631d-488b-b379-9953c4a61e5c@localhost,Random,C,player_3383ca6a-76dc-4d22-af7f-376efff7c09c@localhost,TitForTat,D,0,10,184,184
53,player_d3157403-631d-488b-b379-9953c4a61e5c@localhost,Random,C,player_3383ca6a-76dc-4d22-af7f-376efff7c09c@localhost,TitForTat,C,5,5,189,189
54,player_d3157403-631d-488b-b379-9953c4a61e5c@localhost,Random,C,player_3383ca6a-76dc-4d22-af7f-376efff7c09c@localhost,TitForTat,C,5,5,194,194
55,player_d3157403-631d-488b-b379-9953c4a61e5c@localhost,Random,D,player_3383ca6a-76dc-4d22-af7f-376efff7c09c@localhost,TitForTat,C,10,0,204,194
56,player_d3157403-631d-488b-b379-9953c4a61e5c@localhost,Random,D,player_3383ca6a-76dc-4d22-af7f-376efff7c09c@localhost,TitForTat,D,1,1,205,195
57,player_d3157403-631d-488b-b379-9953c4a61e5c@localhost,Random,D,player_3383ca6a-76dc-4d22-af7f-376efff7c09c@localhost,TitForTat,D,1,1,206,196
58,player_d3157403-631d-488b-b379-9953c4a61e5c@localhost,Random,C,player_3383ca6a-76dc-4d22-af7f-376efff7c09c@localhost,TitForTat,D,0,10,206,206
59,player_d3157403-631d-488b-b379-9953c4a61e5c@localhost,Random,C,player_3383ca6a-76dc-4d22-af7f-376efff7c09c@localhost,TitForTat,C,5,5,211,211
60,player_d3157403-631d-488b-b379-9953c4a61e5c@localhost,Random,C,player_3383ca6a-76dc-4d22-af7f-376efff7c09c@localhost,TitForTat,C,5,5,216,216
61,player_d3157403-631d-488b-b379-9953c4a61e5c@localhost,Random,D,player_3383ca6a-76dc-4d22-af7f-376efff7c09c@localhost,TitForTat,C,10,0,226,216
62,player_d3157403-631d-488b-b379-9953c4a61e5c@localhost,Random,D,player_3383ca6a-76dc-4d22-af7f-376efff7c09c@localhost,TitForTat,D,1,1,227,217
63,player_d3157403-631d-488b-b379-9953c4a61e5c@localhost,Random,C,player_3383ca6a-76dc-4d22-af7f-376efff7c09c@localhost,TitForTat,D,0,10,227,227
64,player_d3157403-631d-488b-b379-9953c4a61e5c@localhost,Random,D,player_3383ca6a-76dc-4d22-af7f-376efff7c09c@localhost,TitForTat,C,10,0,237,227
65,player_d3157403-631d-488b-b379-9953c4a61e5c@localhost,Random,D,player_3383ca6a-76dc-4d22-af7f-376efff7c09c@localhost,TitForTat,D,1,1,238,228
66,player_d3157403-631d-488b-b379-9953c4a61e5c@localhost,Random,C,player_3383ca6a-76dc-4d22-af7f-376efff7c09c@localhost,TitForTat,D,0,10,238,238
67,player_d3157403-631d-488b-b379-9953c4a61e5c@localhost,Random,C,player_3383ca6a-76dc-4d22-af7f-376efff7c09c@localhost,TitForTat,C,5,5,243,243
68,player_d3157403-631d-488b-b379-9953c4a61e5c@localhost,Random,C,player_3383ca6a-76dc-4d22-af7f-376efff7c09c@localhost,TitForTat,C,5,5,248,248
69,player_d3157403-631d-488b-b379-9953c4a61e5c@localhost,Random,D,player_3383ca6a-76dc-4d22-af7f-376efff7c09c@localhost,TitForTat,C,10,0,258,248
70,player_d3157403-631d-488b-b379-9953c4a61e5c@localhost,Random,C,player_3383ca6a-76dc-4d22-af7f-376efff7c09c@localhost,TitForTat,D,0,10,258,258
71,player_d3157403-631d-488b-b379-9953c4a61e5c@localhost,Random,C,player_3383ca6a-76dc-4d22-af7f-376efff7c09c@localhost,TitForTat,C,5,5,263,263
72,player_d3157403-631d-488b-b379-9953c4a61e5c@localhost,Random,D,player_3383ca6a-76dc-4d22-af7f-376efff7c09c@localhost,TitForTat,C,10,0,273,263
73,player_d3157403-631d-488b-b379-9953c4a61e5c@localhost,Random,D,player_3383ca6a-76dc-4d22-af7f-376efff7c09c@localhost,TitForTat,D,1,1,274,264
74,player_d3157403-631d-488b-b379-9953c4a61e5c@localhost,Random,D,player_3383ca6a-76dc-4d22-af7f-376efff7c09c@localhost,TitForTat,D,1,1,275,265
75,player_d3157403-631d-488b-b379-9953c4a61e5c@localhost,Random,D,player_3383ca6a-76dc-4d22-af7f-376efff7c09c@localhost,TitForTat,D,1,1,276,266
76,player_d3157403-631d-488b-b379-9953c4a61e5c@localhost,Random,D,player_3383ca6a-76dc-4d22-af7f-376efff7c09c@localhost,TitForTat,D,1,1,277,267
77,player_d3157403-631d-488b-b379-9953c4a61e5c@localhost,Random,C,player_3383ca6a-76dc-4d22-af7f-376efff7c09c@localhost,TitForTat,D,0,10,277,277
78,player_d3157403-631d-488b-b379-9953c4a61e5c@localhost,Random,D,player_3383ca6a-76dc-4d22-af7f-376efff7c09c@localhost,TitForTat,C,10,0,287,277
79,player_d3157403-631d-488b-b379-9953c4a61e5c@localhost,Random,D,player_3383ca6a-76dc-4d22-af7f-376efff7c09c@localhost,TitForTat,D,1,1,288,278
80,player_d3157403-631d-488b-b379-9953c4a61e5c@localhost,Random,D,player_3383ca6a-76dc-4d22-af7f-376efff7c09c@localhost,TitForTat,D,1,1,289,279
81,player_d3157403-631d-488b-b379-9953c4a61e5c@localhost,Random,C,player_3383ca6a-76dc-4d22-af7f-376efff7c09c@localhost,TitForTat,D,0,10,289,289
82,player_d3157403-631d-488b-b379-9953c4a61e5c@localhost,Random,C,player_3383ca6a-76dc-4d22-af7f-376efff7c09c@localhost,TitForTat,C,5,5,294,294
83,player_d3157403-631d-488b-b379-9953c4a61e5c@localhost,Random,C,player_3383ca6a-76dc-4d22-af7f-376efff7c09c@localhost,TitForTat,C,5,5,299,299
84,player_d3157403-631d-488b-b379-9953c4a61e5c@localhost,Random,C,player_3383ca6a-76dc-4d22-af7f-376efff7c09c@localhost,TitForTat,C,5,5,304,304
85,player_d3157403-631d-488b-b379-9953c4a61e5c@localhost,Random,C,player_3383ca6a-76dc-4d22-af7f-376efff7c09c@localhost,TitForTat,C,5,5,309,309
86,player_d3157403-631d-488b-b379-9953c4a61e5c@localhost,Random,D,player_3383ca6a-76dc-4d22-af7f-376efff7c09c@localhost,TitForTat,C,10,0,319,309
87,player_d3157403-631d-488b-b379-9953c4a61e5c@localhost,Random,D,player_3383ca6a-76dc-4d22-af7f-376efff7c09c@localhost,TitForTat,D,1,1,320,310
88,player_d3157403-631d-488b-b379-9953c4a61e5c@localhost,Random,D,player_3383ca6a-76dc-4d22-af7f-376efff7c09c@localhost,TitForTat,D,1,1,321,311
89,player_d3157403-631d-488b-b379-9953c4a61e5c@localhost,Random,C,player_3383ca6a-76dc-4d22-af7f-376efff7c09c@localhost,TitForTat,D,0,10,321,321
90,player_d3157403-631d-488b-b379-9953c4a61e5c@localhost,Random,D,player_3383ca6a-76dc-4d22-af7f-376efff7c09c@localhost,TitForTat,C,10,0,331,321
91,player_d3157403-631d-488b-b379-9953c4a61e5c@localhost,Random,D,player_3383ca6a-76dc-4d22-af7f-376efff7c09c@localhost,TitForTat,D,1,1,332,322
92,player_d3157403-631d-488b-b379-9953c4a61e5c@localhost,Random,C,player_3383ca6a-76dc-4d22-af7f-376efff7c09c@localhost,TitForTat,D,0,10,332,332
93,player_d3157403-631d-488b-b379-9953c4a61e5c@localhost,Random,D,player_3383ca6a-76dc-4d22-af7f-376efff7c09c@localhost,TitForTat,C,10,0,342,332
94,player_d3157403-631d-488b-b379-9953c4a61e5c@localhost,Random,D,player_3383ca6a-76dc-4d22-af7f-376efff7c09c@localhost,TitForTat,D,1,1,343,333
95,player_d3157403-631d-488b-b379-9953c4a61e5c@localhost,Random,D,player_3383ca6a-76dc-4d22-af7f-376efff7c09c@localhost,TitForTat,D,1,1,344,334
96,player_d3157403-631d-488b-b379-9953c4a61e5c@localhost,Random,C,player_3383ca6a-76dc-4d22-af7f-376efff7c09c@localhost,TitForTat,D,0,10,344,344
97,player_d3157403-631d-488b-b379-9953c4a61e5c@localhost,Random,C,player_3383ca6a-76dc-4d22-af7f-376efff7c09c@localhost,TitForTat,C,5,5,349,349
98,player_d3157403-631d-488b-b379-9953c4a61e5c@localhost,Random,D,player_3383ca6a-76dc-4d22-af7f-376efff7c09c@localhost,TitForTat,C,10,0,359,349
99,player_d3157403-631d-488b-b379-9953c4a61e5c@localhost,Random,D,player_3383ca6a-76dc-4d22-af7f-376efff7c09c@localhost,TitForTat,D,1,1,360,350
100,player_d3157403-631d-488b-b379-9953c4a61e5c@localhost,Random,C,player_3383ca6a-76dc-4d22-af7f-376efff7c09c@localhost,TitForTat,D,0,10,360,360
101,player_d3157403-631d-488b-b379-9953c4a61e5c@localhost,Random,D,player_3383ca6a-76dc-4d22-af7f-376efff7c09c@localhost,TitForTat,C,10,0,370,360
102,player_d3157403-631d-488b-b379-9953c4a61e5c@localhost,Random,C,player_3383ca6a-76dc-4d22-af7f-376efff7c09c@localhost,TitForTat,D,0,10,370,370
103,player_d3157403-631d-488b-b379-9953c4a61e5c@localhost,Random,C,player_3383ca6a-76dc-4d22-af7f-376efff7c09c@localhost,TitForTat,C,5,5,375,375
104,player_d3157403-631d-488b-b379-9953c4a61e5c@localhost,Random,C,player_3383ca6a-76dc-4d22-af7f-376efff7c09c@localhost,TitForTat,C,5,5,380,380
105,player_d3157403-631d-488b-b379-9953c4a61e5c@localhost,Random,D,player_3383ca6a-76dc-4d22-af7f-376efff7c09c@localhost,TitForTat,C,10,0,390,380
106,player_d3157403-631d-488b-b379-9953c4a61e5c@localhost,Random,C,player_3383ca6a-76dc-4d22-af7f-376efff7c09c@localhost,TitForTat,D,0,10,390,390
107,player_d3157403-631d-488b-b379-9953c4a61e5c@localhost,Random,C,player_3383ca6a-76dc-4d22-af7f-376efff7c09c@localhost,TitForTat,C,5,5,395,395
108,player_d3157403-631d-488b-b379-9953c4a61e5c@localhost,Random,D,player_3383ca6a-76dc-4d22-af7f-376efff7c09c@localhost,TitForTat,C,10,0,405,395
109,player_d3157403-631d-488b-b379-9953c4a61e5c@localhost,Random,D,player_3383ca6a-76dc-4d22-af7f-376efff7c09c@localhost,TitForTat,D,1,1,406,396
110,player_d3157403-631d-488b-b379-9953c4a61e5c@localhost,Random,D,player_3383ca6a-76dc-4d22-af7f-376efff7c09c@localhost,TitForTat,D,1,1,407,397
111,player_d3157403-631d-488b-b379-9953c4a61e5c@localhost,Random,C,player_3383ca6a-76dc-4d22-af7f-376efff7c09c@localhost,TitForTat,D,0,10,407,407
112,player_d3157403-631d-488b-b379-9953c4a61e5c@localhost,Random,C,player_3383ca6a-76dc-4d22-af7f-376efff7c09c@localhost,TitForTat,C,5,5,412,412
113,player_d3157403-631d-488b-b379-9953c4a61e5c@localhost,Random,C,player_3383ca6a-76dc-4d22-af7f-376efff7c09c@localhost,TitForTat,C,5,5,417,417
114,player_d3157403-631d-488b-b379-9953c4a61e5c@localhost,Random,C,player_3383ca6a-76dc-4d22-af7f-376efff7c09c@localhost,TitForTat,C,5,5,422,422
115,player_d3157403-631d-488b-b379-9953c4a61e5c@localhost,Random,D,player_3383ca6a-76dc-4d22-af7f-376efff7c09c@localhost,TitForTat,C,10,0,432,422
116,player_d3157403-631d-488b-b379-9953c4a61e5c@localhost,Random,D,player_3383ca6a-76dc-4d22-af7f-376efff7c09c@localhost,TitForTat,D,1,1,433,423
117,player_d3157403-631d-488b-b379-9953c4a61e5c@localhost,Random,D,player_3383ca6a-76dc-4d22-af7f-376efff7c09c@localhost,TitForTat,D,1,1,434,424
118,player_d3157403-631d-488b-b379-9953c4a61e5c@localhost,Random,D,player_3383ca6a-76dc-4d22-af7f-376efff7c09c@localhost,TitForTat,D,1,1,435,425
119,player_d3157403-631d-488b-b379-9953c4a61e5c@localhost,Random,C,player_3383ca6a-76dc-4d22-af7f-376efff7c09c@localhost,TitForTat,D,0,10,435,435
120,player_d3157403-631d-488b-b379-9953c4a61e5c@localhost,Random,D,player_3383ca6a-76dc-4d22-af7f-376efff7c09c@localhost,TitForTat,C,10,0,445,435
121,player_d3157403-631d-488b-b379-9953c4a61e5c@localhost,Random,C,player_3383ca6a-76dc-4d22-af7f-376efff7c09c@localhost,TitForTat,D,0,10,445,445
122,player_d3157403-631d-488b-b379-9953c4a61e5c@localhost,Random,D,player_3383ca6a-76dc-4d22-af7f-376efff7c09c@localhost,TitForTat,C,10,0,455,445
123,player_d3157403-631d-488b-b379-9953c4a61e5c@localhost,Random,D,player_3383ca6a-76dc-4d22-af7f-376efff7c09c@localhost,TitForTat,D,1,1,456,446
124,player_d3157403-631d-488b-b379-9953c4a61e5c@localhost,Random,C,player_3383ca6a-76dc-4d22-af7f-376efff7c09c@localhost,TitForTat,D,0,10,456,456
125,player_d3157403-631d-488b-b379-9953c4a61e5c@localhost,Random,C,player_3383ca6a-76dc-4d22-af7f-376efff7c09c@localhost,TitForTat,C,5,5,461,461
126,player_d3157403-631d-488b-b379-9953c4a61e5c@localhost,Random,C,player_3383ca6a-76dc-4d22-af7f-376efff7c09c@localhost,TitForTat,C,5,5,466,466
127,player_d3157403-631d-488b-b379-9953c4a61e5c@localhost,Random,C,player_3383ca6a-76dc-4d22-af7f-376efff7c09c@localhost,TitForTat,C,5,5,471,471
128,player_d3157403-631d-488b-b379-9953c4a61e5c@localhost,Random,C,player_3383ca6a-76dc-4d22-af7f-376efff7c09c@localhost,TitForTat,C,5,5,476,476
129,player_d3157403-631d-488b-b379-9953c4a61e5c@localhost,Random,D,player_3383ca6a-76dc-4d22-af7f-376efff7c09c@localhost,TitForTat,C,10,0,486,476
130,player_d3157403-631d-488b-b379-9953c4a61e5c@localhost,Random,D,player_3383ca6a-76dc-4d22-af7f-376efff7c09c@localhost,TitForTat,D,1,1,487,477
131,player_d3157403-631d-488b-b379-9953c4a61e5c@localhost,Random,D,player_3383ca6a-76dc-4d22-af7f-376efff7c09c@localhost,TitForTat,D,1,1,488,478
132,player_d3157403-631d-488b-b379-9953c4a61e5c@localhost,Random,C,player_3383ca6a-76dc-4d22-af7f-376efff7c09c@localhost,TitForTat,D,0,10,488,488
133,player_d3157403-631d-488b-b379-9953c4a61e5c@localhost,Random,C,player_3383ca6a-76dc-4d22-af7f-376efff7c09c@localhost,TitForTat,C,5,5,493,493
134,player_d3157403-631d-488b-b379-9953c4a61e5c@localhost,Random,C,player_3383ca6a-76dc-4d22-af7f-376efff7c09c@localhost,TitForTat,C,5,5,498,498
135,player_d3157403-631d-488b-b379-9953c4a61e5c@localhost,Random,C,player_3383ca6a-76dc-4d22-af7f-376efff7c09c@localhost,TitForTat,C,5,5,503,503
136,player_d3157403-631d-488b-b379-9953c4a61e5c@localhost,Random,D,player_3383ca6a-76dc-4d22-af7f-376efff7c09c@localhost,TitForTat,C,10,0,513,503
137,player_d3157403-631d-488b-b379-9953c4a61e5c@localhost,Random,C,player_3383ca6a-76dc-4d22-af7f-376efff7c09c@localhost,TitForTat,D,0,10,513,513
138,player_d3157403-631d-488b-b379-9953c4a61e5c@localhost,Random,D,player_3383ca6a-76dc-4d22-af7f-376efff7c09c@localhost,TitForTat,C,10,0,523,513
139,player_d3157403-631d-488b-b379-9953c4a61e5c@localhost,Random,C,player_3383ca6a-76dc-4d22-af7f-376efff7c09c@localhost,TitForTat,D,0,10,523,523
140,player_d3157403-631d-488b-b379-9953c4a61e5c@localhost,Random,D,player_3383ca6a-76dc-4d22-af7f-376efff7c09c@localhost,TitForTat,C,10,0,533,523
141,player_d3157403-631d-488b-b379-9953c4a61e5c@localhost,Random,C,player_3383ca6a-76dc-4d22-af7f-376efff7c09c@localhost,TitForTat,D,0,10,533,533
142,player_d3157403-631d-488b-b379-9953c4a61e5c@localhost,Random,C,player_3383ca6a-76dc-4d22-af7f-376efff7c09c@localhost,TitForTat,C,5,5,538,538
143,player_d3157403-631d-488b-b379-9953c4a61e5c@localhost,Random,D,player_3383ca6a-76dc-4d22-af7f-376efff7c09c@localhost,TitForTat,C,10,0,548,538
144,player_d3157403-631d-488b-b379-9953c4a61e5c@localhost,Random,D,player_3383ca6a-76dc-4d22-af7f-376efff7c09c@localhost,TitForTat,D,1,1,549,539
145,player_d3157403-631d-488b-b379-9953c4a61e5c@localhost,Random,C,player_3383ca6a-76dc-4d22-af7f-376efff7c09c@localhost,TitForTat,D,0,10,549,549
146,player_d3157403-631d-488b-b379-9953c4a61e5c@localhost,Random,C,player_3383ca6a-76dc-4d22-af7f-376efff7c09c@localhost,TitForTat,C,5,5,554,554
147,player_d3157403-631d-488b-b379-9953c4a61e5c@localhost,Random,D,player_3383ca6a-76dc-4d22-af7f-376efff7c09c@localhost,TitForTat,C,10,0,564,554
148,player_d3157403-631d-488b-b379-9953c4a61e5c@localhost,Random,C,player_3383ca6a-76dc-4d22-af7f-376efff7c09c@localhost,TitForTat,D,0,10,564,564
149,player_d3157403-631d-488b-b379-9953c4a61e5c@localhost,Random,D,player_3383ca6a-76dc-4d22-af7f-376efff7c09c@localhost,TitForTat,C,10,0,574,564
150,player_d3157403-631d-488b-b379-9953c4a61e5c@localhost,Random,C,player_3383ca6a-76dc-4d22-af7f-376efff7c09c@localhost,TitForTat,D,0,10,574,574
151,player_d3157403-631d-488b-b379-9953c4a61e5c@localhost,Random,C,player_3383ca6a-76dc-4d22-af7f-376efff7c09c@localhost,TitForTat,C,5,5,579,579
152,player_d3157403-631d-488b-b379-9953c4a61e5c@localhost,Random,C,player_3383ca6a-76dc-4d22-af7f-376efff7c09c@localhost,TitForTat,C,5,5,584,584
153,player_d3157403-631d-488b-b379-9953c4a61e5c@localhost,Random,D,player_3383ca6a-76dc-4d22-af7f-376efff7c09c@localhost,TitForTat,C,10,0,594,584
154,player_d3157403-631d-488b-b379-9953c4a61e5c@localhost,Random,C,player_3383ca6a-76dc-4d22-af7f-376efff7c09c@localhost,TitForTat,D,0,10,594,594
155,player_d3157403-631d-488b-b379-9953c4a61e5c@localhost,Random,D,player_3383ca6a-76dc-4d22-af7f-376efff7c09c@localhost,TitForTat,C,10,0,604,594
156,player_d3157403-631d-488b-b379-9953c4a61e5c@localhost,Random,C,player_3383ca6a-76dc-4d22-af7f-376efff7c09c@localhost,TitForTat,D,0,10,604,604
157,player_d3157403-631d-488b-b379-9953c4a61e5c@localhost,Random,D,player_3383ca6a-76dc-4d22-af7f-376efff7c09c@localhost,TitForTat,C,10,0,614,604
158,player_d3157403-631d-488b-b379-9953c4a61e5c@localhost,Random,C,player_3383ca6a-76dc-4d22-af7f-376efff7c09c@localhost,TitForTat,D,0,10,614,614
159,player_d3157403-631d-488b-b379-9953c4a61e5c@localhost,Random,C,player_3383ca6a-76dc-4d22-af7f-376efff7c09c@localhost,TitForTat,C,5,5,619,619
160,player_d3157403-631d-488b-b379-9953c4a61e5c@localhost,Random,D,player_3383ca6a-76dc-4d22-af7f-376efff7c09c@localhost,TitForTat,C,10,0,629,619
161,player_d3157403-631d-488b-b379-9953c4a61e5c@localhost,Random,C,player_3383ca6a-76dc-4d22-af7f-376efff7c09c@localhost,TitForTat,D,0,10,629,629
162,player_d3157403-631d-488b-b379-9953c4a61e5c@localhost,Random,D,player_3383ca6a-76dc-4d22-af7f-376efff7c09c@localhost,TitForTat,C,10,0,639,629
163,player_d3157403-631d-488b-b379-9953c4a61e5c@localhost,Random,D,player_3383ca6a-76dc-4d22-af7f-376efff7c09c@localhost,TitForTat,D,1,1,640,630
164,player_d3157403-631d-488b-b379-9953c4a61e5c@localhost,Random,D,player_3383ca6a-76dc-4d22-af7f-376efff7c09c@localhost,TitForTat,D,1,1,641,631
165,player_d3157403-631d-488b-b379-9953c4a61e5c@localhost,Random,C,player_3383ca6a-76dc-4d22-af7f-376efff7c09c@localhost,TitForTat,D,0,10,641,641
166,player_d3157403-631d-488b-b379-9953c4a61e5c@localhost,Random,C,player_3383ca6a-76dc-4d22-af7f-376efff7c09c@localhost,TitForTat,C,5,5,646,646
167,player_d3157403-631d-488b-b379-9953c4a61e5c@localhost,Random,D,player_3383ca6a-76dc-4d22-af7f-376efff7c09c@localhost,TitForTat,C,10,0,656,646
168,player_d3157403-631d-488b-b379-9953c4a61e5c@localhost,Random,C,player_3383ca6a-76dc-4d22-af7f-376efff7c09c@localhost,TitForTat,D,0,10,656,656
169,player_d3157403-631d-488b-b379-9953c4a61e5c@localhost,Random,C,player_3383ca6a-76dc-4d22-af7f-376efff7c09c@localhost,TitForTat,C,5,5,661,661
170,player_d3157403-631d-488b-b379-9953c4a61e5c@localhost,Random,C,player_3383ca6a-76dc-4d22-af7f-376efff7c09c@localhost,TitForTat,C,5,5,666,666
171,player_d3157403-631d-488b-b379-9953c4a61e5c@localhost,Random,D,player_3383ca6a-76dc-4d22-af7f-376efff7c09c@localhost,TitForTat,C,10,0,676,666
172,player_d3157403-631d-488b-b379-9953c4a61e5c@localhost,Random,D,player_3383ca6a-76dc-4d22-af7f-376efff7c09c@localhost,TitForTat,D,1,1,677,667
173,player_d3157403-631d-488b-b379-9953c4a61e5c@localhost,Random,D,player_3383ca6a-76dc-4d22-af7f-376efff7c09c@localhost,TitForTat,D,1,1,678,668
174,player_d3157403-631d-488b-b379-9953c4a61e5c@localhost,Random,C,player_3383ca6a-76dc-4d22-af7f-376efff7c09c@localhost,TitForTat,D,0,10,678,678
175,player_d3157403-631d-488b-b379-9953c4a61e5c@localhost,Random,D,player_3383ca6a-76dc-4d22-af7f-376efff7c09c@localhost,TitForTat,C,10,0,688,678
176,player_d3157403-631d-488b-b379-9953c4a61e5c@localhost,Random,D,player_3383ca6a-76dc-4d22-af7f-376efff7c09c@localhost,TitForTat,D,1,1,689,679
177,player_d3157403-631d-488b-b379-9953c4a61e5c@localhost,Random,D,player_3383ca6a-76dc-4d22-af7f-376efff7c09c@localhost,TitForTat,D,1,1,690,680
178,player_d3157403-631d-488b-b379-9953c4a61e5c@localhost,Random,C,player_3383ca6a-76dc-4d22-af7f-376efff7c09c@localhost,TitForTat,D,0,10,690,690
179,player_d3157403-631d-488b-b379-9953c4a61e5c@localhost,Random,D,player_3383ca6a-76dc-4d22-af7f-376efff7c09c@localhost,TitForTat,C,10,0,700,690
180,player_d3157403-631d-488b-b379-9953c4a61e5c@localhost,Random,D,player_3383ca6a-76dc-4d22-af7f-376efff7c09c@localhost,TitForTat,D,1,1,701,691
181,player_d3157403-631d-488b-b379-9953c4a61e5c@localhost,Random,C,player_3383ca6a-76dc-4d22-af7f-376efff7c09c@localhost,TitForTat,D,0,10,701,701
182,player_d3157403-631d-488b-b379-9953c4a61e5c@localhost,Random,C,player_3383ca6a-76dc-4d22-af7f-376efff7c09c@localhost,TitForTat,C,5,5,706,706
183,player_d3157403-631d-488b-b379-9953c4a61e5c@localhost,Random,C,player_3383ca6a-76dc-4d22-af7f-376efff7c09c@localhost,TitForTat,C,5,5,711,711
184,player_d3157403-631d-488b-b379-9953c4a61e5c@localhost,Random,D,player_3383ca6a-76dc-4d22-af7f-376efff7c09c@localhost,TitForTat,C,10,0,721,711
185,player_d3157403-631d-488b-b379-9953c4a61e5c@localhost,Random,C,player_3383ca6a-76dc-4d22-af7f-376efff7c09c@localhost,TitForTat,D,0,10,721,721
186,player_d3157403-631d-488b-b379-9953c4a61e5c@localhost,Random,D,player_3383ca6a-76dc-4d22-af7f-376efff7c09c@localhost,TitForTat,C,10,0,731,721
187,player_d3157403-631d-488b-b379-9953c4a61e5c@localhost,Random,C,player_3383ca6a-76dc-4d22-af7f-376efff7c09c@localhost,TitForTat,D,0,10,731,731
188,player_d3157403-631d-488b-b379-9953c4a61e5c@localhost,Random,C,player_3383ca6a-76dc-4d22-af7f-376efff7c09c@localhost,TitForTat,C,5,5,736,736
189,player_d3157403-631d-488b-b379-9953c4a61e5c@localhost,Random,D,player_3383ca6a-76dc-4d22-af7f-376efff7c09c@localhost,TitForTat,C,10,0,746,736
190,player_d3157403-631d-488b-b379-9953c4a61e5c@localhost,Random,D,player_3383ca6a-76dc-4d22-af7f-376efff7c09c@localhost,TitForTat,D,1,1,747,737
191,player_d3157403-631d-488b-b379-9953c4a61e5c@localhost,Random,C,player_3383ca6a-76dc-4d22-af7f-376efff7c09c@localhost,TitForTat,D,0,10,747,747
192,player_d3157403-631d-488b-b379-9953c4a61e5c@localhost,Random,D,player_3383ca6a-76dc-4d22-af7f-376efff7c09c@localhost,TitForTat,C,10,0,757,747
193,player_d3157403-631d-488b-b379-9953c4a61e5c@localhost,Random,C,player_3383ca6a-76dc-4d22-af7f-376efff7c09c@localhost,TitForTat,D,0,10,757,757
194,player_d3157403-631d-488b-b379-9953c4a61e5c@localhost,Random,C,player_3383ca6a-76dc-4d22-af7f-376efff7c09c@localhost,TitForTat,C,5,5,762,762
195,player_d3157403-631d-488b-b379-9953c4a61e5c@localhost,Random,D,player_3383ca6a-76dc-4d22-af7f-376efff7c09c@localhost,TitForTat,C,10,0,772,762
196,player_d3157403-631d-488b-b379-9953c4a61e5c@localhost,Random,D,player_3383ca6a-76dc-4d22-af7f-376efff7c09c@localhost,TitForTat,D,1,1,773,763
197,player_d3157403-631d-488b-b379-9953c4a61e5c@localhost,Random,C,player_3383ca6a-76dc-4d22-af7f-376efff7c09c@localhost,TitForTat,D,0,10,773,773
198,player_d3157403-631d-488b-b379-9953c4a61e5c@localhost,Random,C,player_3383ca6a-76dc-4d22-af7f-376efff7c09c@localhost,TitForTat,C,5,5,778,778
199,player_d3157403-631d-488b-b379-9953c4a61e5c@localhost,Random,D,player_3383ca6a-76dc-4d22-af7f-376efff7c09c@localhost,TitForTat,C,10,0,788,778
200,player_d3157403-631d-488b-b379-9953c4a61e5c@localhost,Random,D,player_3383ca6a-76dc-4d22-af7f-376efff7c09c@localhost,TitForTat,D,1,1,789,779
201,player_d3157403-631d-488b-b379-9953c4a61e5c@localhost,Random,D,player_3383ca6a-76dc-4d22-af7f-376efff7c09c@localhost,TitForTat,D,1,1,790,780
202,player_d3157403-631d-488b-b379-9953c4a61e5c@localhost,Random,D,player_3383ca6a-76dc-4d22-af7f-376efff7c09c@localhost,TitForTat,D,1,1,791,781
203,player_d3157403-631d-488b-b379-9953c4a61e5c@localhost,Random,C,player_3383ca6a-76dc-4d22-af7f-376efff7c09c@localhost,TitForTat,D,0,10,791,791
204,player_d3157403-631d-488b-b379-9953c4a61e5c@localhost,Random,D,player_3383ca6a-76dc-4d22-af7f-376efff7c09c@localhost,TitForTat,C,10,0,801,791
205,player_d3157403-631d-488b-b379-9953c4a61e5c@localhost,Random,D,player_3383ca6a-76dc-4d22-af7f-376efff7c09c@localhost,TitForTat,D,1,1,802,792
206,player_d3157403-631d-488b-b379-9953c4a61e5c@localhost,Random,C,player_3383ca6a-76dc-4d22-af7f-376efff7c09c@localhost,TitForTat,D,0,10,802,802
207,player_d3157403-631d-488b-b379-9953c4a61e5c@localhost,Random,C,player_3383ca6a-76dc-4d22-af7f-376efff7c09c@localhost,TitForTat,C,5,5,807,807
208,player_d3157403-631d-488b-b379-9953c4a61e5c@localhost,Random,C,player_3383ca6a-76dc-4d22-af7f-376efff7c09c@localhost,TitForTat,C,5,5,812,812
209,player_d3157403-631d-488b-b379-9953c4a61e5c@localhost,Random,D,player_3383ca6a-76dc-4d22-af7f-376efff7c09c@localhost,TitForTat,C,10,0,822,812
210,player_d3157403-631d-488b-b379-9953c4a61e5c@localhost,Random,D,player_3383ca6a-76dc-4d22-af7f-376efff7c09c@localhost,TitForTat,D,1,1,823,813
211,player_d3157403-631d-488b-b379-9953c4a61e5c@localhost,Random,D,player_3383ca6a-76dc-4d22-af7f-376efff7c09c@localhost,TitForTat,D,1,1,824,814
212,player_d3157403-631d-488b-b379-9953c4a61e5c@localhost,Random,D,player_3383ca6a-76dc-4d22-af7f-376efff7c09c@localhost,TitForTat,D,1,1,825,815
213,player_d3157403-631d-488b-b379-9953c4a61e5c@localhost,Random,C,player_3383ca6a-76dc-4d22-af7f-376efff7c09c@localhost,TitForTat,D,0,10,825,825
214,player_d3157403-631d-488b-b379-9953c4a61e5c@localhost,Random,D,player_3383ca6a-76dc-4d22-af7f-376efff7c09c@localhost,TitForTat,C,10,0,835,825
215,player_d3157403-631d-488b-b379-9953c4a61e5c@localhost,Random,D,player_3383ca6a-76dc-4d22-af7f-376efff7c09c@localhost,TitForTat,D,1,1,836,826
216,player_d3157403-631d-488b-b379-9953c4a61e5c@localhost,Random,D,player_3383ca6a-76dc-4d22-af7f-376efff7c09c@localhost,TitForTat,D,1,1,837,827
217,player_d3157403-631d-488b-b379-9953c4a61e5c@localhost,Random,C,player_3383ca6a-76dc-4d22-af7f-376efff7c09c@localhost,TitForTat,D,0,10,837,837
218,player_d3157403-631d-488b-b379-9953c4a61e5c@localhost,Random,C,player_3383ca6a-76dc-4d22-af7f-376efff7c09c@localhost,TitForTat,C,5,5,842,842
219,player_d3157403-631d-488b-b379-9953c4a61e5c@localhost,Random,D,player_3383ca6a-76dc-4d22-af7f-376efff7c09c@localhost,TitForTat,C,10,0,852,842
220,player_d3157403-631d-488b-b379-9953c4a61e5c@localhost,Random,C,player_3383ca6a-76dc-4d22-af7f-376efff7c09c@localhost,TitForTat,D,0,10,852,852
221,player_d3157403-631d-488b-b379-9953c4a61e5c@localhost,Random,C,player_3383ca6a-76dc-4d22-af7f-376efff7c09c@localhost,TitForTat,C,5,5,857,857
222,player_d3157403-631d-488b-b379-9953c4a61e5c@localhost,Random,D,player_3383ca6a-76dc-4d22-af7f-376efff7c09c@localhost,TitForTat,C,10,0,867,857
223,player_d3157403-631d-488b-b379-9953c4a61e5c@localhost,Random,C,player_3383ca6a-76dc-4d22-af7f-376efff7c09c@localhost,TitForTat,D,0,10,867,867
224,player_d3157403-631d-488b-b379-9953c4a61e5c@localhost,Random,D,player_3383ca6a-76dc-4d22-af7f-376efff7c09c@localhost,TitForTat,C,10,0,877,867
225,player_d3157403-631d-488b-b379-9953c4a61e5c@localhost,Random,D,player_3383ca6a-76dc-4d22-af7f-376efff7c09c@localhost,TitForTat,D,1,1,878,868
226,player_d3157403-631d-488b-b379-9953c4a61e5c@localhost,Random,D,player_3383ca6a-76dc-4d22-af7f-376efff7c09c@localhost,TitForTat,D,1,1,879,869
227,player_d3157403-631d-488b-b379-9953c4a61e5c@localhost,Random,D,player_3383ca6a-76dc-4d22-af7f-376efff7c09c@localhost,TitForTat,D,1,1,880,870
228,player_d3157403-631d-488b-b379-9953c4a61e5c@localhost,Random,C,player_3383ca6a-76dc-4d22-af7f-376efff7c09c@localhost,TitForTat,D,0,10,880,880
229,player_d3157403-631d-488b-b379-9953c4a61e5c@localhost,Random,C,player_3383ca6a-76dc-4d22-af7f-376efff7c09c@localhost,TitForTat,C,5,5,885,885
230,player_d3157403-631d-488b-b379-9953c4a61e5c@localhost,Random,C,player_3383ca6a-76dc-4d22-af7f-376efff7c09c@localhost,TitForTat,C,5,5,890,890
231,player_d3157403-631d-488b-b379-9953c4a61e5c@localhost,Random,C,player_3383ca6a-76dc-4d22-af7f-376efff7c09c@localhost,TitForTat,C,5,5,895,895
232,player_d3157403-631d-488b-b379-9953c4a61e5c@localhost,Random,C,player_3383ca6a-76dc-4d22-af7f-376efff7c09c@localhost,TitForTat,C,5,5,900,900
233,player_d3157403-631d-488b-b379-9953c4a61e5c@localhost,Random,C,player_3383ca6a-76dc-4d22-af7f-376efff7c09c@localhost,TitForTat,C,5,5,905,905
234,player_d3157403-631d-488b-b379-9953c4a61e5c@localhost,Random,D,player_3383ca6a-76dc-4d22-af7f-376efff7c09c@localhost,TitForTat,C,10,0,915,905
235,player_d3157403-631d-488b-b379-9953c4a61e5c@localhost,Random,C,player_3383ca6a-76dc-4d22-af7f-376efff7c09c@localhost,TitForTat,D,0,10,915,915
236,player_d3157403-631d-488b-b379-9953c4a61e5c@localhost,Random,D,player_3383ca6a-76dc-4d22-af7f-376efff7c09c@localhost,TitForTat,C,10,0,925,915
237,player_d3157403-631d-488b-b379-9953c4a61e5c@localhost,Random,D,player_3383ca6a-76dc-4d22-af7f-376efff7c09c@localhost,TitForTat,D,1,1,926,916
238,player_d3157403-631d-488b-b379-9953c4a61e5c@localhost,Random,D,player_3383ca6a-76dc-4d22-af7f-376efff7c09c@localhost,TitForTat,D,1,1,927,917
239,player_d3157403-631d-488b-b379-9953c4a61e5c@localhost,Random,C,player_3383ca6a-76dc-4d22-af7f-376efff7c09c@localhost,TitForTat,D,0,10,927,927
240,player_d3157403-631d-488b-b379-9953c4a61e5c@localhost,Random,D,player_3383ca6a-76dc-4d22-af7f-376efff7c09c@localhost,TitForTat,C,10,0,937,927
241,player_d3157403-631d-488b-b379-9953c4a61e5c@localhost,Random,C,player_3383ca6a-76dc-4d22-af7f-376efff7c09c@localhost,TitForTat,D,0,10,937,937
242,player_d3157403-631d-488b-b379-9953c4a61e5c@localhost,Random,D,player_3383ca6a-76dc-4d22-af7f-376efff7c09c@localhost,TitForTat,C,10,0,947,937
243,player_d3157403-631d-488b-b379-9953c4a61e5c@localhost,Random,C,player_3383ca6a-76dc-4d22-af7f-376efff7c09c@localhost,TitForTat,D,0,10,947,947
244,player_d3157403-631d-488b-b379-9953c4a61e5c@localhost,Random,D,player_3383ca6a-76dc-4d22-af7f-376efff7c09c@localhost,TitForTat,C,10,0,957,947
245,player_d3157403-631d-488b-b379-9953c4a61e5c@localhost,Random,C,player_3383ca6a-76dc-4d22-af7f-376efff7c09c@localhost,TitForTat,D,0,10,957,957
246,player_d3157403-631d-488b-b379-9953c4a61e5c@localhost,Random,D,player_3383ca6a-76dc-4d22-af7f-376efff7c09c@localhost,TitForTat,C,10,0,967,957
247,player_d3157403-631d-488b-b379-9953c4a61e5c@localhost,Random,D,player_3383ca6a-76dc-4d22-af7f-376efff7c09c@localhost,TitForTat,D,1,1,968,958
248,player_d3157403-631d-488b-b379-9953c4a61e5c@localhost,Random,D,player_3383ca6a-76dc-4d22-af7f-376efff7c09c@localhost,TitForTat,D,1,1,969,959
249,player_d3157403-631d-488b-b379-9953c4a61e5c@localhost,Random,D,player_3383ca6a-76dc-4d22-af7f-376efff7c09c@localhost,TitForTat,D,1,1,970,960
250,player_d3157403-631d-488b-b379-9953c4a61e5c@localhost,Random,C,player_3383ca6a-76dc-4d22-af7f-376efff7c09c@localhost,TitForTat,D,0,10,970,970
251,player_d3157403-631d-488b-b379-9953c4a61e5c@localhost,Random,C,player_3383ca6a-76dc-4d22-af7f-376efff7c09c@localhost,TitForTat,C,5,5,975,975
252,player_d3157403-631d-488b-b379-9953c4a61e5c@localhost,Random,C,player_3383ca6a-76dc-4d22-af7f-376efff7c09c@localhost,TitForTat,C,5,5,980,980
253,player_d3157403-631d-488b-b379-9953c4a61e5c@localhost,Random,D,player_3383ca6a-76dc-4d22-af7f-376efff7c09c@localhost,TitForTat,C,10,0,990,980
254,player_d3157403-631d-488b-b379-9953c4a61e5c@localhost,Random,D,player_3383ca6a-76dc-4d22-af7f-376efff7c09c@localhost,TitForTat,D,1,1,991,981
255,player_d3157403-631d-488b-b379-9953c4a61e5c@localhost,Random,C,player_3383ca6a-76dc-4d22-af7f-376efff7c09c@localhost,TitForTat,D,0,10,991,991
256,player_d3157403-631d-488b-b379-9953c4a61e5c@localhost,Random,D,player_3383ca6a-76dc-4d22-af7f-376efff7c09c@localhost,TitForTat,C,10,0,1001,991
257,player_d3157403-631d-488b-b379-9953c4a61e5c@localhost,Random,D,player_3383ca6a-76dc-4d22-af7f-376efff7c09c@localhost,TitForTat,D,1,1,1002,992
258,player_d3157403-631d-488b-b379-9953c4a61e5c@localhost,Random,D,player_3383ca6a-76dc-4d22-af7f-376efff7c09c@localhost,TitForTat,D,1,1,1003,993
259,player_d3157403-631d-488b-b379-9953c4a61e5c@localhost,Random,D,player_3383ca6a-76dc-4d22-af7f-376efff7c09c@localhost,TitForTat,D,1,1,1004,994
260,player_d3157403-631d-488b-b379-9953c4a61e5c@localhost,Random,D,player_3383ca6a-76dc-4d22-af7f-376efff7c09c@localhost,TitForTat,D,1,1,1005,995
261,player_d3157403-631d-488b-b379-9953c4a61e5c@localhost,Random,C,player_3383ca6a-76dc-4d22-af7f-376efff7c09c@localhost,TitForTat,D,0,10,1005,1005
262,player_d3157403-631d-488b-b379-9953c4a61e5c@localhost,Random,C,player_3383ca6a-76dc-4d22-af7f-376efff7c09c@localhost,TitForTat,C,5,5,1010,1010
263,player_d3157403-631d-488b-b379-9953c4a61e5c@localhost,Random,C,player_3383ca6a-76dc-4d22-af7f-376efff7c09c@localhost,TitForTat,C,5,5,1015,1015
264,player_d3157403-631d-488b-b379-9953c4a61e5c@localhost,Random,D,player_3383ca6a-76dc-4d22-af7f-376efff7c09c@localhost,TitForTat,C,10,0,1025,1015
265,player_d3157403-631d-488b-b379-9953c4a61e5c@localhost,Random,C,player_3383ca6a-76dc-4d22-af7f-376efff7c09c@localhost,TitForTat,D,0,10,1025,1025
266,player_d3157403-631d-488b-b379-9953c4a61e5c@localhost,Random,D,player_3383ca6a-76dc-4d22-af7f-376efff7c09c@localhost,TitForTat,C,10,0,1035,1025
267,player_d3157403-631d-488b-b379-9953c4a61e5c@localhost,Random,D,player_3383ca6a-76dc-4d22-af7f-376efff7c09c@localhost,TitForTat,D,1,1,1036,1026
268,player_d3157403-631d-488b-b379-9953c4a61e5c@localhost,Random,D,player_3383ca6a-76dc-4d22-af7f-376efff7c09c@localhost,TitForTat,D,1,1,1037,1027
269,player_d3157403-631d-488b-b379-9953c4a61e5c@localhost,Random,C,player_3383ca6a-76dc-4d22-af7f-376efff7c09c@localhost,TitForTat,D,0,10,1037,1037
270,player_d3157403-631d-488b-b379-9953c4a61e5c@localhost,Random,C,player_3383ca6a-76dc-4d22-af7f-376efff7c09c@localhost,TitForTat,C,5,5,1042,1042
271,player_d3157403-631d-488b-b379-9953c4a61e5c@localhost,Random,C,player_3383ca6a-76dc-4d22-af7f-376efff7c09c@localhost,TitForTat,C,5,5,1047,1047
272,player_d3157403-631d-488b-b379-9953c4a61e5c@localhost,Random,D,player_3383ca6a-76dc-4d22-af7f-376efff7c09c@localhost,TitForTat,C,10,0,1057,1047
273,player_d3157403-631d-488b-b379-9953c4a61e5c@localhost,Random,C,player_3383ca6a-76dc-4d22-af7f-376efff7c09c@localhost,TitForTat,D,0,10,1057,1057
274,player_d3157403-631d-488b-b379-9953c4a61e5c@localhost,Random,C,player_3383ca6a-76dc-4d22-af7f-376efff7c09c@localhost,TitForTat,C,5,5,1062,1062
275,player_d3157403-631d-488b-b379-9953c4a61e5c@localhost,Random,C,player_3383ca6a-76dc-4d22-af7f-376efff7c09c@localhost,TitForTat,C,5,5,1067,1067
276,player_d3157403-631d-488b-b379-9953c4a61e5c@localhost,Random,C,player_3383ca6a-76dc-4d22-af7f-376efff7c09c@localhost,TitForTat,C,5,5,1072,1072
277,player_d3157403-631d-488b-b379-9953c4a61e5c@localhost,Random,C,player_3383ca6a-76dc-4d22-af7f-376efff7c09c@localhost,TitForTat,C,5,5,1077,1077
278,player_d3157403-631d-488b-b379-9953c4a61e5c@localhost,Random,D,player_3383ca6a-76dc-4d22-af7f-376efff7c09c@localhost,TitForTat,C,10,0,1087,1077
279,player_d3157403-631d-488b-b379-9953c4a61e5c@localhost,Random,C,player_3383ca6a-76dc-4d22-af7f-376efff7c09c@localhost,TitForTat,D,0,10,1087,1087
280,player_d3157403-631d-488b-b379-9953c4a61e5c@localhost,Random,C,player_3383ca6a-76dc-4d22-af7f-376efff7c09c@localhost,TitForTat,C,5,5,1092,1092
281,player_d3157403-631d-488b-b379-9953c4a61e5c@localhost,Random,D,player_3383ca6a-76dc-4d22-af7f-376efff7c09c@localhost,TitForTat,C,10,0,1102,1092
282,player_d3157403-631d-488b-b379-9953c4a61e5c@localhost,Random,C,player_3383ca6a-76dc-4d22-af7f-376efff7c09c@localhost,TitForTat,D,0,10,1102,1102
283,player_d3157403-631d-488b-b379-9953c4a61e5c@localhost,Random,D,player_3383ca6a-76dc-4d22-af7f-376efff7c09c@localhost,TitForTat,C,10,0,1112,1102
284,player_d3157403-631d-488b-b379-9953c4a61e5c@localhost,Random,D,player_3383ca6a-76dc-4d22-af7f-376efff7c09c@localhost,TitForTat,D,1,1,1113,1103
285,player_d3157403-631d-488b-b379-9953c4a61e5c@localhost,Random,C,player_3383ca6a-76dc-4d22-af7f-376efff7c09c@localhost,TitForTat,D,0,10,1113,1113
286,player_d3157403-631d-488b-b379-9953c4a61e5c@localhost,Random,D,player_3383ca6a-76dc-4d22-af7f-376efff7c09c@localhost,TitForTat,C,10,0,1123,1113
287,player_d3157403-631d-488b-b379-9953c4a61e5c@localhost,Random,D,player_3383ca6a-76dc-4d22-af7f-376efff7c09c@localhost,TitForTat,D,1,1,1124,1114
288,player_d3157403-631d-488b-b379-9953c4a61e5c@localhost,Random,C,player_3383ca6a-76dc-4d22-af7f-376efff7c09c@localhost,TitForTat,D,0,10,1124,1124
289,player_d3157403-631d-488b-b379-9953c4a61e5c@localhost,Random,D,player_3383ca6a-76dc-4d22-af7f-376efff7c09c@localhost,TitForTat,C,10,0,1134,1124
290,player_d3157403-631d-488b-b379-9953c4a61e5c@localhost,Random,C,player_3383ca6a-76dc-4d22-af7f-376efff7c09c@localhost,TitForTat,D,0,10,1134,1134
291,player_d3157403-631d-488b-b379-9953c4a61e5c@localhost,Random,D,player_3383ca6a-76dc-4d22-af7f-376efff7c09c@localhost,TitForTat,C,10,0,1144,1134
292,player_d3157403-631d-488b-b379-9953c4a61e5c@localhost,Random,C,player_3383ca6a-76dc-4d22-af7f-376efff7c09c@localhost,TitForTat,D,0,10,1144,1144
293,player_d3157403-631d-488b-b379-9953c4a61e5c@localhost,Random,D,player_3383ca6a-76dc-4d22-af7f-376efff7c09c@localhost,TitForTat,C,10,0,1154,1144
294,player_d3157403-631d-488b-b379-9953c4a61e5c@localhost,Random,C,player_3383ca6a-76dc-4d22-af7f-376efff7c09c@localhost,TitForTat,D,0,10,1154,1154
295,player_d3157403-631d-488b-b379-9953c4a61e5c@localhost,Random,C,player_3383ca6a-76dc-4d22-af7f-376efff7c09c@localhost,TitForTat,C,5,5,1159,1159
296,player_d3157403-631d-488b-b379-9953c4a61e5c@localhost,Random,D,player_3383ca6a-76dc-4d22-af7f-376efff7c09c@localhost,TitForTat,C,10,0,1169,1159
297,player_d3157403-631d-488b-b379-9953c4a61e5c@localhost,Random,C,player_3383ca6a-76dc-4d22-af7f-376efff7c09c@localhost,TitForTat,D,0,10,1169,1169
298,player_d3157403-631d-488b-b379-9953c4a61e5c@localhost,Random,C,player_3383ca6a-76dc-4d22-af7f-376efff7c09c@localhost,TitForTat,C,5,5,1174,1174
299,player_d3157403-631d-488b-b379-9953c4a61e5c@localhost,Random,D,player_3383ca6a-76dc-4d22-af7f-376efff7c09c@localhost,TitForTat,C,10,0,1184,1174
300,player_d3157403-631d-488b-b379-9953c4a61e5c@localhost,Random,C,player_3383ca6a-76dc-4d22-af7f-376efff7c09c@localhost,TitForTat,D,0,10,1184,1184
301,player_d3157403-631d-488b-b379-9953c4a61e5c@localhost,Random,C,player_3383ca6a-76dc-4d22-af7f-376efff7c09c@localhost,TitForTat,C,5,5,1189,1189
302,player_d3157403-631d-488b-b379-9953c4a61e5c@localhost,Random,C,player_3383ca6a-76dc-4d22-af7f-376efff7c09c@localhost,TitForTat,C,5,5,1194,1194
303,player_d3157403-631d-488b-b379-9953c4a61e5c@localhost,Random,D,player_3383ca6a-76dc-4d22-af7f-376efff7c09c@localhost,TitForTat,C,10,0,1204,1194
304,player_d3157403-631d-488b-b379-9953c4a61e5c@localhost,Random,D,player_3383ca6a-76dc-4d22-af7f-376efff7c09c@localhost,TitForTat,D,1,1,1205,1195
305,player_d3157403-631d-488b-b379-9953c4a61e5c@localhost,Random,D,player_3383ca6a-76dc-4d22-af7f-376efff7c09c@localhost,TitForTat,D,1,1,1206,1196
306,player_d3157403-631d-488b-b379-9953c4a61e5c@localhost,Random,C,player_3383ca6a-76dc-4d22-af7f-376efff7c09c@localhost,TitForTat,D,0,10,1206,1206
307,player_d3157403-631d-488b-b379-9953c4a61e5c@localhost,Random,D,player_3383ca6a-76dc-4d22-af7f-376efff7c09c@localhost,TitForTat,C,10,0,1216,1206
308,player_d3157403-631d-488b-b379-9953c4a61e5c@localhost,Random,D,player_3383ca6a-76dc-4d22-af7f-376efff7c09c@localhost,TitForTat,D,1,1,1217,1207
309,player_d3157403-631d-488b-b379-9953c4a61e5c@localhost,Random,C,player_3383ca6a-76dc-4d22-af7f-376efff7c09c@localhost,TitForTat,D,0,10,1217,1217
310,player_d3157403-631d-488b-b379-9953c4a61e5c@localhost,Random,C,player_3383ca6a-76dc-4d22-af7f-376efff7c09c@localhost,TitForTat,C,5,5,1222,1222
311,player_d3157403-631d-488b-b379-9953c4a61e5c@localhost,Random,D,player_3383ca6a-76dc-4d22-af7f-376efff7c09c@localhost,TitForTat,C,10,0,1232,1222
312,player_d3157403-631d-488b-b379-9953c4a61e5c@localhost,Random,D,player_3383ca6a-76dc-4d22-af7f-376efff7c09c@localhost,TitForTat,D,1,1,1233,1223
313,player_d3157403-631d-488b-b379-9953c4a61e5c@localhost,Random,C,player_3383ca6a-76dc-4d22-af7f-376efff7c09c@localhost,TitForTat,D,0,10,1233,1233
314,player_d3157403-631d-488b-b379-9953c4a61e5c@localhost,Random,D,player_3383ca6a-76dc-4d22-af7f-376efff7c09c@localhost,TitForTat,C,10,0,1243,1233
315,player_d3157403-631d-488b-b379-9953c4a61e5c@localhost,Random,C,player_3383ca6a-76dc-4d22-af7f-376efff7c09c@localhost,TitForTat,D,0,10,1243,1243
316,player_d3157403-631d-488b-b379-9953c4a61e5c@localhost,Random,C,player_3383ca6a-76dc-4d22-af7f-376efff7c09c@localhost,TitForTat,C,5,5,1248,1248
317,player_d3157403-631d-488b-b379-9953c4a61e5c@localhost,Random,D,player_3383ca6a-76dc-4d22-af7f-376efff7c09c@localhost,TitForTat,C,10,0,1258,1248
318,player_d3157403-631d-488b-b379-9953c4a61e5c@localhost,Random,D,player_3383ca6a-76dc-4d22-af7f-376efff7c09c@localhost,TitForTat,D,1,1,1259,1249
319,player_d3157403-631d-488b-b379-9953c4a61e5c@localhost,Random,C,player_3383ca6a-76dc-4d22-af7f-376efff7c09c@localhost,TitForTat,D,0,10,1259,1259
320,player_d3157403-631d-488b-b379-9953c4a61e5c@localhost,Random,C,player_3383ca6a-76dc-4d22-af7f-376efff7c09c@localhost,TitForTat,C,5,5,1264,1264
321,player_d3157403-631d-488b-b379-9953c4a61e5c@localhost,Random,C,player_3383ca6a-76dc-4d22-af7f-376efff7c09c@localhost,TitForTat,C,5,5,1269,1269
322,player_d3157403-631d-488b-b379-9953c4a61e5c@localhost,Random,C,player_3383ca6a-76dc-4d22-af7f-376efff7c09c@localhost,TitForTat,C,5,5,1274,1274
323,player_d3157403-631d-488b-b379-9953c4a61e5c@localhost,Random,D,player_3383ca6a-76dc-4d22-af7f-376efff7c09c@localhost,TitForTat,C,10,0,1284,1274
324,player_d3157403-631d-488b-b379-9953c4a61e5c@localhost,Random,D,player_3383ca6a-76dc-4d22-af7f-376efff7c09c@localhost,TitForTat,D,1,1,1285,1275
325,player_d3157403-631d-488b-b379-9953c4a61e5c@localhost,Random,D,player_3383ca6a-76dc-4d22-af7f-376efff7c09c@localhost,TitForTat,D,1,1,1286,1276
326,player_d3157403-631d-488b-b379-9953c4a61e5c@localhost,Random,C,player_3383ca6a-76dc-4d22-af7f-376efff7c09c@localhost,TitForTat,D,0,10,1286,1286
327,player_d3157403-631d-488b-b379-9953c4a61e5c@localhost,Random,D,player_3383ca6a-76dc-4d22-af7f-376efff7c09c@localhost,TitForTat,C,10,0,1296,1286
328,player_d3157403-631d-488b-b379-9953c4a61e5c@localhost,Random,D,player_3383ca6a-76dc-4d22-af7f-376efff7c09c@localhost,TitForTat,D,1,1,1297,1287
329,player_d3157403-631d-488b-b379-9953c4a61e5c@localhost,Random,C,player_3383ca6a-76dc-4d22-af7f-376efff7c09c@localhost,TitForTat,D,0,10,1297,1297
330,player_d3157403-631d-488b-b379-9953c4a61e5c@localhost,Random,C,player_3383ca6a-76dc-4d22-af7f-376efff7c09c@localhost,TitForTat,C,5,5,1302,1302
331,player_d3157403-631d-488b-b379-9953c4a61e5c@localhost,Random,C,player_3383ca6a-76dc-4d22-af7f-376efff7c09c@localhost,TitForTat,C,5,5,1307,1307
332,player_d3157403-631d-488b-b379-9953c4a61e5c@localhost,Random,C,player_3383ca6a-76dc-4d22-af7f-376efff7c09c@localhost,TitForTat,C,5,5,1312,1312
333,player_d3157403-631d-488b-b379-9953c4a61e5c@localhost,Random,C,player_3383ca6a-76dc-4d22-af7f-376efff7c09c@localhost,TitForTat,C,5,5,1317,1317
334,player_d3157403-631d-488b-b379-9953c4a61e5c@localhost,Random,C,player_3383ca6a-76dc-4d22-af7f-376efff7c09c@localhost,TitForTat,C,5,5,1322,1322
335,player_d3157403-631d-488b-b379-9953c4a61e5c@localhost,Random,D,player_3383ca6a-76dc-4d22-af7f-376efff7c09c@localhost,TitForTat,C,10,0,1332,1322
336,player_d3157403-631d-488b-b379-9953c4a61e5c@localhost,Random,C,player_3383ca6a-76dc-4d22-af7f-376efff7c09c@localhost,TitForTat,D,0,10,1332,1332
337,player_d3157403-631d-488b-b379-9953c4a61e5c@localhost,Random,D,player_3383ca6a-76dc-4d22-af7f-376efff7c09c@localhost,TitForTat,C,10,0,1342,1332
338,player_d3157403-631d-488b-b379-9953c4a61e5c@localhost,Random,D,player_3383ca6a-76dc-4d22-af7f-376efff7c09c@localhost,TitForTat,D,1,1,1343,1333
339,player_d3157403-631d-488b-b379-9953c4a61e5c@localhost,Random,C,player_3383ca6a-76dc-4d22-af7f-376efff7c09c@localhost,TitForTat,D,0,10,1343,1343
340,player_d3157403-631d-488b-b379-9953c4a61e5c@localhost,Random,D,player_3383ca6a-76dc-4d22-af7f-376efff7c09c@localhost,TitForTat,C,10,0,1353,1343
341,player_d3157403-631d-488b-b379-9953c4a61e5c@localhost,Random,D,player_3383ca6a-76dc-4d22-af7f-376efff7c09c@localhost,TitForTat,D,1,1,1354,1344
342,player_d3157403-631d-488b-b379-9953c4a61e5c@localhost,Random,D,player_3383ca6a-76dc-4d22-af7f-376efff7c09c@localhost,TitForTat,D,1,1,1355,1345
343,player_d3157403-631d-488b-b379-9953c4a61e5c@localhost,Random,C,player_3383ca6a-76dc-4d22-af7f-376efff7c09c@localhost,TitForTat,D,0,10,1355,1355
344,player_d3157403-631d-488b-b379-9953c4a61e5c@localhost,Random,D,player_3383ca6a-76dc-4d22-af7f-376efff7c09c@localhost,TitForTat,C,10,0,1365,1355
345,player_d3157403-631d-488b-b379-9953c4a61e5c@localhost,Random,C,player_3383ca6a-76dc-4d22-af7f-376efff7c09c@localhost,TitForTat,D,0,10,1365,1365
346,player_d3157403-631d-488b-b379-9953c4a61e5c@localhost,Random,D,player_3383ca6a-76dc-4d22-af7f-376efff7c09c@localhost,TitForTat,C,10,0,1375,1365
347,player_d3157403-631d-488b-b379-9953c4a61e5c@localhost,Random,D,player_3383ca6a-76dc-4d22-af7f-376efff7c09c@localhost,TitForTat,D,1,1,1376,1366
348,player_d3157403-631d-488b-b379-9953c4a61e5c@localhost,Random,D,player_3383ca6a-76dc-4d22-af7f-376efff7c09c@localhost,TitForTat,D,1,1,1377,1367
349,player_d3157403-631d-488b-b379-9953c4a61e5c@localhost,Random,C,player_3383ca6a-76dc-4d22-af7f-376efff7c09c@localhost,TitForTat,D,0,10,1377,1377
350,player_d3157403-631d-488b-b379-9953c4a61e5c@localhost,Random,D,player_3383ca6a-76dc-4d22-af7f-376efff7c09c@localhost,TitForTat,C,10,0,1387,1377
351,player_d3157403-631d-488b-b379-9953c4a61e5c@localhost,Random,C,player_3383ca6a-76dc-4d22-af7f-376efff7c09c@localhost,TitForTat,D,0,10,1387,1387
352,player_d3157403-631d-488b-b379-9953c4a61e5c@localhost,Random,C,player_3383ca6a-76dc-4d22-af7f-376efff7c09c@localhost,TitForTat,C,5,5,1392,1392
353,player_d3157403-631d-488b-b379-9953c4a61e5c@localhost,Random,C,player_3383ca6a-76dc-4d22-af7f-376efff7c09c@localhost,TitForTat,C,5,5,1397,1397
354,player_d3157403-631d-488b-b379-9953c4a61e5c@localhost,Random,C,player_3383ca6a-76dc-4d22-af7f-376efff7c09c@localhost,TitForTat,C,5,5,1402,1402
355,player_d3157403-631d-488b-b379-9953c4a61e5c@localhost,Random,C,player_3383ca6a-76dc-4d22-af7f-376efff7c09c@localhost,TitForTat,C,5,5,1407,1407
356,player_d3157403-631d-488b-b379-9953c4a61e5c@localhost,Random,C,player_3383ca6a-76dc-4d22-af7f-376efff7c09c@localhost,TitForTat,C,5,5,1412,1412
357,player_d3157403-631d-488b-b379-9953c4a61e5c@localhost,Random,C,player_3383ca6a-76dc-4d22-af7f-376efff7c09c@localhost,TitForTat,C,5,5,1417,1417
358,player_d3157403-631d-488b-b379-9953c4a61e5c@localhost,Random,C,player_3383ca6a-76dc-4d22-af7f-376efff7c09c@localhost,TitForTat,C,5,5,1422,1422
359,player_d3157403-631d-488b-b379-9953c4a61e5c@localhost,Random,C,player_3383ca6a-76dc-4d22-af7f-376efff7c09c@localhost,TitForTat,C,5,5,1427,1427
360,player_d3157403-631d-488b-b379-9953c4a61e5c@localhost,Random,D,player_3383ca6a-76dc-4d22-af7f-376efff7c09c@localhost,TitForTat,C,10,0,1437,1427
361,player_d3157403-631d-488b-b379-9953c4a61e5c@localhost,Random,D,player_3383ca6a-76dc-4d22-af7f-376efff7c09c@localhost,TitForTat,D,1,1,1438,1428
362,player_d3157403-631d-488b-b379-9953c4a61e5c@localhost,Random,C,player_3383ca6a-76dc-4d22-af7f-376efff7c09c@localhost,TitForTat,D,0,10,1438,1438
363,player_d3157403-631d-488b-b379-9953c4a61e5c@localhost,Random,D,player_3383ca6a-76dc-4d22-af7f-376efff7c09c@localhost,TitForTat,C,10,0,1448,1438
364,player_d3157403-631d-488b-b379-9953c4a61e5c@localhost,Random,C,player_3383ca6a-76dc-4d22-af7f-376efff7c09c@localhost,TitForTat,D,0,10,1448,1448
365,player_d3157403-631d-488b-b379-9953c4a61e5c@localhost,Random,D,player_3383ca6a-76dc-4d22-af7f-376efff7c09c@localhost,TitForTat,C,10,0,1458,1448
366,player_d3157403-631d-488b-b379-9953c4a61e5c@localhost,Random,D,player_3383ca6a-76dc-4d22-af7f-376efff7c09c@localhost,TitForTat,D,1,1,1459,1449
367,player_d3157403-631d-488b-b379-9953c4a61e5c@localhost,Random,D,player_3383ca6a-76dc-4d22-af7f-376efff7c09c@localhost,TitForTat,D,1,1,1460,1450
368,player_d3157403-631d-488b-b379-9953c4a61e5c@localhost,Random,D,player_3383ca6a-76dc-4d22-af7f-376efff7c09c@localhost,TitForTat,D,1,1,1461,1451
369,player_d3157403-631d-488b-b379-9953c4a61e5c@localhost,Random,D,player_3383ca6a-76dc-4d22-af7f-376efff7c09c@localhost,TitForTat,D,1,1,1462,1452
370,player_d3157403-631d-488b-b379-9953c4a61e5c@localhost,Random,D,player_3383ca6a-76dc-4d22-af7f-376efff7c09c@localhost,TitForTat,D,1,1,1463,1453
371,player_d3157403-631d-488b-b379-9953c4a61e5c@localhost,Random,D,player_3383ca6a-76dc-4d22-af7f-376efff7c09c@localhost,TitForTat,D,1,1,1464,1454
372,player_d3157403-631d-488b-b379-9953c4a61e5c@localhost,Random,D,player_3383ca6a-76dc-4d22-af7f-376efff7c09c@localhost,TitForTat,D,1,1,1465,1455
373,player_d3157403-631d-488b-b379-9953c4a61e5c@localhost,Random,C,player_3383ca6a-76dc-4d22-af7f-376efff7c09c@localhost,TitForTat,D,0,10,1465,1465
374,player_d3157403-631d-488b-b379-9953c4a61e5c@localhost,Random,D,player_3383ca6a-76dc-4d22-af7f-376efff7c09c@localhost,TitForTat,C,10,0,1475,1465
375,player_d3157403-631d-488b-b379-9953c4a61e5c@localhost,Random,D,player_3383ca6a-76dc-4d22-af7f-376efff7c09c@localhost,TitForTat,D,1,1,1476,1466
376,player_d3157403-631d-488b-b379-9953c4a61e5c@localhost,Random,C,player_3383ca6a-76dc-4d22-af7f-376efff7c09c@localhost,TitForTat,D,0,10,1476,1476
377,player_d3157403-631d-488b-b379-9953c4a61e5c@localhost,Random,C,player_3383ca6a-76dc-4d22-af7f-376efff7c09c@localhost,TitForTat,C,5,5,1481,1481
378,player_d3157403-631d-488b-b379-9953c4a61e5c@localhost,Random,C,player_3383ca6a-76dc-4d22-af7f-376efff7c09c@localhost,TitForTat,C,5,5,1486,1486
379,player_d3157403-631d-488b-b379-9953c4a61e5c@localhost,Random,C,player_3383ca6a-76dc-4d22-af7f-376efff7c09c@localhost,TitForTat,C,5,5,1491,1491
380,player_d3157403-631d-488b-b379-9953c4a61e5c@localhost,Random,D,player_3383ca6a-76dc-4d22-af7f-376efff7c09c@localhost,TitForTat,C,10,0,1501,1491
381,player_d3157403-631d-488b-b379-9953c4a61e5c@localhost,Random,C,player_3383ca6a-76dc-4d22-af7f-376efff7c09c@localhost,TitForTat,D,0,10,1501,1501
382,player_d3157403-631d-488b-b379-9953c4a61e5c@localhost,Random,D,player_3383ca6a-76dc-4d22-af7f-376efff7c09c@localhost,TitForTat,C,10,0,1511,1501
383,player_d3157403-631d-488b-b379-9953c4a61e5c@localhost,Random,D,player_3383ca6a-76dc-4d22-af7f-376efff7c09c@localhost,TitForTat,D,1,1,1512,1502
384,player_d3157403-631d-488b-b379-9953c4a61e5c@localhost,Random,C,player_3383ca6a-76dc-4d22-af7f-376efff7c09c@localhost,TitForTat,D,0,10,1512,1512
385,player_d3157403-631d-488b-b379-9953c4a61e5c@localhost,Random,D,player_3383ca6a-76dc-4d22-af7f-376efff7c09c@localhost,TitForTat,C,10,0,1522,1512
386,player_d3157403-631d-488b-b379-9953c4a61e5c@localhost,Random,D,player_3383ca6a-76dc-4d22-af7f-376efff7c09c@localhost,TitForTat,D,1,1,1523,1513
387,player_d3157403-631d-488b-b379-9953c4a61e5c@localhost,Random,C,player_3383ca6a-76dc-4d22-af7f-376efff7c09c@localhost,TitForTat,D,0,10,1523,1523
388,player_d3157403-631d-488b-b379-9953c4a61e5c@localhost,Random,D,player_3383ca6a-76dc-4d22-af7f-376efff7c09c@localhost,TitForTat,C,10,0,1533,1523
389,player_d3157403-631d-488b-b379-9953c4a61e5c@localhost,Random,C,player_3383ca6a-76dc-4d22-af7f-376efff7c09c@localhost,TitForTat,D,0,10,1533,1533
390,player_d3157403-631d-488b-b379-9953c4a61e5c@localhost,Random,D,player_3383ca6a-76dc-4d22-af7f-376efff7c09c@localhost,TitForTat,C,10,0,1543,1533
391,player_d3157403-631d-488b-b379-9953c4a61e5c@localhost,Random,C,player_3383ca6a-76dc-4d22-af7f-376efff7c09c@localhost,TitForTat,D,0,10,1543,1543
392,player_d3157403-631d-488b-b379-9953c4a61e5c@localhost,Random,D,player_3383ca6a-76dc-4d22-af7f-376efff7c09c@localhost,TitForTat,C,10,0,1553,1543
393,player_d3157403-631d-488b-b379-9953c4a61e5c@localhost,Random,D,player_3383ca6a-76dc-4d22-af7f-376efff7c09c@localhost,TitForTat,D,1,1,1554,1544
394,player_d3157403-631d-488b-b379-9953c4a61e5c@localhost,Random,C,player_3383ca6a-76dc-4d22-af7f-376efff7c09c@localhost,TitForTat,D,0,10,1554,1554
395,player_d3157403-631d-488b-b379-9953c4a61e5c@localhost,Random,C,player_3383ca6a-76dc-4d22-af7f-376efff7c09c@localhost,TitForTat,C,5,5,1559,1559
396,player_d3157403-631d-488b-b379-9953c4a61e5c@localhost,Random,C,player_3383ca6a-76dc-4d22-af7f-376efff7c09c@localhost,TitForTat,C,5,5,1564,1564
397,player_d3157403-631d-488b-b379-9953c4a61e5c@localhost,Random,D,player_3383ca6a-76dc-4d22-af7f-376efff7c09c@localhost,TitForTat,C,10,0,1574,1564
398,player_d3157403-631d-488b-b379-9953c4a61e5c@localhost,Random,C,player_3383ca6a-76dc-4d22-af7f-376efff7c09c@localhost,TitForTat,D,0,10,1574,1574
399,player_d3157403-631d-488b-b379-9953c4a61e5c@localhost,Random,D,player_3383ca6a-76dc-4d22-af7f-376efff7c09c@localhost,TitForTat,C,10,0,1584,1574
400,player_d3157403-631d-488b-b379-9953c4a61e5c@localhost,Random,D,player_3383ca6a-76dc-4d22-af7f-376efff7c09c@localhost,TitForTat,D,1,1,1585,1575
401,player_d3157403-631d-488b-b379-9953c4a61e5c@localhost,Random,C,player_3383ca6a-76dc-4d22-af7f-376efff7c09c@localhost,TitForTat,D,0,10,1585,1585
402,player_d3157403-631d-488b-b379-9953c4a61e5c@localhost,Random,C,player_3383ca6a-76dc-4d22-af7f-376efff7c09c@localhost,TitForTat,C,5,5,1590,1590
403,player_d3157403-631d-488b-b379-9953c4a61e5c@localhost,Random,D,player_3383ca6a-76dc-4d22-af7f-376efff7c09c@localhost,TitForTat,C,10,0,1600,1590
404,player_d3157403-631d-488b-b379-9953c4a61e5c@localhost,Random,D,player_3383ca6a-76dc-4d22-af7f-376efff7c09c@localhost,TitForTat,D,1,1,1601,1591
405,player_d3157403-631d-488b-b379-9953c4a61e5c@localhost,Random,C,player_3383ca6a-76dc-4d22-af7f-376efff7c09c@localhost,TitForTat,D,0,10,1601,1601
406,player_d3157403-631d-488b-b379-9953c4a61e5c@localhost,Random,D,player_3383ca6a-76dc-4d22-af7f-376efff7c09c@localhost,TitForTat,C,10,0,1611,1601
407,player_d3157403-631d-488b-b379-9953c4a61e5c@localhost,Random,C,player_3383ca6a-76dc-4d22-af7f-376efff7c09c@localhost,TitForTat,D,0,10,1611,1611
408,player_d3157403-631d-488b-b379-9953c4a61e5c@localhost,Random,D,player_3383ca6a-76dc-4d22-af7f-376efff7c09c@localhost,TitForTat,C,10,0,1621,1611
409,player_d3157403-631d-488b-b379-9953c4a61e5c@localhost,Random,D,player_3383ca6a-76dc-4d22-af7f-376efff7c09c@localhost,TitForTat,D,1,1,1622,1612
410,player_d3157403-631d-488b-b379-9953c4a61e5c@localhost,Random,C,player_3383ca6a-76dc-4d22-af7f-376efff7c09c@localhost,TitForTat,D,0,10,1622,1622
411,player_d3157403-631d-488b-b379-9953c4a61e5c@localhost,Random,C,player_3383ca6a-76dc-4d22-af7f-376efff7c09c@localhost,TitForTat,C,5,5,1627,1627
412,player_d3157403-631d-488b-b379-9953c4a61e5c@localhost,Random,C,player_3383ca6a-76dc-4d22-af7f-376efff7c09c@localhost,TitForTat,C,5,5,1632,1632
413,player_d3157403-631d-488b-b379-9953c4a61e5c@localhost,Random,D,player_3383ca6a-76dc-4d22-af7f-376efff7c09c@localhost,TitForTat,C,10,0,1642,1632
414,player_d3157403-631d-488b-b379-9953c4a61e5c@localhost,Random,C,player_3383ca6a-76dc-4d22-af7f-376efff7c09c@localhost,TitForTat,D,0,10,1642,1642
415,player_d3157403-631d-488b-b379-9953c4a61e5c@localhost,Random,D,player_3383ca6a-76dc-4d22-af7f-376efff7c09c@localhost,TitForTat,C,10,0,1652,1642
416,player_d3157403-631d-488b-b379-9953c4a61e5c@localhost,Random,C,player_3383ca6a-76dc-4d22-af7f-376efff7c09c@localhost,TitForTat,D,0,10,1652,1652
417,player_d3157403-631d-488b-b379-9953c4a61e5c@localhost,Random,D,player_3383ca6a-76dc-4d22-af7f-376efff7c09c@localhost,TitForTat,C,10,0,1662,1652
418,player_d3157403-631d-488b-b379-9953c4a61e5c@localhost,Random,C,player_3383ca6a-76dc-4d22-af7f-376efff7c09c@localhost,TitForTat,D,0,10,1662,1662
419,player_d3157403-631d-488b-b379-9953c4a61e5c@localhost,Random,D,player_3383ca6a-76dc-4d22-af7f-376efff7c09c@localhost,TitForTat,C,10,0,1672,1662
420,player_d3157403-631d-488b-b379-9953c4a61e5c@localhost,Random,C,player_3383ca6a-76dc-4d22-af7f-376efff7c09c@localhost,TitForTat,D,0,10,1672,1672
421,player_d3157403-631d-488b-b379-9953c4a61e5c@localhost,Random,C,player_3383ca6a-76dc-4d22-af7f-376efff7c09c@localhost,TitForTat,C,5,5,1677,1677
422,player_d3157403-631d-488b-b379-9953c4a61e5c@localhost,Random,D,player_3383ca6a-76dc-4d22-af7f-376efff7c09c@localhost,TitForTat,C,10,0,1687,1677
423,player_d3157403-631d-488b-b379-9953c4a61e5c@localhost,Random,D,player_3383ca6a-76dc-4d22-af7f-376efff7c09c@localhost,TitForTat,D,1,1,1688,1678
424,player_d3157403-631d-488b-b379-9953c4a61e5c@localhost,Random,C,player_3383ca6a-76dc-4d22-af7f-376efff7c09c@localhost,TitForTat,D,0,10,1688,1688
425,player_d3157403-631d-488b-b379-9953c4a61e5c@localhost,Random,D,player_3383ca6a-76dc-4d22-af7f-376efff7c09c@localhost,TitForTat,C,10,0,1698,1688
426,player_d3157403-631d-488b-b379-9953c4a61e5c@localhost,Random,D,player_3383ca6a-76dc-4d22-af7f-376efff7c09c@localhost,TitForTat,D,1,1,1699,1689
427,player_d3157403-631d-488b-b379-9953c4a61e5c@localhost,Random,D,player_3383ca6a-76dc-4d22-af7f-376efff7c09c@localhost,TitForTat,D,1,1,1700,1690
428,player_d3157403-631d-488b-b379-9953c4a61e5c@localhost,Random,C,player_3383ca6a-76dc-4d22-af7f-376efff7c09c@localhost,TitForTat,D,0,10,1700,1700
429,player_d3157403-631d-488b-b379-9953c4a61e5c@localhost,Random,C,player_3383ca6a-76dc-4d22-af7f-376efff7c09c@localhost,TitForTat,C,5,5,1705,1705
430,player_d3157403-631d-488b-b379-9953c4a61e5c@localhost,Random,C,player_3383ca6a-76dc-4d22-af7f-376efff7c09c@localhost,TitForTat,C,5,5,1710,1710
431,player_d3157403-631d-488b-b379-9953c4a61e5c@localhost,Random,C,player_3383ca6a-76dc-4d22-af7f-376efff7c09c@localhost,TitForTat,C,5,5,1715,1715
432,player_d3157403-631d-488b-b379-9953c4a61e5c@localhost,Random,C,player_3383ca6a-76dc-4d22-af7f-376efff7c09c@localhost,TitForTat,C,5,5,1720,1720
433,player_d3157403-631d-488b-b379-9953c4a61e5c@localhost,Random,C,player_3383ca6a-76dc-4d22-af7f-376efff7c09c@localhost,TitForTat,C,5,5,1725,1725
434,player_d3157403-631d-488b-b379-9953c4a61e5c@localhost,Random,C,player_3383ca6a-76dc-4d22-af7f-376efff7c09c@localhost,TitForTat,C,5,5,1730,1730
435,player_d3157403-631d-488b-b379-9953c4a61e5c@localhost,Random,C,player_3383ca6a-76dc-4d22-af7f-376efff7c09c@localhost,TitForTat,C,5,5,1735,1735
436,player_d3157403-631d-488b-b379-9953c4a61e5c@localhost,Random,D,player_3383ca6a-76dc-4d22-af7f-376efff7c09c@localhost,TitForTat,C,10,0,1745,1735
437,player_d3157403-631d-488b-b379-9953c4a61e5c@localhost,Random,D,player_3383ca6a-76dc-4d22-af7f-376efff7c09c@localhost,TitForTat,D,1,1,1746,1736
438,player_d3157403-631d-488b-b379-9953c4a61e5c@localhost,Random,C,player_3383ca6a-76dc-4d22-af7f-376efff7c09c@localhost,TitForTat,D,0,10,1746,1746
439,player_d3157403-631d-488b-b379-9953c4a61e5c@localhost,Random,C,player_3383ca6a-76dc-4d22-af7f-376efff7c09c@localhost,TitForTat,C,5,5,1751,1751
440,player_d3157403-631d-488b-b379-9953c4a61e5c@localhost,Random,D,player_3383ca6a-76dc-4d22-af7f-376efff7c09c@localhost,TitForTat,C,10,0,1761,1751
441,player_d3157403-631d-488b-b379-9953c4a61e5c@localhost,Random,C,player_3383ca6a-76dc-4d22-af7f-376efff7c09c@localhost,TitForTat,D,0,10,1761,1761
442,player_d3157403-631d-488b-b379-9953c4a61e5c@localhost,Random,C,player_3383ca6a-76dc-4d22-af7f-376efff7c09c@localhost,TitForTat,C,5,5,1766,1766
443,player_d3157403-631d-488b-b379-9953c4a61e5c@localhost,Random,C,player_3383ca6a-76dc-4d22-af7f-376efff7c09c@localhost,TitForTat,C,5,5,1771,1771
444,player_d3157403-631d-488b-b379-9953c4a61e5c@localhost,Random,C,player_3383ca6a-76dc-4d22-af7f-376efff7c09c@localhost,TitForTat,C,5,5,1776,1776
445,player_d3157403-631d-488b-b379-9953c4a61e5c@localhost,Random,C,player_3383ca6a-76dc-4d22-af7f-376efff7c09c@localhost,TitForTat,C,5,5,1781,1781
446,player_d3157403-631d-488b-b379-9953c4a61e5c@localhost,Random,C,player_3383ca6a-76dc-4d22-af7f-376efff7c09c@localhost,TitForTat,C,5,5,1786,1786
447,player_d3157403-631d-488b-b379-9953c4a61e5c@localhost,Random,C,player_3383ca6a-76dc-4d22-af7f-376efff7c09c@localhost,TitForTat,C,5,5,1791,1791
448,player_d3157403-631d-488b-b379-9953c4a61e5c@localhost,Random,C,player_3383ca6a-76dc-4d22-af7f-376efff7c09c@localhost,TitForTat,C,5,5,1796,1796
449,player_d3157403-631d-488b-b379-9953c4a61e5c@localhost,Random,D,player_3383ca6a-76dc-4d22-af7f-376efff7c09c@localhost,TitForTat,C,10,0,1806,1796
450,player_d3157403-631d-488b-b379-9953c4a61e5c@localhost,Random,C,player_3383ca6a-76dc-4d22-af7f-376efff7c09c@localhost,TitForTat,D,0,10,1806,1806
451,player_d3157403-631d-488b-b379-9953c4a61e5c@localhost,Random,C,player_3383ca6a-76dc-4d22-af7f-376efff7c09c@localhost,TitForTat,C,5,5,1811,1811
452,player_d3157403-631d-488b-b379-9953c4a61e5c@localhost,Random,C,player_3383ca6a-76dc-4d22-af7f-376efff7c09c@localhost,TitForTat,C,5,5,1816,1816
453,player_d3157403-631d-488b-b379-9953c4a61e5c@localhost,Random,D,player_3383ca6a-76dc-4d22-af7f-376efff7c09c@localhost,TitForTat,C,10,0,1826,1816
454,player_d3157403-631d-488b-b379-9953c4a61e5c@localhost,Random,C,player_3383ca6a-76dc-4d22-af7f-376efff7c09c@localhost,TitForTat,D,0,10,1826,1826
455,player_d3157403-631d-488b-b379-9953c4a61e5c@localhost,Random,D,player_3383ca6a-76dc-4d22-af7f-376efff7c09c@localhost,TitForTat,C,10,0,1836,1826
456,player_d3157403-631d-488b-b379-9953c4a61e5c@localhost,Random,C,player_3383ca6a-76dc-4d22-af7f-376efff7c09c@localhost,TitForTat,D,0,10,1836,1836
457,player_d3157403-631d-488b-b379-9953c4a61e5c@localhost,Random,D,player_3383ca6a-76dc-4d22-af7f-376efff7c09c@localhost,TitForTat,C,10,0,1846,1836
458,player_d3157403-631d-488b-b379-9953c4a61e5c@localhost,Random,C,player_3383ca6a-76dc-4d22-af7f-376efff7c09c@localhost,TitForTat,D,0,10,1846,1846
459,player_d3157403-631d-488b-b379-9953c4a61e5c@localhost,Random,C,player_3383ca6a-76dc-4d22-af7f-376efff7c09c@localhost,TitForTat,C,5,5,1851,1851
460,player_d3157403-631d-488b-b379-9953c4a61e5c@localhost,Random,C,player_3383ca6a-76dc-4d22-af7f-376efff7c09c@localhost,TitForTat,C,5,5,1856,1856
461,player_d3157403-631d-488b-b379-9953c4a61e5c@localhost,Random,D,player_3383ca6a-76dc-4d22-af7f-376efff7c09c@localhost,TitForTat,C,10,0,1866,1856
462,player_d3157403-631d-488b-b379-9953c4a61e5c@localhost,Random,C,player_3383ca6a-76dc-4d22-af7f-376efff7c09c@localhost,TitForTat,D,0,10,1866,1866
463,player_d3157403-631d-488b-b379-9953c4a61e5c@localhost,Random,D,player_3383ca6a-76dc-4d22-af7f-376efff7c09c@localhost,TitForTat,C,10,0,1876,1866
464,player_d3157403-631d-488b-b379-9953c4a61e5c@localhost,Random,D,player_3383ca6a-76dc-4d22-af7f-376efff7c09c@localhost,TitForTat,D,1,1,1877,1867
465,player_d3157403-631d-488b-b379-9953c4a61e5c@localhost,Random,D,player_3383ca6a-76dc-4d22-af7f-376efff7c09c@localhost,TitForTat,D,1,1,1878,1868
466,player_d3157403-631d-488b-b379-9953c4a61e5c@localhost,Random,D,player_3383ca6a-76dc-4d22-af7f-376efff7c09c@localhost,TitForTat,D,1,1,1879,1869
467,player_d3157403-631d-488b-b379-9953c4a61e5c@localhost,Random,C,player_3383ca6a-76dc-4d22-af7f-376efff7c09c@localhost,TitForTat,D,0,10,1879,1879
468,player_d3157403-631d-488b-b379-9953c4a61e5c@localhost,Random,C,player_3383ca6a-76dc-4d22-af7f-376efff7c09c@localhost,TitForTat,C,5,5,1884,1884
469,player_d3157403-631d-488b-b379-9953c4a61e5c@localhost,Random,D,player_3383ca6a-76dc-4d22-af7f-376efff7c09c@localhost,TitForTat,C,10,0,1894,1884
470,player_d3157403-631d-488b-b379-9953c4a61e5c@localhost,Random,D,player_3383ca6a-76dc-4d22-af7f-376efff7c09c@localhost,TitForTat,D,1,1,1895,1885
471,player_d3157403-631d-488b-b379-9953c4a61e5c@localhost,Random,D,player_3383ca6a-76dc-4d22-af7f-376efff7c09c@localhost,TitForTat,D,1,1,1896,1886
472,player_d3157403-631d-488b-b379-9953c4a61e5c@localhost,Random,C,player_3383ca6a-76dc-4d22-af7f-376efff7c09c@localhost,TitForTat,D,0,10,1896,1896
473,player_d3157403-631d-488b-b379-9953c4a61e5c@localhost,Random,C,player_3383ca6a-76dc-4d22-af7f-376efff7c09c@localhost,TitForTat,C,5,5,1901,1901
474,player_d3157403-631d-488b-b379-9953c4a61e5c@localhost,Random,D,player_3383ca6a-76dc-4d22-af7f-376efff7c09c@localhost,TitForTat,C,10,0,1911,1901
475,player_d3157403-631d-488b-b379-9953c4a61e5c@localhost,Random,C,player_3383ca6a-76dc-4d22-af7f-376efff7c09c@localhost,TitForTat,D,0,10,1911,1911
476,player_d3157403-631d-488b-b379-9953c4a61e5c@localhost,Random,C,player_3383ca6a-76dc-4d22-af7f-376efff7c09c@localhost,TitForTat,C,5,5,1916,1916
477,player_d3157403-631d-488b-b379-9953c4a61e5c@localhost,Random,D,player_3383ca6a-76dc-4d22-af7f-376efff7c09c@localhost,TitForTat,C,10,0,1926,1916
478,player_d3157403-631d-488b-b379-9953c4a61e5c@localhost,Random,C,player_3383ca6a-76dc-4d22-af7f-376efff7c09c@localhost,TitForTat,D,0,10,1926,1926
479,player_d3157403-631d-488b-b379-9953c4a61e5c@localhost,Random,C,player_3383ca6a-76dc-4d22-af7f-376efff7c09c@localhost,TitForTat,C,5,5,1931,1931
480,player_d3157403-631d-488b-b379-9953c4a61e5c@localhost,Random,D,player_3383ca6a-76dc-4d22-af7f-376efff7c09c@localhost,TitForTat,C,10,0,1941,1931
481,player_d3157403-631d-488b-b379-9953c4a61e5c@localhost,Random,D,player_3383ca6a-76dc-4d22-af7f-376efff7c09c@localhost,TitForTat,D,1,1,1942,1932
482,player_d3157403-631d-488b-b379-9953c4a61e5c@localhost,Random,D,player_3383ca6a-76dc-4d22-af7f-376efff7c09c@localhost,TitForTat,D,1,1,1943,1933
483,player_d3157403-631d-488b-b379-9953c4a61e5c@localhost,Random,D,player_3383ca6a-76dc-4d22-af7f-376efff7c09c@localhost,TitForTat,D,1,1,1944,1934
484,player_d3157403-631d-488b-b379-9953c4a61e5c@localhost,Random,C,player_3383ca6a-76dc-4d22-af7f-376efff7c09c@localhost,TitForTat,D,0,10,1944,1944
485,player_d3157403-631d-488b-b379-9953c4a61e5c@localhost,Random,C,player_3383ca6a-76dc-4d22-af7f-376efff7c09c@localhost,TitForTat,C,5,5,1949,1949
486,player_d3157403-631d-488b-b379-9953c4a61e5c@localhost,Random,D,player_3383ca6a-76dc-4d22-af7f-376efff7c09c@localhost,TitForTat,C,10,0,1959,1949
487,player_d3157403-631d-488b-b379-9953c4a61e5c@localhost,Random,D,player_3383ca6a-76dc-4d22-af7f-376efff7c09c@localhost,TitForTat,D,1,1,1960,1950
488,player_d3157403-631d-488b-b379-9953c4a61e5c@localhost,Random,C,player_3383ca6a-76dc-4d22-af7f-376efff7c09c@localhost,TitForTat,D,0,10,1960,1960
489,player_d3157403-631d-488b-b379-9953c4a61e5c@localhost,Random,D,player_3383ca6a-76dc-4d22-af7f-376efff7c09c@localhost,TitForTat,C,10,0,1970,1960
490,player_d3157403-631d-488b-b379-9953c4a61e5c@localhost,Random,C,player_3383ca6a-76dc-4d22-af7f-376efff7c09c@localhost,TitForTat,D,0,10,1970,1970
491,player_d3157403-631d-488b-b379-9953c4a61e5c@localhost,Random,C,player_3383ca6a-76dc-4d22-af7f-376efff7c09c@localhost,TitForTat,C,5,5,1975,1975
492,player_d3157403-631d-488b-b379-9953c4a61e5c@localhost,Random,D,player_3383ca6a-76dc-4d22-af7f-376efff7c09c@localhost,TitForTat,C,10,0,1985,1975
493,player_d3157403-631d-488b-b379-9953c4a61e5c@localhost,Random,C,player_3383ca6a-76dc-4d22-af7f-376efff7c09c@localhost,TitForTat,D,0,10,1985,1985
494,player_d3157403-631d-488b-b379-9953c4a61e5c@localhost,Random,D,player_3383ca6a-76dc-4d22-af7f-376efff7c09c@localhost,TitForTat,C,10,0,1995,1985
495,player_d3157403-631d-488b-b379-9953c4a61e5c@localhost,Random,D,player_3383ca6a-76dc-4d22-af7f-376efff7c09c@localhost,TitForTat,D,1,1,1996,1986
496,player_d3157403-631d-488b-b379-9953c4a61e5c@localhost,Random,C,player_3383ca6a-76dc-4d22-af7f-376efff7c09c@localhost,TitForTat,D,0,10,1996,1996
497,player_d3157403-631d-488b-b379-9953c4a61e5c@localhost,Random,D,player_3383ca6a-76dc-4d22-af7f-376efff7c09c@localhost,TitForTat,C,10,0,2006,1996
498,player_d3157403-631d-488b-b379-9953c4a61e5c@localhost,Random,C,player_3383ca6a-76dc-4d22-af7f-376efff7c09c@localhost,TitForTat,D,0,10,2006,2006
499,player_d3157403-631d-488b-b379-9953c4a61e5c@localhost,Random,C,player_3383ca6a-76dc-4d22-af7f-376efff7c09c@localhost,TitForTat,C,5,5,2011,2011
500,player_d3157403-631d-488b-b379-9953c4a61e5c@localhost,Random,C,player_3383ca6a-76dc-4d22-af7f-376efff7c09c@localhost,TitForTat,C,5,5,2016,2016
501,player_d3157403-631d-488b-b379-9953c4a61e5c@localhost,Random,D,player_3383ca6a-76dc-4d22-af7f-376efff7c09c@localhost,TitForTat,C,10,0,2026,2016
502,player_d3157403-631d-488b-b379-9953c4a61e5c@localhost,Random,D,player_3383ca6a-76dc-4d22-af7f-376efff7c09c@localhost,TitForTat,D,1,1,2027,2017
503,player_d3157403-631d-488b-b379-9953c4a61e5c@localhost,Random,C,player_3383ca6a-76dc-4d22-af7f-376efff7c09c@localhost,TitForTat,D,0,10,2027,2027
504,player_d3157403-631d-488b-b379-9953c4a61e5c@localhost,Random,C,player_3383ca6a-76dc-4d22-af7f-376efff7c09c@localhost,TitForTat,C,5,5,2032,2032
505,player_d3157403-631d-488b-b379-9953c4a61e5c@localhost,Random,C,player_3383ca6a-76dc-4d22-af7f-376efff7c09c@localhost,TitForTat,C,5,5,2037,2037
506,player_d3157403-631d-488b-b379-9953c4a61e5c@localhost,Random,D,player_3383ca6a-76dc-4d22-af7f-376efff7c09c@localhost,TitForTat,C,10,0,2047,2037
507,player_d3157403-631d-488b-b379-9953c4a61e5c@localhost,Random,D,player_3383ca6a-76dc-4d22-af7f-376efff7c09c@localhost,TitForTat,D,1,1,2048,2038
508,player_d3157403-631d-488b-b379-9953c4a61e5c@localhost,Random,D,player_3383ca6a-76dc-4d22-af7f-376efff7c09c@localhost,TitForTat,D,1,1,2049,2039
509,player_d3157403-631d-488b-b379-9953c4a61e5c@localhost,Random,C,player_3383ca6a-76dc-4d22-af7f-376efff7c09c@localhost,TitForTat,D,0,10,2049,2049
510,player_d3157403-631d-488b-b379-9953c4a61e5c@localhost,Random,D,player_3383ca6a-76dc-4d22-af7f-376efff7c09c@localhost,TitForTat,C,10,0,2059,2049
511,player_d3157403-631d-488b-b379-9953c4a61e5c@localhost,Random,C,player_3383ca6a-76dc-4d22-af7f-376efff7c09c@localhost,TitForTat,D,0,10,2059,2059
512,player_d3157403-631d-488b-b379-9953c4a61e5c@localhost,Random,C,player_3383ca6a-76dc-4d22-af7f-376efff7c09c@localhost,TitForTat,C,5,5,2064,2064
513,player_d3157403-631d-488b-b379-9953c4a61e5c@localhost,Random,C,player_3383ca6a-76dc-4d22-af7f-376efff7c09c@localhost,TitForTat,C,5,5,2069,2069
514,player_d3157403-631d-488b-b379-9953c4a61e5c@localhost,Random,D,player_3383ca6a-76dc-4d22-af7f-376efff7c09c@localhost,TitForTat,C,10,0,2079,2069
515,player_d3157403-631d-488b-b379-9953c4a61e5c@localhost,Random,C,player_3383ca6a-76dc-4d22-af7f-376efff7c09c@localhost,TitForTat,D,0,10,2079,2079
516,player_d3157403-631d-488b-b379-9953c4a61e5c@localhost,Random,D,player_3383ca6a-76dc-4d22-af7f-376efff7c09c@localhost,TitForTat,C,10,0,2089,2079
517,player_d3157403-631d-488b-b379-9953c4a61e5c@localhost,Random,D,player_3383ca6a-76dc-4d22-af7f-376efff7c09c@localhost,TitForTat,D,1,1,2090,2080
518,player_d3157403-631d-488b-b379-9953c4a61e5c@localhost,Random,D,player_3383ca6a-76dc-4d22-af7f-376efff7c09c@localhost,TitForTat,D,1,1,2091,2081
519,player_d3157403-631d-488b-b379-9953c4a61e5c@localhost,Random,C,player_3383ca6a-76dc-4d22-af7f-376efff7c09c@localhost,TitForTat,D,0,10,2091,2091
520,player_d3157403-631d-488b-b379-9953c4a61e5c@localhost,Random,D,player_3383ca6a-76dc-4d22-af7f-376efff7c09c@localhost,TitForTat,C,10,0,2101,2091
521,player_d3157403-631d-488b-b379-9953c4a61e5c@localhost,Random,C,player_3383ca6a-76dc-4d22-af7f-376efff7c09c@localhost,TitForTat,D,0,10,2101,2101
522,player_d3157403-631d-488b-b379-9953c4a61e5c@localhost,Random,D,player_3383ca6a-76dc-4d22-af7f-376efff7c09c@localhost,TitForTat,C,10,0,2111,2101
523,player_d3157403-631d-488b-b379-9953c4a61e5c@localhost,Random,C,player_3383ca6a-76dc-4d22-af7f-376efff7c09c@localhost,TitForTat,D,0,10,2111,2111
524,player_d3157403-631d-488b-b379-9953c4a61e5c@localhost,Random,D,player_3383ca6a-76dc-4d22-af7f-376efff7c09c@localhost,TitForTat,C,10,0,2121,2111
525,player_d3157403-631d-488b-b379-9953c4a61e5c@localhost,Random,D,player_3383ca6a-76dc-4d22-af7f-376efff7c09c@localhost,TitForTat,D,1,1,2122,2112
526,player_d3157403-631d-488b-b379-9953c4a61e5c@localhost,Random,D,player_3383ca6a-76dc-4d22-af7f-376efff7c09c@localhost,TitForTat,D,1,1,2123,2113
527,player_d3157403-631d-488b-b379-9953c4a61e5c@localhost,Random,D,player_3383ca6a-76dc-4d22-af7f-376efff7c09c@localhost,TitForTat,D,1,1,2124,2114
528,player_d3157403-631d-488b-b379-9953c4a61e5c@localhost,Random,D,player_3383ca6a-76dc-4d22-af7f-376efff7c09c@localhost,TitForTat,D,1,1,2125,2115
529,player_d3157403-631d-488b-b379-9953c4a61e5c@localhost,Random,D,player_3383ca6a-76dc-4d22-af7f-376efff7c09c@localhost,TitForTat,D,1,1,2126,2116
530,player_d3157403-631d-488b-b379-9953c4a61e5c@localhost,Random,C,player_3383ca6a-76dc-4d22-af7f-376efff7c09c@localhost,TitForTat,D,0,10,2126,2126
531,player_d3157403-631d-488b-b379-9953c4a61e5c@localhost,Random,D,player_3383ca6a-76dc-4d22-af7f-376efff7c09c@localhost,TitForTat,C,10,0,2136,2126
532,player_d3157403-631d-488b-b379-9953c4a61e5c@localhost,Random,D,player_3383ca6a-76dc-4d22-af7f-376efff7c09c@localhost,TitForTat,D,1,1,2137,2127
533,player_d3157403-631d-488b-b379-9953c4a61e5c@localhost,Random,D,player_3383ca6a-76dc-4d22-af7f-376efff7c09c@localhost,TitForTat,D,1,1,2138,2128
534,player_d3157403-631d-488b-b379-9953c4a61e5c@localhost,Random,C,player_3383ca6a-76dc-4d22-af7f-376efff7c09c@localhost,TitForTat,D,0,10,2138,2138
535,player_d3157403-631d-488b-b379-9953c4a61e5c@localhost,Random,D,player_3383ca6a-76dc-4d22-af7f-376efff7c09c@localhost,TitForTat,C,10,0,2148,2138
536,player_d3157403-631d-488b-b379-9953c4a61e5c@localhost,Random,D,player_3383ca6a-76dc-4d22-af7f-376efff7c09c@localhost,TitForTat,D,1,1,2149,2139
537,player_d3157403-631d-488b-b379-9953c4a61e5c@localhost,Random,C,player_3383ca6a-76dc-4d22-af7f-376efff7c09c@localhost,TitForTat,D,0,10,2149,2149
538,player_d3157403-631d-488b-b379-9953c4a61e5c@localhost,Random,C,player_3383ca6a-76dc-4d22-af7f-376efff7c09c@localhost,TitForTat,C,5,5,2154,2154
539,player_d3157403-631d-488b-b379-9953c4a61e5c@localhost,Random,C,player_3383ca6a-76dc-4d22-af7f-376efff7c09c@localhost,TitForTat,C,5,5,2159,2159
540,player_d3157403-631d-488b-b379-9953c4a61e5c@localhost,Random,D,player_3383ca6a-76dc-4d22-af7f-376efff7c09c@localhost,TitForTat,C,10,0,2169,2159
541,player_d3157403-631d-488b-b379-9953c4a61e5c@localhost,Random,D,player_3383ca6a-76dc-4d22-af7f-376efff7c09c@localhost,TitForTat,D,1,1,2170,2160
542,player_d3157403-631d-488b-b379-9953c4a61e5c@localhost,Random,C,player_3383ca6a-76dc-4d22-af7f-376efff7c09c@localhost,TitForTat,D,0,10,2170,2170
543,player_d3157403-631d-488b-b379-9953c4a61e5c@localhost,Random,C,player_3383ca6a-76dc-4d22-af7f-376efff7c09c@localhost,TitForTat,C,5,5,2175,2175
544,player_d3157403-631d-488b-b379-9953c4a61e5c@localhost,Random,D,player_3383ca6a-76dc-4d22-af7f-376efff7c09c@localhost,TitForTat,C,10,0,2185,2175
545,player_d3157403-631d-488b-b379-9953c4a61e5c@localhost,Random,C,player_3383ca6a-76dc-4d22-af7f-376efff7c09c@localhost,TitForTat,D,0,10,2185,2185
546,player_d3157403-631d-488b-b379-9953c4a61e5c@localhost,Random,C,player_3383ca6a-76dc-4d22-af7f-376efff7c09c@localhost,TitForTat,C,5,5,2190,2190
547,player_d3157403-631d-488b-b379-9953c4a61e5c@localhost,Random,D,player_3383ca6a-76dc-4d22-af7f-376efff7c09c@localhost,TitForTat,C,10,0,2200,2190
548,player_d3157403-631d-488b-b379-9953c4a61e5c@localhost,Random,C,player_3383ca6a-76dc-4d22-af7f-376efff7c09c@localhost,TitForTat,D,0,10,2200,2200
549,player_d3157403-631d-488b-b379-9953c4a61e5c@localhost,Random,D,player_3383ca6a-76dc-4d22-af7f-376efff7c09c@localhost,TitForTat,C,10,0,2210,2200
550,player_d3157403-631d-488b-b379-9953c4a61e5c@localhost,Random,C,player_3383ca6a-76dc-4d22-af7f-376efff7c09c@localhost,TitForTat,D,0,10,2210,2210
551,player_d3157403-631d-488b-b379-9953c4a61e5c@localhost,Random,D,player_3383ca6a-76dc-4d22-af7f-376efff7c09c@localhost,TitForTat,C,10,0,2220,2210
552,player_d3157403-631d-488b-b379-9953c4a61e5c@localhost,Random,C,player_3383ca6a-76dc-4d22-af7f-376efff7c09c@localhost,TitForTat,D,0,10,2220,2220
553,player_d3157403-631d-488b-b379-9953c4a61e5c@localhost,Random,D,player_3383ca6a-76dc-4d22-af7f-376efff7c09c@localhost,TitForTat,C,10,0,2230,2220
554,player_d3157403-631d-488b-b379-9953c4a61e5c@localhost,Random,D,player_3383ca6a-76dc-4d22-af7f-376efff7c09c@localhost,TitForTat,D,1,1,2231,2221
555,player_d3157403-631d-488b-b379-9953c4a61e5c@localhost,Random,C,player_3383ca6a-76dc-4d22-af7f-376efff7c09c@localhost,TitForTat,D,0,10,2231,2231
556,player_d3157403-631d-488b-b379-9953c4a61e5c@localhost,Random,C,player_3383ca6a-76dc-4d22-af7f-376efff7c09c@localhost,TitForTat,C,5,5,2236,2236
557,player_d3157403-631d-488b-b379-9953c4a61e5c@localhost,Random,C,player_3383ca6a-76dc-4d22-af7f-376efff7c09c@localhost,TitForTat,C,5,5,2241,2241
558,player_d3157403-631d-488b-b379-9953c4a61e5c@localhost,Random,C,player_3383ca6a-76dc-4d22-af7f-376efff7c09c@localhost,TitForTat,C,5,5,2246,2246
559,player_d3157403-631d-488b-b379-9953c4a61e5c@localhost,Random,D,player_3383ca6a-76dc-4d22-af7f-376efff7c09c@localhost,TitForTat,C,10,0,2256,2246
560,player_d3157403-631d-488b-b379-9953c4a61e5c@localhost,Random,C,player_3383ca6a-76dc-4d22-af7f-376efff7c09c@localhost,TitForTat,D,0,10,2256,2256
561,player_d3157403-631d-488b-b379-9953c4a61e5c@localhost,Random,C,player_3383ca6a-76dc-4d22-af7f-376efff7c09c@localhost,TitForTat,C,5,5,2261,2261
562,player_d3157403-631d-488b-b379-9953c4a61e5c@localhost,Random,D,player_3383ca6a-76dc-4d22-af7f-376efff7c09c@localhost,TitForTat,C,10,0,2271,2261
563,player_d3157403-631d-488b-b379-9953c4a61e5c@localhost,Random,C,player_3383ca6a-76dc-4d22-af7f-376efff7c09c@localhost,TitForTat,D,0,10,2271,2271
564,player_d3157403-631d-488b-b379-9953c4a61e5c@localhost,Random,C,player_3383ca6a-76dc-4d22-af7f-376efff7c09c@localhost,TitForTat,C,5,5,2276,2276
565,player_d3157403-631d-488b-b379-9953c4a61e5c@localhost,Random,D,player_3383ca6a-76dc-4d22-af7f-376efff7c09c@localhost,TitForTat,C,10,0,2286,2276
566,player_d3157403-631d-488b-b379-9953c4a61e5c@localhost,Random,D,player_3383ca6a-76dc-4d22-af7f-376efff7c09c@localhost,TitForTat,D,1,1,2287,2277
567,player_d3157403-631d-488b-b379-9953c4a61e5c@localhost,Random,C,player_3383ca6a-76dc-4d22-af7f-376efff7c09c@localhost,TitForTat,D,0,10,2287,2287
568,player_d3157403-631d-488b-b379-9953c4a61e5c@localhost,Random,C,player_3383ca6a-76dc-4d22-af7f-376efff7c09c@localhost,TitForTat,C,5,5,2292,2292
569,player_d3157403-631d-488b-b379-9953c4a61e5c@localhost,Random,C,player_3383ca6a-76dc-4d22-af7f-376efff7c09c@localhost,TitForTat,C,5,5,2297,2297
570,player_d3157403-631d-488b-b379-9953c4a61e5c@localhost,Random,D,player_3383ca6a-76dc-4d22-af7f-376efff7c09c@localhost,TitForTat,C,10,0,2307,2297
571,player_d3157403-631d-488b-b379-9953c4a61e5c@localhost,Random,C,player_3383ca6a-76dc-4d22-af7f-376efff7c09c@localhost,TitForTat,D,0,10,2307,2307
572,player_d3157403-631d-488b-b379-9953c4a61e5c@localhost,Random,D,player_3383ca6a-76dc-4d22-af7f-376efff7c09c@localhost,TitForTat,C,10,0,2317,2307
573,player_d3157403-631d-488b-b379-9953c4a61e5c@localhost,Random,D,player_3383ca6a-76dc-4d22-af7f-376efff7c09c@localhost,TitForTat,D,1,1,2318,2308
574,player_d3157403-631d-488b-b379-9953c4a61e5c@localhost,Random,C,player_3383ca6a-76dc-4d22-af7f-376efff7c09c@localhost,TitForTat,D,0,10,2318,2318
575,player_d3157403-631d-488b-b379-9953c4a61e5c@localhost,Random,C,player_3383ca6a-76dc-4d22-af7f-376efff7c09c@localhost,TitForTat,C,5,5,2323,2323
576,player_d3157403-631d-488b-b379-9953c4a61e5c@localhost,Random,C,player_3383ca6a-76dc-4d22-af7f-376efff7c09c@localhost,TitForTat,C,5,5,2328,2328
577,player_d3157403-631d-488b-b379-9953c4a61e5c@localhost,Random,D,player_3383ca6a-76dc-4d22-af7f-376efff7c09c@localhost,TitForTat,C,10,0,2338,2328
578,player_d3157403-631d-488b-b379-9953c4a61e5c@localhost,Random,D,player_3383ca6a-76dc-4d22-af7f-376efff7c09c@localhost,TitForTat,D,1,1,2339,2329
579,player_d3157403-631d-488b-b379-9953c4a61e5c@localhost,Random,D,player_3383ca6a-76dc-4d22-af7f-376efff7c09c@localhost,TitForTat,D,1,1,2340,2330
580,player_d3157403-631d-488b-b379-9953c4a61e5c@localhost,Random,D,player_3383ca6a-76dc-4d22-af7f-376efff7c09c@localhost,TitForTat,D,1,1,2341,2331
581,player_d3157403-631d-488b-b379-9953c4a61e5c@localhost,Random,D,player_3383ca6a-76dc-4d22-af7f-376efff7c09c@localhost,TitForTat,D,1,1,2342,2332
582,player_d3157403-631d-488b-b379-9953c4a61e5c@localhost,Random,D,player_3383ca6a-76dc-4d22-af7f-376efff7c09c@localhost,TitForTat,D,1,1,2343,2333
583,player_d3157403-631d-488b-b379-9953c4a61e5c@localhost,Random,C,player_3383ca6a-76dc-4d22-af7f-376efff7c09c@localhost,TitForTat,D,0,10,2343,2343
584,player_d3157403-631d-488b-b379-9953c4a61e5c@localhost,Random,C,player_3383ca6a-76dc-4d22-af7f-376efff7c09c@localhost,TitForTat,C,5,5,2348,2348
585,player_d3157403-631d-488b-b379-9953c4a61e5c@localhost,Random,D,player_3383ca6a-76dc-4d22-af7f-376efff7c09c@localhost,TitForTat,C,10,0,2358,2348
586,player_d3157403-631d-488b-b379-9953c4a61e5c@localhost,Random,D,player_3383ca6a-76dc-4d22-af7f-376efff7c09c@localhost,TitForTat,D,1,1,2359,2349
587,player_d3157403-631d-488b-b379-9953c4a61e5c@localhost,Random,C,player_3383ca6a-76dc-4d22-af7f-376efff7c09c@localhost,TitForTat,D,0,10,2359,2359
588,player_d3157403-631d-488b-b379-9953c4a61e5c@localhost,Random,D,player_3383ca6a-76dc-4d22-af7f-376efff7c09c@localhost,TitForTat,C,10,0,2369,2359
589,player_d3157403-631d-488b-b379-9953c4a61e5c@localhost,Random,C,player_3383ca6a-76dc-4d22-af7f-376efff7c09c@localhost,TitForTat,D,0,10,2369,2369
590,player_d3157403-631d-488b-b379-9953c4a61e5c@localhost,Random,D,player_3383ca6a-76dc-4d22-af7f-376efff7c09c@localhost,TitForTat,C,10,0,2379,2369
591,player_d3157403-631d-488b-b379-9953c4a61e5c@localhost,Random,C,player_3383ca6a-76dc-4d22-af7f-376efff7c09c@localhost,TitForTat,D,0,10,2379,2379
592,player_d3157403-631d-488b-b379-9953c4a61e5c@localhost,Random,C,player_3383ca6a-76dc-4d22-af7f-376efff7c09c@localhost,TitForTat,C,5,5,2384,2384
593,player_d3157403-631d-488b-b379-9953c4a61e5c@localhost,Random,C,player_3383ca6a-76dc-4d22-af7f-376efff7c09c@localhost,TitForTat,C,5,5,2389,2389
594,player_d3157403-631d-488b-b379-9953c4a61e5c@localhost,Random,C,player_3383ca6a-76dc-4d22-af7f-376efff7c09c@localhost,TitForTat,C,5,5,2394,2394
595,player_d3157403-631d-488b-b379-9953c4a61e5c@localhost,Random,D,player_3383ca6a-76dc-4d22-af7f-376efff7c09c@localhost,TitForTat,C,10,0,2404,2394
596,player_d3157403-631d-488b-b379-9953c4a61e5c@localhost,Random,D,player_3383ca6a-76dc-4d22-af7f-376efff7c09c@localhost,TitForTat,D,1,1,2405,2395
597,player_d3157403-631d-488b-b379-9953c4a61e5c@localhost,Random,D,player_3383ca6a-76dc-4d22-af7f-376efff7c09c@localhost,TitForTat,D,1,1,2406,2396
598,player_d3157403-631d-488b-b379-9953c4a61e5c@localhost,Random,C,player_3383ca6a-76dc-4d22-af7f-376efff7c09c@localhost,TitForTat,D,0,10,2406,2406
599,player_d3157403-631d-488b-b379-9953c4a61e5c@localhost,Random,C,player_3383ca6a-76dc-4d22-af7f-376efff7c09c@localhost,TitForTat,C,5,5,2411,2411
600,player_d3157403-631d-488b-b379-9953c4a61e5c@localhost,Random,C,player_3383ca6a-76dc-4d22-af7f-376efff7c09c@localhost,TitForTat,C,5,5,2416,2416
601,player_d3157403-631d-488b-b379-9953c4a61e5c@localhost,Random,C,player_3383ca6a-76dc-4d22-af7f-376efff7c09c@localhost,TitForTat,C,5,5,2421,2421
602,player_d3157403-631d-488b-b379-9953c4a61e5c@localhost,Random,D,player_3383ca6a-76dc-4d22-af7f-376efff7c09c@localhost,TitForTat,C,10,0,2431,2421
603,player_d3157403-631d-488b-b379-9953c4a61e5c@localhost,Random,C,player_3383ca6a-76dc-4d22-af7f-376efff7c09c@localhost,TitForTat,D,0,10,2431,2431
604,player_d3157403-631d-488b-b379-9953c4a61e5c@localhost,Random,D,player_3383ca6a-76dc-4d22-af7f-376efff7c09c@localhost,TitForTat,C,10,0,2441,2431
605,player_d3157403-631d-488b-b379-9953c4a61e5c@localhost,Random,C,player_3383ca6a-76dc-4d22-af7f-376efff7c09c@localhost,TitForTat,D,0,10,2441,2441
606,player_d3157403-631d-488b-b379-9953c4a61e5c@localhost,Random,D,player_3383ca6a-76dc-4d22-af7f-376efff7c09c@localhost,TitForTat,C,10,0,2451,2441
607,player_d3157403-631d-488b-b379-9953c4a61e5c@localhost,Random,D,player_3383ca6a-76dc-4d22-af7f-376efff7c09c@localhost,TitForTat,D,1,1,2452,2442
608,player_d3157403-631d-488b-b379-9953c4a61e5c@localhost,Random,D,player_3383ca6a-76dc-4d22-af7f-376efff7c09c@localhost,TitForTat,D,1,1,2453,2443
609,player_d3157403-631d-488b-b379-9953c4a61e5c@localhost,Random,C,player_3383ca6a-76dc-4d22-af7f-376efff7c09c@localhost,TitForTat,D,0,10,2453,2453
610,player_d3157403-631d-488b-b379-9953c4a61e5c@localhost,Random,D,player_3383ca6a-76dc-4d22-af7f-376efff7c09c@localhost,TitForTat,C,10,0,2463,2453
611,player_d3157403-631d-488b-b379-9953c4a61e5c@localhost,Random,C,player_3383ca6a-76dc-4d22-af7f-376efff7c09c@localhost,TitForTat,D,0,10,2463,2463
612,player_d3157403-631d-488b-b379-9953c4a61e5c@localhost,Random,C,player_3383ca6a-76dc-4d22-af7f-376efff7c09c@localhost,TitForTat,C,5,5,2468,2468
613,player_d3157403-631d-488b-b379-9953c4a61e5c@localhost,Random,C,player_3383ca6a-76dc-4d22-af7f-376efff7c09c@localhost,TitForTat,C,5,5,2473,2473
614,player_d3157403-631d-488b-b379-9953c4a61e5c@localhost,Random,C,player_3383ca6a-76dc-4d22-af7f-376efff7c09c@localhost,TitForTat,C,5,5,2478,2478
615,player_d3157403-631d-488b-b379-9953c4a61e5c@localhost,Random,D,player_3383ca6a-76dc-4d22-af7f-376efff7c09c@localhost,TitForTat,C,10,0,2488,2478
616,player_d3157403-631d-488b-b379-9953c4a61e5c@localhost,Random,C,player_3383ca6a-76dc-4d22-af7f-376efff7c09c@localhost,TitForTat,D,0,10,2488,2488
617,player_d3157403-631d-488b-b379-9953c4a61e5c@localhost,Random,C,player_3383ca6a-76dc-4d22-af7f-376efff7c09c@localhost,TitForTat,C,5,5,2493,2493
618,player_d3157403-631d-488b-b379-9953c4a61e5c@localhost,Random,D,player_3383ca6a-76dc-4d22-af7f-376efff7c09c@localhost,TitForTat,C,10,0,2503,2493
619,player_d3157403-631d-488b-b379-9953c4a61e5c@localhost,Random,C,player_3383ca6a-76dc-4d22-af7f-376efff7c09c@localhost,TitForTat,D,0,10,2503,2503
620,player_d3157403-631d-488b-b379-9953c4a61e5c@localhost,Random,D,player_3383ca6a-76dc-4d22-af7f-376efff7c09c@localhost,TitForTat,C,10,0,2513,2503
621,player_d3157403-631d-488b-b379-9953c4a61e5c@localhost,Random,C,player_3383ca6a-76dc-4d22-af7f-376efff7c09c@localhost,TitForTat,D,0,10,2513,2513
622,player_d3157403-631d-488b-b379-9953c4a61e5c@localhost,Random,C,player_3383ca6a-76dc-4d22-af7f-376efff7c09c@localhost,TitForTat,C,5,5,2518,2518
623,player_d3157403-631d-488b-b379-9953c4a61e5c@localhost,Random,C,player_3383ca6a-76dc-4d22-af7f-376efff7c09c@localhost,TitForTat,C,5,5,2523,2523
624,player_d3157403-631d-488b-b379-9953c4a61e5c@localhost,Random,D,player_3383ca6a-76dc-4d22-af7f-376efff7c09c@localhost,TitForTat,C,10,0,2533,2523
625,player_d3157403-631d-488b-b379-9953c4a61e5c@localhost,Random,D,player_3383ca6a-76dc-4d22-af7f-376efff7c09c@localhost,TitForTat,D,1,1,2534,2524
626,player_d3157403-631d-488b-b379-9953c4a61e5c@localhost,Random,D,player_3383ca6a-76dc-4d22-af7f-376efff7c09c@localhost,TitForTat,D,1,1,2535,2525
627,player_d3157403-631d-488b-b379-9953c4a61e5c@localhost,Random,C,player_3383ca6a-76dc-4d22-af7f-376efff7c09c@localhost,TitForTat,D,0,10,2535,2535
628,player_d3157403-631d-488b-b379-9953c4a61e5c@localhost,Random,D,player_3383ca6a-76dc-4d22-af7f-376efff7c09c@localhost,TitForTat,C,10,0,2545,2535
629,player_d3157403-631d-488b-b379-9953c4a61e5c@localhost,Random,C,player_3383ca6a-76dc-4d22-af7f-376efff7c09c@localhost,TitForTat,D,0,10,2545,2545
630,player_d3157403-631d-488b-b379-9953c4a61e5c@localhost,Random,C,player_3383ca6a-76dc-4d22-af7f-376efff7c09c@localhost,TitForTat,C,5,5,2550,2550
631,player_d3157403-631d-488b-b379-9953c4a61e5c@localhost,Random,D,player_3383ca6a-76dc-4d22-af7f-376efff7c09c@localhost,TitForTat,C,10,0,2560,2550
632,player_d3157403-631d-488b-b379-9953c4a61e5c@localhost,Random,C,player_3383ca6a-76dc-4d22-af7f-376efff7c09c@localhost,TitForTat,D,0,10,2560,2560
633,player_d3157403-631d-488b-b379-9953c4a61e5c@localhost,Random,C,player_3383ca6a-76dc-4d22-af7f-376efff7c09c@localhost,TitForTat,C,5,5,2565,2565
634,player_d3157403-631d-488b-b379-9953c4a61e5c@localhost,Random,C,player_3383ca6a-76dc-4d22-af7f-376efff7c09c@localhost,TitForTat,C,5,5,2570,2570
635,player_d3157403-631d-488b-b379-9953c4a61e5c@localhost,Random,D,player_3383ca6a-76dc-4d22-af7f-376efff7c09c@localhost,TitForTat,C,10,0,2580,2570
636,player_d3157403-631d-488b-b379-9953c4a61e5c@localhost,Random,D,player_3383ca6a-76dc-4d22-af7f-376efff7c09c@localhost,TitForTat,D,1,1,2581,2571
637,player_d3157403-631d-488b-b379-9953c4a61e5c@localhost,Random,C,player_3383ca6a-76dc-4d22-af7f-376efff7c09c@localhost,TitForTat,D,0,10,2581,2581
638,player_d3157403-631d-488b-b379-9953c4a61e5c@localhost,Random,D,player_3383ca6a-76dc-4d22-af7f-376efff7c09c@localhost,TitForTat,C,10,0,2591,2581
639,player_d3157403-631d-488b-b379-9953c4a61e5c@localhost,Random,C,player_3383ca6a-76dc-4d22-af7f-376efff7c09c@localhost,TitForTat,D,0,10,2591,2591
640,player_d3157403-631d-488b-b379-9953c4a61e5c@localhost,Random,C,player_3383ca6a-76dc-4d22-af7f-376efff7c09c@localhost,TitForTat,C,5,5,2596,2596
641,player_d3157403-631d-488b-b379-9953c4a61e5c@localhost,Random,C,player_3383ca6a-76dc-4d22-af7f-376efff7c09c@localhost,TitForTat,C,5,5,2601,2601
642,player_d3157403-631d-488b-b379-9953c4a61e5c@localhost,Random,D,player_3383ca6a-76dc-4d22-af7f-376efff7c09c@localhost,TitForTat,C,10,0,2611,2601
643,player_d3157403-631d-488b-b379-9953c4a61e5c@localhost,Random,D,player_3383ca6a-76dc-4d22-af7f-376efff7c09c@localhost,TitForTat,D,1,1,2612,2602
644,player_d3157403-631d-488b-b379-9953c4a61e5c@localhost,Random,D,player_3383ca6a-76dc-4d22-af7f-376efff7c09c@localhost,TitForTat,D,1,1,2613,2603
645,player_d3157403-631d-488b-b379-9953c4a61e5c@localhost,Random,C,player_3383ca6a-76dc-4d22-af7f-376efff7c09c@localhost,TitForTat,D,0,10,2613,2613
646,player_d3157403-631d-488b-b379-9953c4a61e5c@localhost,Random,C,player_3383ca6a-76dc-4d22-af7f-376efff7c09c@localhost,TitForTat,C,5,5,2618,2618
647,player_d3157403-631d-488b-b379-9953c4a61e5c@localhost,Random,C,player_3383ca6a-76dc-4d22-af7f-376efff7c09c@localhost,TitForTat,C,5,5,2623,2623
648,player_d3157403-631d-488b-b379-9953c4a61e5c@localhost,Random,C,player_3383ca6a-76dc-4d22-af7f-376efff7c09c@localhost,TitForTat,C,5,5,2628,2628
649,player_d3157403-631d-488b-b379-9953c4a61e5c@localhost,Random,D,player_3383ca6a-76dc-4d22-af7f-376efff7c09c@localhost,TitForTat,C,10,0,2638,2628
650,player_d3157403-631d-488b-b379-9953c4a61e5c@localhost,Random,D,player_3383ca6a-76dc-4d22-af7f-376efff7c09c@localhost,TitForTat,D,1,1,2639,2629
651,player_d3157403-631d-488b-b379-9953c4a61e5c@localhost,Random,C,player_3383ca6a-76dc-4d22-af7f-376efff7c09c@localhost,TitForTat,D,0,10,2639,2639
652,player_d3157403-631d-488b-b379-9953c4a61e5c@localhost,Random,C,player_3383ca6a-76dc-4d22-af7f-376efff7c09c@localhost,TitForTat,C,5,5,2644,2644
653,player_d3157403-631d-488b-b379-9953c4a61e5c@localhost,Random,C,player_3383ca6a-76dc-4d22-af7f-376efff7c09c@localhost,TitForTat,C,5,5,2649,2649
654,player_d3157403-631d-488b-b379-9953c4a61e5c@localhost,Random,D,player_3383ca6a-76dc-4d22-af7f-376efff7c09c@localhost,TitForTat,C,10,0,2659,2649
655,player_d3157403-631d-488b-b379-9953c4a61e5c@localhost,Random,D,player_3383ca6a-76dc-4d22-af7f-376efff7c09c@localhost,TitForTat,D,1,1,2660,2650
656,player_d3157403-631d-488b-b379-9953c4a61e5c@localhost,Random,D,player_3383ca6a-76dc-4d22-af7f-376efff7c09c@localhost,TitForTat,D,1,1,2661,2651
657,player_d3157403-631d-488b-b379-9953c4a61e5c@localhost,Random,D,player_3383ca6a-76dc-4d22-af7f-376efff7c09c@localhost,TitForTat,D,1,1,2662,2652
658,player_d3157403-631d-488b-b379-9953c4a61e5c@localhost,Random,C,player_3383ca6a-76dc-4d22-af7f-376efff7c09c@localhost,TitForTat,D,0,10,2662,2662
659,player_d3157403-631d-488b-b379-9953c4a61e5c@localhost,Random,D,player_3383ca6a-76dc-4d22-af7f-376efff7c09c@localhost,TitForTat,C,10,0,2672,2662
660,player_d3157403-631d-488b-b379-9953c4a61e5c@localhost,Random,C,player_3383ca6a-76dc-4d22-af7f-376efff7c09c@localhost,TitForTat,D,0,10,2672,2672
661,player_d3157403-631d-488b-b379-9953c4a61e5c@localhost,Random,C,player_3383ca6a-76dc-4d22-af7f-376efff7c09c@localhost,TitForTat,C,5,5,2677,2677
662,player_d3157403-631d-488b-b379-9953c4a61e5c@localhost,Random,C,player_3383ca6a-76dc-4d22-af7f-376efff7c09c@localhost,TitForTat,C,5,5,2682,2682
663,player_d3157403-631d-488b-b379-9953c4a61e5c@localhost,Random,D,player_3383ca6a-76dc-4d22-af7f-376efff7c09c@localhost,TitForTat,C,10,0,2692,2682
664,player_d3157403-631d-488b-b379-9953c4a61e5c@localhost,Random,D,player_3383ca6a-76dc-4d22-af7f-376efff7c09c@localhost,TitForTat,D,1,1,2693,2683
665,player_d3157403-631d-488b-b379-9953c4a61e5c@localhost,Random,D,player_3383ca6a-76dc-4d22-af7f-376efff7c09c@localhost,TitForTat,D,1,1,2694,2684
666,player_d3157403-631d-488b-b379-9953c4a61e5c@localhost,Random,D,player_3383ca6a-76dc-4d22-af7f-376efff7c09c@localhost,TitForTat,D,1,1,2695,2685
667,player_d3157403-631d-488b-b379-9953c4a61e5c@localhost,Random,D,player_3383ca6a-76dc-4d22-af7f-376efff7c09c@localhost,TitForTat,D,1,1,2696,2686
668,player_d3157403-631d-488b-b379-9953c4a61e5c@localhost,Random,C,player_3383ca6a-76dc-4d22-af7f-376efff7c09c@localhost,TitForTat,D,0,10,2696,2696
669,player_d3157403-631d-488b-b379-9953c4a61e5c@localhost,Random,C,player_3383ca6a-76dc-4d22-af7f-376efff7c09c@localhost,TitForTat,C,5,5,2701,2701
670,player_d3157403-631d-488b-b379-9953c4a61e5c@localhost,Random,C,player_3383ca6a-76dc-4d22-af7f-376efff7c09c@localhost,TitForTat,C,5,5,2706,2706
671,player_d3157403-631d-488b-b379-9953c4a61e5c@localhost,Random,C,player_3383ca6a-76dc-4d22-af7f-376efff7c09c@localhost,TitForTat,C,5,5,2711,2711
672,player_d3157403-631d-488b-b379-9953c4a61e5c@localhost,Random,D,player_3383ca6a-76dc-4d22-af7f-376efff7c09c@localhost,TitForTat,C,10,0,2721,2711
673,player_d3157403-631d-488b-b379-9953c4a61e5c@localhost,Random,C,player_3383ca6a-76dc-4d22-af7f-376efff7c09c@localhost,TitForTat,D,0,10,2721,2721
674,player_d3157403-631d-488b-b379-9953c4a61e5c@localhost,Random,C,player_3383ca6a-76dc-4d22-af7f-376efff7c09c@localhost,TitForTat,C,5,5,2726,2726
675,player_d3157403-631d-488b-b379-9953c4a61e5c@localhost,Random,D,player_3383ca6a-76dc-4d22-af7f-376efff7c09c@localhost,TitForTat,C,10,0,2736,2726
676,player_d3157403-631d-488b-b379-9953c4a61e5c@localhost,Random,C,player_3383ca6a-76dc-4d22-af7f-376efff7c09c@localhost,TitForTat,D,0,10,2736,2736
677,player_d3157403-631d-488b-b379-9953c4a61e5c@localhost,Random,D,player_3383ca6a-76dc-4d22-af7f-376efff7c09c@localhost,TitForTat,C,10,0,2746,2736
678,player_d3157403-631d-488b-b379-9953c4a61e5c@localhost,Random,D,player_3383ca6a-76dc-4d22-af7f-376efff7c09c@localhost,TitForTat,D,1,1,2747,2737
679,player_d3157403-631d-488b-b379-9953c4a61e5c@localhost,Random,D,player_3383ca6a-76dc-4d22-af7f-376efff7c09c@localhost,TitForTat,D,1,1,2748,2738
680,player_d3157403-631d-488b-b379-9953c4a61e5c@localhost,Random,D,player_3383ca6a-76dc-4d22-af7f-376efff7c09c@localhost,TitForTat,D,1,1,2749,2739
681,player_d3157403-631d-488b-b379-9953c4a61e5c@localhost,Random,C,player_3383ca6a-76dc-4d22-af7f-376efff7c09c@localhost,TitForTat,D,0,10,2749,2749
682,player_d3157403-631d-488b-b379-9953c4a61e5c@localhost,Random,C,player_3383ca6a-76dc-4d22-af7f-376efff7c09c@localhost,TitForTat,C,5,5,2754,2754
683,player_d3157403-631d-488b-b379-9953c4a61e5c@localhost,Random,D,player_3383ca6a-76dc-4d22-af7f-376efff7c09c@localhost,TitForTat,C,10,0,2764,2754
684,player_d3157403-631d-488b-b379-9953c4a61e5c@localhost,Random,D,player_3383ca6a-76dc-4d22-af7f-376efff7c09c@localhost,TitForTat,D,1,1,2765,2755
685,player_d3157403-631d-488b-b379-9953c4a61e5c@localhost,Random,C,player_3383ca6a-76dc-4d22-af7f-376efff7c09c@localhost,TitForTat,D,0,10,2765,2765
686,player_d3157403-631d-488b-b379-9953c4a61e5c@localhost,Random,C,player_3383ca6a-76dc-4d22-af7f-376efff7c09c@localhost,TitForTat,C,5,5,2770,2770
687,player_d3157403-631d-488b-b379-9953c4a61e5c@localhost,Random,C,player_3383ca6a-76dc-4d22-af7f-376efff7c09c@localhost,TitForTat,C,5,5,2775,2775
688,player_d3157403-631d-488b-b379-9953c4a61e5c@localhost,Random,C,player_3383ca6a-76dc-4d22-af7f-376efff7c09c@localhost,TitForTat,C,5,5,2780,2780
689,player_d3157403-631d-488b-b379-9953c4a61e5c@localhost,Random,C,player_3383ca6a-76dc-4d22-af7f-376efff7c09c@localhost,TitForTat,C,5,5,2785,2785
690,player_d3157403-631d-488b-b379-9953c4a61e5c@localhost,Random,D,player_3383ca6a-76dc-4d22-af7f-376efff7c09c@localhost,TitForTat,C,10,0,2795,2785
691,player_d3157403-631d-488b-b379-9953c4a61e5c@localhost,Random,D,player_3383ca6a-76dc-4d22-af7f-376efff7c09c@localhost,TitForTat,D,1,1,2796,2786
692,player_d3157403-631d-488b-b379-9953c4a61e5c@localhost,Random,C,player_3383ca6a-76dc-4d22-af7f-376efff7c09c@localhost,TitForTat,D,0,10,2796,2796
693,player_d3157403-631d-488b-b379-9953c4a61e5c@localhost,Random,C,player_3383ca6a-76dc-4d22-af7f-376efff7c09c@localhost,TitForTat,C,5,5,2801,2801
694,player_d3157403-631d-488b-b379-9953c4a61e5c@localhost,Random,C,player_3383ca6a-76dc-4d22-af7f-376efff7c09c@localhost,TitForTat,C,5,5,2806,2806
695,player_d3157403-631d-488b-b379-9953c4a61e5c@localhost,Random,D,player_3383ca6a-76dc-4d22-af7f-376efff7c09c@localhost,TitForTat,C,10,0,2816,2806
696,player_d3157403-631d-488b-b379-9953c4a61e5c@localhost,Random,D,player_3383ca6a-76dc-4d22-af7f-376efff7c09c@localhost,TitForTat,D,1,1,2817,2807
697,player_d3157403-631d-488b-b379-9953c4a61e5c@localhost,Random,D,player_3383ca6a-76dc-4d22-af7f-376efff7c09c@localhost,TitForTat,D,1,1,2818,2808
698,player_d3157403-631d-488b-b379-9953c4a61e5c@localhost,Random,C,player_3383ca6a-76dc-4d22-af7f-376efff7c09c@localhost,TitForTat,D,0,10,2818,2818
699,player_d3157403-631d-488b-b379-9953c4a61e5c@localhost,Random,C,player_3383ca6a-76dc-4d22-af7f-376efff7c09c@localhost,TitForTat,C,5,5,2823,2823
700,player_d3157403-631d-488b-b379-9953c4a61e5c@localhost,Random,C,player_3383ca6a-76dc-4d22-af7f-376efff7c09c@localhost,TitForTat,C,5,5,2828,2828
701,player_d3157403-631d-488b-b379-9953c4a61e5c@localhost,Random,D,player_3383ca6a-76dc-4d22-af7f-376efff7c09c@localhost,TitForTat,C,10,0,2838,2828
702,player_d3157403-631d-488b-b379-9953c4a61e5c@localhost,Random,C,player_3383ca6a-76dc-4d22-af7f-376efff7c09c@localhost,TitForTat,D,0,10,2838,2838
703,player_d3157403-631d-488b-b379-9953c4a61e5c@localhost,Random,D,player_3383ca6a-76dc-4d22-af7f-376efff7c09c@localhost,TitForTat,C,10,0,2848,2838
704,player_d3157403-631d-488b-b379-9953c4a61e5c@localhost,Random,D,player_3383ca6a-76dc-4d22-af7f-376efff7c09c@localhost,TitForTat,D,1,1,2849,2839
705,player_d3157403-631d-488b-b379-9953c4a61e5c@localhost,Random,D,player_3383ca6a-76dc-4d22-af7f-376efff7c09c@localhost,TitForTat,D,1,1,2850,2840
706,player_d3157403-631d-488b-b379-9953c4a61e5c@localhost,Random,C,player_3383ca6a-76dc-4d22-af7f-376efff7c09c@localhost,TitForTat,D,0,10,2850,2850
707,player_d3157403-631d-488b-b379-9953c4a61e5c@localhost,Random,D,player_3383ca6a-76dc-4d22-af7f-376efff7c09c@localhost,TitForTat,C,10,0,2860,2850
708,player_d3157403-631d-488b-b379-9953c4a61e5c@localhost,Random,D,player_3383ca6a-76dc-4d22-af7f-376efff7c09c@localhost,TitForTat,D,1,1,2861,2851
709,player_d3157403-631d-488b-b379-9953c4a61e5c@localhost,Random,D,player_3383ca6a-76dc-4d22-af7f-376efff7c09c@localhost,TitForTat,D,1,1,2862,2852
710,player_d3157403-631d-488b-b379-9953c4a61e5c@localhost,Random,C,player_3383ca6a-76dc-4d22-af7f-376efff7c09c@localhost,TitForTat,D,0,10,2862,2862
711,player_d3157403-631d-488b-b379-9953c4a61e5c@localhost,Random,C,player_3383ca6a-76dc-4d22-af7f-376efff7c09c@localhost,TitForTat,C,5,5,2867,2867
712,player_d3157403-631d-488b-b379-9953c4a61e5c@localhost,Random,C,player_3383ca6a-76dc-4d22-af7f-376efff7c09c@localhost,TitForTat,C,5,5,2872,2872
713,player_d3157403-631d-488b-b379-9953c4a61e5c@localhost,Random,D,player_3383ca6a-76dc-4d22-af7f-376efff7c09c@localhost,TitForTat,C,10,0,2882,2872
714,player_d3157403-631d-488b-b379-9953c4a61e5c@localhost,Random,D,player_3383ca6a-76dc-4d22-af7f-376efff7c09c@localhost,TitForTat,D,1,1,2883,2873
715,player_d3157403-631d-488b-b379-9953c4a61e5c@localhost,Random,C,player_3383ca6a-76dc-4d22-af7f-376efff7c09c@localhost,TitForTat,D,0,10,2883,2883
716,player_d3157403-631d-488b-b379-9953c4a61e5c@localhost,Random,C,player_3383ca6a-76dc-4d22-af7f-376efff7c09c@localhost,TitForTat,C,5,5,2888,2888
717,player_d3157403-631d-488b-b379-9953c4a61e5c@localhost,Random,D,player_3383ca6a-76dc-4d22-af7f-376efff7c09c@localhost,TitForTat,C,10,0,2898,2888
718,player_d3157403-631d-488b-b379-9953c4a61e5c@localhost,Random,D,player_3383ca6a-76dc-4d22-af7f-376efff7c09c@localhost,TitForTat,D,1,1,2899,2889
719,player_d3157403-631d-488b-b379-9953c4a61e5c@localhost,Random,C,player_3383ca6a-76dc-4d22-af7f-376efff7c09c@localhost,TitForTat,D,0,10,2899,2899
720,player_d3157403-631d-488b-b379-9953c4a61e5c@localhost,Random,D,player_3383ca6a-76dc-4d22-af7f-376efff7c09c@localhost,TitForTat,C,10,0,2909,2899
721,player_d3157403-631d-488b-b379-9953c4a61e5c@localhost,Random,C,player_3383ca6a-76dc-4d22-af7f-376efff7c09c@localhost,TitForTat,D,0,10,2909,2909
722,player_d3157403-631d-488b-b379-9953c4a61e5c@localhost,Random,C,player_3383ca6a-76dc-4d22-af7f-376efff7c09c@localhost,TitForTat,C,5,5,2914,2914
723,player_d3157403-631d-488b-b379-9953c4a61e5c@localhost,Random,C,player_3383ca6a-76dc-4d22-af7f-376efff7c09c@localhost,TitForTat,C,5,5,2919,2919
724,player_d3157403-631d-488b-b379-9953c4a61e5c@localhost,Random,D,player_3383ca6a-76dc-4d22-af7f-376efff7c09c@localhost,TitForTat,C,10,0,2929,2919
725,player_d3157403-631d-488b-b379-9953c4a61e5c@localhost,Random,C,player_3383ca6a-76dc-4d22-af7f-376efff7c09c@localhost,TitForTat,D,0,10,2929,2929
726,player_d3157403-631d-488b-b379-9953c4a61e5c@localhost,Random,D,player_3383ca6a-76dc-4d22-af7f-376efff7c09c@localhost,TitForTat,C,10,0,2939,2929
727,player_d3157403-631d-488b-b379-9953c4a61e5c@localhost,Random,D,player_3383ca6a-76dc-4d22-af7f-376efff7c09c@localhost,TitForTat,D,1,1,2940,2930
728,player_d3157403-631d-488b-b379-9953c4a61e5c@localhost,Random,D,player_3383ca6a-76dc-4d22-af7f-376efff7c09c@localhost,TitForTat,D,1,1,2941,2931
729,player_d3157403-631d-488b-b379-9953c4a61e5c@localhost,Random,D,player_3383ca6a-76dc-4d22-af7f-376efff7c09c@localhost,TitForTat,D,1,1,2942,2932
730,player_d3157403-631d-488b-b379-9953c4a61e5c@localhost,Random,C,player_3383ca6a-76dc-4d22-af7f-376efff7c09c@localhost,TitForTat,D,0,10,2942,2942
731,player_d3157403-631d-488b-b379-9953c4a61e5c@localhost,Random,C,player_3383ca6a-76dc-4d22-af7f-376efff7c09c@localhost,TitForTat,C,5,5,2947,2947
732,player_d3157403-631d-488b-b379-9953c4a61e5c@localhost,Random,C,player_3383ca6a-76dc-4d22-af7f-376efff7c09c@localhost,TitForTat,C,5,5,2952,2952
733,player_d3157403-631d-488b-b379-9953c4a61e5c@localhost,Random,C,player_3383ca6a-76dc-4d22-af7f-376efff7c09c@localhost,TitForTat,C,5,5,2957,2957
734,player_d3157403-631d-488b-b379-9953c4a61e5c@localhost,Random,C,player_3383ca6a-76dc-4d22-af7f-376efff7c09c@localhost,TitForTat,C,5,5,2962,2962
735,player_d3157403-631d-488b-b379-9953c4a61e5c@localhost,Random,C,player_3383ca6a-76dc-4d22-af7f-376efff7c09c@localhost,TitForTat,C,5,5,2967,2967
736,player_d3157403-631d-488b-b379-9953c4a61e5c@localhost,Random,D,player_3383ca6a-76dc-4d22-af7f-376efff7c09c@localhost,TitForTat,C,10,0,2977,2967
737,player_d3157403-631d-488b-b379-9953c4a61e5c@localhost,Random,D,player_3383ca6a-76dc-4d22-af7f-376efff7c09c@localhost,TitForTat,D,1,1,2978,2968
738,player_d3157403-631d-488b-b379-9953c4a61e5c@localhost,Random,D,player_3383ca6a-76dc-4d22-af7f-376efff7c09c@localhost,TitForTat,D,1,1,2979,2969
739,player_d3157403-631d-488b-b379-9953c4a61e5c@localhost,Random,C,player_3383ca6a-76dc-4d22-af7f-376efff7c09c@localhost,TitForTat,D,0,10,2979,2979
740,player_d3157403-631d-488b-b379-9953c4a61e5c@localhost,Random,C,player_3383ca6a-76dc-4d22-af7f-376efff7c09c@localhost,TitForTat,C,5,5,2984,2984
741,player_d3157403-631d-488b-b379-9953c4a61e5c@localhost,Random,D,player_3383ca6a-76dc-4d22-af7f-376efff7c09c@localhost,TitForTat,C,10,0,2994,2984
742,player_d3157403-631d-488b-b379-9953c4a61e5c@localhost,Random,D,player_3383ca6a-76dc-4d22-af7f-376efff7c09c@localhost,TitForTat,D,1,1,2995,2985
743,player_d3157403-631d-488b-b379-9953c4a61e5c@localhost,Random,D,player_3383ca6a-76dc-4d22-af7f-376efff7c09c@localhost,TitForTat,D,1,1,2996,2986
744,player_d3157403-631d-488b-b379-9953c4a61e5c@localhost,Random,C,player_3383ca6a-76dc-4d22-af7f-376efff7c09c@localhost,TitForTat,D,0,10,2996,2996
745,player_d3157403-631d-488b-b379-9953c4a61e5c@localhost,Random,D,player_3383ca6a-76dc-4d22-af7f-376efff7c09c@localhost,TitForTat,C,10,0,3006,2996
746,player_d3157403-631d-488b-b379-9953c4a61e5c@localhost,Random,D,player_3383ca6a-76dc-4d22-af7f-376efff7c09c@localhost,TitForTat,D,1,1,3007,2997
747,player_d3157403-631d-488b-b379-9953c4a61e5c@localhost,Random,C,player_3383ca6a-76dc-4d22-af7f-376efff7c09c@localhost,TitForTat,D,0,10,3007,3007
748,player_d3157403-631d-488b-b379-9953c4a61e5c@localhost,Random,C,player_3383ca6a-76dc-4d22-af7f-376efff7c09c@localhost,TitForTat,C,5,5,3012,3012
749,player_d3157403-631d-488b-b379-9953c4a61e5c@localhost,Random,C,player_3383ca6a-76dc-4d22-af7f-376efff7c09c@localhost,TitForTat,C,5,5,3017,3017
750,player_d3157403-631d-488b-b379-9953c4a61e5c@localhost,Random,D,player_3383ca6a-76dc-4d22-af7f-376efff7c09c@localhost,TitForTat,C,10,0,3027,3017
751,player_d3157403-631d-488b-b379-9953c4a61e5c@localhost,Random,D,player_3383ca6a-76dc-4d22-af7f-376efff7c09c@localhost,TitForTat,D,1,1,3028,3018
752,player_d3157403-631d-488b-b379-9953c4a61e5c@localhost,Random,C,player_3383ca6a-76dc-4d22-af7f-376efff7c09c@localhost,TitForTat,D,0,10,3028,3028
753,player_d3157403-631d-488b-b379-9953c4a61e5c@localhost,Random,C,player_3383ca6a-76dc-4d22-af7f-376efff7c09c@localhost,TitForTat,C,5,5,3033,3033
754,player_d3157403-631d-488b-b379-9953c4a61e5c@localhost,Random,C,player_3383ca6a-76dc-4d22-af7f-376efff7c09c@localhost,TitForTat,C,5,5,3038,3038
755,player_d3157403-631d-488b-b379-9953c4a61e5c@localhost,Random,D,player_3383ca6a-76dc-4d22-af7f-376efff7c09c@localhost,TitForTat,C,10,0,3048,3038
756,player_d3157403-631d-488b-b379-9953c4a61e5c@localhost,Random,C,player_3383ca6a-76dc-4d22-af7f-376efff7c09c@localhost,TitForTat,D,0,10,3048,3048
757,player_d3157403-631d-488b-b379-9953c4a61e5c@localhost,Random,C,player_3383ca6a-76dc-4d22-af7f-376efff7c09c@localhost,TitForTat,C,5,5,3053,3053
758,player_d3157403-631d-488b-b379-9953c4a61e5c@localhost,Random,C,player_3383ca6a-76dc-4d22-af7f-376efff7c09c@localhost,TitForTat,C,5,5,3058,3058
759,player_d3157403-631d-488b-b379-9953c4a61e5c@localhost,Random,D,player_3383ca6a-76dc-4d22-af7f-376efff7c09c@localhost,TitForTat,C,10,0,3068,3058
760,player_d3157403-631d-488b-b379-9953c4a61e5c@localhost,Random,D,player_3383ca6a-76dc-4d22-af7f-376efff7c09c@localhost,TitForTat,D,1,1,3069,3059
761,player_d3157403-631d-488b-b379-9953c4a61e5c@localhost,Random,D,player_3383ca6a-76dc-4d22-af7f-376efff7c09c@localhost,TitForTat,D,1,1,3070,3060
762,player_d3157403-631d-488b-b379-9953c4a61e5c@localhost,Random,D,player_3383ca6a-76dc-4d22-af7f-376efff7c09c@localhost,TitForTat,D,1,1,3071,3061
763,player_d3157403-631d-488b-b379-9953c4a61e5c@localhost,Random,D,player_3383ca6a-76dc-4d22-af7f-376efff7c09c@localhost,TitForTat,D,1,1,3072,3062
764,player_d3157403-631d-488b-b379-9953c4a61e5c@localhost,Random,D,player_3383ca6a-76dc-4d22-af7f-376efff7c09c@localhost,TitForTat,D,1,1,3073,3063
765,player_d3157403-631d-488b-b379-9953c4a61e5c@localhost,Random,D,player_3383ca6a-76dc-4d22-af7f-376efff7c09c@localhost,TitForTat,D,1,1,3074,3064
766,player_d3157403-631d-488b-b379-9953c4a61e5c@localhost,Random,C,player_3383ca6a-76dc-4d22-af7f-376efff7c09c@localhost,TitForTat,D,0,10,3074,3074
767,player_d3157403-631d-488b-b379-9953c4a61e5c@localhost,Random,C,player_3383ca6a-76dc-4d22-af7f-376efff7c09c@localhost,TitForTat,C,5,5,3079,3079
768,player_d3157403-631d-488b-b379-9953c4a61e5c@localhost,Random,D,player_3383ca6a-76dc-4d22-af7f-376efff7c09c@localhost,TitForTat,C,10,0,3089,3079
769,player_d3157403-631d-488b-b379-9953c4a61e5c@localhost,Random,C,player_3383ca6a-76dc-4d22-af7f-376efff7c09c@localhost,TitForTat,D,0,10,3089,3089
770,player_d3157403-631d-488b-b379-9953c4a61e5c@localhost,Random,C,player_3383ca6a-76dc-4d22-af7f-376efff7c09c@localhost,TitForTat,C,5,5,3094,3094
771,player_d3157403-631d-488b-b379-9953c4a61e5c@localhost,Random,D,player_3383ca6a-76dc-4d22-af7f-376efff7c09c@localhost,TitForTat,C,10,0,3104,3094
772,player_d3157403-631d-488b-b379-9953c4a61e5c@localhost,Random,C,player_3383ca6a-76dc-4d22-af7f-376efff7c09c@localhost,TitForTat,D,0,10,3104,3104
773,player_d3157403-631d-488b-b379-9953c4a61e5c@localhost,Random,D,player_3383ca6a-76dc-4d22-af7f-376efff7c09c@localhost,TitForTat,C,10,0,3114,3104
774,player_d3157403-631d-488b-b379-9953c4a61e5c@localhost,Random,D,player_3383ca6a-76dc-4d22-af7f-376efff7c09c@localhost,TitForTat,D,1,1,3115,3105
775,player_d3157403-631d-488b-b379-9953c4a61e5c@localhost,Random,D,player_3383ca6a-76dc-4d22-af7f-376efff7c09c@localhost,TitForTat,D,1,1,3116,3106
776,player_d3157403-631d-488b-b379-9953c4a61e5c@localhost,Random,D,player_3383ca6a-76dc-4d22-af7f-376efff7c09c@localhost,TitForTat,D,1,1,3117,3107
777,player_d3157403-631d-488b-b379-9953c4a61e5c@localhost,Random,D,player_3383ca6a-76dc-4d22-af7f-376efff7c09c@localhost,TitForTat,D,1,1,3118,3108
778,player_d3157403-631d-488b-b379-9953c4a61e5c@localhost,Random,C,player_3383ca6a-76dc-4d22-af7f-376efff7c09c@localhost,TitForTat,D,0,10,3118,3118
779,player_d3157403-631d-488b-b379-9953c4a61e5c@localhost,Random,D,player_3383ca6a-76dc-4d22-af7f-376efff7c09c@localhost,TitForTat,C,10,0,3128,3118
780,player_d3157403-631d-488b-b379-9953c4a61e5c@localhost,Random,D,player_3383ca6a-76dc-4d22-af7f-376efff7c09c@localhost,TitForTat,D,1,1,3129,3119
781,player_d3157403-631d-488b-b379-9953c4a61e5c@localhost,Random,C,player_3383ca6a-76dc-4d22-af7f-376efff7c09c@localhost,TitForTat,D,0,10,3129,3129
782,player_d3157403-631d-488b-b379-9953c4a61e5c@localhost,Random,D,player_3383ca6a-76dc-4d22-af7f-376efff7c09c@localhost,TitForTat,C,10,0,3139,3129
783,player_d3157403-631d-488b-b379-9953c4a61e5c@localhost,Random,D,player_3383ca6a-76dc-4d22-af7f-376efff7c09c@localhost,TitForTat,D,1,1,3140,3130
784,player_d3157403-631d-488b-b379-9953c4a61e5c@localhost,Random,C,player_3383ca6a-76dc-4d22-af7f-376efff7c09c@localhost,TitForTat,D,0,10,3140,3140
785,player_d3157403-631d-488b-b379-9953c4a61e5c@localhost,Random,D,player_3383ca6a-76dc-4d22-af7f-376efff7c09c@localhost,TitForTat,C,10,0,3150,3140
786,player_d3157403-631d-488b-b379-9953c4a61e5c@localhost,Random,C,player_3383ca6a-76dc-4d22-af7f-376efff7c09c@localhost,TitForTat,D,0,10,3150,3150
787,player_d3157403-631d-488b-b379-9953c4a61e5c@localhost,Random,C,player_3383ca6a-76dc-4d22-af7f-376efff7c09c@localhost,TitForTat,C,5,5,3155,3155
788,player_d3157403-631d-488b-b379-9953c4a61e5c@localhost,Random,D,player_3383ca6a-76dc-4d22-af7f-376efff7c09c@localhost,TitForTat,C,10,0,3165,3155
789,player_d3157403-631d-488b-b379-9953c4a61e5c@localhost,Random,C,player_3383ca6a-76dc-4d22-af7f-376efff7c09c@localhost,TitForTat,D,0,10,3165,3165
790,player_d3157403-631d-488b-b379-9953c4a61e5c@localhost,Random,D,player_3383ca6a-76dc-4d22-af7f-376efff7c09c@localhost,TitForTat,C,10,0,3175,3165
791,player_d3157403-631d-488b-b379-9953c4a61e5c@localhost,Random,C,player_3383ca6a-76dc-4d22-af7f-376efff7c09c@localhost,TitForTat,D,0,10,3175,3175
792,player_d3157403-631d-488b-b379-9953c4a61e5c@localhost,Random,D,player_3383ca6a-76dc-4d22-af7f-376efff7c09c@localhost,TitForTat,C,10,0,3185,3175
793,player_d3157403-631d-488b-b379-9953c4a61e5c@localhost,Random,D,player_3383ca6a-76dc-4d22-af7f-376efff7c09c@localhost,TitForTat,D,1,1,3186,3176
794,player_d3157403-631d-488b-b379-9953c4a61e5c@localhost,Random,D,player_3383ca6a-76dc-4d22-af7f-376efff7c09c@localhost,TitForTat,D,1,1,3187,3177
795,player_d3157403-631d-488b-b379-9953c4a61e5c@localhost,Random,C,player_3383ca6a-76dc-4d22-af7f-376efff7c09c@localhost,TitForTat,D,0,10,3187,3187
796,player_d3157403-631d-488b-b379-9953c4a61e5c@localhost,Random,C,player_3383ca6a-76dc-4d22-af7f-376efff7c09c@localhost,TitForTat,C,5,5,3192,3192
797,player_d3157403-631d-488b-b379-9953c4a61e5c@localhost,Random,C,player_3383ca6a-76dc-4d22-af7f-376efff7c09c@localhost,TitForTat,C,5,5,3197,3197
798,player_d3157403-631d-488b-b379-9953c4a61e5c@localhost,Random,C,player_3383ca6a-76dc-4d22-af7f-376efff7c09c@localhost,TitForTat,C,5,5,3202,3202
799,player_d3157403-631d-488b-b379-9953c4a61e5c@localhost,Random,C,player_3383ca6a-76dc-4d22-af7f-376efff7c09c@localhost,TitForTat,C,5,5,3207,3207
800,player_d3157403-631d-488b-b379-9953c4a61e5c@localhost,Random,C,player_3383ca6a-76dc-4d22-af7f-376efff7c09c@localhost,TitForTat,C,5,5,3212,3212
801,player_d3157403-631d-488b-b379-9953c4a61e5c@localhost,Random,C,player_3383ca6a-76dc-4d22-af7f-376efff7c09c@localhost,TitForTat,C,5,5,3217,3217
802,player_d3157403-631d-488b-b379-9953c4a61e5c@localhost,Random,C,player_3383ca6a-76dc-4d22-af7f-376efff7c09c@localhost,TitForTat,C,5,5,3222,3222
803,player_d3157403-631d-488b-b379-9953c4a61e5c@localhost,Random,D,player_3383ca6a-76dc-4d22-af7f-376efff7c09c@localhost,TitForTat,C,10,0,3232,3222
804,player_d3157403-631d-488b-b379-9953c4a61e5c@localhost,Random,C,player_3383ca6a-76dc-4d22-af7f-376efff7c09c@localhost,TitForTat,D,0,10,3232,3232
805,player_d3157403-631d-488b-b379-9953c4a61e5c@localhost,Random,D,player_3383ca6a-76dc-4d22-af7f-376efff7c09c@localhost,TitForTat,C,10,0,3242,3232
806,player_d3157403-631d-488b-b379-9953c4a61e5c@localhost,Random,D,player_3383ca6a-76dc-4d22-af7f-376efff7c09c@localhost,TitForTat,D,1,1,3243,3233
807,player_d3157403-631d-488b-b379-9953c4a61e5c@localhost,Random,D,player_3383ca6a-76dc-4d22-af7f-376efff7c09c@localhost,TitForTat,D,1,1,3244,3234
808,player_d3157403-631d-488b-b379-9953c4a61e5c@localhost,Random,D,player_3383ca6a-76dc-4d22-af7f-376efff7c09c@localhost,TitForTat,D,1,1,3245,3235
809,player_d3157403-631d-488b-b379-9953c4a61e5c@localhost,Random,C,player_3383ca6a-76dc-4d22-af7f-376efff7c09c@localhost,TitForTat,D,0,10,3245,3245
810,player_d3157403-631d-488b-b379-9953c4a61e5c@localhost,Random,C,player_3383ca6a-76dc-4d22-af7f-376efff7c09c@localhost,TitForTat,C,5,5,3250,3250
811,player_d3157403-631d-488b-b379-9953c4a61e5c@localhost,Random,D,player_3383ca6a-76dc-4d22-af7f-376efff7c09c@localhost,TitForTat,C,10,0,3260,3250
812,player_d3157403-631d-488b-b379-9953c4a61e5c@localhost,Random,D,player_3383ca6a-76dc-4d22-af7f-376efff7c09c@localhost,TitForTat,D,1,1,3261,3251
813,player_d3157403-631d-488b-b379-9953c4a61e5c@localhost,Random,D,player_3383ca6a-76dc-4d22-af7f-376efff7c09c@localhost,TitForTat,D,1,1,3262,3252
814,player_d3157403-631d-488b-b379-9953c4a61e5c@localhost,Random,D,player_3383ca6a-76dc-4d22-af7f-376efff7c09c@localhost,TitForTat,D,1,1,3263,3253
815,player_d3157403-631d-488b-b379-9953c4a61e5c@localhost,Random,C,player_3383ca6a-76dc-4d22-af7f-376efff7c09c@localhost,TitForTat,D,0,10,3263,3263
816,player_d3157403-631d-488b-b379-9953c4a61e5c@localhost,Random,C,player_3383ca6a-76dc-4d22-af7f-376efff7c09c@localhost,TitForTat,C,5,5,3268,3268
817,player_d3157403-631d-488b-b379-9953c4a61e5c@localhost,Random,C,player_3383ca6a-76dc-4d22-af7f-376efff7c09c@localhost,TitForTat,C,5,5,3273,3273
818,player_d3157403-631d-488b-b379-9953c4a61e5c@localhost,Random,C,player_3383ca6a-76dc-4d22-af7f-376efff7c09c@localhost,TitForTat,C,5,5,3278,3278
819,player_d3157403-631d-488b-b379-9953c4a61e5c@localhost,Random,C,player_3383ca6a-76dc-4d22-af7f-376efff7c09c@localhost,TitForTat,C,5,5,3283,3283
820,player_d3157403-631d-488b-b379-9953c4a61e5c@localhost,Random,C,player_3383ca6a-76dc-4d22-af7f-376efff7c09c@localhost,TitForTat,C,5,5,3288,3288
821,player_d3157403-631d-488b-b379-9953c4a61e5c@localhost,Random,D,player_3383ca6a-76dc-4d22-af7f-376efff7c09c@localhost,TitForTat,C,10,0,3298,3288
822,player_d3157403-631d-488b-b379-9953c4a61e5c@localhost,Random,D,player_3383ca6a-76dc-4d22-af7f-376efff7c09c@localhost,TitForTat,D,1,1,3299,3289
823,player_d3157403-631d-488b-b379-9953c4a61e5c@localhost,Random,D,player_3383ca6a-76dc-4d22-af7f-376efff7c09c@localhost,TitForTat,D,1,1,3300,3290
824,player_d3157403-631d-488b-b379-9953c4a61e5c@localhost,Random,D,player_3383ca6a-76dc-4d22-af7f-376efff7c09c@localhost,TitForTat,D,1,1,3301,3291
825,player_d3157403-631d-488b-b379-9953c4a61e5c@localhost,Random,C,player_3383ca6a-76dc-4d22-af7f-376efff7c09c@localhost,TitForTat,D,0,10,3301,3301
826,player_d3157403-631d-488b-b379-9953c4a61e5c@localhost,Random,C,player_3383ca6a-76dc-4d22-af7f-376efff7c09c@localhost,TitForTat,C,5,5,3306,3306
827,player_d3157403-631d-488b-b379-9953c4a61e5c@localhost,Random,C,player_3383ca6a-76dc-4d22-af7f-376efff7c09c@localhost,TitForTat,C,5,5,3311,3311
828,player_d3157403-631d-488b-b379-9953c4a61e5c@localhost,Random,C,player_3383ca6a-76dc-4d22-af7f-376efff7c09c@localhost,TitForTat,C,5,5,3316,3316
829,player_d3157403-631d-488b-b379-9953c4a61e5c@localhost,Random,C,player_3383ca6a-76dc-4d22-af7f-376efff7c09c@localhost,TitForTat,C,5,5,3321,3321
830,player_d3157403-631d-488b-b379-9953c4a61e5c@localhost,Random,D,player_3383ca6a-76dc-4d22-af7f-376efff7c09c@localhost,TitForTat,C,10,0,3331,3321
831,player_d3157403-631d-488b-b379-9953c4a61e5c@localhost,Random,C,player_3383ca6a-76dc-4d22-af7f-376efff7c09c@localhost,TitForTat,D,0,10,3331,3331
832,player_d3157403-631d-488b-b379-9953c4a61e5c@localhost,Random,C,player_3383ca6a-76dc-4d22-af7f-376efff7c09c@localhost,TitForTat,C,5,5,3336,3336
833,player_d3157403-631d-488b-b379-9953c4a61e5c@localhost,Random,D,player_3383ca6a-76dc-4d22-af7f-376efff7c09c@localhost,TitForTat,C,10,0,3346,3336
834,player_d3157403-631d-488b-b379-9953c4a61e5c@localhost,Random,C,player_3383ca6a-76dc-4d22-af7f-376efff7c09c@localhost,TitForTat,D,0,10,3346,3346
835,player_d3157403-631d-488b-b379-9953c4a61e5c@localhost,Random,D,player_3383ca6a-76dc-4d22-af7f-376efff7c09c@localhost,TitForTat,C,10,0,3356,3346
836,player_d3157403-631d-488b-b379-9953c4a61e5c@localhost,Random,C,player_3383ca6a-76dc-4d22-af7f-376efff7c09c@localhost,TitForTat,D,0,10,3356,3356
837,player_d3157403-631d-488b-b379-9953c4a61e5c@localhost,Random,C,player_3383ca6a-76dc-4d22-af7f-376efff7c09c@localhost,TitForTat,C,5,5,3361,3361
838,player_d3157403-631d-488b-b379-9953c4a61e5c@localhost,Random,D,player_3383ca6a-76dc-4d22-af7f-376efff7c09c@localhost,TitForTat,C,10,0,3371,3361
839,player_d3157403-631d-488b-b379-9953c4a61e5c@localhost,Random,C,player_3383ca6a-76dc-4d22-af7f-376efff7c09c@localhost,TitForTat,D,0,10,3371,3371
840,player_d3157403-631d-488b-b379-9953c4a61e5c@localhost,Random,C,player_3383ca6a-76dc-4d22-af7f-376efff7c09c@localhost,TitForTat,C,5,5,3376,3376
841,player_d3157403-631d-488b-b379-9953c4a61e5c@localhost,Random,C,player_3383ca6a-76dc-4d22-af7f-376efff7c09c@localhost,TitForTat,C,5,5,3381,3381
842,player_d3157403-631d-488b-b379-9953c4a61e5c@localhost,Random,D,player_3383ca6a-76dc-4d22-af7f-376efff7c09c@localhost,TitForTat,C,10,0,3391,3381
843,player_d3157403-631d-488b-b379-9953c4a61e5c@localhost,Random,C,player_3383ca6a-76dc-4d22-af7f-376efff7c09c@localhost,TitForTat,D,0,10,3391,3391
844,player_d3157403-631d-488b-b379-9953c4a61e5c@localhost,Random,C,player_3383ca6a-76dc-4d22-af7f-376efff7c09c@localhost,TitForTat,C,5,5,3396,3396
845,player_d3157403-631d-488b-b379-9953c4a61e5c@localhost,Random,D,player_3383ca6a-76dc-4d22-af7f-376efff7c09c@localhost,TitForTat,C,10,0,3406,3396
846,player_d3157403-631d-488b-b379-9953c4a61e5c@localhost,Random,C,player_3383ca6a-76dc-4d22-af7f-376efff7c09c@localhost,TitForTat,D,0,10,3406,3406
847,player_d3157403-631d-488b-b379-9953c4a61e5c@localhost,Random,C,player_3383ca6a-76dc-4d22-af7f-376efff7c09c@localhost,TitForTat,C,5,5,3411,3411
848,player_d3157403-631d-488b-b379-9953c4a61e5c@localhost,Random,C,player_3383ca6a-76dc-4d22-af7f-376efff7c09c@localhost,TitForTat,C,5,5,3416,3416
849,player_d3157403-631d-488b-b379-9953c4a61e5c@localhost,Random,D,player_3383ca6a-76dc-4d22-af7f-376efff7c09c@localhost,TitForTat,C,10,0,3426,3416
850,player_d3157403-631d-488b-b379-9953c4a61e5c@localhost,Random,C,player_3383ca6a-76dc-4d22-af7f-376efff7c09c@localhost,TitForTat,D,0,10,3426,3426
851,player_d3157403-631d-488b-b379-9953c4a61e5c@localhost,Random,C,player_3383ca6a-76dc-4d22-af7f-376efff7c09c@localhost,TitForTat,C,5,5,3431,3431
852,player_d3157403-631d-488b-b379-9953c4a61e5c@localhost,Random,D,player_3383ca6a-76dc-4d22-af7f-376efff7c09c@localhost,TitForTat,C,10,0,3441,3431
853,player_d3157403-631d-488b-b379-9953c4a61e5c@localhost,Random,D,player_3383ca6a-76dc-4d22-af7f-376efff7c09c@localhost,TitForTat,D,1,1,3442,3432
854,player_d3157403-631d-488b-b379-9953c4a61e5c@localhost,Random,D,player_3383ca6a-76dc-4d22-af7f-376efff7c09c@localhost,TitForTat,D,1,1,3443,3433
855,player_d3157403-631d-488b-b379-9953c4a61e5c@localhost,Random,C,player_3383ca6a-76dc-4d22-af7f-376efff7c09c@localhost,TitForTat,D,0,10,3443,3443
856,player_d3157403-631d-488b-b379-9953c4a61e5c@localhost,Random,D,player_3383ca6a-76dc-4d22-af7f-376efff7c09c@localhost,TitForTat,C,10,0,3453,3443
857,player_d3157403-631d-488b-b379-9953c4a61e5c@localhost,Random,C,player_3383ca6a-76dc-4d22-af7f-376efff7c09c@localhost,TitForTat,D,0,10,3453,3453
858,player_d3157403-631d-488b-b379-9953c4a61e5c@localhost,Random,D,player_3383ca6a-76dc-4d22-af7f-376efff7c09c@localhost,TitForTat,C,10,0,3463,3453
859,player_d3157403-631d-488b-b379-9953c4a61e5c@localhost,Random,C,player_3383ca6a-76dc-4d22-af7f-376efff7c09c@localhost,TitForTat,D,0,10,3463,3463
860,player_d3157403-631d-488b-b379-9953c4a61e5c@localhost,Random,D,player_3383ca6a-76dc-4d22-af7f-376efff7c09c@localhost,TitForTat,C,10,0,3473,3463
861,player_d3157403-631d-488b-b379-9953c4a61e5c@localhost,Random,C,player_3383ca6a-76dc-4d22-af7f-376efff7c09c@localhost,TitForTat,D,0,10,3473,3473
862,player_d3157403-631d-488b-b379-9953c4a61e5c@localhost,Random,D,player_3383ca6a-76dc-4d22-af7f-376efff7c09c@localhost,TitForTat,C,10,0,3483,3473
863,player_d3157403-631d-488b-b379-9953c4a61e5c@localhost,Random,D,player_3383ca6a-76dc-4d22-af7f-376efff7c09c@localhost,TitForTat,D,1,1,3484,3474
864,player_d3157403-631d-488b-b379-9953c4a61e5c@localhost,Random,C,player_3383ca6a-76dc-4d22-af7f-376efff7c09c@localhost,TitForTat,D,0,10,3484,3484
865,player_d3157403-631d-488b-b379-9953c4a61e5c@localhost,Random,D,player_3383ca6a-76dc-4d22-af7f-376efff7c09c@localhost,TitForTat,C,10,0,3494,3484
866,player_d3157403-631d-488b-b379-9953c4a61e5c@localhost,Random,C,player_3383ca6a-76dc-4d22-af7f-376efff7c09c@localhost,TitForTat,D,0,10,3494,3494
867,player_d3157403-631d-488b-b379-9953c4a61e5c@localhost,Random,C,player_3383ca6a-76dc-4d22-af7f-376efff7c09c@localhost,TitForTat,C,5,5,3499,3499
868,player_d3157403-631d-488b-b379-9953c4a61e5c@localhost,Random,D,player_3383ca6a-76dc-4d22-af7f-376efff7c09c@localhost,TitForTat,C,10,0,3509,3499
869,player_d3157403-631d-488b-b379-9953c4a61e5c@localhost,Random,D,player_3383ca6a-76dc-4d22-af7f-376efff7c09c@localhost,TitForTat,D,1,1,3510,3500
870,player_d3157403-631d-488b-b379-9953c4a61e5c@localhost,Random,C,player_3383ca6a-76dc-4d22-af7f-376efff7c09c@localhost,TitForTat,D,0,10,3510,3510
871,player_d3157403-631d-488b-b379-9953c4a61e5c@localhost,Random,C,player_3383ca6a-76dc-4d22-af7f-376efff7c09c@localhost,TitForTat,C,5,5,3515,3515
872,player_d3157403-631d-488b-b379-9953c4a61e5c@localhost,Random,C,player_3383ca6a-76dc-4d22-af7f-376efff7c09c@localhost,TitForTat,C,5,5,3520,3520
873,player_d3157403-631d-488b-b379-9953c4a61e5c@localhost,Random,C,player_3383ca6a-76dc-4d22-af7f-376efff7c09c@localhost,TitForTat,C,5,5,3525,3525
874,player_d3157403-631d-488b-b379-9953c4a61e5c@localhost,Random,C,player_3383ca6a-76dc-4d22-af7f-376efff7c09c@localhost,TitForTat,C,5,5,3530,3530
875,player_d3157403-631d-488b-b379-9953c4a61e5c@localhost,Random,C,player_3383ca6a-76dc-4d22-af7f-376efff7c09c@localhost,TitForTat,C,5,5,3535,3535
876,player_d3157403-631d-488b-b379-9953c4a61e5c@localhost,Random,C,player_3383ca6a-76dc-4d22-af7f-376efff7c09c@localhost,TitForTat,C,5,5,3540,3540
877,player_d3157403-631d-488b-b379-9953c4a61e5c@localhost,Random,C,player_3383ca6a-76dc-4d22-af7f-376efff7c09c@localhost,TitForTat,C,5,5,3545,3545
878,player_d3157403-631d-488b-b379-9953c4a61e5c@localhost,Random,D,player_3383ca6a-76dc-4d22-af7f-376efff7c09c@localhost,TitForTat,C,10,0,3555,3545
879,player_d3157403-631d-488b-b379-9953c4a61e5c@localhost,Random,D,player_3383ca6a-76dc-4d22-af7f-376efff7c09c@localhost,TitForTat,D,1,1,3556,3546
880,player_d3157403-631d-488b-b379-9953c4a61e5c@localhost,Random,C,player_3383ca6a-76dc-4d22-af7f-376efff7c09c@localhost,TitForTat,D,0,10,3556,3556
881,player_d3157403-631d-488b-b379-9953c4a61e5c@localhost,Random,C,player_3383ca6a-76dc-4d22-af7f-376efff7c09c@localhost,TitForTat,C,5,5,3561,3561
882,player_d3157403-631d-488b-b379-9953c4a61e5c@localhost,Random,C,player_3383ca6a-76dc-4d22-af7f-376efff7c09c@localhost,TitForTat,C,5,5,3566,3566
883,player_d3157403-631d-488b-b379-9953c4a61e5c@localhost,Random,C,player_3383ca6a-76dc-4d22-af7f-376efff7c09c@localhost,TitForTat,C,5,5,3571,3571
884,player_d3157403-631d-488b-b379-9953c4a61e5c@localhost,Random,D,player_3383ca6a-76dc-4d22-af7f-376efff7c09c@localhost,TitForTat,C,10,0,3581,3571
885,player_d3157403-631d-488b-b379-9953c4a61e5c@localhost,Random,D,player_3383ca6a-76dc-4d22-af7f-376efff7c09c@localhost,TitForTat,D,1,1,3582,3572
886,player_d3157403-631d-488b-b379-9953c4a61e5c@localhost,Random,C,player_3383ca6a-76dc-4d22-af7f-376efff7c09c@localhost,TitForTat,D,0,10,3582,3582
887,player_d3157403-631d-488b-b379-9953c4a61e5c@localhost,Random,C,player_3383ca6a-76dc-4d22-af7f-376efff7c09c@localhost,TitForTat,C,5,5,3587,3587
888,player_d3157403-631d-488b-b379-9953c4a61e5c@localhost,Random,D,player_3383ca6a-76dc-4d22-af7f-376efff7c09c@localhost,TitForTat,C,10,0,3597,3587
889,player_d3157403-631d-488b-b379-9953c4a61e5c@localhost,Random,D,player_3383ca6a-76dc-4d22-af7f-376efff7c09c@localhost,TitForTat,D,1,1,3598,3588
890,player_d3157403-631d-488b-b379-9953c4a61e5c@localhost,Random,D,player_3383ca6a-76dc-4d22-af7f-376efff7c09c@localhost,TitForTat,D,1,1,3599,3589
891,player_d3157403-631d-488b-b379-9953c4a61e5c@localhost,Random,C,player_3383ca6a-76dc-4d22-af7f-376efff7c09c@localhost,TitForTat,D,0,10,3599,3599
892,player_d3157403-631d-488b-b379-9953c4a61e5c@localhost,Random,C,player_3383ca6a-76dc-4d22-af7f-376efff7c09c@localhost,TitForTat,C,5,5,3604,3604
893,player_d3157403-631d-488b-b379-9953c4a61e5c@localhost,Random,C,player_3383ca6a-76dc-4d22-af7f-376efff7c09c@localhost,TitForTat,C,5,5,3609,3609
894,player_d3157403-631d-488b-b379-9953c4a61e5c@localhost,Random,D,player_3383ca6a-76dc-4d22-af7f-376efff7c09c@localhost,TitForTat,C,10,0,3619,3609
895,player_d3157403-631d-488b-b379-9953c4a61e5c@localhost,Random,C,player_3383ca6a-76dc-4d22-af7f-376efff7c09c@localhost,TitForTat,D,0,10,3619,3619
896,player_d3157403-631d-488b-b379-9953c4a61e5c@localhost,Random,C,player_3383ca6a-76dc-4d22-af7f-376efff7c09c@localhost,TitForTat,C,5,5,3624,3624
897,player_d3157403-631d-488b-b379-9953c4a61e5c@localhost,Random,C,player_3383ca6a-76dc-4d22-af7f-376efff7c09c@localhost,TitForTat,C,5,5,3629,3629
898,player_d3157403-631d-488b-b379-9953c4a61e5c@localhost,Random,C,player_3383ca6a-76dc-4d22-af7f-376efff7c09c@localhost,TitForTat,C,5,5,3634,3634
899,player_d3157403-631d-488b-b379-9953c4a61e5c@localhost,Random,D,player_3383ca6a-76dc-4d22-af7f-376efff7c09c@localhost,TitForTat,C,10,0,3644,3634
900,player_d3157403-631d-488b-b379-9953c4a61e5c@localhost,Random,D,player_3383ca6a-76dc-4d22-af7f-376efff7c09c@localhost,TitForTat,D,1,1,3645,3635
901,player_d3157403-631d-488b-b379-9953c4a61e5c@localhost,Random,C,player_3383ca6a-76dc-4d22-af7f-376efff7c09c@localhost,TitForTat,D,0,10,3645,3645
902,player_d3157403-631d-488b-b379-9953c4a61e5c@localhost,Random,C,player_3383ca6a-76dc-4d22-af7f-376efff7c09c@localhost,TitForTat,C,5,5,3650,3650
903,player_d3157403-631d-488b-b379-9953c4a61e5c@localhost,Random,C,player_3383ca6a-76dc-4d22-af7f-376efff7c09c@localhost,TitForTat,C,5,5,3655,3655
904,player_d3157403-631d-488b-b379-9953c4a61e5c@localhost,Random,C,player_3383ca6a-76dc-4d22-af7f-376efff7c09c@localhost,TitForTat,C,5,5,3660,3660
905,player_d3157403-631d-488b-b379-9953c4a61e5c@localhost,Random,D,player_3383ca6a-76dc-4d22-af7f-376efff7c09c@localhost,TitForTat,C,10,0,3670,3660
906,player_d3157403-631d-488b-b379-9953c4a61e5c@localhost,Random,C,player_3383ca6a-76dc-4d22-af7f-376efff7c09c@localhost,TitForTat,D,0,10,3670,3670
907,player_d3157403-631d-488b-b379-9953c4a61e5c@localhost,Random,C,player_3383ca6a-76dc-4d22-af7f-376efff7c09c@localhost,TitForTat,C,5,5,3675,3675
908,player_d3157403-631d-488b-b379-9953c4a61e5c@localhost,Random,C,player_3383ca6a-76dc-4d22-af7f-376efff7c09c@localhost,TitForTat,C,5,5,3680,3680
909,player_d3157403-631d-488b-b379-9953c4a61e5c@localhost,Random,C,player_3383ca6a-76dc-4d22-af7f-376efff7c09c@localhost,TitForTat,C,5,5,3685,3685
910,player_d3157403-631d-488b-b379-9953c4a61e5c@localhost,Random,D,player_3383ca6a-76dc-4d22-af7f-376efff7c09c@localhost,TitForTat,C,10,0,3695,3685
911,player_d3157403-631d-488b-b379-9953c4a61e5c@localhost,Random,D,player_3383ca6a-76dc-4d22-af7f-376efff7c09c@localhost,TitForTat,D,1,1,3696,3686
912,player_d3157403-631d-488b-b379-9953c4a61e5c@localhost,Random,D,player_3383ca6a-76dc-4d22-af7f-376efff7c09c@localhost,TitForTat,D,1,1,3697,3687
913,player_d3157403-631d-488b-b379-9953c4a61e5c@localhost,Random,D,player_3383ca6a-76dc-4d22-af7f-376efff7c09c@localhost,TitForTat,D,1,1,3698,3688
914,player_d3157403-631d-488b-b379-9953c4a61e5c@localhost,Random,D,player_3383ca6a-76dc-4d22-af7f-376efff7c09c@localhost,TitForTat,D,1,1,3699,3689
915,player_d3157403-631d-488b-b379-9953c4a61e5c@localhost,Random,C,player_3383ca6a-76dc-4d22-af7f-376efff7c09c@localhost,TitForTat,D,0,10,3699,3699
916,player_d3157403-631d-488b-b379-9953c4a61e5c@localhost,Random,D,player_3383ca6a-76dc-4d22-af7f-376efff7c09c@localhost,TitForTat,C,10,0,3709,3699
917,player_d3157403-631d-488b-b379-9953c4a61e5c@localhost,Random,C,player_3383ca6a-76dc-4d22-af7f-376efff7c09c@localhost,TitForTat,D,0,10,3709,3709
918,player_d3157403-631d-488b-b379-9953c4a61e5c@localhost,Random,C,player_3383ca6a-76dc-4d22-af7f-376efff7c09c@localhost,TitForTat,C,5,5,3714,3714
919,player_d3157403-631d-488b-b379-9953c4a61e5c@localhost,Random,D,player_3383ca6a-76dc-4d22-af7f-376efff7c09c@localhost,TitForTat,C,10,0,3724,3714
920,player_d3157403-631d-488b-b379-9953c4a61e5c@localhost,Random,C,player_3383ca6a-76dc-4d22-af7f-376efff7c09c@localhost,TitForTat,D,0,10,3724,3724
921,player_d3157403-631d-488b-b379-9953c4a61e5c@localhost,Random,D,player_3383ca6a-76dc-4d22-af7f-376efff7c09c@localhost,TitForTat,C,10,0,3734,3724
922,player_d3157403-631d-488b-b379-9953c4a61e5c@localhost,Random,C,player_3383ca6a-76dc-4d22-af7f-376efff7c09c@localhost,TitForTat,D,0,10,3734,3734
923,player_d3157403-631d-488b-b379-9953c4a61e5c@localhost,Random,D,player_3383ca6a-76dc-4d22-af7f-376efff7c09c@localhost,TitForTat,C,10,0,3744,3734
924,player_d3157403-631d-488b-b379-9953c4a61e5c@localhost,Random,D,player_3383ca6a-76dc-4d22-af7f-376efff7c09c@localhost,TitForTat,D,1,1,3745,3735
925,player_d3157403-631d-488b-b379-9953c4a61e5c@localhost,Random,C,player_3383ca6a-76dc-4d22-af7f-376efff7c09c@localhost,TitForTat,D,0,10,3745,3745
926,player_d3157403-631d-488b-b379-9953c4a61e5c@localhost,Random,C,player_3383ca6a-76dc-4d22-af7f-376efff7c09c@localhost,TitForTat,C,5,5,3750,3750
927,player_d3157403-631d-488b-b379-9953c4a61e5c@localhost,Random,D,player_3383ca6a-76dc-4d22-af7f-376efff7c09c@localhost,TitForTat,C,10,0,3760,3750
928,player_d3157403-631d-488b-b379-9953c4a61e5c@localhost,Random,D,player_3383ca6a-76dc-4d22-af7f-376efff7c09c@localhost,TitForTat,D,1,1,3761,3751
929,player_d3157403-631d-488b-b379-9953c4a61e5c@localhost,Random,D,player_3383ca6a-76dc-4d22-af7f-376efff7c09c@localhost,TitForTat,D,1,1,3762,3752
930,player_d3157403-631d-488b-b379-9953c4a61e5c@localhost,Random,C,player_3383ca6a-76dc-4d22-af7f-376efff7c09c@localhost,TitForTat,D,0,10,3762,3762
931,player_d3157403-631d-488b-b379-9953c4a61e5c@localhost,Random,D,player_3383ca6a-76dc-4d22-af7f-376efff7c09c@localhost,TitForTat,C,10,0,3772,3762
932,player_d3157403-631d-488b-b379-9953c4a61e5c@localhost,Random,C,player_3383ca6a-76dc-4d22-af7f-376efff7c09c@localhost,TitForTat,D,0,10,3772,3772
933,player_d3157403-631d-488b-b379-9953c4a61e5c@localhost,Random,C,player_3383ca6a-76dc-4d22-af7f-376efff7c09c@localhost,TitForTat,C,5,5,3777,3777
934,player_d3157403-631d-488b-b379-9953c4a61e5c@localhost,Random,D,player_3383ca6a-76dc-4d22-af7f-376efff7c09c@localhost,TitForTat,C,10,0,3787,3777
935,player_d3157403-631d-488b-b379-9953c4a61e5c@localhost,Random,C,player_3383ca6a-76dc-4d22-af7f-376efff7c09c@localhost,TitForTat,D,0,10,3787,3787
936,player_d3157403-631d-488b-b379-9953c4a61e5c@localhost,Random,D,player_3383ca6a-76dc-4d22-af7f-376efff7c09c@localhost,TitForTat,C,10,0,3797,3787
937,player_d3157403-631d-488b-b379-9953c4a61e5c@localhost,Random,D,player_3383ca6a-76dc-4d22-af7f-376efff7c09c@localhost,TitForTat,D,1,1,3798,3788
938,player_d3157403-631d-488b-b379-9953c4a61e5c@localhost,Random,D,player_3383ca6a-76dc-4d22-af7f-376efff7c09c@localhost,TitForTat,D,1,1,3799,3789
939,player_d3157403-631d-488b-b379-9953c4a61e5c@localhost,Random,C,player_3383ca6a-76dc-4d22-af7f-376efff7c09c@localhost,TitForTat,D,0,10,3799,3799
940,player_d3157403-631d-488b-b379-9953c4a61e5c@localhost,Random,C,player_3383ca6a-76dc-4d22-af7f-376efff7c09c@localhost,TitForTat,C,5,5,3804,3804
941,player_d3157403-631d-488b-b379-9953c4a61e5c@localhost,Random,D,player_3383ca6a-76dc-4d22-af7f-376efff7c09c@localhost,TitForTat,C,10,0,3814,3804
942,player_d3157403-631d-488b-b379-9953c4a61e5c@localhost,Random,C,player_3383ca6a-76dc-4d22-af7f-376efff7c09c@localhost,TitForTat,D,0,10,3814,3814
943,player_d3157403-631d-488b-b379-9953c4a61e5c@localhost,Random,D,player_3383ca6a-76dc-4d22-af7f-376efff7c09c@localhost,TitForTat,C,10,0,3824,3814
944,player_d3157403-631d-488b-b379-9953c4a61e5c@localhost,Random,D,player_3383ca6a-76dc-4d22-af7f-376efff7c09c@localhost,TitForTat,D,1,1,3825,3815
945,player_d3157403-631d-488b-b379-9953c4a61e5c@localhost,Random,C,player_3383ca6a-76dc-4d22-af7f-376efff7c09c@localhost,TitForTat,D,0,10,3825,3825
946,player_d3157403-631d-488b-b379-9953c4a61e5c@localhost,Random,D,player_3383ca6a-76dc-4d22-af7f-376efff7c09c@localhost,TitForTat,C,10,0,3835,3825
947,player_d3157403-631d-488b-b379-9953c4a61e5c@localhost,Random,C,player_3383ca6a-76dc-4d22-af7f-376efff7c09c@localhost,TitForTat,D,0,10,3835,3835
948,player_d3157403-631d-488b-b379-9953c4a61e5c@localhost,Random,C,player_3383ca6a-76dc-4d22-af7f-376efff7c09c@localhost,TitForTat,C,5,5,3840,3840
949,player_d3157403-631d-488b-b379-9953c4a61e5c@localhost,Random,D,player_3383ca6a-76dc-4d22-af7f-376efff7c09c@localhost,TitForTat,C,10,0,3850,3840
950,player_d3157403-631d-488b-b379-9953c4a61e5c@localhost,Random,C,player_3383ca6a-76dc-4d22-af7f-376efff7c09c@localhost,TitForTat,D,0,10,3850,3850
951,player_d3157403-631d-488b-b379-9953c4a61e5c@localhost,Random,C,player_3383ca6a-76dc-4d22-af7f-376efff7c09c@localhost,TitForTat,C,5,5,3855,3855
952,player_d3157403-631d-488b-b379-9953c4a61e5c@localhost,Random,C,player_3383ca6a-76dc-4d22-af7f-376efff7c09c@localhost,TitForTat,C,5,5,3860,3860
953,player_d3157403-631d-488b-b379-9953c4a61e5c@localhost,Random,C,player_3383ca6a-76dc-4d22-af7f-376efff7c09c@localhost,TitForTat,C,5,5,3865,3865
954,player_d3157403-631d-488b-b379-9953c4a61e5c@localhost,Random,D,player_3383ca6a-76dc-4d22-af7f-376efff7c09c@localhost,TitForTat,C,10,0,3875,3865
955,player_d3157403-631d-488b-b379-9953c4a61e5c@localhost,Random,C,player_3383ca6a-76dc-4d22-af7f-376efff7c09c@localhost,TitForTat,D,0,10,3875,3875
956,player_d3157403-631d-488b-b379-9953c4a61e5c@localhost,Random,D,player_3383ca6a-76dc-4d22-af7f-376efff7c09c@localhost,TitForTat,C,10,0,3885,3875
957,player_d3157403-631d-488b-b379-9953c4a61e5c@localhost,Random,C,player_3383ca6a-76dc-4d22-af7f-376efff7c09c@localhost,TitForTat,D,0,10,3885,3885
958,player_d3157403-631d-488b-b379-9953c4a61e5c@localhost,Random,C,player_3383ca6a-76dc-4d22-af7f-376efff7c09c@localhost,TitForTat,C,5,5,3890,3890
959,player_d3157403-631d-488b-b379-9953c4a61e5c@localhost,Random,D,player_3383ca6a-76dc-4d22-af7f-376efff7c09c@localhost,TitForTat,C,10,0,3900,3890
960,player_d3157403-631d-488b-b379-9953c4a61e5c@localhost,Random,C,player_3383ca6a-76dc-4d22-af7f-376efff7c09c@localhost,TitForTat,D,0,10,3900,3900
961,player_d3157403-631d-488b-b379-9953c4a61e5c@localhost,Random,D,player_3383ca6a-76dc-4d22-af7f-376efff7c09c@localhost,TitForTat,C,10,0,3910,3900
962,player_d3157403-631d-488b-b379-9953c4a61e5c@localhost,Random,D,player_3383ca6a-76dc-4d22-af7f-376efff7c09c@localhost,TitForTat,D,1,1,3911,3901
963,player_d3157403-631d-488b-b379-9953c4a61e5c@localhost,Random,C,player_3383ca6a-76dc-4d22-af7f-376efff7c09c@localhost,TitForTat,D,0,10,3911,3911
964,player_d3157403-631d-488b-b379-9953c4a61e5c@localhost,Random,C,player_3383ca6a-76dc-4d22-af7f-376efff7c09c@localhost,TitForTat,C,5,5,3916,3916
965,player_d3157403-631d-488b-b379-9953c4a61e5c@localhost,Random,C,player_3383ca6a-76dc-4d22-af7f-376efff7c09c@localhost,TitForTat,C,5,5,3921,3921
966,player_d3157403-631d-488b-b379-9953c4a61e5c@localhost,Random,D,player_3383ca6a-76dc-4d22-af7f-376efff7c09c@localhost,TitForTat,C,10,0,3931,3921
967,player_d3157403-631d-488b-b379-9953c4a61e5c@localhost,Random,D,player_3383ca6a-76dc-4d22-af7f-376efff7c09c@localhost,TitForTat,D,1,1,3932,3922
968,player_d3157403-631d-488b-b379-9953c4a61e5c@localhost,Random,C,player_3383ca6a-76dc-4d22-af7f-376efff7c09c@localhost,TitForTat,D,0,10,3932,3932
969,player_d3157403-631d-488b-b379-9953c4a61e5c@localhost,Random,C,player_3383ca6a-76dc-4d22-af7f-376efff7c09c@localhost,TitForTat,C,5,5,3937,3937
970,player_d3157403-631d-488b-b379-9953c4a61e5c@localhost,Random,C,player_3383ca6a-76dc-4d22-af7f-376efff7c09c@localhost,TitForTat,C,5,5,3942,3942
971,player_d3157403-631d-488b-b379-9953c4a61e5c@localhost,Random,C,player_3383ca6a-76dc-4d22-af7f-376efff7c09c@localhost,TitForTat,C,5,5,3947,3947
972,player_d3157403-631d-488b-b379-9953c4a61e5c@localhost,Random,C,player_3383ca6a-76dc-4d22-af7f-376efff7c09c@localhost,TitForTat,C,5,5,3952,3952
973,player_d3157403-631d-488b-b379-9953c4a61e5c@localhost,Random,D,player_3383ca6a-76dc-4d22-af7f-376efff7c09c@localhost,TitForTat,C,10,0,3962,3952
974,player_d3157403-631d-488b-b379-9953c4a61e5c@localhost,Random,D,player_3383ca6a-76dc-4d22-af7f-376efff7c09c@localhost,TitForTat,D,1,1,3963,3953
975,player_d3157403-631d-488b-b379-9953c4a61e5c@localhost,Random,D,player_3383ca6a-76dc-4d22-af7f-376efff7c09c@localhost,TitForTat,D,1,1,3964,3954
976,player_d3157403-631d-488b-b379-9953c4a61e5c@localhost,Random,C,player_3383ca6a-76dc-4d22-af7f-376efff7c09c@localhost,TitForTat,D,0,10,3964,3964
977,player_d3157403-631d-488b-b379-9953c4a61e5c@localhost,Random,C,player_3383ca6a-76dc-4d22-af7f-376efff7c09c@localhost,TitForTat,C,5,5,3969,3969
978,player_d3157403-631d-488b-b379-9953c4a61e5c@localhost,Random,D,player_3383ca6a-76dc-4d22-af7f-376efff7c09c@localhost,TitForTat,C,10,0,3979,3969
979,player_d3157403-631d-488b-b379-9953c4a61e5c@localhost,Random,D,player_3383ca6a-76dc-4d22-af7f-376efff7c09c@localhost,TitForTat,D,1,1,3980,3970
980,player_d3157403-631d-488b-b379-9953c4a61e5c@localhost,Random,D,player_3383ca6a-76dc-4d22-af7f-376efff7c09c@localhost,TitForTat,D,1,1,3981,3971
981,player_d3157403-631d-488b-b379-9953c4a61e5c@localhost,Random,C,player_3383ca6a-76dc-4d22-af7f-376efff7c09c@localhost,TitForTat,D,0,10,3981,3981
982,player_d3157403-631d-488b-b379-9953c4a61e5c@localhost,Random,D,player_3383ca6a-76dc-4d22-af7f-376efff7c09c@localhost,TitForTat,C,10,0,3991,3981
983,player_d3157403-631d-488b-b379-9953c4a61e5c@localhost,Random,C,player_3383ca6a-76dc-4d22-af7f-376efff7c09c@localhost,TitForTat,D,0,10,3991,3991
984,player_d3157403-631d-488b-b379-9953c4a61e5c@localhost,Random,D,player_3383ca6a-76dc-4d22-af7f-376efff7c09c@localhost,TitForTat,C,10,0,4001,3991
985,player_d3157403-631d-488b-b379-9953c4a61e5c@localhost,Random,D,player_3383ca6a-76dc-4d22-af7f-376efff7c09c@localhost,TitForTat,D,1,1,4002,3992
986,player_d3157403-631d-488b-b379-9953c4a61e5c@localhost,Random,D,player_3383ca6a-76dc-4d22-af7f-376efff7c09c@localhost,TitForTat,D,1,1,4003,3993
987,player_d3157403-631d-488b-b379-9953c4a61e5c@localhost,Random,C,player_3383ca6a-76dc-4d22-af7f-376efff7c09c@localhost,TitForTat,D,0,10,4003,4003
988,player_d3157403-631d-488b-b379-9953c4a61e5c@localhost,Random,D,player_3383ca6a-76dc-4d22-af7f-376efff7c09c@localhost,TitForTat,C,10,0,4013,4003
989,player_d3157403-631d-488b-b379-9953c4a61e5c@localhost,Random,D,player_3383ca6a-76dc-4d22-af7f-376efff7c09c@localhost,TitForTat,D,1,1,4014,4004
990,player_d3157403-631d-488b-b379-9953c4a61e5c@localhost,Random,D,player_3383ca6a-76dc-4d22-af7f-376efff7c09c@localhost,TitForTat,D,1,1,4015,4005
991,player_d3157403-631d-488b-b379-9953c4a61e5c@localhost,Random,D,player_3383ca6a-76dc-4d22-af7f-376efff7c09c@localhost,TitForTat,D,1,1,4016,4006
992,player_d3157403-631d-488b-b379-9953c4a61e5c@localhost,Random,D,player_3383ca6a-76dc-4d22-af7f-376efff7c09c@localhost,TitForTat,D,1,1,4017,4007
993,player_d3157403-631d-488b-b379-9953c4a61e5c@localhost,Random,D,player_3383ca6a-76dc-4d22-af7f-376efff7c09c@localhost,TitForTat,D,1,1,4018,4008
994,player_d3157403-631d-488b-b379-9953c4a61e5c@localhost,Random,C,player_3383ca6a-76dc-4d22-af7f-376efff7c09c@localhost,TitForTat,D,0,10,4018,4018
995,player_d3157403-631d-488b-b379-9953c4a61e5c@localhost,Random,D,player_3383ca6a-76dc-4d22-af7f-376efff7c09c@localhost,TitForTat,C,10,0,4028,4018
996,player_d3157403-631d-488b-b379-9953c4a61e5c@localhost,Random,D,player_3383ca6a-76dc-4d22-af7f-376efff7c09c@localhost,TitForTat,D,1,1,4029,4019
997,player_d3157403-631d-488b-b379-9953c4a61e5c@localhost,Random,D,player_3383ca6a-76dc-4d22-af7f-376efff7c09c@localhost,TitForTat,D,1,1,4030,4020
998,player_d3157403-631d-488b-b379-9953c4a61e5c@localhost,Random,D,player_3383ca6a-76dc-4d22-af7f-376efff7c09c@localhost,TitForTat,D,1,1,4031,4021
999,player_d3157403-631d-488b-b379-9953c4a61e5c@localhost,Random,D,player_3383ca6a-76dc-4d22-af7f-376efff7c09c@localhost,TitForTat,D,1,1,4032,4022
1000,player_d3157403-631d-488b-b379-9953c4a61e5c@localhost,Random,D,player_3383ca6a-76dc-4d22-af7f-376efff7c09c@localhost,TitForTat,D,1,1,4033,4023
,,,,,,,,,,
# AGGREGATED METRICS
# p1_jid,player_d3157403-631d-488b-b379-9953c4a61e5c@localhost
# p2_jid,player_3383ca6a-76dc-4d22-af7f-376efff7c09c@localhost
# total_rounds,1000
# cooperation_rate_p1,0.5110
# cooperation_rate_p2,0.5120
# defection_rate_p1,0.4890
# defection_rate_p2,0.4880
# total_payoff_p1,4033
# total_payoff_p2,4023
# avg_payoff_p1,4.0330
# avg_payoff_p2,4.0230
