round,p1_jid,p1_strategy,p1_action,p2_jid,p2_strategy,p2_action,p1_payoff,p2_payoff,p1_cumulative,p2_cumulative
1,player_cc508a77-8c2c-4094-8bf2-cd9f83d8d723@localhost,Random,D,player_44d216ab-243f-4dec-86c3-f284dbe4180f@localhost,GrimTrigger,C,10,0,10,0
2,player_cc508a77-8c2c-4094-8bf2-cd9f83d8d723@localhost,Random,D,player_44d216ab-243f-4dec-86c3-f284dbe4180f@localhost,GrimTrigger,D,1,1,11,1
3,player_cc508a77-8c2c-4094-8bf2-cd9f83d8d723@localhost,Random,D,player_44d216ab-243f-4dec-86c3-f284dbe4180f@localhost,GrimTrigger,D,1,1,12,2
4,player_cc508a77-8c2c-4094-8bf2-cd9f83d8d723@localhost,Random,D,player_44d216ab-243f-4dec-86c3-f284dbe4180f@localhost,GrimTrigger,D,1,1,13,3
5,player_cc508a77-8c2c-4094-8bf2-cd9f83d8d723@localhost,Random,D,player_44d216ab-243f-4dec-86c3-f284dbe4180f@localhost,GrimTrigger,D,1,1,14,4
6,player_cc508a77-8c2c-4094-8bf2-cd9f83d8d723@localhost,Random,C,player_44d216ab-243f-4dec-86c3-f284dbe4180f@localhost,GrimTrigger,D,0,10,14,14
7,player_cc508a77-8c2c-4094-8bf2-cd9f83d8d723@localhost,Random,D,player_44d216ab-243f-4dec-86c3-f284dbe4180f@localhost,GrimTrigger,D,1,1,15,15
8,player_cc508a77-8c2c-4094-8bf2-cd9f83d8d723@localhost,Random,C,player_44d216ab-243f-4dec-86c3-f284dbe4180f@localhost,GrimTrigger,D,0,10,15,25
9,player_cc508a77-8c2c-4094-8bf2-cd9f83d8d723@localhost,Random,D,player_44d216ab-243f-4dec-86c3-f284dbe4180f@localhost,GrimTrigger,D,1,1,16,26
10,player_cc508a77-8c2c-4094-8bf2-cd9f83d8d723@localhost,Random,C,player_44d216ab-243f-4dec-86c3-f284dbe4180f@localhost,GrimTrigger,D,0,10,16,36
11,player_cc508a77-8c2c-4094-8bf2-cd9f83d8d723@localhost,Random,C,player_44d216ab-243f-4dec-86c3-f284dbe4180f@localhost,GrimTrigger,D,0,10,16,46
12,player_cc508a77-8c2c-4094-8bf2-cd9f83d8d723@localhost,Random,C,player_44d216ab-243f-4dec-86c3-f284dbe4180f@localhost,GrimTrigger,D,0,10,16,56
13,player_cc508a77-8c2c-4094-8bf2-cd9f83d8d723@localhost,Random,C,player_44d216ab-243f-4dec-86c3-f284dbe4180f@localhost,GrimTrigger,D,0,10,16,66
14,player_cc508a77-8c2c-4094-8bf2-cd9f83d8d723@localhost,Random,C,player_44d216ab-243f-4dec-86c3-f284dbe4180f@localhost,GrimTrigger,D,0,10,16,76
15,player_cc508a77-8c2c-4094-8bf2-cd9f83d8d723@localhost,Random,C,player_44d216ab-243f-4dec-86c3-f284dbe4180f@localhost,GrimTrigger,D,0,10,16,86
16,player_cc508a77-8c2c-4094-8bf2-cd9f83d8d723@localhost,Random,D,player_44d216ab-243f-4dec-86c3-f284dbe4180f@localhost,GrimTrigger,D,1,1,17,87
17,player_cc508a77-8c2c-4094-8bf2-cd9f83d8d723@localhost,Random,C,player_44d216ab-243f-4dec-86c3-f284dbe4180f@localhost,GrimTrigger,D,0,10,17,97
18,player_cc508a77-8c2c-4094-8bf2-cd9f83d8d723@localhost,Random,C,player_44d216ab-243f-4dec-86c3-f284dbe4180f@localhost,GrimTrigger,D,0,10,17,107
19,player_cc508a77-8c2c-4094-8bf2-cd9f83d8d723@localhost,Random,C,player_44d216ab-243f-4dec-86c3-f284dbe4180f@localhost,GrimTrigger,D,0,10,17,117
20,player_cc508a77-8c2c-4094-8bf2-cd9f83d8d723@localhost,Random,D,player_44d216ab-243f-4dec-86c3-f284dbe4180f@localhost,GrimTrigger,D,1,1,18,118
21,player_cc508a77-8c2c-4094-8bf2-cd9f83d8d723@localhost,Random,C,player_44d216ab-243f-4dec-86c3-f284dbe4180f@localhost,GrimTrigger,D,0,10,18,128
22,player_cc508a77-8c2c-4094-8bf2-cd9f83d8d723@localhost,Random,C,player_44d216ab-243f-4dec-86c3-f284dbe4180f@localhost,GrimTrigger,D,0,10,18,138
23,player_cc508a77-8c2c-4094-8bf2-cd9f83d8d723@localhost,Random,C,player_44d216ab-243f-4dec-86c3-f284dbe4180f@localhost,GrimTrigger,D,0,10,18,148
24,player_cc508a77-8c2c-4094-8bf2-cd9f83d8d723@localhost,Random,D,player_44d216ab-243f-4dec-86c3-f284dbe4180f@localhost,GrimTrigger,D,1,1,19,149
25,player_cc508a77-8c2c-4094-8bf2-cd9f83d8d723@localhost,Random,C,player_44d216ab-243f-4dec-86c3-f284dbe4180f@localhost,GrimTrigger,D,0,10,19,159
26,player_cc508a77-8c2c-4094-8bf2-cd9f83d8d723@localhost,Random,C,player_44d216ab-243f-4dec-86c3-f284dbe4180f@localhost,GrimTrigger,D,0,10,19,169
27,player_cc508a77-8c2c-4094-8bf2-cd9f83d8d723@localhost,Random,D,player_44d216ab-243f-4dec-86c3-f284dbe4180f@localhost,GrimTrigger,D,1,1,20,170
28,player_cc508a77-8c2c-4094-8bf2-cd9f83d8d723@localhost,Random,D,player_44d216ab-243f-4dec-86c3-f284dbe4180f@localhost,GrimTrigger,D,1,1,21,171
29,player_cc508a77-8c2c-4094-8bf2-cd9f83d8d723@localhost,Random,C,player_44d216ab-243f-4dec-86c3-f284dbe4180f@localhost,GrimTrigger,D,0,10,21,181
30,player_cc508a77-8c2c-4094-8bf2-cd9f83d8d723@localhost,Random,D,player_44d216ab-243f-4dec-86c3-f284dbe4180f@localhost,GrimTrigger,D,1,1,22,182
31,player_cc508a77-8c2c-4094-8bf2-cd9f83d8d723@localhost,Random,D,player_44d216ab-243f-4dec-86c3-f284dbe4180f@localhost,GrimTrigger,D,1,1,23,183
32,player_cc508a77-8c2c-4094-8bf2-cd9f83d8d723@localhost,Random,C,player_44d216ab-243f-4dec-86c3-f284dbe4180f@localhost,GrimTrigger,D,0,10,23,193
33,player_cc508a77-8c2c-4094-8bf2-cd9f83d8d723@localhost,Random,D,player_44d216ab-243f-4dec-86c3-f284dbe4180f@localhost,GrimTrigger,D,1,1,24,194
34,player_cc508a77-8c2c-4094-8bf2-cd9f83d8d723@localhost,Random,D,player_44d216ab-243f-4dec-86c3-f284dbe4180f@localhost,GrimTrigger,D,1,1,25,195
35,player_cc508a77-8c2c-4094-8bf2-cd9f83d8d723@localhost,Random,C,player_44d216ab-243f-4dec-86c3-f284dbe4180f@localhost,GrimTrigger,D,0,10,25,205
36,player_cc508a77-8c2c-4094-8bf2-cd9f83d8d723@localhost,Random,D,player_44d216ab-243f-4dec-86c3-f284dbe4180f@localhost,GrimTrigger,D,1,1,26,206
37,player_cc508a77-8c2c-4094-8bf2-cd9f83d8d723@localhost,Random,D,player_44d216ab-243f-4dec-86c3-f284dbe4180f@localhost,GrimTrigger,D,1,1,27,207
38,player_cc508a77-8c2c-4094-8bf2-cd9f83d8d723@localhost,Random,D,player_44d216ab-243f-4dec-86c3-f284dbe4180f@localhost,GrimTrigger,D,1,1,28,208
39,player_cc508a77-8c2c-4094-8bf2-cd9f83d8d723@localhost,Random,C,player_44d216ab-243f-4dec-86c3-f284dbe4180f@localhost,GrimTrigger,D,0,10,28,218
40,player_cc508a77-8c2c-4094-8bf2-cd9f83d8d723@localhost,Random,D,player_44d216ab-243f-4dec-86c3-f284dbe4180f@localhost,GrimTrigger,D,1,1,29,219
41,player_cc508a77-8c2c-4094-8bf2-cd9f83d8d723@localhost,Random,C,player_44d216ab-243f-4dec-86c3-f284dbe4180f@localhost,GrimTrigger,D,0,10,29,229
42,player_cc508a77-8c2c-4094-8bf2-cd9f83d8d723@localhost,Random,D,player_44d216ab-243f-4dec-86c3-f284dbe4180f@localhost,GrimTrigger,D,1,1,30,230
43,player_cc508a77-8c2c-4094-8bf2-cd9f83d8d723@localhost,Random,D,player_44d216ab-243f-4dec-86c3-f284dbe4180f@localhost,GrimTrigger,D,1,1,31,231
44,player_cc508a77-8c2c-4094-8bf2-cd9f83d8d723@localhost,Random,D,player_44d216ab-243f-4dec-86c3-f284dbe4180f@localhost,GrimTrigger,D,1,1,32,232
45,player_cc508a77-8c2c-4094-8bf2-cd9f83d8d723@localhost,Random,D,player_44d216ab-243f-4dec-86c3-f284dbe4180f@localhost,GrimTrigger,D,1,1,33,233
46,player_cc508a77-8c2c-4094-8bf2-cd9f83d8d723@localhost,Random,C,player_44d216ab-243f-4dec-86c3-f284dbe4180f@localhost,GrimTrigger,D,0,10,33,243
47,player_cc508a77-8c2c-4094-8bf2-cd9f83d8d723@localhost,Random,C,player_44d216ab-243f-4dec-86c3-f284dbe4180f@localhost,GrimTrigger,D,0,10,33,253
48,player_cc508a77-8c2c-4094-8bf2-cd9f83d8d723@localhost,Random,D,player_44d216ab-243f-4dec-86c3-f284dbe4180f@localhost,GrimTrigger,D,1,1,34,254
49,player_cc508a77-8c2c-4094-8bf2-cd9f83d8d723@localhost,Random,D,player_44d216ab-243f-4dec-86c3-f284dbe4180f@localhost,GrimTrigger,D,1,1,35,255
50,player_cc508a77-8c2c-4094-8bf2-cd9f83d8d723@localhost,Random,D,player_44d216ab-243f-4dec-86c3-f284dbe4180f@localhost,GrimTrigger,D,1,1,36,256
51,player_cc508a77-8c2c-4094-8bf2-cd9f83d8d723@localhost,Random,C,player_44d216ab-243f-4dec-86c3-f284dbe4180f@localhost,GrimTrigger,D,0,10,36,266
52,player_cc508a77-8c2c-4094-8bf2-cd9f83d8d723@localhost,Random,D,player_44d216ab-243f-4dec-86c3-f284dbe4180f@localhost,GrimTrigger,D,1,1,37,267
53,player_cc508a77-8c2c-4094-8bf2-cd9f83d8d723@localhost,Random,C,player_44d216ab-243f-4dec-86c3-f284dbe4180f@localhost,GrimTrigger,D,0,10,37,277
54,player_cc508a77-8c2c-4094-8bf2-cd9f83d8d723@localhost,Random,C,player_44d216ab-243f-4dec-86c3-f284dbe4180f@localhost,GrimTrigger,D,0,10,37,287
55,player_cc508a77-8c2c-4094-8bf2-cd9f83d8d723@localhost,Random,C,player_44d216ab-243f-4dec-86c3-f284dbe4180f@localhost,GrimTrigger,D,0,10,37,297
56,player_cc508a77-8c2c-4094-8bf2-cd9f83d8d723@localhost,Random,D,player_44d216ab-243f-4dec-86c3-f284dbe4180f@localhost,GrimTrigger,D,1,1,38,298
57,player_cc508a77-8c2c-4094-8bf2-cd9f83d8d723@localhost,Random,C,player_44d216ab-243f-4dec-86c3-f284dbe4180f@localhost,GrimTrigger,D,0,10,38,308
58,player_cc508a77-8c2c-4094-8bf2-cd9f83d8d723@localhost,Random,C,player_44d216ab-243f-4dec-86c3-f284dbe4180f@localhost,GrimTrigger,D,0,10,38,318
59,player_cc508a77-8c2c-4094-8bf2-cd9f83d8d723@localhost,Random,D,player_44d216ab-243f-4dec-86c3-f284dbe4180f@localhost,GrimTrigger,D,1,1,39,319
60,player_cc508a77-8c2c-4094-8bf2-cd9f83d8d723@localhost,Random,C,player_44d216ab-243f-4dec-86c3-f284dbe4180f@localhost,GrimTrigger,D,0,10,39,329
61,player_cc508a77-8c2c-4094-8bf2-cd9f83d8d723@localhost,Random,D,player_44d216ab-243f-4dec-86c3-f284dbe4180f@localhost,GrimTrigger,D,1,1,40,330
62,player_cc508a77-8c2c-4094-8bf2-cd9f83d8d723@localhost,Random,D,player_44d216ab-243f-4dec-86c3-f284dbe4180f@localhost,GrimTrigger,D,1,1,41,331
63,player_cc508a77-8c2c-4094-8bf2-cd9f83d8d723@localhost,Random,C,player_44d216ab-243f-4dec-86c3-f284dbe4180f@localhost,GrimTrigger,D,0,10,41,341
64,player_cc508a77-8c2c-4094-8bf2-cd9f83d8d723@localhost,Random,D,player_44d216ab-243f-4dec-86c3-f284dbe4180f@localhost,GrimTrigger,D,1,1,42,342
65,player_cc508a77-8c2c-4094-8bf2-cd9f83d8d723@localhost,Random,D,player_44d216ab-243f-4dec-86c3-f284dbe4180f@localhost,GrimTrigger,D,1,1,43,343
66,player_cc508a77-8c2c-4094-8bf2-cd9f83d8d723@localhost,Random,C,player_44d216ab-243f-4dec-86c3-f284dbe4180f@localhost,GrimTrigger,D,0,10,43,353
67,player_cc508a77-8c2c-4094-8bf2-cd9f83d8d723@localhost,Random,D,player_44d216ab-243f-4dec-86c3-f284dbe4180f@localhost,GrimTrigger,D,1,1,44,354
68,player_cc508a77-8c2c-4094-8bf2-cd9f83d8d723@localhost,Random,C,player_44d216ab-243f-4dec-86c3-f284dbe4180f@localhost,GrimTrigger,D,0,10,44,364
69,player_cc508a77-8c2c-4094-8bf2-cd9f83d8d723@localhost,Random,C,player_44d216ab-243f-4dec-86c3-f284dbe4180f@localhost,GrimTrigger,D,0,10,44,374
70,player_cc508a77-8c2c-4094-8bf2-cd9f83d8d723@localhost,Random,D,player_44d216ab-243f-4dec-86c3-f284dbe4180f@localhost,GrimTrigger,D,1,1,45,375
71,player_cc508a77-8c2c-4094-8bf2-cd9f83d8d723@localhost,Random,C,player_44d216ab-243f-4dec-86c3-f284dbe4180f@localhost,GrimTrigger,D,0,10,45,385
72,player_cc508a77-8c2c-4094-8bf2-cd9f83d8d723@localhost,Random,C,player_44d216ab-243f-4dec-86c3-f284dbe4180f@localhost,GrimTrigger,D,0,10,45,395
73,player_cc508a77-8c2c-4094-8bf2-cd9f83d8d723@localhost,Random,C,player_44d216ab-243f-4dec-86c3-f284dbe4180f@localhost,GrimTrigger,D,0,10,45,405
74,player_cc508a77-8c2c-4094-8bf2-cd9f83d8d723@localhost,Random,C,player_44d216ab-243f-4dec-86c3-f284dbe4180f@localhost,GrimTrigger,D,0,10,45,415
75,player_cc508a77-8c2c-4094-8bf2-cd9f83d8d723@localhost,Random,D,player_44d216ab-243f-4dec-86c3-f284dbe4180f@localhost,GrimTrigger,D,1,1,46,416
76,player_cc508a77-8c2c-4094-8bf2-cd9f83d8d723@localhost,Random,D,player_44d216ab-243f-4dec-86c3-f284dbe4180f@localhost,GrimTrigger,D,1,1,47,417
77,player_cc508a77-8c2c-4094-8bf2-cd9f83d8d723@localhost,Random,D,player_44d216ab-243f-4dec-86c3-f284dbe4180f@localhost,GrimTrigger,D,1,1,48,418
78,player_cc508a77-8c2c-4094-8bf2-cd9f83d8d723@localhost,Random,D,player_44d216ab-243f-4dec-86c3-f284dbe4180f@localhost,GrimTrigger,D,1,1,49,419
79,player_cc508a77-8c2c-4094-8bf2-cd9f83d8d723@localhost,Random,C,player_44d216ab-243f-4dec-86c3-f284dbe4180f@localhost,GrimTrigger,D,0,10,49,429
80,player_cc508a77-8c2c-4094-8bf2-cd9f83d8d723@localhost,Random,C,player_44d216ab-243f-4dec-86c3-f284dbe4180f@localhost,GrimTrigger,D,0,10,49,439
81,player_cc508a77-8c2c-4094-8bf2-cd9f83d8d723@localhost,Random,C,player_44d216ab-243f-4dec-86c3-f284dbe4180f@localhost,GrimTrigger,D,0,10,49,449
82,player_cc508a77-8c2c-4094-8bf2-cd9f83d8d723@localhost,Random,D,player_44d216ab-243f-4dec-86c3-f284dbe4180f@localhost,GrimTrigger,D,1,1,50,450
83,player_cc508a77-8c2c-4094-8bf2-cd9f83d8d723@localhost,Random,D,player_44d216ab-243f-4dec-86c3-f284dbe4180f@localhost,GrimTrigger,D,1,1,51,451
84,player_cc508a77-8c2c-4094-8bf2-cd9f83d8d723@localhost,Random,C,player_44d216ab-243f-4dec-86c3-f284dbe4180f@localhost,GrimTrigger,D,0,10,51,461
85,player_cc508a77-8c2c-4094-8bf2-cd9f83d8d723@localhost,Random,D,player_44d216ab-243f-4dec-86c3-f284dbe4180f@localhost,GrimTrigger,D,1,1,52,462
86,player_cc508a77-8c2c-4094-8bf2-cd9f83d8d723@localhost,Random,D,player_44d216ab-243f-4dec-86c3-f284dbe4180f@localhost,GrimTrigger,D,1,1,53,463
87,player_cc508a77-8c2c-4094-8bf2-cd9f83d8d723@localhost,Random,C,player_44d216ab-243f-4dec-86c3-f284dbe4180f@localhost,GrimTrigger,D,0,10,53,473
88,player_cc508a77-8c2c-4094-8bf2-cd9f83d8d723@localhost,Random,D,player_44d216ab-243f-4dec-86c3-f284dbe4180f@localhost,GrimTrigger,D,1,1,54,474
89,player_cc508a77-8c2c-4094-8bf2-cd9f83d8d723@localhost,Random,C,player_44d216ab-243f-4dec-86c3-f284dbe4180f@localhost,GrimTrigger,D,0,10,54,484
90,player_cc508a77-8c2c-4094-8bf2-cd9f83d8d723@localhost,Random,D,player_44d216ab-243f-4dec-86c3-f284dbe4180f@localhost,GrimTrigger,D,1,1,55,485
91,player_cc508a77-8c2c-4094-8bf2-cd9f83d8d723@localhost,Random,D,player_44d216ab-243f-4dec-86c3-f284dbe4180f@localhost,GrimTrigger,D,1,1,56,486
92,player_cc508a77-8c2c-4094-8bf2-cd9f83d8d723@localhost,Random,C,player_44d216ab-243f-4dec-86c3-f284dbe4180f@localhost,GrimTrigger,D,0,10,56,496
93,player_cc508a77-8c2c-4094-8bf2-cd9f83d8d723@localhost,Random,D,player_44d216ab-243f-4dec-86c3-f284dbe4180f@localhost,GrimTrigger,D,1,1,57,497
94,player_cc508a77-8c2c-4094-8bf2-cd9f83d8d723@localhost,Random,D,player_44d216ab-243f-4dec-86c3-f284dbe4180f@localhost,GrimTrigger,D,1,1,58,498
95,player_cc508a77-8c2c-4094-8bf2-cd9f83d8d723@localhost,Random,C,player_44d216ab-243f-4dec-86c3-f284dbe4180f@localhost,GrimTrigger,D,0,10,58,508
96,player_cc508a77-8c2c-4094-8bf2-cd9f83d8d723@localhost,Random,C,player_44d216ab-243f-4dec-86c3-f284dbe4180f@localhost,GrimTrigger,D,0,10,58,518
97,player_cc508a77-8c2c-4094-8bf2-cd9f83d8d723@localhost,Random,C,player_44d216ab-243f-4dec-86c3-f284dbe4180f@localhost,GrimTrigger,D,0,10,58,528
98,player_cc508a77-8c2c-4094-8bf2-cd9f83d8d723@localhost,Random,D,player_44d216ab-243f-4dec-86c3-f284dbe4180f@localhost,GrimTrigger,D,1,1,59,529
99,player_cc508a77-8c2c-4094-8bf2-cd9f83d8d723@localhost,Random,D,player_44d216ab-243f-4dec-86c3-f284dbe4180f@localhost,GrimTrigger,D,1,1,60,530
100,player_cc508a77-8c2c-4094-8bf2-cd9f83d8d723@localhost,Random,C,player_44d216ab-243f-4dec-86c3-f284dbe4180f@localhost,GrimTrigger,D,0,10,60,540
101,player_cc508a77-8c2c-4094-8bf2-cd9f83d8d723@localhost,Random,C,player_44d216ab-243f-4dec-86c3-f284dbe4180f@localhost,GrimTrigger,D,0,10,60,550
102,player_cc508a77-8c2c-4094-8bf2-cd9f83d8d723@localhost,Random,D,player_44d216ab-243f-4dec-86c3-f284dbe4180f@localhost,GrimTrigger,D,1,1,61,551
103,player_cc508a77-8c2c-4094-8bf2-cd9f83d8d723@localhost,Random,C,player_44d216ab-243f-4dec-86c3-f284dbe4180f@localhost,GrimTrigger,D,0,10,61,561
104,player_cc508a77-8c2c-4094-8bf2-cd9f83d8d723@localhost,Random,C,player_44d216ab-243f-4dec-86c3-f284dbe4180f@localhost,GrimTrigger,D,0,10,61,571
105,player_cc508a77-8c2c-4094-8bf2-cd9f83d8d723@localhost,Random,C,player_44d216ab-243f-4dec-86c3-f284dbe4180f@localhost,GrimTrigger,D,0,10,61,581
106,player_cc508a77-8c2c-4094-8bf2-cd9f83d8d723@localhost,Random,C,player_44d216ab-243f-4dec-86c3-f284dbe4180f@localhost,GrimTrigger,D,0,10,61,591
107,player_cc508a77-8c2c-4094-8bf2-cd9f83d8d723@localhost,Random,D,player_44d216ab-243f-4dec-86c3-f284dbe4180f@localhost,GrimTrigger,D,1,1,62,592
108,player_cc508a77-8c2c-4094-8bf2-cd9f83d8d723@localhost,Random,D,player_44d216ab-243f-4dec-86c3-f284dbe4180f@localhost,GrimTrigger,D,1,1,63,593
109,player_cc508a77-8c2c-4094-8bf2-cd9f83d8d723@localhost,Random,D,player_44d216ab-243f-4dec-86c3-f284dbe4180f@localhost,GrimTrigger,D,1,1,64,594
110,player_cc508a77-8c2c-4094-8bf2-cd9f83d8d723@localhost,Random,D,player_44d216ab-243f-4dec-86c3-f284dbe4180f@localhost,GrimTrigger,D,1,1,65,595
111,player_cc508a77-8c2c-4094-8bf2-cd9f83d8d723@localhost,Random,C,player_44d216ab-243f-4dec-86c3-f284dbe4180f@localhost,GrimTrigger,D,0,10,65,605
112,player_cc508a77-8c2c-4094-8bf2-cd9f83d8d723@localhost,Random,C,player_44d216ab-243f-4dec-86c3-f284dbe4180f@localhost,GrimTrigger,D,0,10,65,615
113,player_cc508a77-8c2c-4094-8bf2-cd9f83d8d723@localhost,Random,C,player_44d216ab-243f-4dec-86c3-f284dbe4180f@localhost,GrimTrigger,D,0,10,65,625
114,player_cc508a77-8c2c-4094-8bf2-cd9f83d8d723@localhost,Random,C,player_44d216ab-243f-4dec-86c3-f284dbe4180f@localhost,GrimTrigger,D,0,10,65,635
115,player_cc508a77-8c2c-4094-8bf2-cd9f83d8d723@localhost,Random,D,player_44d216ab-243f-4dec-86c3-f284dbe4180f@localhost,GrimTrigger,D,1,1,66,636
116,player_cc508a77-8c2c-4094-8bf2-cd9f83d8d723@localhost,Random,D,player_44d216ab-243f-4dec-86c3-f284dbe4180f@localhost,GrimTrigger,D,1,1,67,637
117,player_cc508a77-8c2c-4094-8bf2-cd9f83d8d723@localhost,Random,C,player_44d216ab-243f-4dec-86c3-f284dbe4180f@localhost,GrimTrigger,D,0,10,67,647
118,player_cc508a77-8c2c-4094-8bf2-cd9f83d8d723@localhost,Random,C,player_44d216ab-243f-4dec-86c3-f284dbe4180f@localhost,GrimTrigger,D,0,10,67,657
119,player_cc508a77-8c2c-4094-8bf2-cd9f83d8d723@localhost,Random,D,player_44d216ab-243f-4dec-86c3-f284dbe4180f@localhost,GrimTrigger,D,1,1,68,658
120,player_cc508a77-8c2c-4094-8bf2-cd9f83d8d723@localhost,Random,D,player_44d216ab-243f-4dec-86c3-f284dbe4180f@localhost,GrimTrigger,D,1,1,69,659
121,player_cc508a77-8c2c-4094-8bf2-cd9f83d8d723@localhost,Random,C,player_44d216ab-243f-4dec-86c3-f284dbe4180f@localhost,GrimTrigger,D,0,10,69,669
122,player_cc508a77-8c2c-4094-8bf2-cd9f83d8d723@localhost,Random,C,player_44d216ab-243f-4dec-86c3-f284dbe4180f@localhost,GrimTrigger,D,0,10,69,679
123,player_cc508a77-8c2c-4094-8bf2-cd9f83d8d723@localhost,Random,C,player_44d216ab-243f-4dec-86c3-f284dbe4180f@localhost,GrimTrigger,D,0,10,69,689
124,player_cc508a77-8c2c-4094-8bf2-cd9f83d8d723@localhost,Random,C,player_44d216ab-243f-4dec-86c3-f284dbe4180f@localhost,GrimTrigger,D,0,10,69,699
125,player_cc508a77-8c2c-4094-8bf2-cd9f83d8d723@localhost,Random,C,player_44d216ab-243f-4dec-86c3-f284dbe4180f@localhost,GrimTrigger,D,0,10,69,709
126,player_cc508a77-8c2c-4094-8bf2-cd9f83d8d723@localhost,Random,C,player_44d216ab-243f-4dec-86c3-f284dbe4180f@localhost,GrimTrigger,D,0,10,69,719
127,player_cc508a77-8c2c-4094-8bf2-cd9f83d8d723@localhost,Random,C,player_44d216ab-243f-4dec-86c3-f284dbe4180f@localhost,GrimTrigger,D,0,10,69,729
128,player_cc508a77-8c2c-4094-8bf2-cd9f83d8d723@localhost,Random,D,player_44d216ab-243f-4dec-86c3-f284dbe4180f@localhost,GrimTrigger,D,1,1,70,730
129,player_cc508a77-8c2c-4094-8bf2-cd9f83d8d723@localhost,Random,D,player_44d216ab-243f-4dec-86c3-f284dbe4180f@localhost,GrimTrigger,D,1,1,71,731
130,player_cc508a77-8c2c-4094-8bf2-cd9f83d8d723@localhost,Random,C,player_44d216ab-243f-4dec-86c3-f284dbe4180f@localhost,GrimTrigger,D,0,10,71,741
131,player_cc508a77-8c2c-4094-8bf2-cd9f83d8d723@localhost,Random,C,player_44d216ab-243f-4dec-86c3-f284dbe4180f@localhost,GrimTrigger,D,0,10,71,751
132,player_cc508a77-8c2c-4094-8bf2-cd9f83d8d723@localhost,Random,D,player_44d216ab-243f-4dec-86c3-f284dbe4180f@localhost,GrimTrigger,D,1,1,72,752
133,player_cc508a77-8c2c-4094-8bf2-cd9f83d8d723@localhost,Random,D,player_44d216ab-243f-4dec-86c3-f284dbe4180f@localhost,GrimTrigger,D,1,1,73,753
134,player_cc508a77-8c2c-4094-8bf2-cd9f83d8d723@localhost,Random,C,player_44d216ab-243f-4dec-86c3-f284dbe4180f@localhost,GrimTrigger,D,0,10,73,763
135,player_cc508a77-8c2c-4094-8bf2-cd9f83d8d723@localhost,Random,D,player_44d216ab-243f-4dec-86c3-f284dbe4180f@localhost,GrimTrigger,D,1,1,74,764
136,player_cc508a77-8c2c-4094-8bf2-cd9f83d8d723@localhost,Random,C,player_44d216ab-243f-4dec-86c3-f284dbe4180f@localhost,GrimTrigger,D,0,10,74,774
137,player_cc508a77-8c2c-4094-8bf2-cd9f83d8d723@localhost,Random,C,player_44d216ab-243f-4dec-86c3-f284dbe4180f@localhost,GrimTrigger,D,0,10,74,784
138,player_cc508a77-8c2c-4094-8bf2-cd9f83d8d723@localhost,Random,D,player_44d216ab-243f-4dec-86c3-f284dbe4180f@localhost,GrimTrigger,D,1,1,75,785
139,player_cc508a77-8c2c-4094-8bf2-cd9f83d8d723@localhost,Random,C,player_44d216ab-243f-4dec-86c3-f284dbe4180f@localhost,GrimTrigger,D,0,10,75,795
140,player_cc508a77-8c2c-4094-8bf2-cd9f83d8d723@localhost,Random,D,player_44d216ab-243f-4dec-86c3-f284dbe4180f@localhost,GrimTrigger,D,1,1,76,796
141,player_cc508a77-8c2c-4094-8bf2-cd9f83d8d723@localhost,Random,D,player_44d216ab-243f-4dec-86c3-f284dbe4180f@localhost,GrimTrigger,D,1,1,77,797
142,player_cc508a77-8c2c-4094-8bf2-cd9f83d8d723@localhost,Random,C,player_44d216ab-243f-4dec-86c3-f284dbe4180f@localhost,GrimTrigger,D,0,10,77,807
143,player_cc508a77-8c2c-4094-8bf2-cd9f83d8d723@localhost,Random,D,player_44d216ab-243f-4dec-86c3-f284dbe4180f@localhost,GrimTrigger,D,1,1,78,808
144,player_cc508a77-8c2c-4094-8bf2-cd9f83d8d723@localhost,Random,C,player_44d216ab-243f-4dec-86c3-f284dbe4180f@localhost,GrimTrigger,D,0,10,78,818
145,player_cc508a77-8c2c-4094-8bf2-cd9f83d8d723@localhost,Random,C,player_44d216ab-243f-4dec-86c3-f284dbe4180f@localhost,GrimTrigger,D,0,10,78,828
146,player_cc508a77-8c2c-4094-8bf2-cd9f83d8d723@localhost,Random,D,player_44d216ab-243f-4dec-86c3-f284dbe4180f@localhost,GrimTrigger,D,1,1,79,829
147,player_cc508a77-8c2c-4094-8bf2-cd9f83d8d723@localhost,Random,C,player_44d216ab-243f-4dec-86c3-f284dbe4180f@localhost,GrimTrigger,D,0,10,79,839
148,player_cc508a77-8c2c-4094-8bf2-cd9f83d8d723@localhost,Random,C,player_44d216ab-243f-4dec-86c3-f284dbe4180f@localhost,GrimTrigger,D,0,10,79,849
149,player_cc508a77-8c2c-4094-8bf2-cd9f83d8d723@localhost,Random,C,player_44d216ab-243f-4dec-86c3-f284dbe4180f@localhost,GrimTrigger,D,0,10,79,859
150,player_cc508a77-8c2c-4094-8bf2-cd9f83d8d723@localhost,Random,D,player_44d216ab-243f-4dec-86c3-f284dbe4180f@localhost,GrimTrigger,D,1,1,80,860
151,player_cc508a77-8c2c-4094-8bf2-cd9f83d8d723@localhost,Random,C,player_44d216ab-243f-4dec-86c3-f284dbe4180f@localhost,GrimTrigger,D,0,10,80,870
152,player_cc508a77-8c2c-4094-8bf2-cd9f83d8d723@localhost,Random,D,player_44d216ab-243f-4dec-86c3-f284dbe4180f@localhost,GrimTrigger,D,1,1,81,871
153,player_cc508a77-8c2c-4094-8bf2-cd9f83d8d723@localhost,Random,D,player_44d216ab-243f-4dec-86c3-f284dbe4180f@localhost,GrimTrigger,D,1,1,82,872
154,player_cc508a77-8c2c-4094-8bf2-cd9f83d8d723@localhost,Random,C,player_44d216ab-243f-4dec-86c3-f284dbe4180f@localhost,GrimTrigger,D,0,10,82,882
155,player_cc508a77-8c2c-4094-8bf2-cd9f83d8d723@localhost,Random,D,player_44d216ab-243f-4dec-86c3-f284dbe4180f@localhost,GrimTrigger,D,1,1,83,883
156,player_cc508a77-8c2c-4094-8bf2-cd9f83d8d723@localhost,Random,C,player_44d216ab-243f-4dec-86c3-f284dbe4180f@localhost,GrimTrigger,D,0,10,83,893
157,player_cc508a77-8c2c-4094-8bf2-cd9f83d8d723@localhost,Random,D,player_44d216ab-243f-4dec-86c3-f284dbe4180f@localhost,GrimTrigger,D,1,1,84,894
158,player_cc508a77-8c2c-4094-8bf2-cd9f83d8d723@localhost,Random,C,player_44d216ab-243f-4dec-86c3-f284dbe4180f@localhost,GrimTrigger,D,0,10,84,904
159,player_cc508a77-8c2c-4094-8bf2-cd9f83d8d723@localhost,Random,C,player_44d216ab-243f-4dec-86c3-f284dbe4180f@localhost,GrimTrigger,D,0,10,84,914
160,player_cc508a77-8c2c-4094-8bf2-cd9f83d8d723@localhost,Random,C,player_44d216ab-243f-4dec-86c3-f284dbe4180f@localhost,GrimTrigger,D,0,10,84,924
161,player_cc508a77-8c2c-4094-8bf2-cd9f83d8d723@localhost,Random,D,player_44d216ab-243f-4dec-86c3-f284dbe4180f@localhost,GrimTrigger,D,1,1,85,925
162,player_cc508a77-8c2c-4094-8bf2-cd9f83d8d723@localhost,Random,D,player_44d216ab-243f-4dec-86c3-f284dbe4180f@localhost,GrimTrigger,D,1,1,86,926
163,player_cc508a77-8c2c-4094-8bf2-cd9f83d8d723@localhost,Random,D,player_44d216ab-243f-4dec-86c3-f284dbe4180f@localhost,GrimTrigger,D,1,1,87,927
164,player_cc508a77-8c2c-4094-8bf2-cd9f83d8d723@localhost,Random,D,player_44d216ab-243f-4dec-86c3-f284dbe4180f@localhost,GrimTrigger,D,1,1,88,928
165,player_cc508a77-8c2c-4094-8bf2-cd9f83d8d723@localhost,Random,D,player_44d216ab-243f-4dec-86c3-f284dbe4180f@localhost,GrimTrigger,D,1,1,89,929
166,player_cc508a77-8c2c-4094-8bf2-cd9f83d8d723@localhost,Random,C,player_44d216ab-243f-4dec-86c3-f284dbe4180f@localhost,GrimTrigger,D,0,10,89,939
167,player_cc508a77-8c2c-4094-8bf2-cd9f83d8d723@localhost,Random,D,player_44d216ab-243f-4dec-86c3-f284dbe4180f@localhost,GrimTrigger,D,1,1,90,940
168,player_cc508a77-8c2c-4094-8bf2-cd9f83d8d723@localhost,Random,D,player_44d216ab-243f-4dec-86c3-f284dbe4180f@localhost,GrimTrigger,D,1,1,91,941
169,player_cc508a77-8c2c-4094-8bf2-cd9f83d8d723@localhost,Random,D,player_44d216ab-243f-4dec-86c3-f284dbe4180f@localhost,GrimTrigger,D,1,1,92,942
170,player_cc508a77-8c2c-4094-8bf2-cd9f83d8d723@localhost,Random,D,player_44d216ab-243f-4dec-86c3-f284dbe4180f@localhost,GrimTrigger,D,1,1,93,943
171,player_cc508a77-8c2c-4094-8bf2-cd9f83d8d723@localhost,Random,D,player_44d216ab-243f-4dec-86c3-f284dbe4180f@localhost,GrimTrigger,D,1,1,94,944
172,player_cc508a77-8c2c-4094-8bf2-cd9f83d8d723@localhost,Random,C,player_44d216ab-243f-4dec-86c3-f284dbe4180f@localhost,GrimTrigger,D,0,10,94,954
173,player_cc508a77-8c2c-4094-8bf2-cd9f83d8d723@localhost,Random,C,player_44d216ab-243f-4dec-86c3-f284dbe4180f@localhost,GrimTrigger,D,0,10,94,964
174,player_cc508a77-8c2c-4094-8bf2-cd9f83d8d723@localhost,Random,C,player_44d216ab-243f-4dec-86c3-f284dbe4180f@localhost,GrimTrigger,D,0,10,94,974
175,player_cc508a77-8c2c-4094-8bf2-cd9f83d8d723@localhost,Random,D,player_44d216ab-243f-4dec-86c3-f284dbe4180f@localhost,GrimTrigger,D,1,1,95,975
176,player_cc508a77-8c2c-4094-8bf2-cd9f83d8d723@localhost,Random,D,player_44d216ab-243f-4dec-86c3-f284dbe4180f@localhost,GrimTrigger,D,1,1,96,976
177,player_cc508a77-8c2c-4094-8bf2-cd9f83d8d723@localhost,Random,D,player_44d216ab-243f-4dec-86c3-f284dbe4180f@localhost,GrimTrigger,D,1,1,97,977
178,player_cc508a77-8c2c-4094-8bf2-cd9f83d8d723@localhost,Random,C,player_44d216ab-243f-4dec-86c3-f284dbe4180f@localhost,GrimTrigger,D,0,10,97,987
179,player_cc508a77-8c2c-4094-8bf2-cd9f83d8d723@localhost,Random,C,player_44d216ab-243f-4dec-86c3-f284dbe4180f@localhost,GrimTrigger,D,0,10,97,997
180,player_cc508a77-8c2c-4094-8bf2-cd9f83d8d723@localhost,Random,C,player_44d216ab-243f-4dec-86c3-f284dbe4180f@localhost,GrimTrigger,D,0,10,97,1007
181,player_cc508a77-8c2c-4094-8bf2-cd9f83d8d723@localhost,Random,C,player_44d216ab-243f-4dec-86c3-f284dbe4180f@localhost,GrimTrigger,D,0,10,97,1017
182,player_cc508a77-8c2c-4094-8bf2-cd9f83d8d723@localhost,Random,D,player_44d216ab-243f-4dec-86c3-f284dbe4180f@localhost,GrimTrigger,D,1,1,98,1018
183,player_cc508a77-8c2c-4094-8bf2-cd9f83d8d723@localhost,Random,D,player_44d216ab-243f-4dec-86c3-f284dbe4180f@localhost,GrimTrigger,D,1,1,99,1019
184,player_cc508a77-8c2c-4094-8bf2-cd9f83d8d723@localhost,Random,C,player_44d216ab-243f-4dec-86c3-f284dbe4180f@localhost,GrimTrigger,D,0,10,99,1029
185,player_cc508a77-8c2c-4094-8bf2-cd9f83d8d723@localhost,Random,D,player_44d216ab-243f-4dec-86c3-f284dbe4180f@localhost,GrimTrigger,D,1,1,100,1030
186,player_cc508a77-8c2c-4094-8bf2-cd9f83d8d723@localhost,Random,C,player_44d216ab-243f-4dec-86c3-f284dbe4180f@localhost,GrimTrigger,D,0,10,100,1040
187,player_cc508a77-8c2c-4094-8bf2-cd9f83d8d723@localhost,Random,C,player_44d216ab-243f-4dec-86c3-f284dbe4180f@localhost,GrimTrigger,D,0,10,100,1050
188,player_cc508a77-8c2c-4094-8bf2-cd9f83d8d723@localhost,Random,D,player_44d216ab-243f-4dec-86c3-f284dbe4180f@localhost,GrimTrigger,D,1,1,101,1051
189,player_cc508a77-8c2c-4094-8bf2-cd9f83d8d723@localhost,Random,C,player_44d216ab-243f-4dec-86c3-f284dbe4180f@localhost,GrimTrigger,D,0,10,101,1061
190,player_cc508a77-8c2c-4094-8bf2-cd9f83d8d723@localhost,Random,C,player_44d216ab-243f-4dec-86c3-f284dbe4180f@localhost,GrimTrigger,D,0,10,101,1071
191,player_cc508a77-8c2c-4094-8bf2-cd9f83d8d723@localhost,Random,D,player_44d216ab-243f-4dec-86c3-f284dbe4180f@localhost,GrimTrigger,D,1,1,102,1072
192,player_cc508a77-8c2c-4094-8bf2-cd9f83d8d723@localhost,Random,D,player_44d216ab-243f-4dec-86c3-f284dbe4180f@localhost,GrimTrigger,D,1,1,103,1073
193,player_cc508a77-8c2c-4094-8bf2-cd9f83d8d723@localhost,Random,C,player_44d216ab-243f-4dec-86c3-f284dbe4180f@localhost,GrimTrigger,D,0,10,103,1083
194,player_cc508a77-8c2c-4094-8bf2-cd9f83d8d723@localhost,Random,C,player_44d216ab-243f-4dec-86c3-f284dbe4180f@localhost,GrimTrigger,D,0,10,103,1093
195,player_cc508a77-8c2c-4094-8bf2-cd9f83d8d723@localhost,Random,C,player_44d216ab-243f-4dec-86c3-f284dbe4180f@localhost,GrimTrigger,D,0,10,103,1103
196,player_cc508a77-8c2c-4094-8bf2-cd9f83d8d723@localhost,Random,C,player_44d216ab-243f-4dec-86c3-f284dbe4180f@localhost,GrimTrigger,D,0,10,103,1113
197,player_cc508a77-8c2c-4094-8bf2-cd9f83d8d723@localhost,Random,C,player_44d216ab-243f-4dec-86c3-f284dbe4180f@localhost,GrimTrigger,D,0,10,103,1123
198,player_cc508a77-8c2c-4094-8bf2-cd9f83d8d723@localhost,Random,D,player_44d216ab-243f-4dec-86c3-f284dbe4180f@localhost,GrimTrigger,D,1,1,104,1124
199,player_cc508a77-8c2c-4094-8bf2-cd9f83d8d723@localhost,Random,D,player_44d216ab-243f-4dec-86c3-f284dbe4180f@localhost,GrimTrigger,D,1,1,105,1125
200,player_cc508a77-8c2c-4094-8bf2-cd9f83d8d723@localhost,Random,C,player_44d216ab-243f-4dec-86c3-f284dbe4180f@localhost,GrimTrigger,D,0,10,105,1135
201,player_cc508a77-8c2c-4094-8bf2-cd9f83d8d723@localhost,Random,D,player_44d216ab-243f-4dec-86c3-f284dbe4180f@localhost,GrimTrigger,D,1,1,106,1136
202,player_cc508a77-8c2c-4094-8bf2-cd9f83d8d723@localhost,Random,D,player_44d216ab-243f-4dec-86c3-f284dbe4180f@localhost,GrimTrigger,D,1,1,107,1137
203,player_cc508a77-8c2c-4094-8bf2-cd9f83d8d723@localhost,Random,D,player_44d216ab-243f-4dec-86c3-f284dbe4180f@localhost,GrimTrigger,D,1,1,108,1138
204,player_cc508a77-8c2c-4094-8bf2-cd9f83d8d723@localhost,Random,D,player_44d216ab-243f-4dec-86c3-f284dbe4180f@localhost,GrimTrigger,D,1,1,109,1139
205,player_cc508a77-8c2c-4094-8bf2-cd9f83d8d723@localhost,Random,C,player_44d216ab-243f-4dec-86c3-f284dbe4180f@localhost,GrimTrigger,D,0,10,109,1149
206,player_cc508a77-8c2c-4094-8bf2-cd9f83d8d723@localhost,Random,C,player_44d216ab-243f-4dec-86c3-f284dbe4180f@localhost,GrimTrigger,D,0,10,109,1159
207,player_cc508a77-8c2c-4094-8bf2-cd9f83d8d723@localhost,Random,D,player_44d216ab-243f-4dec-86c3-f284dbe4180f@localhost,GrimTrigger,D,1,1,110,1160
208,player_cc508a77-8c2c-4094-8bf2-cd9f83d8d723@localhost,Random,C,player_44d216ab-243f-4dec-86c3-f284dbe4180f@localhost,GrimTrigger,D,0,10,110,1170
209,player_cc508a77-8c2c-4094-8bf2-cd9f83d8d723@localhost,Random,C,player_44d216ab-243f-4dec-86c3-f284dbe4180f@localhost,GrimTrigger,D,0,10,110,1180
210,player_cc508a77-8c2c-4094-8bf2-cd9f83d8d723@localhost,Random,C,player_44d216ab-243f-4dec-86c3-f284dbe4180f@localhost,GrimTrigger,D,0,10,110,1190
211,player_cc508a77-8c2c-4094-8bf2-cd9f83d8d723@localhost,Random,C,player_44d216ab-243f-4dec-86c3-f284dbe4180f@localhost,GrimTrigger,D,0,10,110,1200
212,player_cc508a77-8c2c-4094-8bf2-cd9f83d8d723@localhost,Random,D,player_44d216ab-243f-4dec-86c3-f284dbe4180f@localhost,GrimTrigger,D,1,1,111,1201
213,player_cc508a77-8c2c-4094-8bf2-cd9f83d8d723@localhost,Random,D,player_44d216ab-243f-4dec-86c3-f284dbe4180f@localhost,GrimTrigger,D,1,1,112,1202
214,player_cc508a77-8c2c-4094-8bf2-cd9f83d8d723@localhost,Random,C,player_44d216ab-243f-4dec-86c3-f284dbe4180f@localhost,GrimTrigger,D,0,10,112,1212
215,player_cc508a77-8c2c-4094-8bf2-cd9f83d8d723@localhost,Random,C,player_44d216ab-243f-4dec-86c3-f284dbe4180f@localhost,GrimTrigger,D,0,10,112,1222
216,player_cc508a77-8c2c-4094-8bf2-cd9f83d8d723@localhost,Random,D,player_44d216ab-243f-4dec-86c3-f284dbe4180f@localhost,GrimTrigger,D,1,1,113,1223
217,player_cc508a77-8c2c-4094-8bf2-cd9f83d8d723@localhost,Random,D,player_44d216ab-243f-4dec-86c3-f284dbe4180f@localhost,GrimTrigger,D,1,1,114,1224
218,player_cc508a77-8c2c-4094-8bf2-cd9f83d8d723@localhost,Random,D,player_44d216ab-243f-4dec-86c3-f284dbe4180f@localhost,GrimTrigger,D,1,1,115,1225
219,player_cc508a77-8c2c-4094-8bf2-cd9f83d8d723@localhost,Random,D,player_44d216ab-243f-4dec-86c3-f284dbe4180f@localhost,GrimTrigger,D,1,1,116,1226
220,player_cc508a77-8c2c-4094-8bf2-cd9f83d8d723@localhost,Random,C,player_44d216ab-243f-4dec-86c3-f284dbe4180f@localhost,GrimTrigger,D,0,10,116,1236
221,player_cc508a77-8c2c-4094-8bf2-cd9f83d8d723@localhost,Random,D,player_44d216ab-243f-4dec-86c3-f284dbe4180f@localhost,GrimTrigger,D,1,1,117,1237
222,player_cc508a77-8c2c-4094-8bf2-cd9f83d8d723@localhost,Random,C,player_44d216ab-243f-4dec-86c3-f284dbe4180f@localhost,GrimTrigger,D,0,10,117,1247
223,player_cc508a77-8c2c-4094-8bf2-cd9f83d8d723@localhost,Random,C,player_44d216ab-243f-4dec-86c3-f284dbe4180f@localhost,GrimTrigger,D,0,10,117,1257
224,player_cc508a77-8c2c-4094-8bf2-cd9f83d8d723@localhost,Random,C,player_44d216ab-243f-4dec-86c3-f284dbe4180f@localhost,GrimTrigger,D,0,10,117,1267
225,player_cc508a77-8c2c-4094-8bf2-cd9f83d8d723@localhost,Random,D,player_44d216ab-243f-4dec-86c3-f284dbe4180f@localhost,GrimTrigger,D,1,1,118,1268
226,player_cc508a77-8c2c-4094-8bf2-cd9f83d8d723@localhost,Random,D,player_44d216ab-243f-4dec-86c3-f284dbe4180f@localhost,GrimTrigger,D,1,1,119,1269
227,player_cc508a77-8c2c-4094-8bf2-cd9f83d8d723@localhost,Random,C,player_44d216ab-243f-4dec-86c3-f284dbe4180f@localhost,GrimTrigger,D,0,10,119,1279
228,player_cc508a77-8c2c-4094-8bf2-cd9f83d8d723@localhost,Random,D,player_44d216ab-243f-4dec-86c3-f284dbe4180f@localhost,GrimTrigger,D,1,1,120,1280
229,player_cc508a77-8c2c-4094-8bf2-cd9f83d8d723@localhost,Random,C,player_44d216ab-243f-4dec-86c3-f284dbe4180f@localhost,GrimTrigger,D,0,10,120,1290
230,player_cc508a77-8c2c-4094-8bf2-cd9f83d8d723@localhost,Random,C,player_44d216ab-243f-4dec-86c3-f284dbe4180f@localhost,GrimTrigger,D,0,10,120,1300
231,player_cc508a77-8c2c-4094-8bf2-cd9f83d8d723@localhost,Random,D,player_44d216ab-243f-4dec-86c3-f284dbe4180f@localhost,GrimTrigger,D,1,1,121,1301
232,player_cc508a77-8c2c-4094-8bf2-cd9f83d8d723@localhost,Random,D,player_44d216ab-243f-4dec-86c3-f284dbe4180f@localhost,GrimTrigger,D,1,1,122,1302
233,player_cc508a77-8c2c-4094-8bf2-cd9f83d8d723@localhost,Random,C,player_44d216ab-243f-4dec-86c3-f284dbe4180f@localhost,GrimTrigger,D,0,10,122,1312
234,player_cc508a77-8c2c-4094-8bf2-cd9f83d8d723@localhost,Random,C,player_44d216ab-243f-4dec-86c3-f284dbe4180f@localhost,GrimTrigger,D,0,10,122,1322
235,player_cc508a77-8c2c-4094-8bf2-cd9f83d8d723@localhost,Random,D,player_44d216ab-243f-4dec-86c3-f284dbe4180f@localhost,GrimTrigger,D,1,1,123,1323
236,player_cc508a77-8c2c-4094-8bf2-cd9f83d8d723@localhost,Random,D,player_44d216ab-243f-4dec-86c3-f284dbe4180f@localhost,GrimTrigger,D,1,1,124,1324
237,player_cc508a77-8c2c-4094-8bf2-cd9f83d8d723@localhost,Random,C,player_44d216ab-243f-4dec-86c3-f284dbe4180f@localhost,GrimTrigger,D,0,10,124,1334
238,player_cc508a77-8c2c-4094-8bf2-cd9f83d8d723@localhost,Random,D,player_44d216ab-243f-4dec-86c3-f284dbe4180f@localhost,GrimTrigger,D,1,1,125,1335
239,player_cc508a77-8c2c-4094-8bf2-cd9f83d8d723@localhost,Random,C,player_44d216ab-243f-4dec-86c3-f284dbe4180f@localhost,GrimTrigger,D,0,10,125,1345
240,player_cc508a77-8c2c-4094-8bf2-cd9f83d8d723@localhost,Random,C,player_44d216ab-243f-4dec-86c3-f284dbe4180f@localhost,GrimTrigger,D,0,10,125,1355
241,player_cc508a77-8c2c-4094-8bf2-cd9f83d8d723@localhost,Random,C,player_44d216ab-243f-4dec-86c3-f284dbe4180f@localhost,GrimTrigger,D,0,10,125,1365
242,player_cc508a77-8c2c-4094-8bf2-cd9f83d8d723@localhost,Random,D,player_44d216ab-243f-4dec-86c3-f284dbe4180f@localhost,GrimTrigger,D,1,1,126,1366
243,player_cc508a77-8c2c-4094-8bf2-cd9f83d8d723@localhost,Random,C,player_44d216ab-243f-4dec-86c3-f284dbe4180f@localhost,GrimTrigger,D,0,10,126,1376
244,player_cc508a77-8c2c-4094-8bf2-cd9f83d8d723@localhost,Random,C,player_44d216ab-243f-4dec-86c3-f284dbe4180f@localhost,GrimTrigger,D,0,10,126,1386
245,player_cc508a77-8c2c-4094-8bf2-cd9f83d8d723@localhost,Random,C,player_44d216ab-243f-4dec-86c3-f284dbe4180f@localhost,GrimTrigger,D,0,10,126,1396
246,player_cc508a77-8c2c-4094-8bf2-cd9f83d8d723@localhost,Random,C,player_44d216ab-243f-4dec-86c3-f284dbe4180f@localhost,GrimTrigger,D,0,10,126,1406
247,player_cc508a77-8c2c-4094-8bf2-cd9f83d8d723@localhost,Random,C,player_44d216ab-243f-4dec-86c3-f284dbe4180f@localhost,GrimTrigger,D,0,10,126,1416
248,player_cc508a77-8c2c-4094-8bf2-cd9f83d8d723@localhost,Random,D,player_44d216ab-243f-4dec-86c3-f284dbe4180f@localhost,GrimTrigger,D,1,1,127,1417
249,player_cc508a77-8c2c-4094-8bf2-cd9f83d8d723@localhost,Random,C,player_44d216ab-243f-4dec-86c3-f284dbe4180f@localhost,GrimTrigger,D,0,10,127,1427
250,player_cc508a77-8c2c-4094-8bf2-cd9f83d8d723@localhost,Random,D,player_44d216ab-243f-4dec-86c3-f284dbe4180f@localhost,GrimTrigger,D,1,1,128,1428
251,player_cc508a77-8c2c-4094-8bf2-cd9f83d8d723@localhost,Random,C,player_44d216ab-243f-4dec-86c3-f284dbe4180f@localhost,GrimTrigger,D,0,10,128,1438
252,player_cc508a77-8c2c-4094-8bf2-cd9f83d8d723@localhost,Random,C,player_44d216ab-243f-4dec-86c3-f284dbe4180f@localhost,GrimTrigger,D,0,10,128,1448
253,player_cc508a77-8c2c-4094-8bf2-cd9f83d8d723@localhost,Random,D,player_44d216ab-243f-4dec-86c3-f284dbe4180f@localhost,GrimTrigger,D,1,1,129,1449
254,player_cc508a77-8c2c-4094-8bf2-cd9f83d8d723@localhost,Random,D,player_44d216ab-243f-4dec-86c3-f284dbe4180f@localhost,GrimTrigger,D,1,1,130,1450
255,player_cc508a77-8c2c-4094-8bf2-cd9f83d8d723@localhost,Random,D,player_44d216ab-243f-4dec-86c3-f284dbe4180f@localhost,GrimTrigger,D,1,1,131,1451
256,player_cc508a77-8c2c-4094-8bf2-cd9f83d8d723@localhost,Random,D,player_44d216ab-243f-4dec-86c3-f284dbe4180f@localhost,GrimTrigger,D,1,1,132,1452
257,player_cc508a77-8c2c-4094-8bf2-cd9f83d8d723@localhost,Random,D,player_44d216ab-243f-4dec-86c3-f284dbe4180f@localhost,GrimTrigger,D,1,1,133,1453
258,player_cc508a77-8c2c-4094-8bf2-cd9f83d8d723@localhost,Random,C,player_44d216ab-243f-4dec-86c3-f284dbe4180f@localhost,GrimTrigger,D,0,10,133,1463
259,player_cc508a77-8c2c-4094-8bf2-cd9f83d8d723@localhost,Random,C,player_44d216ab-243f-4dec-86c3-f284dbe4180f@localhost,GrimTrigger,D,0,10,133,1473
260,player_cc508a77-8c2c-4094-8bf2-cd9f83d8d723@localhost,Random,C,player_44d216ab-243f-4dec-86c3-f284dbe4180f@localhost,GrimTrigger,D,0,10,133,1483
261,player_cc508a77-8c2c-4094-8bf2-cd9f83d8d723@localhost,Random,C,player_44d216ab-243f-4dec-86c3-f284dbe4180f@localhost,GrimTrigger,D,0,10,133,1493
262,player_cc508a77-8c2c-4094-8bf2-cd9f83d8d723@localhost,Random,D,player_44d216ab-243f-4dec-86c3-f284dbe4180f@localhost,GrimTrigger,D,1,1,134,1494
263,player_cc508a77-8c2c-4094-8bf2-cd9f83d8d723@localhost,Random,C,player_44d216ab-243f-4dec-86c3-f284dbe4180f@localhost,GrimTrigger,D,0,10,134,1504
264,player_cc508a77-8c2c-4094-8bf2-cd9f83d8d723@localhost,Random,C,player_44d216ab-243f-4dec-86c3-f284dbe4180f@localhost,GrimTrigger,D,0,10,134,1514
265,player_cc508a77-8c2c-4094-8bf2-cd9f83d8d723@localhost,Random,D,player_44d216ab-243f-4dec-86c3-f284dbe4180f@localhost,GrimTrigger,D,1,1,135,1515
266,player_cc508a77-8c2c-4094-8bf2-cd9f83d8d723@localhost,Random,D,player_44d216ab-243f-4dec-86c3-f284dbe4180f@localhost,GrimTrigger,D,1,1,136,1516
267,player_cc508a77-8c2c-4094-8bf2-cd9f83d8d723@localhost,Random,C,player_44d216ab-243f-4dec-86c3-f284dbe4180f@localhost,GrimTrigger,D,0,10,136,1526
268,player_cc508a77-8c2c-4094-8bf2-cd9f83d8d723@localhost,Random,D,player_44d216ab-243f-4dec-86c3-f284dbe4180f@localhost,GrimTrigger,D,1,1,137,1527
269,player_cc508a77-8c2c-4094-8bf2-cd9f83d8d723@localhost,Random,D,player_44d216ab-243f-4dec-86c3-f284dbe4180f@localhost,GrimTrigger,D,1,1,138,1528
270,player_cc508a77-8c2c-4094-8bf2-cd9f83d8d723@localhost,Random,D,player_44d216ab-243f-4dec-86c3-f284dbe4180f@localhost,GrimTrigger,D,1,1,139,1529
271,player_cc508a77-8c2c-4094-8bf2-cd9f83d8d723@localhost,Random,C,player_44d216ab-243f-4dec-86c3-f284dbe4180f@localhost,GrimTrigger,D,0,10,139,1539
272,player_cc508a77-8c2c-4094-8bf2-cd9f83d8d723@localhost,Random,D,player_44d216ab-243f-4dec-86c3-f284dbe4180f@localhost,GrimTrigger,D,1,1,140,1540
273,player_cc508a77-8c2c-4094-8bf2-cd9f83d8d723@localhost,Random,C,player_44d216ab-243f-4dec-86c3-f284dbe4180f@localhost,GrimTrigger,D,0,10,140,1550
274,player_cc508a77-8c2c-4094-8bf2-cd9f83d8d723@localhost,Random,D,player_44d216ab-243f-4dec-86c3-f284dbe4180f@localhost,GrimTrigger,D,1,1,141,1551
275,player_cc508a77-8c2c-4094-8bf2-cd9f83d8d723@localhost,Random,D,player_44d216ab-243f-4dec-86c3-f284dbe4180f@localhost,GrimTrigger,D,1,1,142,1552
276,player_cc508a77-8c2c-4094-8bf2-cd9f83d8d723@localhost,Random,C,player_44d216ab-243f-4dec-86c3-f284dbe4180f@localhost,GrimTrigger,D,0,10,142,1562
277,player_cc508a77-8c2c-4094-8bf2-cd9f83d8d723@localhost,Random,C,player_44d216ab-243f-4dec-86c3-f284dbe4180f@localhost,GrimTrigger,D,0,10,142,1572
278,player_cc508a77-8c2c-4094-8bf2-cd9f83d8d723@localhost,Random,D,player_44d216ab-243f-4dec-86c3-f284dbe4180f@localhost,GrimTrigger,D,1,1,143,1573
279,player_cc508a77-8c2c-4094-8bf2-cd9f83d8d723@localhost,Random,C,player_44d216ab-243f-4dec-86c3-f284dbe4180f@localhost,GrimTrigger,D,0,10,143,1583
280,player_cc508a77-8c2c-4094-8bf2-cd9f83d8d723@localhost,Random,D,player_44d216ab-243f-4dec-86c3-f284dbe4180f@localhost,GrimTrigger,D,1,1,144,1584
281,player_cc508a77-8c2c-4094-8bf2-cd9f83d8d723@localhost,Random,C,player_44d216ab-243f-4dec-86c3-f284dbe4180f@localhost,GrimTrigger,D,0,10,144,1594
282,player_cc508a77-8c2c-4094-8bf2-cd9f83d8d723@localhost,Random,D,player_44d216ab-243f-4dec-86c3-f284dbe4180f@localhost,GrimTrigger,D,1,1,145,1595
283,player_cc508a77-8c2c-4094-8bf2-cd9f83d8d723@localhost,Random,C,player_44d216ab-243f-4dec-86c3-f284dbe4180f@localhost,GrimTrigger,D,0,10,145,1605
284,player_cc508a77-8c2c-4094-8bf2-cd9f83d8d723@localhost,Random,D,player_44d216ab-243f-4dec-86c3-f284dbe4180f@localhost,GrimTrigger,D,1,1,146,1606
285,player_cc508a77-8c2c-4094-8bf2-cd9f83d8d723@localhost,Random,C,player_44d216ab-243f-4dec-86c3-f284dbe4180f@localhost,GrimTrigger,D,0,10,146,1616
286,player_cc508a77-8c2c-4094-8bf2-cd9f83d8d723@localhost,Random,C,player_44d216ab-243f-4dec-86c3-f284dbe4180f@localhost,GrimTrigger,D,0,10,146,1626
287,player_cc508a77-8c2c-4094-8bf2-cd9f83d8d723@localhost,Random,D,player_44d216ab-243f-4dec-86c3-f284dbe4180f@localhost,GrimTrigger,D,1,1,147,1627
288,player_cc508a77-8c2c-4094-8bf2-cd9f83d8d723@localhost,Random,C,player_44d216ab-243f-4dec-86c3-f284dbe4180f@localhost,GrimTrigger,D,0,10,147,1637
289,player_cc508a77-8c2c-4094-8bf2-cd9f83d8d723@localhost,Random,C,player_44d216ab-243f-4dec-86c3-f284dbe4180f@localhost,GrimTrigger,D,0,10,147,1647
290,player_cc508a77-8c2c-4094-8bf2-cd9f83d8d723@localhost,Random,C,player_44d216ab-243f-4dec-86c3-f284dbe4180f@localhost,GrimTrigger,D,0,10,147,1657
291,player_cc508a77-8c2c-4094-8bf2-cd9f83d8d723@localhost,Random,D,player_44d216ab-243f-4dec-86c3-f284dbe4180f@localhost,GrimTrigger,D,1,1,148,1658
292,player_cc508a77-8c2c-4094-8bf2-cd9f83d8d723@localhost,Random,C,player_44d216ab-243f-4dec-86c3-f284dbe4180f@localhost,GrimTrigger,D,0,10,148,1668
293,player_cc508a77-8c2c-4094-8bf2-cd9f83d8d723@localhost,Random,D,player_44d216ab-243f-4dec-86c3-f284dbe4180f@localhost,GrimTrigger,D,1,1,149,1669
294,player_cc508a77-8c2c-4094-8bf2-cd9f83d8d723@localhost,Random,D,player_44d216ab-243f-4dec-86c3-f284dbe4180f@localhost,GrimTrigger,D,1,1,150,1670
295,player_cc508a77-8c2c-4094-8bf2-cd9f83d8d723@localhost,Random,C,player_44d216ab-243f-4dec-86c3-f284dbe4180f@localhost,GrimTrigger,D,0,10,150,1680
296,player_cc508a77-8c2c-4094-8bf2-cd9f83d8d723@localhost,Random,D,player_44d216ab-243f-4dec-86c3-f284dbe4180f@localhost,GrimTrigger,D,1,1,151,1681
297,player_cc508a77-8c2c-4094-8bf2-cd9f83d8d723@localhost,Random,D,player_44d216ab-243f-4dec-86c3-f284dbe4180f@localhost,GrimTrigger,D,1,1,152,1682
298,player_cc508a77-8c2c-4094-8bf2-cd9f83d8d723@localhost,Random,C,player_44d216ab-243f-4dec-86c3-f284dbe4180f@localhost,GrimTrigger,D,0,10,152,1692
299,player_cc508a77-8c2c-4094-8bf2-cd9f83d8d723@localhost,Random,D,player_44d216ab-243f-4dec-86c3-f284dbe4180f@localhost,GrimTrigger,D,1,1,153,1693
300,player_cc508a77-8c2c-4094-8bf2-cd9f83d8d723@localhost,Random,D,player_44d216ab-243f-4dec-86c3-f284dbe4180f@localhost,GrimTrigger,D,1,1,154,1694
301,player_cc508a77-8c2c-4094-8bf2-cd9f83d8d723@localhost,Random,D,player_44d216ab-243f-4dec-86c3-f284dbe4180f@localhost,GrimTrigger,D,1,1,155,1695
302,player_cc508a77-8c2c-4094-8bf2-cd9f83d8d723@localhost,Random,C,player_44d216ab-243f-4dec-86c3-f284dbe4180f@localhost,GrimTrigger,D,0,10,155,1705
303,player_cc508a77-8c2c-4094-8bf2-cd9f83d8d723@localhost,Random,C,player_44d216ab-243f-4dec-86c3-f284dbe4180f@localhost,GrimTrigger,D,0,10,155,1715
304,player_cc508a77-8c2c-4094-8bf2-cd9f83d8d723@localhost,Random,D,player_44d216ab-243f-4dec-86c3-f284dbe4180f@localhost,GrimTrigger,D,1,1,156,1716
305,player_cc508a77-8c2c-4094-8bf2-cd9f83d8d723@localhost,Random,D,player_44d216ab-243f-4dec-86c3-f284dbe4180f@localhost,GrimTrigger,D,1,1,157,1717
306,player_cc508a77-8c2c-4094-8bf2-cd9f83d8d723@localhost,Random,D,player_44d216ab-243f-4dec-86c3-f284dbe4180f@localhost,GrimTrigger,D,1,1,158,1718
307,player_cc508a77-8c2c-4094-8bf2-cd9f83d8d723@localhost,Random,C,player_44d216ab-243f-4dec-86c3-f284dbe4180f@localhost,GrimTrigger,D,0,10,158,1728
308,player_cc508a77-8c2c-4094-8bf2-cd9f83d8d723@localhost,Random,C,player_44d216ab-243f-4dec-86c3-f284dbe4180f@localhost,GrimTrigger,D,0,10,158,1738
309,player_cc508a77-8c2c-4094-8bf2-cd9f83d8d723@localhost,Random,C,player_44d216ab-243f-4dec-86c3-f284dbe4180f@localhost,GrimTrigger,D,0,10,158,1748
310,player_cc508a77-8c2c-4094-8bf2-cd9f83d8d723@localhost,Random,D,player_44d216ab-243f-4dec-86c3-f284dbe4180f@localhost,GrimTrigger,D,1,1,159,1749
311,player_cc508a77-8c2c-4094-8bf2-cd9f83d8d723@localhost,Random,D,player_44d216ab-243f-4dec-86c3-f284dbe4180f@localhost,GrimTrigger,D,1,1,160,1750
312,player_cc508a77-8c2c-4094-8bf2-cd9f83d8d723@localhost,Random,D,player_44d216ab-243f-4dec-86c3-f284dbe4180f@localhost,GrimTrigger,D,1,1,161,1751
313,player_cc508a77-8c2c-4094-8bf2-cd9f83d8d723@localhost,Random,C,player_44d216ab-243f-4dec-86c3-f284dbe4180f@localhost,GrimTrigger,D,0,10,161,1761
314,player_cc508a77-8c2c-4094-8bf2-cd9f83d8d723@localhost,Random,D,player_44d216ab-243f-4dec-86c3-f284dbe4180f@localhost,GrimTrigger,D,1,1,162,1762
315,player_cc508a77-8c2c-4094-8bf2-cd9f83d8d723@localhost,Random,C,player_44d216ab-243f-4dec-86c3-f284dbe4180f@localhost,GrimTrigger,D,0,10,162,1772
316,player_cc508a77-8c2c-4094-8bf2-cd9f83d8d723@localhost,Random,D,player_44d216ab-243f-4dec-86c3-f284dbe4180f@localhost,GrimTrigger,D,1,1,163,1773
317,player_cc508a77-8c2c-4094-8bf2-cd9f83d8d723@localhost,Random,D,player_44d216ab-243f-4dec-86c3-f284dbe4180f@localhost,GrimTrigger,D,1,1,164,1774
318,player_cc508a77-8c2c-4094-8bf2-cd9f83d8d723@localhost,Random,C,player_44d216ab-243f-4dec-86c3-f284dbe4180f@localhost,GrimTrigger,D,0,10,164,1784
319,player_cc508a77-8c2c-4094-8bf2-cd9f83d8d723@localhost,Random,C,player_44d216ab-243f-4dec-86c3-f284dbe4180f@localhost,GrimTrigger,D,0,10,164,1794
320,player_cc508a77-8c2c-4094-8bf2-cd9f83d8d723@localhost,Random,D,player_44d216ab-243f-4dec-86c3-f284dbe4180f@localhost,GrimTrigger,D,1,1,165,1795
321,player_cc508a77-8c2c-4094-8bf2-cd9f83d8d723@localhost,Random,C,player_44d216ab-243f-4dec-86c3-f284dbe4180f@localhost,GrimTrigger,D,0,10,165,1805
322,player_cc508a77-8c2c-4094-8bf2-cd9f83d8d723@localhost,Random,D,player_44d216ab-243f-4dec-86c3-f284dbe4180f@localhost,GrimTrigger,D,1,1,166,1806
323,player_cc508a77-8c2c-4094-8bf2-cd9f83d8d723@localhost,Random,C,player_44d216ab-243f-4dec-86c3-f284dbe4180f@localhost,GrimTrigger,D,0,10,166,1816
324,player_cc508a77-8c2c-4094-8bf2-cd9f83d8d723@localhost,Random,C,player_44d216ab-243f-4dec-86c3-f284dbe4180f@localhost,GrimTrigger,D,0,10,166,1826
325,player_cc508a77-8c2c-4094-8bf2-cd9f83d8d723@localhost,Random,D,player_44d216ab-243f-4dec-86c3-f284dbe4180f@localhost,GrimTrigger,D,1,1,167,1827
326,player_cc508a77-8c2c-4094-8bf2-cd9f83d8d723@localhost,Random,C,player_44d216ab-243f-4dec-86c3-f284dbe4180f@localhost,GrimTrigger,D,0,10,167,1837
327,player_cc508a77-8c2c-4094-8bf2-cd9f83d8d723@localhost,Random,C,player_44d216ab-243f-4dec-86c3-f284dbe4180f@localhost,GrimTrigger,D,0,10,167,1847
328,player_cc508a77-8c2c-4094-8bf2-cd9f83d8d723@localhost,Random,C,player_44d216ab-243f-4dec-86c3-f284dbe4180f@localhost,GrimTrigger,D,0,10,167,1857
329,player_cc508a77-8c2c-4094-8bf2-cd9f83d8d723@localhost,Random,D,player_44d216ab-243f-4dec-86c3-f284dbe4180f@localhost,GrimTrigger,D,1,1,168,1858
330,player_cc508a77-8c2c-4094-8bf2-cd9f83d8d723@localhost,Random,C,player_44d216ab-243f-4dec-86c3-f284dbe4180f@localhost,GrimTrigger,D,0,10,168,1868
331,player_cc508a77-8c2c-4094-8bf2-cd9f83d8d723@localhost,Random,D,player_44d216ab-243f-4dec-86c3-f284dbe4180f@localhost,GrimTrigger,D,1,1,169,1869
332,player_cc508a77-8c2c-4094-8bf2-cd9f83d8d723@localhost,Random,D,player_44d216ab-243f-4dec-86c3-f284dbe4180f@localhost,GrimTrigger,D,1,1,170,1870
333,player_cc508a77-8c2c-4094-8bf2-cd9f83d8d723@localhost,Random,D,player_44d216ab-243f-4dec-86c3-f284dbe4180f@localhost,GrimTrigger,D,1,1,171,1871
334,player_cc508a77-8c2c-4094-8bf2-cd9f83d8d723@localhost,Random,D,player_44d216ab-243f-4dec-86c3-f284dbe4180f@localhost,GrimTrigger,D,1,1,172,1872
335,player_cc508a77-8c2c-4094-8bf2-cd9f83d8d723@localhost,Random,C,player_44d216ab-243f-4dec-86c3-f284dbe4180f@localhost,GrimTrigger,D,0,10,172,1882
336,player_cc508a77-8c2c-4094-8bf2-cd9f83d8d723@localhost,Random,C,player_44d216ab-243f-4dec-86c3-f284dbe4180f@localhost,GrimTrigger,D,0,10,172,1892
337,player_cc508a77-8c2c-4094-8bf2-cd9f83d8d723@localhost,Random,D,player_44d216ab-243f-4dec-86c3-f284dbe4180f@localhost,GrimTrigger,D,1,1,173,1893
338,player_cc508a77-8c2c-4094-8bf2-cd9f83d8d723@localhost,Random,C,player_44d216ab-243f-4dec-86c3-f284dbe4180f@localhost,GrimTrigger,D,0,10,173,1903
339,player_cc508a77-8c2c-4094-8bf2-cd9f83d8d723@localhost,Random,C,player_44d216ab-243f-4dec-86c3-f284dbe4180f@localhost,GrimTrigger,D,0,10,173,1913
340,player_cc508a77-8c2c-4094-8bf2-cd9f83d8d723@localhost,Random,C,player_44d216ab-243f-4dec-86c3-f284dbe4180f@localhost,GrimTrigger,D,0,10,173,1923
341,player_cc508a77-8c2c-4094-8bf2-cd9f83d8d723@localhost,Random,D,player_44d216ab-243f-4dec-86c3-f284dbe4180f@localhost,GrimTrigger,D,1,1,174,1924
342,player_cc508a77-8c2c-4094-8bf2-cd9f83d8d723@localhost,Random,C,player_44d216ab-243f-4dec-86c3-f284dbe4180f@localhost,GrimTrigger,D,0,10,174,1934
343,player_cc508a77-8c2c-4094-8bf2-cd9f83d8d723@localhost,Random,C,player_44d216ab-243f-4dec-86c3-f284dbe4180f@localhost,GrimTrigger,D,0,10,174,1944
344,player_cc508a77-8c2c-4094-8bf2-cd9f83d8d723@localhost,Random,C,player_44d216ab-243f-4dec-86c3-f284dbe4180f@localhost,GrimTrigger,D,0,10,174,1954
345,player_cc508a77-8c2c-4094-8bf2-cd9f83d8d723@localhost,Random,D,player_44d216ab-243f-4dec-86c3-f284dbe4180f@localhost,GrimTrigger,D,1,1,175,1955
346,player_cc508a77-8c2c-4094-8bf2-cd9f83d8d723@localhost,Random,D,player_44d216ab-243f-4dec-86c3-f284dbe4180f@localhost,GrimTrigger,D,1,1,176,1956
347,player_cc508a77-8c2c-4094-8bf2-cd9f83d8d723@localhost,Random,D,player_44d216ab-243f-4dec-86c3-f284dbe4180f@localhost,GrimTrigger,D,1,1,177,1957
348,player_cc508a77-8c2c-4094-8bf2-cd9f83d8d723@localhost,Random,D,player_44d216ab-243f-4dec-86c3-f284dbe4180f@localhost,GrimTrigger,D,1,1,178,1958
349,player_cc508a77-8c2c-4094-8bf2-cd9f83d8d723@localhost,Random,D,player_44d216ab-243f-4dec-86c3-f284dbe4180f@localhost,GrimTrigger,D,1,1,179,1959
350,player_cc508a77-8c2c-4094-8bf2-cd9f83d8d723@localhost,Random,D,player_44d216ab-243f-4dec-86c3-f284dbe4180f@localhost,GrimTrigger,D,1,1,180,1960
351,player_cc508a77-8c2c-4094-8bf2-cd9f83d8d723@localhost,Random,C,player_44d216ab-243f-4dec-86c3-f284dbe4180f@localhost,GrimTrigger,D,0,10,180,1970
352,player_cc508a77-8c2c-4094-8bf2-cd9f83d8d723@localhost,Random,D,player_44d216ab-243f-4dec-86c3-f284dbe4180f@localhost,GrimTrigger,D,1,1,181,1971
353,player_cc508a77-8c2c-4094-8bf2-cd9f83d8d723@localhost,Random,C,player_44d216ab-243f-4dec-86c3-f284dbe4180f@localhost,GrimTrigger,D,0,10,181,1981
354,player_cc508a77-8c2c-4094-8bf2-cd9f83d8d723@localhost,Random,C,player_44d216ab-243f-4dec-86c3-f284dbe4180f@localhost,GrimTrigger,D,0,10,181,1991
355,player_cc508a77-8c2c-4094-8bf2-cd9f83d8d723@localhost,Random,C,player_44d216ab-243f-4dec-86c3-f284dbe4180f@localhost,GrimTrigger,D,0,10,181,2001
356,player_cc508a77-8c2c-4094-8bf2-cd9f83d8d723@localhost,Random,C,player_44d216ab-243f-4dec-86c3-f284dbe4180f@localhost,GrimTrigger,D,0,10,181,2011
357,player_cc508a77-8c2c-4094-8bf2-cd9f83d8d723@localhost,Random,D,player_44d216ab-243f-4dec-86c3-f284dbe4180f@localhost,GrimTrigger,D,1,1,182,2012
358,player_cc508a77-8c2c-4094-8bf2-cd9f83d8d723@localhost,Random,C,player_44d216ab-243f-4dec-86c3-f284dbe4180f@localhost,GrimTrigger,D,0,10,182,2022
359,player_cc508a77-8c2c-4094-8bf2-cd9f83d8d723@localhost,Random,D,player_44d216ab-243f-4dec-86c3-f284dbe4180f@localhost,GrimTrigger,D,1,1,183,2023
360,player_cc508a77-8c2c-4094-8bf2-cd9f83d8d723@localhost,Random,C,player_44d216ab-243f-4dec-86c3-f284dbe4180f@localhost,GrimTrigger,D,0,10,183,2033
361,player_cc508a77-8c2c-4094-8bf2-cd9f83d8d723@localhost,Random,D,player_44d216ab-243f-4dec-86c3-f284dbe4180f@localhost,GrimTrigger,D,1,1,184,2034
362,player_cc508a77-8c2c-4094-8bf2-cd9f83d8d723@localhost,Random,C,player_44d216ab-243f-4dec-86c3-f284dbe4180f@localhost,GrimTrigger,D,0,10,184,2044
363,player_cc508a77-8c2c-4094-8bf2-cd9f83d8d723@localhost,Random,D,player_44d216ab-243f-4dec-86c3-f284dbe4180f@localhost,GrimTrigger,D,1,1,185,2045
364,player_cc508a77-8c2c-4094-8bf2-cd9f83d8d723@localhost,Random,C,player_44d216ab-243f-4dec-86c3-f284dbe4180f@localhost,GrimTrigger,D,0,10,185,2055
365,player_cc508a77-8c2c-4094-8bf2-cd9f83d8d723@localhost,Random,C,player_44d216ab-243f-4dec-86c3-f284dbe4180f@localhost,GrimTrigger,D,0,10,185,2065
366,player_cc508a77-8c2c-4094-8bf2-cd9f83d8d723@localhost,Random,C,player_44d216ab-243f-4dec-86c3-f284dbe4180f@localhost,GrimTrigger,D,0,10,185,2075
367,player_cc508a77-8c2c-4094-8bf2-cd9f83d8d723@localhost,Random,C,player_44d216ab-243f-4dec-86c3-f284dbe4180f@localhost,GrimTrigger,D,0,10,185,2085
368,player_cc508a77-8c2c-4094-8bf2-cd9f83d8d723@localhost,Random,D,player_44d216ab-243f-4dec-86c3-f284dbe4180f@localhost,GrimTrigger,D,1,1,186,2086
369,player_cc508a77-8c2c-4094-8bf2-cd9f83d8d723@localhost,Random,D,player_44d216ab-243f-4dec-86c3-f284dbe4180f@localhost,GrimTrigger,D,1,1,187,2087
370,player_cc508a77-8c2c-4094-8bf2-cd9f83d8d723@localhost,Random,C,player_44d216ab-243f-4dec-86c3-f284dbe4180f@localhost,GrimTrigger,D,0,10,187,2097
371,player_cc508a77-8c2c-4094-8bf2-cd9f83d8d723@localhost,Random,D,player_44d216ab-243f-4dec-86c3-f284dbe4180f@localhost,GrimTrigger,D,1,1,188,2098
372,player_cc508a77-8c2c-4094-8bf2-cd9f83d8d723@localhost,Random,D,player_44d216ab-243f-4dec-86c3-f284dbe4180f@localhost,GrimTrigger,D,1,1,189,2099
373,player_cc508a77-8c2c-4094-8bf2-cd9f83d8d723@localhost,Random,C,player_44d216ab-243f-4dec-86c3-f284dbe4180f@localhost,GrimTrigger,D,0,10,189,2109
374,player_cc508a77-8c2c-4094-8bf2-cd9f83d8d723@localhost,Random,D,player_44d216ab-243f-4dec-86c3-f284dbe4180f@localhost,GrimTrigger,D,1,1,190,2110
375,player_cc508a77-8c2c-4094-8bf2-cd9f83d8d723@localhost,Random,D,player_44d216ab-243f-4dec-86c3-f284dbe4180f@localhost,GrimTrigger,D,1,1,191,2111
376,player_cc508a77-8c2c-4094-8bf2-cd9f83d8d723@localhost,Random,C,player_44d216ab-243f-4dec-86c3-f284dbe4180f@localhost,GrimTrigger,D,0,10,191,2121
377,player_cc508a77-8c2c-4094-8bf2-cd9f83d8d723@localhost,Random,C,player_44d216ab-243f-4dec-86c3-f284dbe4180f@localhost,GrimTrigger,D,0,10,191,2131
378,player_cc508a77-8c2c-4094-8bf2-cd9f83d8d723@localhost,Random,C,player_44d216ab-243f-4dec-86c3-f284dbe4180f@localhost,GrimTrigger,D,0,10,191,2141
379,player_cc508a77-8c2c-4094-8bf2-cd9f83d8d723@localhost,Random,C,player_44d216ab-243f-4dec-86c3-f284dbe4180f@localhost,GrimTrigger,D,0,10,191,2151
380,player_cc508a77-8c2c-4094-8bf2-cd9f83d8d723@localhost,Random,D,player_44d216ab-243f-4dec-86c3-f284dbe4180f@localhost,GrimTrigger,D,1,1,192,2152
381,player_cc508a77-8c2c-4094-8bf2-cd9f83d8d723@localhost,Random,C,player_44d216ab-243f-4dec-86c3-f284dbe4180f@localhost,GrimTrigger,D,0,10,192,2162
382,player_cc508a77-8c2c-4094-8bf2-cd9f83d8d723@localhost,Random,D,player_44d216ab-243f-4dec-86c3-f284dbe4180f@localhost,GrimTrigger,D,1,1,193,2163
383,player_cc508a77-8c2c-4094-8bf2-cd9f83d8d723@localhost,Random,C,player_44d216ab-243f-4dec-86c3-f284dbe4180f@localhost,GrimTrigger,D,0,10,193,2173
384,player_cc508a77-8c2c-4094-8bf2-cd9f83d8d723@localhost,Random,D,player_44d216ab-243f-4dec-86c3-f284dbe4180f@localhost,GrimTrigger,D,1,1,194,2174
385,player_cc508a77-8c2c-4094-8bf2-cd9f83d8d723@localhost,Random,D,player_44d216ab-243f-4dec-86c3-f284dbe4180f@localhost,GrimTrigger,D,1,1,195,2175
386,player_cc508a77-8c2c-4094-8bf2-cd9f83d8d723@localhost,Random,D,player_44d216ab-243f-4dec-86c3-f284dbe4180f@localhost,GrimTrigger,D,1,1,196,2176
387,player_cc508a77-8c2c-4094-8bf2-cd9f83d8d723@localhost,Random,D,player_44d216ab-243f-4dec-86c3-f284dbe4180f@localhost,GrimTrigger,D,1,1,197,2177
388,player_cc508a77-8c2c-4094-8bf2-cd9f83d8d723@localhost,Random,D,player_44d216ab-243f-4dec-86c3-f284dbe4180f@localhost,GrimTrigger,D,1,1,198,2178
389,player_cc508a77-8c2c-4094-8bf2-cd9f83d8d723@localhost,Random,C,player_44d216ab-243f-4dec-86c3-f284dbe4180f@localhost,GrimTrigger,D,0,10,198,2188
390,player_cc508a77-8c2c-4094-8bf2-cd9f83d8d723@localhost,Random,C,player_44d216ab-243f-4dec-86c3-f284dbe4180f@localhost,GrimTrigger,D,0,10,198,2198
391,player_cc508a77-8c2c-4094-8bf2-cd9f83d8d723@localhost,Random,C,player_44d216ab-243f-4dec-86c3-f284dbe4180f@localhost,GrimTrigger,D,0,10,198,2208
392,player_cc508a77-8c2c-4094-8bf2-cd9f83d8d723@localhost,Random,C,player_44d216ab-243f-4dec-86c3-f284dbe4180f@localhost,GrimTrigger,D,0,10,198,2218
393,player_cc508a77-8c2c-4094-8bf2-cd9f83d8d723@localhost,Random,D,player_44d216ab-243f-4dec-86c3-f284dbe4180f@localhost,GrimTrigger,D,1,1,199,2219
394,player_cc508a77-8c2c-4094-8bf2-cd9f83d8d723@localhost,Random,C,player_44d216ab-243f-4dec-86c3-f284dbe4180f@localhost,GrimTrigger,D,0,10,199,2229
395,player_cc508a77-8c2c-4094-8bf2-cd9f83d8d723@localhost,Random,D,player_44d216ab-243f-4dec-86c3-f284dbe4180f@localhost,GrimTrigger,D,1,1,200,2230
396,player_cc508a77-8c2c-4094-8bf2-cd9f83d8d723@localhost,Random,D,player_44d216ab-243f-4dec-86c3-f284dbe4180f@localhost,GrimTrigger,D,1,1,201,2231
397,player_cc508a77-8c2c-4094-8bf2-cd9f83d8d723@localhost,Random,D,player_44d216ab-243f-4dec-86c3-f284dbe4180f@localhost,GrimTrigger,D,1,1,202,2232
398,player_cc508a77-8c2c-4094-8bf2-cd9f83d8d723@localhost,Random,C,player_44d216ab-243f-4dec-86c3-f284dbe4180f@localhost,GrimTrigger,D,0,10,202,2242
399,player_cc508a77-8c2c-4094-8bf2-cd9f83d8d723@localhost,Random,C,player_44d216ab-243f-4dec-86c3-f284dbe4180f@localhost,GrimTrigger,D,0,10,202,2252
400,player_cc508a77-8c2c-4094-8bf2-cd9f83d8d723@localhost,Random,C,player_44d216ab-243f-4dec-86c3-f284dbe4180f@localhost,GrimTrigger,D,0,10,202,2262
401,player_cc508a77-8c2c-4094-8bf2-cd9f83d8d723@localhost,Random,D,player_44d216ab-243f-4dec-86c3-f284dbe4180f@localhost,GrimTrigger,D,1,1,203,2263
402,player_cc508a77-8c2c-4094-8bf2-cd9f83d8d723@localhost,Random,C,player_44d216ab-243f-4dec-86c3-f284dbe4180f@localhost,GrimTrigger,D,0,10,203,2273
403,player_cc508a77-8c2c-4094-8bf2-cd9f83d8d723@localhost,Random,D,player_44d216ab-243f-4dec-86c3-f284dbe4180f@localhost,GrimTrigger,D,1,1,204,2274
404,player_cc508a77-8c2c-4094-8bf2-cd9f83d8d723@localhost,Random,C,player_44d216ab-243f-4dec-86c3-f284dbe4180f@localhost,GrimTrigger,D,0,10,204,2284
405,player_cc508a77-8c2c-4094-8bf2-cd9f83d8d723@localhost,Random,C,player_44d216ab-243f-4dec-86c3-f284dbe4180f@localhost,GrimTrigger,D,0,10,204,2294
406,player_cc508a77-8c2c-4094-8bf2-cd9f83d8d723@localhost,Random,C,player_44d216ab-243f-4dec-86c3-f284dbe4180f@localhost,GrimTrigger,D,0,10,204,2304
407,player_cc508a77-8c2c-4094-8bf2-cd9f83d8d723@localhost,Random,D,player_44d216ab-243f-4dec-86c3-f284dbe4180f@localhost,GrimTrigger,D,1,1,205,2305
408,player_cc508a77-8c2c-4094-8bf2-cd9f83d8d723@localhost,Random,D,player_44d216ab-243f-4dec-86c3-f284dbe4180f@localhost,GrimTrigger,D,1,1,206,2306
409,player_cc508a77-8c2c-4094-8bf2-cd9f83d8d723@localhost,Random,C,player_44d216ab-243f-4dec-86c3-f284dbe4180f@localhost,GrimTrigger,D,0,10,206,2316
410,player_cc508a77-8c2c-4094-8bf2-cd9f83d8d723@localhost,Random,D,player_44d216ab-243f-4dec-86c3-f284dbe4180f@localhost,GrimTrigger,D,1,1,207,2317
411,player_cc508a77-8c2c-4094-8bf2-cd9f83d8d723@localhost,Random,D,player_44d216ab-243f-4dec-86c3-f284dbe4180f@localhost,GrimTrigger,D,1,1,208,2318
412,player_cc508a77-8c2c-4094-8bf2-cd9f83d8d723@localhost,Random,D,player_44d216ab-243f-4dec-86c3-f284dbe4180f@localhost,GrimTrigger,D,1,1,209,2319
413,player_cc508a77-8c2c-4094-8bf2-cd9f83d8d723@localhost,Random,D,player_44d216ab-243f-4dec-86c3-f284dbe4180f@localhost,GrimTrigger,D,1,1,210,2320
414,player_cc508a77-8c2c-4094-8bf2-cd9f83d8d723@localhost,Random,C,player_44d216ab-243f-4dec-86c3-f284dbe4180f@localhost,GrimTrigger,D,0,10,210,2330
415,player_cc508a77-8c2c-4094-8bf2-cd9f83d8d723@localhost,Random,C,player_44d216ab-243f-4dec-86c3-f284dbe4180f@localhost,GrimTrigger,D,0,10,210,2340
416,player_cc508a77-8c2c-4094-8bf2-cd9f83d8d723@localhost,Random,C,player_44d216ab-243f-4dec-86c3-f284dbe4180f@localhost,GrimTrigger,D,0,10,210,2350
417,player_cc508a77-8c2c-4094-8bf2-cd9f83d8d723@localhost,Random,D,player_44d216ab-243f-4dec-86c3-f284dbe4180f@localhost,GrimTrigger,D,1,1,211,2351
418,player_cc508a77-8c2c-4094-8bf2-cd9f83d8d723@localhost,Random,C,player_44d216ab-243f-4dec-86c3-f284dbe4180f@localhost,GrimTrigger,D,0,10,211,2361
419,player_cc508a77-8c2c-4094-8bf2-cd9f83d8d723@localhost,Random,C,player_44d216ab-243f-4dec-86c3-f284dbe4180f@localhost,GrimTrigger,D,0,10,211,2371
420,player_cc508a77-8c2c-4094-8bf2-cd9f83d8d723@localhost,Random,D,player_44d216ab-243f-4dec-86c3-f284dbe4180f@localhost,GrimTrigger,D,1,1,212,2372
421,player_cc508a77-8c2c-4094-8bf2-cd9f83d8d723@localhost,Random,D,player_44d216ab-243f-4dec-86c3-f284dbe4180f@localhost,GrimTrigger,D,1,1,213,2373
422,player_cc508a77-8c2c-4094-8bf2-cd9f83d8d723@localhost,Random,D,player_44d216ab-243f-4dec-86c3-f284dbe4180f@localhost,GrimTrigger,D,1,1,214,2374
423,player_cc508a77-8c2c-4094-8bf2-cd9f83d8d723@localhost,Random,D,player_44d216ab-243f-4dec-86c3-f284dbe4180f@localhost,GrimTrigger,D,1,1,215,2375
424,player_cc508a77-8c2c-4094-8bf2-cd9f83d8d723@localhost,Random,C,player_44d216ab-243f-4dec-86c3-f284dbe4180f@localhost,GrimTrigger,D,0,10,215,2385
425,player_cc508a77-8c2c-4094-8bf2-cd9f83d8d723@localhost,Random,D,player_44d216ab-243f-4dec-86c3-f284dbe4180f@localhost,GrimTrigger,D,1,1,216,2386
426,player_cc508a77-8c2c-4094-8bf2-cd9f83d8d723@localhost,Random,C,player_44d216ab-243f-4dec-86c3-f284dbe4180f@localhost,GrimTrigger,D,0,10,216,2396
427,player_cc508a77-8c2c-4094-8bf2-cd9f83d8d723@localhost,Random,C,player_44d216ab-243f-4dec-86c3-f284dbe4180f@localhost,GrimTrigger,D,0,10,216,2406
428,player_cc508a77-8c2c-4094-8bf2-cd9f83d8d723@localhost,Random,D,player_44d216ab-243f-4dec-86c3-f284dbe4180f@localhost,GrimTrigger,D,1,1,217,2407
429,player_cc508a77-8c2c-4094-8bf2-cd9f83d8d723@localhost,Random,D,player_44d216ab-243f-4dec-86c3-f284dbe4180f@localhost,GrimTrigger,D,1,1,218,2408
430,player_cc508a77-8c2c-4094-8bf2-cd9f83d8d723@localhost,Random,C,player_44d216ab-243f-4dec-86c3-f284dbe4180f@localhost,GrimTrigger,D,0,10,218,2418
431,player_cc508a77-8c2c-4094-8bf2-cd9f83d8d723@localhost,Random,D,player_44d216ab-243f-4dec-86c3-f284dbe4180f@localhost,GrimTrigger,D,1,1,219,2419
432,player_cc508a77-8c2c-4094-8bf2-cd9f83d8d723@localhost,Random,D,player_44d216ab-243f-4dec-86c3-f284dbe4180f@localhost,GrimTrigger,D,1,1,220,2420
433,player_cc508a77-8c2c-4094-8bf2-cd9f83d8d723@localhost,Random,C,player_44d216ab-243f-4dec-86c3-f284dbe4180f@localhost,GrimTrigger,D,0,10,220,2430
434,player_cc508a77-8c2c-4094-8bf2-cd9f83d8d723@localhost,Random,D,player_44d216ab-243f-4dec-86c3-f284dbe4180f@localhost,GrimTrigger,D,1,1,221,2431
435,player_cc508a77-8c2c-4094-8bf2-cd9f83d8d723@localhost,Random,C,player_44d216ab-243f-4dec-86c3-f284dbe4180f@localhost,GrimTrigger,D,0,10,221,2441
436,player_cc508a77-8c2c-4094-8bf2-cd9f83d8d723@localhost,Random,C,player_44d216ab-243f-4dec-86c3-f284dbe4180f@localhost,GrimTrigger,D,0,10,221,2451
437,player_cc508a77-8c2c-4094-8bf2-cd9f83d8d723@localhost,Random,C,player_44d216ab-243f-4dec-86c3-f284dbe4180f@localhost,GrimTrigger,D,0,10,221,2461
438,player_cc508a77-8c2c-4094-8bf2-cd9f83d8d723@localhost,Random,D,player_44d216ab-243f-4dec-86c3-f284dbe4180f@localhost,GrimTrigger,D,1,1,222,2462
439,player_cc508a77-8c2c-4094-8bf2-cd9f83d8d723@localhost,Random,C,player_44d216ab-243f-4dec-86c3-f284dbe4180f@localhost,GrimTrigger,D,0,10,222,2472
440,player_cc508a77-8c2c-4094-8bf2-cd9f83d8d723@localhost,Random,D,player_44d216ab-243f-4dec-86c3-f284dbe4180f@localhost,GrimTrigger,D,1,1,223,2473
441,player_cc508a77-8c2c-4094-8bf2-cd9f83d8d723@localhost,Random,C,player_44d216ab-243f-4dec-86c3-f284dbe4180f@localhost,GrimTrigger,D,0,10,223,2483
442,player_cc508a77-8c2c-4094-8bf2-cd9f83d8d723@localhost,Random,C,player_44d216ab-243f-4dec-86c3-f284dbe4180f@localhost,GrimTrigger,D,0,10,223,2493
443,player_cc508a77-8c2c-4094-8bf2-cd9f83d8d723@localhost,Random,C,player_44d216ab-243f-4dec-86c3-f284dbe4180f@localhost,GrimTrigger,D,0,10,223,2503
444,player_cc508a77-8c2c-4094-8bf2-cd9f83d8d723@localhost,Random,C,player_44d216ab-243f-4dec-86c3-f284dbe4180f@localhost,GrimTrigger,D,0,10,223,2513
445,player_cc508a77-8c2c-4094-8bf2-cd9f83d8d723@localhost,Random,C,player_44d216ab-243f-4dec-86c3-f284dbe4180f@localhost,GrimTrigger,D,0,10,223,2523
446,player_cc508a77-8c2c-4094-8bf2-cd9f83d8d723@localhost,Random,C,player_44d216ab-243f-4dec-86c3-f284dbe4180f@localhost,GrimTrigger,D,0,10,223,2533
447,player_cc508a77-8c2c-4094-8bf2-cd9f83d8d723@localhost,Random,D,player_44d216ab-243f-4dec-86c3-f284dbe4180f@localhost,GrimTrigger,D,1,1,224,2534
448,player_cc508a77-8c2c-4094-8bf2-cd9f83d8d723@localhost,Random,D,player_44d216ab-243f-4dec-86c3-f284dbe4180f@localhost,GrimTrigger,D,1,1,225,2535
449,player_cc508a77-8c2c-4094-8bf2-cd9f83d8d723@localhost,Random,C,player_44d216ab-243f-4dec-86c3-f284dbe4180f@localhost,GrimTrigger,D,0,10,225,2545
450,player_cc508a77-8c2c-4094-8bf2-cd9f83d8d723@localhost,Random,C,player_44d216ab-243f-4dec-86c3-f284dbe4180f@localhost,GrimTrigger,D,0,10,225,2555
451,player_cc508a77-8c2c-4094-8bf2-cd9f83d8d723@localhost,Random,C,player_44d216ab-243f-4dec-86c3-f284dbe4180f@localhost,GrimTrigger,D,0,10,225,2565
452,player_cc508a77-8c2c-4094-8bf2-cd9f83d8d723@localhost,Random,C,player_44d216ab-243f-4dec-86c3-f284dbe4180f@localhost,GrimTrigger,D,0,10,225,2575
453,player_cc508a77-8c2c-4094-8bf2-cd9f83d8d723@localhost,Random,D,player_44d216ab-243f-4dec-86c3-f284dbe4180f@localhost,GrimTrigger,D,1,1,226,2576
454,player_cc508a77-8c2c-4094-8bf2-cd9f83d8d723@localhost,Random,C,player_44d216ab-243f-4dec-86c3-f284dbe4180f@localhost,GrimTrigger,D,0,10,226,2586
455,player_cc508a77-8c2c-4094-8bf2-cd9f83d8d723@localhost,Random,C,player_44d216ab-243f-4dec-86c3-f284dbe4180f@localhost,GrimTrigger,D,0,10,226,2596
456,player_cc508a77-8c2c-4094-8bf2-cd9f83d8d723@localhost,Random,C,player_44d216ab-243f-4dec-86c3-f284dbe4180f@localhost,GrimTrigger,D,0,10,226,2606
457,player_cc508a77-8c2c-4094-8bf2-cd9f83d8d723@localhost,Random,C,player_44d216ab-243f-4dec-86c3-f284dbe4180f@localhost,GrimTrigger,D,0,10,226,2616
458,player_cc508a77-8c2c-4094-8bf2-cd9f83d8d723@localhost,Random,C,player_44d216ab-243f-4dec-86c3-f284dbe4180f@localhost,GrimTrigger,D,0,10,226,2626
459,player_cc508a77-8c2c-4094-8bf2-cd9f83d8d723@localhost,Random,D,player_44d216ab-243f-4dec-86c3-f284dbe4180f@localhost,GrimTrigger,D,1,1,227,2627
460,player_cc508a77-8c2c-4094-8bf2-cd9f83d8d723@localhost,Random,C,player_44d216ab-243f-4dec-86c3-f284dbe4180f@localhost,GrimTrigger,D,0,10,227,2637
461,player_cc508a77-8c2c-4094-8bf2-cd9f83d8d723@localhost,Random,C,player_44d216ab-243f-4dec-86c3-f284dbe4180f@localhost,GrimTrigger,D,0,10,227,2647
462,player_cc508a77-8c2c-4094-8bf2-cd9f83d8d723@localhost,Random,C,player_44d216ab-243f-4dec-86c3-f284dbe4180f@localhost,GrimTrigger,D,0,10,227,2657
463,player_cc508a77-8c2c-4094-8bf2-cd9f83d8d723@localhost,Random,D,player_44d216ab-243f-4dec-86c3-f284dbe4180f@localhost,GrimTrigger,D,1,1,228,2658
464,player_cc508a77-8c2c-4094-8bf2-cd9f83d8d723@localhost,Random,C,player_44d216ab-243f-4dec-86c3-f284dbe4180f@localhost,GrimTrigger,D,0,10,228,2668
465,player_cc508a77-8c2c-4094-8bf2-cd9f83d8d723@localhost,Random,C,player_44d216ab-243f-4dec-86c3-f284dbe4180f@localhost,GrimTrigger,D,0,10,228,2678
466,player_cc508a77-8c2c-4094-8bf2-cd9f83d8d723@localhost,Random,C,player_44d216ab-243f-4dec-86c3-f284dbe4180f@localhost,GrimTrigger,D,0,10,228,2688
467,player_cc508a77-8c2c-4094-8bf2-cd9f83d8d723@localhost,Random,D,player_44d216ab-243f-4dec-86c3-f284dbe4180f@localhost,GrimTrigger,D,1,1,229,2689
468,player_cc508a77-8c2c-4094-8bf2-cd9f83d8d723@localhost,Random,D,player_44d216ab-243f-4dec-86c3-f284dbe4180f@localhost,GrimTrigger,D,1,1,230,2690
469,player_cc508a77-8c2c-4094-8bf2-cd9f83d8d723@localhost,Random,D,player_44d216ab-243f-4dec-86c3-f284dbe4180f@localhost,GrimTrigger,D,1,1,231,2691
470,player_cc508a77-8c2c-4094-8bf2-cd9f83d8d723@localhost,Random,C,player_44d216ab-243f-4dec-86c3-f284dbe4180f@localhost,GrimTrigger,D,0,10,231,2701
471,player_cc508a77-8c2c-4094-8bf2-cd9f83d8d723@localhost,Random,D,player_44d216ab-243f-4dec-86c3-f284dbe4180f@localhost,GrimTrigger,D,1,1,232,2702
472,player_cc508a77-8c2c-4094-8bf2-cd9f83d8d723@localhost,Random,C,player_44d216ab-243f-4dec-86c3-f284dbe4180f@localhost,GrimTrigger,D,0,10,232,2712
473,player_cc508a77-8c2c-4094-8bf2-cd9f83d8d723@localhost,Random,D,player_44d216ab-243f-4dec-86c3-f284dbe4180f@localhost,GrimTrigger,D,1,1,233,2713
474,player_cc508a77-8c2c-4094-8bf2-cd9f83d8d723@localhost,Random,C,player_44d216ab-243f-4dec-86c3-f284dbe4180f@localhost,GrimTrigger,D,0,10,233,2723
475,player_cc508a77-8c2c-4094-8bf2-cd9f83d8d723@localhost,Random,C,player_44d216ab-243f-4dec-86c3-f284dbe4180f@localhost,GrimTrigger,D,0,10,233,2733
476,player_cc508a77-8c2c-4094-8bf2-cd9f83d8d723@localhost,Random,D,player_44d216ab-243f-4dec-86c3-f284dbe4180f@localhost,GrimTrigger,D,1,1,234,2734
477,player_cc508a77-8c2c-4094-8bf2-cd9f83d8d723@localhost,Random,C,player_44d216ab-243f-4dec-86c3-f284dbe4180f@localhost,GrimTrigger,D,0,10,234,2744
478,player_cc508a77-8c2c-4094-8bf2-cd9f83d8d723@localhost,Random,D,player_44d216ab-243f-4dec-86c3-f284dbe4180f@localhost,GrimTrigger,D,1,1,235,2745
479,player_cc508a77-8c2c-4094-8bf2-cd9f83d8d723@localhost,Random,C,player_44d216ab-243f-4dec-86c3-f284dbe4180f@localhost,GrimTrigger,D,0,10,235,2755
480,player_cc508a77-8c2c-4094-8bf2-cd9f83d8d723@localhost,Random,D,player_44d216ab-243f-4dec-86c3-f284dbe4180f@localhost,GrimTrigger,D,1,1,236,2756
481,player_cc508a77-8c2c-4094-8bf2-cd9f83d8d723@localhost,Random,C,player_44d216ab-243f-4dec-86c3-f284dbe4180f@localhost,GrimTrigger,D,0,10,236,2766
482,player_cc508a77-8c2c-4094-8bf2-cd9f83d8d723@localhost,Random,D,player_44d216ab-243f-4dec-86c3-f284dbe4180f@localhost,GrimTrigger,D,1,1,237,2767
483,player_cc508a77-8c2c-4094-8bf2-cd9f83d8d723@localhost,Random,C,player_44d216ab-243f-4dec-86c3-f284dbe4180f@localhost,GrimTrigger,D,0,10,237,2777
484,player_cc508a77-8c2c-4094-8bf2-cd9f83d8d723@localhost,Random,C,player_44d216ab-243f-4dec-86c3-f284dbe4180f@localhost,GrimTrigger,D,0,10,237,2787
485,player_cc508a77-8c2c-4094-8bf2-cd9f83d8d723@localhost,Random,D,player_44d216ab-243f-4dec-86c3-f284dbe4180f@localhost,GrimTrigger,D,1,1,238,2788
486,player_cc508a77-8c2c-4094-8bf2-cd9f83d8d723@localhost,Random,D,player_44d216ab-243f-4dec-86c3-f284dbe4180f@localhost,GrimTrigger,D,1,1,239,2789
487,player_cc508a77-8c2c-4094-8bf2-cd9f83d8d723@localhost,Random,C,player_44d216ab-243f-4dec-86c3-f284dbe4180f@localhost,GrimTrigger,D,0,10,239,2799
488,player_cc508a77-8c2c-4094-8bf2-cd9f83d8d723@localhost,Random,D,player_44d216ab-243f-4dec-86c3-f284dbe4180f@localhost,GrimTrigger,D,1,1,240,2800
489,player_cc508a77-8c2c-4094-8bf2-cd9f83d8d723@localhost,Random,D,player_44d216ab-243f-4dec-86c3-f284dbe4180f@localhost,GrimTrigger,D,1,1,241,2801
490,player_cc508a77-8c2c-4094-8bf2-cd9f83d8d723@localhost,Random,D,player_44d216ab-243f-4dec-86c3-f284dbe4180f@localhost,GrimTrigger,D,1,1,242,2802
491,player_cc508a77-8c2c-4094-8bf2-cd9f83d8d723@localhost,Random,C,player_44d216ab-243f-4dec-86c3-f284dbe4180f@localhost,GrimTrigger,D,0,10,242,2812
492,player_cc508a77-8c2c-4094-8bf2-cd9f83d8d723@localhost,Random,C,player_44d216ab-243f-4dec-86c3-f284dbe4180f@localhost,GrimTrigger,D,0,10,242,2822
493,player_cc508a77-8c2c-4094-8bf2-cd9f83d8d723@localhost,Random,C,player_44d216ab-243f-4dec-86c3-f284dbe4180f@localhost,GrimTrigger,D,0,10,242,2832
494,player_cc508a77-8c2c-4094-8bf2-cd9f83d8d723@localhost,Random,C,player_44d216ab-243f-4dec-86c3-f284dbe4180f@localhost,GrimTrigger,D,0,10,242,2842
495,player_cc508a77-8c2c-4094-8bf2-cd9f83d8d723@localhost,Random,C,player_44d216ab-243f-4dec-86c3-f284dbe4180f@localhost,GrimTrigger,D,0,10,242,2852
496,player_cc508a77-8c2c-4094-8bf2-cd9f83d8d723@localhost,Random,D,player_44d216ab-243f-4dec-86c3-f284dbe4180f@localhost,GrimTrigger,D,1,1,243,2853
497,player_cc508a77-8c2c-4094-8bf2-cd9f83d8d723@localhost,Random,C,player_44d216ab-243f-4dec-86c3-f284dbe4180f@localhost,GrimTrigger,D,0,10,243,2863
498,player_cc508a77-8c2c-4094-8bf2-cd9f83d8d723@localhost,Random,C,player_44d216ab-243f-4dec-86c3-f284dbe4180f@localhost,GrimTrigger,D,0,10,243,2873
499,player_cc508a77-8c2c-4094-8bf2-cd9f83d8d723@localhost,Random,C,player_44d216ab-243f-4dec-86c3-f284dbe4180f@localhost,GrimTrigger,D,0,10,243,2883
500,player_cc508a77-8c2c-4094-8bf2-cd9f83d8d723@localhost,Random,C,player_44d216ab-243f-4dec-86c3-f284dbe4180f@localhost,GrimTrigger,D,0,10,243,2893
501,player_cc508a77-8c2c-4094-8bf2-cd9f83d8d723@localhost,Random,D,player_44d216ab-243f-4dec-86c3-f284dbe4180f@localhost,GrimTrigger,D,1,1,244,2894
502,player_cc508a77-8c2c-4094-8bf2-cd9f83d8d723@localhost,Random,D,player_44d216ab-243f-4dec-86c3-f284dbe4180f@localhost,GrimTrigger,D,1,1,245,2895
503,player_cc508a77-8c2c-4094-8bf2-cd9f83d8d723@localhost,Random,C,player_44d216ab-243f-4dec-86c3-f284dbe4180f@localhost,GrimTrigger,D,0,10,245,2905
504,player_cc508a77-8c2c-4094-8bf2-cd9f83d8d723@localhost,Random,D,player_44d216ab-243f-4dec-86c3-f284dbe4180f@localhost,GrimTrigger,D,1,1,246,2906
505,player_cc508a77-8c2c-4094-8bf2-cd9f83d8d723@localhost,Random,C,player_44d216ab-243f-4dec-86c3-f284dbe4180f@localhost,GrimTrigger,D,0,10,246,2916
506,player_cc508a77-8c2c-4094-8bf2-cd9f83d8d723@localhost,Random,C,player_44d216ab-243f-4dec-86c3-f284dbe4180f@localhost,GrimTrigger,D,0,10,246,2926
507,player_cc508a77-8c2c-4094-8bf2-cd9f83d8d723@localhost,Random,C,player_44d216ab-243f-4dec-86c3-f284dbe4180f@localhost,GrimTrigger,D,0,10,246,2936
508,player_cc508a77-8c2c-4094-8bf2-cd9f83d8d723@localhost,Random,D,player_44d216ab-243f-4dec-86c3-f284dbe4180f@localhost,GrimTrigger,D,1,1,247,2937
509,player_cc508a77-8c2c-4094-8bf2-cd9f83d8d723@localhost,Random,C,player_44d216ab-243f-4dec-86c3-f284dbe4180f@localhost,GrimTrigger,D,0,10,247,2947
510,player_cc508a77-8c2c-4094-8bf2-cd9f83d8d723@localhost,Random,C,player_44d216ab-243f-4dec-86c3-f284dbe4180f@localhost,GrimTrigger,D,0,10,247,2957
511,player_cc508a77-8c2c-4094-8bf2-cd9f83d8d723@localhost,Random,C,player_44d216ab-243f-4dec-86c3-f284dbe4180f@localhost,GrimTrigger,D,0,10,247,2967
512,player_cc508a77-8c2c-4094-8bf2-cd9f83d8d723@localhost,Random,D,player_44d216ab-243f-4dec-86c3-f284dbe4180f@localhost,GrimTrigger,D,1,1,248,2968
513,player_cc508a77-8c2c-4094-8bf2-cd9f83d8d723@localhost,Random,C,player_44d216ab-243f-4dec-86c3-f284dbe4180f@localhost,GrimTrigger,D,0,10,248,2978
514,player_cc508a77-8c2c-4094-8bf2-cd9f83d8d723@localhost,Random,C,player_44d216ab-243f-4dec-86c3-f284dbe4180f@localhost,GrimTrigger,D,0,10,248,2988
515,player_cc508a77-8c2c-4094-8bf2-cd9f83d8d723@localhost,Random,D,player_44d216ab-243f-4dec-86c3-f284dbe4180f@localhost,GrimTrigger,D,1,1,249,2989
516,player_cc508a77-8c2c-4094-8bf2-cd9f83d8d723@localhost,Random,C,player_44d216ab-243f-4dec-86c3-f284dbe4180f@localhost,GrimTrigger,D,0,10,249,2999
517,player_cc508a77-8c2c-4094-8bf2-cd9f83d8d723@localhost,Random,C,player_44d216ab-243f-4dec-86c3-f284dbe4180f@localhost,GrimTrigger,D,0,10,249,3009
518,player_cc508a77-8c2c-4094-8bf2-cd9f83d8d723@localhost,Random,D,player_44d216ab-243f-4dec-86c3-f284dbe4180f@localhost,GrimTrigger,D,1,1,250,3010
519,player_cc508a77-8c2c-4094-8bf2-cd9f83d8d723@localhost,Random,C,player_44d216ab-243f-4dec-86c3-f284dbe4180f@localhost,GrimTrigger,D,0,10,250,3020
520,player_cc508a77-8c2c-4094-8bf2-cd9f83d8d723@localhost,Random,C,player_44d216ab-243f-4dec-86c3-f284dbe4180f@localhost,GrimTrigger,D,0,10,250,3030
521,player_cc508a77-8c2c-4094-8bf2-cd9f83d8d723@localhost,Random,D,player_44d216ab-243f-4dec-86c3-f284dbe4180f@localhost,GrimTrigger,D,1,1,251,3031
522,player_cc508a77-8c2c-4094-8bf2-cd9f83d8d723@localhost,Random,C,player_44d216ab-243f-4dec-86c3-f284dbe4180f@localhost,GrimTrigger,D,0,10,251,3041
523,player_cc508a77-8c2c-4094-8bf2-cd9f83d8d723@localhost,Random,C,player_44d216ab-243f-4dec-86c3-f284dbe4180f@localhost,GrimTrigger,D,0,10,251,3051
524,player_cc508a77-8c2c-4094-8bf2-cd9f83d8d723@localhost,Random,D,player_44d216ab-243f-4dec-86c3-f284dbe4180f@localhost,GrimTrigger,D,1,1,252,3052
525,player_cc508a77-8c2c-4094-8bf2-cd9f83d8d723@localhost,Random,C,player_44d216ab-243f-4dec-86c3-f284dbe4180f@localhost,GrimTrigger,D,0,10,252,3062
526,player_cc508a77-8c2c-4094-8bf2-cd9f83d8d723@localhost,Random,C,player_44d216ab-243f-4dec-86c3-f284dbe4180f@localhost,GrimTrigger,D,0,10,252,3072
527,player_cc508a77-8c2c-4094-8bf2-cd9f83d8d723@localhost,Random,C,player_44d216ab-243f-4dec-86c3-f284dbe4180f@localhost,GrimTrigger,D,0,10,252,3082
528,player_cc508a77-8c2c-4094-8bf2-cd9f83d8d723@localhost,Random,D,player_44d216ab-243f-4dec-86c3-f284dbe4180f@localhost,GrimTrigger,D,1,1,253,3083
529,player_cc508a77-8c2c-4094-8bf2-cd9f83d8d723@localhost,Random,C,player_44d216ab-243f-4dec-86c3-f284dbe4180f@localhost,GrimTrigger,D,0,10,253,3093
530,player_cc508a77-8c2c-4094-8bf2-cd9f83d8d723@localhost,Random,D,player_44d216ab-243f-4dec-86c3-f284dbe4180f@localhost,GrimTrigger,D,1,1,254,3094
531,player_cc508a77-8c2c-4094-8bf2-cd9f83d8d723@localhost,Random,C,player_44d216ab-243f-4dec-86c3-f284dbe4180f@localhost,GrimTrigger,D,0,10,254,3104
532,player_cc508a77-8c2c-4094-8bf2-cd9f83d8d723@localhost,Random,D,player_44d216ab-243f-4dec-86c3-f284dbe4180f@localhost,GrimTrigger,D,1,1,255,3105
533,player_cc508a77-8c2c-4094-8bf2-cd9f83d8d723@localhost,Random,D,player_44d216ab-243f-4dec-86c3-f284dbe4180f@localhost,GrimTrigger,D,1,1,256,3106
534,player_cc508a77-8c2c-4094-8bf2-cd9f83d8d723@localhost,Random,C,player_44d216ab-243f-4dec-86c3-f284dbe4180f@localhost,GrimTrigger,D,0,10,256,3116
535,player_cc508a77-8c2c-4094-8bf2-cd9f83d8d723@localhost,Random,C,player_44d216ab-243f-4dec-86c3-f284dbe4180f@localhost,GrimTrigger,D,0,10,256,3126
536,player_cc508a77-8c2c-4094-8bf2-cd9f83d8d723@localhost,Random,D,player_44d216ab-243f-4dec-86c3-f284dbe4180f@localhost,GrimTrigger,D,1,1,257,3127
537,player_cc508a77-8c2c-4094-8bf2-cd9f83d8d723@localhost,Random,C,player_44d216ab-243f-4dec-86c3-f284dbe4180f@localhost,GrimTrigger,D,0,10,257,3137
538,player_cc508a77-8c2c-4094-8bf2-cd9f83d8d723@localhost,Random,D,player_44d216ab-243f-4dec-86c3-f284dbe4180f@localhost,GrimTrigger,D,1,1,258,3138
539,player_cc508a77-8c2c-4094-8bf2-cd9f83d8d723@localhost,Random,C,player_44d216ab-243f-4dec-86c3-f284dbe4180f@localhost,GrimTrigger,D,0,10,258,3148
540,player_cc508a77-8c2c-4094-8bf2-cd9f83d8d723@localhost,Random,D,player_44d216ab-243f-4dec-86c3-f284dbe4180f@localhost,GrimTrigger,D,1,1,259,3149
541,player_cc508a77-8c2c-4094-8bf2-cd9f83d8d723@localhost,Random,C,player_44d216ab-243f-4dec-86c3-f284dbe4180f@localhost,GrimTrigger,D,0,10,259,3159
542,player_cc508a77-8c2c-4094-8bf2-cd9f83d8d723@localhost,Random,C,player_44d216ab-243f-4dec-86c3-f284dbe4180f@localhost,GrimTrigger,D,0,10,259,3169
543,player_cc508a77-8c2c-4094-8bf2-cd9f83d8d723@localhost,Random,D,player_44d216ab-243f-4dec-86c3-f284dbe4180f@localhost,GrimTrigger,D,1,1,260,3170
544,player_cc508a77-8c2c-4094-8bf2-cd9f83d8d723@localhost,Random,D,player_44d216ab-243f-4dec-86c3-f284dbe4180f@localhost,GrimTrigger,D,1,1,261,3171
545,player_cc508a77-8c2c-4094-8bf2-cd9f83d8d723@localhost,Random,D,player_44d216ab-243f-4dec-86c3-f284dbe4180f@localhost,GrimTrigger,D,1,1,262,3172
546,player_cc508a77-8c2c-4094-8bf2-cd9f83d8d723@localhost,Random,C,player_44d216ab-243f-4dec-86c3-f284dbe4180f@localhost,GrimTrigger,D,0,10,262,3182
547,player_cc508a77-8c2c-4094-8bf2-cd9f83d8d723@localhost,Random,D,player_44d216ab-243f-4dec-86c3-f284dbe4180f@localhost,GrimTrigger,D,1,1,263,3183
548,player_cc508a77-8c2c-4094-8bf2-cd9f83d8d723@localhost,Random,C,player_44d216ab-243f-4dec-86c3-f284dbe4180f@localhost,GrimTrigger,D,0,10,263,3193
549,player_cc508a77-8c2c-4094-8bf2-cd9f83d8d723@localhost,Random,C,player_44d216ab-243f-4dec-86c3-f284dbe4180f@localhost,GrimTrigger,D,0,10,263,3203
550,player_cc508a77-8c2c-4094-8bf2-cd9f83d8d723@localhost,Random,C,player_44d216ab-243f-4dec-86c3-f284dbe4180f@localhost,GrimTrigger,D,0,10,263,3213
551,player_cc508a77-8c2c-4094-8bf2-cd9f83d8d723@localhost,Random,C,player_44d216ab-243f-4dec-86c3-f284dbe4180f@localhost,GrimTrigger,D,0,10,263,3223
552,player_cc508a77-8c2c-4094-8bf2-cd9f83d8d723@localhost,Random,C,player_44d216ab-243f-4dec-86c3-f284dbe4180f@localhost,GrimTrigger,D,0,10,263,3233
553,player_cc508a77-8c2c-4094-8bf2-cd9f83d8d723@localhost,Random,D,player_44d216ab-243f-4dec-86c3-f284dbe4180f@localhost,GrimTrigger,D,1,1,264,3234
554,player_cc508a77-8c2c-4094-8bf2-cd9f83d8d723@localhost,Random,D,player_44d216ab-243f-4dec-86c3-f284dbe4180f@localhost,GrimTrigger,D,1,1,265,3235
555,player_cc508a77-8c2c-4094-8bf2-cd9f83d8d723@localhost,Random,C,player_44d216ab-243f-4dec-86c3-f284dbe4180f@localhost,GrimTrigger,D,0,10,265,3245
556,player_cc508a77-8c2c-4094-8bf2-cd9f83d8d723@localhost,Random,C,player_44d216ab-243f-4dec-86c3-f284dbe4180f@localhost,GrimTrigger,D,0,10,265,3255
557,player_cc508a77-8c2c-4094-8bf2-cd9f83d8d723@localhost,Random,D,player_44d216ab-243f-4dec-86c3-f284dbe4180f@localhost,GrimTrigger,D,1,1,266,3256
558,player_cc508a77-8c2c-4094-8bf2-cd9f83d8d723@localhost,Random,C,player_44d216ab-243f-4dec-86c3-f284dbe4180f@localhost,GrimTrigger,D,0,10,266,3266
559,player_cc508a77-8c2c-4094-8bf2-cd9f83d8d723@localhost,Random,C,player_44d216ab-243f-4dec-86c3-f284dbe4180f@localhost,GrimTrigger,D,0,10,266,3276
560,player_cc508a77-8c2c-4094-8bf2-cd9f83d8d723@localhost,Random,C,player_44d216ab-243f-4dec-86c3-f284dbe4180f@localhost,GrimTrigger,D,0,10,266,3286
561,player_cc508a77-8c2c-4094-8bf2-cd9f83d8d723@localhost,Random,D,player_44d216ab-243f-4dec-86c3-f284dbe4180f@localhost,GrimTrigger,D,1,1,267,3287
562,player_cc508a77-8c2c-4094-8bf2-cd9f83d8d723@localhost,Random,D,player_44d216ab-243f-4dec-86c3-f284dbe4180f@localhost,GrimTrigger,D,1,1,268,3288
563,player_cc508a77-8c2c-4094-8bf2-cd9f83d8d723@localhost,Random,D,player_44d216ab-243f-4dec-86c3-f284dbe4180f@localhost,GrimTrigger,D,1,1,269,3289
564,player_cc508a77-8c2c-4094-8bf2-cd9f83d8d723@localhost,Random,C,player_44d216ab-243f-4dec-86c3-f284dbe4180f@localhost,GrimTrigger,D,0,10,269,3299
565,player_cc508a77-8c2c-4094-8bf2-cd9f83d8d723@localhost,Random,D,player_44d216ab-243f-4dec-86c3-f284dbe4180f@localhost,GrimTrigger,D,1,1,270,3300
566,player_cc508a77-8c2c-4094-8bf2-cd9f83d8d723@localhost,Random,C,player_44d216ab-243f-4dec-86c3-f284dbe4180f@localhost,GrimTrigger,D,0,10,270,3310
567,player_cc508a77-8c2c-4094-8bf2-cd9f83d8d723@localhost,Random,D,player_44d216ab-243f-4dec-86c3-f284dbe4180f@localhost,GrimTrigger,D,1,1,271,3311
568,player_cc508a77-8c2c-4094-8bf2-cd9f83d8d723@localhost,Random,C,player_44d216ab-243f-4dec-86c3-f284dbe4180f@localhost,GrimTrigger,D,0,10,271,3321
569,player_cc508a77-8c2c-4094-8bf2-cd9f83d8d723@localhost,Random,D,player_44d216ab-243f-4dec-86c3-f284dbe4180f@localhost,GrimTrigger,D,1,1,272,3322
570,player_cc508a77-8c2c-4094-8bf2-cd9f83d8d723@localhost,Random,C,player_44d216ab-243f-4dec-86c3-f284dbe4180f@localhost,GrimTrigger,D,0,10,272,3332
571,player_cc508a77-8c2c-4094-8bf2-cd9f83d8d723@localhost,Random,D,player_44d216ab-243f-4dec-86c3-f284dbe4180f@localhost,GrimTrigger,D,1,1,273,3333
572,player_cc508a77-8c2c-4094-8bf2-cd9f83d8d723@localhost,Random,D,player_44d216ab-243f-4dec-86c3-f284dbe4180f@localhost,GrimTrigger,D,1,1,274,3334
573,player_cc508a77-8c2c-4094-8bf2-cd9f83d8d723@localhost,Random,C,player_44d216ab-243f-4dec-86c3-f284dbe4180f@localhost,GrimTrigger,D,0,10,274,3344
574,player_cc508a77-8c2c-4094-8bf2-cd9f83d8d723@localhost,Random,D,player_44d216ab-243f-4dec-86c3-f284dbe4180f@localhost,GrimTrigger,D,1,1,275,3345
575,player_cc508a77-8c2c-4094-8bf2-cd9f83d8d723@localhost,Random,D,player_44d216ab-243f-4dec-86c3-f284dbe4180f@localhost,GrimTrigger,D,1,1,276,3346
576,player_cc508a77-8c2c-4094-8bf2-cd9f83d8d723@localhost,Random,D,player_44d216ab-243f-4dec-86c3-f284dbe4180f@localhost,GrimTrigger,D,1,1,277,3347
577,player_cc508a77-8c2c-4094-8bf2-cd9f83d8d723@localhost,Random,C,player_44d216ab-243f-4dec-86c3-f284dbe4180f@localhost,GrimTrigger,D,0,10,277,3357
578,player_cc508a77-8c2c-4094-8bf2-cd9f83d8d723@localhost,Random,C,player_44d216ab-243f-4dec-86c3-f284dbe4180f@localhost,GrimTrigger,D,0,10,277,3367
579,player_cc508a77-8c2c-4094-8bf2-cd9f83d8d723@localhost,Random,D,player_44d216ab-243f-4dec-86c3-f284dbe4180f@localhost,GrimTrigger,D,1,1,278,3368
580,player_cc508a77-8c2c-4094-8bf2-cd9f83d8d723@localhost,Random,D,player_44d216ab-243f-4dec-86c3-f284dbe4180f@localhost,GrimTrigger,D,1,1,279,3369
581,player_cc508a77-8c2c-4094-8bf2-cd9f83d8d723@localhost,Random,C,player_44d216ab-243f-4dec-86c3-f284dbe4180f@localhost,GrimTrigger,D,0,10,279,3379
582,player_cc508a77-8c2c-4094-8bf2-cd9f83d8d723@localhost,Random,C,player_44d216ab-243f-4dec-86c3-f284dbe4180f@localhost,GrimTrigger,D,0,10,279,3389
583,player_cc508a77-8c2c-4094-8bf2-cd9f83d8d723@localhost,Random,C,player_44d216ab-243f-4dec-86c3-f284dbe4180f@localhost,GrimTrigger,D,0,10,279,3399
584,player_cc508a77-8c2c-4094-8bf2-cd9f83d8d723@localhost,Random,C,player_44d216ab-243f-4dec-86c3-f284dbe4180f@localhost,GrimTrigger,D,0,10,279,3409
585,player_cc508a77-8c2c-4094-8bf2-cd9f83d8d723@localhost,Random,C,player_44d216ab-243f-4dec-86c3-f284dbe4180f@localhost,GrimTrigger,D,0,10,279,3419
586,player_cc508a77-8c2c-4094-8bf2-cd9f83d8d723@localhost,Random,C,player_44d216ab-243f-4dec-86c3-f284dbe4180f@localhost,GrimTrigger,D,0,10,279,3429
587,player_cc508a77-8c2c-4094-8bf2-cd9f83d8d723@localhost,Random,C,player_44d216ab-243f-4dec-86c3-f284dbe4180f@localhost,GrimTrigger,D,0,10,279,3439
588,player_cc508a77-8c2c-4094-8bf2-cd9f83d8d723@localhost,Random,D,player_44d216ab-243f-4dec-86c3-f284dbe4180f@localhost,GrimTrigger,D,1,1,280,3440
589,player_cc508a77-8c2c-4094-8bf2-cd9f83d8d723@localhost,Random,D,player_44d216ab-243f-4dec-86c3-f284dbe4180f@localhost,GrimTrigger,D,1,1,281,3441
590,player_cc508a77-8c2c-4094-8bf2-cd9f83d8d723@localhost,Random,D,player_44d216ab-243f-4dec-86c3-f284dbe4180f@localhost,GrimTrigger,D,1,1,282,3442
591,player_cc508a77-8c2c-4094-8bf2-cd9f83d8d723@localhost,Random,C,player_44d216ab-243f-4dec-86c3-f284dbe4180f@localhost,GrimTrigger,D,0,10,282,3452
592,player_cc508a77-8c2c-4094-8bf2-cd9f83d8d723@localhost,Random,D,player_44d216ab-243f-4dec-86c3-f284dbe4180f@localhost,GrimTrigger,D,1,1,283,3453
593,player_cc508a77-8c2c-4094-8bf2-cd9f83d8d723@localhost,Random,D,player_44d216ab-243f-4dec-86c3-f284dbe4180f@localhost,GrimTrigger,D,1,1,284,3454
594,player_cc508a77-8c2c-4094-8bf2-cd9f83d8d723@localhost,Random,D,player_44d216ab-243f-4dec-86c3-f284dbe4180f@localhost,GrimTrigger,D,1,1,285,3455
595,player_cc508a77-8c2c-4094-8bf2-cd9f83d8d723@localhost,Random,D,player_44d216ab-243f-4dec-86c3-f284dbe4180f@localhost,GrimTrigger,D,1,1,286,3456
596,player_cc508a77-8c2c-4094-8bf2-cd9f83d8d723@localhost,Random,C,player_44d216ab-243f-4dec-86c3-f284dbe4180f@localhost,GrimTrigger,D,0,10,286,3466
597,player_cc508a77-8c2c-4094-8bf2-cd9f83d8d723@localhost,Random,D,player_44d216ab-243f-4dec-86c3-f284dbe4180f@localhost,GrimTrigger,D,1,1,287,3467
598,player_cc508a77-8c2c-4094-8bf2-cd9f83d8d723@localhost,Random,C,player_44d216ab-243f-4dec-86c3-f284dbe4180f@localhost,GrimTrigger,D,0,10,287,3477
599,player_cc508a77-8c2c-4094-8bf2-cd9f83d8d723@localhost,Random,D,player_44d216ab-243f-4dec-86c3-f284dbe4180f@localhost,GrimTrigger,D,1,1,288,3478
600,player_cc508a77-8c2c-4094-8bf2-cd9f83d8d723@localhost,Random,D,player_44d216ab-243f-4dec-86c3-f284dbe4180f@localhost,GrimTrigger,D,1,1,289,3479
601,player_cc508a77-8c2c-4094-8bf2-cd9f83d8d723@localhost,Random,C,player_44d216ab-243f-4dec-86c3-f284dbe4180f@localhost,GrimTrigger,D,0,10,289,3489
602,player_cc508a77-8c2c-4094-8bf2-cd9f83d8d723@localhost,Random,D,player_44d216ab-243f-4dec-86c3-f284dbe4180f@localhost,GrimTrigger,D,1,1,290,3490
603,player_cc508a77-8c2c-4094-8bf2-cd9f83d8d723@localhost,Random,C,player_44d216ab-243f-4dec-86c3-f284dbe4180f@localhost,GrimTrigger,D,0,10,290,3500
604,player_cc508a77-8c2c-4094-8bf2-cd9f83d8d723@localhost,Random,D,player_44d216ab-243f-4dec-86c3-f284dbe4180f@localhost,GrimTrigger,D,1,1,291,3501
605,player_cc508a77-8c2c-4094-8bf2-cd9f83d8d723@localhost,Random,C,player_44d216ab-243f-4dec-86c3-f284dbe4180f@localhost,GrimTrigger,D,0,10,291,3511
606,player_cc508a77-8c2c-4094-8bf2-cd9f83d8d723@localhost,Random,D,player_44d216ab-243f-4dec-86c3-f284dbe4180f@localhost,GrimTrigger,D,1,1,292,3512
607,player_cc508a77-8c2c-4094-8bf2-cd9f83d8d723@localhost,Random,C,player_44d216ab-243f-4dec-86c3-f284dbe4180f@localhost,GrimTrigger,D,0,10,292,3522
608,player_cc508a77-8c2c-4094-8bf2-cd9f83d8d723@localhost,Random,D,player_44d216ab-243f-4dec-86c3-f284dbe4180f@localhost,GrimTrigger,D,1,1,293,3523
609,player_cc508a77-8c2c-4094-8bf2-cd9f83d8d723@localhost,Random,C,player_44d216ab-243f-4dec-86c3-f284dbe4180f@localhost,GrimTrigger,D,0,10,293,3533
610,player_cc508a77-8c2c-4094-8bf2-cd9f83d8d723@localhost,Random,D,player_44d216ab-243f-4dec-86c3-f284dbe4180f@localhost,GrimTrigger,D,1,1,294,3534
611,player_cc508a77-8c2c-4094-8bf2-cd9f83d8d723@localhost,Random,D,player_44d216ab-243f-4dec-86c3-f284dbe4180f@localhost,GrimTrigger,D,1,1,295,3535
612,player_cc508a77-8c2c-4094-8bf2-cd9f83d8d723@localhost,Random,D,player_44d216ab-243f-4dec-86c3-f284dbe4180f@localhost,GrimTrigger,D,1,1,296,3536
613,player_cc508a77-8c2c-4094-8bf2-cd9f83d8d723@localhost,Random,C,player_44d216ab-243f-4dec-86c3-f284dbe4180f@localhost,GrimTrigger,D,0,10,296,3546
614,player_cc508a77-8c2c-4094-8bf2-cd9f83d8d723@localhost,Random,C,player_44d216ab-243f-4dec-86c3-f284dbe4180f@localhost,GrimTrigger,D,0,10,296,3556
615,player_cc508a77-8c2c-4094-8bf2-cd9f83d8d723@localhost,Random,C,player_44d216ab-243f-4dec-86c3-f284dbe4180f@localhost,GrimTrigger,D,0,10,296,3566
616,player_cc508a77-8c2c-4094-8bf2-cd9f83d8d723@localhost,Random,D,player_44d216ab-243f-4dec-86c3-f284dbe4180f@localhost,GrimTrigger,D,1,1,297,3567
617,player_cc508a77-8c2c-4094-8bf2-cd9f83d8d723@localhost,Random,D,player_44d216ab-243f-4dec-86c3-f284dbe4180f@localhost,GrimTrigger,D,1,1,298,3568
618,player_cc508a77-8c2c-4094-8bf2-cd9f83d8d723@localhost,Random,C,player_44d216ab-243f-4dec-86c3-f284dbe4180f@localhost,GrimTrigger,D,0,10,298,3578
619,player_cc508a77-8c2c-4094-8bf2-cd9f83d8d723@localhost,Random,C,player_44d216ab-243f-4dec-86c3-f284dbe4180f@localhost,GrimTrigger,D,0,10,298,3588
620,player_cc508a77-8c2c-4094-8bf2-cd9f83d8d723@localhost,Random,D,player_44d216ab-243f-4dec-86c3-f284dbe4180f@localhost,GrimTrigger,D,1,1,299,3589
621,player_cc508a77-8c2c-4094-8bf2-cd9f83d8d723@localhost,Random,C,player_44d216ab-243f-4dec-86c3-f284dbe4180f@localhost,GrimTrigger,D,0,10,299,3599
622,player_cc508a77-8c2c-4094-8bf2-cd9f83d8d723@localhost,Random,D,player_44d216ab-243f-4dec-86c3-f284dbe4180f@localhost,GrimTrigger,D,1,1,300,3600
623,player_cc508a77-8c2c-4094-8bf2-cd9f83d8d723@localhost,Random,C,player_44d216ab-243f-4dec-86c3-f284dbe4180f@localhost,GrimTrigger,D,0,10,300,3610
624,player_cc508a77-8c2c-4094-8bf2-cd9f83d8d723@localhost,Random,C,player_44d216ab-243f-4dec-86c3-f284dbe4180f@localhost,GrimTrigger,D,0,10,300,3620
625,player_cc508a77-8c2c-4094-8bf2-cd9f83d8d723@localhost,Random,C,player_44d216ab-243f-4dec-86c3-f284dbe4180f@localhost,GrimTrigger,D,0,10,300,3630
626,player_cc508a77-8c2c-4094-8bf2-cd9f83d8d723@localhost,Random,C,player_44d216ab-243f-4dec-86c3-f284dbe4180f@localhost,GrimTrigger,D,0,10,300,3640
627,player_cc508a77-8c2c-4094-8bf2-cd9f83d8d723@localhost,Random,C,player_44d216ab-243f-4dec-86c3-f284dbe4180f@localhost,GrimTrigger,D,0,10,300,3650
628,player_cc508a77-8c2c-4094-8bf2-cd9f83d8d723@localhost,Random,C,player_44d216ab-243f-4dec-86c3-f284dbe4180f@localhost,GrimTrigger,D,0,10,300,3660
629,player_cc508a77-8c2c-4094-8bf2-cd9f83d8d723@localhost,Random,D,player_44d216ab-243f-4dec-86c3-f284dbe4180f@localhost,GrimTrigger,D,1,1,301,3661
630,player_cc508a77-8c2c-4094-8bf2-cd9f83d8d723@localhost,Random,D,player_44d216ab-243f-4dec-86c3-f284dbe4180f@localhost,GrimTrigger,D,1,1,302,3662
631,player_cc508a77-8c2c-4094-8bf2-cd9f83d8d723@localhost,Random,D,player_44d216ab-243f-4dec-86c3-f284dbe4180f@localhost,GrimTrigger,D,1,1,303,3663
632,player_cc508a77-8c2c-4094-8bf2-cd9f83d8d723@localhost,Random,D,player_44d216ab-243f-4dec-86c3-f284dbe4180f@localhost,GrimTrigger,D,1,1,304,3664
633,player_cc508a77-8c2c-4094-8bf2-cd9f83d8d723@localhost,Random,C,player_44d216ab-243f-4dec-86c3-f284dbe4180f@localhost,GrimTrigger,D,0,10,304,3674
634,player_cc508a77-8c2c-4094-8bf2-cd9f83d8d723@localhost,Random,D,player_44d216ab-243f-4dec-86c3-f284dbe4180f@localhost,GrimTrigger,D,1,1,305,3675
635,player_cc508a77-8c2c-4094-8bf2-cd9f83d8d723@localhost,Random,D,player_44d216ab-243f-4dec-86c3-f284dbe4180f@localhost,GrimTrigger,D,1,1,306,3676
636,player_cc508a77-8c2c-4094-8bf2-cd9f83d8d723@localhost,Random,D,player_44d216ab-243f-4dec-86c3-f284dbe4180f@localhost,GrimTrigger,D,1,1,307,3677
637,player_cc508a77-8c2c-4094-8bf2-cd9f83d8d723@localhost,Random,D,player_44d216ab-243f-4dec-86c3-f284dbe4180f@localhost,GrimTrigger,D,1,1,308,3678
638,player_cc508a77-8c2c-4094-8bf2-cd9f83d8d723@localhost,Random,D,player_44d216ab-243f-4dec-86c3-f284dbe4180f@localhost,GrimTrigger,D,1,1,309,3679
639,player_cc508a77-8c2c-4094-8bf2-cd9f83d8d723@localhost,Random,C,player_44d216ab-243f-4dec-86c3-f284dbe4180f@localhost,GrimTrigger,D,0,10,309,3689
640,player_cc508a77-8c2c-4094-8bf2-cd9f83d8d723@localhost,Random,D,player_44d216ab-243f-4dec-86c3-f284dbe4180f@localhost,GrimTrigger,D,1,1,310,3690
641,player_cc508a77-8c2c-4094-8bf2-cd9f83d8d723@localhost,Random,D,player_44d216ab-243f-4dec-86c3-f284dbe4180f@localhost,GrimTrigger,D,1,1,311,3691
642,player_cc508a77-8c2c-4094-8bf2-cd9f83d8d723@localhost,Random,D,player_44d216ab-243f-4dec-86c3-f284dbe4180f@localhost,GrimTrigger,D,1,1,312,3692
643,player_cc508a77-8c2c-4094-8bf2-cd9f83d8d723@localhost,Random,C,player_44d216ab-243f-4dec-86c3-f284dbe4180f@localhost,GrimTrigger,D,0,10,312,3702
644,player_cc508a77-8c2c-4094-8bf2-cd9f83d8d723@localhost,Random,C,player_44d216ab-243f-4dec-86c3-f284dbe4180f@localhost,GrimTrigger,D,0,10,312,3712
645,player_cc508a77-8c2c-4094-8bf2-cd9f83d8d723@localhost,Random,D,player_44d216ab-243f-4dec-86c3-f284dbe4180f@localhost,GrimTrigger,D,1,1,313,3713
646,player_cc508a77-8c2c-4094-8bf2-cd9f83d8d723@localhost,Random,C,player_44d216ab-243f-4dec-86c3-f284dbe4180f@localhost,GrimTrigger,D,0,10,313,3723
647,player_cc508a77-8c2c-4094-8bf2-cd9f83d8d723@localhost,Random,C,player_44d216ab-243f-4dec-86c3-f284dbe4180f@localhost,GrimTrigger,D,0,10,313,3733
648,player_cc508a77-8c2c-4094-8bf2-cd9f83d8d723@localhost,Random,C,player_44d216ab-243f-4dec-86c3-f284dbe4180f@localhost,GrimTrigger,D,0,10,313,3743
649,player_cc508a77-8c2c-4094-8bf2-cd9f83d8d723@localhost,Random,C,player_44d216ab-243f-4dec-86c3-f284dbe4180f@localhost,GrimTrigger,D,0,10,313,3753
650,player_cc508a77-8c2c-4094-8bf2-cd9f83d8d723@localhost,Random,D,player_44d216ab-243f-4dec-86c3-f284dbe4180f@localhost,GrimTrigger,D,1,1,314,3754
651,player_cc508a77-8c2c-4094-8bf2-cd9f83d8d723@localhost,Random,D,player_44d216ab-243f-4dec-86c3-f284dbe4180f@localhost,GrimTrigger,D,1,1,315,3755
652,player_cc508a77-8c2c-4094-8bf2-cd9f83d8d723@localhost,Random,C,player_44d216ab-243f-4dec-86c3-f284dbe4180f@localhost,GrimTrigger,D,0,10,315,3765
653,player_cc508a77-8c2c-4094-8bf2-cd9f83d8d723@localhost,Random,C,player_44d216ab-243f-4dec-86c3-f284dbe4180f@localhost,GrimTrigger,D,0,10,315,3775
654,player_cc508a77-8c2c-4094-8bf2-cd9f83d8d723@localhost,Random,C,player_44d216ab-243f-4dec-86c3-f284dbe4180f@localhost,GrimTrigger,D,0,10,315,3785
655,player_cc508a77-8c2c-4094-8bf2-cd9f83d8d723@localhost,Random,C,player_44d216ab-243f-4dec-86c3-f284dbe4180f@localhost,GrimTrigger,D,0,10,315,3795
656,player_cc508a77-8c2c-4094-8bf2-cd9f83d8d723@localhost,Random,C,player_44d216ab-243f-4dec-86c3-f284dbe4180f@localhost,GrimTrigger,D,0,10,315,3805
657,player_cc508a77-8c2c-4094-8bf2-cd9f83d8d723@localhost,Random,C,player_44d216ab-243f-4dec-86c3-f284dbe4180f@localhost,GrimTrigger,D,0,10,315,3815
658,player_cc508a77-8c2c-4094-8bf2-cd9f83d8d723@localhost,Random,C,player_44d216ab-243f-4dec-86c3-f284dbe4180f@localhost,GrimTrigger,D,0,10,315,3825
659,player_cc508a77-8c2c-4094-8bf2-cd9f83d8d723@localhost,Random,C,player_44d216ab-243f-4dec-86c3-f284dbe4180f@localhost,GrimTrigger,D,0,10,315,3835
660,player_cc508a77-8c2c-4094-8bf2-cd9f83d8d723@localhost,Random,C,player_44d216ab-243f-4dec-86c3-f284dbe4180f@localhost,GrimTrigger,D,0,10,315,3845
661,player_cc508a77-8c2c-4094-8bf2-cd9f83d8d723@localhost,Random,D,player_44d216ab-243f-4dec-86c3-f284dbe4180f@localhost,GrimTrigger,D,1,1,316,3846
662,player_cc508a77-8c2c-4094-8bf2-cd9f83d8d723@localhost,Random,C,player_44d216ab-243f-4dec-86c3-f284dbe4180f@localhost,GrimTrigger,D,0,10,316,3856
663,player_cc508a77-8c2c-4094-8bf2-cd9f83d8d723@localhost,Random,C,player_44d216ab-243f-4dec-86c3-f284dbe4180f@localhost,GrimTrigger,D,0,10,316,3866
664,player_cc508a77-8c2c-4094-8bf2-cd9f83d8d723@localhost,Random,C,player_44d216ab-243f-4dec-86c3-f284dbe4180f@localhost,GrimTrigger,D,0,10,316,3876
665,player_cc508a77-8c2c-4094-8bf2-cd9f83d8d723@localhost,Random,D,player_44d216ab-243f-4dec-86c3-f284dbe4180f@localhost,GrimTrigger,D,1,1,317,3877
666,player_cc508a77-8c2c-4094-8bf2-cd9f83d8d723@localhost,Random,D,player_44d216ab-243f-4dec-86c3-f284dbe4180f@localhost,GrimTrigger,D,1,1,318,3878
667,player_cc508a77-8c2c-4094-8bf2-cd9f83d8d723@localhost,Random,D,player_44d216ab-243f-4dec-86c3-f284dbe4180f@localhost,GrimTrigger,D,1,1,319,3879
668,player_cc508a77-8c2c-4094-8bf2-cd9f83d8d723@localhost,Random,C,player_44d216ab-243f-4dec-86c3-f284dbe4180f@localhost,GrimTrigger,D,0,10,319,3889
669,player_cc508a77-8c2c-4094-8bf2-cd9f83d8d723@localhost,Random,C,player_44d216ab-243f-4dec-86c3-f284dbe4180f@localhost,GrimTrigger,D,0,10,319,3899
670,player_cc508a77-8c2c-4094-8bf2-cd9f83d8d723@localhost,Random,D,player_44d216ab-243f-4dec-86c3-f284dbe4180f@localhost,GrimTrigger,D,1,1,320,3900
671,player_cc508a77-8c2c-4094-8bf2-cd9f83d8d723@localhost,Random,D,player_44d216ab-243f-4dec-86c3-f284dbe4180f@localhost,GrimTrigger,D,1,1,321,3901
672,player_cc508a77-8c2c-4094-8bf2-cd9f83d8d723@localhost,Random,D,player_44d216ab-243f-4dec-86c3-f284dbe4180f@localhost,GrimTrigger,D,1,1,322,3902
673,player_cc508a77-8c2c-4094-8bf2-cd9f83d8d723@localhost,Random,D,player_44d216ab-243f-4dec-86c3-f284dbe4180f@localhost,GrimTrigger,D,1,1,323,3903
674,player_cc508a77-8c2c-4094-8bf2-cd9f83d8d723@localhost,Random,D,player_44d216ab-243f-4dec-86c3-f284dbe4180f@localhost,GrimTrigger,D,1,1,324,3904
675,player_cc508a77-8c2c-4094-8bf2-cd9f83d8d723@localhost,Random,D,player_44d216ab-243f-4dec-86c3-f284dbe4180f@localhost,GrimTrigger,D,1,1,325,3905
676,player_cc508a77-8c2c-4094-8bf2-cd9f83d8d723@localhost,Random,C,player_44d216ab-243f-4dec-86c3-f284dbe4180f@localhost,GrimTrigger,D,0,10,325,3915
677,player_cc508a77-8c2c-4094-8bf2-cd9f83d8d723@localhost,Random,C,player_44d216ab-243f-4dec-86c3-f284dbe4180f@localhost,GrimTrigger,D,0,10,325,3925
678,player_cc508a77-8c2c-4094-8bf2-cd9f83d8d723@localhost,Random,D,player_44d216ab-243f-4dec-86c3-f284dbe4180f@localhost,GrimTrigger,D,1,1,326,3926
679,player_cc508a77-8c2c-4094-8bf2-cd9f83d8d723@localhost,Random,D,player_44d216ab-243f-4dec-86c3-f284dbe4180f@localhost,GrimTrigger,D,1,1,327,3927
680,player_cc508a77-8c2c-4094-8bf2-cd9f83d8d723@localhost,Random,D,player_44d216ab-243f-4dec-86c3-f284dbe4180f@localhost,GrimTrigger,D,1,1,328,3928
681,player_cc508a77-8c2c-4094-8bf2-cd9f83d8d723@localhost,Random,C,player_44d216ab-243f-4dec-86c3-f284dbe4180f@localhost,GrimTrigger,D,0,10,328,3938
682,player_cc508a77-8c2c-4094-8bf2-cd9f83d8d723@localhost,Random,C,player_44d216ab-243f-4dec-86c3-f284dbe4180f@localhost,GrimTrigger,D,0,10,328,3948
683,player_cc508a77-8c2c-4094-8bf2-cd9f83d8d723@localhost,Random,D,player_44d216ab-243f-4dec-86c3-f284dbe4180f@localhost,GrimTrigger,D,1,1,329,3949
684,player_cc508a77-8c2c-4094-8bf2-cd9f83d8d723@localhost,Random,D,player_44d216ab-243f-4dec-86c3-f284dbe4180f@localhost,GrimTrigger,D,1,1,330,3950
685,player_cc508a77-8c2c-4094-8bf2-cd9f83d8d723@localhost,Random,D,player_44d216ab-243f-4dec-86c3-f284dbe4180f@localhost,GrimTrigger,D,1,1,331,3951
686,player_cc508a77-8c2c-4094-8bf2-cd9f83d8d723@localhost,Random,C,player_44d216ab-243f-4dec-86c3-f284dbe4180f@localhost,GrimTrigger,D,0,10,331,3961
687,player_cc508a77-8c2c-4094-8bf2-cd9f83d8d723@localhost,Random,C,player_44d216ab-243f-4dec-86c3-f284dbe4180f@localhost,GrimTrigger,D,0,10,331,3971
688,player_cc508a77-8c2c-4094-8bf2-cd9f83d8d723@localhost,Random,D,player_44d216ab-243f-4dec-86c3-f284dbe4180f@localhost,GrimTrigger,D,1,1,332,3972
689,player_cc508a77-8c2c-4094-8bf2-cd9f83d8d723@localhost,Random,D,player_44d216ab-243f-4dec-86c3-f284dbe4180f@localhost,GrimTrigger,D,1,1,333,3973
690,player_cc508a77-8c2c-4094-8bf2-cd9f83d8d723@localhost,Random,D,player_44d216ab-243f-4dec-86c3-f284dbe4180f@localhost,GrimTrigger,D,1,1,334,3974
691,player_cc508a77-8c2c-4094-8bf2-cd9f83d8d723@localhost,Random,D,player_44d216ab-243f-4dec-86c3-f284dbe4180f@localhost,GrimTrigger,D,1,1,335,3975
692,player_cc508a77-8c2c-4094-8bf2-cd9f83d8d723@localhost,Random,C,player_44d216ab-243f-4dec-86c3-f284dbe4180f@localhost,GrimTrigger,D,0,10,335,3985
693,player_cc508a77-8c2c-4094-8bf2-cd9f83d8d723@localhost,Random,D,player_44d216ab-243f-4dec-86c3-f284dbe4180f@localhost,GrimTrigger,D,1,1,336,3986
694,player_cc508a77-8c2c-4094-8bf2-cd9f83d8d723@localhost,Random,D,player_44d216ab-243f-4dec-86c3-f284dbe4180f@localhost,GrimTrigger,D,1,1,337,3987
695,player_cc508a77-8c2c-4094-8bf2-cd9f83d8d723@localhost,Random,C,player_44d216ab-243f-4dec-86c3-f284dbe4180f@localhost,GrimTrigger,D,0,10,337,3997
696,player_cc508a77-8c2c-4094-8bf2-cd9f83d8d723@localhost,Random,D,player_44d216ab-243f-4dec-86c3-f284dbe4180f@localhost,GrimTrigger,D,1,1,338,3998
697,player_cc508a77-8c2c-4094-8bf2-cd9f83d8d723@localhost,Random,D,player_44d216ab-243f-4dec-86c3-f284dbe4180f@localhost,GrimTrigger,D,1,1,339,3999
698,player_cc508a77-8c2c-4094-8bf2-cd9f83d8d723@localhost,Random,C,player_44d216ab-243f-4dec-86c3-f284dbe4180f@localhost,GrimTrigger,D,0,10,339,4009
699,player_cc508a77-8c2c-4094-8bf2-cd9f83d8d723@localhost,Random,C,player_44d216ab-243f-4dec-86c3-f284dbe4180f@localhost,GrimTrigger,D,0,10,339,4019
700,player_cc508a77-8c2c-4094-8bf2-cd9f83d8d723@localhost,Random,C,player_44d216ab-243f-4dec-86c3-f284dbe4180f@localhost,GrimTrigger,D,0,10,339,4029
701,player_cc508a77-8c2c-4094-8bf2-cd9f83d8d723@localhost,Random,D,player_44d216ab-243f-4dec-86c3-f284dbe4180f@localhost,GrimTrigger,D,1,1,340,4030
702,player_cc508a77-8c2c-4094-8bf2-cd9f83d8d723@localhost,Random,C,player_44d216ab-243f-4dec-86c3-f284dbe4180f@localhost,GrimTrigger,D,0,10,340,4040
703,player_cc508a77-8c2c-4094-8bf2-cd9f83d8d723@localhost,Random,D,player_44d216ab-243f-4dec-86c3-f284dbe4180f@localhost,GrimTrigger,D,1,1,341,4041
704,player_cc508a77-8c2c-4094-8bf2-cd9f83d8d723@localhost,Random,C,player_44d216ab-243f-4dec-86c3-f284dbe4180f@localhost,GrimTrigger,D,0,10,341,4051
705,player_cc508a77-8c2c-4094-8bf2-cd9f83d8d723@localhost,Random,C,player_44d216ab-243f-4dec-86c3-f284dbe4180f@localhost,GrimTrigger,D,0,10,341,4061
706,player_cc508a77-8c2c-4094-8bf2-cd9f83d8d723@localhost,Random,D,player_44d216ab-243f-4dec-86c3-f284dbe4180f@localhost,GrimTrigger,D,1,1,342,4062
707,player_cc508a77-8c2c-4094-8bf2-cd9f83d8d723@localhost,Random,D,player_44d216ab-243f-4dec-86c3-f284dbe4180f@localhost,GrimTrigger,D,1,1,343,4063
708,player_cc508a77-8c2c-4094-8bf2-cd9f83d8d723@localhost,Random,C,player_44d216ab-243f-4dec-86c3-f284dbe4180f@localhost,GrimTrigger,D,0,10,343,4073
709,player_cc508a77-8c2c-4094-8bf2-cd9f83d8d723@localhost,Random,C,player_44d216ab-243f-4dec-86c3-f284dbe4180f@localhost,GrimTrigger,D,0,10,343,4083
710,player_cc508a77-8c2c-4094-8bf2-cd9f83d8d723@localhost,Random,D,player_44d216ab-243f-4dec-86c3-f284dbe4180f@localhost,GrimTrigger,D,1,1,344,4084
711,player_cc508a77-8c2c-4094-8bf2-cd9f83d8d723@localhost,Random,D,player_44d216ab-243f-4dec-86c3-f284dbe4180f@localhost,GrimTrigger,D,1,1,345,4085
712,player_cc508a77-8c2c-4094-8bf2-cd9f83d8d723@localhost,Random,D,player_44d216ab-243f-4dec-86c3-f284dbe4180f@localhost,GrimTrigger,D,1,1,346,4086
713,player_cc508a77-8c2c-4094-8bf2-cd9f83d8d723@localhost,Random,C,player_44d216ab-243f-4dec-86c3-f284dbe4180f@localhost,GrimTrigger,D,0,10,346,4096
714,player_cc508a77-8c2c-4094-8bf2-cd9f83d8d723@localhost,Random,C,player_44d216ab-243f-4dec-86c3-f284dbe4180f@localhost,GrimTrigger,D,0,10,346,4106
715,player_cc508a77-8c2c-4094-8bf2-cd9f83d8d723@localhost,Random,D,player_44d216ab-243f-4dec-86c3-f284dbe4180f@localhost,GrimTrigger,D,1,1,347,4107
716,player_cc508a77-8c2c-4094-8bf2-cd9f83d8d723@localhost,Random,D,player_44d216ab-243f-4dec-86c3-f284dbe4180f@localhost,GrimTrigger,D,1,1,348,4108
717,player_cc508a77-8c2c-4094-8bf2-cd9f83d8d723@localhost,Random,D,player_44d216ab-243f-4dec-86c3-f284dbe4180f@localhost,GrimTrigger,D,1,1,349,4109
718,player_cc508a77-8c2c-4094-8bf2-cd9f83d8d723@localhost,Random,C,player_44d216ab-243f-4dec-86c3-f284dbe4180f@localhost,GrimTrigger,D,0,10,349,4119
719,player_cc508a77-8c2c-4094-8bf2-cd9f83d8d723@localhost,Random,C,player_44d216ab-243f-4dec-86c3-f284dbe4180f@localhost,GrimTrigger,D,0,10,349,4129
720,player_cc508a77-8c2c-4094-8bf2-cd9f83d8d723@localhost,Random,C,player_44d216ab-243f-4dec-86c3-f284dbe4180f@localhost,GrimTrigger,D,0,10,349,4139
721,player_cc508a77-8c2c-4094-8bf2-cd9f83d8d723@localhost,Random,D,player_44d216ab-243f-4dec-86c3-f284dbe4180f@localhost,GrimTrigger,D,1,1,350,4140
722,player_cc508a77-8c2c-4094-8bf2-cd9f83d8d723@localhost,Random,C,player_44d216ab-243f-4dec-86c3-f284dbe4180f@localhost,GrimTrigger,D,0,10,350,4150
723,player_cc508a77-8c2c-4094-8bf2-cd9f83d8d723@localhost,Random,C,player_44d216ab-243f-4dec-86c3-f284dbe4180f@localhost,GrimTrigger,D,0,10,350,4160
724,player_cc508a77-8c2c-4094-8bf2-cd9f83d8d723@localhost,Random,D,player_44d216ab-243f-4dec-86c3-f284dbe4180f@localhost,GrimTrigger,D,1,1,351,4161
725,player_cc508a77-8c2c-4094-8bf2-cd9f83d8d723@localhost,Random,C,player_44d216ab-243f-4dec-86c3-f284dbe4180f@localhost,GrimTrigger,D,0,10,351,4171
726,player_cc508a77-8c2c-4094-8bf2-cd9f83d8d723@localhost,Random,C,player_44d216ab-243f-4dec-86c3-f284dbe4180f@localhost,GrimTrigger,D,0,10,351,4181
727,player_cc508a77-8c2c-4094-8bf2-cd9f83d8d723@localhost,Random,D,player_44d216ab-243f-4dec-86c3-f284dbe4180f@localhost,GrimTrigger,D,1,1,352,4182
728,player_cc508a77-8c2c-4094-8bf2-cd9f83d8d723@localhost,Random,C,player_44d216ab-243f-4dec-86c3-f284dbe4180f@localhost,GrimTrigger,D,0,10,352,4192
729,player_cc508a77-8c2c-4094-8bf2-cd9f83d8d723@localhost,Random,C,player_44d216ab-243f-4dec-86c3-f284dbe4180f@localhost,GrimTrigger,D,0,10,352,4202
730,player_cc508a77-8c2c-4094-8bf2-cd9f83d8d723@localhost,Random,D,player_44d216ab-243f-4dec-86c3-f284dbe4180f@localhost,GrimTrigger,D,1,1,353,4203
731,player_cc508a77-8c2c-4094-8bf2-cd9f83d8d723@localhost,Random,D,player_44d216ab-243f-4dec-86c3-f284dbe4180f@localhost,GrimTrigger,D,1,1,354,4204
732,player_cc508a77-8c2c-4094-8bf2-cd9f83d8d723@localhost,Random,D,player_44d216ab-243f-4dec-86c3-f284dbe4180f@localhost,GrimTrigger,D,1,1,355,4205
733,player_cc508a77-8c2c-4094-8bf2-cd9f83d8d723@localhost,Random,C,player_44d216ab-243f-4dec-86c3-f284dbe4180f@localhost,GrimTrigger,D,0,10,355,4215
734,player_cc508a77-8c2c-4094-8bf2-cd9f83d8d723@localhost,Random,D,player_44d216ab-243f-4dec-86c3-f284dbe4180f@localhost,GrimTrigger,D,1,1,356,4216
735,player_cc508a77-8c2c-4094-8bf2-cd9f83d8d723@localhost,Random,C,player_44d216ab-243f-4dec-86c3-f284dbe4180f@localhost,GrimTrigger,D,0,10,356,4226
736,player_cc508a77-8c2c-4094-8bf2-cd9f83d8d723@localhost,Random,D,player_44d216ab-243f-4dec-86c3-f284dbe4180f@localhost,GrimTrigger,D,1,1,357,4227
737,player_cc508a77-8c2c-4094-8bf2-cd9f83d8d723@localhost,Random,D,player_44d216ab-243f-4dec-86c3-f284dbe4180f@localhost,GrimTrigger,D,1,1,358,4228
738,player_cc508a77-8c2c-4094-8bf2-cd9f83d8d723@localhost,Random,D,player_44d216ab-243f-4dec-86c3-f284dbe4180f@localhost,GrimTrigger,D,1,1,359,4229
739,player_cc508a77-8c2c-4094-8bf2-cd9f83d8d723@localhost,Random,D,player_44d216ab-243f-4dec-86c3-f284dbe4180f@localhost,GrimTrigger,D,1,1,360,4230
740,player_cc508a77-8c2c-4094-8bf2-cd9f83d8d723@localhost,Random,D,player_44d216ab-243f-4dec-86c3-f284dbe4180f@localhost,GrimTrigger,D,1,1,361,4231
741,player_cc508a77-8c2c-4094-8bf2-cd9f83d8d723@localhost,Random,D,player_44d216ab-243f-4dec-86c3-f284dbe4180f@localhost,GrimTrigger,D,1,1,362,4232
742,player_cc508a77-8c2c-4094-8bf2-cd9f83d8d723@localhost,Random,D,player_44d216ab-243f-4dec-86c3-f284dbe4180f@localhost,GrimTrigger,D,1,1,363,4233
743,player_cc508a77-8c2c-4094-8bf2-cd9f83d8d723@localhost,Random,C,player_44d216ab-243f-4dec-86c3-f284dbe4180f@localhost,GrimTrigger,D,0,10,363,4243
744,player_cc508a77-8c2c-4094-8bf2-cd9f83d8d723@localhost,Random,D,player_44d216ab-243f-4dec-86c3-f284dbe4180f@localhost,GrimTrigger,D,1,1,364,4244
745,player_cc508a77-8c2c-4094-8bf2-cd9f83d8d723@localhost,Random,C,player_44d216ab-243f-4dec-86c3-f284dbe4180f@localhost,GrimTrigger,D,0,10,364,4254
746,player_cc508a77-8c2c-4094-8bf2-cd9f83d8d723@localhost,Random,C,player_44d216ab-243f-4dec-86c3-f284dbe4180f@localhost,GrimTrigger,D,0,10,364,4264
747,player_cc508a77-8c2c-4094-8bf2-cd9f83d8d723@localhost,Random,D,player_44d216ab-243f-4dec-86c3-f284dbe4180f@localhost,GrimTrigger,D,1,1,365,4265
748,player_cc508a77-8c2c-4094-8bf2-cd9f83d8d723@localhost,Random,D,player_44d216ab-243f-4dec-86c3-f284dbe4180f@localhost,GrimTrigger,D,1,1,366,4266
749,player_cc508a77-8c2c-4094-8bf2-cd9f83d8d723@localhost,Random,C,player_44d216ab-243f-4dec-86c3-f284dbe4180f@localhost,GrimTrigger,D,0,10,366,4276
750,player_cc508a77-8c2c-4094-8bf2-cd9f83d8d723@localhost,Random,D,player_44d216ab-243f-4dec-86c3-f284dbe4180f@localhost,GrimTrigger,D,1,1,367,4277
751,player_cc508a77-8c2c-4094-8bf2-cd9f83d8d723@localhost,Random,C,player_44d216ab-243f-4dec-86c3-f284dbe4180f@localhost,GrimTrigger,D,0,10,367,4287
752,player_cc508a77-8c2c-4094-8bf2-cd9f83d8d723@localhost,Random,C,player_44d216ab-243f-4dec-86c3-f284dbe4180f@localhost,GrimTrigger,D,0,10,367,4297
753,player_cc508a77-8c2c-4094-8bf2-cd9f83d8d723@localhost,Random,C,player_44d216ab-243f-4dec-86c3-f284dbe4180f@localhost,GrimTrigger,D,0,10,367,4307
754,player_cc508a77-8c2c-4094-8bf2-cd9f83d8d723@localhost,Random,D,player_44d216ab-243f-4dec-86c3-f284dbe4180f@localhost,GrimTrigger,D,1,1,368,4308
755,player_cc508a77-8c2c-4094-8bf2-cd9f83d8d723@localhost,Random,C,player_44d216ab-243f-4dec-86c3-f284dbe4180f@localhost,GrimTrigger,D,0,10,368,4318
756,player_cc508a77-8c2c-4094-8bf2-cd9f83d8d723@localhost,Random,D,player_44d216ab-243f-4dec-86c3-f284dbe4180f@localhost,GrimTrigger,D,1,1,369,4319
757,player_cc508a77-8c2c-4094-8bf2-cd9f83d8d723@localhost,Random,D,player_44d216ab-243f-4dec-86c3-f284dbe4180f@localhost,GrimTrigger,D,1,1,370,4320
758,player_cc508a77-8c2c-4094-8bf2-cd9f83d8d723@localhost,Random,C,player_44d216ab-243f-4dec-86c3-f284dbe4180f@localhost,GrimTrigger,D,0,10,370,4330
759,player_cc508a77-8c2c-4094-8bf2-cd9f83d8d723@localhost,Random,D,player_44d216ab-243f-4dec-86c3-f284dbe4180f@localhost,GrimTrigger,D,1,1,371,4331
760,player_cc508a77-8c2c-4094-8bf2-cd9f83d8d723@localhost,Random,D,player_44d216ab-243f-4dec-86c3-f284dbe4180f@localhost,GrimTrigger,D,1,1,372,4332
761,player_cc508a77-8c2c-4094-8bf2-cd9f83d8d723@localhost,Random,C,player_44d216ab-243f-4dec-86c3-f284dbe4180f@localhost,GrimTrigger,D,0,10,372,4342
762,player_cc508a77-8c2c-4094-8bf2-cd9f83d8d723@localhost,Random,D,player_44d216ab-243f-4dec-86c3-f284dbe4180f@localhost,GrimTrigger,D,1,1,373,4343
763,player_cc508a77-8c2c-4094-8bf2-cd9f83d8d723@localhost,Random,D,player_44d216ab-243f-4dec-86c3-f284dbe4180f@localhost,GrimTrigger,D,1,1,374,4344
764,player_cc508a77-8c2c-4094-8bf2-cd9f83d8d723@localhost,Random,C,player_44d216ab-243f-4dec-86c3-f284dbe4180f@localhost,GrimTrigger,D,0,10,374,4354
765,player_cc508a77-8c2c-4094-8bf2-cd9f83d8d723@localhost,Random,D,player_44d216ab-243f-4dec-86c3-f284dbe4180f@localhost,GrimTrigger,D,1,1,375,4355
766,player_cc508a77-8c2c-4094-8bf2-cd9f83d8d723@localhost,Random,D,player_44d216ab-243f-4dec-86c3-f284dbe4180f@localhost,GrimTrigger,D,1,1,376,4356
767,player_cc508a77-8c2c-4094-8bf2-cd9f83d8d723@localhost,Random,C,player_44d216ab-243f-4dec-86c3-f284dbe4180f@localhost,GrimTrigger,D,0,10,376,4366
768,player_cc508a77-8c2c-4094-8bf2-cd9f83d8d723@localhost,Random,C,player_44d216ab-243f-4dec-86c3-f284dbe4180f@localhost,GrimTrigger,D,0,10,376,4376
769,player_cc508a77-8c2c-4094-8bf2-cd9f83d8d723@localhost,Random,C,player_44d216ab-243f-4dec-86c3-f284dbe4180f@localhost,GrimTrigger,D,0,10,376,4386
770,player_cc508a77-8c2c-4094-8bf2-cd9f83d8d723@localhost,Random,D,player_44d216ab-243f-4dec-86c3-f284dbe4180f@localhost,GrimTrigger,D,1,1,377,4387
771,player_cc508a77-8c2c-4094-8bf2-cd9f83d8d723@localhost,Random,C,player_44d216ab-243f-4dec-86c3-f284dbe4180f@localhost,GrimTrigger,D,0,10,377,4397
772,player_cc508a77-8c2c-4094-8bf2-cd9f83d8d723@localhost,Random,C,player_44d216ab-243f-4dec-86c3-f284dbe4180f@localhost,GrimTrigger,D,0,10,377,4407
773,player_cc508a77-8c2c-4094-8bf2-cd9f83d8d723@localhost,Random,D,player_44d216ab-243f-4dec-86c3-f284dbe4180f@localhost,GrimTrigger,D,1,1,378,4408
774,player_cc508a77-8c2c-4094-8bf2-cd9f83d8d723@localhost,Random,D,player_44d216ab-243f-4dec-86c3-f284dbe4180f@localhost,GrimTrigger,D,1,1,379,4409
775,player_cc508a77-8c2c-4094-8bf2-cd9f83d8d723@localhost,Random,C,player_44d216ab-243f-4dec-86c3-f284dbe4180f@localhost,GrimTrigger,D,0,10,379,4419
776,player_cc508a77-8c2c-4094-8bf2-cd9f83d8d723@localhost,Random,C,player_44d216ab-243f-4dec-86c3-f284dbe4180f@localhost,GrimTrigger,D,0,10,379,4429
777,player_cc508a77-8c2c-4094-8bf2-cd9f83d8d723@localhost,Random,C,player_44d216ab-243f-4dec-86c3-f284dbe4180f@localhost,GrimTrigger,D,0,10,379,4439
778,player_cc508a77-8c2c-4094-8bf2-cd9f83d8d723@localhost,Random,D,player_44d216ab-243f-4dec-86c3-f284dbe4180f@localhost,GrimTrigger,D,1,1,380,4440
779,player_cc508a77-8c2c-4094-8bf2-cd9f83d8d723@localhost,Random,D,player_44d216ab-243f-4dec-86c3-f284dbe4180f@localhost,GrimTrigger,D,1,1,381,4441
780,player_cc508a77-8c2c-4094-8bf2-cd9f83d8d723@localhost,Random,C,player_44d216ab-243f-4dec-86c3-f284dbe4180f@localhost,GrimTrigger,D,0,10,381,4451
781,player_cc508a77-8c2c-4094-8bf2-cd9f83d8d723@localhost,Random,D,player_44d216ab-243f-4dec-86c3-f284dbe4180f@localhost,GrimTrigger,D,1,1,382,4452
782,player_cc508a77-8c2c-4094-8bf2-cd9f83d8d723@localhost,Random,C,player_44d216ab-243f-4dec-86c3-f284dbe4180f@localhost,GrimTrigger,D,0,10,382,4462
783,player_cc508a77-8c2c-4094-8bf2-cd9f83d8d723@localhost,Random,D,player_44d216ab-243f-4dec-86c3-f284dbe4180f@localhost,GrimTrigger,D,1,1,383,4463
784,player_cc508a77-8c2c-4094-8bf2-cd9f83d8d723@localhost,Random,C,player_44d216ab-243f-4dec-86c3-f284dbe4180f@localhost,GrimTrigger,D,0,10,383,4473
785,player_cc508a77-8c2c-4094-8bf2-cd9f83d8d723@localhost,Random,D,player_44d216ab-243f-4dec-86c3-f284dbe4180f@localhost,GrimTrigger,D,1,1,384,4474
786,player_cc508a77-8c2c-4094-8bf2-cd9f83d8d723@localhost,Random,D,player_44d216ab-243f-4dec-86c3-f284dbe4180f@localhost,GrimTrigger,D,1,1,385,4475
787,player_cc508a77-8c2c-4094-8bf2-cd9f83d8d723@localhost,Random,C,player_44d216ab-243f-4dec-86c3-f284dbe4180f@localhost,GrimTrigger,D,0,10,385,4485
788,player_cc508a77-8c2c-4094-8bf2-cd9f83d8d723@localhost,Random,C,player_44d216ab-243f-4dec-86c3-f284dbe4180f@localhost,GrimTrigger,D,0,10,385,4495
789,player_cc508a77-8c2c-4094-8bf2-cd9f83d8d723@localhost,Random,D,player_44d216ab-243f-4dec-86c3-f284dbe4180f@localhost,GrimTrigger,D,1,1,386,4496
790,player_cc508a77-8c2c-4094-8bf2-cd9f83d8d723@localhost,Random,C,player_44d216ab-243f-4dec-86c3-f284dbe4180f@localhost,GrimTrigger,D,0,10,386,4506
791,player_cc508a77-8c2c-4094-8bf2-cd9f83d8d723@localhost,Random,C,player_44d216ab-243f-4dec-86c3-f284dbe4180f@localhost,GrimTrigger,D,0,10,386,4516
792,player_cc508a77-8c2c-4094-8bf2-cd9f83d8d723@localhost,Random,D,player_44d216ab-243f-4dec-86c3-f284dbe4180f@localhost,GrimTrigger,D,1,1,387,4517
793,player_cc508a77-8c2c-4094-8bf2-cd9f83d8d723@localhost,Random,C,player_44d216ab-243f-4dec-86c3-f284dbe4180f@localhost,GrimTrigger,D,0,10,387,4527
794,player_cc508a77-8c2c-4094-8bf2-cd9f83d8d723@localhost,Random,C,player_44d216ab-243f-4dec-86c3-f284dbe4180f@localhost,GrimTrigger,D,0,10,387,4537
795,player_cc508a77-8c2c-4094-8bf2-cd9f83d8d723@localhost,Random,C,player_44d216ab-243f-4dec-86c3-f284dbe4180f@localhost,GrimTrigger,D,0,10,387,4547
796,player_cc508a77-8c2c-4094-8bf2-cd9f83d8d723@localhost,Random,D,player_44d216ab-243f-4dec-86c3-f284dbe4180f@localhost,GrimTrigger,D,1,1,388,4548
797,player_cc508a77-8c2c-4094-8bf2-cd9f83d8d723@localhost,Random,D,player_44d216ab-243f-4dec-86c3-f284dbe4180f@localhost,GrimTrigger,D,1,1,389,4549
798,player_cc508a77-8c2c-4094-8bf2-cd9f83d8d723@localhost,Random,D,player_44d216ab-243f-4dec-86c3-f284dbe4180f@localhost,GrimTrigger,D,1,1,390,4550
799,player_cc508a77-8c2c-4094-8bf2-cd9f83d8d723@localhost,Random,D,player_44d216ab-243f-4dec-86c3-f284dbe4180f@localhost,GrimTrigger,D,1,1,391,4551
800,player_cc508a77-8c2c-4094-8bf2-cd9f83d8d723@localhost,Random,D,player_44d216ab-243f-4dec-86c3-f284dbe4180f@localhost,GrimTrigger,D,1,1,392,4552
801,player_cc508a77-8c2c-4094-8bf2-cd9f83d8d723@localhost,Random,C,player_44d216ab-243f-4dec-86c3-f284dbe4180f@localhost,GrimTrigger,D,0,10,392,4562
802,player_cc508a77-8c2c-4094-8bf2-cd9f83d8d723@localhost,Random,D,player_44d216ab-243f-4dec-86c3-f284dbe4180f@localhost,GrimTrigger,D,1,1,393,4563
803,player_cc508a77-8c2c-4094-8bf2-cd9f83d8d723@localhost,Random,D,player_44d216ab-243f-4dec-86c3-f284dbe4180f@localhost,GrimTrigger,D,1,1,394,4564
804,player_cc508a77-8c2c-4094-8bf2-cd9f83d8d723@localhost,Random,D,player_44d216ab-243f-4dec-86c3-f284dbe4180f@localhost,GrimTrigger,D,1,1,395,4565
805,player_cc508a77-8c2c-4094-8bf2-cd9f83d8d723@localhost,Random,C,player_44d216ab-243f-4dec-86c3-f284dbe4180f@localhost,GrimTrigger,D,0,10,395,4575
806,player_cc508a77-8c2c-4094-8bf2-cd9f83d8d723@localhost,Random,D,player_44d216ab-243f-4dec-86c3-f284dbe4180f@localhost,GrimTrigger,D,1,1,396,4576
807,player_cc508a77-8c2c-4094-8bf2-cd9f83d8d723@localhost,Random,C,player_44d216ab-243f-4dec-86c3-f284dbe4180f@localhost,GrimTrigger,D,0,10,396,4586
808,player_cc508a77-8c2c-4094-8bf2-cd9f83d8d723@localhost,Random,C,player_44d216ab-243f-4dec-86c3-f284dbe4180f@localhost,GrimTrigger,D,0,10,396,4596
809,player_cc508a77-8c2c-4094-8bf2-cd9f83d8d723@localhost,Random,D,player_44d216ab-243f-4dec-86c3-f284dbe4180f@localhost,GrimTrigger,D,1,1,397,4597
810,player_cc508a77-8c2c-4094-8bf2-cd9f83d8d723@localhost,Random,D,player_44d216ab-243f-4dec-86c3-f284dbe4180f@localhost,GrimTrigger,D,1,1,398,4598
811,player_cc508a77-8c2c-4094-8bf2-cd9f83d8d723@localhost,Random,D,player_44d216ab-243f-4dec-86c3-f284dbe4180f@localhost,GrimTrigger,D,1,1,399,4599
812,player_cc508a77-8c2c-4094-8bf2-cd9f83d8d723@localhost,Random,D,player_44d216ab-243f-4dec-86c3-f284dbe4180f@localhost,GrimTrigger,D,1,1,400,4600
813,player_cc508a77-8c2c-4094-8bf2-cd9f83d8d723@localhost,Random,C,player_44d216ab-243f-4dec-86c3-f284dbe4180f@localhost,GrimTrigger,D,0,10,400,4610
814,player_cc508a77-8c2c-4094-8bf2-cd9f83d8d723@localhost,Random,D,player_44d216ab-243f-4dec-86c3-f284dbe4180f@localhost,GrimTrigger,D,1,1,401,4611
815,player_cc508a77-8c2c-4094-8bf2-cd9f83d8d723@localhost,Random,D,player_44d216ab-243f-4dec-86c3-f284dbe4180f@localhost,GrimTrigger,D,1,1,402,4612
816,player_cc508a77-8c2c-4094-8bf2-cd9f83d8d723@localhost,Random,C,player_44d216ab-243f-4dec-86c3-f284dbe4180f@localhost,GrimTrigger,D,0,10,402,4622
817,player_cc508a77-8c2c-4094-8bf2-cd9f83d8d723@localhost,Random,D,player_44d216ab-243f-4dec-86c3-f284dbe4180f@localhost,GrimTrigger,D,1,1,403,4623
818,player_cc508a77-8c2c-4094-8bf2-cd9f83d8d723@localhost,Random,D,player_44d216ab-243f-4dec-86c3-f284dbe4180f@localhost,GrimTrigger,D,1,1,404,4624
819,player_cc508a77-8c2c-4094-8bf2-cd9f83d8d723@localhost,Random,D,player_44d216ab-243f-4dec-86c3-f284dbe4180f@localhost,GrimTrigger,D,1,1,405,4625
820,player_cc508a77-8c2c-4094-8bf2-cd9f83d8d723@localhost,Random,C,player_44d216ab-243f-4dec-86c3-f284dbe4180f@localhost,GrimTrigger,D,0,10,405,4635
821,player_cc508a77-8c2c-4094-8bf2-cd9f83d8d723@localhost,Random,C,player_44d216ab-243f-4dec-86c3-f284dbe4180f@localhost,GrimTrigger,D,0,10,405,4645
822,player_cc508a77-8c2c-4094-8bf2-cd9f83d8d723@localhost,Random,D,player_44d216ab-243f-4dec-86c3-f284dbe4180f@localhost,GrimTrigger,D,1,1,406,4646
823,player_cc508a77-8c2c-4094-8bf2-cd9f83d8d723@localhost,Random,C,player_44d216ab-243f-4dec-86c3-f284dbe4180f@localhost,GrimTrigger,D,0,10,406,4656
824,player_cc508a77-8c2c-4094-8bf2-cd9f83d8d723@localhost,Random,D,player_44d216ab-243f-4dec-86c3-f284dbe4180f@localhost,GrimTrigger,D,1,1,407,4657
825,player_cc508a77-8c2c-4094-8bf2-cd9f83d8d723@localhost,Random,C,player_44d216ab-243f-4dec-86c3-f284dbe4180f@localhost,GrimTrigger,D,0,10,407,4667
826,player_cc508a77-8c2c-4094-8bf2-cd9f83d8d723@localhost,Random,C,player_44d216ab-243f-4dec-86c3-f284dbe4180f@localhost,GrimTrigger,D,0,10,407,4677
827,player_cc508a77-8c2c-4094-8bf2-cd9f83d8d723@localhost,Random,D,player_44d216ab-243f-4dec-86c3-f284dbe4180f@localhost,GrimTrigger,D,1,1,408,4678
828,player_cc508a77-8c2c-4094-8bf2-cd9f83d8d723@localhost,Random,C,player_44d216ab-243f-4dec-86c3-f284dbe4180f@localhost,GrimTrigger,D,0,10,408,4688
829,player_cc508a77-8c2c-4094-8bf2-cd9f83d8d723@localhost,Random,D,player_44d216ab-243f-4dec-86c3-f284dbe4180f@localhost,GrimTrigger,D,1,1,409,4689
830,player_cc508a77-8c2c-4094-8bf2-cd9f83d8d723@localhost,Random,D,player_44d216ab-243f-4dec-86c3-f284dbe4180f@localhost,GrimTrigger,D,1,1,410,4690
831,player_cc508a77-8c2c-4094-8bf2-cd9f83d8d723@localhost,Random,C,player_44d216ab-243f-4dec-86c3-f284dbe4180f@localhost,GrimTrigger,D,0,10,410,4700
832,player_cc508a77-8c2c-4094-8bf2-cd9f83d8d723@localhost,Random,D,player_44d216ab-243f-4dec-86c3-f284dbe4180f@localhost,GrimTrigger,D,1,1,411,4701
833,player_cc508a77-8c2c-4094-8bf2-cd9f83d8d723@localhost,Random,C,player_44d216ab-243f-4dec-86c3-f284dbe4180f@localhost,GrimTrigger,D,0,10,411,4711
834,player_cc508a77-8c2c-4094-8bf2-cd9f83d8d723@localhost,Random,D,player_44d216ab-243f-4dec-86c3-f284dbe4180f@localhost,GrimTrigger,D,1,1,412,4712
835,player_cc508a77-8c2c-4094-8bf2-cd9f83d8d723@localhost,Random,D,player_44d216ab-243f-4dec-86c3-f284dbe4180f@localhost,GrimTrigger,D,1,1,413,4713
836,player_cc508a77-8c2c-4094-8bf2-cd9f83d8d723@localhost,Random,C,player_44d216ab-243f-4dec-86c3-f284dbe4180f@localhost,GrimTrigger,D,0,10,413,4723
837,player_cc508a77-8c2c-4094-8bf2-cd9f83d8d723@localhost,Random,C,player_44d216ab-243f-4dec-86c3-f284dbe4180f@localhost,GrimTrigger,D,0,10,413,4733
838,player_cc508a77-8c2c-4094-8bf2-cd9f83d8d723@localhost,Random,C,player_44d216ab-243f-4dec-86c3-f284dbe4180f@localhost,GrimTrigger,D,0,10,413,4743
839,player_cc508a77-8c2c-4094-8bf2-cd9f83d8d723@localhost,Random,D,player_44d216ab-243f-4dec-86c3-f284dbe4180f@localhost,GrimTrigger,D,1,1,414,4744
840,player_cc508a77-8c2c-4094-8bf2-cd9f83d8d723@localhost,Random,C,player_44d216ab-243f-4dec-86c3-f284dbe4180f@localhost,GrimTrigger,D,0,10,414,4754
841,player_cc508a77-8c2c-4094-8bf2-cd9f83d8d723@localhost,Random,D,player_44d216ab-243f-4dec-86c3-f284dbe4180f@localhost,GrimTrigger,D,1,1,415,4755
842,player_cc508a77-8c2c-4094-8bf2-cd9f83d8d723@localhost,Random,D,player_44d216ab-243f-4dec-86c3-f284dbe4180f@localhost,GrimTrigger,D,1,1,416,4756
843,player_cc508a77-8c2c-4094-8bf2-cd9f83d8d723@localhost,Random,D,player_44d216ab-243f-4dec-86c3-f284dbe4180f@localhost,GrimTrigger,D,1,1,417,4757
844,player_cc508a77-8c2c-4094-8bf2-cd9f83d8d723@localhost,Random,C,player_44d216ab-243f-4dec-86c3-f284dbe4180f@localhost,GrimTrigger,D,0,10,417,4767
845,player_cc508a77-8c2c-4094-8bf2-cd9f83d8d723@localhost,Random,D,player_44d216ab-243f-4dec-86c3-f284dbe4180f@localhost,GrimTrigger,D,1,1,418,4768
846,player_cc508a77-8c2c-4094-8bf2-cd9f83d8d723@localhost,Random,D,player_44d216ab-243f-4dec-86c3-f284dbe4180f@localhost,GrimTrigger,D,1,1,419,4769
847,player_cc508a77-8c2c-4094-8bf2-cd9f83d8d723@localhost,Random,C,player_44d216ab-243f-4dec-86c3-f284dbe4180f@localhost,GrimTrigger,D,0,10,419,4779
848,player_cc508a77-8c2c-4094-8bf2-cd9f83d8d723@localhost,Random,D,player_44d216ab-243f-4dec-86c3-f284dbe4180f@localhost,GrimTrigger,D,1,1,420,4780
849,player_cc508a77-8c2c-4094-8bf2-cd9f83d8d723@localhost,Random,D,player_44d216ab-243f-4dec-86c3-f284dbe4180f@localhost,GrimTrigger,D,1,1,421,4781
850,player_cc508a77-8c2c-4094-8bf2-cd9f83d8d723@localhost,Random,D,player_44d216ab-243f-4dec-86c3-f284dbe4180f@localhost,GrimTrigger,D,1,1,422,4782
851,player_cc508a77-8c2c-4094-8bf2-cd9f83d8d723@localhost,Random,C,player_44d216ab-243f-4dec-86c3-f284dbe4180f@localhost,GrimTrigger,D,0,10,422,4792
852,player_cc508a77-8c2c-4094-8bf2-cd9f83d8d723@localhost,Random,C,player_44d216ab-243f-4dec-86c3-f284dbe4180f@localhost,GrimTrigger,D,0,10,422,4802
853,player_cc508a77-8c2c-4094-8bf2-cd9f83d8d723@localhost,Random,C,player_44d216ab-243f-4dec-86c3-f284dbe4180f@localhost,GrimTrigger,D,0,10,422,4812
854,player_cc508a77-8c2c-4094-8bf2-cd9f83d8d723@localhost,Random,C,player_44d216ab-243f-4dec-86c3-f284dbe4180f@localhost,GrimTrigger,D,0,10,422,4822
855,player_cc508a77-8c2c-4094-8bf2-cd9f83d8d723@localhost,Random,D,player_44d216ab-243f-4dec-86c3-f284dbe4180f@localhost,GrimTrigger,D,1,1,423,4823
856,player_cc508a77-8c2c-4094-8bf2-cd9f83d8d723@localhost,Random,D,player_44d216ab-243f-4dec-86c3-f284dbe4180f@localhost,GrimTrigger,D,1,1,424,4824
857,player_cc508a77-8c2c-4094-8bf2-cd9f83d8d723@localhost,Random,D,player_44d216ab-243f-4dec-86c3-f284dbe4180f@localhost,GrimTrigger,D,1,1,425,4825
858,player_cc508a77-8c2c-4094-8bf2-cd9f83d8d723@localhost,Random,C,player_44d216ab-243f-4dec-86c3-f284dbe4180f@localhost,GrimTrigger,D,0,10,425,4835
859,player_cc508a77-8c2c-4094-8bf2-cd9f83d8d723@localhost,Random,C,player_44d216ab-243f-4dec-86c3-f284dbe4180f@localhost,GrimTrigger,D,0,10,425,4845
860,player_cc508a77-8c2c-4094-8bf2-cd9f83d8d723@localhost,Random,C,player_44d216ab-243f-4dec-86c3-f284dbe4180f@localhost,GrimTrigger,D,0,10,425,4855
861,player_cc508a77-8c2c-4094-8bf2-cd9f83d8d723@localhost,Random,D,player_44d216ab-243f-4dec-86c3-f284dbe4180f@localhost,GrimTrigger,D,1,1,426,4856
862,player_cc508a77-8c2c-4094-8bf2-cd9f83d8d723@localhost,Random,D,player_44d216ab-243f-4dec-86c3-f284dbe4180f@localhost,GrimTrigger,D,1,1,427,4857
863,player_cc508a77-8c2c-4094-8bf2-cd9f83d8d723@localhost,Random,D,player_44d216ab-243f-4dec-86c3-f284dbe4180f@localhost,GrimTrigger,D,1,1,428,4858
864,player_cc508a77-8c2c-4094-8bf2-cd9f83d8d723@localhost,Random,D,player_44d216ab-243f-4dec-86c3-f284dbe4180f@localhost,GrimTrigger,D,1,1,429,4859
865,player_cc508a77-8c2c-4094-8bf2-cd9f83d8d723@localhost,Random,C,player_44d216ab-243f-4dec-86c3-f284dbe4180f@localhost,GrimTrigger,D,0,10,429,4869
866,player_cc508a77-8c2c-4094-8bf2-cd9f83d8d723@localhost,Random,D,player_44d216ab-243f-4dec-86c3-f284dbe4180f@localhost,GrimTrigger,D,1,1,430,4870
867,player_cc508a77-8c2c-4094-8bf2-cd9f83d8d723@localhost,Random,D,player_44d216ab-243f-4dec-86c3-f284dbe4180f@localhost,GrimTrigger,D,1,1,431,4871
868,player_cc508a77-8c2c-4094-8bf2-cd9f83d8d723@localhost,Random,D,player_44d216ab-243f-4dec-86c3-f284dbe4180f@localhost,GrimTrigger,D,1,1,432,4872
869,player_cc508a77-8c2c-4094-8bf2-cd9f83d8d723@localhost,Random,C,player_44d216ab-243f-4dec-86c3-f284dbe4180f@localhost,GrimTrigger,D,0,10,432,4882
870,player_cc508a77-8c2c-4094-8bf2-cd9f83d8d723@localhost,Random,C,player_44d216ab-243f-4dec-86c3-f284dbe4180f@localhost,GrimTrigger,D,0,10,432,4892
871,player_cc508a77-8c2c-4094-8bf2-cd9f83d8d723@localhost,Random,C,player_44d216ab-243f-4dec-86c3-f284dbe4180f@localhost,GrimTrigger,D,0,10,432,4902
872,player_cc508a77-8c2c-4094-8bf2-cd9f83d8d723@localhost,Random,C,player_44d216ab-243f-4dec-86c3-f284dbe4180f@localhost,GrimTrigger,D,0,10,432,4912
873,player_cc508a77-8c2c-4094-8bf2-cd9f83d8d723@localhost,Random,D,player_44d216ab-243f-4dec-86c3-f284dbe4180f@localhost,GrimTrigger,D,1,1,433,4913
874,player_cc508a77-8c2c-4094-8bf2-cd9f83d8d723@localhost,Random,D,player_44d216ab-243f-4dec-86c3-f284dbe4180f@localhost,GrimTrigger,D,1,1,434,4914
875,player_cc508a77-8c2c-4094-8bf2-cd9f83d8d723@localhost,Random,C,player_44d216ab-243f-4dec-86c3-f284dbe4180f@localhost,GrimTrigger,D,0,10,434,4924
876,player_cc508a77-8c2c-4094-8bf2-cd9f83d8d723@localhost,Random,C,player_44d216ab-243f-4dec-86c3-f284dbe4180f@localhost,GrimTrigger,D,0,10,434,4934
877,player_cc508a77-8c2c-4094-8bf2-cd9f83d8d723@localhost,Random,D,player_44d216ab-243f-4dec-86c3-f284dbe4180f@localhost,GrimTrigger,D,1,1,435,4935
878,player_cc508a77-8c2c-4094-8bf2-cd9f83d8d723@localhost,Random,C,player_44d216ab-243f-4dec-86c3-f284dbe4180f@localhost,GrimTrigger,D,0,10,435,4945
879,player_cc508a77-8c2c-4094-8bf2-cd9f83d8d723@localhost,Random,C,player_44d216ab-243f-4dec-86c3-f284dbe4180f@localhost,GrimTrigger,D,0,10,435,4955
880,player_cc508a77-8c2c-4094-8bf2-cd9f83d8d723@localhost,Random,D,player_44d216ab-243f-4dec-86c3-f284dbe4180f@localhost,GrimTrigger,D,1,1,436,4956
881,player_cc508a77-8c2c-4094-8bf2-cd9f83d8d723@localhost,Random,C,player_44d216ab-243f-4dec-86c3-f284dbe4180f@localhost,GrimTrigger,D,0,10,436,4966
882,player_cc508a77-8c2c-4094-8bf2-cd9f83d8d723@localhost,Random,D,player_44d216ab-243f-4dec-86c3-f284dbe4180f@localhost,GrimTrigger,D,1,1,437,4967
883,player_cc508a77-8c2c-4094-8bf2-cd9f83d8d723@localhost,Random,C,player_44d216ab-243f-4dec-86c3-f284dbe4180f@localhost,GrimTrigger,D,0,10,437,4977
884,player_cc508a77-8c2c-4094-8bf2-cd9f83d8d723@localhost,Random,C,player_44d216ab-243f-4dec-86c3-f284dbe4180f@localhost,GrimTrigger,D,0,10,437,4987
885,player_cc508a77-8c2c-4094-8bf2-cd9f83d8d723@localhost,Random,C,player_44d216ab-243f-4dec-86c3-f284dbe4180f@localhost,GrimTrigger,D,0,10,437,4997
886,player_cc508a77-8c2c-4094-8bf2-cd9f83d8d723@localhost,Random,D,player_44d216ab-243f-4dec-86c3-f284dbe4180f@localhost,GrimTrigger,D,1,1,438,4998
887,player_cc508a77-8c2c-4094-8bf2-cd9f83d8d723@localhost,Random,D,player_44d216ab-243f-4dec-86c3-f284dbe4180f@localhost,GrimTrigger,D,1,1,439,4999
888,player_cc508a77-8c2c-4094-8bf2-cd9f83d8d723@localhost,Random,D,player_44d216ab-243f-4dec-86c3-f284dbe4180f@localhost,GrimTrigger,D,1,1,440,5000
889,player_cc508a77-8c2c-4094-8bf2-cd9f83d8d723@localhost,Random,D,player_44d216ab-243f-4dec-86c3-f284dbe4180f@localhost,GrimTrigger,D,1,1,441,5001
890,player_cc508a77-8c2c-4094-8bf2-cd9f83d8d723@localhost,Random,D,player_44d216ab-243f-4dec-86c3-f284dbe4180f@localhost,GrimTrigger,D,1,1,442,5002
891,player_cc508a77-8c2c-4094-8bf2-cd9f83d8d723@localhost,Random,D,player_44d216ab-243f-4dec-86c3-f284dbe4180f@localhost,GrimTrigger,D,1,1,443,5003
892,player_cc508a77-8c2c-4094-8bf2-cd9f83d8d723@localhost,Random,D,player_44d216ab-243f-4dec-86c3-f284dbe4180f@localhost,GrimTrigger,D,1,1,444,5004
893,player_cc508a77-8c2c-4094-8bf2-cd9f83d8d723@localhost,Random,D,player_44d216ab-243f-4dec-86c3-f284dbe4180f@localhost,GrimTrigger,D,1,1,445,5005
894,player_cc508a77-8c2c-4094-8bf2-cd9f83d8d723@localhost,Random,D,player_44d216ab-243f-4dec-86c3-f284dbe4180f@localhost,GrimTrigger,D,1,1,446,5006
895,player_cc508a77-8c2c-4094-8bf2-cd9f83d8d723@localhost,Random,C,player_44d216ab-243f-4dec-86c3-f284dbe4180f@localhost,GrimTrigger,D,0,10,446,5016
896,player_cc508a77-8c2c-4094-8bf2-cd9f83d8d723@localhost,Random,C,player_44d216ab-243f-4dec-86c3-f284dbe4180f@localhost,GrimTrigger,D,0,10,446,5026
897,player_cc508a77-8c2c-4094-8bf2-cd9f83d8d723@localhost,Random,C,player_44d216ab-243f-4dec-86c3-f284dbe4180f@localhost,GrimTrigger,D,0,10,446,5036
898,player_cc508a77-8c2c-4094-8bf2-cd9f83d8d723@localhost,Random,D,player_44d216ab-243f-4dec-86c3-f284dbe4180f@localhost,GrimTrigger,D,1,1,447,5037
899,player_cc508a77-8c2c-4094-8bf2-cd9f83d8d723@localhost,Random,C,player_44d216ab-243f-4dec-86c3-f284dbe4180f@localhost,GrimTrigger,D,0,10,447,5047
900,player_cc508a77-8c2c-4094-8bf2-cd9f83d8d723@localhost,Random,C,player_44d216ab-243f-4dec-86c3-f284dbe4180f@localhost,GrimTrigger,D,0,10,447,5057
901,player_cc508a77-8c2c-4094-8bf2-cd9f83d8d723@localhost,Random,D,player_44d216ab-243f-4dec-86c3-f284dbe4180f@localhost,GrimTrigger,D,1,1,448,5058
902,player_cc508a77-8c2c-4094-8bf2-cd9f83d8d723@localhost,Random,D,player_44d216ab-243f-4dec-86c3-f284dbe4180f@localhost,GrimTrigger,D,1,1,449,5059
903,player_cc508a77-8c2c-4094-8bf2-cd9f83d8d723@localhost,Random,D,player_44d216ab-243f-4dec-86c3-f284dbe4180f@localhost,GrimTrigger,D,1,1,450,5060
904,player_cc508a77-8c2c-4094-8bf2-cd9f83d8d723@localhost,Random,C,player_44d216ab-243f-4dec-86c3-f284dbe4180f@localhost,GrimTrigger,D,0,10,450,5070
905,player_cc508a77-8c2c-4094-8bf2-cd9f83d8d723@localhost,Random,C,player_44d216ab-243f-4dec-86c3-f284dbe4180f@localhost,GrimTrigger,D,0,10,450,5080
906,player_cc508a77-8c2c-4094-8bf2-cd9f83d8d723@localhost,Random,C,player_44d216ab-243f-4dec-86c3-f284dbe4180f@localhost,GrimTrigger,D,0,10,450,5090
907,player_cc508a77-8c2c-4094-8bf2-cd9f83d8d723@localhost,Random,C,player_44d216ab-243f-4dec-86c3-f284dbe4180f@localhost,GrimTrigger,D,0,10,450,5100
908,player_cc508a77-8c2c-4094-8bf2-cd9f83d8d723@localhost,Random,C,player_44d216ab-243f-4dec-86c3-f284dbe4180f@localhost,GrimTrigger,D,0,10,450,5110
909,player_cc508a77-8c2c-4094-8bf2-cd9f83d8d723@localhost,Random,D,player_44d216ab-243f-4dec-86c3-f284dbe4180f@localhost,GrimTrigger,D,1,1,451,5111
910,player_cc508a77-8c2c-4094-8bf2-cd9f83d8d723@localhost,Random,C,player_44d216ab-243f-4dec-86c3-f284dbe4180f@localhost,GrimTrigger,D,0,10,451,5121
911,player_cc508a77-8c2c-4094-8bf2-cd9f83d8d723@localhost,Random,C,player_44d216ab-243f-4dec-86c3-f284dbe4180f@localhost,GrimTrigger,D,0,10,451,5131
912,player_cc508a77-8c2c-4094-8bf2-cd9f83d8d723@localhost,Random,C,player_44d216ab-243f-4dec-86c3-f284dbe4180f@localhost,GrimTrigger,D,0,10,451,5141
913,player_cc508a77-8c2c-4094-8bf2-cd9f83d8d723@localhost,Random,D,player_44d216ab-243f-4dec-86c3-f284dbe4180f@localhost,GrimTrigger,D,1,1,452,5142
914,player_cc508a77-8c2c-4094-8bf2-cd9f83d8d723@localhost,Random,C,player_44d216ab-243f-4dec-86c3-f284dbe4180f@localhost,GrimTrigger,D,0,10,452,5152
915,player_cc508a77-8c2c-4094-8bf2-cd9f83d8d723@localhost,Random,C,player_44d216ab-243f-4dec-86c3-f284dbe4180f@localhost,GrimTrigger,D,0,10,452,5162
916,player_cc508a77-8c2c-4094-8bf2-cd9f83d8d723@localhost,Random,C,player_44d216ab-243f-4dec-86c3-f284dbe4180f@localhost,GrimTrigger,D,0,10,452,5172
917,player_cc508a77-8c2c-4094-8bf2-cd9f83d8d723@localhost,Random,D,player_44d216ab-243f-4dec-86c3-f284dbe4180f@localhost,GrimTrigger,D,1,1,453,5173
918,player_cc508a77-8c2c-4094-8bf2-cd9f83d8d723@localhost,Random,C,player_44d216ab-243f-4dec-86c3-f284dbe4180f@localhost,GrimTrigger,D,0,10,453,5183
919,player_cc508a77-8c2c-4094-8bf2-cd9f83d8d723@localhost,Random,C,player_44d216ab-243f-4dec-86c3-f284dbe4180f@localhost,GrimTrigger,D,0,10,453,5193
920,player_cc508a77-8c2c-4094-8bf2-cd9f83d8d723@localhost,Random,C,player_44d216ab-243f-4dec-86c3-f284dbe4180f@localhost,GrimTrigger,D,0,10,453,5203
921,player_cc508a77-8c2c-4094-8bf2-cd9f83d8d723@localhost,Random,C,player_44d216ab-243f-4dec-86c3-f284dbe4180f@localhost,GrimTrigger,D,0,10,453,5213
922,player_cc508a77-8c2c-4094-8bf2-cd9f83d8d723@localhost,Random,D,player_44d216ab-243f-4dec-86c3-f284dbe4180f@localhost,GrimTrigger,D,1,1,454,5214
923,player_cc508a77-8c2c-4094-8bf2-cd9f83d8d723@localhost,Random,C,player_44d216ab-243f-4dec-86c3-f284dbe4180f@localhost,GrimTrigger,D,0,10,454,5224
924,player_cc508a77-8c2c-4094-8bf2-cd9f83d8d723@localhost,Random,D,player_44d216ab-243f-4dec-86c3-f284dbe4180f@localhost,GrimTrigger,D,1,1,455,5225
925,player_cc508a77-8c2c-4094-8bf2-cd9f83d8d723@localhost,Random,D,player_44d216ab-243f-4dec-86c3-f284dbe4180f@localhost,GrimTrigger,D,1,1,456,5226
926,player_cc508a77-8c2c-4094-8bf2-cd9f83d8d723@localhost,Random,C,player_44d216ab-243f-4dec-86c3-f284dbe4180f@localhost,GrimTrigger,D,0,10,456,5236
927,player_cc508a77-8c2c-4094-8bf2-cd9f83d8d723@localhost,Random,C,player_44d216ab-243f-4dec-86c3-f284dbe4180f@localhost,GrimTrigger,D,0,10,456,5246
928,player_cc508a77-8c2c-4094-8bf2-cd9f83d8d723@localhost,Random,C,player_44d216ab-243f-4dec-86c3-f284dbe4180f@localhost,GrimTrigger,D,0,10,456,5256
929,player_cc508a77-8c2c-4094-8bf2-cd9f83d8d723@localhost,Random,C,player_44d216ab-243f-4dec-86c3-f284dbe4180f@localhost,GrimTrigger,D,0,10,456,5266
930,player_cc508a77-8c2c-4094-8bf2-cd9f83d8d723@localhost,Random,C,player_44d216ab-243f-4dec-86c3-f284dbe4180f@localhost,GrimTrigger,D,0,10,456,5276
931,player_cc508a77-8c2c-4094-8bf2-cd9f83d8d723@localhost,Random,C,player_44d216ab-243f-4dec-86c3-f284dbe4180f@localhost,GrimTrigger,D,0,10,456,5286
932,player_cc508a77-8c2c-4094-8bf2-cd9f83d8d723@localhost,Random,D,player_44d216ab-243f-4dec-86c3-f284dbe4180f@localhost,GrimTrigger,D,1,1,457,5287
933,player_cc508a77-8c2c-4094-8bf2-cd9f83d8d723@localhost,Random,D,player_44d216ab-243f-4dec-86c3-f284dbe4180f@localhost,GrimTrigger,D,1,1,458,5288
934,player_cc508a77-8c2c-4094-8bf2-cd9f83d8d723@localhost,Random,C,player_44d216ab-243f-4dec-86c3-f284dbe4180f@localhost,GrimTrigger,D,0,10,458,5298
935,player_cc508a77-8c2c-4094-8bf2-cd9f83d8d723@localhost,Random,C,player_44d216ab-243f-4dec-86c3-f284dbe4180f@localhost,GrimTrigger,D,0,10,458,5308
936,player_cc508a77-8c2c-4094-8bf2-cd9f83d8d723@localhost,Random,C,player_44d216ab-243f-4dec-86c3-f284dbe4180f@localhost,GrimTrigger,D,0,10,458,5318
937,player_cc508a77-8c2c-4094-8bf2-cd9f83d8d723@localhost,Random,C,player_44d216ab-243f-4dec-86c3-f284dbe4180f@localhost,GrimTrigger,D,0,10,458,5328
938,player_cc508a77-8c2c-4094-8bf2-cd9f83d8d723@localhost,Random,D,player_44d216ab-243f-4dec-86c3-f284dbe4180f@localhost,GrimTrigger,D,1,1,459,5329
939,player_cc508a77-8c2c-4094-8bf2-cd9f83d8d723@localhost,Random,D,player_44d216ab-243f-4dec-86c3-f284dbe4180f@localhost,GrimTrigger,D,1,1,460,5330
940,player_cc508a77-8c2c-4094-8bf2-cd9f83d8d723@localhost,Random,D,player_44d216ab-243f-4dec-86c3-f284dbe4180f@localhost,GrimTrigger,D,1,1,461,5331
941,player_cc508a77-8c2c-4094-8bf2-cd9f83d8d723@localhost,Random,D,player_44d216ab-243f-4dec-86c3-f284dbe4180f@localhost,GrimTrigger,D,1,1,462,5332
942,player_cc508a77-8c2c-4094-8bf2-cd9f83d8d723@localhost,Random,C,player_44d216ab-243f-4dec-86c3-f284dbe4180f@localhost,GrimTrigger,D,0,10,462,5342
943,player_cc508a77-8c2c-4094-8bf2-cd9f83d8d723@localhost,Random,C,player_44d216ab-243f-4dec-86c3-f284dbe4180f@localhost,GrimTrigger,D,0,10,462,5352
944,player_cc508a77-8c2c-4094-8bf2-cd9f83d8d723@localhost,Random,C,player_44d216ab-243f-4dec-86c3-f284dbe4180f@localhost,GrimTrigger,D,0,10,462,5362
945,player_cc508a77-8c2c-4094-8bf2-cd9f83d8d723@localhost,Random,C,player_44d216ab-243f-4dec-86c3-f284dbe4180f@localhost,GrimTrigger,D,0,10,462,5372
946,player_cc508a77-8c2c-4094-8bf2-cd9f83d8d723@localhost,Random,D,player_44d216ab-243f-4dec-86c3-f284dbe4180f@localhost,GrimTrigger,D,1,1,463,5373
947,player_cc508a77-8c2c-4094-8bf2-cd9f83d8d723@localhost,Random,D,player_44d216ab-243f-4dec-86c3-f284dbe4180f@localhost,GrimTrigger,D,1,1,464,5374
948,player_cc508a77-8c2c-4094-8bf2-cd9f83d8d723@localhost,Random,D,player_44d216ab-243f-4dec-86c3-f284dbe4180f@localhost,GrimTrigger,D,1,1,465,5375
949,player_cc508a77-8c2c-4094-8bf2-cd9f83d8d723@localhost,Random,C,player_44d216ab-243f-4dec-86c3-f284dbe4180f@localhost,GrimTrigger,D,0,10,465,5385
950,player_cc508a77-8c2c-4094-8bf2-cd9f83d8d723@localhost,Random,D,player_44d216ab-243f-4dec-86c3-f284dbe4180f@localhost,GrimTrigger,D,1,1,466,5386
951,player_cc508a77-8c2c-4094-8bf2-cd9f83d8d723@localhost,Random,D,player_44d216ab-243f-4dec-86c3-f284dbe4180f@localhost,GrimTrigger,D,1,1,467,5387
952,player_cc508a77-8c2c-4094-8bf2-cd9f83d8d723@localhost,Random,C,player_44d216ab-243f-4dec-86c3-f284dbe4180f@localhost,GrimTrigger,D,0,10,467,5397
953,player_cc508a77-8c2c-4094-8bf2-cd9f83d8d723@localhost,Random,C,player_44d216ab-243f-4dec-86c3-f284dbe4180f@localhost,GrimTrigger,D,0,10,467,5407
954,player_cc508a77-8c2c-4094-8bf2-cd9f83d8d723@localhost,Random,C,player_44d216ab-243f-4dec-86c3-f284dbe4180f@localhost,GrimTrigger,D,0,10,467,5417
955,player_cc508a77-8c2c-4094-8bf2-cd9f83d8d723@localhost,Random,D,player_44d216ab-243f-4dec-86c3-f284dbe4180f@localhost,GrimTrigger,D,1,1,468,5418
956,player_cc508a77-8c2c-4094-8bf2-cd9f83d8d723@localhost,Random,D,player_44d216ab-243f-4dec-86c3-f284dbe4180f@localhost,GrimTrigger,D,1,1,469,5419
957,player_cc508a77-8c2c-4094-8bf2-cd9f83d8d723@localhost,Random,D,player_44d216ab-243f-4dec-86c3-f284dbe4180f@localhost,GrimTrigger,D,1,1,470,5420
958,player_cc508a77-8c2c-4094-8bf2-cd9f83d8d723@localhost,Random,D,player_44d216ab-243f-4dec-86c3-f284dbe4180f@localhost,GrimTrigger,D,1,1,471,5421
959,player_cc508a77-8c2c-4094-8bf2-cd9f83d8d723@localhost,Random,D,player_44d216ab-243f-4dec-86c3-f284dbe4180f@localhost,GrimTrigger,D,1,1,472,5422
960,player_cc508a77-8c2c-4094-8bf2-cd9f83d8d723@localhost,Random,C,player_44d216ab-243f-4dec-86c3-f284dbe4180f@localhost,GrimTrigger,D,0,10,472,5432
961,player_cc508a77-8c2c-4094-8bf2-cd9f83d8d723@localhost,Random,C,player_44d216ab-243f-4dec-86c3-f284dbe4180f@localhost,GrimTrigger,D,0,10,472,5442
962,player_cc508a77-8c2c-4094-8bf2-cd9f83d8d723@localhost,Random,C,player_44d216ab-243f-4dec-86c3-f284dbe4180f@localhost,GrimTrigger,D,0,10,472,5452
963,player_cc508a77-8c2c-4094-8bf2-cd9f83d8d723@localhost,Random,D,player_44d216ab-243f-4dec-86c3-f284dbe4180f@localhost,GrimTrigger,D,1,1,473,5453
964,player_cc508a77-8c2c-4094-8bf2-cd9f83d8d723@localhost,Random,C,player_44d216ab-243f-4dec-86c3-f284dbe4180f@localhost,GrimTrigger,D,0,10,473,5463
965,player_cc508a77-8c2c-4094-8bf2-cd9f83d8d723@localhost,Random,C,player_44d216ab-243f-4dec-86c3-f284dbe4180f@localhost,GrimTrigger,D,0,10,473,5473
966,player_cc508a77-8c2c-4094-8bf2-cd9f83d8d723@localhost,Random,D,player_44d216ab-243f-4dec-86c3-f284dbe4180f@localhost,GrimTrigger,D,1,1,474,5474
967,player_cc508a77-8c2c-4094-8bf2-cd9f83d8d723@localhost,Random,C,player_44d216ab-243f-4dec-86c3-f284dbe4180f@localhost,GrimTrigger,D,0,10,474,5484
968,player_cc508a77-8c2c-4094-8bf2-cd9f83d8d723@localhost,Random,D,player_44d216ab-243f-4dec-86c3-f284dbe4180f@localhost,GrimTrigger,D,1,1,475,5485
969,player_cc508a77-8c2c-4094-8bf2-cd9f83d8d723@localhost,Random,C,player_44d216ab-243f-4dec-86c3-f284dbe4180f@localhost,GrimTrigger,D,0,10,475,5495
970,player_cc508a77-8c2c-4094-8bf2-cd9f83d8d723@localhost,Random,C,player_44d216ab-243f-4dec-86c3-f284dbe4180f@localhost,GrimTrigger,D,0,10,475,5505
971,player_cc508a77-8c2c-4094-8bf2-cd9f83d8d723@localhost,Random,D,player_44d216ab-243f-4dec-86c3-f284dbe4180f@localhost,GrimTrigger,D,1,1,476,5506
972,player_cc508a77-8c2c-4094-8bf2-cd9f83d8d723@localhost,Random,D,player_44d216ab-243f-4dec-86c3-f284dbe4180f@localhost,GrimTrigger,D,1,1,477,5507
973,player_cc508a77-8c2c-4094-8bf2-cd9f83d8d723@localhost,Random,D,player_44d216ab-243f-4dec-86c3-f284dbe4180f@localhost,GrimTrigger,D,1,1,478,5508
974,player_cc508a77-8c2c-4094-8bf2-cd9f83d8d723@localhost,Random,C,player_44d216ab-243f-4dec-86c3-f284dbe4180f@localhost,GrimTrigger,D,0,10,478,5518
975,player_cc508a77-8c2c-4094-8bf2-cd9f83d8d723@localhost,Random,D,player_44d216ab-243f-4dec-86c3-f284dbe4180f@localhost,GrimTrigger,D,1,1,479,5519
976,player_cc508a77-8c2c-4094-8bf2-cd9f83d8d723@localhost,Random,C,player_44d216ab-243f-4dec-86c3-f284dbe4180f@localhost,GrimTrigger,D,0,10,479,5529
977,player_cc508a77-8c2c-4094-8bf2-cd9f83d8d723@localhost,Random,D,player_44d216ab-243f-4dec-86c3-f284dbe4180f@localhost,GrimTrigger,D,1,1,480,5530
978,player_cc508a77-8c2c-4094-8bf2-cd9f83d8d723@localhost,Random,D,player_44d216ab-243f-4dec-86c3-f284dbe4180f@localhost,GrimTrigger,D,1,1,481,5531
979,player_cc508a77-8c2c-4094-8bf2-cd9f83d8d723@localhost,Random,D,player_44d216ab-243f-4dec-86c3-f284dbe4180f@localhost,GrimTrigger,D,1,1,482,5532
980,player_cc508a77-8c2c-4094-8bf2-cd9f83d8d723@localhost,Random,C,player_44d216ab-243f-4dec-86c3-f284dbe4180f@localhost,GrimTrigger,D,0,10,482,5542
981,player_cc508a77-8c2c-4094-8bf2-cd9f83d8d723@localhost,Random,C,player_44d216ab-243f-4dec-86c3-f284dbe4180f@localhost,GrimTrigger,D,0,10,482,5552
982,player_cc508a77-8c2c-4094-8bf2-cd9f83d8d723@localhost,Random,D,player_44d216ab-243f-4dec-86c3-f284dbe4180f@localhost,GrimTrigger,D,1,1,483,5553
983,player_cc508a77-8c2c-4094-8bf2-cd9f83d8d723@localhost,Random,D,player_44d216ab-243f-4dec-86c3-f284dbe4180f@localhost,GrimTrigger,D,1,1,484,5554
984,player_cc508a77-8c2c-4094-8bf2-cd9f83d8d723@localhost,Random,C,player_44d216ab-243f-4dec-86c3-f284dbe4180f@localhost,GrimTrigger,D,0,10,484,5564
985,player_cc508a77-8c2c-4094-8bf2-cd9f83d8d723@localhost,Random,D,player_44d216ab-243f-4dec-86c3-f284dbe4180f@localhost,GrimTrigger,D,1,1,485,5565
986,player_cc508a77-8c2c-4094-8bf2-cd9f83d8d723@localhost,Random,C,player_44d216ab-243f-4dec-86c3-f284dbe4180f@localhost,GrimTrigger,D,0,10,485,5575
987,player_cc508a77-8c2c-4094-8bf2-cd9f83d8d723@localhost,Random,C,player_44d216ab-243f-4dec-86c3-f284dbe4180f@localhost,GrimTrigger,D,0,10,485,5585
988,player_cc508a77-8c2c-4094-8bf2-cd9f83d8d723@localhost,Random,D,player_44d216ab-243f-4dec-86c3-f284dbe4180f@localhost,GrimTrigger,D,1,1,486,5586
989,player_cc508a77-8c2c-4094-8bf2-cd9f83d8d723@localhost,Random,D,player_44d216ab-243f-4dec-86c3-f284dbe4180f@localhost,GrimTrigger,D,1,1,487,5587
990,player_cc508a77-8c2c-4094-8bf2-cd9f83d8d723@localhost,Random,D,player_44d216ab-243f-4dec-86c3-f284dbe4180f@localhost,GrimTrigger,D,1,1,488,5588
991,player_cc508a77-8c2c-4094-8bf2-cd9f83d8d723@localhost,Random,D,player_44d216ab-243f-4dec-86c3-f284dbe4180f@localhost,GrimTrigger,D,1,1,489,5589
992,player_cc508a77-8c2c-4094-8bf2-cd9f83d8d723@localhost,Random,C,player_44d216ab-243f-4dec-86c3-f284dbe4180f@localhost,GrimTrigger,D,0,10,489,5599
993,player_cc508a77-8c2c-4094-8bf2-cd9f83d8d723@localhost,Random,C,player_44d216ab-243f-4dec-86c3-f284dbe4180f@localhost,GrimTrigger,D,0,10,489,5609
994,player_cc508a77-8c2c-4094-8bf2-cd9f83d8d723@localhost,Random,C,player_44d216ab-243f-4dec-86c3-f284dbe4180f@localhost,GrimTrigger,D,0,10,489,5619
995,player_cc508a77-8c2c-4094-8bf2-cd9f83d8d723@localhost,Random,D,player_44d216ab-243f-4dec-86c3-f284dbe4180f@localhost,GrimTrigger,D,1,1,490,5620
996,player_cc508a77-8c2c-4094-8bf2-cd9f83d8d723@localhost,Random,D,player_44d216ab-243f-4dec-86c3-f284dbe4180f@localhost,GrimTrigger,D,1,1,491,5621
997,player_cc508a77-8c2c-4094-8bf2-cd9f83d8d723@localhost,Random,C,player_44d216ab-243f-4dec-86c3-f284dbe4180f@localhost,GrimTrigger,D,0,10,491,5631
998,player_cc508a77-8c2c-4094-8bf2-cd9f83d8d723@localhost,Random,C,player_44d216ab-243f-4dec-86c3-f284dbe4180f@localhost,GrimTrigger,D,0,10,491,5641
999,player_cc508a77-8c2c-4094-8bf2-cd9f83d8d723@localhost,Random,C,player_44d216ab-243f-4dec-86c3-f284dbe4180f@localhost,GrimTrigger,D,0,10,491,5651
1000,player_cc508a77-8c2c-4094-8bf2-cd9f83d8d723@localhost,Random,D,player_44d216ab-243f-4dec-86c3-f284dbe4180f@localhost,GrimTrigger,D,1,1,492,5652
,,,,,,,,,,
# AGGREGATED METRICS
# p1_jid,player_cc508a77-8c2c-4094-8bf2-cd9f83d8d723@localhost
# p2_jid,player_44d216ab-243f-4dec-86c3-f284dbe4180f@localhost
# total_rounds,1000
# cooperation_rate_p1,0.5170
# cooperation_rate_p2,0.0010
# defection_rate_p1,0.4830
# defection_rate_p2,0.9990
# total_payoff_p1,492
# total_payoff_p2,5652
# avg_payoff_p1,0.4920
# avg_payoff_p2,5.6520
