round,p1_jid,p1_strategy,p1_action,p2_jid,p2_strategy,p2_action,p1_payoff,p2_payoff,p1_cumulative,p2_cumulative
1,player_152a9437-d449-4c5c-aea4-fb15c47890bb@localhost,Random,C,player_263f8b46-3658-4cbe-b36d-1f467832aa7c@localhost,TitForTatWithForgiveness,C,5,5,5,5
2,player_152a9437-d449-4c5c-aea4-fb15c47890bb@localhost,Random,C,player_263f8b46-3658-4cbe-b36d-1f467832aa7c@localhost,TitForTatWithForgiveness,C,5,5,10,10
3,player_152a9437-d449-4c5c-aea4-fb15c47890bb@localhost,Random,C,player_263f8b46-3658-4cbe-b36d-1f467832aa7c@localhost,TitForTatWithForgiveness,C,5,5,15,15
4,player_152a9437-d449-4c5c-aea4-fb15c47890bb@localhost,Random,D,player_263f8b46-3658-4cbe-b36d-1f467832aa7c@localhost,TitForTatWithForgiveness,C,10,0,25,15
5,player_152a9437-d449-4c5c-aea4-fb15c47890bb@localhost,Random,C,player_263f8b46-3658-4cbe-b36d-1f467832aa7c@localhost,TitForTatWithForgiveness,C,5,5,30,20
6,player_152a9437-d449-4c5c-aea4-fb15c47890bb@localhost,Random,C,player_263f8b46-3658-4cbe-b36d-1f467832aa7c@localhost,TitForTatWithForgiveness,C,5,5,35,25
7,player_152a9437-d449-4c5c-aea4-fb15c47890bb@localhost,Random,D,player_263f8b46-3658-4cbe-b36d-1f467832aa7c@localhost,TitForTatWithForgiveness,C,10,0,45,25
8,player_152a9437-d449-4c5c-aea4-fb15c47890bb@localhost,Random,C,player_263f8b46-3658-4cbe-b36d-1f467832aa7c@localhost,TitForTatWithForgiveness,D,0,10,45,35
9,player_152a9437-d449-4c5c-aea4-fb15c47890bb@localhost,Random,C,player_263f8b46-3658-4cbe-b36d-1f467832aa7c@localhost,TitForTatWithForgiveness,C,5,5,50,40
10,player_152a9437-d449-4c5c-aea4-fb15c47890bb@localhost,Random,C,player_263f8b46-3658-4cbe-b36d-1f467832aa7c@localhost,TitForTatWithForgiveness,C,5,5,55,45
11,player_152a9437-d449-4c5c-aea4-fb15c47890bb@localhost,Random,D,player_263f8b46-3658-4cbe-b36d-1f467832aa7c@localhost,TitForTatWithForgiveness,C,10,0,65,45
12,player_152a9437-d449-4c5c-aea4-fb15c47890bb@localhost,Random,D,player_263f8b46-3658-4cbe-b36d-1f467832aa7c@localhost,TitForTatWithForgiveness,D,1,1,66,46
13,player_152a9437-d449-4c5c-aea4-fb15c47890bb@localhost,Random,C,player_263f8b46-3658-4cbe-b36d-1f467832aa7c@localhost,TitForTatWithForgiveness,D,0,10,66,56
14,player_152a9437-d449-4c5c-aea4-fb15c47890bb@localhost,Random,D,player_263f8b46-3658-4cbe-b36d-1f467832aa7c@localhost,TitForTatWithForgiveness,C,10,0,76,56
15,player_152a9437-d449-4c5c-aea4-fb15c47890bb@localhost,Random,C,player_263f8b46-3658-4cbe-b36d-1f467832aa7c@localhost,TitForTatWithForgiveness,D,0,10,76,66
16,player_152a9437-d449-4c5c-aea4-fb15c47890bb@localhost,Random,D,player_263f8b46-3658-4cbe-b36d-1f467832aa7c@localhost,TitForTatWithForgiveness,C,10,0,86,66
17,player_152a9437-d449-4c5c-aea4-fb15c47890bb@localhost,Random,D,player_263f8b46-3658-4cbe-b36d-1f467832aa7c@localhost,TitForTatWithForgiveness,D,1,1,87,67
18,player_152a9437-d449-4c5c-aea4-fb15c47890bb@localhost,Random,C,player_263f8b46-3658-4cbe-b36d-1f467832aa7c@localhost,TitForTatWithForgiveness,D,0,10,87,77
19,player_152a9437-d449-4c5c-aea4-fb15c47890bb@localhost,Random,C,player_263f8b46-3658-4cbe-b36d-1f467832aa7c@localhost,TitForTatWithForgiveness,C,5,5,92,82
20,player_152a9437-d449-4c5c-aea4-fb15c47890bb@localhost,Random,C,player_263f8b46-3658-4cbe-b36d-1f467832aa7c@localhost,TitForTatWithForgiveness,C,5,5,97,87
21,player_152a9437-d449-4c5c-aea4-fb15c47890bb@localhost,Random,C,player_263f8b46-3658-4cbe-b36d-1f467832aa7c@localhost,TitForTatWithForgiveness,C,5,5,102,92
22,player_152a9437-d449-4c5c-aea4-fb15c47890bb@localhost,Random,C,player_263f8b46-3658-4cbe-b36d-1f467832aa7c@localhost,TitForTatWithForgiveness,C,5,5,107,97
23,player_152a9437-d449-4c5c-aea4-fb15c47890bb@localhost,Random,C,player_263f8b46-3658-4cbe-b36d-1f467832aa7c@localhost,TitForTatWithForgiveness,C,5,5,112,102
24,player_152a9437-d449-4c5c-aea4-fb15c47890bb@localhost,Random,C,player_263f8b46-3658-4cbe-b36d-1f467832aa7c@localhost,TitForTatWithForgiveness,C,5,5,117,107
25,player_152a9437-d449-4c5c-aea4-fb15c47890bb@localhost,Random,C,player_263f8b46-3658-4cbe-b36d-1f467832aa7c@localhost,TitForTatWithForgiveness,C,5,5,122,112
26,player_152a9437-d449-4c5c-aea4-fb15c47890bb@localhost,Random,C,player_263f8b46-3658-4cbe-b36d-1f467832aa7c@localhost,TitForTatWithForgiveness,C,5,5,127,117
27,player_152a9437-d449-4c5c-aea4-fb15c47890bb@localhost,Random,D,player_263f8b46-3658-4cbe-b36d-1f467832aa7c@localhost,TitForTatWithForgiveness,C,10,0,137,117
28,player_152a9437-d449-4c5c-aea4-fb15c47890bb@localhost,Random,C,player_263f8b46-3658-4cbe-b36d-1f467832aa7c@localhost,TitForTatWithForgiveness,D,0,10,137,127
29,player_152a9437-d449-4c5c-aea4-fb15c47890bb@localhost,Random,D,player_263f8b46-3658-4cbe-b36d-1f467832aa7c@localhost,TitForTatWithForgiveness,C,10,0,147,127
30,player_152a9437-d449-4c5c-aea4-fb15c47890bb@localhost,Random,D,player_263f8b46-3658-4cbe-b36d-1f467832aa7c@localhost,TitForTatWithForgiveness,D,1,1,148,128
31,player_152a9437-d449-4c5c-aea4-fb15c47890bb@localhost,Random,D,player_263f8b46-3658-4cbe-b36d-1f467832aa7c@localhost,TitForTatWithForgiveness,D,1,1,149,129
32,player_152a9437-d449-4c5c-aea4-fb15c47890bb@localhost,Random,D,player_263f8b46-3658-4cbe-b36d-1f467832aa7c@localhost,TitForTatWithForgiveness,D,1,1,150,130
33,player_152a9437-d449-4c5c-aea4-fb15c47890bb@localhost,Random,D,player_263f8b46-3658-4cbe-b36d-1f467832aa7c@localhost,TitForTatWithForgiveness,D,1,1,151,131
34,player_152a9437-d449-4c5c-aea4-fb15c47890bb@localhost,Random,D,player_263f8b46-3658-4cbe-b36d-1f467832aa7c@localhost,TitForTatWithForgiveness,D,1,1,152,132
35,player_152a9437-d449-4c5c-aea4-fb15c47890bb@localhost,Random,D,player_263f8b46-3658-4cbe-b36d-1f467832aa7c@localhost,TitForTatWithForgiveness,C,10,0,162,132
36,player_152a9437-d449-4c5c-aea4-fb15c47890bb@localhost,Random,D,player_263f8b46-3658-4cbe-b36d-1f467832aa7c@localhost,TitForTatWithForgiveness,D,1,1,163,133
37,player_152a9437-d449-4c5c-aea4-fb15c47890bb@localhost,Random,C,player_263f8b46-3658-4cbe-b36d-1f467832aa7c@localhost,TitForTatWithForgiveness,D,0,10,163,143
38,player_152a9437-d449-4c5c-aea4-fb15c47890bb@localhost,Random,D,player_263f8b46-3658-4cbe-b36d-1f467832aa7c@localhost,TitForTatWithForgiveness,C,10,0,173,143
39,player_152a9437-d449-4c5c-aea4-fb15c47890bb@localhost,Random,C,player_263f8b46-3658-4cbe-b36d-1f467832aa7c@localhost,TitForTatWithForgiveness,D,0,10,173,153
40,player_152a9437-d449-4c5c-aea4-fb15c47890bb@localhost,Random,C,player_263f8b46-3658-4cbe-b36d-1f467832aa7c@localhost,TitForTatWithForgiveness,C,5,5,178,158
41,player_152a9437-d449-4c5c-aea4-fb15c47890bb@localhost,Random,D,player_263f8b46-3658-4cbe-b36d-1f467832aa7c@localhost,TitForTatWithForgiveness,C,10,0,188,158
42,player_152a9437-d449-4c5c-aea4-fb15c47890bb@localhost,Random,C,player_263f8b46-3658-4cbe-b36d-1f467832aa7c@localhost,TitForTatWithForgiveness,D,0,10,188,168
43,player_152a9437-d449-4c5c-aea4-fb15c47890bb@localhost,Random,D,player_263f8b46-3658-4cbe-b36d-1f467832aa7c@localhost,TitForTatWithForgiveness,C,10,0,198,168
44,player_152a9437-d449-4c5c-aea4-fb15c47890bb@localhost,Random,C,player_263f8b46-3658-4cbe-b36d-1f467832aa7c@localhost,TitForTatWithForgiveness,D,0,10,198,178
45,player_152a9437-d449-4c5c-aea4-fb15c47890bb@localhost,Random,C,player_263f8b46-3658-4cbe-b36d-1f467832aa7c@localhost,TitForTatWithForgiveness,C,5,5,203,183
46,player_152a9437-d449-4c5c-aea4-fb15c47890bb@localhost,Random,C,player_263f8b46-3658-4cbe-b36d-1f467832aa7c@localhost,TitForTatWithForgiveness,C,5,5,208,188
47,player_152a9437-d449-4c5c-aea4-fb15c47890bb@localhost,Random,D,player_263f8b46-3658-4cbe-b36d-1f467832aa7c@localhost,TitForTatWithForgiveness,C,10,0,218,188
48,player_152a9437-d449-4c5c-aea4-fb15c47890bb@localhost,Random,D,player_263f8b46-3658-4cbe-b36d-1f467832aa7c@localhost,TitForTatWithForgiveness,D,1,1,219,189
49,player_152a9437-d449-4c5c-aea4-fb15c47890bb@localhost,Random,C,player_263f8b46-3658-4cbe-b36d-1f467832aa7c@localhost,TitForTatWithForgiveness,D,0,10,219,199
50,player_152a9437-d449-4c5c-aea4-fb15c47890bb@localhost,Random,D,player_263f8b46-3658-4cbe-b36d-1f467832aa7c@localhost,TitForTatWithForgiveness,C,10,0,229,199
51,player_152a9437-d449-4c5c-aea4-fb15c47890bb@localhost,Random,C,player_263f8b46-3658-4cbe-b36d-1f467832aa7c@localhost,TitForTatWithForgiveness,D,0,10,229,209
52,player_152a9437-d449-4c5c-aea4-fb15c47890bb@localhost,Random,C,player_263f8b46-3658-4cbe-b36d-1f467832aa7c@localhost,TitForTatWithForgiveness,C,5,5,234,214
53,player_152a9437-d449-4c5c-aea4-fb15c47890bb@localhost,Random,C,player_263f8b46-3658-4cbe-b36d-1f467832aa7c@localhost,TitForTatWithForgiveness,C,5,5,239,219
54,player_152a9437-d449-4c5c-aea4-fb15c47890bb@localhost,Random,C,player_263f8b46-3658-4cbe-b36d-1f467832aa7c@localhost,TitForTatWithForgiveness,C,5,5,244,224
55,player_152a9437-d449-4c5c-aea4-fb15c47890bb@localhost,Random,C,player_263f8b46-3658-4cbe-b36d-1f467832aa7c@localhost,TitForTatWithForgiveness,C,5,5,249,229
56,player_152a9437-d449-4c5c-aea4-fb15c47890bb@localhost,Random,D,player_263f8b46-3658-4cbe-b36d-1f467832aa7c@localhost,TitForTatWithForgiveness,C,10,0,259,229
57,player_152a9437-d449-4c5c-aea4-fb15c47890bb@localhost,Random,C,player_263f8b46-3658-4cbe-b36d-1f467832aa7c@localhost,TitForTatWithForgiveness,D,0,10,259,239
58,player_152a9437-d449-4c5c-aea4-fb15c47890bb@localhost,Random,D,player_263f8b46-3658-4cbe-b36d-1f467832aa7c@localhost,TitForTatWithForgiveness,C,10,0,269,239
59,player_152a9437-d449-4c5c-aea4-fb15c47890bb@localhost,Random,C,player_263f8b46-3658-4cbe-b36d-1f467832aa7c@localhost,TitForTatWithForgiveness,D,0,10,269,249
60,player_152a9437-d449-4c5c-aea4-fb15c47890bb@localhost,Random,C,player_263f8b46-3658-4cbe-b36d-1f467832aa7c@localhost,TitForTatWithForgiveness,C,5,5,274,254
61,player_152a9437-d449-4c5c-aea4-fb15c47890bb@localhost,Random,D,player_263f8b46-3658-4cbe-b36d-1f467832aa7c@localhost,TitForTatWithForgiveness,C,10,0,284,254
62,player_152a9437-d449-4c5c-aea4-fb15c47890bb@localhost,Random,D,player_263f8b46-3658-4cbe-b36d-1f467832aa7c@localhost,TitForTatWithForgiveness,D,1,1,285,255
63,player_152a9437-d449-4c5c-aea4-fb15c47890bb@localhost,Random,C,player_263f8b46-3658-4cbe-b36d-1f467832aa7c@localhost,TitForTatWithForgiveness,C,5,5,290,260
64,player_152a9437-d449-4c5c-aea4-fb15c47890bb@localhost,Random,D,player_263f8b46-3658-4cbe-b36d-1f467832aa7c@localhost,TitForTatWithForgiveness,C,10,0,300,260
65,player_152a9437-d449-4c5c-aea4-fb15c47890bb@localhost,Random,C,player_263f8b46-3658-4cbe-b36d-1f467832aa7c@localhost,TitForTatWithForgiveness,C,5,5,305,265
66,player_152a9437-d449-4c5c-aea4-fb15c47890bb@localhost,Random,C,player_263f8b46-3658-4cbe-b36d-1f467832aa7c@localhost,TitForTatWithForgiveness,C,5,5,310,270
67,player_152a9437-d449-4c5c-aea4-fb15c47890bb@localhost,Random,C,player_263f8b46-3658-4cbe-b36d-1f467832aa7c@localhost,TitForTatWithForgiveness,C,5,5,315,275
68,player_152a9437-d449-4c5c-aea4-fb15c47890bb@localhost,Random,D,player_263f8b46-3658-4cbe-b36d-1f467832aa7c@localhost,TitForTatWithForgiveness,C,10,0,325,275
69,player_152a9437-d449-4c5c-aea4-fb15c47890bb@localhost,Random,D,player_263f8b46-3658-4cbe-b36d-1f467832aa7c@localhost,TitForTatWithForgiveness,D,1,1,326,276
70,player_152a9437-d449-4c5c-aea4-fb15c47890bb@localhost,Random,D,player_263f8b46-3658-4cbe-b36d-1f467832aa7c@localhost,TitForTatWithForgiveness,D,1,1,327,277
71,player_152a9437-d449-4c5c-aea4-fb15c47890bb@localhost,Random,C,player_263f8b46-3658-4cbe-b36d-1f467832aa7c@localhost,TitForTatWithForgiveness,D,0,10,327,287
72,player_152a9437-d449-4c5c-aea4-fb15c47890bb@localhost,Random,C,player_263f8b46-3658-4cbe-b36d-1f467832aa7c@localhost,TitForTatWithForgiveness,C,5,5,332,292
73,player_152a9437-d449-4c5c-aea4-fb15c47890bb@localhost,Random,C,player_263f8b46-3658-4cbe-b36d-1f467832aa7c@localhost,TitForTatWithForgiveness,C,5,5,337,297
74,player_152a9437-d449-4c5c-aea4-fb15c47890bb@localhost,Random,C,player_263f8b46-3658-4cbe-b36d-1f467832aa7c@localhost,TitForTatWithForgiveness,C,5,5,342,302
75,player_152a9437-d449-4c5c-aea4-fb15c47890bb@localhost,Random,D,player_263f8b46-3658-4cbe-b36d-1f467832aa7c@localhost,TitForTatWithForgiveness,C,10,0,352,302
76,player_152a9437-d449-4c5c-aea4-fb15c47890bb@localhost,Random,D,player_263f8b46-3658-4cbe-b36d-1f467832aa7c@localhost,TitForTatWithForgiveness,C,10,0,362,302
77,player_152a9437-d449-4c5c-aea4-fb15c47890bb@localhost,Random,C,player_263f8b46-3658-4cbe-b36d-1f467832aa7c@localhost,TitForTatWithForgiveness,D,0,10,362,312
78,player_152a9437-d449-4c5c-aea4-fb15c47890bb@localhost,Random,D,player_263f8b46-3658-4cbe-b36d-1f467832aa7c@localhost,TitForTatWithForgiveness,C,10,0,372,312
79,player_152a9437-d449-4c5c-aea4-fb15c47890bb@localhost,Random,D,player_263f8b46-3658-4cbe-b36d-1f467832aa7c@localhost,TitForTatWithForgiveness,D,1,1,373,313
80,player_152a9437-d449-4c5c-aea4-fb15c47890bb@localhost,Random,D,player_263f8b46-3658-4cbe-b36d-1f467832aa7c@localhost,TitForTatWithForgiveness,D,1,1,374,314
81,player_152a9437-d449-4c5c-aea4-fb15c47890bb@localhost,Random,C,player_263f8b46-3658-4cbe-b36d-1f467832aa7c@localhost,TitForTatWithForgiveness,D,0,10,374,324
82,player_152a9437-d449-4c5c-aea4-fb15c47890bb@localhost,Random,D,player_263f8b46-3658-4cbe-b36d-1f467832aa7c@localhost,TitForTatWithForgiveness,C,10,0,384,324
83,player_152a9437-d449-4c5c-aea4-fb15c47890bb@localhost,Random,C,player_263f8b46-3658-4cbe-b36d-1f467832aa7c@localhost,TitForTatWithForgiveness,D,0,10,384,334
84,player_152a9437-d449-4c5c-aea4-fb15c47890bb@localhost,Random,C,player_263f8b46-3658-4cbe-b36d-1f467832aa7c@localhost,TitForTatWithForgiveness,C,5,5,389,339
85,player_152a9437-d449-4c5c-aea4-fb15c47890bb@localhost,Random,D,player_263f8b46-3658-4cbe-b36d-1f467832aa7c@localhost,TitForTatWithForgiveness,C,10,0,399,339
86,player_152a9437-d449-4c5c-aea4-fb15c47890bb@localhost,Random,D,player_263f8b46-3658-4cbe-b36d-1f467832aa7c@localhost,TitForTatWithForgiveness,D,1,1,400,340
87,player_152a9437-d449-4c5c-aea4-fb15c47890bb@localhost,Random,D,player_263f8b46-3658-4cbe-b36d-1f467832aa7c@localhost,TitForTatWithForgiveness,D,1,1,401,341
88,player_152a9437-d449-4c5c-aea4-fb15c47890bb@localhost,Random,D,player_263f8b46-3658-4cbe-b36d-1f467832aa7c@localhost,TitForTatWithForgiveness,D,1,1,402,342
89,player_152a9437-d449-4c5c-aea4-fb15c47890bb@localhost,Random,D,player_263f8b46-3658-4cbe-b36d-1f467832aa7c@localhost,TitForTatWithForgiveness,D,1,1,403,343
90,player_152a9437-d449-4c5c-aea4-fb15c47890bb@localhost,Random,D,player_263f8b46-3658-4cbe-b36d-1f467832aa7c@localhost,TitForTatWithForgiveness,D,1,1,404,344
91,player_152a9437-d449-4c5c-aea4-fb15c47890bb@localhost,Random,D,player_263f8b46-3658-4cbe-b36d-1f467832aa7c@localhost,TitForTatWithForgiveness,D,1,1,405,345
92,player_152a9437-d449-4c5c-aea4-fb15c47890bb@localhost,Random,C,player_263f8b46-3658-4cbe-b36d-1f467832aa7c@localhost,TitForTatWithForgiveness,C,5,5,410,350
93,player_152a9437-d449-4c5c-aea4-fb15c47890bb@localhost,Random,D,player_263f8b46-3658-4cbe-b36d-1f467832aa7c@localhost,TitForTatWithForgiveness,C,10,0,420,350
94,player_152a9437-d449-4c5c-aea4-fb15c47890bb@localhost,Random,D,player_263f8b46-3658-4cbe-b36d-1f467832aa7c@localhost,TitForTatWithForgiveness,D,1,1,421,351
95,player_152a9437-d449-4c5c-aea4-fb15c47890bb@localhost,Random,D,player_263f8b46-3658-4cbe-b36d-1f467832aa7c@localhost,TitForTatWithForgiveness,D,1,1,422,352
96,player_152a9437-d449-4c5c-aea4-fb15c47890bb@localhost,Random,C,player_263f8b46-3658-4cbe-b36d-1f467832aa7c@localhost,TitForTatWithForgiveness,D,0,10,422,362
97,player_152a9437-d449-4c5c-aea4-fb15c47890bb@localhost,Random,C,player_263f8b46-3658-4cbe-b36d-1f467832aa7c@localhost,TitForTatWithForgiveness,C,5,5,427,367
98,player_152a9437-d449-4c5c-aea4-fb15c47890bb@localhost,Random,C,player_263f8b46-3658-4cbe-b36d-1f467832aa7c@localhost,TitForTatWithForgiveness,C,5,5,432,372
99,player_152a9437-d449-4c5c-aea4-fb15c47890bb@localhost,Random,C,player_263f8b46-3658-4cbe-b36d-1f467832aa7c@localhost,TitForTatWithForgiveness,C,5,5,437,377
100,player_152a9437-d449-4c5c-aea4-fb15c47890bb@localhost,Random,C,player_263f8b46-3658-4cbe-b36d-1f467832aa7c@localhost,TitForTatWithForgiveness,C,5,5,442,382
101,player_152a9437-d449-4c5c-aea4-fb15c47890bb@localhost,Random,C,player_263f8b46-3658-4cbe-b36d-1f467832aa7c@localhost,TitForTatWithForgiveness,C,5,5,447,387
102,player_152a9437-d449-4c5c-aea4-fb15c47890bb@localhost,Random,C,player_263f8b46-3658-4cbe-b36d-1f467832aa7c@localhost,TitForTatWithForgiveness,C,5,5,452,392
103,player_152a9437-d449-4c5c-aea4-fb15c47890bb@localhost,Random,D,player_263f8b46-3658-4cbe-b36d-1f467832aa7c@localhost,TitForTatWithForgiveness,C,10,0,462,392
104,player_152a9437-d449-4c5c-aea4-fb15c47890bb@localhost,Random,C,player_263f8b46-3658-4cbe-b36d-1f467832aa7c@localhost,TitForTatWithForgiveness,D,0,10,462,402
105,player_152a9437-d449-4c5c-aea4-fb15c47890bb@localhost,Random,D,player_263f8b46-3658-4cbe-b36d-1f467832aa7c@localhost,TitForTatWithForgiveness,C,10,0,472,402
106,player_152a9437-d449-4c5c-aea4-fb15c47890bb@localhost,Random,D,player_263f8b46-3658-4cbe-b36d-1f467832aa7c@localhost,TitForTatWithForgiveness,D,1,1,473,403
107,player_152a9437-d449-4c5c-aea4-fb15c47890bb@localhost,Random,D,player_263f8b46-3658-4cbe-b36d-1f467832aa7c@localhost,TitForTatWithForgiveness,D,1,1,474,404
108,player_152a9437-d449-4c5c-aea4-fb15c47890bb@localhost,Random,C,player_263f8b46-3658-4cbe-b36d-1f467832aa7c@localhost,TitForTatWithForgiveness,D,0,10,474,414
109,player_152a9437-d449-4c5c-aea4-fb15c47890bb@localhost,Random,D,player_263f8b46-3658-4cbe-b36d-1f467832aa7c@localhost,TitForTatWithForgiveness,C,10,0,484,414
110,player_152a9437-d449-4c5c-aea4-fb15c47890bb@localhost,Random,D,player_263f8b46-3658-4cbe-b36d-1f467832aa7c@localhost,TitForTatWithForgiveness,D,1,1,485,415
111,player_152a9437-d449-4c5c-aea4-fb15c47890bb@localhost,Random,C,player_263f8b46-3658-4cbe-b36d-1f467832aa7c@localhost,TitForTatWithForgiveness,D,0,10,485,425
112,player_152a9437-d449-4c5c-aea4-fb15c47890bb@localhost,Random,D,player_263f8b46-3658-4cbe-b36d-1f467832aa7c@localhost,TitForTatWithForgiveness,C,10,0,495,425
113,player_152a9437-d449-4c5c-aea4-fb15c47890bb@localhost,Random,D,player_263f8b46-3658-4cbe-b36d-1f467832aa7c@localhost,TitForTatWithForgiveness,D,1,1,496,426
114,player_152a9437-d449-4c5c-aea4-fb15c47890bb@localhost,Random,D,player_263f8b46-3658-4cbe-b36d-1f467832aa7c@localhost,TitForTatWithForgiveness,D,1,1,497,427
115,player_152a9437-d449-4c5c-aea4-fb15c47890bb@localhost,Random,D,player_263f8b46-3658-4cbe-b36d-1f467832aa7c@localhost,TitForTatWithForgiveness,D,1,1,498,428
116,player_152a9437-d449-4c5c-aea4-fb15c47890bb@localhost,Random,C,player_263f8b46-3658-4cbe-b36d-1f467832aa7c@localhost,TitForTatWithForgiveness,D,0,10,498,438
117,player_152a9437-d449-4c5c-aea4-fb15c47890bb@localhost,Random,C,player_263f8b46-3658-4cbe-b36d-1f467832aa7c@localhost,TitForTatWithForgiveness,C,5,5,503,443
118,player_152a9437-d449-4c5c-aea4-fb15c47890bb@localhost,Random,C,player_263f8b46-3658-4cbe-b36d-1f467832aa7c@localhost,TitForTatWithForgiveness,C,5,5,508,448
119,player_152a9437-d449-4c5c-aea4-fb15c47890bb@localhost,Random,C,player_263f8b46-3658-4cbe-b36d-1f467832aa7c@localhost,TitForTatWithForgiveness,C,5,5,513,453
120,player_152a9437-d449-4c5c-aea4-fb15c47890bb@localhost,Random,D,player_263f8b46-3658-4cbe-b36d-1f467832aa7c@localhost,TitForTatWithForgiveness,C,10,0,523,453
121,player_152a9437-d449-4c5c-aea4-fb15c47890bb@localhost,Random,C,player_263f8b46-3658-4cbe-b36d-1f467832aa7c@localhost,TitForTatWithForgiveness,D,0,10,523,463
122,player_152a9437-d449-4c5c-aea4-fb15c47890bb@localhost,Random,C,player_263f8b46-3658-4cbe-b36d-1f467832aa7c@localhost,TitForTatWithForgiveness,C,5,5,528,468
123,player_152a9437-d449-4c5c-aea4-fb15c47890bb@localhost,Random,C,player_263f8b46-3658-4cbe-b36d-1f467832aa7c@localhost,TitForTatWithForgiveness,C,5,5,533,473
124,player_152a9437-d449-4c5c-aea4-fb15c47890bb@localhost,Random,D,player_263f8b46-3658-4cbe-b36d-1f467832aa7c@localhost,TitForTatWithForgiveness,C,10,0,543,473
125,player_152a9437-d449-4c5c-aea4-fb15c47890bb@localhost,Random,D,player_263f8b46-3658-4cbe-b36d-1f467832aa7c@localhost,TitForTatWithForgiveness,C,10,0,553,473
126,player_152a9437-d449-4c5c-aea4-fb15c47890bb@localhost,Random,C,player_263f8b46-3658-4cbe-b36d-1f467832aa7c@localhost,TitForTatWithForgiveness,D,0,10,553,483
127,player_152a9437-d449-4c5c-aea4-fb15c47890bb@localhost,Random,C,player_263f8b46-3658-4cbe-b36d-1f467832aa7c@localhost,TitForTatWithForgiveness,C,5,5,558,488
128,player_152a9437-d449-4c5c-aea4-fb15c47890bb@localhost,Random,C,player_263f8b46-3658-4cbe-b36d-1f467832aa7c@localhost,TitForTatWithForgiveness,C,5,5,563,493
129,player_152a9437-d449-4c5c-aea4-fb15c47890bb@localhost,Random,D,player_263f8b46-3658-4cbe-b36d-1f467832aa7c@localhost,TitForTatWithForgiveness,C,10,0,573,493
130,player_152a9437-d449-4c5c-aea4-fb15c47890bb@localhost,Random,D,player_263f8b46-3658-4cbe-b36d-1f467832aa7c@localhost,TitForTatWithForgiveness,D,1,1,574,494
131,player_152a9437-d449-4c5c-aea4-fb15c47890bb@localhost,Random,D,player_263f8b46-3658-4cbe-b36d-1f467832aa7c@localhost,TitForTatWithForgiveness,D,1,1,575,495
132,player_152a9437-d449-4c5c-aea4-fb15c47890bb@localhost,Random,C,player_263f8b46-3658-4cbe-b36d-1f467832aa7c@localhost,TitForTatWithForgiveness,D,0,10,575,505
133,player_152a9437-d449-4c5c-aea4-fb15c47890bb@localhost,Random,D,player_263f8b46-3658-4cbe-b36d-1f467832aa7c@localhost,TitForTatWithForgiveness,C,10,0,585,505
134,player_152a9437-d449-4c5c-aea4-fb15c47890bb@localhost,Random,C,player_263f8b46-3658-4cbe-b36d-1f467832aa7c@localhost,TitForTatWithForgiveness,D,0,10,585,515
135,player_152a9437-d449-4c5c-aea4-fb15c47890bb@localhost,Random,C,player_263f8b46-3658-4cbe-b36d-1f467832aa7c@localhost,TitForTatWithForgiveness,C,5,5,590,520
136,player_152a9437-d449-4c5c-aea4-fb15c47890bb@localhost,Random,C,player_263f8b46-3658-4cbe-b36d-1f467832aa7c@localhost,TitForTatWithForgiveness,C,5,5,595,525
137,player_152a9437-d449-4c5c-aea4-fb15c47890bb@localhost,Random,D,player_263f8b46-3658-4cbe-b36d-1f467832aa7c@localhost,TitForTatWithForgiveness,C,10,0,605,525
138,player_152a9437-d449-4c5c-aea4-fb15c47890bb@localhost,Random,D,player_263f8b46-3658-4cbe-b36d-1f467832aa7c@localhost,TitForTatWithForgiveness,D,1,1,606,526
139,player_152a9437-d449-4c5c-aea4-fb15c47890bb@localhost,Random,C,player_263f8b46-3658-4cbe-b36d-1f467832aa7c@localhost,TitForTatWithForgiveness,D,0,10,606,536
140,player_152a9437-d449-4c5c-aea4-fb15c47890bb@localhost,Random,C,player_263f8b46-3658-4cbe-b36d-1f467832aa7c@localhost,TitForTatWithForgiveness,C,5,5,611,541
141,player_152a9437-d449-4c5c-aea4-fb15c47890bb@localhost,Random,C,player_263f8b46-3658-4cbe-b36d-1f467832aa7c@localhost,TitForTatWithForgiveness,C,5,5,616,546
142,player_152a9437-d449-4c5c-aea4-fb15c47890bb@localhost,Random,C,player_263f8b46-3658-4cbe-b36d-1f467832aa7c@localhost,TitForTatWithForgiveness,C,5,5,621,551
143,player_152a9437-d449-4c5c-aea4-fb15c47890bb@localhost,Random,D,player_263f8b46-3658-4cbe-b36d-1f467832aa7c@localhost,TitForTatWithForgiveness,C,10,0,631,551
144,player_152a9437-d449-4c5c-aea4-fb15c47890bb@localhost,Random,C,player_263f8b46-3658-4cbe-b36d-1f467832aa7c@localhost,TitForTatWithForgiveness,D,0,10,631,561
145,player_152a9437-d449-4c5c-aea4-fb15c47890bb@localhost,Random,C,player_263f8b46-3658-4cbe-b36d-1f467832aa7c@localhost,TitForTatWithForgiveness,C,5,5,636,566
146,player_152a9437-d449-4c5c-aea4-fb15c47890bb@localhost,Random,C,player_263f8b46-3658-4cbe-b36d-1f467832aa7c@localhost,TitForTatWithForgiveness,C,5,5,641,571
147,player_152a9437-d449-4c5c-aea4-fb15c47890bb@localhost,Random,D,player_263f8b46-3658-4cbe-b36d-1f467832aa7c@localhost,TitForTatWithForgiveness,C,10,0,651,571
148,player_152a9437-d449-4c5c-aea4-fb15c47890bb@localhost,Random,C,player_263f8b46-3658-4cbe-b36d-1f467832aa7c@localhost,TitForTatWithForgiveness,D,0,10,651,581
149,player_152a9437-d449-4c5c-aea4-fb15c47890bb@localhost,Random,D,player_263f8b46-3658-4cbe-b36d-1f467832aa7c@localhost,TitForTatWithForgiveness,C,10,0,661,581
150,player_152a9437-d449-4c5c-aea4-fb15c47890bb@localhost,Random,C,player_263f8b46-3658-4cbe-b36d-1f467832aa7c@localhost,TitForTatWithForgiveness,D,0,10,661,591
151,player_152a9437-d449-4c5c-aea4-fb15c47890bb@localhost,Random,C,player_263f8b46-3658-4cbe-b36d-1f467832aa7c@localhost,TitForTatWithForgiveness,C,5,5,666,596
152,player_152a9437-d449-4c5c-aea4-fb15c47890bb@localhost,Random,C,player_263f8b46-3658-4cbe-b36d-1f467832aa7c@localhost,TitForTatWithForgiveness,C,5,5,671,601
153,player_152a9437-d449-4c5c-aea4-fb15c47890bb@localhost,Random,D,player_263f8b46-3658-4cbe-b36d-1f467832aa7c@localhost,TitForTatWithForgiveness,C,10,0,681,601
154,player_152a9437-d449-4c5c-aea4-fb15c47890bb@localhost,Random,C,player_263f8b46-3658-4cbe-b36d-1f467832aa7c@localhost,TitForTatWithForgiveness,D,0,10,681,611
155,player_152a9437-d449-4c5c-aea4-fb15c47890bb@localhost,Random,C,player_263f8b46-3658-4cbe-b36d-1f467832aa7c@localhost,TitForTatWithForgiveness,C,5,5,686,616
156,player_152a9437-d449-4c5c-aea4-fb15c47890bb@localhost,Random,C,player_263f8b46-3658-4cbe-b36d-1f467832aa7c@localhost,TitForTatWithForgiveness,C,5,5,691,621
157,player_152a9437-d449-4c5c-aea4-fb15c47890bb@localhost,Random,D,player_263f8b46-3658-4cbe-b36d-1f467832aa7c@localhost,TitForTatWithForgiveness,C,10,0,701,621
158,player_152a9437-d449-4c5c-aea4-fb15c47890bb@localhost,Random,C,player_263f8b46-3658-4cbe-b36d-1f467832aa7c@localhost,TitForTatWithForgiveness,D,0,10,701,631
159,player_152a9437-d449-4c5c-aea4-fb15c47890bb@localhost,Random,C,player_263f8b46-3658-4cbe-b36d-1f467832aa7c@localhost,TitForTatWithForgiveness,C,5,5,706,636
160,player_152a9437-d449-4c5c-aea4-fb15c47890bb@localhost,Random,D,player_263f8b46-3658-4cbe-b36d-1f467832aa7c@localhost,TitForTatWithForgiveness,C,10,0,716,636
161,player_152a9437-d449-4c5c-aea4-fb15c47890bb@localhost,Random,C,player_263f8b46-3658-4cbe-b36d-1f467832aa7c@localhost,TitForTatWithForgiveness,D,0,10,716,646
162,player_152a9437-d449-4c5c-aea4-fb15c47890bb@localhost,Random,D,player_263f8b46-3658-4cbe-b36d-1f467832aa7c@localhost,TitForTatWithForgiveness,C,10,0,726,646
163,player_152a9437-d449-4c5c-aea4-fb15c47890bb@localhost,Random,C,player_263f8b46-3658-4cbe-b36d-1f467832aa7c@localhost,TitForTatWithForgiveness,D,0,10,726,656
164,player_152a9437-d449-4c5c-aea4-fb15c47890bb@localhost,Random,D,player_263f8b46-3658-4cbe-b36d-1f467832aa7c@localhost,TitForTatWithForgiveness,C,10,0,736,656
165,player_152a9437-d449-4c5c-aea4-fb15c47890bb@localhost,Random,D,player_263f8b46-3658-4cbe-b36d-1f467832aa7c@localhost,TitForTatWithForgiveness,D,1,1,737,657
166,player_152a9437-d449-4c5c-aea4-fb15c47890bb@localhost,Random,C,player_263f8b46-3658-4cbe-b36d-1f467832aa7c@localhost,TitForTatWithForgiveness,D,0,10,737,667
167,player_152a9437-d449-4c5c-aea4-fb15c47890bb@localhost,Random,D,player_263f8b46-3658-4cbe-b36d-1f467832aa7c@localhost,TitForTatWithForgiveness,C,10,0,747,667
168,player_152a9437-d449-4c5c-aea4-fb15c47890bb@localhost,Random,C,player_263f8b46-3658-4cbe-b36d-1f467832aa7c@localhost,TitForTatWithForgiveness,C,5,5,752,672
169,player_152a9437-d449-4c5c-aea4-fb15c47890bb@localhost,Random,C,player_263f8b46-3658-4cbe-b36d-1f467832aa7c@localhost,TitForTatWithForgiveness,C,5,5,757,677
170,player_152a9437-d449-4c5c-aea4-fb15c47890bb@localhost,Random,D,player_263f8b46-3658-4cbe-b36d-1f467832aa7c@localhost,TitForTatWithForgiveness,C,10,0,767,677
171,player_152a9437-d449-4c5c-aea4-fb15c47890bb@localhost,Random,C,player_263f8b46-3658-4cbe-b36d-1f467832aa7c@localhost,TitForTatWithForgiveness,D,0,10,767,687
172,player_152a9437-d449-4c5c-aea4-fb15c47890bb@localhost,Random,D,player_263f8b46-3658-4cbe-b36d-1f467832aa7c@localhost,TitForTatWithForgiveness,C,10,0,777,687
173,player_152a9437-d449-4c5c-aea4-fb15c47890bb@localhost,Random,D,player_263f8b46-3658-4cbe-b36d-1f467832aa7c@localhost,TitForTatWithForgiveness,D,1,1,778,688
174,player_152a9437-d449-4c5c-aea4-fb15c47890bb@localhost,Random,D,player_263f8b46-3658-4cbe-b36d-1f467832aa7c@localhost,TitForTatWithForgiveness,C,10,0,788,688
175,player_152a9437-d449-4c5c-aea4-fb15c47890bb@localhost,Random,D,player_263f8b46-3658-4cbe-b36d-1f467832aa7c@localhost,TitForTatWithForgiveness,D,1,1,789,689
176,player_152a9437-d449-4c5c-aea4-fb15c47890bb@localhost,Random,D,player_263f8b46-3658-4cbe-b36d-1f467832aa7c@localhost,TitForTatWithForgiveness,D,1,1,790,690
177,player_152a9437-d449-4c5c-aea4-fb15c47890bb@localhost,Random,D,player_263f8b46-3658-4cbe-b36d-1f467832aa7c@localhost,TitForTatWithForgiveness,C,10,0,800,690
178,player_152a9437-d449-4c5c-aea4-fb15c47890bb@localhost,Random,D,player_263f8b46-3658-4cbe-b36d-1f467832aa7c@localhost,TitForTatWithForgiveness,D,1,1,801,691
179,player_152a9437-d449-4c5c-aea4-fb15c47890bb@localhost,Random,D,player_263f8b46-3658-4cbe-b36d-1f467832aa7c@localhost,TitForTatWithForgiveness,D,1,1,802,692
180,player_152a9437-d449-4c5c-aea4-fb15c47890bb@localhost,Random,D,player_263f8b46-3658-4cbe-b36d-1f467832aa7c@localhost,TitForTatWithForgiveness,D,1,1,803,693
181,player_152a9437-d449-4c5c-aea4-fb15c47890bb@localhost,Random,D,player_263f8b46-3658-4cbe-b36d-1f467832aa7c@localhost,TitForTatWithForgiveness,D,1,1,804,694
182,player_152a9437-d449-4c5c-aea4-fb15c47890bb@localhost,Random,C,player_263f8b46-3658-4cbe-b36d-1f467832aa7c@localhost,TitForTatWithForgiveness,D,0,10,804,704
183,player_152a9437-d449-4c5c-aea4-fb15c47890bb@localhost,Random,C,player_263f8b46-3658-4cbe-b36d-1f467832aa7c@localhost,TitForTatWithForgiveness,C,5,5,809,709
184,player_152a9437-d449-4c5c-aea4-fb15c47890bb@localhost,Random,D,player_263f8b46-3658-4cbe-b36d-1f467832aa7c@localhost,TitForTatWithForgiveness,C,10,0,819,709
185,player_152a9437-d449-4c5c-aea4-fb15c47890bb@localhost,Random,D,player_263f8b46-3658-4cbe-b36d-1f467832aa7c@localhost,TitForTatWithForgiveness,D,1,1,820,710
186,player_152a9437-d449-4c5c-aea4-fb15c47890bb@localhost,Random,C,player_263f8b46-3658-4cbe-b36d-1f467832aa7c@localhost,TitForTatWithForgiveness,D,0,10,820,720
187,player_152a9437-d449-4c5c-aea4-fb15c47890bb@localhost,Random,D,player_263f8b46-3658-4cbe-b36d-1f467832aa7c@localhost,TitForTatWithForgiveness,C,10,0,830,720
188,player_152a9437-d449-4c5c-aea4-fb15c47890bb@localhost,Random,D,player_263f8b46-3658-4cbe-b36d-1f467832aa7c@localhost,TitForTatWithForgiveness,D,1,1,831,721
189,player_152a9437-d449-4c5c-aea4-fb15c47890bb@localhost,Random,D,player_263f8b46-3658-4cbe-b36d-1f467832aa7c@localhost,TitForTatWithForgiveness,D,1,1,832,722
190,player_152a9437-d449-4c5c-aea4-fb15c47890bb@localhost,Random,D,player_263f8b46-3658-4cbe-b36d-1f467832aa7c@localhost,TitForTatWithForgiveness,D,1,1,833,723
191,player_152a9437-d449-4c5c-aea4-fb15c47890bb@localhost,Random,D,player_263f8b46-3658-4cbe-b36d-1f467832aa7c@localhost,TitForTatWithForgiveness,D,1,1,834,724
192,player_152a9437-d449-4c5c-aea4-fb15c47890bb@localhost,Random,C,player_263f8b46-3658-4cbe-b36d-1f467832aa7c@localhost,TitForTatWithForgiveness,C,5,5,839,729
193,player_152a9437-d449-4c5c-aea4-fb15c47890bb@localhost,Random,C,player_263f8b46-3658-4cbe-b36d-1f467832aa7c@localhost,TitForTatWithForgiveness,C,5,5,844,734
194,player_152a9437-d449-4c5c-aea4-fb15c47890bb@localhost,Random,D,player_263f8b46-3658-4cbe-b36d-1f467832aa7c@localhost,TitForTatWithForgiveness,C,10,0,854,734
195,player_152a9437-d449-4c5c-aea4-fb15c47890bb@localhost,Random,D,player_263f8b46-3658-4cbe-b36d-1f467832aa7c@localhost,TitForTatWithForgiveness,D,1,1,855,735
196,player_152a9437-d449-4c5c-aea4-fb15c47890bb@localhost,Random,D,player_263f8b46-3658-4cbe-b36d-1f467832aa7c@localhost,TitForTatWithForgiveness,D,1,1,856,736
197,player_152a9437-d449-4c5c-aea4-fb15c47890bb@localhost,Random,C,player_263f8b46-3658-4cbe-b36d-1f467832aa7c@localhost,TitForTatWithForgiveness,D,0,10,856,746
198,player_152a9437-d449-4c5c-aea4-fb15c47890bb@localhost,Random,C,player_263f8b46-3658-4cbe-b36d-1f467832aa7c@localhost,TitForTatWithForgiveness,C,5,5,861,751
199,player_152a9437-d449-4c5c-aea4-fb15c47890bb@localhost,Random,D,player_263f8b46-3658-4cbe-b36d-1f467832aa7c@localhost,TitForTatWithForgiveness,C,10,0,871,751
200,player_152a9437-d449-4c5c-aea4-fb15c47890bb@localhost,Random,D,player_263f8b46-3658-4cbe-b36d-1f467832aa7c@localhost,TitForTatWithForgiveness,D,1,1,872,752
201,player_152a9437-d449-4c5c-aea4-fb15c47890bb@localhost,Random,D,player_263f8b46-3658-4cbe-b36d-1f467832aa7c@localhost,TitForTatWithForgiveness,D,1,1,873,753
202,player_152a9437-d449-4c5c-aea4-fb15c47890bb@localhost,Random,C,player_263f8b46-3658-4cbe-b36d-1f467832aa7c@localhost,TitForTatWithForgiveness,D,0,10,873,763
203,player_152a9437-d449-4c5c-aea4-fb15c47890bb@localhost,Random,C,player_263f8b46-3658-4cbe-b36d-1f467832aa7c@localhost,TitForTatWithForgiveness,C,5,5,878,768
204,player_152a9437-d449-4c5c-aea4-fb15c47890bb@localhost,Random,C,player_263f8b46-3658-4cbe-b36d-1f467832aa7c@localhost,TitForTatWithForgiveness,C,5,5,883,773
205,player_152a9437-d449-4c5c-aea4-fb15c47890bb@localhost,Random,D,player_263f8b46-3658-4cbe-b36d-1f467832aa7c@localhost,TitForTatWithForgiveness,C,10,0,893,773
206,player_152a9437-d449-4c5c-aea4-fb15c47890bb@localhost,Random,C,player_263f8b46-3658-4cbe-b36d-1f467832aa7c@localhost,TitForTatWithForgiveness,D,0,10,893,783
207,player_152a9437-d449-4c5c-aea4-fb15c47890bb@localhost,Random,D,player_263f8b46-3658-4cbe-b36d-1f467832aa7c@localhost,TitForTatWithForgiveness,C,10,0,903,783
208,player_152a9437-d449-4c5c-aea4-fb15c47890bb@localhost,Random,C,player_263f8b46-3658-4cbe-b36d-1f467832aa7c@localhost,TitForTatWithForgiveness,D,0,10,903,793
209,player_152a9437-d449-4c5c-aea4-fb15c47890bb@localhost,Random,D,player_263f8b46-3658-4cbe-b36d-1f467832aa7c@localhost,TitForTatWithForgiveness,C,10,0,913,793
210,player_152a9437-d449-4c5c-aea4-fb15c47890bb@localhost,Random,D,player_263f8b46-3658-4cbe-b36d-1f467832aa7c@localhost,TitForTatWithForgiveness,D,1,1,914,794
211,player_152a9437-d449-4c5c-aea4-fb15c47890bb@localhost,Random,D,player_263f8b46-3658-4cbe-b36d-1f467832aa7c@localhost,TitForTatWithForgiveness,D,1,1,915,795
212,player_152a9437-d449-4c5c-aea4-fb15c47890bb@localhost,Random,D,player_263f8b46-3658-4cbe-b36d-1f467832aa7c@localhost,TitForTatWithForgiveness,D,1,1,916,796
213,player_152a9437-d449-4c5c-aea4-fb15c47890bb@localhost,Random,C,player_263f8b46-3658-4cbe-b36d-1f467832aa7c@localhost,TitForTatWithForgiveness,D,0,10,916,806
214,player_152a9437-d449-4c5c-aea4-fb15c47890bb@localhost,Random,D,player_263f8b46-3658-4cbe-b36d-1f467832aa7c@localhost,TitForTatWithForgiveness,C,10,0,926,806
215,player_152a9437-d449-4c5c-aea4-fb15c47890bb@localhost,Random,C,player_263f8b46-3658-4cbe-b36d-1f467832aa7c@localhost,TitForTatWithForgiveness,D,0,10,926,816
216,player_152a9437-d449-4c5c-aea4-fb15c47890bb@localhost,Random,D,player_263f8b46-3658-4cbe-b36d-1f467832aa7c@localhost,TitForTatWithForgiveness,C,10,0,936,816
217,player_152a9437-d449-4c5c-aea4-fb15c47890bb@localhost,Random,C,player_263f8b46-3658-4cbe-b36d-1f467832aa7c@localhost,TitForTatWithForgiveness,D,0,10,936,826
218,player_152a9437-d449-4c5c-aea4-fb15c47890bb@localhost,Random,D,player_263f8b46-3658-4cbe-b36d-1f467832aa7c@localhost,TitForTatWithForgiveness,C,10,0,946,826
219,player_152a9437-d449-4c5c-aea4-fb15c47890bb@localhost,Random,D,player_263f8b46-3658-4cbe-b36d-1f467832aa7c@localhost,TitForTatWithForgiveness,D,1,1,947,827
220,player_152a9437-d449-4c5c-aea4-fb15c47890bb@localhost,Random,C,player_263f8b46-3658-4cbe-b36d-1f467832aa7c@localhost,TitForTatWithForgiveness,D,0,10,947,837
221,player_152a9437-d449-4c5c-aea4-fb15c47890bb@localhost,Random,C,player_263f8b46-3658-4cbe-b36d-1f467832aa7c@localhost,TitForTatWithForgiveness,C,5,5,952,842
222,player_152a9437-d449-4c5c-aea4-fb15c47890bb@localhost,Random,D,player_263f8b46-3658-4cbe-b36d-1f467832aa7c@localhost,TitForTatWithForgiveness,C,10,0,962,842
223,player_152a9437-d449-4c5c-aea4-fb15c47890bb@localhost,Random,C,player_263f8b46-3658-4cbe-b36d-1f467832aa7c@localhost,TitForTatWithForgiveness,D,0,10,962,852
224,player_152a9437-d449-4c5c-aea4-fb15c47890bb@localhost,Random,C,player_263f8b46-3658-4cbe-b36d-1f467832aa7c@localhost,TitForTatWithForgiveness,C,5,5,967,857
225,player_152a9437-d449-4c5c-aea4-fb15c47890bb@localhost,Random,D,player_263f8b46-3658-4cbe-b36d-1f467832aa7c@localhost,TitForTatWithForgiveness,C,10,0,977,857
226,player_152a9437-d449-4c5c-aea4-fb15c47890bb@localhost,Random,C,player_263f8b46-3658-4cbe-b36d-1f467832aa7c@localhost,TitForTatWithForgiveness,D,0,10,977,867
227,player_152a9437-d449-4c5c-aea4-fb15c47890bb@localhost,Random,C,player_263f8b46-3658-4cbe-b36d-1f467832aa7c@localhost,TitForTatWithForgiveness,C,5,5,982,872
228,player_152a9437-d449-4c5c-aea4-fb15c47890bb@localhost,Random,D,player_263f8b46-3658-4cbe-b36d-1f467832aa7c@localhost,TitForTatWithForgiveness,C,10,0,992,872
229,player_152a9437-d449-4c5c-aea4-fb15c47890bb@localhost,Random,D,player_263f8b46-3658-4cbe-b36d-1f467832aa7c@localhost,TitForTatWithForgiveness,D,1,1,993,873
230,player_152a9437-d449-4c5c-aea4-fb15c47890bb@localhost,Random,C,player_263f8b46-3658-4cbe-b36d-1f467832aa7c@localhost,TitForTatWithForgiveness,C,5,5,998,878
231,player_152a9437-d449-4c5c-aea4-fb15c47890bb@localhost,Random,D,player_263f8b46-3658-4cbe-b36d-1f467832aa7c@localhost,TitForTatWithForgiveness,C,10,0,1008,878
232,player_152a9437-d449-4c5c-aea4-fb15c47890bb@localhost,Random,D,player_263f8b46-3658-4cbe-b36d-1f467832aa7c@localhost,TitForTatWithForgiveness,D,1,1,1009,879
233,player_152a9437-d449-4c5c-aea4-fb15c47890bb@localhost,Random,C,player_263f8b46-3658-4cbe-b36d-1f467832aa7c@localhost,TitForTatWithForgiveness,D,0,10,1009,889
234,player_152a9437-d449-4c5c-aea4-fb15c47890bb@localhost,Random,C,player_263f8b46-3658-4cbe-b36d-1f467832aa7c@localhost,TitForTatWithForgiveness,C,5,5,1014,894
235,player_152a9437-d449-4c5c-aea4-fb15c47890bb@localhost,Random,C,player_263f8b46-3658-4cbe-b36d-1f467832aa7c@localhost,TitForTatWithForgiveness,C,5,5,1019,899
236,player_152a9437-d449-4c5c-aea4-fb15c47890bb@localhost,Random,C,player_263f8b46-3658-4cbe-b36d-1f467832aa7c@localhost,TitForTatWithForgiveness,C,5,5,1024,904
237,player_152a9437-d449-4c5c-aea4-fb15c47890bb@localhost,Random,D,player_263f8b46-3658-4cbe-b36d-1f467832aa7c@localhost,TitForTatWithForgiveness,C,10,0,1034,904
238,player_152a9437-d449-4c5c-aea4-fb15c47890bb@localhost,Random,C,player_263f8b46-3658-4cbe-b36d-1f467832aa7c@localhost,TitForTatWithForgiveness,D,0,10,1034,914
239,player_152a9437-d449-4c5c-aea4-fb15c47890bb@localhost,Random,D,player_263f8b46-3658-4cbe-b36d-1f467832aa7c@localhost,TitForTatWithForgiveness,C,10,0,1044,914
240,player_152a9437-d449-4c5c-aea4-fb15c47890bb@localhost,Random,D,player_263f8b46-3658-4cbe-b36d-1f467832aa7c@localhost,TitForTatWithForgiveness,D,1,1,1045,915
241,player_152a9437-d449-4c5c-aea4-fb15c47890bb@localhost,Random,C,player_263f8b46-3658-4cbe-b36d-1f467832aa7c@localhost,TitForTatWithForgiveness,D,0,10,1045,925
242,player_152a9437-d449-4c5c-aea4-fb15c47890bb@localhost,Random,D,player_263f8b46-3658-4cbe-b36d-1f467832aa7c@localhost,TitForTatWithForgiveness,C,10,0,1055,925
243,player_152a9437-d449-4c5c-aea4-fb15c47890bb@localhost,Random,C,player_263f8b46-3658-4cbe-b36d-1f467832aa7c@localhost,TitForTatWithForgiveness,D,0,10,1055,935
244,player_152a9437-d449-4c5c-aea4-fb15c47890bb@localhost,Random,C,player_263f8b46-3658-4cbe-b36d-1f467832aa7c@localhost,TitForTatWithForgiveness,C,5,5,1060,940
245,player_152a9437-d449-4c5c-aea4-fb15c47890bb@localhost,Random,D,player_263f8b46-3658-4cbe-b36d-1f467832aa7c@localhost,TitForTatWithForgiveness,C,10,0,1070,940
246,player_152a9437-d449-4c5c-aea4-fb15c47890bb@localhost,Random,C,player_263f8b46-3658-4cbe-b36d-1f467832aa7c@localhost,TitForTatWithForgiveness,D,0,10,1070,950
247,player_152a9437-d449-4c5c-aea4-fb15c47890bb@localhost,Random,D,player_263f8b46-3658-4cbe-b36d-1f467832aa7c@localhost,TitForTatWithForgiveness,C,10,0,1080,950
248,player_152a9437-d449-4c5c-aea4-fb15c47890bb@localhost,Random,D,player_263f8b46-3658-4cbe-b36d-1f467832aa7c@localhost,TitForTatWithForgiveness,D,1,1,1081,951
249,player_152a9437-d449-4c5c-aea4-fb15c47890bb@localhost,Random,D,player_263f8b46-3658-4cbe-b36d-1f467832aa7c@localhost,TitForTatWithForgiveness,D,1,1,1082,952
250,player_152a9437-d449-4c5c-aea4-fb15c47890bb@localhost,Random,C,player_263f8b46-3658-4cbe-b36d-1f467832aa7c@localhost,TitForTatWithForgiveness,D,0,10,1082,962
251,player_152a9437-d449-4c5c-aea4-fb15c47890bb@localhost,Random,D,player_263f8b46-3658-4cbe-b36d-1f467832aa7c@localhost,TitForTatWithForgiveness,C,10,0,1092,962
252,player_152a9437-d449-4c5c-aea4-fb15c47890bb@localhost,Random,C,player_263f8b46-3658-4cbe-b36d-1f467832aa7c@localhost,TitForTatWithForgiveness,D,0,10,1092,972
253,player_152a9437-d449-4c5c-aea4-fb15c47890bb@localhost,Random,D,player_263f8b46-3658-4cbe-b36d-1f467832aa7c@localhost,TitForTatWithForgiveness,C,10,0,1102,972
254,player_152a9437-d449-4c5c-aea4-fb15c47890bb@localhost,Random,D,player_263f8b46-3658-4cbe-b36d-1f467832aa7c@localhost,TitForTatWithForgiveness,D,1,1,1103,973
255,player_152a9437-d449-4c5c-aea4-fb15c47890bb@localhost,Random,D,player_263f8b46-3658-4cbe-b36d-1f467832aa7c@localhost,TitForTatWithForgiveness,D,1,1,1104,974
256,player_152a9437-d449-4c5c-aea4-fb15c47890bb@localhost,Random,C,player_263f8b46-3658-4cbe-b36d-1f467832aa7c@localhost,TitForTatWithForgiveness,D,0,10,1104,984
257,player_152a9437-d449-4c5c-aea4-fb15c47890bb@localhost,Random,D,player_263f8b46-3658-4cbe-b36d-1f467832aa7c@localhost,TitForTatWithForgiveness,C,10,0,1114,984
258,player_152a9437-d449-4c5c-aea4-fb15c47890bb@localhost,Random,D,player_263f8b46-3658-4cbe-b36d-1f467832aa7c@localhost,TitForTatWithForgiveness,D,1,1,1115,985
259,player_152a9437-d449-4c5c-aea4-fb15c47890bb@localhost,Random,D,player_263f8b46-3658-4cbe-b36d-1f467832aa7c@localhost,TitForTatWithForgiveness,D,1,1,1116,986
260,player_152a9437-d449-4c5c-aea4-fb15c47890bb@localhost,Random,C,player_263f8b46-3658-4cbe-b36d-1f467832aa7c@localhost,TitForTatWithForgiveness,D,0,10,1116,996
261,player_152a9437-d449-4c5c-aea4-fb15c47890bb@localhost,Random,D,player_263f8b46-3658-4cbe-b36d-1f467832aa7c@localhost,TitForTatWithForgiveness,C,10,0,1126,996
262,player_152a9437-d449-4c5c-aea4-fb15c47890bb@localhost,Random,D,player_263f8b46-3658-4cbe-b36d-1f467832aa7c@localhost,TitForTatWithForgiveness,D,1,1,1127,997
263,player_152a9437-d449-4c5c-aea4-fb15c47890bb@localhost,Random,C,player_263f8b46-3658-4cbe-b36d-1f467832aa7c@localhost,TitForTatWithForgiveness,D,0,10,1127,1007
264,player_152a9437-d449-4c5c-aea4-fb15c47890bb@localhost,Random,D,player_263f8b46-3658-4cbe-b36d-1f467832aa7c@localhost,TitForTatWithForgiveness,C,10,0,1137,1007
265,player_152a9437-d449-4c5c-aea4-fb15c47890bb@localhost,Random,D,player_263f8b46-3658-4cbe-b36d-1f467832aa7c@localhost,TitForTatWithForgiveness,D,1,1,1138,1008
266,player_152a9437-d449-4c5c-aea4-fb15c47890bb@localhost,Random,D,player_263f8b46-3658-4cbe-b36d-1f467832aa7c@localhost,TitForTatWithForgiveness,D,1,1,1139,1009
267,player_152a9437-d449-4c5c-aea4-fb15c47890bb@localhost,Random,C,player_263f8b46-3658-4cbe-b36d-1f467832aa7c@localhost,TitForTatWithForgiveness,D,0,10,1139,1019
268,player_152a9437-d449-4c5c-aea4-fb15c47890bb@localhost,Random,C,player_263f8b46-3658-4cbe-b36d-1f467832aa7c@localhost,TitForTatWithForgiveness,C,5,5,1144,1024
269,player_152a9437-d449-4c5c-aea4-fb15c47890bb@localhost,Random,C,player_263f8b46-3658-4cbe-b36d-1f467832aa7c@localhost,TitForTatWithForgiveness,C,5,5,1149,1029
270,player_152a9437-d449-4c5c-aea4-fb15c47890bb@localhost,Random,D,player_263f8b46-3658-4cbe-b36d-1f467832aa7c@localhost,TitForTatWithForgiveness,C,10,0,1159,1029
271,player_152a9437-d449-4c5c-aea4-fb15c47890bb@localhost,Random,D,player_263f8b46-3658-4cbe-b36d-1f467832aa7c@localhost,TitForTatWithForgiveness,C,10,0,1169,1029
272,player_152a9437-d449-4c5c-aea4-fb15c47890bb@localhost,Random,D,player_263f8b46-3658-4cbe-b36d-1f467832aa7c@localhost,TitForTatWithForgiveness,D,1,1,1170,1030
273,player_152a9437-d449-4c5c-aea4-fb15c47890bb@localhost,Random,D,player_263f8b46-3658-4cbe-b36d-1f467832aa7c@localhost,TitForTatWithForgiveness,D,1,1,1171,1031
274,player_152a9437-d449-4c5c-aea4-fb15c47890bb@localhost,Random,D,player_263f8b46-3658-4cbe-b36d-1f467832aa7c@localhost,TitForTatWithForgiveness,D,1,1,1172,1032
275,player_152a9437-d449-4c5c-aea4-fb15c47890bb@localhost,Random,C,player_263f8b46-3658-4cbe-b36d-1f467832aa7c@localhost,TitForTatWithForgiveness,D,0,10,1172,1042
276,player_152a9437-d449-4c5c-aea4-fb15c47890bb@localhost,Random,D,player_263f8b46-3658-4cbe-b36d-1f467832aa7c@localhost,TitForTatWithForgiveness,C,10,0,1182,1042
277,player_152a9437-d449-4c5c-aea4-fb15c47890bb@localhost,Random,D,player_263f8b46-3658-4cbe-b36d-1f467832aa7c@localhost,TitForTatWithForgiveness,D,1,1,1183,1043
278,player_152a9437-d449-4c5c-aea4-fb15c47890bb@localhost,Random,C,player_263f8b46-3658-4cbe-b36d-1f467832aa7c@localhost,TitForTatWithForgiveness,D,0,10,1183,1053
279,player_152a9437-d449-4c5c-aea4-fb15c47890bb@localhost,Random,C,player_263f8b46-3658-4cbe-b36d-1f467832aa7c@localhost,TitForTatWithForgiveness,C,5,5,1188,1058
280,player_152a9437-d449-4c5c-aea4-fb15c47890bb@localhost,Random,C,player_263f8b46-3658-4cbe-b36d-1f467832aa7c@localhost,TitForTatWithForgiveness,C,5,5,1193,1063
281,player_152a9437-d449-4c5c-aea4-fb15c47890bb@localhost,Random,D,player_263f8b46-3658-4cbe-b36d-1f467832aa7c@localhost,TitForTatWithForgiveness,C,10,0,1203,1063
282,player_152a9437-d449-4c5c-aea4-fb15c47890bb@localhost,Random,D,player_263f8b46-3658-4cbe-b36d-1f467832aa7c@localhost,TitForTatWithForgiveness,D,1,1,1204,1064
283,player_152a9437-d449-4c5c-aea4-fb15c47890bb@localhost,Random,D,player_263f8b46-3658-4cbe-b36d-1f467832aa7c@localhost,TitForTatWithForgiveness,D,1,1,1205,1065
284,player_152a9437-d449-4c5c-aea4-fb15c47890bb@localhost,Random,D,player_263f8b46-3658-4cbe-b36d-1f467832aa7c@localhost,TitForTatWithForgiveness,D,1,1,1206,1066
285,player_152a9437-d449-4c5c-aea4-fb15c47890bb@localhost,Random,D,player_263f8b46-3658-4cbe-b36d-1f467832aa7c@localhost,TitForTatWithForgiveness,D,1,1,1207,1067
286,player_152a9437-d449-4c5c-aea4-fb15c47890bb@localhost,Random,C,player_263f8b46-3658-4cbe-b36d-1f467832aa7c@localhost,TitForTatWithForgiveness,D,0,10,1207,1077
287,player_152a9437-d449-4c5c-aea4-fb15c47890bb@localhost,Random,D,player_263f8b46-3658-4cbe-b36d-1f467832aa7c@localhost,TitForTatWithForgiveness,C,10,0,1217,1077
288,player_152a9437-d449-4c5c-aea4-fb15c47890bb@localhost,Random,D,player_263f8b46-3658-4cbe-b36d-1f467832aa7c@localhost,TitForTatWithForgiveness,D,1,1,1218,1078
289,player_152a9437-d449-4c5c-aea4-fb15c47890bb@localhost,Random,D,player_263f8b46-3658-4cbe-b36d-1f467832aa7c@localhost,TitForTatWithForgiveness,D,1,1,1219,1079
290,player_152a9437-d449-4c5c-aea4-fb15c47890bb@localhost,Random,C,player_263f8b46-3658-4cbe-b36d-1f467832aa7c@localhost,TitForTatWithForgiveness,D,0,10,1219,1089
291,player_152a9437-d449-4c5c-aea4-fb15c47890bb@localhost,Random,C,player_263f8b46-3658-4cbe-b36d-1f467832aa7c@localhost,TitForTatWithForgiveness,C,5,5,1224,1094
292,player_152a9437-d449-4c5c-aea4-fb15c47890bb@localhost,Random,D,player_263f8b46-3658-4cbe-b36d-1f467832aa7c@localhost,TitForTatWithForgiveness,C,10,0,1234,1094
293,player_152a9437-d449-4c5c-aea4-fb15c47890bb@localhost,Random,D,player_263f8b46-3658-4cbe-b36d-1f467832aa7c@localhost,TitForTatWithForgiveness,D,1,1,1235,1095
294,player_152a9437-d449-4c5c-aea4-fb15c47890bb@localhost,Random,C,player_263f8b46-3658-4cbe-b36d-1f467832aa7c@localhost,TitForTatWithForgiveness,D,0,10,1235,1105
295,player_152a9437-d449-4c5c-aea4-fb15c47890bb@localhost,Random,D,player_263f8b46-3658-4cbe-b36d-1f467832aa7c@localhost,TitForTatWithForgiveness,C,10,0,1245,1105
296,player_152a9437-d449-4c5c-aea4-fb15c47890bb@localhost,Random,C,player_263f8b46-3658-4cbe-b36d-1f467832aa7c@localhost,TitForTatWithForgiveness,D,0,10,1245,1115
297,player_152a9437-d449-4c5c-aea4-fb15c47890bb@localhost,Random,C,player_263f8b46-3658-4cbe-b36d-1f467832aa7c@localhost,TitForTatWithForgiveness,C,5,5,1250,1120
298,player_152a9437-d449-4c5c-aea4-fb15c47890bb@localhost,Random,D,player_263f8b46-3658-4cbe-b36d-1f467832aa7c@localhost,TitForTatWithForgiveness,C,10,0,1260,1120
299,player_152a9437-d449-4c5c-aea4-fb15c47890bb@localhost,Random,C,player_263f8b46-3658-4cbe-b36d-1f467832aa7c@localhost,TitForTatWithForgiveness,D,0,10,1260,1130
300,player_152a9437-d449-4c5c-aea4-fb15c47890bb@localhost,Random,C,player_263f8b46-3658-4cbe-b36d-1f467832aa7c@localhost,TitForTatWithForgiveness,C,5,5,1265,1135
301,player_152a9437-d449-4c5c-aea4-fb15c47890bb@localhost,Random,D,player_263f8b46-3658-4cbe-b36d-1f467832aa7c@localhost,TitForTatWithForgiveness,C,10,0,1275,1135
302,player_152a9437-d449-4c5c-aea4-fb15c47890bb@localhost,Random,D,player_263f8b46-3658-4cbe-b36d-1f467832aa7c@localhost,TitForTatWithForgiveness,D,1,1,1276,1136
303,player_152a9437-d449-4c5c-aea4-fb15c47890bb@localhost,Random,C,player_263f8b46-3658-4cbe-b36d-1f467832aa7c@localhost,TitForTatWithForgiveness,D,0,10,1276,1146
304,player_152a9437-d449-4c5c-aea4-fb15c47890bb@localhost,Random,D,player_263f8b46-3658-4cbe-b36d-1f467832aa7c@localhost,TitForTatWithForgiveness,C,10,0,1286,1146
305,player_152a9437-d449-4c5c-aea4-fb15c47890bb@localhost,Random,C,player_263f8b46-3658-4cbe-b36d-1f467832aa7c@localhost,TitForTatWithForgiveness,C,5,5,1291,1151
306,player_152a9437-d449-4c5c-aea4-fb15c47890bb@localhost,Random,C,player_263f8b46-3658-4cbe-b36d-1f467832aa7c@localhost,TitForTatWithForgiveness,C,5,5,1296,1156
307,player_152a9437-d449-4c5c-aea4-fb15c47890bb@localhost,Random,D,player_263f8b46-3658-4cbe-b36d-1f467832aa7c@localhost,TitForTatWithForgiveness,C,10,0,1306,1156
308,player_152a9437-d449-4c5c-aea4-fb15c47890bb@localhost,Random,D,player_263f8b46-3658-4cbe-b36d-1f467832aa7c@localhost,TitForTatWithForgiveness,D,1,1,1307,1157
309,player_152a9437-d449-4c5c-aea4-fb15c47890bb@localhost,Random,D,player_263f8b46-3658-4cbe-b36d-1f467832aa7c@localhost,TitForTatWithForgiveness,D,1,1,1308,1158
310,player_152a9437-d449-4c5c-aea4-fb15c47890bb@localhost,Random,D,player_263f8b46-3658-4cbe-b36d-1f467832aa7c@localhost,TitForTatWithForgiveness,D,1,1,1309,1159
311,player_152a9437-d449-4c5c-aea4-fb15c47890bb@localhost,Random,D,player_263f8b46-3658-4cbe-b36d-1f467832aa7c@localhost,TitForTatWithForgiveness,D,1,1,1310,1160
312,player_152a9437-d449-4c5c-aea4-fb15c47890bb@localhost,Random,D,player_263f8b46-3658-4cbe-b36d-1f467832aa7c@localhost,TitForTatWithForgiveness,D,1,1,1311,1161
313,player_152a9437-d449-4c5c-aea4-fb15c47890bb@localhost,Random,D,player_263f8b46-3658-4cbe-b36d-1f467832aa7c@localhost,TitForTatWithForgiveness,D,1,1,1312,1162
314,player_152a9437-d449-4c5c-aea4-fb15c47890bb@localhost,Random,D,player_263f8b46-3658-4cbe-b36d-1f467832aa7c@localhost,TitForTatWithForgiveness,D,1,1,1313,1163
315,player_152a9437-d449-4c5c-aea4-fb15c47890bb@localhost,Random,D,player_263f8b46-3658-4cbe-b36d-1f467832aa7c@localhost,TitForTatWithForgiveness,D,1,1,1314,1164
316,player_152a9437-d449-4c5c-aea4-fb15c47890bb@localhost,Random,C,player_263f8b46-3658-4cbe-b36d-1f467832aa7c@localhost,TitForTatWithForgiveness,D,0,10,1314,1174
317,player_152a9437-d449-4c5c-aea4-fb15c47890bb@localhost,Random,D,player_263f8b46-3658-4cbe-b36d-1f467832aa7c@localhost,TitForTatWithForgiveness,C,10,0,1324,1174
318,player_152a9437-d449-4c5c-aea4-fb15c47890bb@localhost,Random,D,player_263f8b46-3658-4cbe-b36d-1f467832aa7c@localhost,TitForTatWithForgiveness,D,1,1,1325,1175
319,player_152a9437-d449-4c5c-aea4-fb15c47890bb@localhost,Random,D,player_263f8b46-3658-4cbe-b36d-1f467832aa7c@localhost,TitForTatWithForgiveness,C,10,0,1335,1175
320,player_152a9437-d449-4c5c-aea4-fb15c47890bb@localhost,Random,C,player_263f8b46-3658-4cbe-b36d-1f467832aa7c@localhost,TitForTatWithForgiveness,D,0,10,1335,1185
321,player_152a9437-d449-4c5c-aea4-fb15c47890bb@localhost,Random,C,player_263f8b46-3658-4cbe-b36d-1f467832aa7c@localhost,TitForTatWithForgiveness,C,5,5,1340,1190
322,player_152a9437-d449-4c5c-aea4-fb15c47890bb@localhost,Random,C,player_263f8b46-3658-4cbe-b36d-1f467832aa7c@localhost,TitForTatWithForgiveness,C,5,5,1345,1195
323,player_152a9437-d449-4c5c-aea4-fb15c47890bb@localhost,Random,D,player_263f8b46-3658-4cbe-b36d-1f467832aa7c@localhost,TitForTatWithForgiveness,C,10,0,1355,1195
324,player_152a9437-d449-4c5c-aea4-fb15c47890bb@localhost,Random,D,player_263f8b46-3658-4cbe-b36d-1f467832aa7c@localhost,TitForTatWithForgiveness,D,1,1,1356,1196
325,player_152a9437-d449-4c5c-aea4-fb15c47890bb@localhost,Random,D,player_263f8b46-3658-4cbe-b36d-1f467832aa7c@localhost,TitForTatWithForgiveness,D,1,1,1357,1197
326,player_152a9437-d449-4c5c-aea4-fb15c47890bb@localhost,Random,D,player_263f8b46-3658-4cbe-b36d-1f467832aa7c@localhost,TitForTatWithForgiveness,D,1,1,1358,1198
327,player_152a9437-d449-4c5c-aea4-fb15c47890bb@localhost,Random,C,player_263f8b46-3658-4cbe-b36d-1f467832aa7c@localhost,TitForTatWithForgiveness,C,5,5,1363,1203
328,player_152a9437-d449-4c5c-aea4-fb15c47890bb@localhost,Random,C,player_263f8b46-3658-4cbe-b36d-1f467832aa7c@localhost,TitForTatWithForgiveness,C,5,5,1368,1208
329,player_152a9437-d449-4c5c-aea4-fb15c47890bb@localhost,Random,C,player_263f8b46-3658-4cbe-b36d-1f467832aa7c@localhost,TitForTatWithForgiveness,C,5,5,1373,1213
330,player_152a9437-d449-4c5c-aea4-fb15c47890bb@localhost,Random,C,player_263f8b46-3658-4cbe-b36d-1f467832aa7c@localhost,TitForTatWithForgiveness,C,5,5,1378,1218
331,player_152a9437-d449-4c5c-aea4-fb15c47890bb@localhost,Random,C,player_263f8b46-3658-4cbe-b36d-1f467832aa7c@localhost,TitForTatWithForgiveness,C,5,5,1383,1223
332,player_152a9437-d449-4c5c-aea4-fb15c47890bb@localhost,Random,D,player_263f8b46-3658-4cbe-b36d-1f467832aa7c@localhost,TitForTatWithForgiveness,C,10,0,1393,1223
333,player_152a9437-d449-4c5c-aea4-fb15c47890bb@localhost,Random,D,player_263f8b46-3658-4cbe-b36d-1f467832aa7c@localhost,TitForTatWithForgiveness,D,1,1,1394,1224
334,player_152a9437-d449-4c5c-aea4-fb15c47890bb@localhost,Random,C,player_263f8b46-3658-4cbe-b36d-1f467832aa7c@localhost,TitForTatWithForgiveness,D,0,10,1394,1234
335,player_152a9437-d449-4c5c-aea4-fb15c47890bb@localhost,Random,C,player_263f8b46-3658-4cbe-b36d-1f467832aa7c@localhost,TitForTatWithForgiveness,C,5,5,1399,1239
336,player_152a9437-d449-4c5c-aea4-fb15c47890bb@localhost,Random,C,player_263f8b46-3658-4cbe-b36d-1f467832aa7c@localhost,TitForTatWithForgiveness,C,5,5,1404,1244
337,player_152a9437-d449-4c5c-aea4-fb15c47890bb@localhost,Random,C,player_263f8b46-3658-4cbe-b36d-1f467832aa7c@localhost,TitForTatWithForgiveness,C,5,5,1409,1249
338,player_152a9437-d449-4c5c-aea4-fb15c47890bb@localhost,Random,C,player_263f8b46-3658-4cbe-b36d-1f467832aa7c@localhost,TitForTatWithForgiveness,C,5,5,1414,1254
339,player_152a9437-d449-4c5c-aea4-fb15c47890bb@localhost,Random,C,player_263f8b46-3658-4cbe-b36d-1f467832aa7c@localhost,TitForTatWithForgiveness,C,5,5,1419,1259
340,player_152a9437-d449-4c5c-aea4-fb15c47890bb@localhost,Random,D,player_263f8b46-3658-4cbe-b36d-1f467832aa7c@localhost,TitForTatWithForgiveness,C,10,0,1429,1259
341,player_152a9437-d449-4c5c-aea4-fb15c47890bb@localhost,Random,C,player_263f8b46-3658-4cbe-b36d-1f467832aa7c@localhost,TitForTatWithForgiveness,D,0,10,1429,1269
342,player_152a9437-d449-4c5c-aea4-fb15c47890bb@localhost,Random,C,player_263f8b46-3658-4cbe-b36d-1f467832aa7c@localhost,TitForTatWithForgiveness,C,5,5,1434,1274
343,player_152a9437-d449-4c5c-aea4-fb15c47890bb@localhost,Random,D,player_263f8b46-3658-4cbe-b36d-1f467832aa7c@localhost,TitForTatWithForgiveness,C,10,0,1444,1274
344,player_152a9437-d449-4c5c-aea4-fb15c47890bb@localhost,Random,C,player_263f8b46-3658-4cbe-b36d-1f467832aa7c@localhost,TitForTatWithForgiveness,D,0,10,1444,1284
345,player_152a9437-d449-4c5c-aea4-fb15c47890bb@localhost,Random,D,player_263f8b46-3658-4cbe-b36d-1f467832aa7c@localhost,TitForTatWithForgiveness,C,10,0,1454,1284
346,player_152a9437-d449-4c5c-aea4-fb15c47890bb@localhost,Random,D,player_263f8b46-3658-4cbe-b36d-1f467832aa7c@localhost,TitForTatWithForgiveness,D,1,1,1455,1285
347,player_152a9437-d449-4c5c-aea4-fb15c47890bb@localhost,Random,C,player_263f8b46-3658-4cbe-b36d-1f467832aa7c@localhost,TitForTatWithForgiveness,D,0,10,1455,1295
348,player_152a9437-d449-4c5c-aea4-fb15c47890bb@localhost,Random,C,player_263f8b46-3658-4cbe-b36d-1f467832aa7c@localhost,TitForTatWithForgiveness,C,5,5,1460,1300
349,player_152a9437-d449-4c5c-aea4-fb15c47890bb@localhost,Random,D,player_263f8b46-3658-4cbe-b36d-1f467832aa7c@localhost,TitForTatWithForgiveness,C,10,0,1470,1300
350,player_152a9437-d449-4c5c-aea4-fb15c47890bb@localhost,Random,C,player_263f8b46-3658-4cbe-b36d-1f467832aa7c@localhost,TitForTatWithForgiveness,D,0,10,1470,1310
351,player_152a9437-d449-4c5c-aea4-fb15c47890bb@localhost,Random,C,player_263f8b46-3658-4cbe-b36d-1f467832aa7c@localhost,TitForTatWithForgiveness,C,5,5,1475,1315
352,player_152a9437-d449-4c5c-aea4-fb15c47890bb@localhost,Random,C,player_263f8b46-3658-4cbe-b36d-1f467832aa7c@localhost,TitForTatWithForgiveness,C,5,5,1480,1320
353,player_152a9437-d449-4c5c-aea4-fb15c47890bb@localhost,Random,D,player_263f8b46-3658-4cbe-b36d-1f467832aa7c@localhost,TitForTatWithForgiveness,C,10,0,1490,1320
354,player_152a9437-d449-4c5c-aea4-fb15c47890bb@localhost,Random,D,player_263f8b46-3658-4cbe-b36d-1f467832aa7c@localhost,TitForTatWithForgiveness,D,1,1,1491,1321
355,player_152a9437-d449-4c5c-aea4-fb15c47890bb@localhost,Random,C,player_263f8b46-3658-4cbe-b36d-1f467832aa7c@localhost,TitForTatWithForgiveness,D,0,10,1491,1331
356,player_152a9437-d449-4c5c-aea4-fb15c47890bb@localhost,Random,D,player_263f8b46-3658-4cbe-b36d-1f467832aa7c@localhost,TitForTatWithForgiveness,C,10,0,1501,1331
357,player_152a9437-d449-4c5c-aea4-fb15c47890bb@localhost,Random,C,player_263f8b46-3658-4cbe-b36d-1f467832aa7c@localhost,TitForTatWithForgiveness,D,0,10,1501,1341
358,player_152a9437-d449-4c5c-aea4-fb15c47890bb@localhost,Random,D,player_263f8b46-3658-4cbe-b36d-1f467832aa7c@localhost,TitForTatWithForgiveness,C,10,0,1511,1341
359,player_152a9437-d449-4c5c-aea4-fb15c47890bb@localhost,Random,D,player_263f8b46-3658-4cbe-b36d-1f467832aa7c@localhost,TitForTatWithForgiveness,D,1,1,1512,1342
360,player_152a9437-d449-4c5c-aea4-fb15c47890bb@localhost,Random,C,player_263f8b46-3658-4cbe-b36d-1f467832aa7c@localhost,TitForTatWithForgiveness,C,5,5,1517,1347
361,player_152a9437-d449-4c5c-aea4-fb15c47890bb@localhost,Random,D,player_263f8b46-3658-4cbe-b36d-1f467832aa7c@localhost,TitForTatWithForgiveness,C,10,0,1527,1347
362,player_152a9437-d449-4c5c-aea4-fb15c47890bb@localhost,Random,D,player_263f8b46-3658-4cbe-b36d-1f467832aa7c@localhost,TitForTatWithForgiveness,D,1,1,1528,1348
363,player_152a9437-d449-4c5c-aea4-fb15c47890bb@localhost,Random,D,player_263f8b46-3658-4cbe-b36d-1f467832aa7c@localhost,TitForTatWithForgiveness,D,1,1,1529,1349
364,player_152a9437-d449-4c5c-aea4-fb15c47890bb@localhost,Random,C,player_263f8b46-3658-4cbe-b36d-1f467832aa7c@localhost,TitForTatWithForgiveness,D,0,10,1529,1359
365,player_152a9437-d449-4c5c-aea4-fb15c47890bb@localhost,Random,C,player_263f8b46-3658-4cbe-b36d-1f467832aa7c@localhost,TitForTatWithForgiveness,C,5,5,1534,1364
366,player_152a9437-d449-4c5c-aea4-fb15c47890bb@localhost,Random,C,player_263f8b46-3658-4cbe-b36d-1f467832aa7c@localhost,TitForTatWithForgiveness,C,5,5,1539,1369
367,player_152a9437-d449-4c5c-aea4-fb15c47890bb@localhost,Random,C,player_263f8b46-3658-4cbe-b36d-1f467832aa7c@localhost,TitForTatWithForgiveness,C,5,5,1544,1374
368,player_152a9437-d449-4c5c-aea4-fb15c47890bb@localhost,Random,C,player_263f8b46-3658-4cbe-b36d-1f467832aa7c@localhost,TitForTatWithForgiveness,C,5,5,1549,1379
369,player_152a9437-d449-4c5c-aea4-fb15c47890bb@localhost,Random,C,player_263f8b46-3658-4cbe-b36d-1f467832aa7c@localhost,TitForTatWithForgiveness,C,5,5,1554,1384
370,player_152a9437-d449-4c5c-aea4-fb15c47890bb@localhost,Random,C,player_263f8b46-3658-4cbe-b36d-1f467832aa7c@localhost,TitForTatWithForgiveness,C,5,5,1559,1389
371,player_152a9437-d449-4c5c-aea4-fb15c47890bb@localhost,Random,C,player_263f8b46-3658-4cbe-b36d-1f467832aa7c@localhost,TitForTatWithForgiveness,C,5,5,1564,1394
372,player_152a9437-d449-4c5c-aea4-fb15c47890bb@localhost,Random,D,player_263f8b46-3658-4cbe-b36d-1f467832aa7c@localhost,TitForTatWithForgiveness,C,10,0,1574,1394
373,player_152a9437-d449-4c5c-aea4-fb15c47890bb@localhost,Random,C,player_263f8b46-3658-4cbe-b36d-1f467832aa7c@localhost,TitForTatWithForgiveness,C,5,5,1579,1399
374,player_152a9437-d449-4c5c-aea4-fb15c47890bb@localhost,Random,D,player_263f8b46-3658-4cbe-b36d-1f467832aa7c@localhost,TitForTatWithForgiveness,C,10,0,1589,1399
375,player_152a9437-d449-4c5c-aea4-fb15c47890bb@localhost,Random,D,player_263f8b46-3658-4cbe-b36d-1f467832aa7c@localhost,TitForTatWithForgiveness,D,1,1,1590,1400
376,player_152a9437-d449-4c5c-aea4-fb15c47890bb@localhost,Random,D,player_263f8b46-3658-4cbe-b36d-1f467832aa7c@localhost,TitForTatWithForgiveness,D,1,1,1591,1401
377,player_152a9437-d449-4c5c-aea4-fb15c47890bb@localhost,Random,C,player_263f8b46-3658-4cbe-b36d-1f467832aa7c@localhost,TitForTatWithForgiveness,D,0,10,1591,1411
378,player_152a9437-d449-4c5c-aea4-fb15c47890bb@localhost,Random,D,player_263f8b46-3658-4cbe-b36d-1f467832aa7c@localhost,TitForTatWithForgiveness,C,10,0,1601,1411
379,player_152a9437-d449-4c5c-aea4-fb15c47890bb@localhost,Random,C,player_263f8b46-3658-4cbe-b36d-1f467832aa7c@localhost,TitForTatWithForgiveness,C,5,5,1606,1416
380,player_152a9437-d449-4c5c-aea4-fb15c47890bb@localhost,Random,C,player_263f8b46-3658-4cbe-b36d-1f467832aa7c@localhost,TitForTatWithForgiveness,C,5,5,1611,1421
381,player_152a9437-d449-4c5c-aea4-fb15c47890bb@localhost,Random,D,player_263f8b46-3658-4cbe-b36d-1f467832aa7c@localhost,TitForTatWithForgiveness,C,10,0,1621,1421
382,player_152a9437-d449-4c5c-aea4-fb15c47890bb@localhost,Random,D,player_263f8b46-3658-4cbe-b36d-1f467832aa7c@localhost,TitForTatWithForgiveness,D,1,1,1622,1422
383,player_152a9437-d449-4c5c-aea4-fb15c47890bb@localhost,Random,D,player_263f8b46-3658-4cbe-b36d-1f467832aa7c@localhost,TitForTatWithForgiveness,D,1,1,1623,1423
384,player_152a9437-d449-4c5c-aea4-fb15c47890bb@localhost,Random,D,player_263f8b46-3658-4cbe-b36d-1f467832aa7c@localhost,TitForTatWithForgiveness,D,1,1,1624,1424
385,player_152a9437-d449-4c5c-aea4-fb15c47890bb@localhost,Random,C,player_263f8b46-3658-4cbe-b36d-1f467832aa7c@localhost,TitForTatWithForgiveness,D,0,10,1624,1434
386,player_152a9437-d449-4c5c-aea4-fb15c47890bb@localhost,Random,C,player_263f8b46-3658-4cbe-b36d-1f467832aa7c@localhost,TitForTatWithForgiveness,C,5,5,1629,1439
387,player_152a9437-d449-4c5c-aea4-fb15c47890bb@localhost,Random,D,player_263f8b46-3658-4cbe-b36d-1f467832aa7c@localhost,TitForTatWithForgiveness,C,10,0,1639,1439
388,player_152a9437-d449-4c5c-aea4-fb15c47890bb@localhost,Random,D,player_263f8b46-3658-4cbe-b36d-1f467832aa7c@localhost,TitForTatWithForgiveness,D,1,1,1640,1440
389,player_152a9437-d449-4c5c-aea4-fb15c47890bb@localhost,Random,C,player_263f8b46-3658-4cbe-b36d-1f467832aa7c@localhost,TitForTatWithForgiveness,D,0,10,1640,1450
390,player_152a9437-d449-4c5c-aea4-fb15c47890bb@localhost,Random,C,player_263f8b46-3658-4cbe-b36d-1f467832aa7c@localhost,TitForTatWithForgiveness,C,5,5,1645,1455
391,player_152a9437-d449-4c5c-aea4-fb15c47890bb@localhost,Random,D,player_263f8b46-3658-4cbe-b36d-1f467832aa7c@localhost,TitForTatWithForgiveness,C,10,0,1655,1455
392,player_152a9437-d449-4c5c-aea4-fb15c47890bb@localhost,Random,C,player_263f8b46-3658-4cbe-b36d-1f467832aa7c@localhost,TitForTatWithForgiveness,D,0,10,1655,1465
393,player_152a9437-d449-4c5c-aea4-fb15c47890bb@localhost,Random,C,player_263f8b46-3658-4cbe-b36d-1f467832aa7c@localhost,TitForTatWithForgiveness,C,5,5,1660,1470
394,player_152a9437-d449-4c5c-aea4-fb15c47890bb@localhost,Random,D,player_263f8b46-3658-4cbe-b36d-1f467832aa7c@localhost,TitForTatWithForgiveness,C,10,0,1670,1470
395,player_152a9437-d449-4c5c-aea4-fb15c47890bb@localhost,Random,C,player_263f8b46-3658-4cbe-b36d-1f467832aa7c@localhost,TitForTatWithForgiveness,D,0,10,1670,1480
396,player_152a9437-d449-4c5c-aea4-fb15c47890bb@localhost,Random,D,player_263f8b46-3658-4cbe-b36d-1f467832aa7c@localhost,TitForTatWithForgiveness,C,10,0,1680,1480
397,player_152a9437-d449-4c5c-aea4-fb15c47890bb@localhost,Random,D,player_263f8b46-3658-4cbe-b36d-1f467832aa7c@localhost,TitForTatWithForgiveness,D,1,1,1681,1481
398,player_152a9437-d449-4c5c-aea4-fb15c47890bb@localhost,Random,D,player_263f8b46-3658-4cbe-b36d-1f467832aa7c@localhost,TitForTatWithForgiveness,D,1,1,1682,1482
399,player_152a9437-d449-4c5c-aea4-fb15c47890bb@localhost,Random,D,player_263f8b46-3658-4cbe-b36d-1f467832aa7c@localhost,TitForTatWithForgiveness,D,1,1,1683,1483
400,player_152a9437-d449-4c5c-aea4-fb15c47890bb@localhost,Random,D,player_263f8b46-3658-4cbe-b36d-1f467832aa7c@localhost,TitForTatWithForgiveness,D,1,1,1684,1484
401,player_152a9437-d449-4c5c-aea4-fb15c47890bb@localhost,Random,D,player_263f8b46-3658-4cbe-b36d-1f467832aa7c@localhost,TitForTatWithForgiveness,D,1,1,1685,1485
402,player_152a9437-d449-4c5c-aea4-fb15c47890bb@localhost,Random,D,player_263f8b46-3658-4cbe-b36d-1f467832aa7c@localhost,TitForTatWithForgiveness,D,1,1,1686,1486
403,player_152a9437-d449-4c5c-aea4-fb15c47890bb@localhost,Random,C,player_263f8b46-3658-4cbe-b36d-1f467832aa7c@localhost,TitForTatWithForgiveness,D,0,10,1686,1496
404,player_152a9437-d449-4c5c-aea4-fb15c47890bb@localhost,Random,D,player_263f8b46-3658-4cbe-b36d-1f467832aa7c@localhost,TitForTatWithForgiveness,C,10,0,1696,1496
405,player_152a9437-d449-4c5c-aea4-fb15c47890bb@localhost,Random,D,player_263f8b46-3658-4cbe-b36d-1f467832aa7c@localhost,TitForTatWithForgiveness,D,1,1,1697,1497
406,player_152a9437-d449-4c5c-aea4-fb15c47890bb@localhost,Random,D,player_263f8b46-3658-4cbe-b36d-1f467832aa7c@localhost,TitForTatWithForgiveness,D,1,1,1698,1498
407,player_152a9437-d449-4c5c-aea4-fb15c47890bb@localhost,Random,C,player_263f8b46-3658-4cbe-b36d-1f467832aa7c@localhost,TitForTatWithForgiveness,D,0,10,1698,1508
408,player_152a9437-d449-4c5c-aea4-fb15c47890bb@localhost,Random,D,player_263f8b46-3658-4cbe-b36d-1f467832aa7c@localhost,TitForTatWithForgiveness,C,10,0,1708,1508
409,player_152a9437-d449-4c5c-aea4-fb15c47890bb@localhost,Random,D,player_263f8b46-3658-4cbe-b36d-1f467832aa7c@localhost,TitForTatWithForgiveness,D,1,1,1709,1509
410,player_152a9437-d449-4c5c-aea4-fb15c47890bb@localhost,Random,D,player_263f8b46-3658-4cbe-b36d-1f467832aa7c@localhost,TitForTatWithForgiveness,D,1,1,1710,1510
411,player_152a9437-d449-4c5c-aea4-fb15c47890bb@localhost,Random,C,player_263f8b46-3658-4cbe-b36d-1f467832aa7c@localhost,TitForTatWithForgiveness,C,5,5,1715,1515
412,player_152a9437-d449-4c5c-aea4-fb15c47890bb@localhost,Random,C,player_263f8b46-3658-4cbe-b36d-1f467832aa7c@localhost,TitForTatWithForgiveness,C,5,5,1720,1520
413,player_152a9437-d449-4c5c-aea4-fb15c47890bb@localhost,Random,C,player_263f8b46-3658-4cbe-b36d-1f467832aa7c@localhost,TitForTatWithForgiveness,C,5,5,1725,1525
414,player_152a9437-d449-4c5c-aea4-fb15c47890bb@localhost,Random,D,player_263f8b46-3658-4cbe-b36d-1f467832aa7c@localhost,TitForTatWithForgiveness,C,10,0,1735,1525
415,player_152a9437-d449-4c5c-aea4-fb15c47890bb@localhost,Random,D,player_263f8b46-3658-4cbe-b36d-1f467832aa7c@localhost,TitForTatWithForgiveness,D,1,1,1736,1526
416,player_152a9437-d449-4c5c-aea4-fb15c47890bb@localhost,Random,D,player_263f8b46-3658-4cbe-b36d-1f467832aa7c@localhost,TitForTatWithForgiveness,C,10,0,1746,1526
417,player_152a9437-d449-4c5c-aea4-fb15c47890bb@localhost,Random,D,player_263f8b46-3658-4cbe-b36d-1f467832aa7c@localhost,TitForTatWithForgiveness,D,1,1,1747,1527
418,player_152a9437-d449-4c5c-aea4-fb15c47890bb@localhost,Random,C,player_263f8b46-3658-4cbe-b36d-1f467832aa7c@localhost,TitForTatWithForgiveness,D,0,10,1747,1537
419,player_152a9437-d449-4c5c-aea4-fb15c47890bb@localhost,Random,D,player_263f8b46-3658-4cbe-b36d-1f467832aa7c@localhost,TitForTatWithForgiveness,C,10,0,1757,1537
420,player_152a9437-d449-4c5c-aea4-fb15c47890bb@localhost,Random,C,player_263f8b46-3658-4cbe-b36d-1f467832aa7c@localhost,TitForTatWithForgiveness,C,5,5,1762,1542
421,player_152a9437-d449-4c5c-aea4-fb15c47890bb@localhost,Random,C,player_263f8b46-3658-4cbe-b36d-1f467832aa7c@localhost,TitForTatWithForgiveness,C,5,5,1767,1547
422,player_152a9437-d449-4c5c-aea4-fb15c47890bb@localhost,Random,D,player_263f8b46-3658-4cbe-b36d-1f467832aa7c@localhost,TitForTatWithForgiveness,C,10,0,1777,1547
423,player_152a9437-d449-4c5c-aea4-fb15c47890bb@localhost,Random,C,player_263f8b46-3658-4cbe-b36d-1f467832aa7c@localhost,TitForTatWithForgiveness,C,5,5,1782,1552
424,player_152a9437-d449-4c5c-aea4-fb15c47890bb@localhost,Random,D,player_263f8b46-3658-4cbe-b36d-1f467832aa7c@localhost,TitForTatWithForgiveness,C,10,0,1792,1552
425,player_152a9437-d449-4c5c-aea4-fb15c47890bb@localhost,Random,C,player_263f8b46-3658-4cbe-b36d-1f467832aa7c@localhost,TitForTatWithForgiveness,D,0,10,1792,1562
426,player_152a9437-d449-4c5c-aea4-fb15c47890bb@localhost,Random,C,player_263f8b46-3658-4cbe-b36d-1f467832aa7c@localhost,TitForTatWithForgiveness,C,5,5,1797,1567
427,player_152a9437-d449-4c5c-aea4-fb15c47890bb@localhost,Random,C,player_263f8b46-3658-4cbe-b36d-1f467832aa7c@localhost,TitForTatWithForgiveness,C,5,5,1802,1572
428,player_152a9437-d449-4c5c-aea4-fb15c47890bb@localhost,Random,D,player_263f8b46-3658-4cbe-b36d-1f467832aa7c@localhost,TitForTatWithForgiveness,C,10,0,1812,1572
429,player_152a9437-d449-4c5c-aea4-fb15c47890bb@localhost,Random,D,player_263f8b46-3658-4cbe-b36d-1f467832aa7c@localhost,TitForTatWithForgiveness,D,1,1,1813,1573
430,player_152a9437-d449-4c5c-aea4-fb15c47890bb@localhost,Random,D,player_263f8b46-3658-4cbe-b36d-1f467832aa7c@localhost,TitForTatWithForgiveness,D,1,1,1814,1574
431,player_152a9437-d449-4c5c-aea4-fb15c47890bb@localhost,Random,C,player_263f8b46-3658-4cbe-b36d-1f467832aa7c@localhost,TitForTatWithForgiveness,D,0,10,1814,1584
432,player_152a9437-d449-4c5c-aea4-fb15c47890bb@localhost,Random,C,player_263f8b46-3658-4cbe-b36d-1f467832aa7c@localhost,TitForTatWithForgiveness,C,5,5,1819,1589
433,player_152a9437-d449-4c5c-aea4-fb15c47890bb@localhost,Random,C,player_263f8b46-3658-4cbe-b36d-1f467832aa7c@localhost,TitForTatWithForgiveness,C,5,5,1824,1594
434,player_152a9437-d449-4c5c-aea4-fb15c47890bb@localhost,Random,D,player_263f8b46-3658-4cbe-b36d-1f467832aa7c@localhost,TitForTatWithForgiveness,C,10,0,1834,1594
435,player_152a9437-d449-4c5c-aea4-fb15c47890bb@localhost,Random,C,player_263f8b46-3658-4cbe-b36d-1f467832aa7c@localhost,TitForTatWithForgiveness,D,0,10,1834,1604
436,player_152a9437-d449-4c5c-aea4-fb15c47890bb@localhost,Random,C,player_263f8b46-3658-4cbe-b36d-1f467832aa7c@localhost,TitForTatWithForgiveness,C,5,5,1839,1609
437,player_152a9437-d449-4c5c-aea4-fb15c47890bb@localhost,Random,D,player_263f8b46-3658-4cbe-b36d-1f467832aa7c@localhost,TitForTatWithForgiveness,C,10,0,1849,1609
438,player_152a9437-d449-4c5c-aea4-fb15c47890bb@localhost,Random,D,player_263f8b46-3658-4cbe-b36d-1f467832aa7c@localhost,TitForTatWithForgiveness,D,1,1,1850,1610
439,player_152a9437-d449-4c5c-aea4-fb15c47890bb@localhost,Random,D,player_263f8b46-3658-4cbe-b36d-1f467832aa7c@localhost,TitForTatWithForgiveness,D,1,1,1851,1611
440,player_152a9437-d449-4c5c-aea4-fb15c47890bb@localhost,Random,D,player_263f8b46-3658-4cbe-b36d-1f467832aa7c@localhost,TitForTatWithForgiveness,D,1,1,1852,1612
441,player_152a9437-d449-4c5c-aea4-fb15c47890bb@localhost,Random,C,player_263f8b46-3658-4cbe-b36d-1f467832aa7c@localhost,TitForTatWithForgiveness,D,0,10,1852,1622
442,player_152a9437-d449-4c5c-aea4-fb15c47890bb@localhost,Random,C,player_263f8b46-3658-4cbe-b36d-1f467832aa7c@localhost,TitForTatWithForgiveness,C,5,5,1857,1627
443,player_152a9437-d449-4c5c-aea4-fb15c47890bb@localhost,Random,C,player_263f8b46-3658-4cbe-b36d-1f467832aa7c@localhost,TitForTatWithForgiveness,C,5,5,1862,1632
444,player_152a9437-d449-4c5c-aea4-fb15c47890bb@localhost,Random,D,player_263f8b46-3658-4cbe-b36d-1f467832aa7c@localhost,TitForTatWithForgiveness,C,10,0,1872,1632
445,player_152a9437-d449-4c5c-aea4-fb15c47890bb@localhost,Random,D,player_263f8b46-3658-4cbe-b36d-1f467832aa7c@localhost,TitForTatWithForgiveness,D,1,1,1873,1633
446,player_152a9437-d449-4c5c-aea4-fb15c47890bb@localhost,Random,D,player_263f8b46-3658-4cbe-b36d-1f467832aa7c@localhost,TitForTatWithForgiveness,D,1,1,1874,1634
447,player_152a9437-d449-4c5c-aea4-fb15c47890bb@localhost,Random,D,player_263f8b46-3658-4cbe-b36d-1f467832aa7c@localhost,TitForTatWithForgiveness,D,1,1,1875,1635
448,player_152a9437-d449-4c5c-aea4-fb15c47890bb@localhost,Random,D,player_263f8b46-3658-4cbe-b36d-1f467832aa7c@localhost,TitForTatWithForgiveness,D,1,1,1876,1636
449,player_152a9437-d449-4c5c-aea4-fb15c47890bb@localhost,Random,D,player_263f8b46-3658-4cbe-b36d-1f467832aa7c@localhost,TitForTatWithForgiveness,D,1,1,1877,1637
450,player_152a9437-d449-4c5c-aea4-fb15c47890bb@localhost,Random,C,player_263f8b46-3658-4cbe-b36d-1f467832aa7c@localhost,TitForTatWithForgiveness,C,5,5,1882,1642
451,player_152a9437-d449-4c5c-aea4-fb15c47890bb@localhost,Random,C,player_263f8b46-3658-4cbe-b36d-1f467832aa7c@localhost,TitForTatWithForgiveness,C,5,5,1887,1647
452,player_152a9437-d449-4c5c-aea4-fb15c47890bb@localhost,Random,C,player_263f8b46-3658-4cbe-b36d-1f467832aa7c@localhost,TitForTatWithForgiveness,C,5,5,1892,1652
453,player_152a9437-d449-4c5c-aea4-fb15c47890bb@localhost,Random,D,player_263f8b46-3658-4cbe-b36d-1f467832aa7c@localhost,TitForTatWithForgiveness,C,10,0,1902,1652
454,player_152a9437-d449-4c5c-aea4-fb15c47890bb@localhost,Random,D,player_263f8b46-3658-4cbe-b36d-1f467832aa7c@localhost,TitForTatWithForgiveness,D,1,1,1903,1653
455,player_152a9437-d449-4c5c-aea4-fb15c47890bb@localhost,Random,D,player_263f8b46-3658-4cbe-b36d-1f467832aa7c@localhost,TitForTatWithForgiveness,D,1,1,1904,1654
456,player_152a9437-d449-4c5c-aea4-fb15c47890bb@localhost,Random,C,player_263f8b46-3658-4cbe-b36d-1f467832aa7c@localhost,TitForTatWithForgiveness,D,0,10,1904,1664
457,player_152a9437-d449-4c5c-aea4-fb15c47890bb@localhost,Random,D,player_263f8b46-3658-4cbe-b36d-1f467832aa7c@localhost,TitForTatWithForgiveness,C,10,0,1914,1664
458,player_152a9437-d449-4c5c-aea4-fb15c47890bb@localhost,Random,D,player_263f8b46-3658-4cbe-b36d-1f467832aa7c@localhost,TitForTatWithForgiveness,D,1,1,1915,1665
459,player_152a9437-d449-4c5c-aea4-fb15c47890bb@localhost,Random,C,player_263f8b46-3658-4cbe-b36d-1f467832aa7c@localhost,TitForTatWithForgiveness,D,0,10,1915,1675
460,player_152a9437-d449-4c5c-aea4-fb15c47890bb@localhost,Random,D,player_263f8b46-3658-4cbe-b36d-1f467832aa7c@localhost,TitForTatWithForgiveness,C,10,0,1925,1675
461,player_152a9437-d449-4c5c-aea4-fb15c47890bb@localhost,Random,D,player_263f8b46-3658-4cbe-b36d-1f467832aa7c@localhost,TitForTatWithForgiveness,D,1,1,1926,1676
462,player_152a9437-d449-4c5c-aea4-fb15c47890bb@localhost,Random,D,player_263f8b46-3658-4cbe-b36d-1f467832aa7c@localhost,TitForTatWithForgiveness,D,1,1,1927,1677
463,player_152a9437-d449-4c5c-aea4-fb15c47890bb@localhost,Random,D,player_263f8b46-3658-4cbe-b36d-1f467832aa7c@localhost,TitForTatWithForgiveness,D,1,1,1928,1678
464,player_152a9437-d449-4c5c-aea4-fb15c47890bb@localhost,Random,D,player_263f8b46-3658-4cbe-b36d-1f467832aa7c@localhost,TitForTatWithForgiveness,D,1,1,1929,1679
465,player_152a9437-d449-4c5c-aea4-fb15c47890bb@localhost,Random,C,player_263f8b46-3658-4cbe-b36d-1f467832aa7c@localhost,TitForTatWithForgiveness,C,5,5,1934,1684
466,player_152a9437-d449-4c5c-aea4-fb15c47890bb@localhost,Random,C,player_263f8b46-3658-4cbe-b36d-1f467832aa7c@localhost,TitForTatWithForgiveness,C,5,5,1939,1689
467,player_152a9437-d449-4c5c-aea4-fb15c47890bb@localhost,Random,D,player_263f8b46-3658-4cbe-b36d-1f467832aa7c@localhost,TitForTatWithForgiveness,C,10,0,1949,1689
468,player_152a9437-d449-4c5c-aea4-fb15c47890bb@localhost,Random,C,player_263f8b46-3658-4cbe-b36d-1f467832aa7c@localhost,TitForTatWithForgiveness,D,0,10,1949,1699
469,player_152a9437-d449-4c5c-aea4-fb15c47890bb@localhost,Random,C,player_263f8b46-3658-4cbe-b36d-1f467832aa7c@localhost,TitForTatWithForgiveness,C,5,5,1954,1704
470,player_152a9437-d449-4c5c-aea4-fb15c47890bb@localhost,Random,D,player_263f8b46-3658-4cbe-b36d-1f467832aa7c@localhost,TitForTatWithForgiveness,C,10,0,1964,1704
471,player_152a9437-d449-4c5c-aea4-fb15c47890bb@localhost,Random,C,player_263f8b46-3658-4cbe-b36d-1f467832aa7c@localhost,TitForTatWithForgiveness,D,0,10,1964,1714
472,player_152a9437-d449-4c5c-aea4-fb15c47890bb@localhost,Random,C,player_263f8b46-3658-4cbe-b36d-1f467832aa7c@localhost,TitForTatWithForgiveness,C,5,5,1969,1719
473,player_152a9437-d449-4c5c-aea4-fb15c47890bb@localhost,Random,D,player_263f8b46-3658-4cbe-b36d-1f467832aa7c@localhost,TitForTatWithForgiveness,C,10,0,1979,1719
474,player_152a9437-d449-4c5c-aea4-fb15c47890bb@localhost,Random,C,player_263f8b46-3658-4cbe-b36d-1f467832aa7c@localhost,TitForTatWithForgiveness,D,0,10,1979,1729
475,player_152a9437-d449-4c5c-aea4-fb15c47890bb@localhost,Random,D,player_263f8b46-3658-4cbe-b36d-1f467832aa7c@localhost,TitForTatWithForgiveness,C,10,0,1989,1729
476,player_152a9437-d449-4c5c-aea4-fb15c47890bb@localhost,Random,C,player_263f8b46-3658-4cbe-b36d-1f467832aa7c@localhost,TitForTatWithForgiveness,D,0,10,1989,1739
477,player_152a9437-d449-4c5c-aea4-fb15c47890bb@localhost,Random,C,player_263f8b46-3658-4cbe-b36d-1f467832aa7c@localhost,TitForTatWithForgiveness,C,5,5,1994,1744
478,player_152a9437-d449-4c5c-aea4-fb15c47890bb@localhost,Random,D,player_263f8b46-3658-4cbe-b36d-1f467832aa7c@localhost,TitForTatWithForgiveness,C,10,0,2004,1744
479,player_152a9437-d449-4c5c-aea4-fb15c47890bb@localhost,Random,C,player_263f8b46-3658-4cbe-b36d-1f467832aa7c@localhost,TitForTatWithForgiveness,D,0,10,2004,1754
480,player_152a9437-d449-4c5c-aea4-fb15c47890bb@localhost,Random,D,player_263f8b46-3658-4cbe-b36d-1f467832aa7c@localhost,TitForTatWithForgiveness,C,10,0,2014,1754
481,player_152a9437-d449-4c5c-aea4-fb15c47890bb@localhost,Random,C,player_263f8b46-3658-4cbe-b36d-1f467832aa7c@localhost,TitForTatWithForgiveness,D,0,10,2014,1764
482,player_152a9437-d449-4c5c-aea4-fb15c47890bb@localhost,Random,D,player_263f8b46-3658-4cbe-b36d-1f467832aa7c@localhost,TitForTatWithForgiveness,C,10,0,2024,1764
483,player_152a9437-d449-4c5c-aea4-fb15c47890bb@localhost,Random,D,player_263f8b46-3658-4cbe-b36d-1f467832aa7c@localhost,TitForTatWithForgiveness,D,1,1,2025,1765
484,player_152a9437-d449-4c5c-aea4-fb15c47890bb@localhost,Random,C,player_263f8b46-3658-4cbe-b36d-1f467832aa7c@localhost,TitForTatWithForgiveness,D,0,10,2025,1775
485,player_152a9437-d449-4c5c-aea4-fb15c47890bb@localhost,Random,C,player_263f8b46-3658-4cbe-b36d-1f467832aa7c@localhost,TitForTatWithForgiveness,C,5,5,2030,1780
486,player_152a9437-d449-4c5c-aea4-fb15c47890bb@localhost,Random,D,player_263f8b46-3658-4cbe-b36d-1f467832aa7c@localhost,TitForTatWithForgiveness,C,10,0,2040,1780
487,player_152a9437-d449-4c5c-aea4-fb15c47890bb@localhost,Random,C,player_263f8b46-3658-4cbe-b36d-1f467832aa7c@localhost,TitForTatWithForgiveness,D,0,10,2040,1790
488,player_152a9437-d449-4c5c-aea4-fb15c47890bb@localhost,Random,C,player_263f8b46-3658-4cbe-b36d-1f467832aa7c@localhost,TitForTatWithForgiveness,C,5,5,2045,1795
489,player_152a9437-d449-4c5c-aea4-fb15c47890bb@localhost,Random,D,player_263f8b46-3658-4cbe-b36d-1f467832aa7c@localhost,TitForTatWithForgiveness,C,10,0,2055,1795
490,player_152a9437-d449-4c5c-aea4-fb15c47890bb@localhost,Random,C,player_263f8b46-3658-4cbe-b36d-1f467832aa7c@localhost,TitForTatWithForgiveness,D,0,10,2055,1805
491,player_152a9437-d449-4c5c-aea4-fb15c47890bb@localhost,Random,C,player_263f8b46-3658-4cbe-b36d-1f467832aa7c@localhost,TitForTatWithForgiveness,C,5,5,2060,1810
492,player_152a9437-d449-4c5c-aea4-fb15c47890bb@localhost,Random,C,player_263f8b46-3658-4cbe-b36d-1f467832aa7c@localhost,TitForTatWithForgiveness,C,5,5,2065,1815
493,player_152a9437-d449-4c5c-aea4-fb15c47890bb@localhost,Random,C,player_263f8b46-3658-4cbe-b36d-1f467832aa7c@localhost,TitForTatWithForgiveness,C,5,5,2070,1820
494,player_152a9437-d449-4c5c-aea4-fb15c47890bb@localhost,Random,D,player_263f8b46-3658-4cbe-b36d-1f467832aa7c@localhost,TitForTatWithForgiveness,C,10,0,2080,1820
495,player_152a9437-d449-4c5c-aea4-fb15c47890bb@localhost,Random,D,player_263f8b46-3658-4cbe-b36d-1f467832aa7c@localhost,TitForTatWithForgiveness,D,1,1,2081,1821
496,player_152a9437-d449-4c5c-aea4-fb15c47890bb@localhost,Random,D,player_263f8b46-3658-4cbe-b36d-1f467832aa7c@localhost,TitForTatWithForgiveness,D,1,1,2082,1822
497,player_152a9437-d449-4c5c-aea4-fb15c47890bb@localhost,Random,D,player_263f8b46-3658-4cbe-b36d-1f467832aa7c@localhost,TitForTatWithForgiveness,D,1,1,2083,1823
498,player_152a9437-d449-4c5c-aea4-fb15c47890bb@localhost,Random,C,player_263f8b46-3658-4cbe-b36d-1f467832aa7c@localhost,TitForTatWithForgiveness,D,0,10,2083,1833
499,player_152a9437-d449-4c5c-aea4-fb15c47890bb@localhost,Random,C,player_263f8b46-3658-4cbe-b36d-1f467832aa7c@localhost,TitForTatWithForgiveness,C,5,5,2088,1838
500,player_152a9437-d449-4c5c-aea4-fb15c47890bb@localhost,Random,D,player_263f8b46-3658-4cbe-b36d-1f467832aa7c@localhost,TitForTatWithForgiveness,C,10,0,2098,1838
501,player_152a9437-d449-4c5c-aea4-fb15c47890bb@localhost,Random,D,player_263f8b46-3658-4cbe-b36d-1f467832aa7c@localhost,TitForTatWithForgiveness,D,1,1,2099,1839
502,player_152a9437-d449-4c5c-aea4-fb15c47890bb@localhost,Random,D,player_263f8b46-3658-4cbe-b36d-1f467832aa7c@localhost,TitForTatWithForgiveness,D,1,1,2100,1840
503,player_152a9437-d449-4c5c-aea4-fb15c47890bb@localhost,Random,C,player_263f8b46-3658-4cbe-b36d-1f467832aa7c@localhost,TitForTatWithForgiveness,D,0,10,2100,1850
504,player_152a9437-d449-4c5c-aea4-fb15c47890bb@localhost,Random,D,player_263f8b46-3658-4cbe-b36d-1f467832aa7c@localhost,TitForTatWithForgiveness,C,10,0,2110,1850
505,player_152a9437-d449-4c5c-aea4-fb15c47890bb@localhost,Random,D,player_263f8b46-3658-4cbe-b36d-1f467832aa7c@localhost,TitForTatWithForgiveness,D,1,1,2111,1851
506,player_152a9437-d449-4c5c-aea4-fb15c47890bb@localhost,Random,C,player_263f8b46-3658-4cbe-b36d-1f467832aa7c@localhost,TitForTatWithForgiveness,D,0,10,2111,1861
507,player_152a9437-d449-4c5c-aea4-fb15c47890bb@localhost,Random,D,player_263f8b46-3658-4cbe-b36d-1f467832aa7c@localhost,TitForTatWithForgiveness,C,10,0,2121,1861
508,player_152a9437-d449-4c5c-aea4-fb15c47890bb@localhost,Random,C,player_263f8b46-3658-4cbe-b36d-1f467832aa7c@localhost,TitForTatWithForgiveness,D,0,10,2121,1871
509,player_152a9437-d449-4c5c-aea4-fb15c47890bb@localhost,Random,C,player_263f8b46-3658-4cbe-b36d-1f467832aa7c@localhost,TitForTatWithForgiveness,C,5,5,2126,1876
510,player_152a9437-d449-4c5c-aea4-fb15c47890bb@localhost,Random,C,player_263f8b46-3658-4cbe-b36d-1f467832aa7c@localhost,TitForTatWithForgiveness,C,5,5,2131,1881
511,player_152a9437-d449-4c5c-aea4-fb15c47890bb@localhost,Random,C,player_263f8b46-3658-4cbe-b36d-1f467832aa7c@localhost,TitForTatWithForgiveness,C,5,5,2136,1886
512,player_152a9437-d449-4c5c-aea4-fb15c47890bb@localhost,Random,D,player_263f8b46-3658-4cbe-b36d-1f467832aa7c@localhost,TitForTatWithForgiveness,C,10,0,2146,1886
513,player_152a9437-d449-4c5c-aea4-fb15c47890bb@localhost,Random,C,player_263f8b46-3658-4cbe-b36d-1f467832aa7c@localhost,TitForTatWithForgiveness,D,0,10,2146,1896
514,player_152a9437-d449-4c5c-aea4-fb15c47890bb@localhost,Random,D,player_263f8b46-3658-4cbe-b36d-1f467832aa7c@localhost,TitForTatWithForgiveness,C,10,0,2156,1896
515,player_152a9437-d449-4c5c-aea4-fb15c47890bb@localhost,Random,D,player_263f8b46-3658-4cbe-b36d-1f467832aa7c@localhost,TitForTatWithForgiveness,D,1,1,2157,1897
516,player_152a9437-d449-4c5c-aea4-fb15c47890bb@localhost,Random,C,player_263f8b46-3658-4cbe-b36d-1f467832aa7c@localhost,TitForTatWithForgiveness,D,0,10,2157,1907
517,player_152a9437-d449-4c5c-aea4-fb15c47890bb@localhost,Random,D,player_263f8b46-3658-4cbe-b36d-1f467832aa7c@localhost,TitForTatWithForgiveness,C,10,0,2167,1907
518,player_152a9437-d449-4c5c-aea4-fb15c47890bb@localhost,Random,D,player_263f8b46-3658-4cbe-b36d-1f467832aa7c@localhost,TitForTatWithForgiveness,D,1,1,2168,1908
519,player_152a9437-d449-4c5c-aea4-fb15c47890bb@localhost,Random,D,player_263f8b46-3658-4cbe-b36d-1f467832aa7c@localhost,TitForTatWithForgiveness,D,1,1,2169,1909
520,player_152a9437-d449-4c5c-aea4-fb15c47890bb@localhost,Random,D,player_263f8b46-3658-4cbe-b36d-1f467832aa7c@localhost,TitForTatWithForgiveness,D,1,1,2170,1910
521,player_152a9437-d449-4c5c-aea4-fb15c47890bb@localhost,Random,C,player_263f8b46-3658-4cbe-b36d-1f467832aa7c@localhost,TitForTatWithForgiveness,D,0,10,2170,1920
522,player_152a9437-d449-4c5c-aea4-fb15c47890bb@localhost,Random,D,player_263f8b46-3658-4cbe-b36d-1f467832aa7c@localhost,TitForTatWithForgiveness,C,10,0,2180,1920
523,player_152a9437-d449-4c5c-aea4-fb15c47890bb@localhost,Random,D,player_263f8b46-3658-4cbe-b36d-1f467832aa7c@localhost,TitForTatWithForgiveness,D,1,1,2181,1921
524,player_152a9437-d449-4c5c-aea4-fb15c47890bb@localhost,Random,C,player_263f8b46-3658-4cbe-b36d-1f467832aa7c@localhost,TitForTatWithForgiveness,D,0,10,2181,1931
525,player_152a9437-d449-4c5c-aea4-fb15c47890bb@localhost,Random,D,player_263f8b46-3658-4cbe-b36d-1f467832aa7c@localhost,TitForTatWithForgiveness,C,10,0,2191,1931
526,player_152a9437-d449-4c5c-aea4-fb15c47890bb@localhost,Random,D,player_263f8b46-3658-4cbe-b36d-1f467832aa7c@localhost,TitForTatWithForgiveness,D,1,1,2192,1932
527,player_152a9437-d449-4c5c-aea4-fb15c47890bb@localhost,Random,D,player_263f8b46-3658-4cbe-b36d-1f467832aa7c@localhost,TitForTatWithForgiveness,D,1,1,2193,1933
528,player_152a9437-d449-4c5c-aea4-fb15c47890bb@localhost,Random,C,player_263f8b46-3658-4cbe-b36d-1f467832aa7c@localhost,TitForTatWithForgiveness,D,0,10,2193,1943
529,player_152a9437-d449-4c5c-aea4-fb15c47890bb@localhost,Random,D,player_263f8b46-3658-4cbe-b36d-1f467832aa7c@localhost,TitForTatWithForgiveness,C,10,0,2203,1943
530,player_152a9437-d449-4c5c-aea4-fb15c47890bb@localhost,Random,C,player_263f8b46-3658-4cbe-b36d-1f467832aa7c@localhost,TitForTatWithForgiveness,D,0,10,2203,1953
531,player_152a9437-d449-4c5c-aea4-fb15c47890bb@localhost,Random,D,player_263f8b46-3658-4cbe-b36d-1f467832aa7c@localhost,TitForTatWithForgiveness,C,10,0,2213,1953
532,player_152a9437-d449-4c5c-aea4-fb15c47890bb@localhost,Random,D,player_263f8b46-3658-4cbe-b36d-1f467832aa7c@localhost,TitForTatWithForgiveness,D,1,1,2214,1954
533,player_152a9437-d449-4c5c-aea4-fb15c47890bb@localhost,Random,C,player_263f8b46-3658-4cbe-b36d-1f467832aa7c@localhost,TitForTatWithForgiveness,D,0,10,2214,1964
534,player_152a9437-d449-4c5c-aea4-fb15c47890bb@localhost,Random,C,player_263f8b46-3658-4cbe-b36d-1f467832aa7c@localhost,TitForTatWithForgiveness,C,5,5,2219,1969
535,player_152a9437-d449-4c5c-aea4-fb15c47890bb@localhost,Random,D,player_263f8b46-3658-4cbe-b36d-1f467832aa7c@localhost,TitForTatWithForgiveness,C,10,0,2229,1969
536,player_152a9437-d449-4c5c-aea4-fb15c47890bb@localhost,Random,C,player_263f8b46-3658-4cbe-b36d-1f467832aa7c@localhost,TitForTatWithForgiveness,D,0,10,2229,1979
537,player_152a9437-d449-4c5c-aea4-fb15c47890bb@localhost,Random,C,player_263f8b46-3658-4cbe-b36d-1f467832aa7c@localhost,TitForTatWithForgiveness,C,5,5,2234,1984
538,player_152a9437-d449-4c5c-aea4-fb15c47890bb@localhost,Random,C,player_263f8b46-3658-4cbe-b36d-1f467832aa7c@localhost,TitForTatWithForgiveness,C,5,5,2239,1989
539,player_152a9437-d449-4c5c-aea4-fb15c47890bb@localhost,Random,C,player_263f8b46-3658-4cbe-b36d-1f467832aa7c@localhost,TitForTatWithForgiveness,C,5,5,2244,1994
540,player_152a9437-d449-4c5c-aea4-fb15c47890bb@localhost,Random,D,player_263f8b46-3658-4cbe-b36d-1f467832aa7c@localhost,TitForTatWithForgiveness,C,10,0,2254,1994
541,player_152a9437-d449-4c5c-aea4-fb15c47890bb@localhost,Random,D,player_263f8b46-3658-4cbe-b36d-1f467832aa7c@localhost,TitForTatWithForgiveness,D,1,1,2255,1995
542,player_152a9437-d449-4c5c-aea4-fb15c47890bb@localhost,Random,D,player_263f8b46-3658-4cbe-b36d-1f467832aa7c@localhost,TitForTatWithForgiveness,D,1,1,2256,1996
543,player_152a9437-d449-4c5c-aea4-fb15c47890bb@localhost,Random,D,player_263f8b46-3658-4cbe-b36d-1f467832aa7c@localhost,TitForTatWithForgiveness,D,1,1,2257,1997
544,player_152a9437-d449-4c5c-aea4-fb15c47890bb@localhost,Random,D,player_263f8b46-3658-4cbe-b36d-1f467832aa7c@localhost,TitForTatWithForgiveness,D,1,1,2258,1998
545,player_152a9437-d449-4c5c-aea4-fb15c47890bb@localhost,Random,C,player_263f8b46-3658-4cbe-b36d-1f467832aa7c@localhost,TitForTatWithForgiveness,D,0,10,2258,2008
546,player_152a9437-d449-4c5c-aea4-fb15c47890bb@localhost,Random,C,player_263f8b46-3658-4cbe-b36d-1f467832aa7c@localhost,TitForTatWithForgiveness,C,5,5,2263,2013
547,player_152a9437-d449-4c5c-aea4-fb15c47890bb@localhost,Random,C,player_263f8b46-3658-4cbe-b36d-1f467832aa7c@localhost,TitForTatWithForgiveness,C,5,5,2268,2018
548,player_152a9437-d449-4c5c-aea4-fb15c47890bb@localhost,Random,C,player_263f8b46-3658-4cbe-b36d-1f467832aa7c@localhost,TitForTatWithForgiveness,C,5,5,2273,2023
549,player_152a9437-d449-4c5c-aea4-fb15c47890bb@localhost,Random,D,player_263f8b46-3658-4cbe-b36d-1f467832aa7c@localhost,TitForTatWithForgiveness,C,10,0,2283,2023
550,player_152a9437-d449-4c5c-aea4-fb15c47890bb@localhost,Random,D,player_263f8b46-3658-4cbe-b36d-1f467832aa7c@localhost,TitForTatWithForgiveness,D,1,1,2284,2024
551,player_152a9437-d449-4c5c-aea4-fb15c47890bb@localhost,Random,D,player_263f8b46-3658-4cbe-b36d-1f467832aa7c@localhost,TitForTatWithForgiveness,D,1,1,2285,2025
552,player_152a9437-d449-4c5c-aea4-fb15c47890bb@localhost,Random,D,player_263f8b46-3658-4cbe-b36d-1f467832aa7c@localhost,TitForTatWithForgiveness,D,1,1,2286,2026
553,player_152a9437-d449-4c5c-aea4-fb15c47890bb@localhost,Random,D,player_263f8b46-3658-4cbe-b36d-1f467832aa7c@localhost,TitForTatWithForgiveness,C,10,0,2296,2026
554,player_152a9437-d449-4c5c-aea4-fb15c47890bb@localhost,Random,D,player_263f8b46-3658-4cbe-b36d-1f467832aa7c@localhost,TitForTatWithForgiveness,D,1,1,2297,2027
555,player_152a9437-d449-4c5c-aea4-fb15c47890bb@localhost,Random,D,player_263f8b46-3658-4cbe-b36d-1f467832aa7c@localhost,TitForTatWithForgiveness,D,1,1,2298,2028
556,player_152a9437-d449-4c5c-aea4-fb15c47890bb@localhost,Random,C,player_263f8b46-3658-4cbe-b36d-1f467832aa7c@localhost,TitForTatWithForgiveness,D,0,10,2298,2038
557,player_152a9437-d449-4c5c-aea4-fb15c47890bb@localhost,Random,C,player_263f8b46-3658-4cbe-b36d-1f467832aa7c@localhost,TitForTatWithForgiveness,C,5,5,2303,2043
558,player_152a9437-d449-4c5c-aea4-fb15c47890bb@localhost,Random,D,player_263f8b46-3658-4cbe-b36d-1f467832aa7c@localhost,TitForTatWithForgiveness,C,10,0,2313,2043
559,player_152a9437-d449-4c5c-aea4-fb15c47890bb@localhost,Random,C,player_263f8b46-3658-4cbe-b36d-1f467832aa7c@localhost,TitForTatWithForgiveness,D,0,10,2313,2053
560,player_152a9437-d449-4c5c-aea4-fb15c47890bb@localhost,Random,C,player_263f8b46-3658-4cbe-b36d-1f467832aa7c@localhost,TitForTatWithForgiveness,C,5,5,2318,2058
561,player_152a9437-d449-4c5c-aea4-fb15c47890bb@localhost,Random,D,player_263f8b46-3658-4cbe-b36d-1f467832aa7c@localhost,TitForTatWithForgiveness,C,10,0,2328,2058
562,player_152a9437-d449-4c5c-aea4-fb15c47890bb@localhost,Random,D,player_263f8b46-3658-4cbe-b36d-1f467832aa7c@localhost,TitForTatWithForgiveness,D,1,1,2329,2059
563,player_152a9437-d449-4c5c-aea4-fb15c47890bb@localhost,Random,D,player_263f8b46-3658-4cbe-b36d-1f467832aa7c@localhost,TitForTatWithForgiveness,D,1,1,2330,2060
564,player_152a9437-d449-4c5c-aea4-fb15c47890bb@localhost,Random,D,player_263f8b46-3658-4cbe-b36d-1f467832aa7c@localhost,TitForTatWithForgiveness,D,1,1,2331,2061
565,player_152a9437-d449-4c5c-aea4-fb15c47890bb@localhost,Random,D,player_263f8b46-3658-4cbe-b36d-1f467832aa7c@localhost,TitForTatWithForgiveness,D,1,1,2332,2062
566,player_152a9437-d449-4c5c-aea4-fb15c47890bb@localhost,Random,C,player_263f8b46-3658-4cbe-b36d-1f467832aa7c@localhost,TitForTatWithForgiveness,D,0,10,2332,2072
567,player_152a9437-d449-4c5c-aea4-fb15c47890bb@localhost,Random,C,player_263f8b46-3658-4cbe-b36d-1f467832aa7c@localhost,TitForTatWithForgiveness,C,5,5,2337,2077
568,player_152a9437-d449-4c5c-aea4-fb15c47890bb@localhost,Random,C,player_263f8b46-3658-4cbe-b36d-1f467832aa7c@localhost,TitForTatWithForgiveness,C,5,5,2342,2082
569,player_152a9437-d449-4c5c-aea4-fb15c47890bb@localhost,Random,D,player_263f8b46-3658-4cbe-b36d-1f467832aa7c@localhost,TitForTatWithForgiveness,C,10,0,2352,2082
570,player_152a9437-d449-4c5c-aea4-fb15c47890bb@localhost,Random,D,player_263f8b46-3658-4cbe-b36d-1f467832aa7c@localhost,TitForTatWithForgiveness,C,10,0,2362,2082
571,player_152a9437-d449-4c5c-aea4-fb15c47890bb@localhost,Random,D,player_263f8b46-3658-4cbe-b36d-1f467832aa7c@localhost,TitForTatWithForgiveness,D,1,1,2363,2083
572,player_152a9437-d449-4c5c-aea4-fb15c47890bb@localhost,Random,C,player_263f8b46-3658-4cbe-b36d-1f467832aa7c@localhost,TitForTatWithForgiveness,D,0,10,2363,2093
573,player_152a9437-d449-4c5c-aea4-fb15c47890bb@localhost,Random,C,player_263f8b46-3658-4cbe-b36d-1f467832aa7c@localhost,TitForTatWithForgiveness,C,5,5,2368,2098
574,player_152a9437-d449-4c5c-aea4-fb15c47890bb@localhost,Random,D,player_263f8b46-3658-4cbe-b36d-1f467832aa7c@localhost,TitForTatWithForgiveness,C,10,0,2378,2098
575,player_152a9437-d449-4c5c-aea4-fb15c47890bb@localhost,Random,D,player_263f8b46-3658-4cbe-b36d-1f467832aa7c@localhost,TitForTatWithForgiveness,D,1,1,2379,2099
576,player_152a9437-d449-4c5c-aea4-fb15c47890bb@localhost,Random,D,player_263f8b46-3658-4cbe-b36d-1f467832aa7c@localhost,TitForTatWithForgiveness,D,1,1,2380,2100
577,player_152a9437-d449-4c5c-aea4-fb15c47890bb@localhost,Random,C,player_263f8b46-3658-4cbe-b36d-1f467832aa7c@localhost,TitForTatWithForgiveness,C,5,5,2385,2105
578,player_152a9437-d449-4c5c-aea4-fb15c47890bb@localhost,Random,D,player_263f8b46-3658-4cbe-b36d-1f467832aa7c@localhost,TitForTatWithForgiveness,C,10,0,2395,2105
579,player_152a9437-d449-4c5c-aea4-fb15c47890bb@localhost,Random,C,player_263f8b46-3658-4cbe-b36d-1f467832aa7c@localhost,TitForTatWithForgiveness,D,0,10,2395,2115
580,player_152a9437-d449-4c5c-aea4-fb15c47890bb@localhost,Random,C,player_263f8b46-3658-4cbe-b36d-1f467832aa7c@localhost,TitForTatWithForgiveness,C,5,5,2400,2120
581,player_152a9437-d449-4c5c-aea4-fb15c47890bb@localhost,Random,C,player_263f8b46-3658-4cbe-b36d-1f467832aa7c@localhost,TitForTatWithForgiveness,C,5,5,2405,2125
582,player_152a9437-d449-4c5c-aea4-fb15c47890bb@localhost,Random,D,player_263f8b46-3658-4cbe-b36d-1f467832aa7c@localhost,TitForTatWithForgiveness,C,10,0,2415,2125
583,player_152a9437-d449-4c5c-aea4-fb15c47890bb@localhost,Random,C,player_263f8b46-3658-4cbe-b36d-1f467832aa7c@localhost,TitForTatWithForgiveness,D,0,10,2415,2135
584,player_152a9437-d449-4c5c-aea4-fb15c47890bb@localhost,Random,C,player_263f8b46-3658-4cbe-b36d-1f467832aa7c@localhost,TitForTatWithForgiveness,C,5,5,2420,2140
585,player_152a9437-d449-4c5c-aea4-fb15c47890bb@localhost,Random,C,player_263f8b46-3658-4cbe-b36d-1f467832aa7c@localhost,TitForTatWithForgiveness,C,5,5,2425,2145
586,player_152a9437-d449-4c5c-aea4-fb15c47890bb@localhost,Random,D,player_263f8b46-3658-4cbe-b36d-1f467832aa7c@localhost,TitForTatWithForgiveness,C,10,0,2435,2145
587,player_152a9437-d449-4c5c-aea4-fb15c47890bb@localhost,Random,D,player_263f8b46-3658-4cbe-b36d-1f467832aa7c@localhost,TitForTatWithForgiveness,D,1,1,2436,2146
588,player_152a9437-d449-4c5c-aea4-fb15c47890bb@localhost,Random,C,player_263f8b46-3658-4cbe-b36d-1f467832aa7c@localhost,TitForTatWithForgiveness,D,0,10,2436,2156
589,player_152a9437-d449-4c5c-aea4-fb15c47890bb@localhost,Random,C,player_263f8b46-3658-4cbe-b36d-1f467832aa7c@localhost,TitForTatWithForgiveness,C,5,5,2441,2161
590,player_152a9437-d449-4c5c-aea4-fb15c47890bb@localhost,Random,D,player_263f8b46-3658-4cbe-b36d-1f467832aa7c@localhost,TitForTatWithForgiveness,C,10,0,2451,2161
591,player_152a9437-d449-4c5c-aea4-fb15c47890bb@localhost,Random,C,player_263f8b46-3658-4cbe-b36d-1f467832aa7c@localhost,TitForTatWithForgiveness,D,0,10,2451,2171
592,player_152a9437-d449-4c5c-aea4-fb15c47890bb@localhost,Random,D,player_263f8b46-3658-4cbe-b36d-1f467832aa7c@localhost,TitForTatWithForgiveness,C,10,0,2461,2171
593,player_152a9437-d449-4c5c-aea4-fb15c47890bb@localhost,Random,D,player_263f8b46-3658-4cbe-b36d-1f467832aa7c@localhost,TitForTatWithForgiveness,D,1,1,2462,2172
594,player_152a9437-d449-4c5c-aea4-fb15c47890bb@localhost,Random,C,player_263f8b46-3658-4cbe-b36d-1f467832aa7c@localhost,TitForTatWithForgiveness,D,0,10,2462,2182
595,player_152a9437-d449-4c5c-aea4-fb15c47890bb@localhost,Random,D,player_263f8b46-3658-4cbe-b36d-1f467832aa7c@localhost,TitForTatWithForgiveness,C,10,0,2472,2182
596,player_152a9437-d449-4c5c-aea4-fb15c47890bb@localhost,Random,C,player_263f8b46-3658-4cbe-b36d-1f467832aa7c@localhost,TitForTatWithForgiveness,D,0,10,2472,2192
597,player_152a9437-d449-4c5c-aea4-fb15c47890bb@localhost,Random,C,player_263f8b46-3658-4cbe-b36d-1f467832aa7c@localhost,TitForTatWithForgiveness,C,5,5,2477,2197
598,player_152a9437-d449-4c5c-aea4-fb15c47890bb@localhost,Random,C,player_263f8b46-3658-4cbe-b36d-1f467832aa7c@localhost,TitForTatWithForgiveness,C,5,5,2482,2202
599,player_152a9437-d449-4c5c-aea4-fb15c47890bb@localhost,Random,D,player_263f8b46-3658-4cbe-b36d-1f467832aa7c@localhost,TitForTatWithForgiveness,C,10,0,2492,2202
600,player_152a9437-d449-4c5c-aea4-fb15c47890bb@localhost,Random,D,player_263f8b46-3658-4cbe-b36d-1f467832aa7c@localhost,TitForTatWithForgiveness,D,1,1,2493,2203
601,player_152a9437-d449-4c5c-aea4-fb15c47890bb@localhost,Random,D,player_263f8b46-3658-4cbe-b36d-1f467832aa7c@localhost,TitForTatWithForgiveness,D,1,1,2494,2204
602,player_152a9437-d449-4c5c-aea4-fb15c47890bb@localhost,Random,C,player_263f8b46-3658-4cbe-b36d-1f467832aa7c@localhost,TitForTatWithForgiveness,D,0,10,2494,2214
603,player_152a9437-d449-4c5c-aea4-fb15c47890bb@localhost,Random,C,player_263f8b46-3658-4cbe-b36d-1f467832aa7c@localhost,TitForTatWithForgiveness,C,5,5,2499,2219
604,player_152a9437-d449-4c5c-aea4-fb15c47890bb@localhost,Random,C,player_263f8b46-3658-4cbe-b36d-1f467832aa7c@localhost,TitForTatWithForgiveness,C,5,5,2504,2224
605,player_152a9437-d449-4c5c-aea4-fb15c47890bb@localhost,Random,C,player_263f8b46-3658-4cbe-b36d-1f467832aa7c@localhost,TitForTatWithForgiveness,C,5,5,2509,2229
606,player_152a9437-d449-4c5c-aea4-fb15c47890bb@localhost,Random,C,player_263f8b46-3658-4cbe-b36d-1f467832aa7c@localhost,TitForTatWithForgiveness,C,5,5,2514,2234
607,player_152a9437-d449-4c5c-aea4-fb15c47890bb@localhost,Random,D,player_263f8b46-3658-4cbe-b36d-1f467832aa7c@localhost,TitForTatWithForgiveness,C,10,0,2524,2234
608,player_152a9437-d449-4c5c-aea4-fb15c47890bb@localhost,Random,C,player_263f8b46-3658-4cbe-b36d-1f467832aa7c@localhost,TitForTatWithForgiveness,D,0,10,2524,2244
609,player_152a9437-d449-4c5c-aea4-fb15c47890bb@localhost,Random,C,player_263f8b46-3658-4cbe-b36d-1f467832aa7c@localhost,TitForTatWithForgiveness,C,5,5,2529,2249
610,player_152a9437-d449-4c5c-aea4-fb15c47890bb@localhost,Random,C,player_263f8b46-3658-4cbe-b36d-1f467832aa7c@localhost,TitForTatWithForgiveness,C,5,5,2534,2254
611,player_152a9437-d449-4c5c-aea4-fb15c47890bb@localhost,Random,C,player_263f8b46-3658-4cbe-b36d-1f467832aa7c@localhost,TitForTatWithForgiveness,C,5,5,2539,2259
612,player_152a9437-d449-4c5c-aea4-fb15c47890bb@localhost,Random,C,player_263f8b46-3658-4cbe-b36d-1f467832aa7c@localhost,TitForTatWithForgiveness,C,5,5,2544,2264
613,player_152a9437-d449-4c5c-aea4-fb15c47890bb@localhost,Random,D,player_263f8b46-3658-4cbe-b36d-1f467832aa7c@localhost,TitForTatWithForgiveness,C,10,0,2554,2264
614,player_152a9437-d449-4c5c-aea4-fb15c47890bb@localhost,Random,C,player_263f8b46-3658-4cbe-b36d-1f467832aa7c@localhost,TitForTatWithForgiveness,D,0,10,2554,2274
615,player_152a9437-d449-4c5c-aea4-fb15c47890bb@localhost,Random,D,player_263f8b46-3658-4cbe-b36d-1f467832aa7c@localhost,TitForTatWithForgiveness,C,10,0,2564,2274
616,player_152a9437-d449-4c5c-aea4-fb15c47890bb@localhost,Random,D,player_263f8b46-3658-4cbe-b36d-1f467832aa7c@localhost,TitForTatWithForgiveness,D,1,1,2565,2275
617,player_152a9437-d449-4c5c-aea4-fb15c47890bb@localhost,Random,C,player_263f8b46-3658-4cbe-b36d-1f467832aa7c@localhost,TitForTatWithForgiveness,D,0,10,2565,2285
618,player_152a9437-d449-4c5c-aea4-fb15c47890bb@localhost,Random,D,player_263f8b46-3658-4cbe-b36d-1f467832aa7c@localhost,TitForTatWithForgiveness,C,10,0,2575,2285
619,player_152a9437-d449-4c5c-aea4-fb15c47890bb@localhost,Random,C,player_263f8b46-3658-4cbe-b36d-1f467832aa7c@localhost,TitForTatWithForgiveness,D,0,10,2575,2295
620,player_152a9437-d449-4c5c-aea4-fb15c47890bb@localhost,Random,C,player_263f8b46-3658-4cbe-b36d-1f467832aa7c@localhost,TitForTatWithForgiveness,C,5,5,2580,2300
621,player_152a9437-d449-4c5c-aea4-fb15c47890bb@localhost,Random,D,player_263f8b46-3658-4cbe-b36d-1f467832aa7c@localhost,TitForTatWithForgiveness,C,10,0,2590,2300
622,player_152a9437-d449-4c5c-aea4-fb15c47890bb@localhost,Random,C,player_263f8b46-3658-4cbe-b36d-1f467832aa7c@localhost,TitForTatWithForgiveness,D,0,10,2590,2310
623,player_152a9437-d449-4c5c-aea4-fb15c47890bb@localhost,Random,D,player_263f8b46-3658-4cbe-b36d-1f467832aa7c@localhost,TitForTatWithForgiveness,C,10,0,2600,2310
624,player_152a9437-d449-4c5c-aea4-fb15c47890bb@localhost,Random,D,player_263f8b46-3658-4cbe-b36d-1f467832aa7c@localhost,TitForTatWithForgiveness,D,1,1,2601,2311
625,player_152a9437-d449-4c5c-aea4-fb15c47890bb@localhost,Random,C,player_263f8b46-3658-4cbe-b36d-1f467832aa7c@localhost,TitForTatWithForgiveness,D,0,10,2601,2321
626,player_152a9437-d449-4c5c-aea4-fb15c47890bb@localhost,Random,D,player_263f8b46-3658-4cbe-b36d-1f467832aa7c@localhost,TitForTatWithForgiveness,C,10,0,2611,2321
627,player_152a9437-d449-4c5c-aea4-fb15c47890bb@localhost,Random,C,player_263f8b46-3658-4cbe-b36d-1f467832aa7c@localhost,TitForTatWithForgiveness,D,0,10,2611,2331
628,player_152a9437-d449-4c5c-aea4-fb15c47890bb@localhost,Random,D,player_263f8b46-3658-4cbe-b36d-1f467832aa7c@localhost,TitForTatWithForgiveness,C,10,0,2621,2331
629,player_152a9437-d449-4c5c-aea4-fb15c47890bb@localhost,Random,C,player_263f8b46-3658-4cbe-b36d-1f467832aa7c@localhost,TitForTatWithForgiveness,C,5,5,2626,2336
630,player_152a9437-d449-4c5c-aea4-fb15c47890bb@localhost,Random,C,player_263f8b46-3658-4cbe-b36d-1f467832aa7c@localhost,TitForTatWithForgiveness,C,5,5,2631,2341
631,player_152a9437-d449-4c5c-aea4-fb15c47890bb@localhost,Random,D,player_263f8b46-3658-4cbe-b36d-1f467832aa7c@localhost,TitForTatWithForgiveness,C,10,0,2641,2341
632,player_152a9437-d449-4c5c-aea4-fb15c47890bb@localhost,Random,D,player_263f8b46-3658-4cbe-b36d-1f467832aa7c@localhost,TitForTatWithForgiveness,D,1,1,2642,2342
633,player_152a9437-d449-4c5c-aea4-fb15c47890bb@localhost,Random,C,player_263f8b46-3658-4cbe-b36d-1f467832aa7c@localhost,TitForTatWithForgiveness,D,0,10,2642,2352
634,player_152a9437-d449-4c5c-aea4-fb15c47890bb@localhost,Random,C,player_263f8b46-3658-4cbe-b36d-1f467832aa7c@localhost,TitForTatWithForgiveness,C,5,5,2647,2357
635,player_152a9437-d449-4c5c-aea4-fb15c47890bb@localhost,Random,D,player_263f8b46-3658-4cbe-b36d-1f467832aa7c@localhost,TitForTatWithForgiveness,C,10,0,2657,2357
636,player_152a9437-d449-4c5c-aea4-fb15c47890bb@localhost,Random,C,player_263f8b46-3658-4cbe-b36d-1f467832aa7c@localhost,TitForTatWithForgiveness,D,0,10,2657,2367
637,player_152a9437-d449-4c5c-aea4-fb15c47890bb@localhost,Random,D,player_263f8b46-3658-4cbe-b36d-1f467832aa7c@localhost,TitForTatWithForgiveness,C,10,0,2667,2367
638,player_152a9437-d449-4c5c-aea4-fb15c47890bb@localhost,Random,C,player_263f8b46-3658-4cbe-b36d-1f467832aa7c@localhost,TitForTatWithForgiveness,D,0,10,2667,2377
639,player_152a9437-d449-4c5c-aea4-fb15c47890bb@localhost,Random,D,player_263f8b46-3658-4cbe-b36d-1f467832aa7c@localhost,TitForTatWithForgiveness,C,10,0,2677,2377
640,player_152a9437-d449-4c5c-aea4-fb15c47890bb@localhost,Random,C,player_263f8b46-3658-4cbe-b36d-1f467832aa7c@localhost,TitForTatWithForgiveness,D,0,10,2677,2387
641,player_152a9437-d449-4c5c-aea4-fb15c47890bb@localhost,Random,D,player_263f8b46-3658-4cbe-b36d-1f467832aa7c@localhost,TitForTatWithForgiveness,C,10,0,2687,2387
642,player_152a9437-d449-4c5c-aea4-fb15c47890bb@localhost,Random,C,player_263f8b46-3658-4cbe-b36d-1f467832aa7c@localhost,TitForTatWithForgiveness,D,0,10,2687,2397
643,player_152a9437-d449-4c5c-aea4-fb15c47890bb@localhost,Random,D,player_263f8b46-3658-4cbe-b36d-1f467832aa7c@localhost,TitForTatWithForgiveness,C,10,0,2697,2397
644,player_152a9437-d449-4c5c-aea4-fb15c47890bb@localhost,Random,C,player_263f8b46-3658-4cbe-b36d-1f467832aa7c@localhost,TitForTatWithForgiveness,D,0,10,2697,2407
645,player_152a9437-d449-4c5c-aea4-fb15c47890bb@localhost,Random,D,player_263f8b46-3658-4cbe-b36d-1f467832aa7c@localhost,TitForTatWithForgiveness,C,10,0,2707,2407
646,player_152a9437-d449-4c5c-aea4-fb15c47890bb@localhost,Random,D,player_263f8b46-3658-4cbe-b36d-1f467832aa7c@localhost,TitForTatWithForgiveness,D,1,1,2708,2408
647,player_152a9437-d449-4c5c-aea4-fb15c47890bb@localhost,Random,C,player_263f8b46-3658-4cbe-b36d-1f467832aa7c@localhost,TitForTatWithForgiveness,D,0,10,2708,2418
648,player_152a9437-d449-4c5c-aea4-fb15c47890bb@localhost,Random,C,player_263f8b46-3658-4cbe-b36d-1f467832aa7c@localhost,TitForTatWithForgiveness,C,5,5,2713,2423
649,player_152a9437-d449-4c5c-aea4-fb15c47890bb@localhost,Random,C,player_263f8b46-3658-4cbe-b36d-1f467832aa7c@localhost,TitForTatWithForgiveness,C,5,5,2718,2428
650,player_152a9437-d449-4c5c-aea4-fb15c47890bb@localhost,Random,D,player_263f8b46-3658-4cbe-b36d-1f467832aa7c@localhost,TitForTatWithForgiveness,C,10,0,2728,2428
651,player_152a9437-d449-4c5c-aea4-fb15c47890bb@localhost,Random,D,player_263f8b46-3658-4cbe-b36d-1f467832aa7c@localhost,TitForTatWithForgiveness,D,1,1,2729,2429
652,player_152a9437-d449-4c5c-aea4-fb15c47890bb@localhost,Random,C,player_263f8b46-3658-4cbe-b36d-1f467832aa7c@localhost,TitForTatWithForgiveness,D,0,10,2729,2439
653,player_152a9437-d449-4c5c-aea4-fb15c47890bb@localhost,Random,D,player_263f8b46-3658-4cbe-b36d-1f467832aa7c@localhost,TitForTatWithForgiveness,C,10,0,2739,2439
654,player_152a9437-d449-4c5c-aea4-fb15c47890bb@localhost,Random,C,player_263f8b46-3658-4cbe-b36d-1f467832aa7c@localhost,TitForTatWithForgiveness,D,0,10,2739,2449
655,player_152a9437-d449-4c5c-aea4-fb15c47890bb@localhost,Random,D,player_263f8b46-3658-4cbe-b36d-1f467832aa7c@localhost,TitForTatWithForgiveness,C,10,0,2749,2449
656,player_152a9437-d449-4c5c-aea4-fb15c47890bb@localhost,Random,D,player_263f8b46-3658-4cbe-b36d-1f467832aa7c@localhost,TitForTatWithForgiveness,D,1,1,2750,2450
657,player_152a9437-d449-4c5c-aea4-fb15c47890bb@localhost,Random,D,player_263f8b46-3658-4cbe-b36d-1f467832aa7c@localhost,TitForTatWithForgiveness,D,1,1,2751,2451
658,player_152a9437-d449-4c5c-aea4-fb15c47890bb@localhost,Random,C,player_263f8b46-3658-4cbe-b36d-1f467832aa7c@localhost,TitForTatWithForgiveness,D,0,10,2751,2461
659,player_152a9437-d449-4c5c-aea4-fb15c47890bb@localhost,Random,C,player_263f8b46-3658-4cbe-b36d-1f467832aa7c@localhost,TitForTatWithForgiveness,C,5,5,2756,2466
660,player_152a9437-d449-4c5c-aea4-fb15c47890bb@localhost,Random,D,player_263f8b46-3658-4cbe-b36d-1f467832aa7c@localhost,TitForTatWithForgiveness,C,10,0,2766,2466
661,player_152a9437-d449-4c5c-aea4-fb15c47890bb@localhost,Random,C,player_263f8b46-3658-4cbe-b36d-1f467832aa7c@localhost,TitForTatWithForgiveness,D,0,10,2766,2476
662,player_152a9437-d449-4c5c-aea4-fb15c47890bb@localhost,Random,D,player_263f8b46-3658-4cbe-b36d-1f467832aa7c@localhost,TitForTatWithForgiveness,C,10,0,2776,2476
663,player_152a9437-d449-4c5c-aea4-fb15c47890bb@localhost,Random,C,player_263f8b46-3658-4cbe-b36d-1f467832aa7c@localhost,TitForTatWithForgiveness,D,0,10,2776,2486
664,player_152a9437-d449-4c5c-aea4-fb15c47890bb@localhost,Random,D,player_263f8b46-3658-4cbe-b36d-1f467832aa7c@localhost,TitForTatWithForgiveness,C,10,0,2786,2486
665,player_152a9437-d449-4c5c-aea4-fb15c47890bb@localhost,Random,D,player_263f8b46-3658-4cbe-b36d-1f467832aa7c@localhost,TitForTatWithForgiveness,C,10,0,2796,2486
666,player_152a9437-d449-4c5c-aea4-fb15c47890bb@localhost,Random,D,player_263f8b46-3658-4cbe-b36d-1f467832aa7c@localhost,TitForTatWithForgiveness,D,1,1,2797,2487
667,player_152a9437-d449-4c5c-aea4-fb15c47890bb@localhost,Random,D,player_263f8b46-3658-4cbe-b36d-1f467832aa7c@localhost,TitForTatWithForgiveness,D,1,1,2798,2488
668,player_152a9437-d449-4c5c-aea4-fb15c47890bb@localhost,Random,D,player_263f8b46-3658-4cbe-b36d-1f467832aa7c@localhost,TitForTatWithForgiveness,D,1,1,2799,2489
669,player_152a9437-d449-4c5c-aea4-fb15c47890bb@localhost,Random,C,player_263f8b46-3658-4cbe-b36d-1f467832aa7c@localhost,TitForTatWithForgiveness,D,0,10,2799,2499
670,player_152a9437-d449-4c5c-aea4-fb15c47890bb@localhost,Random,C,player_263f8b46-3658-4cbe-b36d-1f467832aa7c@localhost,TitForTatWithForgiveness,C,5,5,2804,2504
671,player_152a9437-d449-4c5c-aea4-fb15c47890bb@localhost,Random,C,player_263f8b46-3658-4cbe-b36d-1f467832aa7c@localhost,TitForTatWithForgiveness,C,5,5,2809,2509
672,player_152a9437-d449-4c5c-aea4-fb15c47890bb@localhost,Random,C,player_263f8b46-3658-4cbe-b36d-1f467832aa7c@localhost,TitForTatWithForgiveness,C,5,5,2814,2514
673,player_152a9437-d449-4c5c-aea4-fb15c47890bb@localhost,Random,C,player_263f8b46-3658-4cbe-b36d-1f467832aa7c@localhost,TitForTatWithForgiveness,C,5,5,2819,2519
674,player_152a9437-d449-4c5c-aea4-fb15c47890bb@localhost,Random,C,player_263f8b46-3658-4cbe-b36d-1f467832aa7c@localhost,TitForTatWithForgiveness,C,5,5,2824,2524
675,player_152a9437-d449-4c5c-aea4-fb15c47890bb@localhost,Random,D,player_263f8b46-3658-4cbe-b36d-1f467832aa7c@localhost,TitForTatWithForgiveness,C,10,0,2834,2524
676,player_152a9437-d449-4c5c-aea4-fb15c47890bb@localhost,Random,C,player_263f8b46-3658-4cbe-b36d-1f467832aa7c@localhost,TitForTatWithForgiveness,C,5,5,2839,2529
677,player_152a9437-d449-4c5c-aea4-fb15c47890bb@localhost,Random,D,player_263f8b46-3658-4cbe-b36d-1f467832aa7c@localhost,TitForTatWithForgiveness,C,10,0,2849,2529
678,player_152a9437-d449-4c5c-aea4-fb15c47890bb@localhost,Random,D,player_263f8b46-3658-4cbe-b36d-1f467832aa7c@localhost,TitForTatWithForgiveness,D,1,1,2850,2530
679,player_152a9437-d449-4c5c-aea4-fb15c47890bb@localhost,Random,D,player_263f8b46-3658-4cbe-b36d-1f467832aa7c@localhost,TitForTatWithForgiveness,D,1,1,2851,2531
680,player_152a9437-d449-4c5c-aea4-fb15c47890bb@localhost,Random,C,player_263f8b46-3658-4cbe-b36d-1f467832aa7c@localhost,TitForTatWithForgiveness,C,5,5,2856,2536
681,player_152a9437-d449-4c5c-aea4-fb15c47890bb@localhost,Random,D,player_263f8b46-3658-4cbe-b36d-1f467832aa7c@localhost,TitForTatWithForgiveness,C,10,0,2866,2536
682,player_152a9437-d449-4c5c-aea4-fb15c47890bb@localhost,Random,D,player_263f8b46-3658-4cbe-b36d-1f467832aa7c@localhost,TitForTatWithForgiveness,D,1,1,2867,2537
683,player_152a9437-d449-4c5c-aea4-fb15c47890bb@localhost,Random,C,player_263f8b46-3658-4cbe-b36d-1f467832aa7c@localhost,TitForTatWithForgiveness,D,0,10,2867,2547
684,player_152a9437-d449-4c5c-aea4-fb15c47890bb@localhost,Random,D,player_263f8b46-3658-4cbe-b36d-1f467832aa7c@localhost,TitForTatWithForgiveness,C,10,0,2877,2547
685,player_152a9437-d449-4c5c-aea4-fb15c47890bb@localhost,Random,D,player_263f8b46-3658-4cbe-b36d-1f467832aa7c@localhost,TitForTatWithForgiveness,D,1,1,2878,2548
686,player_152a9437-d449-4c5c-aea4-fb15c47890bb@localhost,Random,D,player_263f8b46-3658-4cbe-b36d-1f467832aa7c@localhost,TitForTatWithForgiveness,D,1,1,2879,2549
687,player_152a9437-d449-4c5c-aea4-fb15c47890bb@localhost,Random,C,player_263f8b46-3658-4cbe-b36d-1f467832aa7c@localhost,TitForTatWithForgiveness,D,0,10,2879,2559
688,player_152a9437-d449-4c5c-aea4-fb15c47890bb@localhost,Random,C,player_263f8b46-3658-4cbe-b36d-1f467832aa7c@localhost,TitForTatWithForgiveness,C,5,5,2884,2564
689,player_152a9437-d449-4c5c-aea4-fb15c47890bb@localhost,Random,C,player_263f8b46-3658-4cbe-b36d-1f467832aa7c@localhost,TitForTatWithForgiveness,C,5,5,2889,2569
690,player_152a9437-d449-4c5c-aea4-fb15c47890bb@localhost,Random,C,player_263f8b46-3658-4cbe-b36d-1f467832aa7c@localhost,TitForTatWithForgiveness,C,5,5,2894,2574
691,player_152a9437-d449-4c5c-aea4-fb15c47890bb@localhost,Random,D,player_263f8b46-3658-4cbe-b36d-1f467832aa7c@localhost,TitForTatWithForgiveness,C,10,0,2904,2574
692,player_152a9437-d449-4c5c-aea4-fb15c47890bb@localhost,Random,C,player_263f8b46-3658-4cbe-b36d-1f467832aa7c@localhost,TitForTatWithForgiveness,D,0,10,2904,2584
693,player_152a9437-d449-4c5c-aea4-fb15c47890bb@localhost,Random,D,player_263f8b46-3658-4cbe-b36d-1f467832aa7c@localhost,TitForTatWithForgiveness,C,10,0,2914,2584
694,player_152a9437-d449-4c5c-aea4-fb15c47890bb@localhost,Random,D,player_263f8b46-3658-4cbe-b36d-1f467832aa7c@localhost,TitForTatWithForgiveness,D,1,1,2915,2585
695,player_152a9437-d449-4c5c-aea4-fb15c47890bb@localhost,Random,C,player_263f8b46-3658-4cbe-b36d-1f467832aa7c@localhost,TitForTatWithForgiveness,D,0,10,2915,2595
696,player_152a9437-d449-4c5c-aea4-fb15c47890bb@localhost,Random,D,player_263f8b46-3658-4cbe-b36d-1f467832aa7c@localhost,TitForTatWithForgiveness,C,10,0,2925,2595
697,player_152a9437-d449-4c5c-aea4-fb15c47890bb@localhost,Random,D,player_263f8b46-3658-4cbe-b36d-1f467832aa7c@localhost,TitForTatWithForgiveness,D,1,1,2926,2596
698,player_152a9437-d449-4c5c-aea4-fb15c47890bb@localhost,Random,D,player_263f8b46-3658-4cbe-b36d-1f467832aa7c@localhost,TitForTatWithForgiveness,D,1,1,2927,2597
699,player_152a9437-d449-4c5c-aea4-fb15c47890bb@localhost,Random,D,player_263f8b46-3658-4cbe-b36d-1f467832aa7c@localhost,TitForTatWithForgiveness,D,1,1,2928,2598
700,player_152a9437-d449-4c5c-aea4-fb15c47890bb@localhost,Random,C,player_263f8b46-3658-4cbe-b36d-1f467832aa7c@localhost,TitForTatWithForgiveness,D,0,10,2928,2608
701,player_152a9437-d449-4c5c-aea4-fb15c47890bb@localhost,Random,D,player_263f8b46-3658-4cbe-b36d-1f467832aa7c@localhost,TitForTatWithForgiveness,C,10,0,2938,2608
702,player_152a9437-d449-4c5c-aea4-fb15c47890bb@localhost,Random,C,player_263f8b46-3658-4cbe-b36d-1f467832aa7c@localhost,TitForTatWithForgiveness,D,0,10,2938,2618
703,player_152a9437-d449-4c5c-aea4-fb15c47890bb@localhost,Random,C,player_263f8b46-3658-4cbe-b36d-1f467832aa7c@localhost,TitForTatWithForgiveness,C,5,5,2943,2623
704,player_152a9437-d449-4c5c-aea4-fb15c47890bb@localhost,Random,C,player_263f8b46-3658-4cbe-b36d-1f467832aa7c@localhost,TitForTatWithForgiveness,C,5,5,2948,2628
705,player_152a9437-d449-4c5c-aea4-fb15c47890bb@localhost,Random,D,player_263f8b46-3658-4cbe-b36d-1f467832aa7c@localhost,TitForTatWithForgiveness,C,10,0,2958,2628
706,player_152a9437-d449-4c5c-aea4-fb15c47890bb@localhost,Random,C,player_263f8b46-3658-4cbe-b36d-1f467832aa7c@localhost,TitForTatWithForgiveness,D,0,10,2958,2638
707,player_152a9437-d449-4c5c-aea4-fb15c47890bb@localhost,Random,D,player_263f8b46-3658-4cbe-b36d-1f467832aa7c@localhost,TitForTatWithForgiveness,C,10,0,2968,2638
708,player_152a9437-d449-4c5c-aea4-fb15c47890bb@localhost,Random,C,player_263f8b46-3658-4cbe-b36d-1f467832aa7c@localhost,TitForTatWithForgiveness,D,0,10,2968,2648
709,player_152a9437-d449-4c5c-aea4-fb15c47890bb@localhost,Random,D,player_263f8b46-3658-4cbe-b36d-1f467832aa7c@localhost,TitForTatWithForgiveness,C,10,0,2978,2648
710,player_152a9437-d449-4c5c-aea4-fb15c47890bb@localhost,Random,D,player_263f8b46-3658-4cbe-b36d-1f467832aa7c@localhost,TitForTatWithForgiveness,C,10,0,2988,2648
711,player_152a9437-d449-4c5c-aea4-fb15c47890bb@localhost,Random,C,player_263f8b46-3658-4cbe-b36d-1f467832aa7c@localhost,TitForTatWithForgiveness,D,0,10,2988,2658
712,player_152a9437-d449-4c5c-aea4-fb15c47890bb@localhost,Random,C,player_263f8b46-3658-4cbe-b36d-1f467832aa7c@localhost,TitForTatWithForgiveness,C,5,5,2993,2663
713,player_152a9437-d449-4c5c-aea4-fb15c47890bb@localhost,Random,D,player_263f8b46-3658-4cbe-b36d-1f467832aa7c@localhost,TitForTatWithForgiveness,C,10,0,3003,2663
714,player_152a9437-d449-4c5c-aea4-fb15c47890bb@localhost,Random,D,player_263f8b46-3658-4cbe-b36d-1f467832aa7c@localhost,TitForTatWithForgiveness,D,1,1,3004,2664
715,player_152a9437-d449-4c5c-aea4-fb15c47890bb@localhost,Random,D,player_263f8b46-3658-4cbe-b36d-1f467832aa7c@localhost,TitForTatWithForgiveness,D,1,1,3005,2665
716,player_152a9437-d449-4c5c-aea4-fb15c47890bb@localhost,Random,C,player_263f8b46-3658-4cbe-b36d-1f467832aa7c@localhost,TitForTatWithForgiveness,D,0,10,3005,2675
717,player_152a9437-d449-4c5c-aea4-fb15c47890bb@localhost,Random,D,player_263f8b46-3658-4cbe-b36d-1f467832aa7c@localhost,TitForTatWithForgiveness,C,10,0,3015,2675
718,player_152a9437-d449-4c5c-aea4-fb15c47890bb@localhost,Random,D,player_263f8b46-3658-4cbe-b36d-1f467832aa7c@localhost,TitForTatWithForgiveness,D,1,1,3016,2676
719,player_152a9437-d449-4c5c-aea4-fb15c47890bb@localhost,Random,D,player_263f8b46-3658-4cbe-b36d-1f467832aa7c@localhost,TitForTatWithForgiveness,D,1,1,3017,2677
720,player_152a9437-d449-4c5c-aea4-fb15c47890bb@localhost,Random,D,player_263f8b46-3658-4cbe-b36d-1f467832aa7c@localhost,TitForTatWithForgiveness,D,1,1,3018,2678
721,player_152a9437-d449-4c5c-aea4-fb15c47890bb@localhost,Random,C,player_263f8b46-3658-4cbe-b36d-1f467832aa7c@localhost,TitForTatWithForgiveness,D,0,10,3018,2688
722,player_152a9437-d449-4c5c-aea4-fb15c47890bb@localhost,Random,C,player_263f8b46-3658-4cbe-b36d-1f467832aa7c@localhost,TitForTatWithForgiveness,C,5,5,3023,2693
723,player_152a9437-d449-4c5c-aea4-fb15c47890bb@localhost,Random,D,player_263f8b46-3658-4cbe-b36d-1f467832aa7c@localhost,TitForTatWithForgiveness,C,10,0,3033,2693
724,player_152a9437-d449-4c5c-aea4-fb15c47890bb@localhost,Random,C,player_263f8b46-3658-4cbe-b36d-1f467832aa7c@localhost,TitForTatWithForgiveness,D,0,10,3033,2703
725,player_152a9437-d449-4c5c-aea4-fb15c47890bb@localhost,Random,C,player_263f8b46-3658-4cbe-b36d-1f467832aa7c@localhost,TitForTatWithForgiveness,C,5,5,3038,2708
726,player_152a9437-d449-4c5c-aea4-fb15c47890bb@localhost,Random,C,player_263f8b46-3658-4cbe-b36d-1f467832aa7c@localhost,TitForTatWithForgiveness,C,5,5,3043,2713
727,player_152a9437-d449-4c5c-aea4-fb15c47890bb@localhost,Random,C,player_263f8b46-3658-4cbe-b36d-1f467832aa7c@localhost,TitForTatWithForgiveness,C,5,5,3048,2718
728,player_152a9437-d449-4c5c-aea4-fb15c47890bb@localhost,Random,C,player_263f8b46-3658-4cbe-b36d-1f467832aa7c@localhost,TitForTatWithForgiveness,C,5,5,3053,2723
729,player_152a9437-d449-4c5c-aea4-fb15c47890bb@localhost,Random,D,player_263f8b46-3658-4cbe-b36d-1f467832aa7c@localhost,TitForTatWithForgiveness,C,10,0,3063,2723
730,player_152a9437-d449-4c5c-aea4-fb15c47890bb@localhost,Random,C,player_263f8b46-3658-4cbe-b36d-1f467832aa7c@localhost,TitForTatWithForgiveness,D,0,10,3063,2733
731,player_152a9437-d449-4c5c-aea4-fb15c47890bb@localhost,Random,C,player_263f8b46-3658-4cbe-b36d-1f467832aa7c@localhost,TitForTatWithForgiveness,C,5,5,3068,2738
732,player_152a9437-d449-4c5c-aea4-fb15c47890bb@localhost,Random,D,player_263f8b46-3658-4cbe-b36d-1f467832aa7c@localhost,TitForTatWithForgiveness,C,10,0,3078,2738
733,player_152a9437-d449-4c5c-aea4-fb15c47890bb@localhost,Random,D,player_263f8b46-3658-4cbe-b36d-1f467832aa7c@localhost,TitForTatWithForgiveness,D,1,1,3079,2739
734,player_152a9437-d449-4c5c-aea4-fb15c47890bb@localhost,Random,C,player_263f8b46-3658-4cbe-b36d-1f467832aa7c@localhost,TitForTatWithForgiveness,C,5,5,3084,2744
735,player_152a9437-d449-4c5c-aea4-fb15c47890bb@localhost,Random,C,player_263f8b46-3658-4cbe-b36d-1f467832aa7c@localhost,TitForTatWithForgiveness,C,5,5,3089,2749
736,player_152a9437-d449-4c5c-aea4-fb15c47890bb@localhost,Random,C,player_263f8b46-3658-4cbe-b36d-1f467832aa7c@localhost,TitForTatWithForgiveness,C,5,5,3094,2754
737,player_152a9437-d449-4c5c-aea4-fb15c47890bb@localhost,Random,C,player_263f8b46-3658-4cbe-b36d-1f467832aa7c@localhost,TitForTatWithForgiveness,C,5,5,3099,2759
738,player_152a9437-d449-4c5c-aea4-fb15c47890bb@localhost,Random,D,player_263f8b46-3658-4cbe-b36d-1f467832aa7c@localhost,TitForTatWithForgiveness,C,10,0,3109,2759
739,player_152a9437-d449-4c5c-aea4-fb15c47890bb@localhost,Random,C,player_263f8b46-3658-4cbe-b36d-1f467832aa7c@localhost,TitForTatWithForgiveness,D,0,10,3109,2769
740,player_152a9437-d449-4c5c-aea4-fb15c47890bb@localhost,Random,D,player_263f8b46-3658-4cbe-b36d-1f467832aa7c@localhost,TitForTatWithForgiveness,C,10,0,3119,2769
741,player_152a9437-d449-4c5c-aea4-fb15c47890bb@localhost,Random,D,player_263f8b46-3658-4cbe-b36d-1f467832aa7c@localhost,TitForTatWithForgiveness,D,1,1,3120,2770
742,player_152a9437-d449-4c5c-aea4-fb15c47890bb@localhost,Random,D,player_263f8b46-3658-4cbe-b36d-1f467832aa7c@localhost,TitForTatWithForgiveness,C,10,0,3130,2770
743,player_152a9437-d449-4c5c-aea4-fb15c47890bb@localhost,Random,D,player_263f8b46-3658-4cbe-b36d-1f467832aa7c@localhost,TitForTatWithForgiveness,D,1,1,3131,2771
744,player_152a9437-d449-4c5c-aea4-fb15c47890bb@localhost,Random,C,player_263f8b46-3658-4cbe-b36d-1f467832aa7c@localhost,TitForTatWithForgiveness,C,5,5,3136,2776
745,player_152a9437-d449-4c5c-aea4-fb15c47890bb@localhost,Random,D,player_263f8b46-3658-4cbe-b36d-1f467832aa7c@localhost,TitForTatWithForgiveness,C,10,0,3146,2776
746,player_152a9437-d449-4c5c-aea4-fb15c47890bb@localhost,Random,C,player_263f8b46-3658-4cbe-b36d-1f467832aa7c@localhost,TitForTatWithForgiveness,C,5,5,3151,2781
747,player_152a9437-d449-4c5c-aea4-fb15c47890bb@localhost,Random,C,player_263f8b46-3658-4cbe-b36d-1f467832aa7c@localhost,TitForTatWithForgiveness,C,5,5,3156,2786
748,player_152a9437-d449-4c5c-aea4-fb15c47890bb@localhost,Random,C,player_263f8b46-3658-4cbe-b36d-1f467832aa7c@localhost,TitForTatWithForgiveness,C,5,5,3161,2791
749,player_152a9437-d449-4c5c-aea4-fb15c47890bb@localhost,Random,C,player_263f8b46-3658-4cbe-b36d-1f467832aa7c@localhost,TitForTatWithForgiveness,C,5,5,3166,2796
750,player_152a9437-d449-4c5c-aea4-fb15c47890bb@localhost,Random,C,player_263f8b46-3658-4cbe-b36d-1f467832aa7c@localhost,TitForTatWithForgiveness,C,5,5,3171,2801
751,player_152a9437-d449-4c5c-aea4-fb15c47890bb@localhost,Random,D,player_263f8b46-3658-4cbe-b36d-1f467832aa7c@localhost,TitForTatWithForgiveness,C,10,0,3181,2801
752,player_152a9437-d449-4c5c-aea4-fb15c47890bb@localhost,Random,D,player_263f8b46-3658-4cbe-b36d-1f467832aa7c@localhost,TitForTatWithForgiveness,D,1,1,3182,2802
753,player_152a9437-d449-4c5c-aea4-fb15c47890bb@localhost,Random,C,player_263f8b46-3658-4cbe-b36d-1f467832aa7c@localhost,TitForTatWithForgiveness,D,0,10,3182,2812
754,player_152a9437-d449-4c5c-aea4-fb15c47890bb@localhost,Random,C,player_263f8b46-3658-4cbe-b36d-1f467832aa7c@localhost,TitForTatWithForgiveness,C,5,5,3187,2817
755,player_152a9437-d449-4c5c-aea4-fb15c47890bb@localhost,Random,D,player_263f8b46-3658-4cbe-b36d-1f467832aa7c@localhost,TitForTatWithForgiveness,C,10,0,3197,2817
756,player_152a9437-d449-4c5c-aea4-fb15c47890bb@localhost,Random,D,player_263f8b46-3658-4cbe-b36d-1f467832aa7c@localhost,TitForTatWithForgiveness,D,1,1,3198,2818
757,player_152a9437-d449-4c5c-aea4-fb15c47890bb@localhost,Random,C,player_263f8b46-3658-4cbe-b36d-1f467832aa7c@localhost,TitForTatWithForgiveness,D,0,10,3198,2828
758,player_152a9437-d449-4c5c-aea4-fb15c47890bb@localhost,Random,C,player_263f8b46-3658-4cbe-b36d-1f467832aa7c@localhost,TitForTatWithForgiveness,C,5,5,3203,2833
759,player_152a9437-d449-4c5c-aea4-fb15c47890bb@localhost,Random,C,player_263f8b46-3658-4cbe-b36d-1f467832aa7c@localhost,TitForTatWithForgiveness,C,5,5,3208,2838
760,player_152a9437-d449-4c5c-aea4-fb15c47890bb@localhost,Random,D,player_263f8b46-3658-4cbe-b36d-1f467832aa7c@localhost,TitForTatWithForgiveness,C,10,0,3218,2838
761,player_152a9437-d449-4c5c-aea4-fb15c47890bb@localhost,Random,C,player_263f8b46-3658-4cbe-b36d-1f467832aa7c@localhost,TitForTatWithForgiveness,D,0,10,3218,2848
762,player_152a9437-d449-4c5c-aea4-fb15c47890bb@localhost,Random,C,player_263f8b46-3658-4cbe-b36d-1f467832aa7c@localhost,TitForTatWithForgiveness,C,5,5,3223,2853
763,player_152a9437-d449-4c5c-aea4-fb15c47890bb@localhost,Random,D,player_263f8b46-3658-4cbe-b36d-1f467832aa7c@localhost,TitForTatWithForgiveness,C,10,0,3233,2853
764,player_152a9437-d449-4c5c-aea4-fb15c47890bb@localhost,Random,C,player_263f8b46-3658-4cbe-b36d-1f467832aa7c@localhost,TitForTatWithForgiveness,D,0,10,3233,2863
765,player_152a9437-d449-4c5c-aea4-fb15c47890bb@localhost,Random,C,player_263f8b46-3658-4cbe-b36d-1f467832aa7c@localhost,TitForTatWithForgiveness,C,5,5,3238,2868
766,player_152a9437-d449-4c5c-aea4-fb15c47890bb@localhost,Random,C,player_263f8b46-3658-4cbe-b36d-1f467832aa7c@localhost,TitForTatWithForgiveness,C,5,5,3243,2873
767,player_152a9437-d449-4c5c-aea4-fb15c47890bb@localhost,Random,C,player_263f8b46-3658-4cbe-b36d-1f467832aa7c@localhost,TitForTatWithForgiveness,C,5,5,3248,2878
768,player_152a9437-d449-4c5c-aea4-fb15c47890bb@localhost,Random,D,player_263f8b46-3658-4cbe-b36d-1f467832aa7c@localhost,TitForTatWithForgiveness,C,10,0,3258,2878
769,player_152a9437-d449-4c5c-aea4-fb15c47890bb@localhost,Random,D,player_263f8b46-3658-4cbe-b36d-1f467832aa7c@localhost,TitForTatWithForgiveness,D,1,1,3259,2879
770,player_152a9437-d449-4c5c-aea4-fb15c47890bb@localhost,Random,D,player_263f8b46-3658-4cbe-b36d-1f467832aa7c@localhost,TitForTatWithForgiveness,C,10,0,3269,2879
771,player_152a9437-d449-4c5c-aea4-fb15c47890bb@localhost,Random,D,player_263f8b46-3658-4cbe-b36d-1f467832aa7c@localhost,TitForTatWithForgiveness,D,1,1,3270,2880
772,player_152a9437-d449-4c5c-aea4-fb15c47890bb@localhost,Random,D,player_263f8b46-3658-4cbe-b36d-1f467832aa7c@localhost,TitForTatWithForgiveness,D,1,1,3271,2881
773,player_152a9437-d449-4c5c-aea4-fb15c47890bb@localhost,Random,C,player_263f8b46-3658-4cbe-b36d-1f467832aa7c@localhost,TitForTatWithForgiveness,C,5,5,3276,2886
774,player_152a9437-d449-4c5c-aea4-fb15c47890bb@localhost,Random,C,player_263f8b46-3658-4cbe-b36d-1f467832aa7c@localhost,TitForTatWithForgiveness,C,5,5,3281,2891
775,player_152a9437-d449-4c5c-aea4-fb15c47890bb@localhost,Random,C,player_263f8b46-3658-4cbe-b36d-1f467832aa7c@localhost,TitForTatWithForgiveness,C,5,5,3286,2896
776,player_152a9437-d449-4c5c-aea4-fb15c47890bb@localhost,Random,C,player_263f8b46-3658-4cbe-b36d-1f467832aa7c@localhost,TitForTatWithForgiveness,C,5,5,3291,2901
777,player_152a9437-d449-4c5c-aea4-fb15c47890bb@localhost,Random,D,player_263f8b46-3658-4cbe-b36d-1f467832aa7c@localhost,TitForTatWithForgiveness,C,10,0,3301,2901
778,player_152a9437-d449-4c5c-aea4-fb15c47890bb@localhost,Random,C,player_263f8b46-3658-4cbe-b36d-1f467832aa7c@localhost,TitForTatWithForgiveness,D,0,10,3301,2911
779,player_152a9437-d449-4c5c-aea4-fb15c47890bb@localhost,Random,C,player_263f8b46-3658-4cbe-b36d-1f467832aa7c@localhost,TitForTatWithForgiveness,C,5,5,3306,2916
780,player_152a9437-d449-4c5c-aea4-fb15c47890bb@localhost,Random,C,player_263f8b46-3658-4cbe-b36d-1f467832aa7c@localhost,TitForTatWithForgiveness,C,5,5,3311,2921
781,player_152a9437-d449-4c5c-aea4-fb15c47890bb@localhost,Random,D,player_263f8b46-3658-4cbe-b36d-1f467832aa7c@localhost,TitForTatWithForgiveness,C,10,0,3321,2921
782,player_152a9437-d449-4c5c-aea4-fb15c47890bb@localhost,Random,C,player_263f8b46-3658-4cbe-b36d-1f467832aa7c@localhost,TitForTatWithForgiveness,D,0,10,3321,2931
783,player_152a9437-d449-4c5c-aea4-fb15c47890bb@localhost,Random,C,player_263f8b46-3658-4cbe-b36d-1f467832aa7c@localhost,TitForTatWithForgiveness,C,5,5,3326,2936
784,player_152a9437-d449-4c5c-aea4-fb15c47890bb@localhost,Random,D,player_263f8b46-3658-4cbe-b36d-1f467832aa7c@localhost,TitForTatWithForgiveness,C,10,0,3336,2936
785,player_152a9437-d449-4c5c-aea4-fb15c47890bb@localhost,Random,D,player_263f8b46-3658-4cbe-b36d-1f467832aa7c@localhost,TitForTatWithForgiveness,C,10,0,3346,2936
786,player_152a9437-d449-4c5c-aea4-fb15c47890bb@localhost,Random,D,player_263f8b46-3658-4cbe-b36d-1f467832aa7c@localhost,TitForTatWithForgiveness,C,10,0,3356,2936
787,player_152a9437-d449-4c5c-aea4-fb15c47890bb@localhost,Random,D,player_263f8b46-3658-4cbe-b36d-1f467832aa7c@localhost,TitForTatWithForgiveness,D,1,1,3357,2937
788,player_152a9437-d449-4c5c-aea4-fb15c47890bb@localhost,Random,C,player_263f8b46-3658-4cbe-b36d-1f467832aa7c@localhost,TitForTatWithForgiveness,D,0,10,3357,2947
789,player_152a9437-d449-4c5c-aea4-fb15c47890bb@localhost,Random,C,player_263f8b46-3658-4cbe-b36d-1f467832aa7c@localhost,TitForTatWithForgiveness,C,5,5,3362,2952
790,player_152a9437-d449-4c5c-aea4-fb15c47890bb@localhost,Random,D,player_263f8b46-3658-4cbe-b36d-1f467832aa7c@localhost,TitForTatWithForgiveness,C,10,0,3372,2952
791,player_152a9437-d449-4c5c-aea4-fb15c47890bb@localhost,Random,C,player_263f8b46-3658-4cbe-b36d-1f467832aa7c@localhost,TitForTatWithForgiveness,D,0,10,3372,2962
792,player_152a9437-d449-4c5c-aea4-fb15c47890bb@localhost,Random,C,player_263f8b46-3658-4cbe-b36d-1f467832aa7c@localhost,TitForTatWithForgiveness,C,5,5,3377,2967
793,player_152a9437-d449-4c5c-aea4-fb15c47890bb@localhost,Random,D,player_263f8b46-3658-4cbe-b36d-1f467832aa7c@localhost,TitForTatWithForgiveness,C,10,0,3387,2967
794,player_152a9437-d449-4c5c-aea4-fb15c47890bb@localhost,Random,C,player_263f8b46-3658-4cbe-b36d-1f467832aa7c@localhost,TitForTatWithForgiveness,C,5,5,3392,2972
795,player_152a9437-d449-4c5c-aea4-fb15c47890bb@localhost,Random,D,player_263f8b46-3658-4cbe-b36d-1f467832aa7c@localhost,TitForTatWithForgiveness,C,10,0,3402,2972
796,player_152a9437-d449-4c5c-aea4-fb15c47890bb@localhost,Random,C,player_263f8b46-3658-4cbe-b36d-1f467832aa7c@localhost,TitForTatWithForgiveness,D,0,10,3402,2982
797,player_152a9437-d449-4c5c-aea4-fb15c47890bb@localhost,Random,D,player_263f8b46-3658-4cbe-b36d-1f467832aa7c@localhost,TitForTatWithForgiveness,C,10,0,3412,2982
798,player_152a9437-d449-4c5c-aea4-fb15c47890bb@localhost,Random,D,player_263f8b46-3658-4cbe-b36d-1f467832aa7c@localhost,TitForTatWithForgiveness,D,1,1,3413,2983
799,player_152a9437-d449-4c5c-aea4-fb15c47890bb@localhost,Random,C,player_263f8b46-3658-4cbe-b36d-1f467832aa7c@localhost,TitForTatWithForgiveness,D,0,10,3413,2993
800,player_152a9437-d449-4c5c-aea4-fb15c47890bb@localhost,Random,D,player_263f8b46-3658-4cbe-b36d-1f467832aa7c@localhost,TitForTatWithForgiveness,C,10,0,3423,2993
801,player_152a9437-d449-4c5c-aea4-fb15c47890bb@localhost,Random,C,player_263f8b46-3658-4cbe-b36d-1f467832aa7c@localhost,TitForTatWithForgiveness,D,0,10,3423,3003
802,player_152a9437-d449-4c5c-aea4-fb15c47890bb@localhost,Random,D,player_263f8b46-3658-4cbe-b36d-1f467832aa7c@localhost,TitForTatWithForgiveness,C,10,0,3433,3003
803,player_152a9437-d449-4c5c-aea4-fb15c47890bb@localhost,Random,C,player_263f8b46-3658-4cbe-b36d-1f467832aa7c@localhost,TitForTatWithForgiveness,D,0,10,3433,3013
804,player_152a9437-d449-4c5c-aea4-fb15c47890bb@localhost,Random,C,player_263f8b46-3658-4cbe-b36d-1f467832aa7c@localhost,TitForTatWithForgiveness,C,5,5,3438,3018
805,player_152a9437-d449-4c5c-aea4-fb15c47890bb@localhost,Random,C,player_263f8b46-3658-4cbe-b36d-1f467832aa7c@localhost,TitForTatWithForgiveness,C,5,5,3443,3023
806,player_152a9437-d449-4c5c-aea4-fb15c47890bb@localhost,Random,D,player_263f8b46-3658-4cbe-b36d-1f467832aa7c@localhost,TitForTatWithForgiveness,C,10,0,3453,3023
807,player_152a9437-d449-4c5c-aea4-fb15c47890bb@localhost,Random,C,player_263f8b46-3658-4cbe-b36d-1f467832aa7c@localhost,TitForTatWithForgiveness,D,0,10,3453,3033
808,player_152a9437-d449-4c5c-aea4-fb15c47890bb@localhost,Random,D,player_263f8b46-3658-4cbe-b36d-1f467832aa7c@localhost,TitForTatWithForgiveness,C,10,0,3463,3033
809,player_152a9437-d449-4c5c-aea4-fb15c47890bb@localhost,Random,C,player_263f8b46-3658-4cbe-b36d-1f467832aa7c@localhost,TitForTatWithForgiveness,D,0,10,3463,3043
810,player_152a9437-d449-4c5c-aea4-fb15c47890bb@localhost,Random,C,player_263f8b46-3658-4cbe-b36d-1f467832aa7c@localhost,TitForTatWithForgiveness,C,5,5,3468,3048
811,player_152a9437-d449-4c5c-aea4-fb15c47890bb@localhost,Random,D,player_263f8b46-3658-4cbe-b36d-1f467832aa7c@localhost,TitForTatWithForgiveness,C,10,0,3478,3048
812,player_152a9437-d449-4c5c-aea4-fb15c47890bb@localhost,Random,C,player_263f8b46-3658-4cbe-b36d-1f467832aa7c@localhost,TitForTatWithForgiveness,D,0,10,3478,3058
813,player_152a9437-d449-4c5c-aea4-fb15c47890bb@localhost,Random,C,player_263f8b46-3658-4cbe-b36d-1f467832aa7c@localhost,TitForTatWithForgiveness,C,5,5,3483,3063
814,player_152a9437-d449-4c5c-aea4-fb15c47890bb@localhost,Random,D,player_263f8b46-3658-4cbe-b36d-1f467832aa7c@localhost,TitForTatWithForgiveness,C,10,0,3493,3063
815,player_152a9437-d449-4c5c-aea4-fb15c47890bb@localhost,Random,C,player_263f8b46-3658-4cbe-b36d-1f467832aa7c@localhost,TitForTatWithForgiveness,D,0,10,3493,3073
816,player_152a9437-d449-4c5c-aea4-fb15c47890bb@localhost,Random,C,player_263f8b46-3658-4cbe-b36d-1f467832aa7c@localhost,TitForTatWithForgiveness,C,5,5,3498,3078
817,player_152a9437-d449-4c5c-aea4-fb15c47890bb@localhost,Random,C,player_263f8b46-3658-4cbe-b36d-1f467832aa7c@localhost,TitForTatWithForgiveness,C,5,5,3503,3083
818,player_152a9437-d449-4c5c-aea4-fb15c47890bb@localhost,Random,D,player_263f8b46-3658-4cbe-b36d-1f467832aa7c@localhost,TitForTatWithForgiveness,C,10,0,3513,3083
819,player_152a9437-d449-4c5c-aea4-fb15c47890bb@localhost,Random,C,player_263f8b46-3658-4cbe-b36d-1f467832aa7c@localhost,TitForTatWithForgiveness,D,0,10,3513,3093
820,player_152a9437-d449-4c5c-aea4-fb15c47890bb@localhost,Random,C,player_263f8b46-3658-4cbe-b36d-1f467832aa7c@localhost,TitForTatWithForgiveness,C,5,5,3518,3098
821,player_152a9437-d449-4c5c-aea4-fb15c47890bb@localhost,Random,C,player_263f8b46-3658-4cbe-b36d-1f467832aa7c@localhost,TitForTatWithForgiveness,C,5,5,3523,3103
822,player_152a9437-d449-4c5c-aea4-fb15c47890bb@localhost,Random,D,player_263f8b46-3658-4cbe-b36d-1f467832aa7c@localhost,TitForTatWithForgiveness,C,10,0,3533,3103
823,player_152a9437-d449-4c5c-aea4-fb15c47890bb@localhost,Random,C,player_263f8b46-3658-4cbe-b36d-1f467832aa7c@localhost,TitForTatWithForgiveness,D,0,10,3533,3113
824,player_152a9437-d449-4c5c-aea4-fb15c47890bb@localhost,Random,C,player_263f8b46-3658-4cbe-b36d-1f467832aa7c@localhost,TitForTatWithForgiveness,C,5,5,3538,3118
825,player_152a9437-d449-4c5c-aea4-fb15c47890bb@localhost,Random,C,player_263f8b46-3658-4cbe-b36d-1f467832aa7c@localhost,TitForTatWithForgiveness,C,5,5,3543,3123
826,player_152a9437-d449-4c5c-aea4-fb15c47890bb@localhost,Random,C,player_263f8b46-3658-4cbe-b36d-1f467832aa7c@localhost,TitForTatWithForgiveness,C,5,5,3548,3128
827,player_152a9437-d449-4c5c-aea4-fb15c47890bb@localhost,Random,C,player_263f8b46-3658-4cbe-b36d-1f467832aa7c@localhost,TitForTatWithForgiveness,C,5,5,3553,3133
828,player_152a9437-d449-4c5c-aea4-fb15c47890bb@localhost,Random,D,player_263f8b46-3658-4cbe-b36d-1f467832aa7c@localhost,TitForTatWithForgiveness,C,10,0,3563,3133
829,player_152a9437-d449-4c5c-aea4-fb15c47890bb@localhost,Random,C,player_263f8b46-3658-4cbe-b36d-1f467832aa7c@localhost,TitForTatWithForgiveness,D,0,10,3563,3143
830,player_152a9437-d449-4c5c-aea4-fb15c47890bb@localhost,Random,D,player_263f8b46-3658-4cbe-b36d-1f467832aa7c@localhost,TitForTatWithForgiveness,C,10,0,3573,3143
831,player_152a9437-d449-4c5c-aea4-fb15c47890bb@localhost,Random,C,player_263f8b46-3658-4cbe-b36d-1f467832aa7c@localhost,TitForTatWithForgiveness,D,0,10,3573,3153
832,player_152a9437-d449-4c5c-aea4-fb15c47890bb@localhost,Random,C,player_263f8b46-3658-4cbe-b36d-1f467832aa7c@localhost,TitForTatWithForgiveness,C,5,5,3578,3158
833,player_152a9437-d449-4c5c-aea4-fb15c47890bb@localhost,Random,D,player_263f8b46-3658-4cbe-b36d-1f467832aa7c@localhost,TitForTatWithForgiveness,C,10,0,3588,3158
834,player_152a9437-d449-4c5c-aea4-fb15c47890bb@localhost,Random,D,player_263f8b46-3658-4cbe-b36d-1f467832aa7c@localhost,TitForTatWithForgiveness,D,1,1,3589,3159
835,player_152a9437-d449-4c5c-aea4-fb15c47890bb@localhost,Random,D,player_263f8b46-3658-4cbe-b36d-1f467832aa7c@localhost,TitForTatWithForgiveness,D,1,1,3590,3160
836,player_152a9437-d449-4c5c-aea4-fb15c47890bb@localhost,Random,C,player_263f8b46-3658-4cbe-b36d-1f467832aa7c@localhost,TitForTatWithForgiveness,D,0,10,3590,3170
837,player_152a9437-d449-4c5c-aea4-fb15c47890bb@localhost,Random,D,player_263f8b46-3658-4cbe-b36d-1f467832aa7c@localhost,TitForTatWithForgiveness,C,10,0,3600,3170
838,player_152a9437-d449-4c5c-aea4-fb15c47890bb@localhost,Random,D,player_263f8b46-3658-4cbe-b36d-1f467832aa7c@localhost,TitForTatWithForgiveness,D,1,1,3601,3171
839,player_152a9437-d449-4c5c-aea4-fb15c47890bb@localhost,Random,D,player_263f8b46-3658-4cbe-b36d-1f467832aa7c@localhost,TitForTatWithForgiveness,D,1,1,3602,3172
840,player_152a9437-d449-4c5c-aea4-fb15c47890bb@localhost,Random,D,player_263f8b46-3658-4cbe-b36d-1f467832aa7c@localhost,TitForTatWithForgiveness,D,1,1,3603,3173
841,player_152a9437-d449-4c5c-aea4-fb15c47890bb@localhost,Random,C,player_263f8b46-3658-4cbe-b36d-1f467832aa7c@localhost,TitForTatWithForgiveness,C,5,5,3608,3178
842,player_152a9437-d449-4c5c-aea4-fb15c47890bb@localhost,Random,C,player_263f8b46-3658-4cbe-b36d-1f467832aa7c@localhost,TitForTatWithForgiveness,C,5,5,3613,3183
843,player_152a9437-d449-4c5c-aea4-fb15c47890bb@localhost,Random,C,player_263f8b46-3658-4cbe-b36d-1f467832aa7c@localhost,TitForTatWithForgiveness,C,5,5,3618,3188
844,player_152a9437-d449-4c5c-aea4-fb15c47890bb@localhost,Random,D,player_263f8b46-3658-4cbe-b36d-1f467832aa7c@localhost,TitForTatWithForgiveness,C,10,0,3628,3188
845,player_152a9437-d449-4c5c-aea4-fb15c47890bb@localhost,Random,C,player_263f8b46-3658-4cbe-b36d-1f467832aa7c@localhost,TitForTatWithForgiveness,D,0,10,3628,3198
846,player_152a9437-d449-4c5c-aea4-fb15c47890bb@localhost,Random,D,player_263f8b46-3658-4cbe-b36d-1f467832aa7c@localhost,TitForTatWithForgiveness,C,10,0,3638,3198
847,player_152a9437-d449-4c5c-aea4-fb15c47890bb@localhost,Random,D,player_263f8b46-3658-4cbe-b36d-1f467832aa7c@localhost,TitForTatWithForgiveness,D,1,1,3639,3199
848,player_152a9437-d449-4c5c-aea4-fb15c47890bb@localhost,Random,C,player_263f8b46-3658-4cbe-b36d-1f467832aa7c@localhost,TitForTatWithForgiveness,D,0,10,3639,3209
849,player_152a9437-d449-4c5c-aea4-fb15c47890bb@localhost,Random,C,player_263f8b46-3658-4cbe-b36d-1f467832aa7c@localhost,TitForTatWithForgiveness,C,5,5,3644,3214
850,player_152a9437-d449-4c5c-aea4-fb15c47890bb@localhost,Random,C,player_263f8b46-3658-4cbe-b36d-1f467832aa7c@localhost,TitForTatWithForgiveness,C,5,5,3649,3219
851,player_152a9437-d449-4c5c-aea4-fb15c47890bb@localhost,Random,C,player_263f8b46-3658-4cbe-b36d-1f467832aa7c@localhost,TitForTatWithForgiveness,C,5,5,3654,3224
852,player_152a9437-d449-4c5c-aea4-fb15c47890bb@localhost,Random,D,player_263f8b46-3658-4cbe-b36d-1f467832aa7c@localhost,TitForTatWithForgiveness,C,10,0,3664,3224
853,player_152a9437-d449-4c5c-aea4-fb15c47890bb@localhost,Random,C,player_263f8b46-3658-4cbe-b36d-1f467832aa7c@localhost,TitForTatWithForgiveness,D,0,10,3664,3234
854,player_152a9437-d449-4c5c-aea4-fb15c47890bb@localhost,Random,C,player_263f8b46-3658-4cbe-b36d-1f467832aa7c@localhost,TitForTatWithForgiveness,C,5,5,3669,3239
855,player_152a9437-d449-4c5c-aea4-fb15c47890bb@localhost,Random,D,player_263f8b46-3658-4cbe-b36d-1f467832aa7c@localhost,TitForTatWithForgiveness,C,10,0,3679,3239
856,player_152a9437-d449-4c5c-aea4-fb15c47890bb@localhost,Random,C,player_263f8b46-3658-4cbe-b36d-1f467832aa7c@localhost,TitForTatWithForgiveness,D,0,10,3679,3249
857,player_152a9437-d449-4c5c-aea4-fb15c47890bb@localhost,Random,D,player_263f8b46-3658-4cbe-b36d-1f467832aa7c@localhost,TitForTatWithForgiveness,C,10,0,3689,3249
858,player_152a9437-d449-4c5c-aea4-fb15c47890bb@localhost,Random,C,player_263f8b46-3658-4cbe-b36d-1f467832aa7c@localhost,TitForTatWithForgiveness,D,0,10,3689,3259
859,player_152a9437-d449-4c5c-aea4-fb15c47890bb@localhost,Random,D,player_263f8b46-3658-4cbe-b36d-1f467832aa7c@localhost,TitForTatWithForgiveness,C,10,0,3699,3259
860,player_152a9437-d449-4c5c-aea4-fb15c47890bb@localhost,Random,C,player_263f8b46-3658-4cbe-b36d-1f467832aa7c@localhost,TitForTatWithForgiveness,D,0,10,3699,3269
861,player_152a9437-d449-4c5c-aea4-fb15c47890bb@localhost,Random,C,player_263f8b46-3658-4cbe-b36d-1f467832aa7c@localhost,TitForTatWithForgiveness,C,5,5,3704,3274
862,player_152a9437-d449-4c5c-aea4-fb15c47890bb@localhost,Random,C,player_263f8b46-3658-4cbe-b36d-1f467832aa7c@localhost,TitForTatWithForgiveness,C,5,5,3709,3279
863,player_152a9437-d449-4c5c-aea4-fb15c47890bb@localhost,Random,D,player_263f8b46-3658-4cbe-b36d-1f467832aa7c@localhost,TitForTatWithForgiveness,C,10,0,3719,3279
864,player_152a9437-d449-4c5c-aea4-fb15c47890bb@localhost,Random,D,player_263f8b46-3658-4cbe-b36d-1f467832aa7c@localhost,TitForTatWithForgiveness,D,1,1,3720,3280
865,player_152a9437-d449-4c5c-aea4-fb15c47890bb@localhost,Random,D,player_263f8b46-3658-4cbe-b36d-1f467832aa7c@localhost,TitForTatWithForgiveness,C,10,0,3730,3280
866,player_152a9437-d449-4c5c-aea4-fb15c47890bb@localhost,Random,D,player_263f8b46-3658-4cbe-b36d-1f467832aa7c@localhost,TitForTatWithForgiveness,D,1,1,3731,3281
867,player_152a9437-d449-4c5c-aea4-fb15c47890bb@localhost,Random,C,player_263f8b46-3658-4cbe-b36d-1f467832aa7c@localhost,TitForTatWithForgiveness,D,0,10,3731,3291
868,player_152a9437-d449-4c5c-aea4-fb15c47890bb@localhost,Random,C,player_263f8b46-3658-4cbe-b36d-1f467832aa7c@localhost,TitForTatWithForgiveness,C,5,5,3736,3296
869,player_152a9437-d449-4c5c-aea4-fb15c47890bb@localhost,Random,C,player_263f8b46-3658-4cbe-b36d-1f467832aa7c@localhost,TitForTatWithForgiveness,C,5,5,3741,3301
870,player_152a9437-d449-4c5c-aea4-fb15c47890bb@localhost,Random,D,player_263f8b46-3658-4cbe-b36d-1f467832aa7c@localhost,TitForTatWithForgiveness,C,10,0,3751,3301
871,player_152a9437-d449-4c5c-aea4-fb15c47890bb@localhost,Random,C,player_263f8b46-3658-4cbe-b36d-1f467832aa7c@localhost,TitForTatWithForgiveness,C,5,5,3756,3306
872,player_152a9437-d449-4c5c-aea4-fb15c47890bb@localhost,Random,D,player_263f8b46-3658-4cbe-b36d-1f467832aa7c@localhost,TitForTatWithForgiveness,C,10,0,3766,3306
873,player_152a9437-d449-4c5c-aea4-fb15c47890bb@localhost,Random,C,player_263f8b46-3658-4cbe-b36d-1f467832aa7c@localhost,TitForTatWithForgiveness,D,0,10,3766,3316
874,player_152a9437-d449-4c5c-aea4-fb15c47890bb@localhost,Random,D,player_263f8b46-3658-4cbe-b36d-1f467832aa7c@localhost,TitForTatWithForgiveness,C,10,0,3776,3316
875,player_152a9437-d449-4c5c-aea4-fb15c47890bb@localhost,Random,C,player_263f8b46-3658-4cbe-b36d-1f467832aa7c@localhost,TitForTatWithForgiveness,D,0,10,3776,3326
876,player_152a9437-d449-4c5c-aea4-fb15c47890bb@localhost,Random,D,player_263f8b46-3658-4cbe-b36d-1f467832aa7c@localhost,TitForTatWithForgiveness,C,10,0,3786,3326
877,player_152a9437-d449-4c5c-aea4-fb15c47890bb@localhost,Random,C,player_263f8b46-3658-4cbe-b36d-1f467832aa7c@localhost,TitForTatWithForgiveness,D,0,10,3786,3336
878,player_152a9437-d449-4c5c-aea4-fb15c47890bb@localhost,Random,D,player_263f8b46-3658-4cbe-b36d-1f467832aa7c@localhost,TitForTatWithForgiveness,C,10,0,3796,3336
879,player_152a9437-d449-4c5c-aea4-fb15c47890bb@localhost,Random,D,player_263f8b46-3658-4cbe-b36d-1f467832aa7c@localhost,TitForTatWithForgiveness,D,1,1,3797,3337
880,player_152a9437-d449-4c5c-aea4-fb15c47890bb@localhost,Random,D,player_263f8b46-3658-4cbe-b36d-1f467832aa7c@localhost,TitForTatWithForgiveness,D,1,1,3798,3338
881,player_152a9437-d449-4c5c-aea4-fb15c47890bb@localhost,Random,C,player_263f8b46-3658-4cbe-b36d-1f467832aa7c@localhost,TitForTatWithForgiveness,C,5,5,3803,3343
882,player_152a9437-d449-4c5c-aea4-fb15c47890bb@localhost,Random,D,player_263f8b46-3658-4cbe-b36d-1f467832aa7c@localhost,TitForTatWithForgiveness,C,10,0,3813,3343
883,player_152a9437-d449-4c5c-aea4-fb15c47890bb@localhost,Random,C,player_263f8b46-3658-4cbe-b36d-1f467832aa7c@localhost,TitForTatWithForgiveness,D,0,10,3813,3353
884,player_152a9437-d449-4c5c-aea4-fb15c47890bb@localhost,Random,C,player_263f8b46-3658-4cbe-b36d-1f467832aa7c@localhost,TitForTatWithForgiveness,C,5,5,3818,3358
885,player_152a9437-d449-4c5c-aea4-fb15c47890bb@localhost,Random,C,player_263f8b46-3658-4cbe-b36d-1f467832aa7c@localhost,TitForTatWithForgiveness,C,5,5,3823,3363
886,player_152a9437-d449-4c5c-aea4-fb15c47890bb@localhost,Random,C,player_263f8b46-3658-4cbe-b36d-1f467832aa7c@localhost,TitForTatWithForgiveness,C,5,5,3828,3368
887,player_152a9437-d449-4c5c-aea4-fb15c47890bb@localhost,Random,C,player_263f8b46-3658-4cbe-b36d-1f467832aa7c@localhost,TitForTatWithForgiveness,C,5,5,3833,3373
888,player_152a9437-d449-4c5c-aea4-fb15c47890bb@localhost,Random,D,player_263f8b46-3658-4cbe-b36d-1f467832aa7c@localhost,TitForTatWithForgiveness,C,10,0,3843,3373
889,player_152a9437-d449-4c5c-aea4-fb15c47890bb@localhost,Random,D,player_263f8b46-3658-4cbe-b36d-1f467832aa7c@localhost,TitForTatWithForgiveness,D,1,1,3844,3374
890,player_152a9437-d449-4c5c-aea4-fb15c47890bb@localhost,Random,D,player_263f8b46-3658-4cbe-b36d-1f467832aa7c@localhost,TitForTatWithForgiveness,D,1,1,3845,3375
891,player_152a9437-d449-4c5c-aea4-fb15c47890bb@localhost,Random,D,player_263f8b46-3658-4cbe-b36d-1f467832aa7c@localhost,TitForTatWithForgiveness,D,1,1,3846,3376
892,player_152a9437-d449-4c5c-aea4-fb15c47890bb@localhost,Random,D,player_263f8b46-3658-4cbe-b36d-1f467832aa7c@localhost,TitForTatWithForgiveness,D,1,1,3847,3377
893,player_152a9437-d449-4c5c-aea4-fb15c47890bb@localhost,Random,C,player_263f8b46-3658-4cbe-b36d-1f467832aa7c@localhost,TitForTatWithForgiveness,D,0,10,3847,3387
894,player_152a9437-d449-4c5c-aea4-fb15c47890bb@localhost,Random,D,player_263f8b46-3658-4cbe-b36d-1f467832aa7c@localhost,TitForTatWithForgiveness,C,10,0,3857,3387
895,player_152a9437-d449-4c5c-aea4-fb15c47890bb@localhost,Random,D,player_263f8b46-3658-4cbe-b36d-1f467832aa7c@localhost,TitForTatWithForgiveness,D,1,1,3858,3388
896,player_152a9437-d449-4c5c-aea4-fb15c47890bb@localhost,Random,D,player_263f8b46-3658-4cbe-b36d-1f467832aa7c@localhost,TitForTatWithForgiveness,D,1,1,3859,3389
897,player_152a9437-d449-4c5c-aea4-fb15c47890bb@localhost,Random,C,player_263f8b46-3658-4cbe-b36d-1f467832aa7c@localhost,TitForTatWithForgiveness,C,5,5,3864,3394
898,player_152a9437-d449-4c5c-aea4-fb15c47890bb@localhost,Random,D,player_263f8b46-3658-4cbe-b36d-1f467832aa7c@localhost,TitForTatWithForgiveness,C,10,0,3874,3394
899,player_152a9437-d449-4c5c-aea4-fb15c47890bb@localhost,Random,D,player_263f8b46-3658-4cbe-b36d-1f467832aa7c@localhost,TitForTatWithForgiveness,D,1,1,3875,3395
900,player_152a9437-d449-4c5c-aea4-fb15c47890bb@localhost,Random,D,player_263f8b46-3658-4cbe-b36d-1f467832aa7c@localhost,TitForTatWithForgiveness,D,1,1,3876,3396
901,player_152a9437-d449-4c5c-aea4-fb15c47890bb@localhost,Random,D,player_263f8b46-3658-4cbe-b36d-1f467832aa7c@localhost,TitForTatWithForgiveness,D,1,1,3877,3397
902,player_152a9437-d449-4c5c-aea4-fb15c47890bb@localhost,Random,C,player_263f8b46-3658-4cbe-b36d-1f467832aa7c@localhost,TitForTatWithForgiveness,D,0,10,3877,3407
903,player_152a9437-d449-4c5c-aea4-fb15c47890bb@localhost,Random,D,player_263f8b46-3658-4cbe-b36d-1f467832aa7c@localhost,TitForTatWithForgiveness,C,10,0,3887,3407
904,player_152a9437-d449-4c5c-aea4-fb15c47890bb@localhost,Random,C,player_263f8b46-3658-4cbe-b36d-1f467832aa7c@localhost,TitForTatWithForgiveness,D,0,10,3887,3417
905,player_152a9437-d449-4c5c-aea4-fb15c47890bb@localhost,Random,D,player_263f8b46-3658-4cbe-b36d-1f467832aa7c@localhost,TitForTatWithForgiveness,C,10,0,3897,3417
906,player_152a9437-d449-4c5c-aea4-fb15c47890bb@localhost,Random,C,player_263f8b46-3658-4cbe-b36d-1f467832aa7c@localhost,TitForTatWithForgiveness,D,0,10,3897,3427
907,player_152a9437-d449-4c5c-aea4-fb15c47890bb@localhost,Random,C,player_263f8b46-3658-4cbe-b36d-1f467832aa7c@localhost,TitForTatWithForgiveness,C,5,5,3902,3432
908,player_152a9437-d449-4c5c-aea4-fb15c47890bb@localhost,Random,C,player_263f8b46-3658-4cbe-b36d-1f467832aa7c@localhost,TitForTatWithForgiveness,C,5,5,3907,3437
909,player_152a9437-d449-4c5c-aea4-fb15c47890bb@localhost,Random,C,player_263f8b46-3658-4cbe-b36d-1f467832aa7c@localhost,TitForTatWithForgiveness,C,5,5,3912,3442
910,player_152a9437-d449-4c5c-aea4-fb15c47890bb@localhost,Random,D,player_263f8b46-3658-4cbe-b36d-1f467832aa7c@localhost,TitForTatWithForgiveness,C,10,0,3922,3442
911,player_152a9437-d449-4c5c-aea4-fb15c47890bb@localhost,Random,C,player_263f8b46-3658-4cbe-b36d-1f467832aa7c@localhost,TitForTatWithForgiveness,D,0,10,3922,3452
912,player_152a9437-d449-4c5c-aea4-fb15c47890bb@localhost,Random,D,player_263f8b46-3658-4cbe-b36d-1f467832aa7c@localhost,TitForTatWithForgiveness,C,10,0,3932,3452
913,player_152a9437-d449-4c5c-aea4-fb15c47890bb@localhost,Random,C,player_263f8b46-3658-4cbe-b36d-1f467832aa7c@localhost,TitForTatWithForgiveness,D,0,10,3932,3462
914,player_152a9437-d449-4c5c-aea4-fb15c47890bb@localhost,Random,D,player_263f8b46-3658-4cbe-b36d-1f467832aa7c@localhost,TitForTatWithForgiveness,C,10,0,3942,3462
915,player_152a9437-d449-4c5c-aea4-fb15c47890bb@localhost,Random,D,player_263f8b46-3658-4cbe-b36d-1f467832aa7c@localhost,TitForTatWithForgiveness,D,1,1,3943,3463
916,player_152a9437-d449-4c5c-aea4-fb15c47890bb@localhost,Random,C,player_263f8b46-3658-4cbe-b36d-1f467832aa7c@localhost,TitForTatWithForgiveness,D,0,10,3943,3473
917,player_152a9437-d449-4c5c-aea4-fb15c47890bb@localhost,Random,C,player_263f8b46-3658-4cbe-b36d-1f467832aa7c@localhost,TitForTatWithForgiveness,C,5,5,3948,3478
918,player_152a9437-d449-4c5c-aea4-fb15c47890bb@localhost,Random,C,player_263f8b46-3658-4cbe-b36d-1f467832aa7c@localhost,TitForTatWithForgiveness,C,5,5,3953,3483
919,player_152a9437-d449-4c5c-aea4-fb15c47890bb@localhost,Random,C,player_263f8b46-3658-4cbe-b36d-1f467832aa7c@localhost,TitForTatWithForgiveness,C,5,5,3958,3488
920,player_152a9437-d449-4c5c-aea4-fb15c47890bb@localhost,Random,D,player_263f8b46-3658-4cbe-b36d-1f467832aa7c@localhost,TitForTatWithForgiveness,C,10,0,3968,3488
921,player_152a9437-d449-4c5c-aea4-fb15c47890bb@localhost,Random,C,player_263f8b46-3658-4cbe-b36d-1f467832aa7c@localhost,TitForTatWithForgiveness,D,0,10,3968,3498
922,player_152a9437-d449-4c5c-aea4-fb15c47890bb@localhost,Random,D,player_263f8b46-3658-4cbe-b36d-1f467832aa7c@localhost,TitForTatWithForgiveness,C,10,0,3978,3498
923,player_152a9437-d449-4c5c-aea4-fb15c47890bb@localhost,Random,D,player_263f8b46-3658-4cbe-b36d-1f467832aa7c@localhost,TitForTatWithForgiveness,D,1,1,3979,3499
924,player_152a9437-d449-4c5c-aea4-fb15c47890bb@localhost,Random,C,player_263f8b46-3658-4cbe-b36d-1f467832aa7c@localhost,TitForTatWithForgiveness,D,0,10,3979,3509
925,player_152a9437-d449-4c5c-aea4-fb15c47890bb@localhost,Random,D,player_263f8b46-3658-4cbe-b36d-1f467832aa7c@localhost,TitForTatWithForgiveness,C,10,0,3989,3509
926,player_152a9437-d449-4c5c-aea4-fb15c47890bb@localhost,Random,C,player_263f8b46-3658-4cbe-b36d-1f467832aa7c@localhost,TitForTatWithForgiveness,D,0,10,3989,3519
927,player_152a9437-d449-4c5c-aea4-fb15c47890bb@localhost,Random,D,player_263f8b46-3658-4cbe-b36d-1f467832aa7c@localhost,TitForTatWithForgiveness,C,10,0,3999,3519
928,player_152a9437-d449-4c5c-aea4-fb15c47890bb@localhost,Random,D,player_263f8b46-3658-4cbe-b36d-1f467832aa7c@localhost,TitForTatWithForgiveness,D,1,1,4000,3520
929,player_152a9437-d449-4c5c-aea4-fb15c47890bb@localhost,Random,D,player_263f8b46-3658-4cbe-b36d-1f467832aa7c@localhost,TitForTatWithForgiveness,D,1,1,4001,3521
930,player_152a9437-d449-4c5c-aea4-fb15c47890bb@localhost,Random,D,player_263f8b46-3658-4cbe-b36d-1f467832aa7c@localhost,TitForTatWithForgiveness,D,1,1,4002,3522
931,player_152a9437-d449-4c5c-aea4-fb15c47890bb@localhost,Random,D,player_263f8b46-3658-4cbe-b36d-1f467832aa7c@localhost,TitForTatWithForgiveness,C,10,0,4012,3522
932,player_152a9437-d449-4c5c-aea4-fb15c47890bb@localhost,Random,C,player_263f8b46-3658-4cbe-b36d-1f467832aa7c@localhost,TitForTatWithForgiveness,D,0,10,4012,3532
933,player_152a9437-d449-4c5c-aea4-fb15c47890bb@localhost,Random,C,player_263f8b46-3658-4cbe-b36d-1f467832aa7c@localhost,TitForTatWithForgiveness,C,5,5,4017,3537
934,player_152a9437-d449-4c5c-aea4-fb15c47890bb@localhost,Random,C,player_263f8b46-3658-4cbe-b36d-1f467832aa7c@localhost,TitForTatWithForgiveness,C,5,5,4022,3542
935,player_152a9437-d449-4c5c-aea4-fb15c47890bb@localhost,Random,C,player_263f8b46-3658-4cbe-b36d-1f467832aa7c@localhost,TitForTatWithForgiveness,C,5,5,4027,3547
936,player_152a9437-d449-4c5c-aea4-fb15c47890bb@localhost,Random,C,player_263f8b46-3658-4cbe-b36d-1f467832aa7c@localhost,TitForTatWithForgiveness,C,5,5,4032,3552
937,player_152a9437-d449-4c5c-aea4-fb15c47890bb@localhost,Random,C,player_263f8b46-3658-4cbe-b36d-1f467832aa7c@localhost,TitForTatWithForgiveness,C,5,5,4037,3557
938,player_152a9437-d449-4c5c-aea4-fb15c47890bb@localhost,Random,D,player_263f8b46-3658-4cbe-b36d-1f467832aa7c@localhost,TitForTatWithForgiveness,C,10,0,4047,3557
939,player_152a9437-d449-4c5c-aea4-fb15c47890bb@localhost,Random,C,player_263f8b46-3658-4cbe-b36d-1f467832aa7c@localhost,TitForTatWithForgiveness,D,0,10,4047,3567
940,player_152a9437-d449-4c5c-aea4-fb15c47890bb@localhost,Random,C,player_263f8b46-3658-4cbe-b36d-1f467832aa7c@localhost,TitForTatWithForgiveness,C,5,5,4052,3572
941,player_152a9437-d449-4c5c-aea4-fb15c47890bb@localhost,Random,D,player_263f8b46-3658-4cbe-b36d-1f467832aa7c@localhost,TitForTatWithForgiveness,C,10,0,4062,3572
942,player_152a9437-d449-4c5c-aea4-fb15c47890bb@localhost,Random,D,player_263f8b46-3658-4cbe-b36d-1f467832aa7c@localhost,TitForTatWithForgiveness,D,1,1,4063,3573
943,player_152a9437-d449-4c5c-aea4-fb15c47890bb@localhost,Random,D,player_263f8b46-3658-4cbe-b36d-1f467832aa7c@localhost,TitForTatWithForgiveness,D,1,1,4064,3574
944,player_152a9437-d449-4c5c-aea4-fb15c47890bb@localhost,Random,C,player_263f8b46-3658-4cbe-b36d-1f467832aa7c@localhost,TitForTatWithForgiveness,D,0,10,4064,3584
945,player_152a9437-d449-4c5c-aea4-fb15c47890bb@localhost,Random,D,player_263f8b46-3658-4cbe-b36d-1f467832aa7c@localhost,TitForTatWithForgiveness,C,10,0,4074,3584
946,player_152a9437-d449-4c5c-aea4-fb15c47890bb@localhost,Random,D,player_263f8b46-3658-4cbe-b36d-1f467832aa7c@localhost,TitForTatWithForgiveness,D,1,1,4075,3585
947,player_152a9437-d449-4c5c-aea4-fb15c47890bb@localhost,Random,D,player_263f8b46-3658-4cbe-b36d-1f467832aa7c@localhost,TitForTatWithForgiveness,D,1,1,4076,3586
948,player_152a9437-d449-4c5c-aea4-fb15c47890bb@localhost,Random,D,player_263f8b46-3658-4cbe-b36d-1f467832aa7c@localhost,TitForTatWithForgiveness,D,1,1,4077,3587
949,player_152a9437-d449-4c5c-aea4-fb15c47890bb@localhost,Random,D,player_263f8b46-3658-4cbe-b36d-1f467832aa7c@localhost,TitForTatWithForgiveness,D,1,1,4078,3588
950,player_152a9437-d449-4c5c-aea4-fb15c47890bb@localhost,Random,D,player_263f8b46-3658-4cbe-b36d-1f467832aa7c@localhost,TitForTatWithForgiveness,D,1,1,4079,3589
951,player_152a9437-d449-4c5c-aea4-fb15c47890bb@localhost,Random,C,player_263f8b46-3658-4cbe-b36d-1f467832aa7c@localhost,TitForTatWithForgiveness,D,0,10,4079,3599
952,player_152a9437-d449-4c5c-aea4-fb15c47890bb@localhost,Random,C,player_263f8b46-3658-4cbe-b36d-1f467832aa7c@localhost,TitForTatWithForgiveness,C,5,5,4084,3604
953,player_152a9437-d449-4c5c-aea4-fb15c47890bb@localhost,Random,C,player_263f8b46-3658-4cbe-b36d-1f467832aa7c@localhost,TitForTatWithForgiveness,C,5,5,4089,3609
954,player_152a9437-d449-4c5c-aea4-fb15c47890bb@localhost,Random,D,player_263f8b46-3658-4cbe-b36d-1f467832aa7c@localhost,TitForTatWithForgiveness,C,10,0,4099,3609
955,player_152a9437-d449-4c5c-aea4-fb15c47890bb@localhost,Random,D,player_263f8b46-3658-4cbe-b36d-1f467832aa7c@localhost,TitForTatWithForgiveness,D,1,1,4100,3610
956,player_152a9437-d449-4c5c-aea4-fb15c47890bb@localhost,Random,C,player_263f8b46-3658-4cbe-b36d-1f467832aa7c@localhost,TitForTatWithForgiveness,D,0,10,4100,3620
957,player_152a9437-d449-4c5c-aea4-fb15c47890bb@localhost,Random,C,player_263f8b46-3658-4cbe-b36d-1f467832aa7c@localhost,TitForTatWithForgiveness,C,5,5,4105,3625
958,player_152a9437-d449-4c5c-aea4-fb15c47890bb@localhost,Random,D,player_263f8b46-3658-4cbe-b36d-1f467832aa7c@localhost,TitForTatWithForgiveness,C,10,0,4115,3625
959,player_152a9437-d449-4c5c-aea4-fb15c47890bb@localhost,Random,C,player_263f8b46-3658-4cbe-b36d-1f467832aa7c@localhost,TitForTatWithForgiveness,D,0,10,4115,3635
960,player_152a9437-d449-4c5c-aea4-fb15c47890bb@localhost,Random,D,player_263f8b46-3658-4cbe-b36d-1f467832aa7c@localhost,TitForTatWithForgiveness,C,10,0,4125,3635
961,player_152a9437-d449-4c5c-aea4-fb15c47890bb@localhost,Random,D,player_263f8b46-3658-4cbe-b36d-1f467832aa7c@localhost,TitForTatWithForgiveness,D,1,1,4126,3636
962,player_152a9437-d449-4c5c-aea4-fb15c47890bb@localhost,Random,C,player_263f8b46-3658-4cbe-b36d-1f467832aa7c@localhost,TitForTatWithForgiveness,D,0,10,4126,3646
963,player_152a9437-d449-4c5c-aea4-fb15c47890bb@localhost,Random,C,player_263f8b46-3658-4cbe-b36d-1f467832aa7c@localhost,TitForTatWithForgiveness,C,5,5,4131,3651
964,player_152a9437-d449-4c5c-aea4-fb15c47890bb@localhost,Random,D,player_263f8b46-3658-4cbe-b36d-1f467832aa7c@localhost,TitForTatWithForgiveness,C,10,0,4141,3651
965,player_152a9437-d449-4c5c-aea4-fb15c47890bb@localhost,Random,C,player_263f8b46-3658-4cbe-b36d-1f467832aa7c@localhost,TitForTatWithForgiveness,D,0,10,4141,3661
966,player_152a9437-d449-4c5c-aea4-fb15c47890bb@localhost,Random,C,player_263f8b46-3658-4cbe-b36d-1f467832aa7c@localhost,TitForTatWithForgiveness,C,5,5,4146,3666
967,player_152a9437-d449-4c5c-aea4-fb15c47890bb@localhost,Random,D,player_263f8b46-3658-4cbe-b36d-1f467832aa7c@localhost,TitForTatWithForgiveness,C,10,0,4156,3666
968,player_152a9437-d449-4c5c-aea4-fb15c47890bb@localhost,Random,D,player_263f8b46-3658-4cbe-b36d-1f467832aa7c@localhost,TitForTatWithForgiveness,C,10,0,4166,3666
969,player_152a9437-d449-4c5c-aea4-fb15c47890bb@localhost,Random,D,player_263f8b46-3658-4cbe-b36d-1f467832aa7c@localhost,TitForTatWithForgiveness,D,1,1,4167,3667
970,player_152a9437-d449-4c5c-aea4-fb15c47890bb@localhost,Random,D,player_263f8b46-3658-4cbe-b36d-1f467832aa7c@localhost,TitForTatWithForgiveness,D,1,1,4168,3668
971,player_152a9437-d449-4c5c-aea4-fb15c47890bb@localhost,Random,D,player_263f8b46-3658-4cbe-b36d-1f467832aa7c@localhost,TitForTatWithForgiveness,D,1,1,4169,3669
972,player_152a9437-d449-4c5c-aea4-fb15c47890bb@localhost,Random,C,player_263f8b46-3658-4cbe-b36d-1f467832aa7c@localhost,TitForTatWithForgiveness,D,0,10,4169,3679
973,player_152a9437-d449-4c5c-aea4-fb15c47890bb@localhost,Random,D,player_263f8b46-3658-4cbe-b36d-1f467832aa7c@localhost,TitForTatWithForgiveness,C,10,0,4179,3679
974,player_152a9437-d449-4c5c-aea4-fb15c47890bb@localhost,Random,C,player_263f8b46-3658-4cbe-b36d-1f467832aa7c@localhost,TitForTatWithForgiveness,C,5,5,4184,3684
975,player_152a9437-d449-4c5c-aea4-fb15c47890bb@localhost,Random,D,player_263f8b46-3658-4cbe-b36d-1f467832aa7c@localhost,TitForTatWithForgiveness,C,10,0,4194,3684
976,player_152a9437-d449-4c5c-aea4-fb15c47890bb@localhost,Random,C,player_263f8b46-3658-4cbe-b36d-1f467832aa7c@localhost,TitForTatWithForgiveness,D,0,10,4194,3694
977,player_152a9437-d449-4c5c-aea4-fb15c47890bb@localhost,Random,C,player_263f8b46-3658-4cbe-b36d-1f467832aa7c@localhost,TitForTatWithForgiveness,C,5,5,4199,3699
978,player_152a9437-d449-4c5c-aea4-fb15c47890bb@localhost,Random,D,player_263f8b46-3658-4cbe-b36d-1f467832aa7c@localhost,TitForTatWithForgiveness,C,10,0,4209,3699
979,player_152a9437-d449-4c5c-aea4-fb15c47890bb@localhost,Random,C,player_263f8b46-3658-4cbe-b36d-1f467832aa7c@localhost,TitForTatWithForgiveness,D,0,10,4209,3709
980,player_152a9437-d449-4c5c-aea4-fb15c47890bb@localhost,Random,D,player_263f8b46-3658-4cbe-b36d-1f467832aa7c@localhost,TitForTatWithForgiveness,C,10,0,4219,3709
981,player_152a9437-d449-4c5c-aea4-fb15c47890bb@localhost,Random,D,player_263f8b46-3658-4cbe-b36d-1f467832aa7c@localhost,TitForTatWithForgiveness,D,1,1,4220,3710
982,player_152a9437-d449-4c5c-aea4-fb15c47890bb@localhost,Random,D,player_263f8b46-3658-4cbe-b36d-1f467832aa7c@localhost,TitForTatWithForgiveness,D,1,1,4221,3711
983,player_152a9437-d449-4c5c-aea4-fb15c47890bb@localhost,Random,D,player_263f8b46-3658-4cbe-b36d-1f467832aa7c@localhost,TitForTatWithForgiveness,D,1,1,4222,3712
984,player_152a9437-d449-4c5c-aea4-fb15c47890bb@localhost,Random,D,player_263f8b46-3658-4cbe-b36d-1f467832aa7c@localhost,TitForTatWithForgiveness,D,1,1,4223,3713
985,player_152a9437-d449-4c5c-aea4-fb15c47890bb@localhost,Random,C,player_263f8b46-3658-4cbe-b36d-1f467832aa7c@localhost,TitForTatWithForgiveness,D,0,10,4223,3723
986,player_152a9437-d449-4c5c-aea4-fb15c47890bb@localhost,Random,D,player_263f8b46-3658-4cbe-b36d-1f467832aa7c@localhost,TitForTatWithForgiveness,C,10,0,4233,3723
987,player_152a9437-d449-4c5c-aea4-fb15c47890bb@localhost,Random,D,player_263f8b46-3658-4cbe-b36d-1f467832aa7c@localhost,TitForTatWithForgiveness,D,1,1,4234,3724
988,player_152a9437-d449-4c5c-aea4-fb15c47890bb@localhost,Random,D,player_263f8b46-3658-4cbe-b36d-1f467832aa7c@localhost,TitForTatWithForgiveness,D,1,1,4235,3725
989,player_152a9437-d449-4c5c-aea4-fb15c47890bb@localhost,Random,D,player_263f8b46-3658-4cbe-b36d-1f467832aa7c@localhost,TitForTatWithForgiveness,D,1,1,4236,3726
990,player_152a9437-d449-4c5c-aea4-fb15c47890bb@localhost,Random,C,player_263f8b46-3658-4cbe-b36d-1f467832aa7c@localhost,TitForTatWithForgiveness,C,5,5,4241,3731
991,player_152a9437-d449-4c5c-aea4-fb15c47890bb@localhost,Random,D,player_263f8b46-3658-4cbe-b36d-1f467832aa7c@localhost,TitForTatWithForgiveness,C,10,0,4251,3731
992,player_152a9437-d449-4c5c-aea4-fb15c47890bb@localhost,Random,D,player_263f8b46-3658-4cbe-b36d-1f467832aa7c@localhost,TitForTatWithForgiveness,C,10,0,4261,3731
993,player_152a9437-d449-4c5c-aea4-fb15c47890bb@localhost,Random,C,player_263f8b46-3658-4cbe-b36d-1f467832aa7c@localhost,TitForTatWithForgiveness,D,0,10,4261,3741
994,player_152a9437-d449-4c5c-aea4-fb15c47890bb@localhost,Random,C,player_263f8b46-3658-4cbe-b36d-1f467832aa7c@localhost,TitForTatWithForgiveness,C,5,5,4266,3746
995,player_152a9437-d449-4c5c-aea4-fb15c47890bb@localhost,Random,D,player_263f8b46-3658-4cbe-b36d-1f467832aa7c@localhost,TitForTatWithForgiveness,C,10,0,4276,3746
996,player_152a9437-d449-4c5c-aea4-fb15c47890bb@localhost,Random,D,player_263f8b46-3658-4cbe-b36d-1f467832aa7c@localhost,TitForTatWithForgiveness,D,1,1,4277,3747
997,player_152a9437-d449-4c5c-aea4-fb15c47890bb@localhost,Random,D,player_263f8b46-3658-4cbe-b36d-1f467832aa7c@localhost,TitForTatWithForgiveness,D,1,1,4278,3748
998,player_152a9437-d449-4c5c-aea4-fb15c47890bb@localhost,Random,D,player_263f8b46-3658-4cbe-b36d-1f467832aa7c@localhost,TitForTatWithForgiveness,D,1,1,4279,3749
999,player_152a9437-d449-4c5c-aea4-fb15c47890bb@localhost,Random,C,player_263f8b46-3658-4cbe-b36d-1f467832aa7c@localhost,TitForTatWithForgiveness,D,0,10,4279,3759
1000,player_152a9437-d449-4c5c-aea4-fb15c47890bb@localhost,Random,C,player_263f8b46-3658-4cbe-b36d-1f467832aa7c@localhost,TitForTatWithForgiveness,C,5,5,4284,3764
,,,,,,,,,,
# AGGREGATED METRICS
# p1_jid,player_152a9437-d449-4c5c-aea4-fb15c47890bb@localhost
# p2_jid,player_263f8b46-3658-4cbe-b36d-1f467832aa7c@localhost
# total_rounds,1000
# cooperation_rate_p1,0.4900
# cooperation_rate_p2,0.5420
# defection_rate_p1,0.5100
# defection_rate_p2,0.4580
# total_payoff_p1,4284
# total_payoff_p2,3764
# avg_payoff_p1,4.2840
# avg_payoff_p2,3.7640
