round,p1_jid,p1_strategy,p1_action,p2_jid,p2_strategy,p2_action,p1_payoff,p2_payoff,p1_cumulative,p2_cumulative
1,player_960310d1-0c0f-4b13-ae39-7e87e9bc7c0b@localhost,Random,D,player_d6cd9759-3c26-4486-8753-b95fb871c79d@localhost,SuspiciousTitForTat,D,1,1,1,1
2,player_960310d1-0c0f-4b13-ae39-7e87e9bc7c0b@localhost,Random,C,player_d6cd9759-3c26-4486-8753-b95fb871c79d@localhost,SuspiciousTitForTat,D,0,10,1,11
3,player_960310d1-0c0f-4b13-ae39-7e87e9bc7c0b@localhost,Random,C,player_d6cd9759-3c26-4486-8753-b95fb871c79d@localhost,SuspiciousTitForTat,C,5,5,6,16
4,player_960310d1-0c0f-4b13-ae39-7e87e9bc7c0b@localhost,Random,D,player_d6cd9759-3c26-4486-8753-b95fb871c79d@localhost,SuspiciousTitForTat,C,10,0,16,16
5,player_960310d1-0c0f-4b13-ae39-7e87e9bc7c0b@localhost,Random,D,player_d6cd9759-3c26-4486-8753-b95fb871c79d@localhost,SuspiciousTitForTat,D,1,1,17,17
6,player_960310d1-0c0f-4b13-ae39-7e87e9bc7c0b@localhost,Random,C,player_d6cd9759-3c26-4486-8753-b95fb871c79d@localhost,SuspiciousTitForTat,D,0,10,17,27
7,player_960310d1-0c0f-4b13-ae39-7e87e9bc7c0b@localhost,Random,D,player_d6cd9759-3c26-4486-8753-b95fb871c79d@localhost,SuspiciousTitForTat,C,10,0,27,27
8,player_960310d1-0c0f-4b13-ae39-7e87e9bc7c0b@localhost,Random,D,player_d6cd9759-3c26-4486-8753-b95fb871c79d@localhost,SuspiciousTitForTat,D,1,1,28,28
9,player_960310d1-0c0f-4b13-ae39-7e87e9bc7c0b@localhost,Random,C,player_d6cd9759-3c26-4486-8753-b95fb871c79d@localhost,SuspiciousTitForTat,D,0,10,28,38
10,player_960310d1-0c0f-4b13-ae39-7e87e9bc7c0b@localhost,Random,D,player_d6cd9759-3c26-4486-8753-b95fb871c79d@localhost,SuspiciousTitForTat,C,10,0,38,38
11,player_960310d1-0c0f-4b13-ae39-7e87e9bc7c0b@localhost,Random,D,player_d6cd9759-3c26-4486-8753-b95fb871c79d@localhost,SuspiciousTitForTat,D,1,1,39,39
12,player_960310d1-0c0f-4b13-ae39-7e87e9bc7c0b@localhost,Random,D,player_d6cd9759-3c26-4486-8753-b95fb871c79d@localhost,SuspiciousTitForTat,D,1,1,40,40
13,player_960310d1-0c0f-4b13-ae39-7e87e9bc7c0b@localhost,Random,D,player_d6cd9759-3c26-4486-8753-b95fb871c79d@localhost,SuspiciousTitForTat,D,1,1,41,41
14,player_960310d1-0c0f-4b13-ae39-7e87e9bc7c0b@localhost,Random,C,player_d6cd9759-3c26-4486-8753-b95fb871c79d@localhost,SuspiciousTitForTat,D,0,10,41,51
15,player_960310d1-0c0f-4b13-ae39-7e87e9bc7c0b@localhost,Random,D,player_d6cd9759-3c26-4486-8753-b95fb871c79d@localhost,SuspiciousTitForTat,C,10,0,51,51
16,player_960310d1-0c0f-4b13-ae39-7e87e9bc7c0b@localhost,Random,D,player_d6cd9759-3c26-4486-8753-b95fb871c79d@localhost,SuspiciousTitForTat,D,1,1,52,52
17,player_960310d1-0c0f-4b13-ae39-7e87e9bc7c0b@localhost,Random,C,player_d6cd9759-3c26-4486-8753-b95fb871c79d@localhost,SuspiciousTitForTat,D,0,10,52,62
18,player_960310d1-0c0f-4b13-ae39-7e87e9bc7c0b@localhost,Random,C,player_d6cd9759-3c26-4486-8753-b95fb871c79d@localhost,SuspiciousTitForTat,C,5,5,57,67
19,player_960310d1-0c0f-4b13-ae39-7e87e9bc7c0b@localhost,Random,C,player_d6cd9759-3c26-4486-8753-b95fb871c79d@localhost,SuspiciousTitForTat,C,5,5,62,72
20,player_960310d1-0c0f-4b13-ae39-7e87e9bc7c0b@localhost,Random,C,player_d6cd9759-3c26-4486-8753-b95fb871c79d@localhost,SuspiciousTitForTat,C,5,5,67,77
21,player_960310d1-0c0f-4b13-ae39-7e87e9bc7c0b@localhost,Random,C,player_d6cd9759-3c26-4486-8753-b95fb871c79d@localhost,SuspiciousTitForTat,C,5,5,72,82
22,player_960310d1-0c0f-4b13-ae39-7e87e9bc7c0b@localhost,Random,D,player_d6cd9759-3c26-4486-8753-b95fb871c79d@localhost,SuspiciousTitForTat,C,10,0,82,82
23,player_960310d1-0c0f-4b13-ae39-7e87e9bc7c0b@localhost,Random,D,player_d6cd9759-3c26-4486-8753-b95fb871c79d@localhost,SuspiciousTitForTat,D,1,1,83,83
24,player_960310d1-0c0f-4b13-ae39-7e87e9bc7c0b@localhost,Random,C,player_d6cd9759-3c26-4486-8753-b95fb871c79d@localhost,SuspiciousTitForTat,D,0,10,83,93
25,player_960310d1-0c0f-4b13-ae39-7e87e9bc7c0b@localhost,Random,C,player_d6cd9759-3c26-4486-8753-b95fb871c79d@localhost,SuspiciousTitForTat,C,5,5,88,98
26,player_960310d1-0c0f-4b13-ae39-7e87e9bc7c0b@localhost,Random,C,player_d6cd9759-3c26-4486-8753-b95fb871c79d@localhost,SuspiciousTitForTat,C,5,5,93,103
27,player_960310d1-0c0f-4b13-ae39-7e87e9bc7c0b@localhost,Random,C,player_d6cd9759-3c26-4486-8753-b95fb871c79d@localhost,SuspiciousTitForTat,C,5,5,98,108
28,player_960310d1-0c0f-4b13-ae39-7e87e9bc7c0b@localhost,Random,C,player_d6cd9759-3c26-4486-8753-b95fb871c79d@localhost,SuspiciousTitForTat,C,5,5,103,113
29,player_960310d1-0c0f-4b13-ae39-7e87e9bc7c0b@localhost,Random,D,player_d6cd9759-3c26-4486-8753-b95fb871c79d@localhost,SuspiciousTitForTat,C,10,0,113,113
30,player_960310d1-0c0f-4b13-ae39-7e87e9bc7c0b@localhost,Random,D,player_d6cd9759-3c26-4486-8753-b95fb871c79d@localhost,SuspiciousTitForTat,D,1,1,114,114
31,player_960310d1-0c0f-4b13-ae39-7e87e9bc7c0b@localhost,Random,D,player_d6cd9759-3c26-4486-8753-b95fb871c79d@localhost,SuspiciousTitForTat,D,1,1,115,115
32,player_960310d1-0c0f-4b13-ae39-7e87e9bc7c0b@localhost,Random,D,player_d6cd9759-3c26-4486-8753-b95fb871c79d@localhost,SuspiciousTitForTat,D,1,1,116,116
33,player_960310d1-0c0f-4b13-ae39-7e87e9bc7c0b@localhost,Random,C,player_d6cd9759-3c26-4486-8753-b95fb871c79d@localhost,SuspiciousTitForTat,D,0,10,116,126
34,player_960310d1-0c0f-4b13-ae39-7e87e9bc7c0b@localhost,Random,D,player_d6cd9759-3c26-4486-8753-b95fb871c79d@localhost,SuspiciousTitForTat,C,10,0,126,126
35,player_960310d1-0c0f-4b13-ae39-7e87e9bc7c0b@localhost,Random,D,player_d6cd9759-3c26-4486-8753-b95fb871c79d@localhost,SuspiciousTitForTat,D,1,1,127,127
36,player_960310d1-0c0f-4b13-ae39-7e87e9bc7c0b@localhost,Random,D,player_d6cd9759-3c26-4486-8753-b95fb871c79d@localhost,SuspiciousTitForTat,D,1,1,128,128
37,player_960310d1-0c0f-4b13-ae39-7e87e9bc7c0b@localhost,Random,D,player_d6cd9759-3c26-4486-8753-b95fb871c79d@localhost,SuspiciousTitForTat,D,1,1,129,129
38,player_960310d1-0c0f-4b13-ae39-7e87e9bc7c0b@localhost,Random,D,player_d6cd9759-3c26-4486-8753-b95fb871c79d@localhost,SuspiciousTitForTat,D,1,1,130,130
39,player_960310d1-0c0f-4b13-ae39-7e87e9bc7c0b@localhost,Random,D,player_d6cd9759-3c26-4486-8753-b95fb871c79d@localhost,SuspiciousTitForTat,D,1,1,131,131
40,player_960310d1-0c0f-4b13-ae39-7e87e9bc7c0b@localhost,Random,C,player_d6cd9759-3c26-4486-8753-b95fb871c79d@localhost,SuspiciousTitForTat,D,0,10,131,141
41,player_960310d1-0c0f-4b13-ae39-7e87e9bc7c0b@localhost,Random,C,player_d6cd9759-3c26-4486-8753-b95fb871c79d@localhost,SuspiciousTitForTat,C,5,5,136,146
42,player_960310d1-0c0f-4b13-ae39-7e87e9bc7c0b@localhost,Random,C,player_d6cd9759-3c26-4486-8753-b95fb871c79d@localhost,SuspiciousTitForTat,C,5,5,141,151
43,player_960310d1-0c0f-4b13-ae39-7e87e9bc7c0b@localhost,Random,C,player_d6cd9759-3c26-4486-8753-b95fb871c79d@localhost,SuspiciousTitForTat,C,5,5,146,156
44,player_960310d1-0c0f-4b13-ae39-7e87e9bc7c0b@localhost,Random,C,player_d6cd9759-3c26-4486-8753-b95fb871c79d@localhost,SuspiciousTitForTat,C,5,5,151,161
45,player_960310d1-0c0f-4b13-ae39-7e87e9bc7c0b@localhost,Random,C,player_d6cd9759-3c26-4486-8753-b95fb871c79d@localhost,SuspiciousTitForTat,C,5,5,156,166
46,player_960310d1-0c0f-4b13-ae39-7e87e9bc7c0b@localhost,Random,D,player_d6cd9759-3c26-4486-8753-b95fb871c79d@localhost,SuspiciousTitForTat,C,10,0,166,166
47,player_960310d1-0c0f-4b13-ae39-7e87e9bc7c0b@localhost,Random,C,player_d6cd9759-3c26-4486-8753-b95fb871c79d@localhost,SuspiciousTitForTat,D,0,10,166,176
48,player_960310d1-0c0f-4b13-ae39-7e87e9bc7c0b@localhost,Random,C,player_d6cd9759-3c26-4486-8753-b95fb871c79d@localhost,SuspiciousTitForTat,C,5,5,171,181
49,player_960310d1-0c0f-4b13-ae39-7e87e9bc7c0b@localhost,Random,D,player_d6cd9759-3c26-4486-8753-b95fb871c79d@localhost,SuspiciousTitForTat,C,10,0,181,181
50,player_960310d1-0c0f-4b13-ae39-7e87e9bc7c0b@localhost,Random,D,player_d6cd9759-3c26-4486-8753-b95fb871c79d@localhost,SuspiciousTitForTat,D,1,1,182,182
51,player_960310d1-0c0f-4b13-ae39-7e87e9bc7c0b@localhost,Random,C,player_d6cd9759-3c26-4486-8753-b95fb871c79d@localhost,SuspiciousTitForTat,D,0,10,182,192
52,player_960310d1-0c0f-4b13-ae39-7e87e9bc7c0b@localhost,Random,D,player_d6cd9759-3c26-4486-8753-b95fb871c79d@localhost,SuspiciousTitForTat,C,10,0,192,192
53,player_960310d1-0c0f-4b13-ae39-7e87e9bc7c0b@localhost,Random,D,player_d6cd9759-3c26-4486-8753-b95fb871c79d@localhost,SuspiciousTitForTat,D,1,1,193,193
54,player_960310d1-0c0f-4b13-ae39-7e87e9bc7c0b@localhost,Random,D,player_d6cd9759-3c26-4486-8753-b95fb871c79d@localhost,SuspiciousTitForTat,D,1,1,194,194
55,player_960310d1-0c0f-4b13-ae39-7e87e9bc7c0b@localhost,Random,D,player_d6cd9759-3c26-4486-8753-b95fb871c79d@localhost,SuspiciousTitForTat,D,1,1,195,195
56,player_960310d1-0c0f-4b13-ae39-7e87e9bc7c0b@localhost,Random,D,player_d6cd9759-3c26-4486-8753-b95fb871c79d@localhost,SuspiciousTitForTat,D,1,1,196,196
57,player_960310d1-0c0f-4b13-ae39-7e87e9bc7c0b@localhost,Random,D,player_d6cd9759-3c26-4486-8753-b95fb871c79d@localhost,SuspiciousTitForTat,D,1,1,197,197
58,player_960310d1-0c0f-4b13-ae39-7e87e9bc7c0b@localhost,Random,C,player_d6cd9759-3c26-4486-8753-b95fb871c79d@localhost,SuspiciousTitForTat,D,0,10,197,207
59,player_960310d1-0c0f-4b13-ae39-7e87e9bc7c0b@localhost,Random,C,player_d6cd9759-3c26-4486-8753-b95fb871c79d@localhost,SuspiciousTitForTat,C,5,5,202,212
60,player_960310d1-0c0f-4b13-ae39-7e87e9bc7c0b@localhost,Random,C,player_d6cd9759-3c26-4486-8753-b95fb871c79d@localhost,SuspiciousTitForTat,C,5,5,207,217
61,player_960310d1-0c0f-4b13-ae39-7e87e9bc7c0b@localhost,Random,D,player_d6cd9759-3c26-4486-8753-b95fb871c79d@localhost,SuspiciousTitForTat,C,10,0,217,217
62,player_960310d1-0c0f-4b13-ae39-7e87e9bc7c0b@localhost,Random,D,player_d6cd9759-3c26-4486-8753-b95fb871c79d@localhost,SuspiciousTitForTat,D,1,1,218,218
63,player_960310d1-0c0f-4b13-ae39-7e87e9bc7c0b@localhost,Random,D,player_d6cd9759-3c26-4486-8753-b95fb871c79d@localhost,SuspiciousTitForTat,D,1,1,219,219
64,player_960310d1-0c0f-4b13-ae39-7e87e9bc7c0b@localhost,Random,C,player_d6cd9759-3c26-4486-8753-b95fb871c79d@localhost,SuspiciousTitForTat,D,0,10,219,229
65,player_960310d1-0c0f-4b13-ae39-7e87e9bc7c0b@localhost,Random,D,player_d6cd9759-3c26-4486-8753-b95fb871c79d@localhost,SuspiciousTitForTat,C,10,0,229,229
66,player_960310d1-0c0f-4b13-ae39-7e87e9bc7c0b@localhost,Random,D,player_d6cd9759-3c26-4486-8753-b95fb871c79d@localhost,SuspiciousTitForTat,D,1,1,230,230
67,player_960310d1-0c0f-4b13-ae39-7e87e9bc7c0b@localhost,Random,C,player_d6cd9759-3c26-4486-8753-b95fb871c79d@localhost,SuspiciousTitForTat,D,0,10,230,240
68,player_960310d1-0c0f-4b13-ae39-7e87e9bc7c0b@localhost,Random,D,player_d6cd9759-3c26-4486-8753-b95fb871c79d@localhost,SuspiciousTitForTat,C,10,0,240,240
69,player_960310d1-0c0f-4b13-ae39-7e87e9bc7c0b@localhost,Random,C,player_d6cd9759-3c26-4486-8753-b95fb871c79d@localhost,SuspiciousTitForTat,D,0,10,240,250
70,player_960310d1-0c0f-4b13-ae39-7e87e9bc7c0b@localhost,Random,C,player_d6cd9759-3c26-4486-8753-b95fb871c79d@localhost,SuspiciousTitForTat,C,5,5,245,255
71,player_960310d1-0c0f-4b13-ae39-7e87e9bc7c0b@localhost,Random,C,player_d6cd9759-3c26-4486-8753-b95fb871c79d@localhost,SuspiciousTitForTat,C,5,5,250,260
72,player_960310d1-0c0f-4b13-ae39-7e87e9bc7c0b@localhost,Random,C,player_d6cd9759-3c26-4486-8753-b95fb871c79d@localhost,SuspiciousTitForTat,C,5,5,255,265
73,player_960310d1-0c0f-4b13-ae39-7e87e9bc7c0b@localhost,Random,D,player_d6cd9759-3c26-4486-8753-b95fb871c79d@localhost,SuspiciousTitForTat,C,10,0,265,265
74,player_960310d1-0c0f-4b13-ae39-7e87e9bc7c0b@localhost,Random,D,player_d6cd9759-3c26-4486-8753-b95fb871c79d@localhost,SuspiciousTitForTat,D,1,1,266,266
75,player_960310d1-0c0f-4b13-ae39-7e87e9bc7c0b@localhost,Random,D,player_d6cd9759-3c26-4486-8753-b95fb871c79d@localhost,SuspiciousTitForTat,D,1,1,267,267
76,player_960310d1-0c0f-4b13-ae39-7e87e9bc7c0b@localhost,Random,C,player_d6cd9759-3c26-4486-8753-b95fb871c79d@localhost,SuspiciousTitForTat,D,0,10,267,277
77,player_960310d1-0c0f-4b13-ae39-7e87e9bc7c0b@localhost,Random,C,player_d6cd9759-3c26-4486-8753-b95fb871c79d@localhost,SuspiciousTitForTat,C,5,5,272,282
78,player_960310d1-0c0f-4b13-ae39-7e87e9bc7c0b@localhost,Random,C,player_d6cd9759-3c26-4486-8753-b95fb871c79d@localhost,SuspiciousTitForTat,C,5,5,277,287
79,player_960310d1-0c0f-4b13-ae39-7e87e9bc7c0b@localhost,Random,D,player_d6cd9759-3c26-4486-8753-b95fb871c79d@localhost,SuspiciousTitForTat,C,10,0,287,287
80,player_960310d1-0c0f-4b13-ae39-7e87e9bc7c0b@localhost,Random,C,player_d6cd9759-3c26-4486-8753-b95fb871c79d@localhost,SuspiciousTitForTat,D,0,10,287,297
81,player_960310d1-0c0f-4b13-ae39-7e87e9bc7c0b@localhost,Random,C,player_d6cd9759-3c26-4486-8753-b95fb871c79d@localhost,SuspiciousTitForTat,C,5,5,292,302
82,player_960310d1-0c0f-4b13-ae39-7e87e9bc7c0b@localhost,Random,D,player_d6cd9759-3c26-4486-8753-b95fb871c79d@localhost,SuspiciousTitForTat,C,10,0,302,302
83,player_960310d1-0c0f-4b13-ae39-7e87e9bc7c0b@localhost,Random,D,player_d6cd9759-3c26-4486-8753-b95fb871c79d@localhost,SuspiciousTitForTat,D,1,1,303,303
84,player_960310d1-0c0f-4b13-ae39-7e87e9bc7c0b@localhost,Random,C,player_d6cd9759-3c26-4486-8753-b95fb871c79d@localhost,SuspiciousTitForTat,D,0,10,303,313
85,player_960310d1-0c0f-4b13-ae39-7e87e9bc7c0b@localhost,Random,D,player_d6cd9759-3c26-4486-8753-b95fb871c79d@localhost,SuspiciousTitForTat,C,10,0,313,313
86,player_960310d1-0c0f-4b13-ae39-7e87e9bc7c0b@localhost,Random,D,player_d6cd9759-3c26-4486-8753-b95fb871c79d@localhost,SuspiciousTitForTat,D,1,1,314,314
87,player_960310d1-0c0f-4b13-ae39-7e87e9bc7c0b@localhost,Random,D,player_d6cd9759-3c26-4486-8753-b95fb871c79d@localhost,SuspiciousTitForTat,D,1,1,315,315
88,player_960310d1-0c0f-4b13-ae39-7e87e9bc7c0b@localhost,Random,C,player_d6cd9759-3c26-4486-8753-b95fb871c79d@localhost,SuspiciousTitForTat,D,0,10,315,325
89,player_960310d1-0c0f-4b13-ae39-7e87e9bc7c0b@localhost,Random,D,player_d6cd9759-3c26-4486-8753-b95fb871c79d@localhost,SuspiciousTitForTat,C,10,0,325,325
90,player_960310d1-0c0f-4b13-ae39-7e87e9bc7c0b@localhost,Random,C,player_d6cd9759-3c26-4486-8753-b95fb871c79d@localhost,SuspiciousTitForTat,D,0,10,325,335
91,player_960310d1-0c0f-4b13-ae39-7e87e9bc7c0b@localhost,Random,C,player_d6cd9759-3c26-4486-8753-b95fb871c79d@localhost,SuspiciousTitForTat,C,5,5,330,340
92,player_960310d1-0c0f-4b13-ae39-7e87e9bc7c0b@localhost,Random,D,player_d6cd9759-3c26-4486-8753-b95fb871c79d@localhost,SuspiciousTitForTat,C,10,0,340,340
93,player_960310d1-0c0f-4b13-ae39-7e87e9bc7c0b@localhost,Random,C,player_d6cd9759-3c26-4486-8753-b95fb871c79d@localhost,SuspiciousTitForTat,D,0,10,340,350
94,player_960310d1-0c0f-4b13-ae39-7e87e9bc7c0b@localhost,Random,D,player_d6cd9759-3c26-4486-8753-b95fb871c79d@localhost,SuspiciousTitForTat,C,10,0,350,350
95,player_960310d1-0c0f-4b13-ae39-7e87e9bc7c0b@localhost,Random,C,player_d6cd9759-3c26-4486-8753-b95fb871c79d@localhost,SuspiciousTitForTat,D,0,10,350,360
96,player_960310d1-0c0f-4b13-ae39-7e87e9bc7c0b@localhost,Random,D,player_d6cd9759-3c26-4486-8753-b95fb871c79d@localhost,SuspiciousTitForTat,C,10,0,360,360
97,player_960310d1-0c0f-4b13-ae39-7e87e9bc7c0b@localhost,Random,C,player_d6cd9759-3c26-4486-8753-b95fb871c79d@localhost,SuspiciousTitForTat,D,0,10,360,370
98,player_960310d1-0c0f-4b13-ae39-7e87e9bc7c0b@localhost,Random,C,player_d6cd9759-3c26-4486-8753-b95fb871c79d@localhost,SuspiciousTitForTat,C,5,5,365,375
99,player_960310d1-0c0f-4b13-ae39-7e87e9bc7c0b@localhost,Random,C,player_d6cd9759-3c26-4486-8753-b95fb871c79d@localhost,SuspiciousTitForTat,C,5,5,370,380
100,player_960310d1-0c0f-4b13-ae39-7e87e9bc7c0b@localhost,Random,D,player_d6cd9759-3c26-4486-8753-b95fb871c79d@localhost,SuspiciousTitForTat,C,10,0,380,380
101,player_960310d1-0c0f-4b13-ae39-7e87e9bc7c0b@localhost,Random,D,player_d6cd9759-3c26-4486-8753-b95fb871c79d@localhost,SuspiciousTitForTat,D,1,1,381,381
102,player_960310d1-0c0f-4b13-ae39-7e87e9bc7c0b@localhost,Random,C,player_d6cd9759-3c26-4486-8753-b95fb871c79d@localhost,SuspiciousTitForTat,D,0,10,381,391
103,player_960310d1-0c0f-4b13-ae39-7e87e9bc7c0b@localhost,Random,D,player_d6cd9759-3c26-4486-8753-b95fb871c79d@localhost,SuspiciousTitForTat,C,10,0,391,391
104,player_960310d1-0c0f-4b13-ae39-7e87e9bc7c0b@localhost,Random,C,player_d6cd9759-3c26-4486-8753-b95fb871c79d@localhost,SuspiciousTitForTat,D,0,10,391,401
105,player_960310d1-0c0f-4b13-ae39-7e87e9bc7c0b@localhost,Random,C,player_d6cd9759-3c26-4486-8753-b95fb871c79d@localhost,SuspiciousTitForTat,C,5,5,396,406
106,player_960310d1-0c0f-4b13-ae39-7e87e9bc7c0b@localhost,Random,C,player_d6cd9759-3c26-4486-8753-b95fb871c79d@localhost,SuspiciousTitForTat,C,5,5,401,411
107,player_960310d1-0c0f-4b13-ae39-7e87e9bc7c0b@localhost,Random,D,player_d6cd9759-3c26-4486-8753-b95fb871c79d@localhost,SuspiciousTitForTat,C,10,0,411,411
108,player_960310d1-0c0f-4b13-ae39-7e87e9bc7c0b@localhost,Random,C,player_d6cd9759-3c26-4486-8753-b95fb871c79d@localhost,SuspiciousTitForTat,D,0,10,411,421
109,player_960310d1-0c0f-4b13-ae39-7e87e9bc7c0b@localhost,Random,D,player_d6cd9759-3c26-4486-8753-b95fb871c79d@localhost,SuspiciousTitForTat,C,10,0,421,421
110,player_960310d1-0c0f-4b13-ae39-7e87e9bc7c0b@localhost,Random,C,player_d6cd9759-3c26-4486-8753-b95fb871c79d@localhost,SuspiciousTitForTat,D,0,10,421,431
111,player_960310d1-0c0f-4b13-ae39-7e87e9bc7c0b@localhost,Random,D,player_d6cd9759-3c26-4486-8753-b95fb871c79d@localhost,SuspiciousTitForTat,C,10,0,431,431
112,player_960310d1-0c0f-4b13-ae39-7e87e9bc7c0b@localhost,Random,C,player_d6cd9759-3c26-4486-8753-b95fb871c79d@localhost,SuspiciousTitForTat,D,0,10,431,441
113,player_960310d1-0c0f-4b13-ae39-7e87e9bc7c0b@localhost,Random,D,player_d6cd9759-3c26-4486-8753-b95fb871c79d@localhost,SuspiciousTitForTat,C,10,0,441,441
114,player_960310d1-0c0f-4b13-ae39-7e87e9bc7c0b@localhost,Random,C,player_d6cd9759-3c26-4486-8753-b95fb871c79d@localhost,SuspiciousTitForTat,D,0,10,441,451
115,player_960310d1-0c0f-4b13-ae39-7e87e9bc7c0b@localhost,Random,C,player_d6cd9759-3c26-4486-8753-b95fb871c79d@localhost,SuspiciousTitForTat,C,5,5,446,456
116,player_960310d1-0c0f-4b13-ae39-7e87e9bc7c0b@localhost,Random,D,player_d6cd9759-3c26-4486-8753-b95fb871c79d@localhost,SuspiciousTitForTat,C,10,0,456,456
117,player_960310d1-0c0f-4b13-ae39-7e87e9bc7c0b@localhost,Random,C,player_d6cd9759-3c26-4486-8753-b95fb871c79d@localhost,SuspiciousTitForTat,D,0,10,456,466
118,player_960310d1-0c0f-4b13-ae39-7e87e9bc7c0b@localhost,Random,D,player_d6cd9759-3c26-4486-8753-b95fb871c79d@localhost,SuspiciousTitForTat,C,10,0,466,466
119,player_960310d1-0c0f-4b13-ae39-7e87e9bc7c0b@localhost,Random,C,player_d6cd9759-3c26-4486-8753-b95fb871c79d@localhost,SuspiciousTitForTat,D,0,10,466,476
120,player_960310d1-0c0f-4b13-ae39-7e87e9bc7c0b@localhost,Random,C,player_d6cd9759-3c26-4486-8753-b95fb871c79d@localhost,SuspiciousTitForTat,C,5,5,471,481
121,player_960310d1-0c0f-4b13-ae39-7e87e9bc7c0b@localhost,Random,D,player_d6cd9759-3c26-4486-8753-b95fb871c79d@localhost,SuspiciousTitForTat,C,10,0,481,481
122,player_960310d1-0c0f-4b13-ae39-7e87e9bc7c0b@localhost,Random,D,player_d6cd9759-3c26-4486-8753-b95fb871c79d@localhost,SuspiciousTitForTat,D,1,1,482,482
123,player_960310d1-0c0f-4b13-ae39-7e87e9bc7c0b@localhost,Random,C,player_d6cd9759-3c26-4486-8753-b95fb871c79d@localhost,SuspiciousTitForTat,D,0,10,482,492
124,player_960310d1-0c0f-4b13-ae39-7e87e9bc7c0b@localhost,Random,D,player_d6cd9759-3c26-4486-8753-b95fb871c79d@localhost,SuspiciousTitForTat,C,10,0,492,492
125,player_960310d1-0c0f-4b13-ae39-7e87e9bc7c0b@localhost,Random,C,player_d6cd9759-3c26-4486-8753-b95fb871c79d@localhost,SuspiciousTitForTat,D,0,10,492,502
126,player_960310d1-0c0f-4b13-ae39-7e87e9bc7c0b@localhost,Random,D,player_d6cd9759-3c26-4486-8753-b95fb871c79d@localhost,SuspiciousTitForTat,C,10,0,502,502
127,player_960310d1-0c0f-4b13-ae39-7e87e9bc7c0b@localhost,Random,C,player_d6cd9759-3c26-4486-8753-b95fb871c79d@localhost,SuspiciousTitForTat,D,0,10,502,512
128,player_960310d1-0c0f-4b13-ae39-7e87e9bc7c0b@localhost,Random,D,player_d6cd9759-3c26-4486-8753-b95fb871c79d@localhost,SuspiciousTitForTat,C,10,0,512,512
129,player_960310d1-0c0f-4b13-ae39-7e87e9bc7c0b@localhost,Random,C,player_d6cd9759-3c26-4486-8753-b95fb871c79d@localhost,SuspiciousTitForTat,D,0,10,512,522
130,player_960310d1-0c0f-4b13-ae39-7e87e9bc7c0b@localhost,Random,D,player_d6cd9759-3c26-4486-8753-b95fb871c79d@localhost,SuspiciousTitForTat,C,10,0,522,522
131,player_960310d1-0c0f-4b13-ae39-7e87e9bc7c0b@localhost,Random,D,player_d6cd9759-3c26-4486-8753-b95fb871c79d@localhost,SuspiciousTitForTat,D,1,1,523,523
132,player_960310d1-0c0f-4b13-ae39-7e87e9bc7c0b@localhost,Random,C,player_d6cd9759-3c26-4486-8753-b95fb871c79d@localhost,SuspiciousTitForTat,D,0,10,523,533
133,player_960310d1-0c0f-4b13-ae39-7e87e9bc7c0b@localhost,Random,C,player_d6cd9759-3c26-4486-8753-b95fb871c79d@localhost,SuspiciousTitForTat,C,5,5,528,538
134,player_960310d1-0c0f-4b13-ae39-7e87e9bc7c0b@localhost,Random,D,player_d6cd9759-3c26-4486-8753-b95fb871c79d@localhost,SuspiciousTitForTat,C,10,0,538,538
135,player_960310d1-0c0f-4b13-ae39-7e87e9bc7c0b@localhost,Random,D,player_d6cd9759-3c26-4486-8753-b95fb871c79d@localhost,SuspiciousTitForTat,D,1,1,539,539
136,player_960310d1-0c0f-4b13-ae39-7e87e9bc7c0b@localhost,Random,D,player_d6cd9759-3c26-4486-8753-b95fb871c79d@localhost,SuspiciousTitForTat,D,1,1,540,540
137,player_960310d1-0c0f-4b13-ae39-7e87e9bc7c0b@localhost,Random,C,player_d6cd9759-3c26-4486-8753-b95fb871c79d@localhost,SuspiciousTitForTat,D,0,10,540,550
138,player_960310d1-0c0f-4b13-ae39-7e87e9bc7c0b@localhost,Random,D,player_d6cd9759-3c26-4486-8753-b95fb871c79d@localhost,SuspiciousTitForTat,C,10,0,550,550
139,player_960310d1-0c0f-4b13-ae39-7e87e9bc7c0b@localhost,Random,C,player_d6cd9759-3c26-4486-8753-b95fb871c79d@localhost,SuspiciousTitForTat,D,0,10,550,560
140,player_960310d1-0c0f-4b13-ae39-7e87e9bc7c0b@localhost,Random,C,player_d6cd9759-3c26-4486-8753-b95fb871c79d@localhost,SuspiciousTitForTat,C,5,5,555,565
141,player_960310d1-0c0f-4b13-ae39-7e87e9bc7c0b@localhost,Random,D,player_d6cd9759-3c26-4486-8753-b95fb871c79d@localhost,SuspiciousTitForTat,C,10,0,565,565
142,player_960310d1-0c0f-4b13-ae39-7e87e9bc7c0b@localhost,Random,D,player_d6cd9759-3c26-4486-8753-b95fb871c79d@localhost,SuspiciousTitForTat,D,1,1,566,566
143,player_960310d1-0c0f-4b13-ae39-7e87e9bc7c0b@localhost,Random,C,player_d6cd9759-3c26-4486-8753-b95fb871c79d@localhost,SuspiciousTitForTat,D,0,10,566,576
144,player_960310d1-0c0f-4b13-ae39-7e87e9bc7c0b@localhost,Random,D,player_d6cd9759-3c26-4486-8753-b95fb871c79d@localhost,SuspiciousTitForTat,C,10,0,576,576
145,player_960310d1-0c0f-4b13-ae39-7e87e9bc7c0b@localhost,Random,C,player_d6cd9759-3c26-4486-8753-b95fb871c79d@localhost,SuspiciousTitForTat,D,0,10,576,586
146,player_960310d1-0c0f-4b13-ae39-7e87e9bc7c0b@localhost,Random,D,player_d6cd9759-3c26-4486-8753-b95fb871c79d@localhost,SuspiciousTitForTat,C,10,0,586,586
147,player_960310d1-0c0f-4b13-ae39-7e87e9bc7c0b@localhost,Random,D,player_d6cd9759-3c26-4486-8753-b95fb871c79d@localhost,SuspiciousTitForTat,D,1,1,587,587
148,player_960310d1-0c0f-4b13-ae39-7e87e9bc7c0b@localhost,Random,C,player_d6cd9759-3c26-4486-8753-b95fb871c79d@localhost,SuspiciousTitForTat,D,0,10,587,597
149,player_960310d1-0c0f-4b13-ae39-7e87e9bc7c0b@localhost,Random,D,player_d6cd9759-3c26-4486-8753-b95fb871c79d@localhost,SuspiciousTitForTat,C,10,0,597,597
150,player_960310d1-0c0f-4b13-ae39-7e87e9bc7c0b@localhost,Random,D,player_d6cd9759-3c26-4486-8753-b95fb871c79d@localhost,SuspiciousTitForTat,D,1,1,598,598
151,player_960310d1-0c0f-4b13-ae39-7e87e9bc7c0b@localhost,Random,D,player_d6cd9759-3c26-4486-8753-b95fb871c79d@localhost,SuspiciousTitForTat,D,1,1,599,599
152,player_960310d1-0c0f-4b13-ae39-7e87e9bc7c0b@localhost,Random,D,player_d6cd9759-3c26-4486-8753-b95fb871c79d@localhost,SuspiciousTitForTat,D,1,1,600,600
153,player_960310d1-0c0f-4b13-ae39-7e87e9bc7c0b@localhost,Random,D,player_d6cd9759-3c26-4486-8753-b95fb871c79d@localhost,SuspiciousTitForTat,D,1,1,601,601
154,player_960310d1-0c0f-4b13-ae39-7e87e9bc7c0b@localhost,Random,D,player_d6cd9759-3c26-4486-8753-b95fb871c79d@localhost,SuspiciousTitForTat,D,1,1,602,602
155,player_960310d1-0c0f-4b13-ae39-7e87e9bc7c0b@localhost,Random,D,player_d6cd9759-3c26-4486-8753-b95fb871c79d@localhost,SuspiciousTitForTat,D,1,1,603,603
156,player_960310d1-0c0f-4b13-ae39-7e87e9bc7c0b@localhost,Random,C,player_d6cd9759-3c26-4486-8753-b95fb871c79d@localhost,SuspiciousTitForTat,D,0,10,603,613
157,player_960310d1-0c0f-4b13-ae39-7e87e9bc7c0b@localhost,Random,D,player_d6cd9759-3c26-4486-8753-b95fb871c79d@localhost,SuspiciousTitForTat,C,10,0,613,613
158,player_960310d1-0c0f-4b13-ae39-7e87e9bc7c0b@localhost,Random,C,player_d6cd9759-3c26-4486-8753-b95fb871c79d@localhost,SuspiciousTitForTat,D,0,10,613,623
159,player_960310d1-0c0f-4b13-ae39-7e87e9bc7c0b@localhost,Random,D,player_d6cd9759-3c26-4486-8753-b95fb871c79d@localhost,SuspiciousTitForTat,C,10,0,623,623
160,player_960310d1-0c0f-4b13-ae39-7e87e9bc7c0b@localhost,Random,C,player_d6cd9759-3c26-4486-8753-b95fb871c79d@localhost,SuspiciousTitForTat,D,0,10,623,633
161,player_960310d1-0c0f-4b13-ae39-7e87e9bc7c0b@localhost,Random,C,player_d6cd9759-3c26-4486-8753-b95fb871c79d@localhost,SuspiciousTitForTat,C,5,5,628,638
162,player_960310d1-0c0f-4b13-ae39-7e87e9bc7c0b@localhost,Random,C,player_d6cd9759-3c26-4486-8753-b95fb871c79d@localhost,SuspiciousTitForTat,C,5,5,633,643
163,player_960310d1-0c0f-4b13-ae39-7e87e9bc7c0b@localhost,Random,D,player_d6cd9759-3c26-4486-8753-b95fb871c79d@localhost,SuspiciousTitForTat,C,10,0,643,643
164,player_960310d1-0c0f-4b13-ae39-7e87e9bc7c0b@localhost,Random,D,player_d6cd9759-3c26-4486-8753-b95fb871c79d@localhost,SuspiciousTitForTat,D,1,1,644,644
165,player_960310d1-0c0f-4b13-ae39-7e87e9bc7c0b@localhost,Random,D,player_d6cd9759-3c26-4486-8753-b95fb871c79d@localhost,SuspiciousTitForTat,D,1,1,645,645
166,player_960310d1-0c0f-4b13-ae39-7e87e9bc7c0b@localhost,Random,C,player_d6cd9759-3c26-4486-8753-b95fb871c79d@localhost,SuspiciousTitForTat,D,0,10,645,655
167,player_960310d1-0c0f-4b13-ae39-7e87e9bc7c0b@localhost,Random,C,player_d6cd9759-3c26-4486-8753-b95fb871c79d@localhost,SuspiciousTitForTat,C,5,5,650,660
168,player_960310d1-0c0f-4b13-ae39-7e87e9bc7c0b@localhost,Random,C,player_d6cd9759-3c26-4486-8753-b95fb871c79d@localhost,SuspiciousTitForTat,C,5,5,655,665
169,player_960310d1-0c0f-4b13-ae39-7e87e9bc7c0b@localhost,Random,D,player_d6cd9759-3c26-4486-8753-b95fb871c79d@localhost,SuspiciousTitForTat,C,10,0,665,665
170,player_960310d1-0c0f-4b13-ae39-7e87e9bc7c0b@localhost,Random,D,player_d6cd9759-3c26-4486-8753-b95fb871c79d@localhost,SuspiciousTitForTat,D,1,1,666,666
171,player_960310d1-0c0f-4b13-ae39-7e87e9bc7c0b@localhost,Random,C,player_d6cd9759-3c26-4486-8753-b95fb871c79d@localhost,SuspiciousTitForTat,D,0,10,666,676
172,player_960310d1-0c0f-4b13-ae39-7e87e9bc7c0b@localhost,Random,C,player_d6cd9759-3c26-4486-8753-b95fb871c79d@localhost,SuspiciousTitForTat,C,5,5,671,681
173,player_960310d1-0c0f-4b13-ae39-7e87e9bc7c0b@localhost,Random,C,player_d6cd9759-3c26-4486-8753-b95fb871c79d@localhost,SuspiciousTitForTat,C,5,5,676,686
174,player_960310d1-0c0f-4b13-ae39-7e87e9bc7c0b@localhost,Random,D,player_d6cd9759-3c26-4486-8753-b95fb871c79d@localhost,SuspiciousTitForTat,C,10,0,686,686
175,player_960310d1-0c0f-4b13-ae39-7e87e9bc7c0b@localhost,Random,D,player_d6cd9759-3c26-4486-8753-b95fb871c79d@localhost,SuspiciousTitForTat,D,1,1,687,687
176,player_960310d1-0c0f-4b13-ae39-7e87e9bc7c0b@localhost,Random,C,player_d6cd9759-3c26-4486-8753-b95fb871c79d@localhost,SuspiciousTitForTat,D,0,10,687,697
177,player_960310d1-0c0f-4b13-ae39-7e87e9bc7c0b@localhost,Random,C,player_d6cd9759-3c26-4486-8753-b95fb871c79d@localhost,SuspiciousTitForTat,C,5,5,692,702
178,player_960310d1-0c0f-4b13-ae39-7e87e9bc7c0b@localhost,Random,C,player_d6cd9759-3c26-4486-8753-b95fb871c79d@localhost,SuspiciousTitForTat,C,5,5,697,707
179,player_960310d1-0c0f-4b13-ae39-7e87e9bc7c0b@localhost,Random,D,player_d6cd9759-3c26-4486-8753-b95fb871c79d@localhost,SuspiciousTitForTat,C,10,0,707,707
180,player_960310d1-0c0f-4b13-ae39-7e87e9bc7c0b@localhost,Random,D,player_d6cd9759-3c26-4486-8753-b95fb871c79d@localhost,SuspiciousTitForTat,D,1,1,708,708
181,player_960310d1-0c0f-4b13-ae39-7e87e9bc7c0b@localhost,Random,C,player_d6cd9759-3c26-4486-8753-b95fb871c79d@localhost,SuspiciousTitForTat,D,0,10,708,718
182,player_960310d1-0c0f-4b13-ae39-7e87e9bc7c0b@localhost,Random,C,player_d6cd9759-3c26-4486-8753-b95fb871c79d@localhost,SuspiciousTitForTat,C,5,5,713,723
183,player_960310d1-0c0f-4b13-ae39-7e87e9bc7c0b@localhost,Random,C,player_d6cd9759-3c26-4486-8753-b95fb871c79d@localhost,SuspiciousTitForTat,C,5,5,718,728
184,player_960310d1-0c0f-4b13-ae39-7e87e9bc7c0b@localhost,Random,C,player_d6cd9759-3c26-4486-8753-b95fb871c79d@localhost,SuspiciousTitForTat,C,5,5,723,733
185,player_960310d1-0c0f-4b13-ae39-7e87e9bc7c0b@localhost,Random,D,player_d6cd9759-3c26-4486-8753-b95fb871c79d@localhost,SuspiciousTitForTat,C,10,0,733,733
186,player_960310d1-0c0f-4b13-ae39-7e87e9bc7c0b@localhost,Random,C,player_d6cd9759-3c26-4486-8753-b95fb871c79d@localhost,SuspiciousTitForTat,D,0,10,733,743
187,player_960310d1-0c0f-4b13-ae39-7e87e9bc7c0b@localhost,Random,D,player_d6cd9759-3c26-4486-8753-b95fb871c79d@localhost,SuspiciousTitForTat,C,10,0,743,743
188,player_960310d1-0c0f-4b13-ae39-7e87e9bc7c0b@localhost,Random,D,player_d6cd9759-3c26-4486-8753-b95fb871c79d@localhost,SuspiciousTitForTat,D,1,1,744,744
189,player_960310d1-0c0f-4b13-ae39-7e87e9bc7c0b@localhost,Random,D,player_d6cd9759-3c26-4486-8753-b95fb871c79d@localhost,SuspiciousTitForTat,D,1,1,745,745
190,player_960310d1-0c0f-4b13-ae39-7e87e9bc7c0b@localhost,Random,C,player_d6cd9759-3c26-4486-8753-b95fb871c79d@localhost,SuspiciousTitForTat,D,0,10,745,755
191,player_960310d1-0c0f-4b13-ae39-7e87e9bc7c0b@localhost,Random,D,player_d6cd9759-3c26-4486-8753-b95fb871c79d@localhost,SuspiciousTitForTat,C,10,0,755,755
192,player_960310d1-0c0f-4b13-ae39-7e87e9bc7c0b@localhost,Random,D,player_d6cd9759-3c26-4486-8753-b95fb871c79d@localhost,SuspiciousTitForTat,D,1,1,756,756
193,player_960310d1-0c0f-4b13-ae39-7e87e9bc7c0b@localhost,Random,C,player_d6cd9759-3c26-4486-8753-b95fb871c79d@localhost,SuspiciousTitForTat,D,0,10,756,766
194,player_960310d1-0c0f-4b13-ae39-7e87e9bc7c0b@localhost,Random,C,player_d6cd9759-3c26-4486-8753-b95fb871c79d@localhost,SuspiciousTitForTat,C,5,5,761,771
195,player_960310d1-0c0f-4b13-ae39-7e87e9bc7c0b@localhost,Random,D,player_d6cd9759-3c26-4486-8753-b95fb871c79d@localhost,SuspiciousTitForTat,C,10,0,771,771
196,player_960310d1-0c0f-4b13-ae39-7e87e9bc7c0b@localhost,Random,D,player_d6cd9759-3c26-4486-8753-b95fb871c79d@localhost,SuspiciousTitForTat,D,1,1,772,772
197,player_960310d1-0c0f-4b13-ae39-7e87e9bc7c0b@localhost,Random,C,player_d6cd9759-3c26-4486-8753-b95fb871c79d@localhost,SuspiciousTitForTat,D,0,10,772,782
198,player_960310d1-0c0f-4b13-ae39-7e87e9bc7c0b@localhost,Random,D,player_d6cd9759-3c26-4486-8753-b95fb871c79d@localhost,SuspiciousTitForTat,C,10,0,782,782
199,player_960310d1-0c0f-4b13-ae39-7e87e9bc7c0b@localhost,Random,C,player_d6cd9759-3c26-4486-8753-b95fb871c79d@localhost,SuspiciousTitForTat,D,0,10,782,792
200,player_960310d1-0c0f-4b13-ae39-7e87e9bc7c0b@localhost,Random,C,player_d6cd9759-3c26-4486-8753-b95fb871c79d@localhost,SuspiciousTitForTat,C,5,5,787,797
201,player_960310d1-0c0f-4b13-ae39-7e87e9bc7c0b@localhost,Random,D,player_d6cd9759-3c26-4486-8753-b95fb871c79d@localhost,SuspiciousTitForTat,C,10,0,797,797
202,player_960310d1-0c0f-4b13-ae39-7e87e9bc7c0b@localhost,Random,C,player_d6cd9759-3c26-4486-8753-b95fb871c79d@localhost,SuspiciousTitForTat,D,0,10,797,807
203,player_960310d1-0c0f-4b13-ae39-7e87e9bc7c0b@localhost,Random,C,player_d6cd9759-3c26-4486-8753-b95fb871c79d@localhost,SuspiciousTitForTat,C,5,5,802,812
204,player_960310d1-0c0f-4b13-ae39-7e87e9bc7c0b@localhost,Random,D,player_d6cd9759-3c26-4486-8753-b95fb871c79d@localhost,SuspiciousTitForTat,C,10,0,812,812
205,player_960310d1-0c0f-4b13-ae39-7e87e9bc7c0b@localhost,Random,C,player_d6cd9759-3c26-4486-8753-b95fb871c79d@localhost,SuspiciousTitForTat,D,0,10,812,822
206,player_960310d1-0c0f-4b13-ae39-7e87e9bc7c0b@localhost,Random,D,player_d6cd9759-3c26-4486-8753-b95fb871c79d@localhost,SuspiciousTitForTat,C,10,0,822,822
207,player_960310d1-0c0f-4b13-ae39-7e87e9bc7c0b@localhost,Random,D,player_d6cd9759-3c26-4486-8753-b95fb871c79d@localhost,SuspiciousTitForTat,D,1,1,823,823
208,player_960310d1-0c0f-4b13-ae39-7e87e9bc7c0b@localhost,Random,D,player_d6cd9759-3c26-4486-8753-b95fb871c79d@localhost,SuspiciousTitForTat,D,1,1,824,824
209,player_960310d1-0c0f-4b13-ae39-7e87e9bc7c0b@localhost,Random,D,player_d6cd9759-3c26-4486-8753-b95fb871c79d@localhost,SuspiciousTitForTat,D,1,1,825,825
210,player_960310d1-0c0f-4b13-ae39-7e87e9bc7c0b@localhost,Random,C,player_d6cd9759-3c26-4486-8753-b95fb871c79d@localhost,SuspiciousTitForTat,D,0,10,825,835
211,player_960310d1-0c0f-4b13-ae39-7e87e9bc7c0b@localhost,Random,C,player_d6cd9759-3c26-4486-8753-b95fb871c79d@localhost,SuspiciousTitForTat,C,5,5,830,840
212,player_960310d1-0c0f-4b13-ae39-7e87e9bc7c0b@localhost,Random,C,player_d6cd9759-3c26-4486-8753-b95fb871c79d@localhost,SuspiciousTitForTat,C,5,5,835,845
213,player_960310d1-0c0f-4b13-ae39-7e87e9bc7c0b@localhost,Random,D,player_d6cd9759-3c26-4486-8753-b95fb871c79d@localhost,SuspiciousTitForTat,C,10,0,845,845
214,player_960310d1-0c0f-4b13-ae39-7e87e9bc7c0b@localhost,Random,D,player_d6cd9759-3c26-4486-8753-b95fb871c79d@localhost,SuspiciousTitForTat,D,1,1,846,846
215,player_960310d1-0c0f-4b13-ae39-7e87e9bc7c0b@localhost,Random,C,player_d6cd9759-3c26-4486-8753-b95fb871c79d@localhost,SuspiciousTitForTat,D,0,10,846,856
216,player_960310d1-0c0f-4b13-ae39-7e87e9bc7c0b@localhost,Random,C,player_d6cd9759-3c26-4486-8753-b95fb871c79d@localhost,SuspiciousTitForTat,C,5,5,851,861
217,player_960310d1-0c0f-4b13-ae39-7e87e9bc7c0b@localhost,Random,D,player_d6cd9759-3c26-4486-8753-b95fb871c79d@localhost,SuspiciousTitForTat,C,10,0,861,861
218,player_960310d1-0c0f-4b13-ae39-7e87e9bc7c0b@localhost,Random,C,player_d6cd9759-3c26-4486-8753-b95fb871c79d@localhost,SuspiciousTitForTat,D,0,10,861,871
219,player_960310d1-0c0f-4b13-ae39-7e87e9bc7c0b@localhost,Random,D,player_d6cd9759-3c26-4486-8753-b95fb871c79d@localhost,SuspiciousTitForTat,C,10,0,871,871
220,player_960310d1-0c0f-4b13-ae39-7e87e9bc7c0b@localhost,Random,D,player_d6cd9759-3c26-4486-8753-b95fb871c79d@localhost,SuspiciousTitForTat,D,1,1,872,872
221,player_960310d1-0c0f-4b13-ae39-7e87e9bc7c0b@localhost,Random,C,player_d6cd9759-3c26-4486-8753-b95fb871c79d@localhost,SuspiciousTitForTat,D,0,10,872,882
222,player_960310d1-0c0f-4b13-ae39-7e87e9bc7c0b@localhost,Random,D,player_d6cd9759-3c26-4486-8753-b95fb871c79d@localhost,SuspiciousTitForTat,C,10,0,882,882
223,player_960310d1-0c0f-4b13-ae39-7e87e9bc7c0b@localhost,Random,C,player_d6cd9759-3c26-4486-8753-b95fb871c79d@localhost,SuspiciousTitForTat,D,0,10,882,892
224,player_960310d1-0c0f-4b13-ae39-7e87e9bc7c0b@localhost,Random,C,player_d6cd9759-3c26-4486-8753-b95fb871c79d@localhost,SuspiciousTitForTat,C,5,5,887,897
225,player_960310d1-0c0f-4b13-ae39-7e87e9bc7c0b@localhost,Random,C,player_d6cd9759-3c26-4486-8753-b95fb871c79d@localhost,SuspiciousTitForTat,C,5,5,892,902
226,player_960310d1-0c0f-4b13-ae39-7e87e9bc7c0b@localhost,Random,C,player_d6cd9759-3c26-4486-8753-b95fb871c79d@localhost,SuspiciousTitForTat,C,5,5,897,907
227,player_960310d1-0c0f-4b13-ae39-7e87e9bc7c0b@localhost,Random,C,player_d6cd9759-3c26-4486-8753-b95fb871c79d@localhost,SuspiciousTitForTat,C,5,5,902,912
228,player_960310d1-0c0f-4b13-ae39-7e87e9bc7c0b@localhost,Random,D,player_d6cd9759-3c26-4486-8753-b95fb871c79d@localhost,SuspiciousTitForTat,C,10,0,912,912
229,player_960310d1-0c0f-4b13-ae39-7e87e9bc7c0b@localhost,Random,C,player_d6cd9759-3c26-4486-8753-b95fb871c79d@localhost,SuspiciousTitForTat,D,0,10,912,922
230,player_960310d1-0c0f-4b13-ae39-7e87e9bc7c0b@localhost,Random,C,player_d6cd9759-3c26-4486-8753-b95fb871c79d@localhost,SuspiciousTitForTat,C,5,5,917,927
231,player_960310d1-0c0f-4b13-ae39-7e87e9bc7c0b@localhost,Random,D,player_d6cd9759-3c26-4486-8753-b95fb871c79d@localhost,SuspiciousTitForTat,C,10,0,927,927
232,player_960310d1-0c0f-4b13-ae39-7e87e9bc7c0b@localhost,Random,D,player_d6cd9759-3c26-4486-8753-b95fb871c79d@localhost,SuspiciousTitForTat,D,1,1,928,928
233,player_960310d1-0c0f-4b13-ae39-7e87e9bc7c0b@localhost,Random,C,player_d6cd9759-3c26-4486-8753-b95fb871c79d@localhost,SuspiciousTitForTat,D,0,10,928,938
234,player_960310d1-0c0f-4b13-ae39-7e87e9bc7c0b@localhost,Random,D,player_d6cd9759-3c26-4486-8753-b95fb871c79d@localhost,SuspiciousTitForTat,C,10,0,938,938
235,player_960310d1-0c0f-4b13-ae39-7e87e9bc7c0b@localhost,Random,C,player_d6cd9759-3c26-4486-8753-b95fb871c79d@localhost,SuspiciousTitForTat,D,0,10,938,948
236,player_960310d1-0c0f-4b13-ae39-7e87e9bc7c0b@localhost,Random,C,player_d6cd9759-3c26-4486-8753-b95fb871c79d@localhost,SuspiciousTitForTat,C,5,5,943,953
237,player_960310d1-0c0f-4b13-ae39-7e87e9bc7c0b@localhost,Random,D,player_d6cd9759-3c26-4486-8753-b95fb871c79d@localhost,SuspiciousTitForTat,C,10,0,953,953
238,player_960310d1-0c0f-4b13-ae39-7e87e9bc7c0b@localhost,Random,D,player_d6cd9759-3c26-4486-8753-b95fb871c79d@localhost,SuspiciousTitForTat,D,1,1,954,954
239,player_960310d1-0c0f-4b13-ae39-7e87e9bc7c0b@localhost,Random,C,player_d6cd9759-3c26-4486-8753-b95fb871c79d@localhost,SuspiciousTitForTat,D,0,10,954,964
240,player_960310d1-0c0f-4b13-ae39-7e87e9bc7c0b@localhost,Random,D,player_d6cd9759-3c26-4486-8753-b95fb871c79d@localhost,SuspiciousTitForTat,C,10,0,964,964
241,player_960310d1-0c0f-4b13-ae39-7e87e9bc7c0b@localhost,Random,D,player_d6cd9759-3c26-4486-8753-b95fb871c79d@localhost,SuspiciousTitForTat,D,1,1,965,965
242,player_960310d1-0c0f-4b13-ae39-7e87e9bc7c0b@localhost,Random,D,player_d6cd9759-3c26-4486-8753-b95fb871c79d@localhost,SuspiciousTitForTat,D,1,1,966,966
243,player_960310d1-0c0f-4b13-ae39-7e87e9bc7c0b@localhost,Random,C,player_d6cd9759-3c26-4486-8753-b95fb871c79d@localhost,SuspiciousTitForTat,D,0,10,966,976
244,player_960310d1-0c0f-4b13-ae39-7e87e9bc7c0b@localhost,Random,C,player_d6cd9759-3c26-4486-8753-b95fb871c79d@localhost,SuspiciousTitForTat,C,5,5,971,981
245,player_960310d1-0c0f-4b13-ae39-7e87e9bc7c0b@localhost,Random,D,player_d6cd9759-3c26-4486-8753-b95fb871c79d@localhost,SuspiciousTitForTat,C,10,0,981,981
246,player_960310d1-0c0f-4b13-ae39-7e87e9bc7c0b@localhost,Random,C,player_d6cd9759-3c26-4486-8753-b95fb871c79d@localhost,SuspiciousTitForTat,D,0,10,981,991
247,player_960310d1-0c0f-4b13-ae39-7e87e9bc7c0b@localhost,Random,D,player_d6cd9759-3c26-4486-8753-b95fb871c79d@localhost,SuspiciousTitForTat,C,10,0,991,991
248,player_960310d1-0c0f-4b13-ae39-7e87e9bc7c0b@localhost,Random,C,player_d6cd9759-3c26-4486-8753-b95fb871c79d@localhost,SuspiciousTitForTat,D,0,10,991,1001
249,player_960310d1-0c0f-4b13-ae39-7e87e9bc7c0b@localhost,Random,C,player_d6cd9759-3c26-4486-8753-b95fb871c79d@localhost,SuspiciousTitForTat,C,5,5,996,1006
250,player_960310d1-0c0f-4b13-ae39-7e87e9bc7c0b@localhost,Random,C,player_d6cd9759-3c26-4486-8753-b95fb871c79d@localhost,SuspiciousTitForTat,C,5,5,1001,1011
251,player_960310d1-0c0f-4b13-ae39-7e87e9bc7c0b@localhost,Random,C,player_d6cd9759-3c26-4486-8753-b95fb871c79d@localhost,SuspiciousTitForTat,C,5,5,1006,1016
252,player_960310d1-0c0f-4b13-ae39-7e87e9bc7c0b@localhost,Random,D,player_d6cd9759-3c26-4486-8753-b95fb871c79d@localhost,SuspiciousTitForTat,C,10,0,1016,1016
253,player_960310d1-0c0f-4b13-ae39-7e87e9bc7c0b@localhost,Random,C,player_d6cd9759-3c26-4486-8753-b95fb871c79d@localhost,SuspiciousTitForTat,D,0,10,1016,1026
254,player_960310d1-0c0f-4b13-ae39-7e87e9bc7c0b@localhost,Random,C,player_d6cd9759-3c26-4486-8753-b95fb871c79d@localhost,SuspiciousTitForTat,C,5,5,1021,1031
255,player_960310d1-0c0f-4b13-ae39-7e87e9bc7c0b@localhost,Random,C,player_d6cd9759-3c26-4486-8753-b95fb871c79d@localhost,SuspiciousTitForTat,C,5,5,1026,1036
256,player_960310d1-0c0f-4b13-ae39-7e87e9bc7c0b@localhost,Random,D,player_d6cd9759-3c26-4486-8753-b95fb871c79d@localhost,SuspiciousTitForTat,C,10,0,1036,1036
257,player_960310d1-0c0f-4b13-ae39-7e87e9bc7c0b@localhost,Random,D,player_d6cd9759-3c26-4486-8753-b95fb871c79d@localhost,SuspiciousTitForTat,D,1,1,1037,1037
258,player_960310d1-0c0f-4b13-ae39-7e87e9bc7c0b@localhost,Random,C,player_d6cd9759-3c26-4486-8753-b95fb871c79d@localhost,SuspiciousTitForTat,D,0,10,1037,1047
259,player_960310d1-0c0f-4b13-ae39-7e87e9bc7c0b@localhost,Random,D,player_d6cd9759-3c26-4486-8753-b95fb871c79d@localhost,SuspiciousTitForTat,C,10,0,1047,1047
260,player_960310d1-0c0f-4b13-ae39-7e87e9bc7c0b@localhost,Random,D,player_d6cd9759-3c26-4486-8753-b95fb871c79d@localhost,SuspiciousTitForTat,D,1,1,1048,1048
261,player_960310d1-0c0f-4b13-ae39-7e87e9bc7c0b@localhost,Random,D,player_d6cd9759-3c26-4486-8753-b95fb871c79d@localhost,SuspiciousTitForTat,D,1,1,1049,1049
262,player_960310d1-0c0f-4b13-ae39-7e87e9bc7c0b@localhost,Random,C,player_d6cd9759-3c26-4486-8753-b95fb871c79d@localhost,SuspiciousTitForTat,D,0,10,1049,1059
263,player_960310d1-0c0f-4b13-ae39-7e87e9bc7c0b@localhost,Random,D,player_d6cd9759-3c26-4486-8753-b95fb871c79d@localhost,SuspiciousTitForTat,C,10,0,1059,1059
264,player_960310d1-0c0f-4b13-ae39-7e87e9bc7c0b@localhost,Random,C,player_d6cd9759-3c26-4486-8753-b95fb871c79d@localhost,SuspiciousTitForTat,D,0,10,1059,1069
265,player_960310d1-0c0f-4b13-ae39-7e87e9bc7c0b@localhost,Random,D,player_d6cd9759-3c26-4486-8753-b95fb871c79d@localhost,SuspiciousTitForTat,C,10,0,1069,1069
266,player_960310d1-0c0f-4b13-ae39-7e87e9bc7c0b@localhost,Random,C,player_d6cd9759-3c26-4486-8753-b95fb871c79d@localhost,SuspiciousTitForTat,D,0,10,1069,1079
267,player_960310d1-0c0f-4b13-ae39-7e87e9bc7c0b@localhost,Random,D,player_d6cd9759-3c26-4486-8753-b95fb871c79d@localhost,SuspiciousTitForTat,C,10,0,1079,1079
268,player_960310d1-0c0f-4b13-ae39-7e87e9bc7c0b@localhost,Random,C,player_d6cd9759-3c26-4486-8753-b95fb871c79d@localhost,SuspiciousTitForTat,D,0,10,1079,1089
269,player_960310d1-0c0f-4b13-ae39-7e87e9bc7c0b@localhost,Random,D,player_d6cd9759-3c26-4486-8753-b95fb871c79d@localhost,SuspiciousTitForTat,C,10,0,1089,1089
270,player_960310d1-0c0f-4b13-ae39-7e87e9bc7c0b@localhost,Random,D,player_d6cd9759-3c26-4486-8753-b95fb871c79d@localhost,SuspiciousTitForTat,D,1,1,1090,1090
271,player_960310d1-0c0f-4b13-ae39-7e87e9bc7c0b@localhost,Random,C,player_d6cd9759-3c26-4486-8753-b95fb871c79d@localhost,SuspiciousTitForTat,D,0,10,1090,1100
272,player_960310d1-0c0f-4b13-ae39-7e87e9bc7c0b@localhost,Random,D,player_d6cd9759-3c26-4486-8753-b95fb871c79d@localhost,SuspiciousTitForTat,C,10,0,1100,1100
273,player_960310d1-0c0f-4b13-ae39-7e87e9bc7c0b@localhost,Random,C,player_d6cd9759-3c26-4486-8753-b95fb871c79d@localhost,SuspiciousTitForTat,D,0,10,1100,1110
274,player_960310d1-0c0f-4b13-ae39-7e87e9bc7c0b@localhost,Random,C,player_d6cd9759-3c26-4486-8753-b95fb871c79d@localhost,SuspiciousTitForTat,C,5,5,1105,1115
275,player_960310d1-0c0f-4b13-ae39-7e87e9bc7c0b@localhost,Random,D,player_d6cd9759-3c26-4486-8753-b95fb871c79d@localhost,SuspiciousTitForTat,C,10,0,1115,1115
276,player_960310d1-0c0f-4b13-ae39-7e87e9bc7c0b@localhost,Random,C,player_d6cd9759-3c26-4486-8753-b95fb871c79d@localhost,SuspiciousTitForTat,D,0,10,1115,1125
277,player_960310d1-0c0f-4b13-ae39-7e87e9bc7c0b@localhost,Random,D,player_d6cd9759-3c26-4486-8753-b95fb871c79d@localhost,SuspiciousTitForTat,C,10,0,1125,1125
278,player_960310d1-0c0f-4b13-ae39-7e87e9bc7c0b@localhost,Random,D,player_d6cd9759-3c26-4486-8753-b95fb871c79d@localhost,SuspiciousTitForTat,D,1,1,1126,1126
279,player_960310d1-0c0f-4b13-ae39-7e87e9bc7c0b@localhost,Random,D,player_d6cd9759-3c26-4486-8753-b95fb871c79d@localhost,SuspiciousTitForTat,D,1,1,1127,1127
280,player_960310d1-0c0f-4b13-ae39-7e87e9bc7c0b@localhost,Random,C,player_d6cd9759-3c26-4486-8753-b95fb871c79d@localhost,SuspiciousTitForTat,D,0,10,1127,1137
281,player_960310d1-0c0f-4b13-ae39-7e87e9bc7c0b@localhost,Random,C,player_d6cd9759-3c26-4486-8753-b95fb871c79d@localhost,SuspiciousTitForTat,C,5,5,1132,1142
282,player_960310d1-0c0f-4b13-ae39-7e87e9bc7c0b@localhost,Random,C,player_d6cd9759-3c26-4486-8753-b95fb871c79d@localhost,SuspiciousTitForTat,C,5,5,1137,1147
283,player_960310d1-0c0f-4b13-ae39-7e87e9bc7c0b@localhost,Random,D,player_d6cd9759-3c26-4486-8753-b95fb871c79d@localhost,SuspiciousTitForTat,C,10,0,1147,1147
284,player_960310d1-0c0f-4b13-ae39-7e87e9bc7c0b@localhost,Random,C,player_d6cd9759-3c26-4486-8753-b95fb871c79d@localhost,SuspiciousTitForTat,D,0,10,1147,1157
285,player_960310d1-0c0f-4b13-ae39-7e87e9bc7c0b@localhost,Random,C,player_d6cd9759-3c26-4486-8753-b95fb871c79d@localhost,SuspiciousTitForTat,C,5,5,1152,1162
286,player_960310d1-0c0f-4b13-ae39-7e87e9bc7c0b@localhost,Random,C,player_d6cd9759-3c26-4486-8753-b95fb871c79d@localhost,SuspiciousTitForTat,C,5,5,1157,1167
287,player_960310d1-0c0f-4b13-ae39-7e87e9bc7c0b@localhost,Random,D,player_d6cd9759-3c26-4486-8753-b95fb871c79d@localhost,SuspiciousTitForTat,C,10,0,1167,1167
288,player_960310d1-0c0f-4b13-ae39-7e87e9bc7c0b@localhost,Random,C,player_d6cd9759-3c26-4486-8753-b95fb871c79d@localhost,SuspiciousTitForTat,D,0,10,1167,1177
289,player_960310d1-0c0f-4b13-ae39-7e87e9bc7c0b@localhost,Random,C,player_d6cd9759-3c26-4486-8753-b95fb871c79d@localhost,SuspiciousTitForTat,C,5,5,1172,1182
290,player_960310d1-0c0f-4b13-ae39-7e87e9bc7c0b@localhost,Random,D,player_d6cd9759-3c26-4486-8753-b95fb871c79d@localhost,SuspiciousTitForTat,C,10,0,1182,1182
291,player_960310d1-0c0f-4b13-ae39-7e87e9bc7c0b@localhost,Random,D,player_d6cd9759-3c26-4486-8753-b95fb871c79d@localhost,SuspiciousTitForTat,D,1,1,1183,1183
292,player_960310d1-0c0f-4b13-ae39-7e87e9bc7c0b@localhost,Random,D,player_d6cd9759-3c26-4486-8753-b95fb871c79d@localhost,SuspiciousTitForTat,D,1,1,1184,1184
293,player_960310d1-0c0f-4b13-ae39-7e87e9bc7c0b@localhost,Random,C,player_d6cd9759-3c26-4486-8753-b95fb871c79d@localhost,SuspiciousTitForTat,D,0,10,1184,1194
294,player_960310d1-0c0f-4b13-ae39-7e87e9bc7c0b@localhost,Random,D,player_d6cd9759-3c26-4486-8753-b95fb871c79d@localhost,SuspiciousTitForTat,C,10,0,1194,1194
295,player_960310d1-0c0f-4b13-ae39-7e87e9bc7c0b@localhost,Random,D,player_d6cd9759-3c26-4486-8753-b95fb871c79d@localhost,SuspiciousTitForTat,D,1,1,1195,1195
296,player_960310d1-0c0f-4b13-ae39-7e87e9bc7c0b@localhost,Random,C,player_d6cd9759-3c26-4486-8753-b95fb871c79d@localhost,SuspiciousTitForTat,D,0,10,1195,1205
297,player_960310d1-0c0f-4b13-ae39-7e87e9bc7c0b@localhost,Random,D,player_d6cd9759-3c26-4486-8753-b95fb871c79d@localhost,SuspiciousTitForTat,C,10,0,1205,1205
298,player_960310d1-0c0f-4b13-ae39-7e87e9bc7c0b@localhost,Random,C,player_d6cd9759-3c26-4486-8753-b95fb871c79d@localhost,SuspiciousTitForTat,D,0,10,1205,1215
299,player_960310d1-0c0f-4b13-ae39-7e87e9bc7c0b@localhost,Random,D,player_d6cd9759-3c26-4486-8753-b95fb871c79d@localhost,SuspiciousTitForTat,C,10,0,1215,1215
300,player_960310d1-0c0f-4b13-ae39-7e87e9bc7c0b@localhost,Random,D,player_d6cd9759-3c26-4486-8753-b95fb871c79d@localhost,SuspiciousTitForTat,D,1,1,1216,1216
301,player_960310d1-0c0f-4b13-ae39-7e87e9bc7c0b@localhost,Random,D,player_d6cd9759-3c26-4486-8753-b95fb871c79d@localhost,SuspiciousTitForTat,D,1,1,1217,1217
302,player_960310d1-0c0f-4b13-ae39-7e87e9bc7c0b@localhost,Random,C,player_d6cd9759-3c26-4486-8753-b95fb871c79d@localhost,SuspiciousTitForTat,D,0,10,1217,1227
303,player_960310d1-0c0f-4b13-ae39-7e87e9bc7c0b@localhost,Random,D,player_d6cd9759-3c26-4486-8753-b95fb871c79d@localhost,SuspiciousTitForTat,C,10,0,1227,1227
304,player_960310d1-0c0f-4b13-ae39-7e87e9bc7c0b@localhost,Random,D,player_d6cd9759-3c26-4486-8753-b95fb871c79d@localhost,SuspiciousTitForTat,D,1,1,1228,1228
305,player_960310d1-0c0f-4b13-ae39-7e87e9bc7c0b@localhost,Random,D,player_d6cd9759-3c26-4486-8753-b95fb871c79d@localhost,SuspiciousTitForTat,D,1,1,1229,1229
306,player_960310d1-0c0f-4b13-ae39-7e87e9bc7c0b@localhost,Random,D,player_d6cd9759-3c26-4486-8753-b95fb871c79d@localhost,SuspiciousTitForTat,D,1,1,1230,1230
307,player_960310d1-0c0f-4b13-ae39-7e87e9bc7c0b@localhost,Random,D,player_d6cd9759-3c26-4486-8753-b95fb871c79d@localhost,SuspiciousTitForTat,D,1,1,1231,1231
308,player_960310d1-0c0f-4b13-ae39-7e87e9bc7c0b@localhost,Random,C,player_d6cd9759-3c26-4486-8753-b95fb871c79d@localhost,SuspiciousTitForTat,D,0,10,1231,1241
309,player_960310d1-0c0f-4b13-ae39-7e87e9bc7c0b@localhost,Random,D,player_d6cd9759-3c26-4486-8753-b95fb871c79d@localhost,SuspiciousTitForTat,C,10,0,1241,1241
310,player_960310d1-0c0f-4b13-ae39-7e87e9bc7c0b@localhost,Random,D,player_d6cd9759-3c26-4486-8753-b95fb871c79d@localhost,SuspiciousTitForTat,D,1,1,1242,1242
311,player_960310d1-0c0f-4b13-ae39-7e87e9bc7c0b@localhost,Random,D,player_d6cd9759-3c26-4486-8753-b95fb871c79d@localhost,SuspiciousTitForTat,D,1,1,1243,1243
312,player_960310d1-0c0f-4b13-ae39-7e87e9bc7c0b@localhost,Random,C,player_d6cd9759-3c26-4486-8753-b95fb871c79d@localhost,SuspiciousTitForTat,D,0,10,1243,1253
313,player_960310d1-0c0f-4b13-ae39-7e87e9bc7c0b@localhost,Random,D,player_d6cd9759-3c26-4486-8753-b95fb871c79d@localhost,SuspiciousTitForTat,C,10,0,1253,1253
314,player_960310d1-0c0f-4b13-ae39-7e87e9bc7c0b@localhost,Random,C,player_d6cd9759-3c26-4486-8753-b95fb871c79d@localhost,SuspiciousTitForTat,D,0,10,1253,1263
315,player_960310d1-0c0f-4b13-ae39-7e87e9bc7c0b@localhost,Random,C,player_d6cd9759-3c26-4486-8753-b95fb871c79d@localhost,SuspiciousTitForTat,C,5,5,1258,1268
316,player_960310d1-0c0f-4b13-ae39-7e87e9bc7c0b@localhost,Random,C,player_d6cd9759-3c26-4486-8753-b95fb871c79d@localhost,SuspiciousTitForTat,C,5,5,1263,1273
317,player_960310d1-0c0f-4b13-ae39-7e87e9bc7c0b@localhost,Random,C,player_d6cd9759-3c26-4486-8753-b95fb871c79d@localhost,SuspiciousTitForTat,C,5,5,1268,1278
318,player_960310d1-0c0f-4b13-ae39-7e87e9bc7c0b@localhost,Random,D,player_d6cd9759-3c26-4486-8753-b95fb871c79d@localhost,SuspiciousTitForTat,C,10,0,1278,1278
319,player_960310d1-0c0f-4b13-ae39-7e87e9bc7c0b@localhost,Random,D,player_d6cd9759-3c26-4486-8753-b95fb871c79d@localhost,SuspiciousTitForTat,D,1,1,1279,1279
320,player_960310d1-0c0f-4b13-ae39-7e87e9bc7c0b@localhost,Random,C,player_d6cd9759-3c26-4486-8753-b95fb871c79d@localhost,SuspiciousTitForTat,D,0,10,1279,1289
321,player_960310d1-0c0f-4b13-ae39-7e87e9bc7c0b@localhost,Random,C,player_d6cd9759-3c26-4486-8753-b95fb871c79d@localhost,SuspiciousTitForTat,C,5,5,1284,1294
322,player_960310d1-0c0f-4b13-ae39-7e87e9bc7c0b@localhost,Random,C,player_d6cd9759-3c26-4486-8753-b95fb871c79d@localhost,SuspiciousTitForTat,C,5,5,1289,1299
323,player_960310d1-0c0f-4b13-ae39-7e87e9bc7c0b@localhost,Random,C,player_d6cd9759-3c26-4486-8753-b95fb871c79d@localhost,SuspiciousTitForTat,C,5,5,1294,1304
324,player_960310d1-0c0f-4b13-ae39-7e87e9bc7c0b@localhost,Random,C,player_d6cd9759-3c26-4486-8753-b95fb871c79d@localhost,SuspiciousTitForTat,C,5,5,1299,1309
325,player_960310d1-0c0f-4b13-ae39-7e87e9bc7c0b@localhost,Random,D,player_d6cd9759-3c26-4486-8753-b95fb871c79d@localhost,SuspiciousTitForTat,C,10,0,1309,1309
326,player_960310d1-0c0f-4b13-ae39-7e87e9bc7c0b@localhost,Random,D,player_d6cd9759-3c26-4486-8753-b95fb871c79d@localhost,SuspiciousTitForTat,D,1,1,1310,1310
327,player_960310d1-0c0f-4b13-ae39-7e87e9bc7c0b@localhost,Random,C,player_d6cd9759-3c26-4486-8753-b95fb871c79d@localhost,SuspiciousTitForTat,D,0,10,1310,1320
328,player_960310d1-0c0f-4b13-ae39-7e87e9bc7c0b@localhost,Random,D,player_d6cd9759-3c26-4486-8753-b95fb871c79d@localhost,SuspiciousTitForTat,C,10,0,1320,1320
329,player_960310d1-0c0f-4b13-ae39-7e87e9bc7c0b@localhost,Random,D,player_d6cd9759-3c26-4486-8753-b95fb871c79d@localhost,SuspiciousTitForTat,D,1,1,1321,1321
330,player_960310d1-0c0f-4b13-ae39-7e87e9bc7c0b@localhost,Random,D,player_d6cd9759-3c26-4486-8753-b95fb871c79d@localhost,SuspiciousTitForTat,D,1,1,1322,1322
331,player_960310d1-0c0f-4b13-ae39-7e87e9bc7c0b@localhost,Random,C,player_d6cd9759-3c26-4486-8753-b95fb871c79d@localhost,SuspiciousTitForTat,D,0,10,1322,1332
332,player_960310d1-0c0f-4b13-ae39-7e87e9bc7c0b@localhost,Random,D,player_d6cd9759-3c26-4486-8753-b95fb871c79d@localhost,SuspiciousTitForTat,C,10,0,1332,1332
333,player_960310d1-0c0f-4b13-ae39-7e87e9bc7c0b@localhost,Random,D,player_d6cd9759-3c26-4486-8753-b95fb871c79d@localhost,SuspiciousTitForTat,D,1,1,1333,1333
334,player_960310d1-0c0f-4b13-ae39-7e87e9bc7c0b@localhost,Random,C,player_d6cd9759-3c26-4486-8753-b95fb871c79d@localhost,SuspiciousTitForTat,D,0,10,1333,1343
335,player_960310d1-0c0f-4b13-ae39-7e87e9bc7c0b@localhost,Random,D,player_d6cd9759-3c26-4486-8753-b95fb871c79d@localhost,SuspiciousTitForTat,C,10,0,1343,1343
336,player_960310d1-0c0f-4b13-ae39-7e87e9bc7c0b@localhost,Random,C,player_d6cd9759-3c26-4486-8753-b95fb871c79d@localhost,SuspiciousTitForTat,D,0,10,1343,1353
337,player_960310d1-0c0f-4b13-ae39-7e87e9bc7c0b@localhost,Random,D,player_d6cd9759-3c26-4486-8753-b95fb871c79d@localhost,SuspiciousTitForTat,C,10,0,1353,1353
338,player_960310d1-0c0f-4b13-ae39-7e87e9bc7c0b@localhost,Random,C,player_d6cd9759-3c26-4486-8753-b95fb871c79d@localhost,SuspiciousTitForTat,D,0,10,1353,1363
339,player_960310d1-0c0f-4b13-ae39-7e87e9bc7c0b@localhost,Random,D,player_d6cd9759-3c26-4486-8753-b95fb871c79d@localhost,SuspiciousTitForTat,C,10,0,1363,1363
340,player_960310d1-0c0f-4b13-ae39-7e87e9bc7c0b@localhost,Random,C,player_d6cd9759-3c26-4486-8753-b95fb871c79d@localhost,SuspiciousTitForTat,D,0,10,1363,1373
341,player_960310d1-0c0f-4b13-ae39-7e87e9bc7c0b@localhost,Random,C,player_d6cd9759-3c26-4486-8753-b95fb871c79d@localhost,SuspiciousTitForTat,C,5,5,1368,1378
342,player_960310d1-0c0f-4b13-ae39-7e87e9bc7c0b@localhost,Random,C,player_d6cd9759-3c26-4486-8753-b95fb871c79d@localhost,SuspiciousTitForTat,C,5,5,1373,1383
343,player_960310d1-0c0f-4b13-ae39-7e87e9bc7c0b@localhost,Random,D,player_d6cd9759-3c26-4486-8753-b95fb871c79d@localhost,SuspiciousTitForTat,C,10,0,1383,1383
344,player_960310d1-0c0f-4b13-ae39-7e87e9bc7c0b@localhost,Random,D,player_d6cd9759-3c26-4486-8753-b95fb871c79d@localhost,SuspiciousTitForTat,D,1,1,1384,1384
345,player_960310d1-0c0f-4b13-ae39-7e87e9bc7c0b@localhost,Random,C,player_d6cd9759-3c26-4486-8753-b95fb871c79d@localhost,SuspiciousTitForTat,D,0,10,1384,1394
346,player_960310d1-0c0f-4b13-ae39-7e87e9bc7c0b@localhost,Random,C,player_d6cd9759-3c26-4486-8753-b95fb871c79d@localhost,SuspiciousTitForTat,C,5,5,1389,1399
347,player_960310d1-0c0f-4b13-ae39-7e87e9bc7c0b@localhost,Random,C,player_d6cd9759-3c26-4486-8753-b95fb871c79d@localhost,SuspiciousTitForTat,C,5,5,1394,1404
348,player_960310d1-0c0f-4b13-ae39-7e87e9bc7c0b@localhost,Random,D,player_d6cd9759-3c26-4486-8753-b95fb871c79d@localhost,SuspiciousTitForTat,C,10,0,1404,1404
349,player_960310d1-0c0f-4b13-ae39-7e87e9bc7c0b@localhost,Random,C,player_d6cd9759-3c26-4486-8753-b95fb871c79d@localhost,SuspiciousTitForTat,D,0,10,1404,1414
350,player_960310d1-0c0f-4b13-ae39-7e87e9bc7c0b@localhost,Random,C,player_d6cd9759-3c26-4486-8753-b95fb871c79d@localhost,SuspiciousTitForTat,C,5,5,1409,1419
351,player_960310d1-0c0f-4b13-ae39-7e87e9bc7c0b@localhost,Random,D,player_d6cd9759-3c26-4486-8753-b95fb871c79d@localhost,SuspiciousTitForTat,C,10,0,1419,1419
352,player_960310d1-0c0f-4b13-ae39-7e87e9bc7c0b@localhost,Random,C,player_d6cd9759-3c26-4486-8753-b95fb871c79d@localhost,SuspiciousTitForTat,D,0,10,1419,1429
353,player_960310d1-0c0f-4b13-ae39-7e87e9bc7c0b@localhost,Random,D,player_d6cd9759-3c26-4486-8753-b95fb871c79d@localhost,SuspiciousTitForTat,C,10,0,1429,1429
354,player_960310d1-0c0f-4b13-ae39-7e87e9bc7c0b@localhost,Random,D,player_d6cd9759-3c26-4486-8753-b95fb871c79d@localhost,SuspiciousTitForTat,D,1,1,1430,1430
355,player_960310d1-0c0f-4b13-ae39-7e87e9bc7c0b@localhost,Random,C,player_d6cd9759-3c26-4486-8753-b95fb871c79d@localhost,SuspiciousTitForTat,D,0,10,1430,1440
356,player_960310d1-0c0f-4b13-ae39-7e87e9bc7c0b@localhost,Random,C,player_d6cd9759-3c26-4486-8753-b95fb871c79d@localhost,SuspiciousTitForTat,C,5,5,1435,1445
357,player_960310d1-0c0f-4b13-ae39-7e87e9bc7c0b@localhost,Random,C,player_d6cd9759-3c26-4486-8753-b95fb871c79d@localhost,SuspiciousTitForTat,C,5,5,1440,1450
358,player_960310d1-0c0f-4b13-ae39-7e87e9bc7c0b@localhost,Random,D,player_d6cd9759-3c26-4486-8753-b95fb871c79d@localhost,SuspiciousTitForTat,C,10,0,1450,1450
359,player_960310d1-0c0f-4b13-ae39-7e87e9bc7c0b@localhost,Random,C,player_d6cd9759-3c26-4486-8753-b95fb871c79d@localhost,SuspiciousTitForTat,D,0,10,1450,1460
360,player_960310d1-0c0f-4b13-ae39-7e87e9bc7c0b@localhost,Random,D,player_d6cd9759-3c26-4486-8753-b95fb871c79d@localhost,SuspiciousTitForTat,C,10,0,1460,1460
361,player_960310d1-0c0f-4b13-ae39-7e87e9bc7c0b@localhost,Random,D,player_d6cd9759-3c26-4486-8753-b95fb871c79d@localhost,SuspiciousTitForTat,D,1,1,1461,1461
362,player_960310d1-0c0f-4b13-ae39-7e87e9bc7c0b@localhost,Random,D,player_d6cd9759-3c26-4486-8753-b95fb871c79d@localhost,SuspiciousTitForTat,D,1,1,1462,1462
363,player_960310d1-0c0f-4b13-ae39-7e87e9bc7c0b@localhost,Random,D,player_d6cd9759-3c26-4486-8753-b95fb871c79d@localhost,SuspiciousTitForTat,D,1,1,1463,1463
364,player_960310d1-0c0f-4b13-ae39-7e87e9bc7c0b@localhost,Random,C,player_d6cd9759-3c26-4486-8753-b95fb871c79d@localhost,SuspiciousTitForTat,D,0,10,1463,1473
365,player_960310d1-0c0f-4b13-ae39-7e87e9bc7c0b@localhost,Random,D,player_d6cd9759-3c26-4486-8753-b95fb871c79d@localhost,SuspiciousTitForTat,C,10,0,1473,1473
366,player_960310d1-0c0f-4b13-ae39-7e87e9bc7c0b@localhost,Random,D,player_d6cd9759-3c26-4486-8753-b95fb871c79d@localhost,SuspiciousTitForTat,D,1,1,1474,1474
367,player_960310d1-0c0f-4b13-ae39-7e87e9bc7c0b@localhost,Random,C,player_d6cd9759-3c26-4486-8753-b95fb871c79d@localhost,SuspiciousTitForTat,D,0,10,1474,1484
368,player_960310d1-0c0f-4b13-ae39-7e87e9bc7c0b@localhost,Random,C,player_d6cd9759-3c26-4486-8753-b95fb871c79d@localhost,SuspiciousTitForTat,C,5,5,1479,1489
369,player_960310d1-0c0f-4b13-ae39-7e87e9bc7c0b@localhost,Random,C,player_d6cd9759-3c26-4486-8753-b95fb871c79d@localhost,SuspiciousTitForTat,C,5,5,1484,1494
370,player_960310d1-0c0f-4b13-ae39-7e87e9bc7c0b@localhost,Random,D,player_d6cd9759-3c26-4486-8753-b95fb871c79d@localhost,SuspiciousTitForTat,C,10,0,1494,1494
371,player_960310d1-0c0f-4b13-ae39-7e87e9bc7c0b@localhost,Random,D,player_d6cd9759-3c26-4486-8753-b95fb871c79d@localhost,SuspiciousTitForTat,D,1,1,1495,1495
372,player_960310d1-0c0f-4b13-ae39-7e87e9bc7c0b@localhost,Random,C,player_d6cd9759-3c26-4486-8753-b95fb871c79d@localhost,SuspiciousTitForTat,D,0,10,1495,1505
373,player_960310d1-0c0f-4b13-ae39-7e87e9bc7c0b@localhost,Random,C,player_d6cd9759-3c26-4486-8753-b95fb871c79d@localhost,SuspiciousTitForTat,C,5,5,1500,1510
374,player_960310d1-0c0f-4b13-ae39-7e87e9bc7c0b@localhost,Random,D,player_d6cd9759-3c26-4486-8753-b95fb871c79d@localhost,SuspiciousTitForTat,C,10,0,1510,1510
375,player_960310d1-0c0f-4b13-ae39-7e87e9bc7c0b@localhost,Random,C,player_d6cd9759-3c26-4486-8753-b95fb871c79d@localhost,SuspiciousTitForTat,D,0,10,1510,1520
376,player_960310d1-0c0f-4b13-ae39-7e87e9bc7c0b@localhost,Random,C,player_d6cd9759-3c26-4486-8753-b95fb871c79d@localhost,SuspiciousTitForTat,C,5,5,1515,1525
377,player_960310d1-0c0f-4b13-ae39-7e87e9bc7c0b@localhost,Random,C,player_d6cd9759-3c26-4486-8753-b95fb871c79d@localhost,SuspiciousTitForTat,C,5,5,1520,1530
378,player_960310d1-0c0f-4b13-ae39-7e87e9bc7c0b@localhost,Random,C,player_d6cd9759-3c26-4486-8753-b95fb871c79d@localhost,SuspiciousTitForTat,C,5,5,1525,1535
379,player_960310d1-0c0f-4b13-ae39-7e87e9bc7c0b@localhost,Random,D,player_d6cd9759-3c26-4486-8753-b95fb871c79d@localhost,SuspiciousTitForTat,C,10,0,1535,1535
380,player_960310d1-0c0f-4b13-ae39-7e87e9bc7c0b@localhost,Random,C,player_d6cd9759-3c26-4486-8753-b95fb871c79d@localhost,SuspiciousTitForTat,D,0,10,1535,1545
381,player_960310d1-0c0f-4b13-ae39-7e87e9bc7c0b@localhost,Random,D,player_d6cd9759-3c26-4486-8753-b95fb871c79d@localhost,SuspiciousTitForTat,C,10,0,1545,1545
382,player_960310d1-0c0f-4b13-ae39-7e87e9bc7c0b@localhost,Random,C,player_d6cd9759-3c26-4486-8753-b95fb871c79d@localhost,SuspiciousTitForTat,D,0,10,1545,1555
383,player_960310d1-0c0f-4b13-ae39-7e87e9bc7c0b@localhost,Random,C,player_d6cd9759-3c26-4486-8753-b95fb871c79d@localhost,SuspiciousTitForTat,C,5,5,1550,1560
384,player_960310d1-0c0f-4b13-ae39-7e87e9bc7c0b@localhost,Random,C,player_d6cd9759-3c26-4486-8753-b95fb871c79d@localhost,SuspiciousTitForTat,C,5,5,1555,1565
385,player_960310d1-0c0f-4b13-ae39-7e87e9bc7c0b@localhost,Random,D,player_d6cd9759-3c26-4486-8753-b95fb871c79d@localhost,SuspiciousTitForTat,C,10,0,1565,1565
386,player_960310d1-0c0f-4b13-ae39-7e87e9bc7c0b@localhost,Random,D,player_d6cd9759-3c26-4486-8753-b95fb871c79d@localhost,SuspiciousTitForTat,D,1,1,1566,1566
387,player_960310d1-0c0f-4b13-ae39-7e87e9bc7c0b@localhost,Random,D,player_d6cd9759-3c26-4486-8753-b95fb871c79d@localhost,SuspiciousTitForTat,D,1,1,1567,1567
388,player_960310d1-0c0f-4b13-ae39-7e87e9bc7c0b@localhost,Random,D,player_d6cd9759-3c26-4486-8753-b95fb871c79d@localhost,SuspiciousTitForTat,D,1,1,1568,1568
389,player_960310d1-0c0f-4b13-ae39-7e87e9bc7c0b@localhost,Random,D,player_d6cd9759-3c26-4486-8753-b95fb871c79d@localhost,SuspiciousTitForTat,D,1,1,1569,1569
390,player_960310d1-0c0f-4b13-ae39-7e87e9bc7c0b@localhost,Random,D,player_d6cd9759-3c26-4486-8753-b95fb871c79d@localhost,SuspiciousTitForTat,D,1,1,1570,1570
391,player_960310d1-0c0f-4b13-ae39-7e87e9bc7c0b@localhost,Random,D,player_d6cd9759-3c26-4486-8753-b95fb871c79d@localhost,SuspiciousTitForTat,D,1,1,1571,1571
392,player_960310d1-0c0f-4b13-ae39-7e87e9bc7c0b@localhost,Random,C,player_d6cd9759-3c26-4486-8753-b95fb871c79d@localhost,SuspiciousTitForTat,D,0,10,1571,1581
393,player_960310d1-0c0f-4b13-ae39-7e87e9bc7c0b@localhost,Random,C,player_d6cd9759-3c26-4486-8753-b95fb871c79d@localhost,SuspiciousTitForTat,C,5,5,1576,1586
394,player_960310d1-0c0f-4b13-ae39-7e87e9bc7c0b@localhost,Random,C,player_d6cd9759-3c26-4486-8753-b95fb871c79d@localhost,SuspiciousTitForTat,C,5,5,1581,1591
395,player_960310d1-0c0f-4b13-ae39-7e87e9bc7c0b@localhost,Random,C,player_d6cd9759-3c26-4486-8753-b95fb871c79d@localhost,SuspiciousTitForTat,C,5,5,1586,1596
396,player_960310d1-0c0f-4b13-ae39-7e87e9bc7c0b@localhost,Random,C,player_d6cd9759-3c26-4486-8753-b95fb871c79d@localhost,SuspiciousTitForTat,C,5,5,1591,1601
397,player_960310d1-0c0f-4b13-ae39-7e87e9bc7c0b@localhost,Random,D,player_d6cd9759-3c26-4486-8753-b95fb871c79d@localhost,SuspiciousTitForTat,C,10,0,1601,1601
398,player_960310d1-0c0f-4b13-ae39-7e87e9bc7c0b@localhost,Random,D,player_d6cd9759-3c26-4486-8753-b95fb871c79d@localhost,SuspiciousTitForTat,D,1,1,1602,1602
399,player_960310d1-0c0f-4b13-ae39-7e87e9bc7c0b@localhost,Random,D,player_d6cd9759-3c26-4486-8753-b95fb871c79d@localhost,SuspiciousTitForTat,D,1,1,1603,1603
400,player_960310d1-0c0f-4b13-ae39-7e87e9bc7c0b@localhost,Random,D,player_d6cd9759-3c26-4486-8753-b95fb871c79d@localhost,SuspiciousTitForTat,D,1,1,1604,1604
401,player_960310d1-0c0f-4b13-ae39-7e87e9bc7c0b@localhost,Random,C,player_d6cd9759-3c26-4486-8753-b95fb871c79d@localhost,SuspiciousTitForTat,D,0,10,1604,1614
402,player_960310d1-0c0f-4b13-ae39-7e87e9bc7c0b@localhost,Random,D,player_d6cd9759-3c26-4486-8753-b95fb871c79d@localhost,SuspiciousTitForTat,C,10,0,1614,1614
403,player_960310d1-0c0f-4b13-ae39-7e87e9bc7c0b@localhost,Random,C,player_d6cd9759-3c26-4486-8753-b95fb871c79d@localhost,SuspiciousTitForTat,D,0,10,1614,1624
404,player_960310d1-0c0f-4b13-ae39-7e87e9bc7c0b@localhost,Random,C,player_d6cd9759-3c26-4486-8753-b95fb871c79d@localhost,SuspiciousTitForTat,C,5,5,1619,1629
405,player_960310d1-0c0f-4b13-ae39-7e87e9bc7c0b@localhost,Random,C,player_d6cd9759-3c26-4486-8753-b95fb871c79d@localhost,SuspiciousTitForTat,C,5,5,1624,1634
406,player_960310d1-0c0f-4b13-ae39-7e87e9bc7c0b@localhost,Random,D,player_d6cd9759-3c26-4486-8753-b95fb871c79d@localhost,SuspiciousTitForTat,C,10,0,1634,1634
407,player_960310d1-0c0f-4b13-ae39-7e87e9bc7c0b@localhost,Random,C,player_d6cd9759-3c26-4486-8753-b95fb871c79d@localhost,SuspiciousTitForTat,D,0,10,1634,1644
408,player_960310d1-0c0f-4b13-ae39-7e87e9bc7c0b@localhost,Random,D,player_d6cd9759-3c26-4486-8753-b95fb871c79d@localhost,SuspiciousTitForTat,C,10,0,1644,1644
409,player_960310d1-0c0f-4b13-ae39-7e87e9bc7c0b@localhost,Random,C,player_d6cd9759-3c26-4486-8753-b95fb871c79d@localhost,SuspiciousTitForTat,D,0,10,1644,1654
410,player_960310d1-0c0f-4b13-ae39-7e87e9bc7c0b@localhost,Random,D,player_d6cd9759-3c26-4486-8753-b95fb871c79d@localhost,SuspiciousTitForTat,C,10,0,1654,1654
411,player_960310d1-0c0f-4b13-ae39-7e87e9bc7c0b@localhost,Random,C,player_d6cd9759-3c26-4486-8753-b95fb871c79d@localhost,SuspiciousTitForTat,D,0,10,1654,1664
412,player_960310d1-0c0f-4b13-ae39-7e87e9bc7c0b@localhost,Random,C,player_d6cd9759-3c26-4486-8753-b95fb871c79d@localhost,SuspiciousTitForTat,C,5,5,1659,1669
413,player_960310d1-0c0f-4b13-ae39-7e87e9bc7c0b@localhost,Random,D,player_d6cd9759-3c26-4486-8753-b95fb871c79d@localhost,SuspiciousTitForTat,C,10,0,1669,1669
414,player_960310d1-0c0f-4b13-ae39-7e87e9bc7c0b@localhost,Random,D,player_d6cd9759-3c26-4486-8753-b95fb871c79d@localhost,SuspiciousTitForTat,D,1,1,1670,1670
415,player_960310d1-0c0f-4b13-ae39-7e87e9bc7c0b@localhost,Random,C,player_d6cd9759-3c26-4486-8753-b95fb871c79d@localhost,SuspiciousTitForTat,D,0,10,1670,1680
416,player_960310d1-0c0f-4b13-ae39-7e87e9bc7c0b@localhost,Random,D,player_d6cd9759-3c26-4486-8753-b95fb871c79d@localhost,SuspiciousTitForTat,C,10,0,1680,1680
417,player_960310d1-0c0f-4b13-ae39-7e87e9bc7c0b@localhost,Random,C,player_d6cd9759-3c26-4486-8753-b95fb871c79d@localhost,SuspiciousTitForTat,D,0,10,1680,1690
418,player_960310d1-0c0f-4b13-ae39-7e87e9bc7c0b@localhost,Random,C,player_d6cd9759-3c26-4486-8753-b95fb871c79d@localhost,SuspiciousTitForTat,C,5,5,1685,1695
419,player_960310d1-0c0f-4b13-ae39-7e87e9bc7c0b@localhost,Random,C,player_d6cd9759-3c26-4486-8753-b95fb871c79d@localhost,SuspiciousTitForTat,C,5,5,1690,1700
420,player_960310d1-0c0f-4b13-ae39-7e87e9bc7c0b@localhost,Random,C,player_d6cd9759-3c26-4486-8753-b95fb871c79d@localhost,SuspiciousTitForTat,C,5,5,1695,1705
421,player_960310d1-0c0f-4b13-ae39-7e87e9bc7c0b@localhost,Random,C,player_d6cd9759-3c26-4486-8753-b95fb871c79d@localhost,SuspiciousTitForTat,C,5,5,1700,1710
422,player_960310d1-0c0f-4b13-ae39-7e87e9bc7c0b@localhost,Random,C,player_d6cd9759-3c26-4486-8753-b95fb871c79d@localhost,SuspiciousTitForTat,C,5,5,1705,1715
423,player_960310d1-0c0f-4b13-ae39-7e87e9bc7c0b@localhost,Random,C,player_d6cd9759-3c26-4486-8753-b95fb871c79d@localhost,SuspiciousTitForTat,C,5,5,1710,1720
424,player_960310d1-0c0f-4b13-ae39-7e87e9bc7c0b@localhost,Random,D,player_d6cd9759-3c26-4486-8753-b95fb871c79d@localhost,SuspiciousTitForTat,C,10,0,1720,1720
425,player_960310d1-0c0f-4b13-ae39-7e87e9bc7c0b@localhost,Random,C,player_d6cd9759-3c26-4486-8753-b95fb871c79d@localhost,SuspiciousTitForTat,D,0,10,1720,1730
426,player_960310d1-0c0f-4b13-ae39-7e87e9bc7c0b@localhost,Random,C,player_d6cd9759-3c26-4486-8753-b95fb871c79d@localhost,SuspiciousTitForTat,C,5,5,1725,1735
427,player_960310d1-0c0f-4b13-ae39-7e87e9bc7c0b@localhost,Random,D,player_d6cd9759-3c26-4486-8753-b95fb871c79d@localhost,SuspiciousTitForTat,C,10,0,1735,1735
428,player_960310d1-0c0f-4b13-ae39-7e87e9bc7c0b@localhost,Random,C,player_d6cd9759-3c26-4486-8753-b95fb871c79d@localhost,SuspiciousTitForTat,D,0,10,1735,1745
429,player_960310d1-0c0f-4b13-ae39-7e87e9bc7c0b@localhost,Random,C,player_d6cd9759-3c26-4486-8753-b95fb871c79d@localhost,SuspiciousTitForTat,C,5,5,1740,1750
430,player_960310d1-0c0f-4b13-ae39-7e87e9bc7c0b@localhost,Random,D,player_d6cd9759-3c26-4486-8753-b95fb871c79d@localhost,SuspiciousTitForTat,C,10,0,1750,1750
431,player_960310d1-0c0f-4b13-ae39-7e87e9bc7c0b@localhost,Random,C,player_d6cd9759-3c26-4486-8753-b95fb871c79d@localhost,SuspiciousTitForTat,D,0,10,1750,1760
432,player_960310d1-0c0f-4b13-ae39-7e87e9bc7c0b@localhost,Random,D,player_d6cd9759-3c26-4486-8753-b95fb871c79d@localhost,SuspiciousTitForTat,C,10,0,1760,1760
433,player_960310d1-0c0f-4b13-ae39-7e87e9bc7c0b@localhost,Random,D,player_d6cd9759-3c26-4486-8753-b95fb871c79d@localhost,SuspiciousTitForTat,D,1,1,1761,1761
434,player_960310d1-0c0f-4b13-ae39-7e87e9bc7c0b@localhost,Random,C,player_d6cd9759-3c26-4486-8753-b95fb871c79d@localhost,SuspiciousTitForTat,D,0,10,1761,1771
435,player_960310d1-0c0f-4b13-ae39-7e87e9bc7c0b@localhost,Random,C,player_d6cd9759-3c26-4486-8753-b95fb871c79d@localhost,SuspiciousTitForTat,C,5,5,1766,1776
436,player_960310d1-0c0f-4b13-ae39-7e87e9bc7c0b@localhost,Random,D,player_d6cd9759-3c26-4486-8753-b95fb871c79d@localhost,SuspiciousTitForTat,C,10,0,1776,1776
437,player_960310d1-0c0f-4b13-ae39-7e87e9bc7c0b@localhost,Random,D,player_d6cd9759-3c26-4486-8753-b95fb871c79d@localhost,SuspiciousTitForTat,D,1,1,1777,1777
438,player_960310d1-0c0f-4b13-ae39-7e87e9bc7c0b@localhost,Random,C,player_d6cd9759-3c26-4486-8753-b95fb871c79d@localhost,SuspiciousTitForTat,D,0,10,1777,1787
439,player_960310d1-0c0f-4b13-ae39-7e87e9bc7c0b@localhost,Random,C,player_d6cd9759-3c26-4486-8753-b95fb871c79d@localhost,SuspiciousTitForTat,C,5,5,1782,1792
440,player_960310d1-0c0f-4b13-ae39-7e87e9bc7c0b@localhost,Random,C,player_d6cd9759-3c26-4486-8753-b95fb871c79d@localhost,SuspiciousTitForTat,C,5,5,1787,1797
441,player_960310d1-0c0f-4b13-ae39-7e87e9bc7c0b@localhost,Random,C,player_d6cd9759-3c26-4486-8753-b95fb871c79d@localhost,SuspiciousTitForTat,C,5,5,1792,1802
442,player_960310d1-0c0f-4b13-ae39-7e87e9bc7c0b@localhost,Random,C,player_d6cd9759-3c26-4486-8753-b95fb871c79d@localhost,SuspiciousTitForTat,C,5,5,1797,1807
443,player_960310d1-0c0f-4b13-ae39-7e87e9bc7c0b@localhost,Random,C,player_d6cd9759-3c26-4486-8753-b95fb871c79d@localhost,SuspiciousTitForTat,C,5,5,1802,1812
444,player_960310d1-0c0f-4b13-ae39-7e87e9bc7c0b@localhost,Random,D,player_d6cd9759-3c26-4486-8753-b95fb871c79d@localhost,SuspiciousTitForTat,C,10,0,1812,1812
445,player_960310d1-0c0f-4b13-ae39-7e87e9bc7c0b@localhost,Random,D,player_d6cd9759-3c26-4486-8753-b95fb871c79d@localhost,SuspiciousTitForTat,D,1,1,1813,1813
446,player_960310d1-0c0f-4b13-ae39-7e87e9bc7c0b@localhost,Random,C,player_d6cd9759-3c26-4486-8753-b95fb871c79d@localhost,SuspiciousTitForTat,D,0,10,1813,1823
447,player_960310d1-0c0f-4b13-ae39-7e87e9bc7c0b@localhost,Random,C,player_d6cd9759-3c26-4486-8753-b95fb871c79d@localhost,SuspiciousTitForTat,C,5,5,1818,1828
448,player_960310d1-0c0f-4b13-ae39-7e87e9bc7c0b@localhost,Random,D,player_d6cd9759-3c26-4486-8753-b95fb871c79d@localhost,SuspiciousTitForTat,C,10,0,1828,1828
449,player_960310d1-0c0f-4b13-ae39-7e87e9bc7c0b@localhost,Random,D,player_d6cd9759-3c26-4486-8753-b95fb871c79d@localhost,SuspiciousTitForTat,D,1,1,1829,1829
450,player_960310d1-0c0f-4b13-ae39-7e87e9bc7c0b@localhost,Random,C,player_d6cd9759-3c26-4486-8753-b95fb871c79d@localhost,SuspiciousTitForTat,D,0,10,1829,1839
451,player_960310d1-0c0f-4b13-ae39-7e87e9bc7c0b@localhost,Random,C,player_d6cd9759-3c26-4486-8753-b95fb871c79d@localhost,SuspiciousTitForTat,C,5,5,1834,1844
452,player_960310d1-0c0f-4b13-ae39-7e87e9bc7c0b@localhost,Random,D,player_d6cd9759-3c26-4486-8753-b95fb871c79d@localhost,SuspiciousTitForTat,C,10,0,1844,1844
453,player_960310d1-0c0f-4b13-ae39-7e87e9bc7c0b@localhost,Random,D,player_d6cd9759-3c26-4486-8753-b95fb871c79d@localhost,SuspiciousTitForTat,D,1,1,1845,1845
454,player_960310d1-0c0f-4b13-ae39-7e87e9bc7c0b@localhost,Random,D,player_d6cd9759-3c26-4486-8753-b95fb871c79d@localhost,SuspiciousTitForTat,D,1,1,1846,1846
455,player_960310d1-0c0f-4b13-ae39-7e87e9bc7c0b@localhost,Random,D,player_d6cd9759-3c26-4486-8753-b95fb871c79d@localhost,SuspiciousTitForTat,D,1,1,1847,1847
456,player_960310d1-0c0f-4b13-ae39-7e87e9bc7c0b@localhost,Random,D,player_d6cd9759-3c26-4486-8753-b95fb871c79d@localhost,SuspiciousTitForTat,D,1,1,1848,1848
457,player_960310d1-0c0f-4b13-ae39-7e87e9bc7c0b@localhost,Random,D,player_d6cd9759-3c26-4486-8753-b95fb871c79d@localhost,SuspiciousTitForTat,D,1,1,1849,1849
458,player_960310d1-0c0f-4b13-ae39-7e87e9bc7c0b@localhost,Random,C,player_d6cd9759-3c26-4486-8753-b95fb871c79d@localhost,SuspiciousTitForTat,D,0,10,1849,1859
459,player_960310d1-0c0f-4b13-ae39-7e87e9bc7c0b@localhost,Random,D,player_d6cd9759-3c26-4486-8753-b95fb871c79d@localhost,SuspiciousTitForTat,C,10,0,1859,1859
460,player_960310d1-0c0f-4b13-ae39-7e87e9bc7c0b@localhost,Random,C,player_d6cd9759-3c26-4486-8753-b95fb871c79d@localhost,SuspiciousTitForTat,D,0,10,1859,1869
461,player_960310d1-0c0f-4b13-ae39-7e87e9bc7c0b@localhost,Random,C,player_d6cd9759-3c26-4486-8753-b95fb871c79d@localhost,SuspiciousTitForTat,C,5,5,1864,1874
462,player_960310d1-0c0f-4b13-ae39-7e87e9bc7c0b@localhost,Random,D,player_d6cd9759-3c26-4486-8753-b95fb871c79d@localhost,SuspiciousTitForTat,C,10,0,1874,1874
463,player_960310d1-0c0f-4b13-ae39-7e87e9bc7c0b@localhost,Random,D,player_d6cd9759-3c26-4486-8753-b95fb871c79d@localhost,SuspiciousTitForTat,D,1,1,1875,1875
464,player_960310d1-0c0f-4b13-ae39-7e87e9bc7c0b@localhost,Random,C,player_d6cd9759-3c26-4486-8753-b95fb871c79d@localhost,SuspiciousTitForTat,D,0,10,1875,1885
465,player_960310d1-0c0f-4b13-ae39-7e87e9bc7c0b@localhost,Random,D,player_d6cd9759-3c26-4486-8753-b95fb871c79d@localhost,SuspiciousTitForTat,C,10,0,1885,1885
466,player_960310d1-0c0f-4b13-ae39-7e87e9bc7c0b@localhost,Random,D,player_d6cd9759-3c26-4486-8753-b95fb871c79d@localhost,SuspiciousTitForTat,D,1,1,1886,1886
467,player_960310d1-0c0f-4b13-ae39-7e87e9bc7c0b@localhost,Random,C,player_d6cd9759-3c26-4486-8753-b95fb871c79d@localhost,SuspiciousTitForTat,D,0,10,1886,1896
468,player_960310d1-0c0f-4b13-ae39-7e87e9bc7c0b@localhost,Random,C,player_d6cd9759-3c26-4486-8753-b95fb871c79d@localhost,SuspiciousTitForTat,C,5,5,1891,1901
469,player_960310d1-0c0f-4b13-ae39-7e87e9bc7c0b@localhost,Random,D,player_d6cd9759-3c26-4486-8753-b95fb871c79d@localhost,SuspiciousTitForTat,C,10,0,1901,1901
470,player_960310d1-0c0f-4b13-ae39-7e87e9bc7c0b@localhost,Random,D,player_d6cd9759-3c26-4486-8753-b95fb871c79d@localhost,SuspiciousTitForTat,D,1,1,1902,1902
471,player_960310d1-0c0f-4b13-ae39-7e87e9bc7c0b@localhost,Random,D,player_d6cd9759-3c26-4486-8753-b95fb871c79d@localhost,SuspiciousTitForTat,D,1,1,1903,1903
472,player_960310d1-0c0f-4b13-ae39-7e87e9bc7c0b@localhost,Random,C,player_d6cd9759-3c26-4486-8753-b95fb871c79d@localhost,SuspiciousTitForTat,D,0,10,1903,1913
473,player_960310d1-0c0f-4b13-ae39-7e87e9bc7c0b@localhost,Random,C,player_d6cd9759-3c26-4486-8753-b95fb871c79d@localhost,SuspiciousTitForTat,C,5,5,1908,1918
474,player_960310d1-0c0f-4b13-ae39-7e87e9bc7c0b@localhost,Random,D,player_d6cd9759-3c26-4486-8753-b95fb871c79d@localhost,SuspiciousTitForTat,C,10,0,1918,1918
475,player_960310d1-0c0f-4b13-ae39-7e87e9bc7c0b@localhost,Random,D,player_d6cd9759-3c26-4486-8753-b95fb871c79d@localhost,SuspiciousTitForTat,D,1,1,1919,1919
476,player_960310d1-0c0f-4b13-ae39-7e87e9bc7c0b@localhost,Random,D,player_d6cd9759-3c26-4486-8753-b95fb871c79d@localhost,SuspiciousTitForTat,D,1,1,1920,1920
477,player_960310d1-0c0f-4b13-ae39-7e87e9bc7c0b@localhost,Random,D,player_d6cd9759-3c26-4486-8753-b95fb871c79d@localhost,SuspiciousTitForTat,D,1,1,1921,1921
478,player_960310d1-0c0f-4b13-ae39-7e87e9bc7c0b@localhost,Random,C,player_d6cd9759-3c26-4486-8753-b95fb871c79d@localhost,SuspiciousTitForTat,D,0,10,1921,1931
479,player_960310d1-0c0f-4b13-ae39-7e87e9bc7c0b@localhost,Random,C,player_d6cd9759-3c26-4486-8753-b95fb871c79d@localhost,SuspiciousTitForTat,C,5,5,1926,1936
480,player_960310d1-0c0f-4b13-ae39-7e87e9bc7c0b@localhost,Random,D,player_d6cd9759-3c26-4486-8753-b95fb871c79d@localhost,SuspiciousTitForTat,C,10,0,1936,1936
481,player_960310d1-0c0f-4b13-ae39-7e87e9bc7c0b@localhost,Random,D,player_d6cd9759-3c26-4486-8753-b95fb871c79d@localhost,SuspiciousTitForTat,D,1,1,1937,1937
482,player_960310d1-0c0f-4b13-ae39-7e87e9bc7c0b@localhost,Random,D,player_d6cd9759-3c26-4486-8753-b95fb871c79d@localhost,SuspiciousTitForTat,D,1,1,1938,1938
483,player_960310d1-0c0f-4b13-ae39-7e87e9bc7c0b@localhost,Random,C,player_d6cd9759-3c26-4486-8753-b95fb871c79d@localhost,SuspiciousTitForTat,D,0,10,1938,1948
484,player_960310d1-0c0f-4b13-ae39-7e87e9bc7c0b@localhost,Random,D,player_d6cd9759-3c26-4486-8753-b95fb871c79d@localhost,SuspiciousTitForTat,C,10,0,1948,1948
485,player_960310d1-0c0f-4b13-ae39-7e87e9bc7c0b@localhost,Random,D,player_d6cd9759-3c26-4486-8753-b95fb871c79d@localhost,SuspiciousTitForTat,D,1,1,1949,1949
486,player_960310d1-0c0f-4b13-ae39-7e87e9bc7c0b@localhost,Random,D,player_d6cd9759-3c26-4486-8753-b95fb871c79d@localhost,SuspiciousTitForTat,D,1,1,1950,1950
487,player_960310d1-0c0f-4b13-ae39-7e87e9bc7c0b@localhost,Random,D,player_d6cd9759-3c26-4486-8753-b95fb871c79d@localhost,SuspiciousTitForTat,D,1,1,1951,1951
488,player_960310d1-0c0f-4b13-ae39-7e87e9bc7c0b@localhost,Random,D,player_d6cd9759-3c26-4486-8753-b95fb871c79d@localhost,SuspiciousTitForTat,D,1,1,1952,1952
489,player_960310d1-0c0f-4b13-ae39-7e87e9bc7c0b@localhost,Random,D,player_d6cd9759-3c26-4486-8753-b95fb871c79d@localhost,SuspiciousTitForTat,D,1,1,1953,1953
490,player_960310d1-0c0f-4b13-ae39-7e87e9bc7c0b@localhost,Random,C,player_d6cd9759-3c26-4486-8753-b95fb871c79d@localhost,SuspiciousTitForTat,D,0,10,1953,1963
491,player_960310d1-0c0f-4b13-ae39-7e87e9bc7c0b@localhost,Random,C,player_d6cd9759-3c26-4486-8753-b95fb871c79d@localhost,SuspiciousTitForTat,C,5,5,1958,1968
492,player_960310d1-0c0f-4b13-ae39-7e87e9bc7c0b@localhost,Random,D,player_d6cd9759-3c26-4486-8753-b95fb871c79d@localhost,SuspiciousTitForTat,C,10,0,1968,1968
493,player_960310d1-0c0f-4b13-ae39-7e87e9bc7c0b@localhost,Random,D,player_d6cd9759-3c26-4486-8753-b95fb871c79d@localhost,SuspiciousTitForTat,D,1,1,1969,1969
494,player_960310d1-0c0f-4b13-ae39-7e87e9bc7c0b@localhost,Random,D,player_d6cd9759-3c26-4486-8753-b95fb871c79d@localhost,SuspiciousTitForTat,D,1,1,1970,1970
495,player_960310d1-0c0f-4b13-ae39-7e87e9bc7c0b@localhost,Random,D,player_d6cd9759-3c26-4486-8753-b95fb871c79d@localhost,SuspiciousTitForTat,D,1,1,1971,1971
496,player_960310d1-0c0f-4b13-ae39-7e87e9bc7c0b@localhost,Random,C,player_d6cd9759-3c26-4486-8753-b95fb871c79d@localhost,SuspiciousTitForTat,D,0,10,1971,1981
497,player_960310d1-0c0f-4b13-ae39-7e87e9bc7c0b@localhost,Random,C,player_d6cd9759-3c26-4486-8753-b95fb871c79d@localhost,SuspiciousTitForTat,C,5,5,1976,1986
498,player_960310d1-0c0f-4b13-ae39-7e87e9bc7c0b@localhost,Random,C,player_d6cd9759-3c26-4486-8753-b95fb871c79d@localhost,SuspiciousTitForTat,C,5,5,1981,1991
499,player_960310d1-0c0f-4b13-ae39-7e87e9bc7c0b@localhost,Random,C,player_d6cd9759-3c26-4486-8753-b95fb871c79d@localhost,SuspiciousTitForTat,C,5,5,1986,1996
500,player_960310d1-0c0f-4b13-ae39-7e87e9bc7c0b@localhost,Random,C,player_d6cd9759-3c26-4486-8753-b95fb871c79d@localhost,SuspiciousTitForTat,C,5,5,1991,2001
501,player_960310d1-0c0f-4b13-ae39-7e87e9bc7c0b@localhost,Random,C,player_d6cd9759-3c26-4486-8753-b95fb871c79d@localhost,SuspiciousTitForTat,C,5,5,1996,2006
502,player_960310d1-0c0f-4b13-ae39-7e87e9bc7c0b@localhost,Random,C,player_d6cd9759-3c26-4486-8753-b95fb871c79d@localhost,SuspiciousTitForTat,C,5,5,2001,2011
503,player_960310d1-0c0f-4b13-ae39-7e87e9bc7c0b@localhost,Random,C,player_d6cd9759-3c26-4486-8753-b95fb871c79d@localhost,SuspiciousTitForTat,C,5,5,2006,2016
504,player_960310d1-0c0f-4b13-ae39-7e87e9bc7c0b@localhost,Random,C,player_d6cd9759-3c26-4486-8753-b95fb871c79d@localhost,SuspiciousTitForTat,C,5,5,2011,2021
505,player_960310d1-0c0f-4b13-ae39-7e87e9bc7c0b@localhost,Random,D,player_d6cd9759-3c26-4486-8753-b95fb871c79d@localhost,SuspiciousTitForTat,C,10,0,2021,2021
506,player_960310d1-0c0f-4b13-ae39-7e87e9bc7c0b@localhost,Random,D,player_d6cd9759-3c26-4486-8753-b95fb871c79d@localhost,SuspiciousTitForTat,D,1,1,2022,2022
507,player_960310d1-0c0f-4b13-ae39-7e87e9bc7c0b@localhost,Random,D,player_d6cd9759-3c26-4486-8753-b95fb871c79d@localhost,SuspiciousTitForTat,D,1,1,2023,2023
508,player_960310d1-0c0f-4b13-ae39-7e87e9bc7c0b@localhost,Random,D,player_d6cd9759-3c26-4486-8753-b95fb871c79d@localhost,SuspiciousTitForTat,D,1,1,2024,2024
509,player_960310d1-0c0f-4b13-ae39-7e87e9bc7c0b@localhost,Random,D,player_d6cd9759-3c26-4486-8753-b95fb871c79d@localhost,SuspiciousTitForTat,D,1,1,2025,2025
510,player_960310d1-0c0f-4b13-ae39-7e87e9bc7c0b@localhost,Random,C,player_d6cd9759-3c26-4486-8753-b95fb871c79d@localhost,SuspiciousTitForTat,D,0,10,2025,2035
511,player_960310d1-0c0f-4b13-ae39-7e87e9bc7c0b@localhost,Random,C,player_d6cd9759-3c26-4486-8753-b95fb871c79d@localhost,SuspiciousTitForTat,C,5,5,2030,2040
512,player_960310d1-0c0f-4b13-ae39-7e87e9bc7c0b@localhost,Random,C,player_d6cd9759-3c26-4486-8753-b95fb871c79d@localhost,SuspiciousTitForTat,C,5,5,2035,2045
513,player_960310d1-0c0f-4b13-ae39-7e87e9bc7c0b@localhost,Random,D,player_d6cd9759-3c26-4486-8753-b95fb871c79d@localhost,SuspiciousTitForTat,C,10,0,2045,2045
514,player_960310d1-0c0f-4b13-ae39-7e87e9bc7c0b@localhost,Random,C,player_d6cd9759-3c26-4486-8753-b95fb871c79d@localhost,SuspiciousTitForTat,D,0,10,2045,2055
515,player_960310d1-0c0f-4b13-ae39-7e87e9bc7c0b@localhost,Random,C,player_d6cd9759-3c26-4486-8753-b95fb871c79d@localhost,SuspiciousTitForTat,C,5,5,2050,2060
516,player_960310d1-0c0f-4b13-ae39-7e87e9bc7c0b@localhost,Random,D,player_d6cd9759-3c26-4486-8753-b95fb871c79d@localhost,SuspiciousTitForTat,C,10,0,2060,2060
517,player_960310d1-0c0f-4b13-ae39-7e87e9bc7c0b@localhost,Random,D,player_d6cd9759-3c26-4486-8753-b95fb871c79d@localhost,SuspiciousTitForTat,D,1,1,2061,2061
518,player_960310d1-0c0f-4b13-ae39-7e87e9bc7c0b@localhost,Random,D,player_d6cd9759-3c26-4486-8753-b95fb871c79d@localhost,SuspiciousTitForTat,D,1,1,2062,2062
519,player_960310d1-0c0f-4b13-ae39-7e87e9bc7c0b@localhost,Random,D,player_d6cd9759-3c26-4486-8753-b95fb871c79d@localhost,SuspiciousTitForTat,D,1,1,2063,2063
520,player_960310d1-0c0f-4b13-ae39-7e87e9bc7c0b@localhost,Random,C,player_d6cd9759-3c26-4486-8753-b95fb871c79d@localhost,SuspiciousTitForTat,D,0,10,2063,2073
521,player_960310d1-0c0f-4b13-ae39-7e87e9bc7c0b@localhost,Random,D,player_d6cd9759-3c26-4486-8753-b95fb871c79d@localhost,SuspiciousTitForTat,C,10,0,2073,2073
522,player_960310d1-0c0f-4b13-ae39-7e87e9bc7c0b@localhost,Random,D,player_d6cd9759-3c26-4486-8753-b95fb871c79d@localhost,SuspiciousTitForTat,D,1,1,2074,2074
523,player_960310d1-0c0f-4b13-ae39-7e87e9bc7c0b@localhost,Random,D,player_d6cd9759-3c26-4486-8753-b95fb871c79d@localhost,SuspiciousTitForTat,D,1,1,2075,2075
524,player_960310d1-0c0f-4b13-ae39-7e87e9bc7c0b@localhost,Random,D,player_d6cd9759-3c26-4486-8753-b95fb871c79d@localhost,SuspiciousTitForTat,D,1,1,2076,2076
525,player_960310d1-0c0f-4b13-ae39-7e87e9bc7c0b@localhost,Random,C,player_d6cd9759-3c26-4486-8753-b95fb871c79d@localhost,SuspiciousTitForTat,D,0,10,2076,2086
526,player_960310d1-0c0f-4b13-ae39-7e87e9bc7c0b@localhost,Random,D,player_d6cd9759-3c26-4486-8753-b95fb871c79d@localhost,SuspiciousTitForTat,C,10,0,2086,2086
527,player_960310d1-0c0f-4b13-ae39-7e87e9bc7c0b@localhost,Random,D,player_d6cd9759-3c26-4486-8753-b95fb871c79d@localhost,SuspiciousTitForTat,D,1,1,2087,2087
528,player_960310d1-0c0f-4b13-ae39-7e87e9bc7c0b@localhost,Random,D,player_d6cd9759-3c26-4486-8753-b95fb871c79d@localhost,SuspiciousTitForTat,D,1,1,2088,2088
529,player_960310d1-0c0f-4b13-ae39-7e87e9bc7c0b@localhost,Random,D,player_d6cd9759-3c26-4486-8753-b95fb871c79d@localhost,SuspiciousTitForTat,D,1,1,2089,2089
530,player_960310d1-0c0f-4b13-ae39-7e87e9bc7c0b@localhost,Random,D,player_d6cd9759-3c26-4486-8753-b95fb871c79d@localhost,SuspiciousTitForTat,D,1,1,2090,2090
531,player_960310d1-0c0f-4b13-ae39-7e87e9bc7c0b@localhost,Random,C,player_d6cd9759-3c26-4486-8753-b95fb871c79d@localhost,SuspiciousTitForTat,D,0,10,2090,2100
532,player_960310d1-0c0f-4b13-ae39-7e87e9bc7c0b@localhost,Random,D,player_d6cd9759-3c26-4486-8753-b95fb871c79d@localhost,SuspiciousTitForTat,C,10,0,2100,2100
533,player_960310d1-0c0f-4b13-ae39-7e87e9bc7c0b@localhost,Random,D,player_d6cd9759-3c26-4486-8753-b95fb871c79d@localhost,SuspiciousTitForTat,D,1,1,2101,2101
534,player_960310d1-0c0f-4b13-ae39-7e87e9bc7c0b@localhost,Random,C,player_d6cd9759-3c26-4486-8753-b95fb871c79d@localhost,SuspiciousTitForTat,D,0,10,2101,2111
535,player_960310d1-0c0f-4b13-ae39-7e87e9bc7c0b@localhost,Random,C,player_d6cd9759-3c26-4486-8753-b95fb871c79d@localhost,SuspiciousTitForTat,C,5,5,2106,2116
536,player_960310d1-0c0f-4b13-ae39-7e87e9bc7c0b@localhost,Random,D,player_d6cd9759-3c26-4486-8753-b95fb871c79d@localhost,SuspiciousTitForTat,C,10,0,2116,2116
537,player_960310d1-0c0f-4b13-ae39-7e87e9bc7c0b@localhost,Random,C,player_d6cd9759-3c26-4486-8753-b95fb871c79d@localhost,SuspiciousTitForTat,D,0,10,2116,2126
538,player_960310d1-0c0f-4b13-ae39-7e87e9bc7c0b@localhost,Random,C,player_d6cd9759-3c26-4486-8753-b95fb871c79d@localhost,SuspiciousTitForTat,C,5,5,2121,2131
539,player_960310d1-0c0f-4b13-ae39-7e87e9bc7c0b@localhost,Random,D,player_d6cd9759-3c26-4486-8753-b95fb871c79d@localhost,SuspiciousTitForTat,C,10,0,2131,2131
540,player_960310d1-0c0f-4b13-ae39-7e87e9bc7c0b@localhost,Random,D,player_d6cd9759-3c26-4486-8753-b95fb871c79d@localhost,SuspiciousTitForTat,D,1,1,2132,2132
541,player_960310d1-0c0f-4b13-ae39-7e87e9bc7c0b@localhost,Random,C,player_d6cd9759-3c26-4486-8753-b95fb871c79d@localhost,SuspiciousTitForTat,D,0,10,2132,2142
542,player_960310d1-0c0f-4b13-ae39-7e87e9bc7c0b@localhost,Random,D,player_d6cd9759-3c26-4486-8753-b95fb871c79d@localhost,SuspiciousTitForTat,C,10,0,2142,2142
543,player_960310d1-0c0f-4b13-ae39-7e87e9bc7c0b@localhost,Random,C,player_d6cd9759-3c26-4486-8753-b95fb871c79d@localhost,SuspiciousTitForTat,D,0,10,2142,2152
544,player_960310d1-0c0f-4b13-ae39-7e87e9bc7c0b@localhost,Random,D,player_d6cd9759-3c26-4486-8753-b95fb871c79d@localhost,SuspiciousTitForTat,C,10,0,2152,2152
545,player_960310d1-0c0f-4b13-ae39-7e87e9bc7c0b@localhost,Random,C,player_d6cd9759-3c26-4486-8753-b95fb871c79d@localhost,SuspiciousTitForTat,D,0,10,2152,2162
546,player_960310d1-0c0f-4b13-ae39-7e87e9bc7c0b@localhost,Random,D,player_d6cd9759-3c26-4486-8753-b95fb871c79d@localhost,SuspiciousTitForTat,C,10,0,2162,2162
547,player_960310d1-0c0f-4b13-ae39-7e87e9bc7c0b@localhost,Random,D,player_d6cd9759-3c26-4486-8753-b95fb871c79d@localhost,SuspiciousTitForTat,D,1,1,2163,2163
548,player_960310d1-0c0f-4b13-ae39-7e87e9bc7c0b@localhost,Random,C,player_d6cd9759-3c26-4486-8753-b95fb871c79d@localhost,SuspiciousTitForTat,D,0,10,2163,2173
549,player_960310d1-0c0f-4b13-ae39-7e87e9bc7c0b@localhost,Random,D,player_d6cd9759-3c26-4486-8753-b95fb871c79d@localhost,SuspiciousTitForTat,C,10,0,2173,2173
550,player_960310d1-0c0f-4b13-ae39-7e87e9bc7c0b@localhost,Random,C,player_d6cd9759-3c26-4486-8753-b95fb871c79d@localhost,SuspiciousTitForTat,D,0,10,2173,2183
551,player_960310d1-0c0f-4b13-ae39-7e87e9bc7c0b@localhost,Random,D,player_d6cd9759-3c26-4486-8753-b95fb871c79d@localhost,SuspiciousTitForTat,C,10,0,2183,2183
552,player_960310d1-0c0f-4b13-ae39-7e87e9bc7c0b@localhost,Random,C,player_d6cd9759-3c26-4486-8753-b95fb871c79d@localhost,SuspiciousTitForTat,D,0,10,2183,2193
553,player_960310d1-0c0f-4b13-ae39-7e87e9bc7c0b@localhost,Random,C,player_d6cd9759-3c26-4486-8753-b95fb871c79d@localhost,SuspiciousTitForTat,C,5,5,2188,2198
554,player_960310d1-0c0f-4b13-ae39-7e87e9bc7c0b@localhost,Random,D,player_d6cd9759-3c26-4486-8753-b95fb871c79d@localhost,SuspiciousTitForTat,C,10,0,2198,2198
555,player_960310d1-0c0f-4b13-ae39-7e87e9bc7c0b@localhost,Random,D,player_d6cd9759-3c26-4486-8753-b95fb871c79d@localhost,SuspiciousTitForTat,D,1,1,2199,2199
556,player_960310d1-0c0f-4b13-ae39-7e87e9bc7c0b@localhost,Random,D,player_d6cd9759-3c26-4486-8753-b95fb871c79d@localhost,SuspiciousTitForTat,D,1,1,2200,2200
557,player_960310d1-0c0f-4b13-ae39-7e87e9bc7c0b@localhost,Random,D,player_d6cd9759-3c26-4486-8753-b95fb871c79d@localhost,SuspiciousTitForTat,D,1,1,2201,2201
558,player_960310d1-0c0f-4b13-ae39-7e87e9bc7c0b@localhost,Random,D,player_d6cd9759-3c26-4486-8753-b95fb871c79d@localhost,SuspiciousTitForTat,D,1,1,2202,2202
559,player_960310d1-0c0f-4b13-ae39-7e87e9bc7c0b@localhost,Random,D,player_d6cd9759-3c26-4486-8753-b95fb871c79d@localhost,SuspiciousTitForTat,D,1,1,2203,2203
560,player_960310d1-0c0f-4b13-ae39-7e87e9bc7c0b@localhost,Random,D,player_d6cd9759-3c26-4486-8753-b95fb871c79d@localhost,SuspiciousTitForTat,D,1,1,2204,2204
561,player_960310d1-0c0f-4b13-ae39-7e87e9bc7c0b@localhost,Random,D,player_d6cd9759-3c26-4486-8753-b95fb871c79d@localhost,SuspiciousTitForTat,D,1,1,2205,2205
562,player_960310d1-0c0f-4b13-ae39-7e87e9bc7c0b@localhost,Random,D,player_d6cd9759-3c26-4486-8753-b95fb871c79d@localhost,SuspiciousTitForTat,D,1,1,2206,2206
563,player_960310d1-0c0f-4b13-ae39-7e87e9bc7c0b@localhost,Random,D,player_d6cd9759-3c26-4486-8753-b95fb871c79d@localhost,SuspiciousTitForTat,D,1,1,2207,2207
564,player_960310d1-0c0f-4b13-ae39-7e87e9bc7c0b@localhost,Random,C,player_d6cd9759-3c26-4486-8753-b95fb871c79d@localhost,SuspiciousTitForTat,D,0,10,2207,2217
565,player_960310d1-0c0f-4b13-ae39-7e87e9bc7c0b@localhost,Random,D,player_d6cd9759-3c26-4486-8753-b95fb871c79d@localhost,SuspiciousTitForTat,C,10,0,2217,2217
566,player_960310d1-0c0f-4b13-ae39-7e87e9bc7c0b@localhost,Random,C,player_d6cd9759-3c26-4486-8753-b95fb871c79d@localhost,SuspiciousTitForTat,D,0,10,2217,2227
567,player_960310d1-0c0f-4b13-ae39-7e87e9bc7c0b@localhost,Random,C,player_d6cd9759-3c26-4486-8753-b95fb871c79d@localhost,SuspiciousTitForTat,C,5,5,2222,2232
568,player_960310d1-0c0f-4b13-ae39-7e87e9bc7c0b@localhost,Random,C,player_d6cd9759-3c26-4486-8753-b95fb871c79d@localhost,SuspiciousTitForTat,C,5,5,2227,2237
569,player_960310d1-0c0f-4b13-ae39-7e87e9bc7c0b@localhost,Random,D,player_d6cd9759-3c26-4486-8753-b95fb871c79d@localhost,SuspiciousTitForTat,C,10,0,2237,2237
570,player_960310d1-0c0f-4b13-ae39-7e87e9bc7c0b@localhost,Random,D,player_d6cd9759-3c26-4486-8753-b95fb871c79d@localhost,SuspiciousTitForTat,D,1,1,2238,2238
571,player_960310d1-0c0f-4b13-ae39-7e87e9bc7c0b@localhost,Random,D,player_d6cd9759-3c26-4486-8753-b95fb871c79d@localhost,SuspiciousTitForTat,D,1,1,2239,2239
572,player_960310d1-0c0f-4b13-ae39-7e87e9bc7c0b@localhost,Random,D,player_d6cd9759-3c26-4486-8753-b95fb871c79d@localhost,SuspiciousTitForTat,D,1,1,2240,2240
573,player_960310d1-0c0f-4b13-ae39-7e87e9bc7c0b@localhost,Random,D,player_d6cd9759-3c26-4486-8753-b95fb871c79d@localhost,SuspiciousTitForTat,D,1,1,2241,2241
574,player_960310d1-0c0f-4b13-ae39-7e87e9bc7c0b@localhost,Random,D,player_d6cd9759-3c26-4486-8753-b95fb871c79d@localhost,SuspiciousTitForTat,D,1,1,2242,2242
575,player_960310d1-0c0f-4b13-ae39-7e87e9bc7c0b@localhost,Random,C,player_d6cd9759-3c26-4486-8753-b95fb871c79d@localhost,SuspiciousTitForTat,D,0,10,2242,2252
576,player_960310d1-0c0f-4b13-ae39-7e87e9bc7c0b@localhost,Random,D,player_d6cd9759-3c26-4486-8753-b95fb871c79d@localhost,SuspiciousTitForTat,C,10,0,2252,2252
577,player_960310d1-0c0f-4b13-ae39-7e87e9bc7c0b@localhost,Random,C,player_d6cd9759-3c26-4486-8753-b95fb871c79d@localhost,SuspiciousTitForTat,D,0,10,2252,2262
578,player_960310d1-0c0f-4b13-ae39-7e87e9bc7c0b@localhost,Random,C,player_d6cd9759-3c26-4486-8753-b95fb871c79d@localhost,SuspiciousTitForTat,C,5,5,2257,2267
579,player_960310d1-0c0f-4b13-ae39-7e87e9bc7c0b@localhost,Random,C,player_d6cd9759-3c26-4486-8753-b95fb871c79d@localhost,SuspiciousTitForTat,C,5,5,2262,2272
580,player_960310d1-0c0f-4b13-ae39-7e87e9bc7c0b@localhost,Random,C,player_d6cd9759-3c26-4486-8753-b95fb871c79d@localhost,SuspiciousTitForTat,C,5,5,2267,2277
581,player_960310d1-0c0f-4b13-ae39-7e87e9bc7c0b@localhost,Random,D,player_d6cd9759-3c26-4486-8753-b95fb871c79d@localhost,SuspiciousTitForTat,C,10,0,2277,2277
582,player_960310d1-0c0f-4b13-ae39-7e87e9bc7c0b@localhost,Random,D,player_d6cd9759-3c26-4486-8753-b95fb871c79d@localhost,SuspiciousTitForTat,D,1,1,2278,2278
583,player_960310d1-0c0f-4b13-ae39-7e87e9bc7c0b@localhost,Random,D,player_d6cd9759-3c26-4486-8753-b95fb871c79d@localhost,SuspiciousTitForTat,D,1,1,2279,2279
584,player_960310d1-0c0f-4b13-ae39-7e87e9bc7c0b@localhost,Random,C,player_d6cd9759-3c26-4486-8753-b95fb871c79d@localhost,SuspiciousTitForTat,D,0,10,2279,2289
585,player_960310d1-0c0f-4b13-ae39-7e87e9bc7c0b@localhost,Random,C,player_d6cd9759-3c26-4486-8753-b95fb871c79d@localhost,SuspiciousTitForTat,C,5,5,2284,2294
586,player_960310d1-0c0f-4b13-ae39-7e87e9bc7c0b@localhost,Random,C,player_d6cd9759-3c26-4486-8753-b95fb871c79d@localhost,SuspiciousTitForTat,C,5,5,2289,2299
587,player_960310d1-0c0f-4b13-ae39-7e87e9bc7c0b@localhost,Random,C,player_d6cd9759-3c26-4486-8753-b95fb871c79d@localhost,SuspiciousTitForTat,C,5,5,2294,2304
588,player_960310d1-0c0f-4b13-ae39-7e87e9bc7c0b@localhost,Random,D,player_d6cd9759-3c26-4486-8753-b95fb871c79d@localhost,SuspiciousTitForTat,C,10,0,2304,2304
589,player_960310d1-0c0f-4b13-ae39-7e87e9bc7c0b@localhost,Random,D,player_d6cd9759-3c26-4486-8753-b95fb871c79d@localhost,SuspiciousTitForTat,D,1,1,2305,2305
590,player_960310d1-0c0f-4b13-ae39-7e87e9bc7c0b@localhost,Random,D,player_d6cd9759-3c26-4486-8753-b95fb871c79d@localhost,SuspiciousTitForTat,D,1,1,2306,2306
591,player_960310d1-0c0f-4b13-ae39-7e87e9bc7c0b@localhost,Random,C,player_d6cd9759-3c26-4486-8753-b95fb871c79d@localhost,SuspiciousTitForTat,D,0,10,2306,2316
592,player_960310d1-0c0f-4b13-ae39-7e87e9bc7c0b@localhost,Random,C,player_d6cd9759-3c26-4486-8753-b95fb871c79d@localhost,SuspiciousTitForTat,C,5,5,2311,2321
593,player_960310d1-0c0f-4b13-ae39-7e87e9bc7c0b@localhost,Random,D,player_d6cd9759-3c26-4486-8753-b95fb871c79d@localhost,SuspiciousTitForTat,C,10,0,2321,2321
594,player_960310d1-0c0f-4b13-ae39-7e87e9bc7c0b@localhost,Random,C,player_d6cd9759-3c26-4486-8753-b95fb871c79d@localhost,SuspiciousTitForTat,D,0,10,2321,2331
595,player_960310d1-0c0f-4b13-ae39-7e87e9bc7c0b@localhost,Random,C,player_d6cd9759-3c26-4486-8753-b95fb871c79d@localhost,SuspiciousTitForTat,C,5,5,2326,2336
596,player_960310d1-0c0f-4b13-ae39-7e87e9bc7c0b@localhost,Random,D,player_d6cd9759-3c26-4486-8753-b95fb871c79d@localhost,SuspiciousTitForTat,C,10,0,2336,2336
597,player_960310d1-0c0f-4b13-ae39-7e87e9bc7c0b@localhost,Random,C,player_d6cd9759-3c26-4486-8753-b95fb871c79d@localhost,SuspiciousTitForTat,D,0,10,2336,2346
598,player_960310d1-0c0f-4b13-ae39-7e87e9bc7c0b@localhost,Random,C,player_d6cd9759-3c26-4486-8753-b95fb871c79d@localhost,SuspiciousTitForTat,C,5,5,2341,2351
599,player_960310d1-0c0f-4b13-ae39-7e87e9bc7c0b@localhost,Random,C,player_d6cd9759-3c26-4486-8753-b95fb871c79d@localhost,SuspiciousTitForTat,C,5,5,2346,2356
600,player_960310d1-0c0f-4b13-ae39-7e87e9bc7c0b@localhost,Random,D,player_d6cd9759-3c26-4486-8753-b95fb871c79d@localhost,SuspiciousTitForTat,C,10,0,2356,2356
601,player_960310d1-0c0f-4b13-ae39-7e87e9bc7c0b@localhost,Random,C,player_d6cd9759-3c26-4486-8753-b95fb871c79d@localhost,SuspiciousTitForTat,D,0,10,2356,2366
602,player_960310d1-0c0f-4b13-ae39-7e87e9bc7c0b@localhost,Random,D,player_d6cd9759-3c26-4486-8753-b95fb871c79d@localhost,SuspiciousTitForTat,C,10,0,2366,2366
603,player_960310d1-0c0f-4b13-ae39-7e87e9bc7c0b@localhost,Random,C,player_d6cd9759-3c26-4486-8753-b95fb871c79d@localhost,SuspiciousTitForTat,D,0,10,2366,2376
604,player_960310d1-0c0f-4b13-ae39-7e87e9bc7c0b@localhost,Random,D,player_d6cd9759-3c26-4486-8753-b95fb871c79d@localhost,SuspiciousTitForTat,C,10,0,2376,2376
605,player_960310d1-0c0f-4b13-ae39-7e87e9bc7c0b@localhost,Random,D,player_d6cd9759-3c26-4486-8753-b95fb871c79d@localhost,SuspiciousTitForTat,D,1,1,2377,2377
606,player_960310d1-0c0f-4b13-ae39-7e87e9bc7c0b@localhost,Random,C,player_d6cd9759-3c26-4486-8753-b95fb871c79d@localhost,SuspiciousTitForTat,D,0,10,2377,2387
607,player_960310d1-0c0f-4b13-ae39-7e87e9bc7c0b@localhost,Random,C,player_d6cd9759-3c26-4486-8753-b95fb871c79d@localhost,SuspiciousTitForTat,C,5,5,2382,2392
608,player_960310d1-0c0f-4b13-ae39-7e87e9bc7c0b@localhost,Random,D,player_d6cd9759-3c26-4486-8753-b95fb871c79d@localhost,SuspiciousTitForTat,C,10,0,2392,2392
609,player_960310d1-0c0f-4b13-ae39-7e87e9bc7c0b@localhost,Random,C,player_d6cd9759-3c26-4486-8753-b95fb871c79d@localhost,SuspiciousTitForTat,D,0,10,2392,2402
610,player_960310d1-0c0f-4b13-ae39-7e87e9bc7c0b@localhost,Random,D,player_d6cd9759-3c26-4486-8753-b95fb871c79d@localhost,SuspiciousTitForTat,C,10,0,2402,2402
611,player_960310d1-0c0f-4b13-ae39-7e87e9bc7c0b@localhost,Random,C,player_d6cd9759-3c26-4486-8753-b95fb871c79d@localhost,SuspiciousTitForTat,D,0,10,2402,2412
612,player_960310d1-0c0f-4b13-ae39-7e87e9bc7c0b@localhost,Random,D,player_d6cd9759-3c26-4486-8753-b95fb871c79d@localhost,SuspiciousTitForTat,C,10,0,2412,2412
613,player_960310d1-0c0f-4b13-ae39-7e87e9bc7c0b@localhost,Random,D,player_d6cd9759-3c26-4486-8753-b95fb871c79d@localhost,SuspiciousTitForTat,D,1,1,2413,2413
614,player_960310d1-0c0f-4b13-ae39-7e87e9bc7c0b@localhost,Random,D,player_d6cd9759-3c26-4486-8753-b95fb871c79d@localhost,SuspiciousTitForTat,D,1,1,2414,2414
615,player_960310d1-0c0f-4b13-ae39-7e87e9bc7c0b@localhost,Random,D,player_d6cd9759-3c26-4486-8753-b95fb871c79d@localhost,SuspiciousTitForTat,D,1,1,2415,2415
616,player_960310d1-0c0f-4b13-ae39-7e87e9bc7c0b@localhost,Random,D,player_d6cd9759-3c26-4486-8753-b95fb871c79d@localhost,SuspiciousTitForTat,D,1,1,2416,2416
617,player_960310d1-0c0f-4b13-ae39-7e87e9bc7c0b@localhost,Random,C,player_d6cd9759-3c26-4486-8753-b95fb871c79d@localhost,SuspiciousTitForTat,D,0,10,2416,2426
618,player_960310d1-0c0f-4b13-ae39-7e87e9bc7c0b@localhost,Random,D,player_d6cd9759-3c26-4486-8753-b95fb871c79d@localhost,SuspiciousTitForTat,C,10,0,2426,2426
619,player_960310d1-0c0f-4b13-ae39-7e87e9bc7c0b@localhost,Random,D,player_d6cd9759-3c26-4486-8753-b95fb871c79d@localhost,SuspiciousTitForTat,D,1,1,2427,2427
620,player_960310d1-0c0f-4b13-ae39-7e87e9bc7c0b@localhost,Random,C,player_d6cd9759-3c26-4486-8753-b95fb871c79d@localhost,SuspiciousTitForTat,D,0,10,2427,2437
621,player_960310d1-0c0f-4b13-ae39-7e87e9bc7c0b@localhost,Random,C,player_d6cd9759-3c26-4486-8753-b95fb871c79d@localhost,SuspiciousTitForTat,C,5,5,2432,2442
622,player_960310d1-0c0f-4b13-ae39-7e87e9bc7c0b@localhost,Random,C,player_d6cd9759-3c26-4486-8753-b95fb871c79d@localhost,SuspiciousTitForTat,C,5,5,2437,2447
623,player_960310d1-0c0f-4b13-ae39-7e87e9bc7c0b@localhost,Random,D,player_d6cd9759-3c26-4486-8753-b95fb871c79d@localhost,SuspiciousTitForTat,C,10,0,2447,2447
624,player_960310d1-0c0f-4b13-ae39-7e87e9bc7c0b@localhost,Random,C,player_d6cd9759-3c26-4486-8753-b95fb871c79d@localhost,SuspiciousTitForTat,D,0,10,2447,2457
625,player_960310d1-0c0f-4b13-ae39-7e87e9bc7c0b@localhost,Random,D,player_d6cd9759-3c26-4486-8753-b95fb871c79d@localhost,SuspiciousTitForTat,C,10,0,2457,2457
626,player_960310d1-0c0f-4b13-ae39-7e87e9bc7c0b@localhost,Random,C,player_d6cd9759-3c26-4486-8753-b95fb871c79d@localhost,SuspiciousTitForTat,D,0,10,2457,2467
627,player_960310d1-0c0f-4b13-ae39-7e87e9bc7c0b@localhost,Random,C,player_d6cd9759-3c26-4486-8753-b95fb871c79d@localhost,SuspiciousTitForTat,C,5,5,2462,2472
628,player_960310d1-0c0f-4b13-ae39-7e87e9bc7c0b@localhost,Random,C,player_d6cd9759-3c26-4486-8753-b95fb871c79d@localhost,SuspiciousTitForTat,C,5,5,2467,2477
629,player_960310d1-0c0f-4b13-ae39-7e87e9bc7c0b@localhost,Random,C,player_d6cd9759-3c26-4486-8753-b95fb871c79d@localhost,SuspiciousTitForTat,C,5,5,2472,2482
630,player_960310d1-0c0f-4b13-ae39-7e87e9bc7c0b@localhost,Random,D,player_d6cd9759-3c26-4486-8753-b95fb871c79d@localhost,SuspiciousTitForTat,C,10,0,2482,2482
631,player_960310d1-0c0f-4b13-ae39-7e87e9bc7c0b@localhost,Random,D,player_d6cd9759-3c26-4486-8753-b95fb871c79d@localhost,SuspiciousTitForTat,D,1,1,2483,2483
632,player_960310d1-0c0f-4b13-ae39-7e87e9bc7c0b@localhost,Random,C,player_d6cd9759-3c26-4486-8753-b95fb871c79d@localhost,SuspiciousTitForTat,D,0,10,2483,2493
633,player_960310d1-0c0f-4b13-ae39-7e87e9bc7c0b@localhost,Random,C,player_d6cd9759-3c26-4486-8753-b95fb871c79d@localhost,SuspiciousTitForTat,C,5,5,2488,2498
634,player_960310d1-0c0f-4b13-ae39-7e87e9bc7c0b@localhost,Random,C,player_d6cd9759-3c26-4486-8753-b95fb871c79d@localhost,SuspiciousTitForTat,C,5,5,2493,2503
635,player_960310d1-0c0f-4b13-ae39-7e87e9bc7c0b@localhost,Random,D,player_d6cd9759-3c26-4486-8753-b95fb871c79d@localhost,SuspiciousTitForTat,C,10,0,2503,2503
636,player_960310d1-0c0f-4b13-ae39-7e87e9bc7c0b@localhost,Random,C,player_d6cd9759-3c26-4486-8753-b95fb871c79d@localhost,SuspiciousTitForTat,D,0,10,2503,2513
637,player_960310d1-0c0f-4b13-ae39-7e87e9bc7c0b@localhost,Random,C,player_d6cd9759-3c26-4486-8753-b95fb871c79d@localhost,SuspiciousTitForTat,C,5,5,2508,2518
638,player_960310d1-0c0f-4b13-ae39-7e87e9bc7c0b@localhost,Random,D,player_d6cd9759-3c26-4486-8753-b95fb871c79d@localhost,SuspiciousTitForTat,C,10,0,2518,2518
639,player_960310d1-0c0f-4b13-ae39-7e87e9bc7c0b@localhost,Random,D,player_d6cd9759-3c26-4486-8753-b95fb871c79d@localhost,SuspiciousTitForTat,D,1,1,2519,2519
640,player_960310d1-0c0f-4b13-ae39-7e87e9bc7c0b@localhost,Random,D,player_d6cd9759-3c26-4486-8753-b95fb871c79d@localhost,SuspiciousTitForTat,D,1,1,2520,2520
641,player_960310d1-0c0f-4b13-ae39-7e87e9bc7c0b@localhost,Random,C,player_d6cd9759-3c26-4486-8753-b95fb871c79d@localhost,SuspiciousTitForTat,D,0,10,2520,2530
642,player_960310d1-0c0f-4b13-ae39-7e87e9bc7c0b@localhost,Random,D,player_d6cd9759-3c26-4486-8753-b95fb871c79d@localhost,SuspiciousTitForTat,C,10,0,2530,2530
643,player_960310d1-0c0f-4b13-ae39-7e87e9bc7c0b@localhost,Random,C,player_d6cd9759-3c26-4486-8753-b95fb871c79d@localhost,SuspiciousTitForTat,D,0,10,2530,2540
644,player_960310d1-0c0f-4b13-ae39-7e87e9bc7c0b@localhost,Random,D,player_d6cd9759-3c26-4486-8753-b95fb871c79d@localhost,SuspiciousTitForTat,C,10,0,2540,2540
645,player_960310d1-0c0f-4b13-ae39-7e87e9bc7c0b@localhost,Random,C,player_d6cd9759-3c26-4486-8753-b95fb871c79d@localhost,SuspiciousTitForTat,D,0,10,2540,2550
646,player_960310d1-0c0f-4b13-ae39-7e87e9bc7c0b@localhost,Random,D,player_d6cd9759-3c26-4486-8753-b95fb871c79d@localhost,SuspiciousTitForTat,C,10,0,2550,2550
647,player_960310d1-0c0f-4b13-ae39-7e87e9bc7c0b@localhost,Random,C,player_d6cd9759-3c26-4486-8753-b95fb871c79d@localhost,SuspiciousTitForTat,D,0,10,2550,2560
648,player_960310d1-0c0f-4b13-ae39-7e87e9bc7c0b@localhost,Random,D,player_d6cd9759-3c26-4486-8753-b95fb871c79d@localhost,SuspiciousTitForTat,C,10,0,2560,2560
649,player_960310d1-0c0f-4b13-ae39-7e87e9bc7c0b@localhost,Random,D,player_d6cd9759-3c26-4486-8753-b95fb871c79d@localhost,SuspiciousTitForTat,D,1,1,2561,2561
650,player_960310d1-0c0f-4b13-ae39-7e87e9bc7c0b@localhost,Random,C,player_d6cd9759-3c26-4486-8753-b95fb871c79d@localhost,SuspiciousTitForTat,D,0,10,2561,2571
651,player_960310d1-0c0f-4b13-ae39-7e87e9bc7c0b@localhost,Random,D,player_d6cd9759-3c26-4486-8753-b95fb871c79d@localhost,SuspiciousTitForTat,C,10,0,2571,2571
652,player_960310d1-0c0f-4b13-ae39-7e87e9bc7c0b@localhost,Random,C,player_d6cd9759-3c26-4486-8753-b95fb871c79d@localhost,SuspiciousTitForTat,D,0,10,2571,2581
653,player_960310d1-0c0f-4b13-ae39-7e87e9bc7c0b@localhost,Random,D,player_d6cd9759-3c26-4486-8753-b95fb871c79d@localhost,SuspiciousTitForTat,C,10,0,2581,2581
654,player_960310d1-0c0f-4b13-ae39-7e87e9bc7c0b@localhost,Random,D,player_d6cd9759-3c26-4486-8753-b95fb871c79d@localhost,SuspiciousTitForTat,D,1,1,2582,2582
655,player_960310d1-0c0f-4b13-ae39-7e87e9bc7c0b@localhost,Random,C,player_d6cd9759-3c26-4486-8753-b95fb871c79d@localhost,SuspiciousTitForTat,D,0,10,2582,2592
656,player_960310d1-0c0f-4b13-ae39-7e87e9bc7c0b@localhost,Random,D,player_d6cd9759-3c26-4486-8753-b95fb871c79d@localhost,SuspiciousTitForTat,C,10,0,2592,2592
657,player_960310d1-0c0f-4b13-ae39-7e87e9bc7c0b@localhost,Random,D,player_d6cd9759-3c26-4486-8753-b95fb871c79d@localhost,SuspiciousTitForTat,D,1,1,2593,2593
658,player_960310d1-0c0f-4b13-ae39-7e87e9bc7c0b@localhost,Random,D,player_d6cd9759-3c26-4486-8753-b95fb871c79d@localhost,SuspiciousTitForTat,D,1,1,2594,2594
659,player_960310d1-0c0f-4b13-ae39-7e87e9bc7c0b@localhost,Random,D,player_d6cd9759-3c26-4486-8753-b95fb871c79d@localhost,SuspiciousTitForTat,D,1,1,2595,2595
660,player_960310d1-0c0f-4b13-ae39-7e87e9bc7c0b@localhost,Random,D,player_d6cd9759-3c26-4486-8753-b95fb871c79d@localhost,SuspiciousTitForTat,D,1,1,2596,2596
661,player_960310d1-0c0f-4b13-ae39-7e87e9bc7c0b@localhost,Random,C,player_d6cd9759-3c26-4486-8753-b95fb871c79d@localhost,SuspiciousTitForTat,D,0,10,2596,2606
662,player_960310d1-0c0f-4b13-ae39-7e87e9bc7c0b@localhost,Random,C,player_d6cd9759-3c26-4486-8753-b95fb871c79d@localhost,SuspiciousTitForTat,C,5,5,2601,2611
663,player_960310d1-0c0f-4b13-ae39-7e87e9bc7c0b@localhost,Random,C,player_d6cd9759-3c26-4486-8753-b95fb871c79d@localhost,SuspiciousTitForTat,C,5,5,2606,2616
664,player_960310d1-0c0f-4b13-ae39-7e87e9bc7c0b@localhost,Random,C,player_d6cd9759-3c26-4486-8753-b95fb871c79d@localhost,SuspiciousTitForTat,C,5,5,2611,2621
665,player_960310d1-0c0f-4b13-ae39-7e87e9bc7c0b@localhost,Random,D,player_d6cd9759-3c26-4486-8753-b95fb871c79d@localhost,SuspiciousTitForTat,C,10,0,2621,2621
666,player_960310d1-0c0f-4b13-ae39-7e87e9bc7c0b@localhost,Random,C,player_d6cd9759-3c26-4486-8753-b95fb871c79d@localhost,SuspiciousTitForTat,D,0,10,2621,2631
667,player_960310d1-0c0f-4b13-ae39-7e87e9bc7c0b@localhost,Random,C,player_d6cd9759-3c26-4486-8753-b95fb871c79d@localhost,SuspiciousTitForTat,C,5,5,2626,2636
668,player_960310d1-0c0f-4b13-ae39-7e87e9bc7c0b@localhost,Random,C,player_d6cd9759-3c26-4486-8753-b95fb871c79d@localhost,SuspiciousTitForTat,C,5,5,2631,2641
669,player_960310d1-0c0f-4b13-ae39-7e87e9bc7c0b@localhost,Random,C,player_d6cd9759-3c26-4486-8753-b95fb871c79d@localhost,SuspiciousTitForTat,C,5,5,2636,2646
670,player_960310d1-0c0f-4b13-ae39-7e87e9bc7c0b@localhost,Random,D,player_d6cd9759-3c26-4486-8753-b95fb871c79d@localhost,SuspiciousTitForTat,C,10,0,2646,2646
671,player_960310d1-0c0f-4b13-ae39-7e87e9bc7c0b@localhost,Random,D,player_d6cd9759-3c26-4486-8753-b95fb871c79d@localhost,SuspiciousTitForTat,D,1,1,2647,2647
672,player_960310d1-0c0f-4b13-ae39-7e87e9bc7c0b@localhost,Random,D,player_d6cd9759-3c26-4486-8753-b95fb871c79d@localhost,SuspiciousTitForTat,D,1,1,2648,2648
673,player_960310d1-0c0f-4b13-ae39-7e87e9bc7c0b@localhost,Random,C,player_d6cd9759-3c26-4486-8753-b95fb871c79d@localhost,SuspiciousTitForTat,D,0,10,2648,2658
674,player_960310d1-0c0f-4b13-ae39-7e87e9bc7c0b@localhost,Random,D,player_d6cd9759-3c26-4486-8753-b95fb871c79d@localhost,SuspiciousTitForTat,C,10,0,2658,2658
675,player_960310d1-0c0f-4b13-ae39-7e87e9bc7c0b@localhost,Random,D,player_d6cd9759-3c26-4486-8753-b95fb871c79d@localhost,SuspiciousTitForTat,D,1,1,2659,2659
676,player_960310d1-0c0f-4b13-ae39-7e87e9bc7c0b@localhost,Random,C,player_d6cd9759-3c26-4486-8753-b95fb871c79d@localhost,SuspiciousTitForTat,D,0,10,2659,2669
677,player_960310d1-0c0f-4b13-ae39-7e87e9bc7c0b@localhost,Random,C,player_d6cd9759-3c26-4486-8753-b95fb871c79d@localhost,SuspiciousTitForTat,C,5,5,2664,2674
678,player_960310d1-0c0f-4b13-ae39-7e87e9bc7c0b@localhost,Random,C,player_d6cd9759-3c26-4486-8753-b95fb871c79d@localhost,SuspiciousTitForTat,C,5,5,2669,2679
679,player_960310d1-0c0f-4b13-ae39-7e87e9bc7c0b@localhost,Random,D,player_d6cd9759-3c26-4486-8753-b95fb871c79d@localhost,SuspiciousTitForTat,C,10,0,2679,2679
680,player_960310d1-0c0f-4b13-ae39-7e87e9bc7c0b@localhost,Random,D,player_d6cd9759-3c26-4486-8753-b95fb871c79d@localhost,SuspiciousTitForTat,D,1,1,2680,2680
681,player_960310d1-0c0f-4b13-ae39-7e87e9bc7c0b@localhost,Random,C,player_d6cd9759-3c26-4486-8753-b95fb871c79d@localhost,SuspiciousTitForTat,D,0,10,2680,2690
682,player_960310d1-0c0f-4b13-ae39-7e87e9bc7c0b@localhost,Random,D,player_d6cd9759-3c26-4486-8753-b95fb871c79d@localhost,SuspiciousTitForTat,C,10,0,2690,2690
683,player_960310d1-0c0f-4b13-ae39-7e87e9bc7c0b@localhost,Random,D,player_d6cd9759-3c26-4486-8753-b95fb871c79d@localhost,SuspiciousTitForTat,D,1,1,2691,2691
684,player_960310d1-0c0f-4b13-ae39-7e87e9bc7c0b@localhost,Random,D,player_d6cd9759-3c26-4486-8753-b95fb871c79d@localhost,SuspiciousTitForTat,D,1,1,2692,2692
685,player_960310d1-0c0f-4b13-ae39-7e87e9bc7c0b@localhost,Random,C,player_d6cd9759-3c26-4486-8753-b95fb871c79d@localhost,SuspiciousTitForTat,D,0,10,2692,2702
686,player_960310d1-0c0f-4b13-ae39-7e87e9bc7c0b@localhost,Random,C,player_d6cd9759-3c26-4486-8753-b95fb871c79d@localhost,SuspiciousTitForTat,C,5,5,2697,2707
687,player_960310d1-0c0f-4b13-ae39-7e87e9bc7c0b@localhost,Random,D,player_d6cd9759-3c26-4486-8753-b95fb871c79d@localhost,SuspiciousTitForTat,C,10,0,2707,2707
688,player_960310d1-0c0f-4b13-ae39-7e87e9bc7c0b@localhost,Random,C,player_d6cd9759-3c26-4486-8753-b95fb871c79d@localhost,SuspiciousTitForTat,D,0,10,2707,2717
689,player_960310d1-0c0f-4b13-ae39-7e87e9bc7c0b@localhost,Random,D,player_d6cd9759-3c26-4486-8753-b95fb871c79d@localhost,SuspiciousTitForTat,C,10,0,2717,2717
690,player_960310d1-0c0f-4b13-ae39-7e87e9bc7c0b@localhost,Random,D,player_d6cd9759-3c26-4486-8753-b95fb871c79d@localhost,SuspiciousTitForTat,D,1,1,2718,2718
691,player_960310d1-0c0f-4b13-ae39-7e87e9bc7c0b@localhost,Random,D,player_d6cd9759-3c26-4486-8753-b95fb871c79d@localhost,SuspiciousTitForTat,D,1,1,2719,2719
692,player_960310d1-0c0f-4b13-ae39-7e87e9bc7c0b@localhost,Random,C,player_d6cd9759-3c26-4486-8753-b95fb871c79d@localhost,SuspiciousTitForTat,D,0,10,2719,2729
693,player_960310d1-0c0f-4b13-ae39-7e87e9bc7c0b@localhost,Random,D,player_d6cd9759-3c26-4486-8753-b95fb871c79d@localhost,SuspiciousTitForTat,C,10,0,2729,2729
694,player_960310d1-0c0f-4b13-ae39-7e87e9bc7c0b@localhost,Random,D,player_d6cd9759-3c26-4486-8753-b95fb871c79d@localhost,SuspiciousTitForTat,D,1,1,2730,2730
695,player_960310d1-0c0f-4b13-ae39-7e87e9bc7c0b@localhost,Random,D,player_d6cd9759-3c26-4486-8753-b95fb871c79d@localhost,SuspiciousTitForTat,D,1,1,2731,2731
696,player_960310d1-0c0f-4b13-ae39-7e87e9bc7c0b@localhost,Random,D,player_d6cd9759-3c26-4486-8753-b95fb871c79d@localhost,SuspiciousTitForTat,D,1,1,2732,2732
697,player_960310d1-0c0f-4b13-ae39-7e87e9bc7c0b@localhost,Random,D,player_d6cd9759-3c26-4486-8753-b95fb871c79d@localhost,SuspiciousTitForTat,D,1,1,2733,2733
698,player_960310d1-0c0f-4b13-ae39-7e87e9bc7c0b@localhost,Random,C,player_d6cd9759-3c26-4486-8753-b95fb871c79d@localhost,SuspiciousTitForTat,D,0,10,2733,2743
699,player_960310d1-0c0f-4b13-ae39-7e87e9bc7c0b@localhost,Random,C,player_d6cd9759-3c26-4486-8753-b95fb871c79d@localhost,SuspiciousTitForTat,C,5,5,2738,2748
700,player_960310d1-0c0f-4b13-ae39-7e87e9bc7c0b@localhost,Random,C,player_d6cd9759-3c26-4486-8753-b95fb871c79d@localhost,SuspiciousTitForTat,C,5,5,2743,2753
701,player_960310d1-0c0f-4b13-ae39-7e87e9bc7c0b@localhost,Random,D,player_d6cd9759-3c26-4486-8753-b95fb871c79d@localhost,SuspiciousTitForTat,C,10,0,2753,2753
702,player_960310d1-0c0f-4b13-ae39-7e87e9bc7c0b@localhost,Random,D,player_d6cd9759-3c26-4486-8753-b95fb871c79d@localhost,SuspiciousTitForTat,D,1,1,2754,2754
703,player_960310d1-0c0f-4b13-ae39-7e87e9bc7c0b@localhost,Random,C,player_d6cd9759-3c26-4486-8753-b95fb871c79d@localhost,SuspiciousTitForTat,D,0,10,2754,2764
704,player_960310d1-0c0f-4b13-ae39-7e87e9bc7c0b@localhost,Random,D,player_d6cd9759-3c26-4486-8753-b95fb871c79d@localhost,SuspiciousTitForTat,C,10,0,2764,2764
705,player_960310d1-0c0f-4b13-ae39-7e87e9bc7c0b@localhost,Random,D,player_d6cd9759-3c26-4486-8753-b95fb871c79d@localhost,SuspiciousTitForTat,D,1,1,2765,2765
706,player_960310d1-0c0f-4b13-ae39-7e87e9bc7c0b@localhost,Random,D,player_d6cd9759-3c26-4486-8753-b95fb871c79d@localhost,SuspiciousTitForTat,D,1,1,2766,2766
707,player_960310d1-0c0f-4b13-ae39-7e87e9bc7c0b@localhost,Random,D,player_d6cd9759-3c26-4486-8753-b95fb871c79d@localhost,SuspiciousTitForTat,D,1,1,2767,2767
708,player_960310d1-0c0f-4b13-ae39-7e87e9bc7c0b@localhost,Random,C,player_d6cd9759-3c26-4486-8753-b95fb871c79d@localhost,SuspiciousTitForTat,D,0,10,2767,2777
709,player_960310d1-0c0f-4b13-ae39-7e87e9bc7c0b@localhost,Random,C,player_d6cd9759-3c26-4486-8753-b95fb871c79d@localhost,SuspiciousTitForTat,C,5,5,2772,2782
710,player_960310d1-0c0f-4b13-ae39-7e87e9bc7c0b@localhost,Random,D,player_d6cd9759-3c26-4486-8753-b95fb871c79d@localhost,SuspiciousTitForTat,C,10,0,2782,2782
711,player_960310d1-0c0f-4b13-ae39-7e87e9bc7c0b@localhost,Random,C,player_d6cd9759-3c26-4486-8753-b95fb871c79d@localhost,SuspiciousTitForTat,D,0,10,2782,2792
712,player_960310d1-0c0f-4b13-ae39-7e87e9bc7c0b@localhost,Random,D,player_d6cd9759-3c26-4486-8753-b95fb871c79d@localhost,SuspiciousTitForTat,C,10,0,2792,2792
713,player_960310d1-0c0f-4b13-ae39-7e87e9bc7c0b@localhost,Random,C,player_d6cd9759-3c26-4486-8753-b95fb871c79d@localhost,SuspiciousTitForTat,D,0,10,2792,2802
714,player_960310d1-0c0f-4b13-ae39-7e87e9bc7c0b@localhost,Random,C,player_d6cd9759-3c26-4486-8753-b95fb871c79d@localhost,SuspiciousTitForTat,C,5,5,2797,2807
715,player_960310d1-0c0f-4b13-ae39-7e87e9bc7c0b@localhost,Random,C,player_d6cd9759-3c26-4486-8753-b95fb871c79d@localhost,SuspiciousTitForTat,C,5,5,2802,2812
716,player_960310d1-0c0f-4b13-ae39-7e87e9bc7c0b@localhost,Random,C,player_d6cd9759-3c26-4486-8753-b95fb871c79d@localhost,SuspiciousTitForTat,C,5,5,2807,2817
717,player_960310d1-0c0f-4b13-ae39-7e87e9bc7c0b@localhost,Random,D,player_d6cd9759-3c26-4486-8753-b95fb871c79d@localhost,SuspiciousTitForTat,C,10,0,2817,2817
718,player_960310d1-0c0f-4b13-ae39-7e87e9bc7c0b@localhost,Random,C,player_d6cd9759-3c26-4486-8753-b95fb871c79d@localhost,SuspiciousTitForTat,D,0,10,2817,2827
719,player_960310d1-0c0f-4b13-ae39-7e87e9bc7c0b@localhost,Random,D,player_d6cd9759-3c26-4486-8753-b95fb871c79d@localhost,SuspiciousTitForTat,C,10,0,2827,2827
720,player_960310d1-0c0f-4b13-ae39-7e87e9bc7c0b@localhost,Random,D,player_d6cd9759-3c26-4486-8753-b95fb871c79d@localhost,SuspiciousTitForTat,D,1,1,2828,2828
721,player_960310d1-0c0f-4b13-ae39-7e87e9bc7c0b@localhost,Random,C,player_d6cd9759-3c26-4486-8753-b95fb871c79d@localhost,SuspiciousTitForTat,D,0,10,2828,2838
722,player_960310d1-0c0f-4b13-ae39-7e87e9bc7c0b@localhost,Random,C,player_d6cd9759-3c26-4486-8753-b95fb871c79d@localhost,SuspiciousTitForTat,C,5,5,2833,2843
723,player_960310d1-0c0f-4b13-ae39-7e87e9bc7c0b@localhost,Random,C,player_d6cd9759-3c26-4486-8753-b95fb871c79d@localhost,SuspiciousTitForTat,C,5,5,2838,2848
724,player_960310d1-0c0f-4b13-ae39-7e87e9bc7c0b@localhost,Random,D,player_d6cd9759-3c26-4486-8753-b95fb871c79d@localhost,SuspiciousTitForTat,C,10,0,2848,2848
725,player_960310d1-0c0f-4b13-ae39-7e87e9bc7c0b@localhost,Random,D,player_d6cd9759-3c26-4486-8753-b95fb871c79d@localhost,SuspiciousTitForTat,D,1,1,2849,2849
726,player_960310d1-0c0f-4b13-ae39-7e87e9bc7c0b@localhost,Random,C,player_d6cd9759-3c26-4486-8753-b95fb871c79d@localhost,SuspiciousTitForTat,D,0,10,2849,2859
727,player_960310d1-0c0f-4b13-ae39-7e87e9bc7c0b@localhost,Random,C,player_d6cd9759-3c26-4486-8753-b95fb871c79d@localhost,SuspiciousTitForTat,C,5,5,2854,2864
728,player_960310d1-0c0f-4b13-ae39-7e87e9bc7c0b@localhost,Random,D,player_d6cd9759-3c26-4486-8753-b95fb871c79d@localhost,SuspiciousTitForTat,C,10,0,2864,2864
729,player_960310d1-0c0f-4b13-ae39-7e87e9bc7c0b@localhost,Random,D,player_d6cd9759-3c26-4486-8753-b95fb871c79d@localhost,SuspiciousTitForTat,D,1,1,2865,2865
730,player_960310d1-0c0f-4b13-ae39-7e87e9bc7c0b@localhost,Random,C,player_d6cd9759-3c26-4486-8753-b95fb871c79d@localhost,SuspiciousTitForTat,D,0,10,2865,2875
731,player_960310d1-0c0f-4b13-ae39-7e87e9bc7c0b@localhost,Random,C,player_d6cd9759-3c26-4486-8753-b95fb871c79d@localhost,SuspiciousTitForTat,C,5,5,2870,2880
732,player_960310d1-0c0f-4b13-ae39-7e87e9bc7c0b@localhost,Random,D,player_d6cd9759-3c26-4486-8753-b95fb871c79d@localhost,SuspiciousTitForTat,C,10,0,2880,2880
733,player_960310d1-0c0f-4b13-ae39-7e87e9bc7c0b@localhost,Random,D,player_d6cd9759-3c26-4486-8753-b95fb871c79d@localhost,SuspiciousTitForTat,D,1,1,2881,2881
734,player_960310d1-0c0f-4b13-ae39-7e87e9bc7c0b@localhost,Random,D,player_d6cd9759-3c26-4486-8753-b95fb871c79d@localhost,SuspiciousTitForTat,D,1,1,2882,2882
735,player_960310d1-0c0f-4b13-ae39-7e87e9bc7c0b@localhost,Random,D,player_d6cd9759-3c26-4486-8753-b95fb871c79d@localhost,SuspiciousTitForTat,D,1,1,2883,2883
736,player_960310d1-0c0f-4b13-ae39-7e87e9bc7c0b@localhost,Random,C,player_d6cd9759-3c26-4486-8753-b95fb871c79d@localhost,SuspiciousTitForTat,D,0,10,2883,2893
737,player_960310d1-0c0f-4b13-ae39-7e87e9bc7c0b@localhost,Random,C,player_d6cd9759-3c26-4486-8753-b95fb871c79d@localhost,SuspiciousTitForTat,C,5,5,2888,2898
738,player_960310d1-0c0f-4b13-ae39-7e87e9bc7c0b@localhost,Random,D,player_d6cd9759-3c26-4486-8753-b95fb871c79d@localhost,SuspiciousTitForTat,C,10,0,2898,2898
739,player_960310d1-0c0f-4b13-ae39-7e87e9bc7c0b@localhost,Random,D,player_d6cd9759-3c26-4486-8753-b95fb871c79d@localhost,SuspiciousTitForTat,D,1,1,2899,2899
740,player_960310d1-0c0f-4b13-ae39-7e87e9bc7c0b@localhost,Random,D,player_d6cd9759-3c26-4486-8753-b95fb871c79d@localhost,SuspiciousTitForTat,D,1,1,2900,2900
741,player_960310d1-0c0f-4b13-ae39-7e87e9bc7c0b@localhost,Random,D,player_d6cd9759-3c26-4486-8753-b95fb871c79d@localhost,SuspiciousTitForTat,D,1,1,2901,2901
742,player_960310d1-0c0f-4b13-ae39-7e87e9bc7c0b@localhost,Random,D,player_d6cd9759-3c26-4486-8753-b95fb871c79d@localhost,SuspiciousTitForTat,D,1,1,2902,2902
743,player_960310d1-0c0f-4b13-ae39-7e87e9bc7c0b@localhost,Random,D,player_d6cd9759-3c26-4486-8753-b95fb871c79d@localhost,SuspiciousTitForTat,D,1,1,2903,2903
744,player_960310d1-0c0f-4b13-ae39-7e87e9bc7c0b@localhost,Random,C,player_d6cd9759-3c26-4486-8753-b95fb871c79d@localhost,SuspiciousTitForTat,D,0,10,2903,2913
745,player_960310d1-0c0f-4b13-ae39-7e87e9bc7c0b@localhost,Random,D,player_d6cd9759-3c26-4486-8753-b95fb871c79d@localhost,SuspiciousTitForTat,C,10,0,2913,2913
746,player_960310d1-0c0f-4b13-ae39-7e87e9bc7c0b@localhost,Random,C,player_d6cd9759-3c26-4486-8753-b95fb871c79d@localhost,SuspiciousTitForTat,D,0,10,2913,2923
747,player_960310d1-0c0f-4b13-ae39-7e87e9bc7c0b@localhost,Random,C,player_d6cd9759-3c26-4486-8753-b95fb871c79d@localhost,SuspiciousTitForTat,C,5,5,2918,2928
748,player_960310d1-0c0f-4b13-ae39-7e87e9bc7c0b@localhost,Random,D,player_d6cd9759-3c26-4486-8753-b95fb871c79d@localhost,SuspiciousTitForTat,C,10,0,2928,2928
749,player_960310d1-0c0f-4b13-ae39-7e87e9bc7c0b@localhost,Random,C,player_d6cd9759-3c26-4486-8753-b95fb871c79d@localhost,SuspiciousTitForTat,D,0,10,2928,2938
750,player_960310d1-0c0f-4b13-ae39-7e87e9bc7c0b@localhost,Random,C,player_d6cd9759-3c26-4486-8753-b95fb871c79d@localhost,SuspiciousTitForTat,C,5,5,2933,2943
751,player_960310d1-0c0f-4b13-ae39-7e87e9bc7c0b@localhost,Random,D,player_d6cd9759-3c26-4486-8753-b95fb871c79d@localhost,SuspiciousTitForTat,C,10,0,2943,2943
752,player_960310d1-0c0f-4b13-ae39-7e87e9bc7c0b@localhost,Random,C,player_d6cd9759-3c26-4486-8753-b95fb871c79d@localhost,SuspiciousTitForTat,D,0,10,2943,2953
753,player_960310d1-0c0f-4b13-ae39-7e87e9bc7c0b@localhost,Random,C,player_d6cd9759-3c26-4486-8753-b95fb871c79d@localhost,SuspiciousTitForTat,C,5,5,2948,2958
754,player_960310d1-0c0f-4b13-ae39-7e87e9bc7c0b@localhost,Random,D,player_d6cd9759-3c26-4486-8753-b95fb871c79d@localhost,SuspiciousTitForTat,C,10,0,2958,2958
755,player_960310d1-0c0f-4b13-ae39-7e87e9bc7c0b@localhost,Random,C,player_d6cd9759-3c26-4486-8753-b95fb871c79d@localhost,SuspiciousTitForTat,D,0,10,2958,2968
756,player_960310d1-0c0f-4b13-ae39-7e87e9bc7c0b@localhost,Random,C,player_d6cd9759-3c26-4486-8753-b95fb871c79d@localhost,SuspiciousTitForTat,C,5,5,2963,2973
757,player_960310d1-0c0f-4b13-ae39-7e87e9bc7c0b@localhost,Random,D,player_d6cd9759-3c26-4486-8753-b95fb871c79d@localhost,SuspiciousTitForTat,C,10,0,2973,2973
758,player_960310d1-0c0f-4b13-ae39-7e87e9bc7c0b@localhost,Random,C,player_d6cd9759-3c26-4486-8753-b95fb871c79d@localhost,SuspiciousTitForTat,D,0,10,2973,2983
759,player_960310d1-0c0f-4b13-ae39-7e87e9bc7c0b@localhost,Random,C,player_d6cd9759-3c26-4486-8753-b95fb871c79d@localhost,SuspiciousTitForTat,C,5,5,2978,2988
760,player_960310d1-0c0f-4b13-ae39-7e87e9bc7c0b@localhost,Random,C,player_d6cd9759-3c26-4486-8753-b95fb871c79d@localhost,SuspiciousTitForTat,C,5,5,2983,2993
761,player_960310d1-0c0f-4b13-ae39-7e87e9bc7c0b@localhost,Random,D,player_d6cd9759-3c26-4486-8753-b95fb871c79d@localhost,SuspiciousTitForTat,C,10,0,2993,2993
762,player_960310d1-0c0f-4b13-ae39-7e87e9bc7c0b@localhost,Random,C,player_d6cd9759-3c26-4486-8753-b95fb871c79d@localhost,SuspiciousTitForTat,D,0,10,2993,3003
763,player_960310d1-0c0f-4b13-ae39-7e87e9bc7c0b@localhost,Random,C,player_d6cd9759-3c26-4486-8753-b95fb871c79d@localhost,SuspiciousTitForTat,C,5,5,2998,3008
764,player_960310d1-0c0f-4b13-ae39-7e87e9bc7c0b@localhost,Random,C,player_d6cd9759-3c26-4486-8753-b95fb871c79d@localhost,SuspiciousTitForTat,C,5,5,3003,3013
765,player_960310d1-0c0f-4b13-ae39-7e87e9bc7c0b@localhost,Random,C,player_d6cd9759-3c26-4486-8753-b95fb871c79d@localhost,SuspiciousTitForTat,C,5,5,3008,3018
766,player_960310d1-0c0f-4b13-ae39-7e87e9bc7c0b@localhost,Random,C,player_d6cd9759-3c26-4486-8753-b95fb871c79d@localhost,SuspiciousTitForTat,C,5,5,3013,3023
767,player_960310d1-0c0f-4b13-ae39-7e87e9bc7c0b@localhost,Random,C,player_d6cd9759-3c26-4486-8753-b95fb871c79d@localhost,SuspiciousTitForTat,C,5,5,3018,3028
768,player_960310d1-0c0f-4b13-ae39-7e87e9bc7c0b@localhost,Random,C,player_d6cd9759-3c26-4486-8753-b95fb871c79d@localhost,SuspiciousTitForTat,C,5,5,3023,3033
769,player_960310d1-0c0f-4b13-ae39-7e87e9bc7c0b@localhost,Random,C,player_d6cd9759-3c26-4486-8753-b95fb871c79d@localhost,SuspiciousTitForTat,C,5,5,3028,3038
770,player_960310d1-0c0f-4b13-ae39-7e87e9bc7c0b@localhost,Random,C,player_d6cd9759-3c26-4486-8753-b95fb871c79d@localhost,SuspiciousTitForTat,C,5,5,3033,3043
771,player_960310d1-0c0f-4b13-ae39-7e87e9bc7c0b@localhost,Random,D,player_d6cd9759-3c26-4486-8753-b95fb871c79d@localhost,SuspiciousTitForTat,C,10,0,3043,3043
772,player_960310d1-0c0f-4b13-ae39-7e87e9bc7c0b@localhost,Random,C,player_d6cd9759-3c26-4486-8753-b95fb871c79d@localhost,SuspiciousTitForTat,D,0,10,3043,3053
773,player_960310d1-0c0f-4b13-ae39-7e87e9bc7c0b@localhost,Random,C,player_d6cd9759-3c26-4486-8753-b95fb871c79d@localhost,SuspiciousTitForTat,C,5,5,3048,3058
774,player_960310d1-0c0f-4b13-ae39-7e87e9bc7c0b@localhost,Random,D,player_d6cd9759-3c26-4486-8753-b95fb871c79d@localhost,SuspiciousTitForTat,C,10,0,3058,3058
775,player_960310d1-0c0f-4b13-ae39-7e87e9bc7c0b@localhost,Random,C,player_d6cd9759-3c26-4486-8753-b95fb871c79d@localhost,SuspiciousTitForTat,D,0,10,3058,3068
776,player_960310d1-0c0f-4b13-ae39-7e87e9bc7c0b@localhost,Random,C,player_d6cd9759-3c26-4486-8753-b95fb871c79d@localhost,SuspiciousTitForTat,C,5,5,3063,3073
777,player_960310d1-0c0f-4b13-ae39-7e87e9bc7c0b@localhost,Random,C,player_d6cd9759-3c26-4486-8753-b95fb871c79d@localhost,SuspiciousTitForTat,C,5,5,3068,3078
778,player_960310d1-0c0f-4b13-ae39-7e87e9bc7c0b@localhost,Random,C,player_d6cd9759-3c26-4486-8753-b95fb871c79d@localhost,SuspiciousTitForTat,C,5,5,3073,3083
779,player_960310d1-0c0f-4b13-ae39-7e87e9bc7c0b@localhost,Random,C,player_d6cd9759-3c26-4486-8753-b95fb871c79d@localhost,SuspiciousTitForTat,C,5,5,3078,3088
780,player_960310d1-0c0f-4b13-ae39-7e87e9bc7c0b@localhost,Random,C,player_d6cd9759-3c26-4486-8753-b95fb871c79d@localhost,SuspiciousTitForTat,C,5,5,3083,3093
781,player_960310d1-0c0f-4b13-ae39-7e87e9bc7c0b@localhost,Random,C,player_d6cd9759-3c26-4486-8753-b95fb871c79d@localhost,SuspiciousTitForTat,C,5,5,3088,3098
782,player_960310d1-0c0f-4b13-ae39-7e87e9bc7c0b@localhost,Random,D,player_d6cd9759-3c26-4486-8753-b95fb871c79d@localhost,SuspiciousTitForTat,C,10,0,3098,3098
783,player_960310d1-0c0f-4b13-ae39-7e87e9bc7c0b@localhost,Random,C,player_d6cd9759-3c26-4486-8753-b95fb871c79d@localhost,SuspiciousTitForTat,D,0,10,3098,3108
784,player_960310d1-0c0f-4b13-ae39-7e87e9bc7c0b@localhost,Random,D,player_d6cd9759-3c26-4486-8753-b95fb871c79d@localhost,SuspiciousTitForTat,C,10,0,3108,3108
785,player_960310d1-0c0f-4b13-ae39-7e87e9bc7c0b@localhost,Random,D,player_d6cd9759-3c26-4486-8753-b95fb871c79d@localhost,SuspiciousTitForTat,D,1,1,3109,3109
786,player_960310d1-0c0f-4b13-ae39-7e87e9bc7c0b@localhost,Random,D,player_d6cd9759-3c26-4486-8753-b95fb871c79d@localhost,SuspiciousTitForTat,D,1,1,3110,3110
787,player_960310d1-0c0f-4b13-ae39-7e87e9bc7c0b@localhost,Random,D,player_d6cd9759-3c26-4486-8753-b95fb871c79d@localhost,SuspiciousTitForTat,D,1,1,3111,3111
788,player_960310d1-0c0f-4b13-ae39-7e87e9bc7c0b@localhost,Random,C,player_d6cd9759-3c26-4486-8753-b95fb871c79d@localhost,SuspiciousTitForTat,D,0,10,3111,3121
789,player_960310d1-0c0f-4b13-ae39-7e87e9bc7c0b@localhost,Random,D,player_d6cd9759-3c26-4486-8753-b95fb871c79d@localhost,SuspiciousTitForTat,C,10,0,3121,3121
790,player_960310d1-0c0f-4b13-ae39-7e87e9bc7c0b@localhost,Random,D,player_d6cd9759-3c26-4486-8753-b95fb871c79d@localhost,SuspiciousTitForTat,D,1,1,3122,3122
791,player_960310d1-0c0f-4b13-ae39-7e87e9bc7c0b@localhost,Random,C,player_d6cd9759-3c26-4486-8753-b95fb871c79d@localhost,SuspiciousTitForTat,D,0,10,3122,3132
792,player_960310d1-0c0f-4b13-ae39-7e87e9bc7c0b@localhost,Random,D,player_d6cd9759-3c26-4486-8753-b95fb871c79d@localhost,SuspiciousTitForTat,C,10,0,3132,3132
793,player_960310d1-0c0f-4b13-ae39-7e87e9bc7c0b@localhost,Random,C,player_d6cd9759-3c26-4486-8753-b95fb871c79d@localhost,SuspiciousTitForTat,D,0,10,3132,3142
794,player_960310d1-0c0f-4b13-ae39-7e87e9bc7c0b@localhost,Random,C,player_d6cd9759-3c26-4486-8753-b95fb871c79d@localhost,SuspiciousTitForTat,C,5,5,3137,3147
795,player_960310d1-0c0f-4b13-ae39-7e87e9bc7c0b@localhost,Random,D,player_d6cd9759-3c26-4486-8753-b95fb871c79d@localhost,SuspiciousTitForTat,C,10,0,3147,3147
796,player_960310d1-0c0f-4b13-ae39-7e87e9bc7c0b@localhost,Random,D,player_d6cd9759-3c26-4486-8753-b95fb871c79d@localhost,SuspiciousTitForTat,D,1,1,3148,3148
797,player_960310d1-0c0f-4b13-ae39-7e87e9bc7c0b@localhost,Random,D,player_d6cd9759-3c26-4486-8753-b95fb871c79d@localhost,SuspiciousTitForTat,D,1,1,3149,3149
798,player_960310d1-0c0f-4b13-ae39-7e87e9bc7c0b@localhost,Random,C,player_d6cd9759-3c26-4486-8753-b95fb871c79d@localhost,SuspiciousTitForTat,D,0,10,3149,3159
799,player_960310d1-0c0f-4b13-ae39-7e87e9bc7c0b@localhost,Random,C,player_d6cd9759-3c26-4486-8753-b95fb871c79d@localhost,SuspiciousTitForTat,C,5,5,3154,3164
800,player_960310d1-0c0f-4b13-ae39-7e87e9bc7c0b@localhost,Random,C,player_d6cd9759-3c26-4486-8753-b95fb871c79d@localhost,SuspiciousTitForTat,C,5,5,3159,3169
801,player_960310d1-0c0f-4b13-ae39-7e87e9bc7c0b@localhost,Random,D,player_d6cd9759-3c26-4486-8753-b95fb871c79d@localhost,SuspiciousTitForTat,C,10,0,3169,3169
802,player_960310d1-0c0f-4b13-ae39-7e87e9bc7c0b@localhost,Random,C,player_d6cd9759-3c26-4486-8753-b95fb871c79d@localhost,SuspiciousTitForTat,D,0,10,3169,3179
803,player_960310d1-0c0f-4b13-ae39-7e87e9bc7c0b@localhost,Random,D,player_d6cd9759-3c26-4486-8753-b95fb871c79d@localhost,SuspiciousTitForTat,C,10,0,3179,3179
804,player_960310d1-0c0f-4b13-ae39-7e87e9bc7c0b@localhost,Random,C,player_d6cd9759-3c26-4486-8753-b95fb871c79d@localhost,SuspiciousTitForTat,D,0,10,3179,3189
805,player_960310d1-0c0f-4b13-ae39-7e87e9bc7c0b@localhost,Random,D,player_d6cd9759-3c26-4486-8753-b95fb871c79d@localhost,SuspiciousTitForTat,C,10,0,3189,3189
806,player_960310d1-0c0f-4b13-ae39-7e87e9bc7c0b@localhost,Random,C,player_d6cd9759-3c26-4486-8753-b95fb871c79d@localhost,SuspiciousTitForTat,D,0,10,3189,3199
807,player_960310d1-0c0f-4b13-ae39-7e87e9bc7c0b@localhost,Random,C,player_d6cd9759-3c26-4486-8753-b95fb871c79d@localhost,SuspiciousTitForTat,C,5,5,3194,3204
808,player_960310d1-0c0f-4b13-ae39-7e87e9bc7c0b@localhost,Random,D,player_d6cd9759-3c26-4486-8753-b95fb871c79d@localhost,SuspiciousTitForTat,C,10,0,3204,3204
809,player_960310d1-0c0f-4b13-ae39-7e87e9bc7c0b@localhost,Random,C,player_d6cd9759-3c26-4486-8753-b95fb871c79d@localhost,SuspiciousTitForTat,D,0,10,3204,3214
810,player_960310d1-0c0f-4b13-ae39-7e87e9bc7c0b@localhost,Random,C,player_d6cd9759-3c26-4486-8753-b95fb871c79d@localhost,SuspiciousTitForTat,C,5,5,3209,3219
811,player_960310d1-0c0f-4b13-ae39-7e87e9bc7c0b@localhost,Random,D,player_d6cd9759-3c26-4486-8753-b95fb871c79d@localhost,SuspiciousTitForTat,C,10,0,3219,3219
812,player_960310d1-0c0f-4b13-ae39-7e87e9bc7c0b@localhost,Random,D,player_d6cd9759-3c26-4486-8753-b95fb871c79d@localhost,SuspiciousTitForTat,D,1,1,3220,3220
813,player_960310d1-0c0f-4b13-ae39-7e87e9bc7c0b@localhost,Random,C,player_d6cd9759-3c26-4486-8753-b95fb871c79d@localhost,SuspiciousTitForTat,D,0,10,3220,3230
814,player_960310d1-0c0f-4b13-ae39-7e87e9bc7c0b@localhost,Random,D,player_d6cd9759-3c26-4486-8753-b95fb871c79d@localhost,SuspiciousTitForTat,C,10,0,3230,3230
815,player_960310d1-0c0f-4b13-ae39-7e87e9bc7c0b@localhost,Random,D,player_d6cd9759-3c26-4486-8753-b95fb871c79d@localhost,SuspiciousTitForTat,D,1,1,3231,3231
816,player_960310d1-0c0f-4b13-ae39-7e87e9bc7c0b@localhost,Random,C,player_d6cd9759-3c26-4486-8753-b95fb871c79d@localhost,SuspiciousTitForTat,D,0,10,3231,3241
817,player_960310d1-0c0f-4b13-ae39-7e87e9bc7c0b@localhost,Random,D,player_d6cd9759-3c26-4486-8753-b95fb871c79d@localhost,SuspiciousTitForTat,C,10,0,3241,3241
818,player_960310d1-0c0f-4b13-ae39-7e87e9bc7c0b@localhost,Random,C,player_d6cd9759-3c26-4486-8753-b95fb871c79d@localhost,SuspiciousTitForTat,D,0,10,3241,3251
819,player_960310d1-0c0f-4b13-ae39-7e87e9bc7c0b@localhost,Random,C,player_d6cd9759-3c26-4486-8753-b95fb871c79d@localhost,SuspiciousTitForTat,C,5,5,3246,3256
820,player_960310d1-0c0f-4b13-ae39-7e87e9bc7c0b@localhost,Random,C,player_d6cd9759-3c26-4486-8753-b95fb871c79d@localhost,SuspiciousTitForTat,C,5,5,3251,3261
821,player_960310d1-0c0f-4b13-ae39-7e87e9bc7c0b@localhost,Random,C,player_d6cd9759-3c26-4486-8753-b95fb871c79d@localhost,SuspiciousTitForTat,C,5,5,3256,3266
822,player_960310d1-0c0f-4b13-ae39-7e87e9bc7c0b@localhost,Random,C,player_d6cd9759-3c26-4486-8753-b95fb871c79d@localhost,SuspiciousTitForTat,C,5,5,3261,3271
823,player_960310d1-0c0f-4b13-ae39-7e87e9bc7c0b@localhost,Random,C,player_d6cd9759-3c26-4486-8753-b95fb871c79d@localhost,SuspiciousTitForTat,C,5,5,3266,3276
824,player_960310d1-0c0f-4b13-ae39-7e87e9bc7c0b@localhost,Random,C,player_d6cd9759-3c26-4486-8753-b95fb871c79d@localhost,SuspiciousTitForTat,C,5,5,3271,3281
825,player_960310d1-0c0f-4b13-ae39-7e87e9bc7c0b@localhost,Random,D,player_d6cd9759-3c26-4486-8753-b95fb871c79d@localhost,SuspiciousTitForTat,C,10,0,3281,3281
826,player_960310d1-0c0f-4b13-ae39-7e87e9bc7c0b@localhost,Random,C,player_d6cd9759-3c26-4486-8753-b95fb871c79d@localhost,SuspiciousTitForTat,D,0,10,3281,3291
827,player_960310d1-0c0f-4b13-ae39-7e87e9bc7c0b@localhost,Random,D,player_d6cd9759-3c26-4486-8753-b95fb871c79d@localhost,SuspiciousTitForTat,C,10,0,3291,3291
828,player_960310d1-0c0f-4b13-ae39-7e87e9bc7c0b@localhost,Random,C,player_d6cd9759-3c26-4486-8753-b95fb871c79d@localhost,SuspiciousTitForTat,D,0,10,3291,3301
829,player_960310d1-0c0f-4b13-ae39-7e87e9bc7c0b@localhost,Random,D,player_d6cd9759-3c26-4486-8753-b95fb871c79d@localhost,SuspiciousTitForTat,C,10,0,3301,3301
830,player_960310d1-0c0f-4b13-ae39-7e87e9bc7c0b@localhost,Random,C,player_d6cd9759-3c26-4486-8753-b95fb871c79d@localhost,SuspiciousTitForTat,D,0,10,3301,3311
831,player_960310d1-0c0f-4b13-ae39-7e87e9bc7c0b@localhost,Random,C,player_d6cd9759-3c26-4486-8753-b95fb871c79d@localhost,SuspiciousTitForTat,C,5,5,3306,3316
832,player_960310d1-0c0f-4b13-ae39-7e87e9bc7c0b@localhost,Random,D,player_d6cd9759-3c26-4486-8753-b95fb871c79d@localhost,SuspiciousTitForTat,C,10,0,3316,3316
833,player_960310d1-0c0f-4b13-ae39-7e87e9bc7c0b@localhost,Random,C,player_d6cd9759-3c26-4486-8753-b95fb871c79d@localhost,SuspiciousTitForTat,D,0,10,3316,3326
834,player_960310d1-0c0f-4b13-ae39-7e87e9bc7c0b@localhost,Random,C,player_d6cd9759-3c26-4486-8753-b95fb871c79d@localhost,SuspiciousTitForTat,C,5,5,3321,3331
835,player_960310d1-0c0f-4b13-ae39-7e87e9bc7c0b@localhost,Random,D,player_d6cd9759-3c26-4486-8753-b95fb871c79d@localhost,SuspiciousTitForTat,C,10,0,3331,3331
836,player_960310d1-0c0f-4b13-ae39-7e87e9bc7c0b@localhost,Random,D,player_d6cd9759-3c26-4486-8753-b95fb871c79d@localhost,SuspiciousTitForTat,D,1,1,3332,3332
837,player_960310d1-0c0f-4b13-ae39-7e87e9bc7c0b@localhost,Random,C,player_d6cd9759-3c26-4486-8753-b95fb871c79d@localhost,SuspiciousTitForTat,D,0,10,3332,3342
838,player_960310d1-0c0f-4b13-ae39-7e87e9bc7c0b@localhost,Random,D,player_d6cd9759-3c26-4486-8753-b95fb871c79d@localhost,SuspiciousTitForTat,C,10,0,3342,3342
839,player_960310d1-0c0f-4b13-ae39-7e87e9bc7c0b@localhost,Random,C,player_d6cd9759-3c26-4486-8753-b95fb871c79d@localhost,SuspiciousTitForTat,D,0,10,3342,3352
840,player_960310d1-0c0f-4b13-ae39-7e87e9bc7c0b@localhost,Random,D,player_d6cd9759-3c26-4486-8753-b95fb871c79d@localhost,SuspiciousTitForTat,C,10,0,3352,3352
841,player_960310d1-0c0f-4b13-ae39-7e87e9bc7c0b@localhost,Random,C,player_d6cd9759-3c26-4486-8753-b95fb871c79d@localhost,SuspiciousTitForTat,D,0,10,3352,3362
842,player_960310d1-0c0f-4b13-ae39-7e87e9bc7c0b@localhost,Random,C,player_d6cd9759-3c26-4486-8753-b95fb871c79d@localhost,SuspiciousTitForTat,C,5,5,3357,3367
843,player_960310d1-0c0f-4b13-ae39-7e87e9bc7c0b@localhost,Random,C,player_d6cd9759-3c26-4486-8753-b95fb871c79d@localhost,SuspiciousTitForTat,C,5,5,3362,3372
844,player_960310d1-0c0f-4b13-ae39-7e87e9bc7c0b@localhost,Random,D,player_d6cd9759-3c26-4486-8753-b95fb871c79d@localhost,SuspiciousTitForTat,C,10,0,3372,3372
845,player_960310d1-0c0f-4b13-ae39-7e87e9bc7c0b@localhost,Random,D,player_d6cd9759-3c26-4486-8753-b95fb871c79d@localhost,SuspiciousTitForTat,D,1,1,3373,3373
846,player_960310d1-0c0f-4b13-ae39-7e87e9bc7c0b@localhost,Random,C,player_d6cd9759-3c26-4486-8753-b95fb871c79d@localhost,SuspiciousTitForTat,D,0,10,3373,3383
847,player_960310d1-0c0f-4b13-ae39-7e87e9bc7c0b@localhost,Random,C,player_d6cd9759-3c26-4486-8753-b95fb871c79d@localhost,SuspiciousTitForTat,C,5,5,3378,3388
848,player_960310d1-0c0f-4b13-ae39-7e87e9bc7c0b@localhost,Random,C,player_d6cd9759-3c26-4486-8753-b95fb871c79d@localhost,SuspiciousTitForTat,C,5,5,3383,3393
849,player_960310d1-0c0f-4b13-ae39-7e87e9bc7c0b@localhost,Random,C,player_d6cd9759-3c26-4486-8753-b95fb871c79d@localhost,SuspiciousTitForTat,C,5,5,3388,3398
850,player_960310d1-0c0f-4b13-ae39-7e87e9bc7c0b@localhost,Random,D,player_d6cd9759-3c26-4486-8753-b95fb871c79d@localhost,SuspiciousTitForTat,C,10,0,3398,3398
851,player_960310d1-0c0f-4b13-ae39-7e87e9bc7c0b@localhost,Random,D,player_d6cd9759-3c26-4486-8753-b95fb871c79d@localhost,SuspiciousTitForTat,D,1,1,3399,3399
852,player_960310d1-0c0f-4b13-ae39-7e87e9bc7c0b@localhost,Random,C,player_d6cd9759-3c26-4486-8753-b95fb871c79d@localhost,SuspiciousTitForTat,D,0,10,3399,3409
853,player_960310d1-0c0f-4b13-ae39-7e87e9bc7c0b@localhost,Random,D,player_d6cd9759-3c26-4486-8753-b95fb871c79d@localhost,SuspiciousTitForTat,C,10,0,3409,3409
854,player_960310d1-0c0f-4b13-ae39-7e87e9bc7c0b@localhost,Random,C,player_d6cd9759-3c26-4486-8753-b95fb871c79d@localhost,SuspiciousTitForTat,D,0,10,3409,3419
855,player_960310d1-0c0f-4b13-ae39-7e87e9bc7c0b@localhost,Random,C,player_d6cd9759-3c26-4486-8753-b95fb871c79d@localhost,SuspiciousTitForTat,C,5,5,3414,3424
856,player_960310d1-0c0f-4b13-ae39-7e87e9bc7c0b@localhost,Random,C,player_d6cd9759-3c26-4486-8753-b95fb871c79d@localhost,SuspiciousTitForTat,C,5,5,3419,3429
857,player_960310d1-0c0f-4b13-ae39-7e87e9bc7c0b@localhost,Random,D,player_d6cd9759-3c26-4486-8753-b95fb871c79d@localhost,SuspiciousTitForTat,C,10,0,3429,3429
858,player_960310d1-0c0f-4b13-ae39-7e87e9bc7c0b@localhost,Random,D,player_d6cd9759-3c26-4486-8753-b95fb871c79d@localhost,SuspiciousTitForTat,D,1,1,3430,3430
859,player_960310d1-0c0f-4b13-ae39-7e87e9bc7c0b@localhost,Random,D,player_d6cd9759-3c26-4486-8753-b95fb871c79d@localhost,SuspiciousTitForTat,D,1,1,3431,3431
860,player_960310d1-0c0f-4b13-ae39-7e87e9bc7c0b@localhost,Random,D,player_d6cd9759-3c26-4486-8753-b95fb871c79d@localhost,SuspiciousTitForTat,D,1,1,3432,3432
861,player_960310d1-0c0f-4b13-ae39-7e87e9bc7c0b@localhost,Random,D,player_d6cd9759-3c26-4486-8753-b95fb871c79d@localhost,SuspiciousTitForTat,D,1,1,3433,3433
862,player_960310d1-0c0f-4b13-ae39-7e87e9bc7c0b@localhost,Random,C,player_d6cd9759-3c26-4486-8753-b95fb871c79d@localhost,SuspiciousTitForTat,D,0,10,3433,3443
863,player_960310d1-0c0f-4b13-ae39-7e87e9bc7c0b@localhost,Random,C,player_d6cd9759-3c26-4486-8753-b95fb871c79d@localhost,SuspiciousTitForTat,C,5,5,3438,3448
864,player_960310d1-0c0f-4b13-ae39-7e87e9bc7c0b@localhost,Random,C,player_d6cd9759-3c26-4486-8753-b95fb871c79d@localhost,SuspiciousTitForTat,C,5,5,3443,3453
865,player_960310d1-0c0f-4b13-ae39-7e87e9bc7c0b@localhost,Random,D,player_d6cd9759-3c26-4486-8753-b95fb871c79d@localhost,SuspiciousTitForTat,C,10,0,3453,3453
866,player_960310d1-0c0f-4b13-ae39-7e87e9bc7c0b@localhost,Random,D,player_d6cd9759-3c26-4486-8753-b95fb871c79d@localhost,SuspiciousTitForTat,D,1,1,3454,3454
867,player_960310d1-0c0f-4b13-ae39-7e87e9bc7c0b@localhost,Random,C,player_d6cd9759-3c26-4486-8753-b95fb871c79d@localhost,SuspiciousTitForTat,D,0,10,3454,3464
868,player_960310d1-0c0f-4b13-ae39-7e87e9bc7c0b@localhost,Random,C,player_d6cd9759-3c26-4486-8753-b95fb871c79d@localhost,SuspiciousTitForTat,C,5,5,3459,3469
869,player_960310d1-0c0f-4b13-ae39-7e87e9bc7c0b@localhost,Random,D,player_d6cd9759-3c26-4486-8753-b95fb871c79d@localhost,SuspiciousTitForTat,C,10,0,3469,3469
870,player_960310d1-0c0f-4b13-ae39-7e87e9bc7c0b@localhost,Random,C,player_d6cd9759-3c26-4486-8753-b95fb871c79d@localhost,SuspiciousTitForTat,D,0,10,3469,3479
871,player_960310d1-0c0f-4b13-ae39-7e87e9bc7c0b@localhost,Random,D,player_d6cd9759-3c26-4486-8753-b95fb871c79d@localhost,SuspiciousTitForTat,C,10,0,3479,3479
872,player_960310d1-0c0f-4b13-ae39-7e87e9bc7c0b@localhost,Random,C,player_d6cd9759-3c26-4486-8753-b95fb871c79d@localhost,SuspiciousTitForTat,D,0,10,3479,3489
873,player_960310d1-0c0f-4b13-ae39-7e87e9bc7c0b@localhost,Random,C,player_d6cd9759-3c26-4486-8753-b95fb871c79d@localhost,SuspiciousTitForTat,C,5,5,3484,3494
874,player_960310d1-0c0f-4b13-ae39-7e87e9bc7c0b@localhost,Random,C,player_d6cd9759-3c26-4486-8753-b95fb871c79d@localhost,SuspiciousTitForTat,C,5,5,3489,3499
875,player_960310d1-0c0f-4b13-ae39-7e87e9bc7c0b@localhost,Random,D,player_d6cd9759-3c26-4486-8753-b95fb871c79d@localhost,SuspiciousTitForTat,C,10,0,3499,3499
876,player_960310d1-0c0f-4b13-ae39-7e87e9bc7c0b@localhost,Random,C,player_d6cd9759-3c26-4486-8753-b95fb871c79d@localhost,SuspiciousTitForTat,D,0,10,3499,3509
877,player_960310d1-0c0f-4b13-ae39-7e87e9bc7c0b@localhost,Random,D,player_d6cd9759-3c26-4486-8753-b95fb871c79d@localhost,SuspiciousTitForTat,C,10,0,3509,3509
878,player_960310d1-0c0f-4b13-ae39-7e87e9bc7c0b@localhost,Random,D,player_d6cd9759-3c26-4486-8753-b95fb871c79d@localhost,SuspiciousTitForTat,D,1,1,3510,3510
879,player_960310d1-0c0f-4b13-ae39-7e87e9bc7c0b@localhost,Random,D,player_d6cd9759-3c26-4486-8753-b95fb871c79d@localhost,SuspiciousTitForTat,D,1,1,3511,3511
880,player_960310d1-0c0f-4b13-ae39-7e87e9bc7c0b@localhost,Random,C,player_d6cd9759-3c26-4486-8753-b95fb871c79d@localhost,SuspiciousTitForTat,D,0,10,3511,3521
881,player_960310d1-0c0f-4b13-ae39-7e87e9bc7c0b@localhost,Random,C,player_d6cd9759-3c26-4486-8753-b95fb871c79d@localhost,SuspiciousTitForTat,C,5,5,3516,3526
882,player_960310d1-0c0f-4b13-ae39-7e87e9bc7c0b@localhost,Random,C,player_d6cd9759-3c26-4486-8753-b95fb871c79d@localhost,SuspiciousTitForTat,C,5,5,3521,3531
883,player_960310d1-0c0f-4b13-ae39-7e87e9bc7c0b@localhost,Random,C,player_d6cd9759-3c26-4486-8753-b95fb871c79d@localhost,SuspiciousTitForTat,C,5,5,3526,3536
884,player_960310d1-0c0f-4b13-ae39-7e87e9bc7c0b@localhost,Random,D,player_d6cd9759-3c26-4486-8753-b95fb871c79d@localhost,SuspiciousTitForTat,C,10,0,3536,3536
885,player_960310d1-0c0f-4b13-ae39-7e87e9bc7c0b@localhost,Random,D,player_d6cd9759-3c26-4486-8753-b95fb871c79d@localhost,SuspiciousTitForTat,D,1,1,3537,3537
886,player_960310d1-0c0f-4b13-ae39-7e87e9bc7c0b@localhost,Random,C,player_d6cd9759-3c26-4486-8753-b95fb871c79d@localhost,SuspiciousTitForTat,D,0,10,3537,3547
887,player_960310d1-0c0f-4b13-ae39-7e87e9bc7c0b@localhost,Random,D,player_d6cd9759-3c26-4486-8753-b95fb871c79d@localhost,SuspiciousTitForTat,C,10,0,3547,3547
888,player_960310d1-0c0f-4b13-ae39-7e87e9bc7c0b@localhost,Random,D,player_d6cd9759-3c26-4486-8753-b95fb871c79d@localhost,SuspiciousTitForTat,D,1,1,3548,3548
889,player_960310d1-0c0f-4b13-ae39-7e87e9bc7c0b@localhost,Random,C,player_d6cd9759-3c26-4486-8753-b95fb871c79d@localhost,SuspiciousTitForTat,D,0,10,3548,3558
890,player_960310d1-0c0f-4b13-ae39-7e87e9bc7c0b@localhost,Random,C,player_d6cd9759-3c26-4486-8753-b95fb871c79d@localhost,SuspiciousTitForTat,C,5,5,3553,3563
891,player_960310d1-0c0f-4b13-ae39-7e87e9bc7c0b@localhost,Random,C,player_d6cd9759-3c26-4486-8753-b95fb871c79d@localhost,SuspiciousTitForTat,C,5,5,3558,3568
892,player_960310d1-0c0f-4b13-ae39-7e87e9bc7c0b@localhost,Random,D,player_d6cd9759-3c26-4486-8753-b95fb871c79d@localhost,SuspiciousTitForTat,C,10,0,3568,3568
893,player_960310d1-0c0f-4b13-ae39-7e87e9bc7c0b@localhost,Random,C,player_d6cd9759-3c26-4486-8753-b95fb871c79d@localhost,SuspiciousTitForTat,D,0,10,3568,3578
894,player_960310d1-0c0f-4b13-ae39-7e87e9bc7c0b@localhost,Random,C,player_d6cd9759-3c26-4486-8753-b95fb871c79d@localhost,SuspiciousTitForTat,C,5,5,3573,3583
895,player_960310d1-0c0f-4b13-ae39-7e87e9bc7c0b@localhost,Random,C,player_d6cd9759-3c26-4486-8753-b95fb871c79d@localhost,SuspiciousTitForTat,C,5,5,3578,3588
896,player_960310d1-0c0f-4b13-ae39-7e87e9bc7c0b@localhost,Random,C,player_d6cd9759-3c26-4486-8753-b95fb871c79d@localhost,SuspiciousTitForTat,C,5,5,3583,3593
897,player_960310d1-0c0f-4b13-ae39-7e87e9bc7c0b@localhost,Random,C,player_d6cd9759-3c26-4486-8753-b95fb871c79d@localhost,SuspiciousTitForTat,C,5,5,3588,3598
898,player_960310d1-0c0f-4b13-ae39-7e87e9bc7c0b@localhost,Random,C,player_d6cd9759-3c26-4486-8753-b95fb871c79d@localhost,SuspiciousTitForTat,C,5,5,3593,3603
899,player_960310d1-0c0f-4b13-ae39-7e87e9bc7c0b@localhost,Random,C,player_d6cd9759-3c26-4486-8753-b95fb871c79d@localhost,SuspiciousTitForTat,C,5,5,3598,3608
900,player_960310d1-0c0f-4b13-ae39-7e87e9bc7c0b@localhost,Random,C,player_d6cd9759-3c26-4486-8753-b95fb871c79d@localhost,SuspiciousTitForTat,C,5,5,3603,3613
901,player_960310d1-0c0f-4b13-ae39-7e87e9bc7c0b@localhost,Random,D,player_d6cd9759-3c26-4486-8753-b95fb871c79d@localhost,SuspiciousTitForTat,C,10,0,3613,3613
902,player_960310d1-0c0f-4b13-ae39-7e87e9bc7c0b@localhost,Random,D,player_d6cd9759-3c26-4486-8753-b95fb871c79d@localhost,SuspiciousTitForTat,D,1,1,3614,3614
903,player_960310d1-0c0f-4b13-ae39-7e87e9bc7c0b@localhost,Random,D,player_d6cd9759-3c26-4486-8753-b95fb871c79d@localhost,SuspiciousTitForTat,D,1,1,3615,3615
904,player_960310d1-0c0f-4b13-ae39-7e87e9bc7c0b@localhost,Random,D,player_d6cd9759-3c26-4486-8753-b95fb871c79d@localhost,SuspiciousTitForTat,D,1,1,3616,3616
905,player_960310d1-0c0f-4b13-ae39-7e87e9bc7c0b@localhost,Random,C,player_d6cd9759-3c26-4486-8753-b95fb871c79d@localhost,SuspiciousTitForTat,D,0,10,3616,3626
906,player_960310d1-0c0f-4b13-ae39-7e87e9bc7c0b@localhost,Random,C,player_d6cd9759-3c26-4486-8753-b95fb871c79d@localhost,SuspiciousTitForTat,C,5,5,3621,3631
907,player_960310d1-0c0f-4b13-ae39-7e87e9bc7c0b@localhost,Random,D,player_d6cd9759-3c26-4486-8753-b95fb871c79d@localhost,SuspiciousTitForTat,C,10,0,3631,3631
908,player_960310d1-0c0f-4b13-ae39-7e87e9bc7c0b@localhost,Random,C,player_d6cd9759-3c26-4486-8753-b95fb871c79d@localhost,SuspiciousTitForTat,D,0,10,3631,3641
909,player_960310d1-0c0f-4b13-ae39-7e87e9bc7c0b@localhost,Random,C,player_d6cd9759-3c26-4486-8753-b95fb871c79d@localhost,SuspiciousTitForTat,C,5,5,3636,3646
910,player_960310d1-0c0f-4b13-ae39-7e87e9bc7c0b@localhost,Random,D,player_d6cd9759-3c26-4486-8753-b95fb871c79d@localhost,SuspiciousTitForTat,C,10,0,3646,3646
911,player_960310d1-0c0f-4b13-ae39-7e87e9bc7c0b@localhost,Random,D,player_d6cd9759-3c26-4486-8753-b95fb871c79d@localhost,SuspiciousTitForTat,D,1,1,3647,3647
912,player_960310d1-0c0f-4b13-ae39-7e87e9bc7c0b@localhost,Random,D,player_d6cd9759-3c26-4486-8753-b95fb871c79d@localhost,SuspiciousTitForTat,D,1,1,3648,3648
913,player_960310d1-0c0f-4b13-ae39-7e87e9bc7c0b@localhost,Random,D,player_d6cd9759-3c26-4486-8753-b95fb871c79d@localhost,SuspiciousTitForTat,D,1,1,3649,3649
914,player_960310d1-0c0f-4b13-ae39-7e87e9bc7c0b@localhost,Random,C,player_d6cd9759-3c26-4486-8753-b95fb871c79d@localhost,SuspiciousTitForTat,D,0,10,3649,3659
915,player_960310d1-0c0f-4b13-ae39-7e87e9bc7c0b@localhost,Random,D,player_d6cd9759-3c26-4486-8753-b95fb871c79d@localhost,SuspiciousTitForTat,C,10,0,3659,3659
916,player_960310d1-0c0f-4b13-ae39-7e87e9bc7c0b@localhost,Random,D,player_d6cd9759-3c26-4486-8753-b95fb871c79d@localhost,SuspiciousTitForTat,D,1,1,3660,3660
917,player_960310d1-0c0f-4b13-ae39-7e87e9bc7c0b@localhost,Random,C,player_d6cd9759-3c26-4486-8753-b95fb871c79d@localhost,SuspiciousTitForTat,D,0,10,3660,3670
918,player_960310d1-0c0f-4b13-ae39-7e87e9bc7c0b@localhost,Random,C,player_d6cd9759-3c26-4486-8753-b95fb871c79d@localhost,SuspiciousTitForTat,C,5,5,3665,3675
919,player_960310d1-0c0f-4b13-ae39-7e87e9bc7c0b@localhost,Random,C,player_d6cd9759-3c26-4486-8753-b95fb871c79d@localhost,SuspiciousTitForTat,C,5,5,3670,3680
920,player_960310d1-0c0f-4b13-ae39-7e87e9bc7c0b@localhost,Random,D,player_d6cd9759-3c26-4486-8753-b95fb871c79d@localhost,SuspiciousTitForTat,C,10,0,3680,3680
921,player_960310d1-0c0f-4b13-ae39-7e87e9bc7c0b@localhost,Random,D,player_d6cd9759-3c26-4486-8753-b95fb871c79d@localhost,SuspiciousTitForTat,D,1,1,3681,3681
922,player_960310d1-0c0f-4b13-ae39-7e87e9bc7c0b@localhost,Random,D,player_d6cd9759-3c26-4486-8753-b95fb871c79d@localhost,SuspiciousTitForTat,D,1,1,3682,3682
923,player_960310d1-0c0f-4b13-ae39-7e87e9bc7c0b@localhost,Random,D,player_d6cd9759-3c26-4486-8753-b95fb871c79d@localhost,SuspiciousTitForTat,D,1,1,3683,3683
924,player_960310d1-0c0f-4b13-ae39-7e87e9bc7c0b@localhost,Random,C,player_d6cd9759-3c26-4486-8753-b95fb871c79d@localhost,SuspiciousTitForTat,D,0,10,3683,3693
925,player_960310d1-0c0f-4b13-ae39-7e87e9bc7c0b@localhost,Random,D,player_d6cd9759-3c26-4486-8753-b95fb871c79d@localhost,SuspiciousTitForTat,C,10,0,3693,3693
926,player_960310d1-0c0f-4b13-ae39-7e87e9bc7c0b@localhost,Random,C,player_d6cd9759-3c26-4486-8753-b95fb871c79d@localhost,SuspiciousTitForTat,D,0,10,3693,3703
927,player_960310d1-0c0f-4b13-ae39-7e87e9bc7c0b@localhost,Random,D,player_d6cd9759-3c26-4486-8753-b95fb871c79d@localhost,SuspiciousTitForTat,C,10,0,3703,3703
928,player_960310d1-0c0f-4b13-ae39-7e87e9bc7c0b@localhost,Random,D,player_d6cd9759-3c26-4486-8753-b95fb871c79d@localhost,SuspiciousTitForTat,D,1,1,3704,3704
929,player_960310d1-0c0f-4b13-ae39-7e87e9bc7c0b@localhost,Random,D,player_d6cd9759-3c26-4486-8753-b95fb871c79d@localhost,SuspiciousTitForTat,D,1,1,3705,3705
930,player_960310d1-0c0f-4b13-ae39-7e87e9bc7c0b@localhost,Random,D,player_d6cd9759-3c26-4486-8753-b95fb871c79d@localhost,SuspiciousTitForTat,D,1,1,3706,3706
931,player_960310d1-0c0f-4b13-ae39-7e87e9bc7c0b@localhost,Random,C,player_d6cd9759-3c26-4486-8753-b95fb871c79d@localhost,SuspiciousTitForTat,D,0,10,3706,3716
932,player_960310d1-0c0f-4b13-ae39-7e87e9bc7c0b@localhost,Random,D,player_d6cd9759-3c26-4486-8753-b95fb871c79d@localhost,SuspiciousTitForTat,C,10,0,3716,3716
933,player_960310d1-0c0f-4b13-ae39-7e87e9bc7c0b@localhost,Random,C,player_d6cd9759-3c26-4486-8753-b95fb871c79d@localhost,SuspiciousTitForTat,D,0,10,3716,3726
934,player_960310d1-0c0f-4b13-ae39-7e87e9bc7c0b@localhost,Random,D,player_d6cd9759-3c26-4486-8753-b95fb871c79d@localhost,SuspiciousTitForTat,C,10,0,3726,3726
935,player_960310d1-0c0f-4b13-ae39-7e87e9bc7c0b@localhost,Random,C,player_d6cd9759-3c26-4486-8753-b95fb871c79d@localhost,SuspiciousTitForTat,D,0,10,3726,3736
936,player_960310d1-0c0f-4b13-ae39-7e87e9bc7c0b@localhost,Random,D,player_d6cd9759-3c26-4486-8753-b95fb871c79d@localhost,SuspiciousTitForTat,C,10,0,3736,3736
937,player_960310d1-0c0f-4b13-ae39-7e87e9bc7c0b@localhost,Random,D,player_d6cd9759-3c26-4486-8753-b95fb871c79d@localhost,SuspiciousTitForTat,D,1,1,3737,3737
938,player_960310d1-0c0f-4b13-ae39-7e87e9bc7c0b@localhost,Random,D,player_d6cd9759-3c26-4486-8753-b95fb871c79d@localhost,SuspiciousTitForTat,D,1,1,3738,3738
939,player_960310d1-0c0f-4b13-ae39-7e87e9bc7c0b@localhost,Random,D,player_d6cd9759-3c26-4486-8753-b95fb871c79d@localhost,SuspiciousTitForTat,D,1,1,3739,3739
940,player_960310d1-0c0f-4b13-ae39-7e87e9bc7c0b@localhost,Random,D,player_d6cd9759-3c26-4486-8753-b95fb871c79d@localhost,SuspiciousTitForTat,D,1,1,3740,3740
941,player_960310d1-0c0f-4b13-ae39-7e87e9bc7c0b@localhost,Random,D,player_d6cd9759-3c26-4486-8753-b95fb871c79d@localhost,SuspiciousTitForTat,D,1,1,3741,3741
942,player_960310d1-0c0f-4b13-ae39-7e87e9bc7c0b@localhost,Random,D,player_d6cd9759-3c26-4486-8753-b95fb871c79d@localhost,SuspiciousTitForTat,D,1,1,3742,3742
943,player_960310d1-0c0f-4b13-ae39-7e87e9bc7c0b@localhost,Random,D,player_d6cd9759-3c26-4486-8753-b95fb871c79d@localhost,SuspiciousTitForTat,D,1,1,3743,3743
944,player_960310d1-0c0f-4b13-ae39-7e87e9bc7c0b@localhost,Random,C,player_d6cd9759-3c26-4486-8753-b95fb871c79d@localhost,SuspiciousTitForTat,D,0,10,3743,3753
945,player_960310d1-0c0f-4b13-ae39-7e87e9bc7c0b@localhost,Random,C,player_d6cd9759-3c26-4486-8753-b95fb871c79d@localhost,SuspiciousTitForTat,C,5,5,3748,3758
946,player_960310d1-0c0f-4b13-ae39-7e87e9bc7c0b@localhost,Random,D,player_d6cd9759-3c26-4486-8753-b95fb871c79d@localhost,SuspiciousTitForTat,C,10,0,3758,3758
947,player_960310d1-0c0f-4b13-ae39-7e87e9bc7c0b@localhost,Random,C,player_d6cd9759-3c26-4486-8753-b95fb871c79d@localhost,SuspiciousTitForTat,D,0,10,3758,3768
948,player_960310d1-0c0f-4b13-ae39-7e87e9bc7c0b@localhost,Random,D,player_d6cd9759-3c26-4486-8753-b95fb871c79d@localhost,SuspiciousTitForTat,C,10,0,3768,3768
949,player_960310d1-0c0f-4b13-ae39-7e87e9bc7c0b@localhost,Random,C,player_d6cd9759-3c26-4486-8753-b95fb871c79d@localhost,SuspiciousTitForTat,D,0,10,3768,3778
950,player_960310d1-0c0f-4b13-ae39-7e87e9bc7c0b@localhost,Random,C,player_d6cd9759-3c26-4486-8753-b95fb871c79d@localhost,SuspiciousTitForTat,C,5,5,3773,3783
951,player_960310d1-0c0f-4b13-ae39-7e87e9bc7c0b@localhost,Random,C,player_d6cd9759-3c26-4486-8753-b95fb871c79d@localhost,SuspiciousTitForTat,C,5,5,3778,3788
952,player_960310d1-0c0f-4b13-ae39-7e87e9bc7c0b@localhost,Random,C,player_d6cd9759-3c26-4486-8753-b95fb871c79d@localhost,SuspiciousTitForTat,C,5,5,3783,3793
953,player_960310d1-0c0f-4b13-ae39-7e87e9bc7c0b@localhost,Random,C,player_d6cd9759-3c26-4486-8753-b95fb871c79d@localhost,SuspiciousTitForTat,C,5,5,3788,3798
954,player_960310d1-0c0f-4b13-ae39-7e87e9bc7c0b@localhost,Random,C,player_d6cd9759-3c26-4486-8753-b95fb871c79d@localhost,SuspiciousTitForTat,C,5,5,3793,3803
955,player_960310d1-0c0f-4b13-ae39-7e87e9bc7c0b@localhost,Random,D,player_d6cd9759-3c26-4486-8753-b95fb871c79d@localhost,SuspiciousTitForTat,C,10,0,3803,3803
956,player_960310d1-0c0f-4b13-ae39-7e87e9bc7c0b@localhost,Random,D,player_d6cd9759-3c26-4486-8753-b95fb871c79d@localhost,SuspiciousTitForTat,D,1,1,3804,3804
957,player_960310d1-0c0f-4b13-ae39-7e87e9bc7c0b@localhost,Random,C,player_d6cd9759-3c26-4486-8753-b95fb871c79d@localhost,SuspiciousTitForTat,D,0,10,3804,3814
958,player_960310d1-0c0f-4b13-ae39-7e87e9bc7c0b@localhost,Random,C,player_d6cd9759-3c26-4486-8753-b95fb871c79d@localhost,SuspiciousTitForTat,C,5,5,3809,3819
959,player_960310d1-0c0f-4b13-ae39-7e87e9bc7c0b@localhost,Random,C,player_d6cd9759-3c26-4486-8753-b95fb871c79d@localhost,SuspiciousTitForTat,C,5,5,3814,3824
960,player_960310d1-0c0f-4b13-ae39-7e87e9bc7c0b@localhost,Random,C,player_d6cd9759-3c26-4486-8753-b95fb871c79d@localhost,SuspiciousTitForTat,C,5,5,3819,3829
961,player_960310d1-0c0f-4b13-ae39-7e87e9bc7c0b@localhost,Random,C,player_d6cd9759-3c26-4486-8753-b95fb871c79d@localhost,SuspiciousTitForTat,C,5,5,3824,3834
962,player_960310d1-0c0f-4b13-ae39-7e87e9bc7c0b@localhost,Random,C,player_d6cd9759-3c26-4486-8753-b95fb871c79d@localhost,SuspiciousTitForTat,C,5,5,3829,3839
963,player_960310d1-0c0f-4b13-ae39-7e87e9bc7c0b@localhost,Random,C,player_d6cd9759-3c26-4486-8753-b95fb871c79d@localhost,SuspiciousTitForTat,C,5,5,3834,3844
964,player_960310d1-0c0f-4b13-ae39-7e87e9bc7c0b@localhost,Random,C,player_d6cd9759-3c26-4486-8753-b95fb871c79d@localhost,SuspiciousTitForTat,C,5,5,3839,3849
965,player_960310d1-0c0f-4b13-ae39-7e87e9bc7c0b@localhost,Random,D,player_d6cd9759-3c26-4486-8753-b95fb871c79d@localhost,SuspiciousTitForTat,C,10,0,3849,3849
966,player_960310d1-0c0f-4b13-ae39-7e87e9bc7c0b@localhost,Random,C,player_d6cd9759-3c26-4486-8753-b95fb871c79d@localhost,SuspiciousTitForTat,D,0,10,3849,3859
967,player_960310d1-0c0f-4b13-ae39-7e87e9bc7c0b@localhost,Random,C,player_d6cd9759-3c26-4486-8753-b95fb871c79d@localhost,SuspiciousTitForTat,C,5,5,3854,3864
968,player_960310d1-0c0f-4b13-ae39-7e87e9bc7c0b@localhost,Random,C,player_d6cd9759-3c26-4486-8753-b95fb871c79d@localhost,SuspiciousTitForTat,C,5,5,3859,3869
969,player_960310d1-0c0f-4b13-ae39-7e87e9bc7c0b@localhost,Random,C,player_d6cd9759-3c26-4486-8753-b95fb871c79d@localhost,SuspiciousTitForTat,C,5,5,3864,3874
970,player_960310d1-0c0f-4b13-ae39-7e87e9bc7c0b@localhost,Random,D,player_d6cd9759-3c26-4486-8753-b95fb871c79d@localhost,SuspiciousTitForTat,C,10,0,3874,3874
971,player_960310d1-0c0f-4b13-ae39-7e87e9bc7c0b@localhost,Random,C,player_d6cd9759-3c26-4486-8753-b95fb871c79d@localhost,SuspiciousTitForTat,D,0,10,3874,3884
972,player_960310d1-0c0f-4b13-ae39-7e87e9bc7c0b@localhost,Random,D,player_d6cd9759-3c26-4486-8753-b95fb871c79d@localhost,SuspiciousTitForTat,C,10,0,3884,3884
973,player_960310d1-0c0f-4b13-ae39-7e87e9bc7c0b@localhost,Random,C,player_d6cd9759-3c26-4486-8753-b95fb871c79d@localhost,SuspiciousTitForTat,D,0,10,3884,3894
974,player_960310d1-0c0f-4b13-ae39-7e87e9bc7c0b@localhost,Random,C,player_d6cd9759-3c26-4486-8753-b95fb871c79d@localhost,SuspiciousTitForTat,C,5,5,3889,3899
975,player_960310d1-0c0f-4b13-ae39-7e87e9bc7c0b@localhost,Random,C,player_d6cd9759-3c26-4486-8753-b95fb871c79d@localhost,SuspiciousTitForTat,C,5,5,3894,3904
976,player_960310d1-0c0f-4b13-ae39-7e87e9bc7c0b@localhost,Random,C,player_d6cd9759-3c26-4486-8753-b95fb871c79d@localhost,SuspiciousTitForTat,C,5,5,3899,3909
977,player_960310d1-0c0f-4b13-ae39-7e87e9bc7c0b@localhost,Random,D,player_d6cd9759-3c26-4486-8753-b95fb871c79d@localhost,SuspiciousTitForTat,C,10,0,3909,3909
978,player_960310d1-0c0f-4b13-ae39-7e87e9bc7c0b@localhost,Random,C,player_d6cd9759-3c26-4486-8753-b95fb871c79d@localhost,SuspiciousTitForTat,D,0,10,3909,3919
979,player_960310d1-0c0f-4b13-ae39-7e87e9bc7c0b@localhost,Random,D,player_d6cd9759-3c26-4486-8753-b95fb871c79d@localhost,SuspiciousTitForTat,C,10,0,3919,3919
980,player_960310d1-0c0f-4b13-ae39-7e87e9bc7c0b@localhost,Random,C,player_d6cd9759-3c26-4486-8753-b95fb871c79d@localhost,SuspiciousTitForTat,D,0,10,3919,3929
981,player_960310d1-0c0f-4b13-ae39-7e87e9bc7c0b@localhost,Random,D,player_d6cd9759-3c26-4486-8753-b95fb871c79d@localhost,SuspiciousTitForTat,C,10,0,3929,3929
982,player_960310d1-0c0f-4b13-ae39-7e87e9bc7c0b@localhost,Random,D,player_d6cd9759-3c26-4486-8753-b95fb871c79d@localhost,SuspiciousTitForTat,D,1,1,3930,3930
983,player_960310d1-0c0f-4b13-ae39-7e87e9bc7c0b@localhost,Random,D,player_d6cd9759-3c26-4486-8753-b95fb871c79d@localhost,SuspiciousTitForTat,D,1,1,3931,3931
984,player_960310d1-0c0f-4b13-ae39-7e87e9bc7c0b@localhost,Random,C,player_d6cd9759-3c26-4486-8753-b95fb871c79d@localhost,SuspiciousTitForTat,D,0,10,3931,3941
985,player_960310d1-0c0f-4b13-ae39-7e87e9bc7c0b@localhost,Random,C,player_d6cd9759-3c26-4486-8753-b95fb871c79d@localhost,SuspiciousTitForTat,C,5,5,3936,3946
986,player_960310d1-0c0f-4b13-ae39-7e87e9bc7c0b@localhost,Random,C,player_d6cd9759-3c26-4486-8753-b95fb871c79d@localhost,SuspiciousTitForTat,C,5,5,3941,3951
987,player_960310d1-0c0f-4b13-ae39-7e87e9bc7c0b@localhost,Random,C,player_d6cd9759-3c26-4486-8753-b95fb871c79d@localhost,SuspiciousTitForTat,C,5,5,3946,3956
988,player_960310d1-0c0f-4b13-ae39-7e87e9bc7c0b@localhost,Random,C,player_d6cd9759-3c26-4486-8753-b95fb871c79d@localhost,SuspiciousTitForTat,C,5,5,3951,3961
989,player_960310d1-0c0f-4b13-ae39-7e87e9bc7c0b@localhost,Random,D,player_d6cd9759-3c26-4486-8753-b95fb871c79d@localhost,SuspiciousTitForTat,C,10,0,3961,3961
990,player_960310d1-0c0f-4b13-ae39-7e87e9bc7c0b@localhost,Random,D,player_d6cd9759-3c26-4486-8753-b95fb871c79d@localhost,SuspiciousTitForTat,D,1,1,3962,3962
991,player_960310d1-0c0f-4b13-ae39-7e87e9bc7c0b@localhost,Random,C,player_d6cd9759-3c26-4486-8753-b95fb871c79d@localhost,SuspiciousTitForTat,D,0,10,3962,3972
992,player_960310d1-0c0f-4b13-ae39-7e87e9bc7c0b@localhost,Random,D,player_d6cd9759-3c26-4486-8753-b95fb871c79d@localhost,SuspiciousTitForTat,C,10,0,3972,3972
993,player_960310d1-0c0f-4b13-ae39-7e87e9bc7c0b@localhost,Random,C,player_d6cd9759-3c26-4486-8753-b95fb871c79d@localhost,SuspiciousTitForTat,D,0,10,3972,3982
994,player_960310d1-0c0f-4b13-ae39-7e87e9bc7c0b@localhost,Random,C,player_d6cd9759-3c26-4486-8753-b95fb871c79d@localhost,SuspiciousTitForTat,C,5,5,3977,3987
995,player_960310d1-0c0f-4b13-ae39-7e87e9bc7c0b@localhost,Random,D,player_d6cd9759-3c26-4486-8753-b95fb871c79d@localhost,SuspiciousTitForTat,C,10,0,3987,3987
996,player_960310d1-0c0f-4b13-ae39-7e87e9bc7c0b@localhost,Random,D,player_d6cd9759-3c26-4486-8753-b95fb871c79d@localhost,SuspiciousTitForTat,D,1,1,3988,3988
997,player_960310d1-0c0f-4b13-ae39-7e87e9bc7c0b@localhost,Random,C,player_d6cd9759-3c26-4486-8753-b95fb871c79d@localhost,SuspiciousTitForTat,D,0,10,3988,3998
998,player_960310d1-0c0f-4b13-ae39-7e87e9bc7c0b@localhost,Random,D,player_d6cd9759-3c26-4486-8753-b95fb871c79d@localhost,SuspiciousTitForTat,C,10,0,3998,3998
999,player_960310d1-0c0f-4b13-ae39-7e87e9bc7c0b@localhost,Random,D,player_d6cd9759-3c26-4486-8753-b95fb871c79d@localhost,SuspiciousTitForTat,D,1,1,3999,3999
1000,player_960310d1-0c0f-4b13-ae39-7e87e9bc7c0b@localhost,Random,D,player_d6cd9759-3c26-4486-8753-b95fb871c79d@localhost,SuspiciousTitForTat,D,1,1,4000,4000
,,,,,,,,,,
# AGGREGATED METRICS
# p1_jid,player_960310d1-0c0f-4b13-ae39-7e87e9bc7c0b@localhost
# p2_jid,player_d6cd9759-3c26-4486-8753-b95fb871c79d@localhost
# total_rounds,1000
# cooperation_rate_p1,0.5040
# cooperation_rate_p2,0.5040
# defection_rate_p1,0.4960
# defection_rate_p2,0.4960
# total_payoff_p1,4000
# total_payoff_p2,4000
# avg_payoff_p1,4.0000
# avg_payoff_p2,4.0000
