round,p1_jid,p1_strategy,p1_action,p2_jid,p2_strategy,p2_action,p1_payoff,p2_payoff,p1_cumulative,p2_cumulative
1,player_21feec69-7adc-4a84-b019-c9905a9b99a0@localhost,Random,D,player_f6fda46c-5e93-427f-a1e2-73342cc931f7@localhost,Adaptive,C,10,0,10,0
2,player_21feec69-7adc-4a84-b019-c9905a9b99a0@localhost,Random,C,player_f6fda46c-5e93-427f-a1e2-73342cc931f7@localhost,Adaptive,D,0,10,10,10
3,player_21feec69-7adc-4a84-b019-c9905a9b99a0@localhost,Random,D,player_f6fda46c-5e93-427f-a1e2-73342cc931f7@localhost,Adaptive,C,10,0,20,10
4,player_21feec69-7adc-4a84-b019-c9905a9b99a0@localhost,Random,D,player_f6fda46c-5e93-427f-a1e2-73342cc931f7@localhost,Adaptive,D,1,1,21,11
5,player_21feec69-7adc-4a84-b019-c9905a9b99a0@localhost,Random,C,player_f6fda46c-5e93-427f-a1e2-73342cc931f7@localhost,Adaptive,D,0,10,21,21
6,player_21feec69-7adc-4a84-b019-c9905a9b99a0@localhost,Random,D,player_f6fda46c-5e93-427f-a1e2-73342cc931f7@localhost,Adaptive,D,1,1,22,22
7,player_21feec69-7adc-4a84-b019-c9905a9b99a0@localhost,Random,C,player_f6fda46c-5e93-427f-a1e2-73342cc931f7@localhost,Adaptive,D,0,10,22,32
8,player_21feec69-7adc-4a84-b019-c9905a9b99a0@localhost,Random,D,player_f6fda46c-5e93-427f-a1e2-73342cc931f7@localhost,Adaptive,D,1,1,23,33
9,player_21feec69-7adc-4a84-b019-c9905a9b99a0@localhost,Random,C,player_f6fda46c-5e93-427f-a1e2-73342cc931f7@localhost,Adaptive,D,0,10,23,43
10,player_21feec69-7adc-4a84-b019-c9905a9b99a0@localhost,Random,D,player_f6fda46c-5e93-427f-a1e2-73342cc931f7@localhost,Adaptive,D,1,1,24,44
11,player_21feec69-7adc-4a84-b019-c9905a9b99a0@localhost,Random,D,player_f6fda46c-5e93-427f-a1e2-73342cc931f7@localhost,Adaptive,D,1,1,25,45
12,player_21feec69-7adc-4a84-b019-c9905a9b99a0@localhost,Random,C,player_f6fda46c-5e93-427f-a1e2-73342cc931f7@localhost,Adaptive,D,0,10,25,55
13,player_21feec69-7adc-4a84-b019-c9905a9b99a0@localhost,Random,C,player_f6fda46c-5e93-427f-a1e2-73342cc931f7@localhost,Adaptive,D,0,10,25,65
14,player_21feec69-7adc-4a84-b019-c9905a9b99a0@localhost,Random,C,player_f6fda46c-5e93-427f-a1e2-73342cc931f7@localhost,Adaptive,D,0,10,25,75
15,player_21feec69-7adc-4a84-b019-c9905a9b99a0@localhost,Random,D,player_f6fda46c-5e93-427f-a1e2-73342cc931f7@localhost,Adaptive,C,10,0,35,75
16,player_21feec69-7adc-4a84-b019-c9905a9b99a0@localhost,Random,C,player_f6fda46c-5e93-427f-a1e2-73342cc931f7@localhost,Adaptive,D,0,10,35,85
17,player_21feec69-7adc-4a84-b019-c9905a9b99a0@localhost,Random,D,player_f6fda46c-5e93-427f-a1e2-73342cc931f7@localhost,Adaptive,C,10,0,45,85
18,player_21feec69-7adc-4a84-b019-c9905a9b99a0@localhost,Random,C,player_f6fda46c-5e93-427f-a1e2-73342cc931f7@localhost,Adaptive,D,0,10,45,95
19,player_21feec69-7adc-4a84-b019-c9905a9b99a0@localhost,Random,C,player_f6fda46c-5e93-427f-a1e2-73342cc931f7@localhost,Adaptive,C,5,5,50,100
20,player_21feec69-7adc-4a84-b019-c9905a9b99a0@localhost,Random,C,player_f6fda46c-5e93-427f-a1e2-73342cc931f7@localhost,Adaptive,C,5,5,55,105
21,player_21feec69-7adc-4a84-b019-c9905a9b99a0@localhost,Random,D,player_f6fda46c-5e93-427f-a1e2-73342cc931f7@localhost,Adaptive,C,10,0,65,105
22,player_21feec69-7adc-4a84-b019-c9905a9b99a0@localhost,Random,C,player_f6fda46c-5e93-427f-a1e2-73342cc931f7@localhost,Adaptive,C,5,5,70,110
23,player_21feec69-7adc-4a84-b019-c9905a9b99a0@localhost,Random,C,player_f6fda46c-5e93-427f-a1e2-73342cc931f7@localhost,Adaptive,C,5,5,75,115
24,player_21feec69-7adc-4a84-b019-c9905a9b99a0@localhost,Random,D,player_f6fda46c-5e93-427f-a1e2-73342cc931f7@localhost,Adaptive,C,10,0,85,115
25,player_21feec69-7adc-4a84-b019-c9905a9b99a0@localhost,Random,D,player_f6fda46c-5e93-427f-a1e2-73342cc931f7@localhost,Adaptive,C,10,0,95,115
26,player_21feec69-7adc-4a84-b019-c9905a9b99a0@localhost,Random,C,player_f6fda46c-5e93-427f-a1e2-73342cc931f7@localhost,Adaptive,C,5,5,100,120
27,player_21feec69-7adc-4a84-b019-c9905a9b99a0@localhost,Random,D,player_f6fda46c-5e93-427f-a1e2-73342cc931f7@localhost,Adaptive,C,10,0,110,120
28,player_21feec69-7adc-4a84-b019-c9905a9b99a0@localhost,Random,C,player_f6fda46c-5e93-427f-a1e2-73342cc931f7@localhost,Adaptive,C,5,5,115,125
29,player_21feec69-7adc-4a84-b019-c9905a9b99a0@localhost,Random,D,player_f6fda46c-5e93-427f-a1e2-73342cc931f7@localhost,Adaptive,C,10,0,125,125
30,player_21feec69-7adc-4a84-b019-c9905a9b99a0@localhost,Random,D,player_f6fda46c-5e93-427f-a1e2-73342cc931f7@localhost,Adaptive,C,10,0,135,125
31,player_21feec69-7adc-4a84-b019-c9905a9b99a0@localhost,Random,C,player_f6fda46c-5e93-427f-a1e2-73342cc931f7@localhost,Adaptive,C,5,5,140,130
32,player_21feec69-7adc-4a84-b019-c9905a9b99a0@localhost,Random,C,player_f6fda46c-5e93-427f-a1e2-73342cc931f7@localhost,Adaptive,C,5,5,145,135
33,player_21feec69-7adc-4a84-b019-c9905a9b99a0@localhost,Random,C,player_f6fda46c-5e93-427f-a1e2-73342cc931f7@localhost,Adaptive,C,5,5,150,140
34,player_21feec69-7adc-4a84-b019-c9905a9b99a0@localhost,Random,D,player_f6fda46c-5e93-427f-a1e2-73342cc931f7@localhost,Adaptive,C,10,0,160,140
35,player_21feec69-7adc-4a84-b019-c9905a9b99a0@localhost,Random,D,player_f6fda46c-5e93-427f-a1e2-73342cc931f7@localhost,Adaptive,C,10,0,170,140
36,player_21feec69-7adc-4a84-b019-c9905a9b99a0@localhost,Random,D,player_f6fda46c-5e93-427f-a1e2-73342cc931f7@localhost,Adaptive,C,10,0,180,140
37,player_21feec69-7adc-4a84-b019-c9905a9b99a0@localhost,Random,C,player_f6fda46c-5e93-427f-a1e2-73342cc931f7@localhost,Adaptive,C,5,5,185,145
38,player_21feec69-7adc-4a84-b019-c9905a9b99a0@localhost,Random,D,player_f6fda46c-5e93-427f-a1e2-73342cc931f7@localhost,Adaptive,C,10,0,195,145
39,player_21feec69-7adc-4a84-b019-c9905a9b99a0@localhost,Random,D,player_f6fda46c-5e93-427f-a1e2-73342cc931f7@localhost,Adaptive,C,10,0,205,145
40,player_21feec69-7adc-4a84-b019-c9905a9b99a0@localhost,Random,C,player_f6fda46c-5e93-427f-a1e2-73342cc931f7@localhost,Adaptive,D,0,10,205,155
41,player_21feec69-7adc-4a84-b019-c9905a9b99a0@localhost,Random,C,player_f6fda46c-5e93-427f-a1e2-73342cc931f7@localhost,Adaptive,C,5,5,210,160
42,player_21feec69-7adc-4a84-b019-c9905a9b99a0@localhost,Random,C,player_f6fda46c-5e93-427f-a1e2-73342cc931f7@localhost,Adaptive,C,5,5,215,165
43,player_21feec69-7adc-4a84-b019-c9905a9b99a0@localhost,Random,D,player_f6fda46c-5e93-427f-a1e2-73342cc931f7@localhost,Adaptive,C,10,0,225,165
44,player_21feec69-7adc-4a84-b019-c9905a9b99a0@localhost,Random,C,player_f6fda46c-5e93-427f-a1e2-73342cc931f7@localhost,Adaptive,C,5,5,230,170
45,player_21feec69-7adc-4a84-b019-c9905a9b99a0@localhost,Random,C,player_f6fda46c-5e93-427f-a1e2-73342cc931f7@localhost,Adaptive,C,5,5,235,175
46,player_21feec69-7adc-4a84-b019-c9905a9b99a0@localhost,Random,D,player_f6fda46c-5e93-427f-a1e2-73342cc931f7@localhost,Adaptive,C,10,0,245,175
47,player_21feec69-7adc-4a84-b019-c9905a9b99a0@localhost,Random,D,player_f6fda46c-5e93-427f-a1e2-73342cc931f7@localhost,Adaptive,C,10,0,255,175
48,player_21feec69-7adc-4a84-b019-c9905a9b99a0@localhost,Random,C,player_f6fda46c-5e93-427f-a1e2-73342cc931f7@localhost,Adaptive,C,5,5,260,180
49,player_21feec69-7adc-4a84-b019-c9905a9b99a0@localhost,Random,D,player_f6fda46c-5e93-427f-a1e2-73342cc931f7@localhost,Adaptive,C,10,0,270,180
50,player_21feec69-7adc-4a84-b019-c9905a9b99a0@localhost,Random,D,player_f6fda46c-5e93-427f-a1e2-73342cc931f7@localhost,Adaptive,C,10,0,280,180
51,player_21feec69-7adc-4a84-b019-c9905a9b99a0@localhost,Random,C,player_f6fda46c-5e93-427f-a1e2-73342cc931f7@localhost,Adaptive,C,5,5,285,185
52,player_21feec69-7adc-4a84-b019-c9905a9b99a0@localhost,Random,D,player_f6fda46c-5e93-427f-a1e2-73342cc931f7@localhost,Adaptive,C,10,0,295,185
53,player_21feec69-7adc-4a84-b019-c9905a9b99a0@localhost,Random,C,player_f6fda46c-5e93-427f-a1e2-73342cc931f7@localhost,Adaptive,C,5,5,300,190
54,player_21feec69-7adc-4a84-b019-c9905a9b99a0@localhost,Random,C,player_f6fda46c-5e93-427f-a1e2-73342cc931f7@localhost,Adaptive,C,5,5,305,195
55,player_21feec69-7adc-4a84-b019-c9905a9b99a0@localhost,Random,C,player_f6fda46c-5e93-427f-a1e2-73342cc931f7@localhost,Adaptive,C,5,5,310,200
56,player_21feec69-7adc-4a84-b019-c9905a9b99a0@localhost,Random,D,player_f6fda46c-5e93-427f-a1e2-73342cc931f7@localhost,Adaptive,C,10,0,320,200
57,player_21feec69-7adc-4a84-b019-c9905a9b99a0@localhost,Random,D,player_f6fda46c-5e93-427f-a1e2-73342cc931f7@localhost,Adaptive,C,10,0,330,200
58,player_21feec69-7adc-4a84-b019-c9905a9b99a0@localhost,Random,D,player_f6fda46c-5e93-427f-a1e2-73342cc931f7@localhost,Adaptive,C,10,0,340,200
59,player_21feec69-7adc-4a84-b019-c9905a9b99a0@localhost,Random,C,player_f6fda46c-5e93-427f-a1e2-73342cc931f7@localhost,Adaptive,C,5,5,345,205
60,player_21feec69-7adc-4a84-b019-c9905a9b99a0@localhost,Random,C,player_f6fda46c-5e93-427f-a1e2-73342cc931f7@localhost,Adaptive,C,5,5,350,210
61,player_21feec69-7adc-4a84-b019-c9905a9b99a0@localhost,Random,D,player_f6fda46c-5e93-427f-a1e2-73342cc931f7@localhost,Adaptive,C,10,0,360,210
62,player_21feec69-7adc-4a84-b019-c9905a9b99a0@localhost,Random,D,player_f6fda46c-5e93-427f-a1e2-73342cc931f7@localhost,Adaptive,C,10,0,370,210
63,player_21feec69-7adc-4a84-b019-c9905a9b99a0@localhost,Random,D,player_f6fda46c-5e93-427f-a1e2-73342cc931f7@localhost,Adaptive,C,10,0,380,210
64,player_21feec69-7adc-4a84-b019-c9905a9b99a0@localhost,Random,D,player_f6fda46c-5e93-427f-a1e2-73342cc931f7@localhost,Adaptive,D,1,1,381,211
65,player_21feec69-7adc-4a84-b019-c9905a9b99a0@localhost,Random,C,player_f6fda46c-5e93-427f-a1e2-73342cc931f7@localhost,Adaptive,D,0,10,381,221
66,player_21feec69-7adc-4a84-b019-c9905a9b99a0@localhost,Random,C,player_f6fda46c-5e93-427f-a1e2-73342cc931f7@localhost,Adaptive,D,0,10,381,231
67,player_21feec69-7adc-4a84-b019-c9905a9b99a0@localhost,Random,C,player_f6fda46c-5e93-427f-a1e2-73342cc931f7@localhost,Adaptive,C,5,5,386,236
68,player_21feec69-7adc-4a84-b019-c9905a9b99a0@localhost,Random,D,player_f6fda46c-5e93-427f-a1e2-73342cc931f7@localhost,Adaptive,C,10,0,396,236
69,player_21feec69-7adc-4a84-b019-c9905a9b99a0@localhost,Random,C,player_f6fda46c-5e93-427f-a1e2-73342cc931f7@localhost,Adaptive,C,5,5,401,241
70,player_21feec69-7adc-4a84-b019-c9905a9b99a0@localhost,Random,D,player_f6fda46c-5e93-427f-a1e2-73342cc931f7@localhost,Adaptive,C,10,0,411,241
71,player_21feec69-7adc-4a84-b019-c9905a9b99a0@localhost,Random,C,player_f6fda46c-5e93-427f-a1e2-73342cc931f7@localhost,Adaptive,C,5,5,416,246
72,player_21feec69-7adc-4a84-b019-c9905a9b99a0@localhost,Random,D,player_f6fda46c-5e93-427f-a1e2-73342cc931f7@localhost,Adaptive,C,10,0,426,246
73,player_21feec69-7adc-4a84-b019-c9905a9b99a0@localhost,Random,C,player_f6fda46c-5e93-427f-a1e2-73342cc931f7@localhost,Adaptive,C,5,5,431,251
74,player_21feec69-7adc-4a84-b019-c9905a9b99a0@localhost,Random,C,player_f6fda46c-5e93-427f-a1e2-73342cc931f7@localhost,Adaptive,C,5,5,436,256
75,player_21feec69-7adc-4a84-b019-c9905a9b99a0@localhost,Random,D,player_f6fda46c-5e93-427f-a1e2-73342cc931f7@localhost,Adaptive,C,10,0,446,256
76,player_21feec69-7adc-4a84-b019-c9905a9b99a0@localhost,Random,C,player_f6fda46c-5e93-427f-a1e2-73342cc931f7@localhost,Adaptive,C,5,5,451,261
77,player_21feec69-7adc-4a84-b019-c9905a9b99a0@localhost,Random,C,player_f6fda46c-5e93-427f-a1e2-73342cc931f7@localhost,Adaptive,C,5,5,456,266
78,player_21feec69-7adc-4a84-b019-c9905a9b99a0@localhost,Random,D,player_f6fda46c-5e93-427f-a1e2-73342cc931f7@localhost,Adaptive,C,10,0,466,266
79,player_21feec69-7adc-4a84-b019-c9905a9b99a0@localhost,Random,D,player_f6fda46c-5e93-427f-a1e2-73342cc931f7@localhost,Adaptive,C,10,0,476,266
80,player_21feec69-7adc-4a84-b019-c9905a9b99a0@localhost,Random,D,player_f6fda46c-5e93-427f-a1e2-73342cc931f7@localhost,Adaptive,C,10,0,486,266
81,player_21feec69-7adc-4a84-b019-c9905a9b99a0@localhost,Random,C,player_f6fda46c-5e93-427f-a1e2-73342cc931f7@localhost,Adaptive,C,5,5,491,271
82,player_21feec69-7adc-4a84-b019-c9905a9b99a0@localhost,Random,C,player_f6fda46c-5e93-427f-a1e2-73342cc931f7@localhost,Adaptive,C,5,5,496,276
83,player_21feec69-7adc-4a84-b019-c9905a9b99a0@localhost,Random,D,player_f6fda46c-5e93-427f-a1e2-73342cc931f7@localhost,Adaptive,C,10,0,506,276
84,player_21feec69-7adc-4a84-b019-c9905a9b99a0@localhost,Random,C,player_f6fda46c-5e93-427f-a1e2-73342cc931f7@localhost,Adaptive,C,5,5,511,281
85,player_21feec69-7adc-4a84-b019-c9905a9b99a0@localhost,Random,D,player_f6fda46c-5e93-427f-a1e2-73342cc931f7@localhost,Adaptive,C,10,0,521,281
86,player_21feec69-7adc-4a84-b019-c9905a9b99a0@localhost,Random,D,player_f6fda46c-5e93-427f-a1e2-73342cc931f7@localhost,Adaptive,C,10,0,531,281
87,player_21feec69-7adc-4a84-b019-c9905a9b99a0@localhost,Random,D,player_f6fda46c-5e93-427f-a1e2-73342cc931f7@localhost,Adaptive,C,10,0,541,281
88,player_21feec69-7adc-4a84-b019-c9905a9b99a0@localhost,Random,C,player_f6fda46c-5e93-427f-a1e2-73342cc931f7@localhost,Adaptive,D,0,10,541,291
89,player_21feec69-7adc-4a84-b019-c9905a9b99a0@localhost,Random,D,player_f6fda46c-5e93-427f-a1e2-73342cc931f7@localhost,Adaptive,C,10,0,551,291
90,player_21feec69-7adc-4a84-b019-c9905a9b99a0@localhost,Random,C,player_f6fda46c-5e93-427f-a1e2-73342cc931f7@localhost,Adaptive,D,0,10,551,301
91,player_21feec69-7adc-4a84-b019-c9905a9b99a0@localhost,Random,D,player_f6fda46c-5e93-427f-a1e2-73342cc931f7@localhost,Adaptive,C,10,0,561,301
92,player_21feec69-7adc-4a84-b019-c9905a9b99a0@localhost,Random,C,player_f6fda46c-5e93-427f-a1e2-73342cc931f7@localhost,Adaptive,D,0,10,561,311
93,player_21feec69-7adc-4a84-b019-c9905a9b99a0@localhost,Random,D,player_f6fda46c-5e93-427f-a1e2-73342cc931f7@localhost,Adaptive,C,10,0,571,311
94,player_21feec69-7adc-4a84-b019-c9905a9b99a0@localhost,Random,D,player_f6fda46c-5e93-427f-a1e2-73342cc931f7@localhost,Adaptive,D,1,1,572,312
95,player_21feec69-7adc-4a84-b019-c9905a9b99a0@localhost,Random,D,player_f6fda46c-5e93-427f-a1e2-73342cc931f7@localhost,Adaptive,D,1,1,573,313
96,player_21feec69-7adc-4a84-b019-c9905a9b99a0@localhost,Random,D,player_f6fda46c-5e93-427f-a1e2-73342cc931f7@localhost,Adaptive,D,1,1,574,314
97,player_21feec69-7adc-4a84-b019-c9905a9b99a0@localhost,Random,C,player_f6fda46c-5e93-427f-a1e2-73342cc931f7@localhost,Adaptive,D,0,10,574,324
98,player_21feec69-7adc-4a84-b019-c9905a9b99a0@localhost,Random,C,player_f6fda46c-5e93-427f-a1e2-73342cc931f7@localhost,Adaptive,D,0,10,574,334
99,player_21feec69-7adc-4a84-b019-c9905a9b99a0@localhost,Random,D,player_f6fda46c-5e93-427f-a1e2-73342cc931f7@localhost,Adaptive,D,1,1,575,335
100,player_21feec69-7adc-4a84-b019-c9905a9b99a0@localhost,Random,D,player_f6fda46c-5e93-427f-a1e2-73342cc931f7@localhost,Adaptive,D,1,1,576,336
101,player_21feec69-7adc-4a84-b019-c9905a9b99a0@localhost,Random,D,player_f6fda46c-5e93-427f-a1e2-73342cc931f7@localhost,Adaptive,D,1,1,577,337
102,player_21feec69-7adc-4a84-b019-c9905a9b99a0@localhost,Random,D,player_f6fda46c-5e93-427f-a1e2-73342cc931f7@localhost,Adaptive,D,1,1,578,338
103,player_21feec69-7adc-4a84-b019-c9905a9b99a0@localhost,Random,C,player_f6fda46c-5e93-427f-a1e2-73342cc931f7@localhost,Adaptive,D,0,10,578,348
104,player_21feec69-7adc-4a84-b019-c9905a9b99a0@localhost,Random,C,player_f6fda46c-5e93-427f-a1e2-73342cc931f7@localhost,Adaptive,D,0,10,578,358
105,player_21feec69-7adc-4a84-b019-c9905a9b99a0@localhost,Random,D,player_f6fda46c-5e93-427f-a1e2-73342cc931f7@localhost,Adaptive,D,1,1,579,359
106,player_21feec69-7adc-4a84-b019-c9905a9b99a0@localhost,Random,C,player_f6fda46c-5e93-427f-a1e2-73342cc931f7@localhost,Adaptive,D,0,10,579,369
107,player_21feec69-7adc-4a84-b019-c9905a9b99a0@localhost,Random,C,player_f6fda46c-5e93-427f-a1e2-73342cc931f7@localhost,Adaptive,D,0,10,579,379
108,player_21feec69-7adc-4a84-b019-c9905a9b99a0@localhost,Random,C,player_f6fda46c-5e93-427f-a1e2-73342cc931f7@localhost,Adaptive,D,0,10,579,389
109,player_21feec69-7adc-4a84-b019-c9905a9b99a0@localhost,Random,C,player_f6fda46c-5e93-427f-a1e2-73342cc931f7@localhost,Adaptive,D,0,10,579,399
110,player_21feec69-7adc-4a84-b019-c9905a9b99a0@localhost,Random,C,player_f6fda46c-5e93-427f-a1e2-73342cc931f7@localhost,Adaptive,D,0,10,579,409
111,player_21feec69-7adc-4a84-b019-c9905a9b99a0@localhost,Random,D,player_f6fda46c-5e93-427f-a1e2-73342cc931f7@localhost,Adaptive,C,10,0,589,409
112,player_21feec69-7adc-4a84-b019-c9905a9b99a0@localhost,Random,C,player_f6fda46c-5e93-427f-a1e2-73342cc931f7@localhost,Adaptive,D,0,10,589,419
113,player_21feec69-7adc-4a84-b019-c9905a9b99a0@localhost,Random,D,player_f6fda46c-5e93-427f-a1e2-73342cc931f7@localhost,Adaptive,C,10,0,599,419
114,player_21feec69-7adc-4a84-b019-c9905a9b99a0@localhost,Random,C,player_f6fda46c-5e93-427f-a1e2-73342cc931f7@localhost,Adaptive,D,0,10,599,429
115,player_21feec69-7adc-4a84-b019-c9905a9b99a0@localhost,Random,C,player_f6fda46c-5e93-427f-a1e2-73342cc931f7@localhost,Adaptive,C,5,5,604,434
116,player_21feec69-7adc-4a84-b019-c9905a9b99a0@localhost,Random,C,player_f6fda46c-5e93-427f-a1e2-73342cc931f7@localhost,Adaptive,C,5,5,609,439
117,player_21feec69-7adc-4a84-b019-c9905a9b99a0@localhost,Random,C,player_f6fda46c-5e93-427f-a1e2-73342cc931f7@localhost,Adaptive,C,5,5,614,444
118,player_21feec69-7adc-4a84-b019-c9905a9b99a0@localhost,Random,C,player_f6fda46c-5e93-427f-a1e2-73342cc931f7@localhost,Adaptive,C,5,5,619,449
119,player_21feec69-7adc-4a84-b019-c9905a9b99a0@localhost,Random,D,player_f6fda46c-5e93-427f-a1e2-73342cc931f7@localhost,Adaptive,C,10,0,629,449
120,player_21feec69-7adc-4a84-b019-c9905a9b99a0@localhost,Random,C,player_f6fda46c-5e93-427f-a1e2-73342cc931f7@localhost,Adaptive,C,5,5,634,454
121,player_21feec69-7adc-4a84-b019-c9905a9b99a0@localhost,Random,D,player_f6fda46c-5e93-427f-a1e2-73342cc931f7@localhost,Adaptive,C,10,0,644,454
122,player_21feec69-7adc-4a84-b019-c9905a9b99a0@localhost,Random,D,player_f6fda46c-5e93-427f-a1e2-73342cc931f7@localhost,Adaptive,C,10,0,654,454
123,player_21feec69-7adc-4a84-b019-c9905a9b99a0@localhost,Random,D,player_f6fda46c-5e93-427f-a1e2-73342cc931f7@localhost,Adaptive,C,10,0,664,454
124,player_21feec69-7adc-4a84-b019-c9905a9b99a0@localhost,Random,C,player_f6fda46c-5e93-427f-a1e2-73342cc931f7@localhost,Adaptive,C,5,5,669,459
125,player_21feec69-7adc-4a84-b019-c9905a9b99a0@localhost,Random,D,player_f6fda46c-5e93-427f-a1e2-73342cc931f7@localhost,Adaptive,C,10,0,679,459
126,player_21feec69-7adc-4a84-b019-c9905a9b99a0@localhost,Random,C,player_f6fda46c-5e93-427f-a1e2-73342cc931f7@localhost,Adaptive,C,5,5,684,464
127,player_21feec69-7adc-4a84-b019-c9905a9b99a0@localhost,Random,D,player_f6fda46c-5e93-427f-a1e2-73342cc931f7@localhost,Adaptive,C,10,0,694,464
128,player_21feec69-7adc-4a84-b019-c9905a9b99a0@localhost,Random,D,player_f6fda46c-5e93-427f-a1e2-73342cc931f7@localhost,Adaptive,C,10,0,704,464
129,player_21feec69-7adc-4a84-b019-c9905a9b99a0@localhost,Random,D,player_f6fda46c-5e93-427f-a1e2-73342cc931f7@localhost,Adaptive,C,10,0,714,464
130,player_21feec69-7adc-4a84-b019-c9905a9b99a0@localhost,Random,C,player_f6fda46c-5e93-427f-a1e2-73342cc931f7@localhost,Adaptive,D,0,10,714,474
131,player_21feec69-7adc-4a84-b019-c9905a9b99a0@localhost,Random,C,player_f6fda46c-5e93-427f-a1e2-73342cc931f7@localhost,Adaptive,C,5,5,719,479
132,player_21feec69-7adc-4a84-b019-c9905a9b99a0@localhost,Random,D,player_f6fda46c-5e93-427f-a1e2-73342cc931f7@localhost,Adaptive,C,10,0,729,479
133,player_21feec69-7adc-4a84-b019-c9905a9b99a0@localhost,Random,C,player_f6fda46c-5e93-427f-a1e2-73342cc931f7@localhost,Adaptive,C,5,5,734,484
134,player_21feec69-7adc-4a84-b019-c9905a9b99a0@localhost,Random,C,player_f6fda46c-5e93-427f-a1e2-73342cc931f7@localhost,Adaptive,C,5,5,739,489
135,player_21feec69-7adc-4a84-b019-c9905a9b99a0@localhost,Random,C,player_f6fda46c-5e93-427f-a1e2-73342cc931f7@localhost,Adaptive,C,5,5,744,494
136,player_21feec69-7adc-4a84-b019-c9905a9b99a0@localhost,Random,D,player_f6fda46c-5e93-427f-a1e2-73342cc931f7@localhost,Adaptive,C,10,0,754,494
137,player_21feec69-7adc-4a84-b019-c9905a9b99a0@localhost,Random,D,player_f6fda46c-5e93-427f-a1e2-73342cc931f7@localhost,Adaptive,C,10,0,764,494
138,player_21feec69-7adc-4a84-b019-c9905a9b99a0@localhost,Random,D,player_f6fda46c-5e93-427f-a1e2-73342cc931f7@localhost,Adaptive,C,10,0,774,494
139,player_21feec69-7adc-4a84-b019-c9905a9b99a0@localhost,Random,D,player_f6fda46c-5e93-427f-a1e2-73342cc931f7@localhost,Adaptive,C,10,0,784,494
140,player_21feec69-7adc-4a84-b019-c9905a9b99a0@localhost,Random,D,player_f6fda46c-5e93-427f-a1e2-73342cc931f7@localhost,Adaptive,D,1,1,785,495
141,player_21feec69-7adc-4a84-b019-c9905a9b99a0@localhost,Random,C,player_f6fda46c-5e93-427f-a1e2-73342cc931f7@localhost,Adaptive,D,0,10,785,505
142,player_21feec69-7adc-4a84-b019-c9905a9b99a0@localhost,Random,C,player_f6fda46c-5e93-427f-a1e2-73342cc931f7@localhost,Adaptive,D,0,10,785,515
143,player_21feec69-7adc-4a84-b019-c9905a9b99a0@localhost,Random,D,player_f6fda46c-5e93-427f-a1e2-73342cc931f7@localhost,Adaptive,C,10,0,795,515
144,player_21feec69-7adc-4a84-b019-c9905a9b99a0@localhost,Random,D,player_f6fda46c-5e93-427f-a1e2-73342cc931f7@localhost,Adaptive,D,1,1,796,516
145,player_21feec69-7adc-4a84-b019-c9905a9b99a0@localhost,Random,C,player_f6fda46c-5e93-427f-a1e2-73342cc931f7@localhost,Adaptive,D,0,10,796,526
146,player_21feec69-7adc-4a84-b019-c9905a9b99a0@localhost,Random,D,player_f6fda46c-5e93-427f-a1e2-73342cc931f7@localhost,Adaptive,D,1,1,797,527
147,player_21feec69-7adc-4a84-b019-c9905a9b99a0@localhost,Random,D,player_f6fda46c-5e93-427f-a1e2-73342cc931f7@localhost,Adaptive,D,1,1,798,528
148,player_21feec69-7adc-4a84-b019-c9905a9b99a0@localhost,Random,C,player_f6fda46c-5e93-427f-a1e2-73342cc931f7@localhost,Adaptive,D,0,10,798,538
149,player_21feec69-7adc-4a84-b019-c9905a9b99a0@localhost,Random,D,player_f6fda46c-5e93-427f-a1e2-73342cc931f7@localhost,Adaptive,D,1,1,799,539
150,player_21feec69-7adc-4a84-b019-c9905a9b99a0@localhost,Random,D,player_f6fda46c-5e93-427f-a1e2-73342cc931f7@localhost,Adaptive,D,1,1,800,540
151,player_21feec69-7adc-4a84-b019-c9905a9b99a0@localhost,Random,C,player_f6fda46c-5e93-427f-a1e2-73342cc931f7@localhost,Adaptive,D,0,10,800,550
152,player_21feec69-7adc-4a84-b019-c9905a9b99a0@localhost,Random,D,player_f6fda46c-5e93-427f-a1e2-73342cc931f7@localhost,Adaptive,D,1,1,801,551
153,player_21feec69-7adc-4a84-b019-c9905a9b99a0@localhost,Random,C,player_f6fda46c-5e93-427f-a1e2-73342cc931f7@localhost,Adaptive,D,0,10,801,561
154,player_21feec69-7adc-4a84-b019-c9905a9b99a0@localhost,Random,C,player_f6fda46c-5e93-427f-a1e2-73342cc931f7@localhost,Adaptive,D,0,10,801,571
155,player_21feec69-7adc-4a84-b019-c9905a9b99a0@localhost,Random,D,player_f6fda46c-5e93-427f-a1e2-73342cc931f7@localhost,Adaptive,D,1,1,802,572
156,player_21feec69-7adc-4a84-b019-c9905a9b99a0@localhost,Random,D,player_f6fda46c-5e93-427f-a1e2-73342cc931f7@localhost,Adaptive,D,1,1,803,573
157,player_21feec69-7adc-4a84-b019-c9905a9b99a0@localhost,Random,C,player_f6fda46c-5e93-427f-a1e2-73342cc931f7@localhost,Adaptive,D,0,10,803,583
158,player_21feec69-7adc-4a84-b019-c9905a9b99a0@localhost,Random,C,player_f6fda46c-5e93-427f-a1e2-73342cc931f7@localhost,Adaptive,D,0,10,803,593
159,player_21feec69-7adc-4a84-b019-c9905a9b99a0@localhost,Random,D,player_f6fda46c-5e93-427f-a1e2-73342cc931f7@localhost,Adaptive,D,1,1,804,594
160,player_21feec69-7adc-4a84-b019-c9905a9b99a0@localhost,Random,C,player_f6fda46c-5e93-427f-a1e2-73342cc931f7@localhost,Adaptive,D,0,10,804,604
161,player_21feec69-7adc-4a84-b019-c9905a9b99a0@localhost,Random,C,player_f6fda46c-5e93-427f-a1e2-73342cc931f7@localhost,Adaptive,D,0,10,804,614
162,player_21feec69-7adc-4a84-b019-c9905a9b99a0@localhost,Random,D,player_f6fda46c-5e93-427f-a1e2-73342cc931f7@localhost,Adaptive,D,1,1,805,615
163,player_21feec69-7adc-4a84-b019-c9905a9b99a0@localhost,Random,D,player_f6fda46c-5e93-427f-a1e2-73342cc931f7@localhost,Adaptive,D,1,1,806,616
164,player_21feec69-7adc-4a84-b019-c9905a9b99a0@localhost,Random,D,player_f6fda46c-5e93-427f-a1e2-73342cc931f7@localhost,Adaptive,D,1,1,807,617
165,player_21feec69-7adc-4a84-b019-c9905a9b99a0@localhost,Random,C,player_f6fda46c-5e93-427f-a1e2-73342cc931f7@localhost,Adaptive,D,0,10,807,627
166,player_21feec69-7adc-4a84-b019-c9905a9b99a0@localhost,Random,C,player_f6fda46c-5e93-427f-a1e2-73342cc931f7@localhost,Adaptive,D,0,10,807,637
167,player_21feec69-7adc-4a84-b019-c9905a9b99a0@localhost,Random,D,player_f6fda46c-5e93-427f-a1e2-73342cc931f7@localhost,Adaptive,D,1,1,808,638
168,player_21feec69-7adc-4a84-b019-c9905a9b99a0@localhost,Random,D,player_f6fda46c-5e93-427f-a1e2-73342cc931f7@localhost,Adaptive,D,1,1,809,639
169,player_21feec69-7adc-4a84-b019-c9905a9b99a0@localhost,Random,D,player_f6fda46c-5e93-427f-a1e2-73342cc931f7@localhost,Adaptive,D,1,1,810,640
170,player_21feec69-7adc-4a84-b019-c9905a9b99a0@localhost,Random,C,player_f6fda46c-5e93-427f-a1e2-73342cc931f7@localhost,Adaptive,D,0,10,810,650
171,player_21feec69-7adc-4a84-b019-c9905a9b99a0@localhost,Random,D,player_f6fda46c-5e93-427f-a1e2-73342cc931f7@localhost,Adaptive,D,1,1,811,651
172,player_21feec69-7adc-4a84-b019-c9905a9b99a0@localhost,Random,D,player_f6fda46c-5e93-427f-a1e2-73342cc931f7@localhost,Adaptive,D,1,1,812,652
173,player_21feec69-7adc-4a84-b019-c9905a9b99a0@localhost,Random,C,player_f6fda46c-5e93-427f-a1e2-73342cc931f7@localhost,Adaptive,D,0,10,812,662
174,player_21feec69-7adc-4a84-b019-c9905a9b99a0@localhost,Random,C,player_f6fda46c-5e93-427f-a1e2-73342cc931f7@localhost,Adaptive,D,0,10,812,672
175,player_21feec69-7adc-4a84-b019-c9905a9b99a0@localhost,Random,C,player_f6fda46c-5e93-427f-a1e2-73342cc931f7@localhost,Adaptive,D,0,10,812,682
176,player_21feec69-7adc-4a84-b019-c9905a9b99a0@localhost,Random,D,player_f6fda46c-5e93-427f-a1e2-73342cc931f7@localhost,Adaptive,D,1,1,813,683
177,player_21feec69-7adc-4a84-b019-c9905a9b99a0@localhost,Random,C,player_f6fda46c-5e93-427f-a1e2-73342cc931f7@localhost,Adaptive,D,0,10,813,693
178,player_21feec69-7adc-4a84-b019-c9905a9b99a0@localhost,Random,C,player_f6fda46c-5e93-427f-a1e2-73342cc931f7@localhost,Adaptive,D,0,10,813,703
179,player_21feec69-7adc-4a84-b019-c9905a9b99a0@localhost,Random,D,player_f6fda46c-5e93-427f-a1e2-73342cc931f7@localhost,Adaptive,D,1,1,814,704
180,player_21feec69-7adc-4a84-b019-c9905a9b99a0@localhost,Random,C,player_f6fda46c-5e93-427f-a1e2-73342cc931f7@localhost,Adaptive,D,0,10,814,714
181,player_21feec69-7adc-4a84-b019-c9905a9b99a0@localhost,Random,D,player_f6fda46c-5e93-427f-a1e2-73342cc931f7@localhost,Adaptive,D,1,1,815,715
182,player_21feec69-7adc-4a84-b019-c9905a9b99a0@localhost,Random,D,player_f6fda46c-5e93-427f-a1e2-73342cc931f7@localhost,Adaptive,D,1,1,816,716
183,player_21feec69-7adc-4a84-b019-c9905a9b99a0@localhost,Random,D,player_f6fda46c-5e93-427f-a1e2-73342cc931f7@localhost,Adaptive,D,1,1,817,717
184,player_21feec69-7adc-4a84-b019-c9905a9b99a0@localhost,Random,D,player_f6fda46c-5e93-427f-a1e2-73342cc931f7@localhost,Adaptive,D,1,1,818,718
185,player_21feec69-7adc-4a84-b019-c9905a9b99a0@localhost,Random,D,player_f6fda46c-5e93-427f-a1e2-73342cc931f7@localhost,Adaptive,D,1,1,819,719
186,player_21feec69-7adc-4a84-b019-c9905a9b99a0@localhost,Random,C,player_f6fda46c-5e93-427f-a1e2-73342cc931f7@localhost,Adaptive,D,0,10,819,729
187,player_21feec69-7adc-4a84-b019-c9905a9b99a0@localhost,Random,C,player_f6fda46c-5e93-427f-a1e2-73342cc931f7@localhost,Adaptive,D,0,10,819,739
188,player_21feec69-7adc-4a84-b019-c9905a9b99a0@localhost,Random,C,player_f6fda46c-5e93-427f-a1e2-73342cc931f7@localhost,Adaptive,D,0,10,819,749
189,player_21feec69-7adc-4a84-b019-c9905a9b99a0@localhost,Random,C,player_f6fda46c-5e93-427f-a1e2-73342cc931f7@localhost,Adaptive,D,0,10,819,759
190,player_21feec69-7adc-4a84-b019-c9905a9b99a0@localhost,Random,D,player_f6fda46c-5e93-427f-a1e2-73342cc931f7@localhost,Adaptive,D,1,1,820,760
191,player_21feec69-7adc-4a84-b019-c9905a9b99a0@localhost,Random,D,player_f6fda46c-5e93-427f-a1e2-73342cc931f7@localhost,Adaptive,D,1,1,821,761
192,player_21feec69-7adc-4a84-b019-c9905a9b99a0@localhost,Random,D,player_f6fda46c-5e93-427f-a1e2-73342cc931f7@localhost,Adaptive,D,1,1,822,762
193,player_21feec69-7adc-4a84-b019-c9905a9b99a0@localhost,Random,C,player_f6fda46c-5e93-427f-a1e2-73342cc931f7@localhost,Adaptive,D,0,10,822,772
194,player_21feec69-7adc-4a84-b019-c9905a9b99a0@localhost,Random,C,player_f6fda46c-5e93-427f-a1e2-73342cc931f7@localhost,Adaptive,D,0,10,822,782
195,player_21feec69-7adc-4a84-b019-c9905a9b99a0@localhost,Random,D,player_f6fda46c-5e93-427f-a1e2-73342cc931f7@localhost,Adaptive,D,1,1,823,783
196,player_21feec69-7adc-4a84-b019-c9905a9b99a0@localhost,Random,C,player_f6fda46c-5e93-427f-a1e2-73342cc931f7@localhost,Adaptive,D,0,10,823,793
197,player_21feec69-7adc-4a84-b019-c9905a9b99a0@localhost,Random,C,player_f6fda46c-5e93-427f-a1e2-73342cc931f7@localhost,Adaptive,D,0,10,823,803
198,player_21feec69-7adc-4a84-b019-c9905a9b99a0@localhost,Random,C,player_f6fda46c-5e93-427f-a1e2-73342cc931f7@localhost,Adaptive,D,0,10,823,813
199,player_21feec69-7adc-4a84-b019-c9905a9b99a0@localhost,Random,D,player_f6fda46c-5e93-427f-a1e2-73342cc931f7@localhost,Adaptive,D,1,1,824,814
200,player_21feec69-7adc-4a84-b019-c9905a9b99a0@localhost,Random,C,player_f6fda46c-5e93-427f-a1e2-73342cc931f7@localhost,Adaptive,D,0,10,824,824
201,player_21feec69-7adc-4a84-b019-c9905a9b99a0@localhost,Random,C,player_f6fda46c-5e93-427f-a1e2-73342cc931f7@localhost,Adaptive,D,0,10,824,834
202,player_21feec69-7adc-4a84-b019-c9905a9b99a0@localhost,Random,C,player_f6fda46c-5e93-427f-a1e2-73342cc931f7@localhost,Adaptive,D,0,10,824,844
203,player_21feec69-7adc-4a84-b019-c9905a9b99a0@localhost,Random,D,player_f6fda46c-5e93-427f-a1e2-73342cc931f7@localhost,Adaptive,C,10,0,834,844
204,player_21feec69-7adc-4a84-b019-c9905a9b99a0@localhost,Random,C,player_f6fda46c-5e93-427f-a1e2-73342cc931f7@localhost,Adaptive,D,0,10,834,854
205,player_21feec69-7adc-4a84-b019-c9905a9b99a0@localhost,Random,D,player_f6fda46c-5e93-427f-a1e2-73342cc931f7@localhost,Adaptive,C,10,0,844,854
206,player_21feec69-7adc-4a84-b019-c9905a9b99a0@localhost,Random,C,player_f6fda46c-5e93-427f-a1e2-73342cc931f7@localhost,Adaptive,D,0,10,844,864
207,player_21feec69-7adc-4a84-b019-c9905a9b99a0@localhost,Random,D,player_f6fda46c-5e93-427f-a1e2-73342cc931f7@localhost,Adaptive,C,10,0,854,864
208,player_21feec69-7adc-4a84-b019-c9905a9b99a0@localhost,Random,D,player_f6fda46c-5e93-427f-a1e2-73342cc931f7@localhost,Adaptive,D,1,1,855,865
209,player_21feec69-7adc-4a84-b019-c9905a9b99a0@localhost,Random,D,player_f6fda46c-5e93-427f-a1e2-73342cc931f7@localhost,Adaptive,D,1,1,856,866
210,player_21feec69-7adc-4a84-b019-c9905a9b99a0@localhost,Random,C,player_f6fda46c-5e93-427f-a1e2-73342cc931f7@localhost,Adaptive,D,0,10,856,876
211,player_21feec69-7adc-4a84-b019-c9905a9b99a0@localhost,Random,C,player_f6fda46c-5e93-427f-a1e2-73342cc931f7@localhost,Adaptive,D,0,10,856,886
212,player_21feec69-7adc-4a84-b019-c9905a9b99a0@localhost,Random,C,player_f6fda46c-5e93-427f-a1e2-73342cc931f7@localhost,Adaptive,D,0,10,856,896
213,player_21feec69-7adc-4a84-b019-c9905a9b99a0@localhost,Random,C,player_f6fda46c-5e93-427f-a1e2-73342cc931f7@localhost,Adaptive,C,5,5,861,901
214,player_21feec69-7adc-4a84-b019-c9905a9b99a0@localhost,Random,C,player_f6fda46c-5e93-427f-a1e2-73342cc931f7@localhost,Adaptive,C,5,5,866,906
215,player_21feec69-7adc-4a84-b019-c9905a9b99a0@localhost,Random,D,player_f6fda46c-5e93-427f-a1e2-73342cc931f7@localhost,Adaptive,C,10,0,876,906
216,player_21feec69-7adc-4a84-b019-c9905a9b99a0@localhost,Random,D,player_f6fda46c-5e93-427f-a1e2-73342cc931f7@localhost,Adaptive,C,10,0,886,906
217,player_21feec69-7adc-4a84-b019-c9905a9b99a0@localhost,Random,D,player_f6fda46c-5e93-427f-a1e2-73342cc931f7@localhost,Adaptive,C,10,0,896,906
218,player_21feec69-7adc-4a84-b019-c9905a9b99a0@localhost,Random,D,player_f6fda46c-5e93-427f-a1e2-73342cc931f7@localhost,Adaptive,D,1,1,897,907
219,player_21feec69-7adc-4a84-b019-c9905a9b99a0@localhost,Random,D,player_f6fda46c-5e93-427f-a1e2-73342cc931f7@localhost,Adaptive,D,1,1,898,908
220,player_21feec69-7adc-4a84-b019-c9905a9b99a0@localhost,Random,D,player_f6fda46c-5e93-427f-a1e2-73342cc931f7@localhost,Adaptive,D,1,1,899,909
221,player_21feec69-7adc-4a84-b019-c9905a9b99a0@localhost,Random,C,player_f6fda46c-5e93-427f-a1e2-73342cc931f7@localhost,Adaptive,D,0,10,899,919
222,player_21feec69-7adc-4a84-b019-c9905a9b99a0@localhost,Random,D,player_f6fda46c-5e93-427f-a1e2-73342cc931f7@localhost,Adaptive,D,1,1,900,920
223,player_21feec69-7adc-4a84-b019-c9905a9b99a0@localhost,Random,C,player_f6fda46c-5e93-427f-a1e2-73342cc931f7@localhost,Adaptive,D,0,10,900,930
224,player_21feec69-7adc-4a84-b019-c9905a9b99a0@localhost,Random,C,player_f6fda46c-5e93-427f-a1e2-73342cc931f7@localhost,Adaptive,D,0,10,900,940
225,player_21feec69-7adc-4a84-b019-c9905a9b99a0@localhost,Random,C,player_f6fda46c-5e93-427f-a1e2-73342cc931f7@localhost,Adaptive,D,0,10,900,950
226,player_21feec69-7adc-4a84-b019-c9905a9b99a0@localhost,Random,C,player_f6fda46c-5e93-427f-a1e2-73342cc931f7@localhost,Adaptive,D,0,10,900,960
227,player_21feec69-7adc-4a84-b019-c9905a9b99a0@localhost,Random,C,player_f6fda46c-5e93-427f-a1e2-73342cc931f7@localhost,Adaptive,C,5,5,905,965
228,player_21feec69-7adc-4a84-b019-c9905a9b99a0@localhost,Random,C,player_f6fda46c-5e93-427f-a1e2-73342cc931f7@localhost,Adaptive,C,5,5,910,970
229,player_21feec69-7adc-4a84-b019-c9905a9b99a0@localhost,Random,D,player_f6fda46c-5e93-427f-a1e2-73342cc931f7@localhost,Adaptive,C,10,0,920,970
230,player_21feec69-7adc-4a84-b019-c9905a9b99a0@localhost,Random,D,player_f6fda46c-5e93-427f-a1e2-73342cc931f7@localhost,Adaptive,C,10,0,930,970
231,player_21feec69-7adc-4a84-b019-c9905a9b99a0@localhost,Random,D,player_f6fda46c-5e93-427f-a1e2-73342cc931f7@localhost,Adaptive,C,10,0,940,970
232,player_21feec69-7adc-4a84-b019-c9905a9b99a0@localhost,Random,C,player_f6fda46c-5e93-427f-a1e2-73342cc931f7@localhost,Adaptive,D,0,10,940,980
233,player_21feec69-7adc-4a84-b019-c9905a9b99a0@localhost,Random,D,player_f6fda46c-5e93-427f-a1e2-73342cc931f7@localhost,Adaptive,C,10,0,950,980
234,player_21feec69-7adc-4a84-b019-c9905a9b99a0@localhost,Random,C,player_f6fda46c-5e93-427f-a1e2-73342cc931f7@localhost,Adaptive,D,0,10,950,990
235,player_21feec69-7adc-4a84-b019-c9905a9b99a0@localhost,Random,C,player_f6fda46c-5e93-427f-a1e2-73342cc931f7@localhost,Adaptive,C,5,5,955,995
236,player_21feec69-7adc-4a84-b019-c9905a9b99a0@localhost,Random,D,player_f6fda46c-5e93-427f-a1e2-73342cc931f7@localhost,Adaptive,C,10,0,965,995
237,player_21feec69-7adc-4a84-b019-c9905a9b99a0@localhost,Random,C,player_f6fda46c-5e93-427f-a1e2-73342cc931f7@localhost,Adaptive,C,5,5,970,1000
238,player_21feec69-7adc-4a84-b019-c9905a9b99a0@localhost,Random,C,player_f6fda46c-5e93-427f-a1e2-73342cc931f7@localhost,Adaptive,C,5,5,975,1005
239,player_21feec69-7adc-4a84-b019-c9905a9b99a0@localhost,Random,C,player_f6fda46c-5e93-427f-a1e2-73342cc931f7@localhost,Adaptive,C,5,5,980,1010
240,player_21feec69-7adc-4a84-b019-c9905a9b99a0@localhost,Random,D,player_f6fda46c-5e93-427f-a1e2-73342cc931f7@localhost,Adaptive,C,10,0,990,1010
241,player_21feec69-7adc-4a84-b019-c9905a9b99a0@localhost,Random,D,player_f6fda46c-5e93-427f-a1e2-73342cc931f7@localhost,Adaptive,C,10,0,1000,1010
242,player_21feec69-7adc-4a84-b019-c9905a9b99a0@localhost,Random,D,player_f6fda46c-5e93-427f-a1e2-73342cc931f7@localhost,Adaptive,C,10,0,1010,1010
243,player_21feec69-7adc-4a84-b019-c9905a9b99a0@localhost,Random,C,player_f6fda46c-5e93-427f-a1e2-73342cc931f7@localhost,Adaptive,C,5,5,1015,1015
244,player_21feec69-7adc-4a84-b019-c9905a9b99a0@localhost,Random,C,player_f6fda46c-5e93-427f-a1e2-73342cc931f7@localhost,Adaptive,C,5,5,1020,1020
245,player_21feec69-7adc-4a84-b019-c9905a9b99a0@localhost,Random,C,player_f6fda46c-5e93-427f-a1e2-73342cc931f7@localhost,Adaptive,C,5,5,1025,1025
246,player_21feec69-7adc-4a84-b019-c9905a9b99a0@localhost,Random,C,player_f6fda46c-5e93-427f-a1e2-73342cc931f7@localhost,Adaptive,C,5,5,1030,1030
247,player_21feec69-7adc-4a84-b019-c9905a9b99a0@localhost,Random,D,player_f6fda46c-5e93-427f-a1e2-73342cc931f7@localhost,Adaptive,C,10,0,1040,1030
248,player_21feec69-7adc-4a84-b019-c9905a9b99a0@localhost,Random,D,player_f6fda46c-5e93-427f-a1e2-73342cc931f7@localhost,Adaptive,C,10,0,1050,1030
249,player_21feec69-7adc-4a84-b019-c9905a9b99a0@localhost,Random,D,player_f6fda46c-5e93-427f-a1e2-73342cc931f7@localhost,Adaptive,C,10,0,1060,1030
250,player_21feec69-7adc-4a84-b019-c9905a9b99a0@localhost,Random,C,player_f6fda46c-5e93-427f-a1e2-73342cc931f7@localhost,Adaptive,C,5,5,1065,1035
251,player_21feec69-7adc-4a84-b019-c9905a9b99a0@localhost,Random,C,player_f6fda46c-5e93-427f-a1e2-73342cc931f7@localhost,Adaptive,C,5,5,1070,1040
252,player_21feec69-7adc-4a84-b019-c9905a9b99a0@localhost,Random,D,player_f6fda46c-5e93-427f-a1e2-73342cc931f7@localhost,Adaptive,C,10,0,1080,1040
253,player_21feec69-7adc-4a84-b019-c9905a9b99a0@localhost,Random,C,player_f6fda46c-5e93-427f-a1e2-73342cc931f7@localhost,Adaptive,C,5,5,1085,1045
254,player_21feec69-7adc-4a84-b019-c9905a9b99a0@localhost,Random,D,player_f6fda46c-5e93-427f-a1e2-73342cc931f7@localhost,Adaptive,C,10,0,1095,1045
255,player_21feec69-7adc-4a84-b019-c9905a9b99a0@localhost,Random,D,player_f6fda46c-5e93-427f-a1e2-73342cc931f7@localhost,Adaptive,C,10,0,1105,1045
256,player_21feec69-7adc-4a84-b019-c9905a9b99a0@localhost,Random,D,player_f6fda46c-5e93-427f-a1e2-73342cc931f7@localhost,Adaptive,C,10,0,1115,1045
257,player_21feec69-7adc-4a84-b019-c9905a9b99a0@localhost,Random,D,player_f6fda46c-5e93-427f-a1e2-73342cc931f7@localhost,Adaptive,C,10,0,1125,1045
258,player_21feec69-7adc-4a84-b019-c9905a9b99a0@localhost,Random,C,player_f6fda46c-5e93-427f-a1e2-73342cc931f7@localhost,Adaptive,D,0,10,1125,1055
259,player_21feec69-7adc-4a84-b019-c9905a9b99a0@localhost,Random,C,player_f6fda46c-5e93-427f-a1e2-73342cc931f7@localhost,Adaptive,C,5,5,1130,1060
260,player_21feec69-7adc-4a84-b019-c9905a9b99a0@localhost,Random,C,player_f6fda46c-5e93-427f-a1e2-73342cc931f7@localhost,Adaptive,C,5,5,1135,1065
261,player_21feec69-7adc-4a84-b019-c9905a9b99a0@localhost,Random,C,player_f6fda46c-5e93-427f-a1e2-73342cc931f7@localhost,Adaptive,C,5,5,1140,1070
262,player_21feec69-7adc-4a84-b019-c9905a9b99a0@localhost,Random,C,player_f6fda46c-5e93-427f-a1e2-73342cc931f7@localhost,Adaptive,C,5,5,1145,1075
263,player_21feec69-7adc-4a84-b019-c9905a9b99a0@localhost,Random,C,player_f6fda46c-5e93-427f-a1e2-73342cc931f7@localhost,Adaptive,C,5,5,1150,1080
264,player_21feec69-7adc-4a84-b019-c9905a9b99a0@localhost,Random,D,player_f6fda46c-5e93-427f-a1e2-73342cc931f7@localhost,Adaptive,C,10,0,1160,1080
265,player_21feec69-7adc-4a84-b019-c9905a9b99a0@localhost,Random,D,player_f6fda46c-5e93-427f-a1e2-73342cc931f7@localhost,Adaptive,C,10,0,1170,1080
266,player_21feec69-7adc-4a84-b019-c9905a9b99a0@localhost,Random,D,player_f6fda46c-5e93-427f-a1e2-73342cc931f7@localhost,Adaptive,C,10,0,1180,1080
267,player_21feec69-7adc-4a84-b019-c9905a9b99a0@localhost,Random,D,player_f6fda46c-5e93-427f-a1e2-73342cc931f7@localhost,Adaptive,C,10,0,1190,1080
268,player_21feec69-7adc-4a84-b019-c9905a9b99a0@localhost,Random,C,player_f6fda46c-5e93-427f-a1e2-73342cc931f7@localhost,Adaptive,C,5,5,1195,1085
269,player_21feec69-7adc-4a84-b019-c9905a9b99a0@localhost,Random,C,player_f6fda46c-5e93-427f-a1e2-73342cc931f7@localhost,Adaptive,C,5,5,1200,1090
270,player_21feec69-7adc-4a84-b019-c9905a9b99a0@localhost,Random,C,player_f6fda46c-5e93-427f-a1e2-73342cc931f7@localhost,Adaptive,C,5,5,1205,1095
271,player_21feec69-7adc-4a84-b019-c9905a9b99a0@localhost,Random,C,player_f6fda46c-5e93-427f-a1e2-73342cc931f7@localhost,Adaptive,C,5,5,1210,1100
272,player_21feec69-7adc-4a84-b019-c9905a9b99a0@localhost,Random,D,player_f6fda46c-5e93-427f-a1e2-73342cc931f7@localhost,Adaptive,C,10,0,1220,1100
273,player_21feec69-7adc-4a84-b019-c9905a9b99a0@localhost,Random,C,player_f6fda46c-5e93-427f-a1e2-73342cc931f7@localhost,Adaptive,C,5,5,1225,1105
274,player_21feec69-7adc-4a84-b019-c9905a9b99a0@localhost,Random,D,player_f6fda46c-5e93-427f-a1e2-73342cc931f7@localhost,Adaptive,C,10,0,1235,1105
275,player_21feec69-7adc-4a84-b019-c9905a9b99a0@localhost,Random,C,player_f6fda46c-5e93-427f-a1e2-73342cc931f7@localhost,Adaptive,C,5,5,1240,1110
276,player_21feec69-7adc-4a84-b019-c9905a9b99a0@localhost,Random,D,player_f6fda46c-5e93-427f-a1e2-73342cc931f7@localhost,Adaptive,C,10,0,1250,1110
277,player_21feec69-7adc-4a84-b019-c9905a9b99a0@localhost,Random,D,player_f6fda46c-5e93-427f-a1e2-73342cc931f7@localhost,Adaptive,C,10,0,1260,1110
278,player_21feec69-7adc-4a84-b019-c9905a9b99a0@localhost,Random,D,player_f6fda46c-5e93-427f-a1e2-73342cc931f7@localhost,Adaptive,C,10,0,1270,1110
279,player_21feec69-7adc-4a84-b019-c9905a9b99a0@localhost,Random,D,player_f6fda46c-5e93-427f-a1e2-73342cc931f7@localhost,Adaptive,C,10,0,1280,1110
280,player_21feec69-7adc-4a84-b019-c9905a9b99a0@localhost,Random,D,player_f6fda46c-5e93-427f-a1e2-73342cc931f7@localhost,Adaptive,C,10,0,1290,1110
281,player_21feec69-7adc-4a84-b019-c9905a9b99a0@localhost,Random,C,player_f6fda46c-5e93-427f-a1e2-73342cc931f7@localhost,Adaptive,C,5,5,1295,1115
282,player_21feec69-7adc-4a84-b019-c9905a9b99a0@localhost,Random,D,player_f6fda46c-5e93-427f-a1e2-73342cc931f7@localhost,Adaptive,C,10,0,1305,1115
283,player_21feec69-7adc-4a84-b019-c9905a9b99a0@localhost,Random,D,player_f6fda46c-5e93-427f-a1e2-73342cc931f7@localhost,Adaptive,C,10,0,1315,1115
284,player_21feec69-7adc-4a84-b019-c9905a9b99a0@localhost,Random,C,player_f6fda46c-5e93-427f-a1e2-73342cc931f7@localhost,Adaptive,D,0,10,1315,1125
285,player_21feec69-7adc-4a84-b019-c9905a9b99a0@localhost,Random,D,player_f6fda46c-5e93-427f-a1e2-73342cc931f7@localhost,Adaptive,C,10,0,1325,1125
286,player_21feec69-7adc-4a84-b019-c9905a9b99a0@localhost,Random,D,player_f6fda46c-5e93-427f-a1e2-73342cc931f7@localhost,Adaptive,D,1,1,1326,1126
287,player_21feec69-7adc-4a84-b019-c9905a9b99a0@localhost,Random,D,player_f6fda46c-5e93-427f-a1e2-73342cc931f7@localhost,Adaptive,D,1,1,1327,1127
288,player_21feec69-7adc-4a84-b019-c9905a9b99a0@localhost,Random,D,player_f6fda46c-5e93-427f-a1e2-73342cc931f7@localhost,Adaptive,D,1,1,1328,1128
289,player_21feec69-7adc-4a84-b019-c9905a9b99a0@localhost,Random,D,player_f6fda46c-5e93-427f-a1e2-73342cc931f7@localhost,Adaptive,D,1,1,1329,1129
290,player_21feec69-7adc-4a84-b019-c9905a9b99a0@localhost,Random,D,player_f6fda46c-5e93-427f-a1e2-73342cc931f7@localhost,Adaptive,D,1,1,1330,1130
291,player_21feec69-7adc-4a84-b019-c9905a9b99a0@localhost,Random,D,player_f6fda46c-5e93-427f-a1e2-73342cc931f7@localhost,Adaptive,D,1,1,1331,1131
292,player_21feec69-7adc-4a84-b019-c9905a9b99a0@localhost,Random,C,player_f6fda46c-5e93-427f-a1e2-73342cc931f7@localhost,Adaptive,D,0,10,1331,1141
293,player_21feec69-7adc-4a84-b019-c9905a9b99a0@localhost,Random,C,player_f6fda46c-5e93-427f-a1e2-73342cc931f7@localhost,Adaptive,D,0,10,1331,1151
294,player_21feec69-7adc-4a84-b019-c9905a9b99a0@localhost,Random,D,player_f6fda46c-5e93-427f-a1e2-73342cc931f7@localhost,Adaptive,D,1,1,1332,1152
295,player_21feec69-7adc-4a84-b019-c9905a9b99a0@localhost,Random,D,player_f6fda46c-5e93-427f-a1e2-73342cc931f7@localhost,Adaptive,D,1,1,1333,1153
296,player_21feec69-7adc-4a84-b019-c9905a9b99a0@localhost,Random,C,player_f6fda46c-5e93-427f-a1e2-73342cc931f7@localhost,Adaptive,D,0,10,1333,1163
297,player_21feec69-7adc-4a84-b019-c9905a9b99a0@localhost,Random,D,player_f6fda46c-5e93-427f-a1e2-73342cc931f7@localhost,Adaptive,D,1,1,1334,1164
298,player_21feec69-7adc-4a84-b019-c9905a9b99a0@localhost,Random,C,player_f6fda46c-5e93-427f-a1e2-73342cc931f7@localhost,Adaptive,D,0,10,1334,1174
299,player_21feec69-7adc-4a84-b019-c9905a9b99a0@localhost,Random,D,player_f6fda46c-5e93-427f-a1e2-73342cc931f7@localhost,Adaptive,D,1,1,1335,1175
300,player_21feec69-7adc-4a84-b019-c9905a9b99a0@localhost,Random,C,player_f6fda46c-5e93-427f-a1e2-73342cc931f7@localhost,Adaptive,D,0,10,1335,1185
301,player_21feec69-7adc-4a84-b019-c9905a9b99a0@localhost,Random,C,player_f6fda46c-5e93-427f-a1e2-73342cc931f7@localhost,Adaptive,D,0,10,1335,1195
302,player_21feec69-7adc-4a84-b019-c9905a9b99a0@localhost,Random,C,player_f6fda46c-5e93-427f-a1e2-73342cc931f7@localhost,Adaptive,D,0,10,1335,1205
303,player_21feec69-7adc-4a84-b019-c9905a9b99a0@localhost,Random,D,player_f6fda46c-5e93-427f-a1e2-73342cc931f7@localhost,Adaptive,D,1,1,1336,1206
304,player_21feec69-7adc-4a84-b019-c9905a9b99a0@localhost,Random,D,player_f6fda46c-5e93-427f-a1e2-73342cc931f7@localhost,Adaptive,D,1,1,1337,1207
305,player_21feec69-7adc-4a84-b019-c9905a9b99a0@localhost,Random,C,player_f6fda46c-5e93-427f-a1e2-73342cc931f7@localhost,Adaptive,D,0,10,1337,1217
306,player_21feec69-7adc-4a84-b019-c9905a9b99a0@localhost,Random,C,player_f6fda46c-5e93-427f-a1e2-73342cc931f7@localhost,Adaptive,D,0,10,1337,1227
307,player_21feec69-7adc-4a84-b019-c9905a9b99a0@localhost,Random,D,player_f6fda46c-5e93-427f-a1e2-73342cc931f7@localhost,Adaptive,D,1,1,1338,1228
308,player_21feec69-7adc-4a84-b019-c9905a9b99a0@localhost,Random,D,player_f6fda46c-5e93-427f-a1e2-73342cc931f7@localhost,Adaptive,D,1,1,1339,1229
309,player_21feec69-7adc-4a84-b019-c9905a9b99a0@localhost,Random,D,player_f6fda46c-5e93-427f-a1e2-73342cc931f7@localhost,Adaptive,D,1,1,1340,1230
310,player_21feec69-7adc-4a84-b019-c9905a9b99a0@localhost,Random,C,player_f6fda46c-5e93-427f-a1e2-73342cc931f7@localhost,Adaptive,D,0,10,1340,1240
311,player_21feec69-7adc-4a84-b019-c9905a9b99a0@localhost,Random,C,player_f6fda46c-5e93-427f-a1e2-73342cc931f7@localhost,Adaptive,D,0,10,1340,1250
312,player_21feec69-7adc-4a84-b019-c9905a9b99a0@localhost,Random,C,player_f6fda46c-5e93-427f-a1e2-73342cc931f7@localhost,Adaptive,D,0,10,1340,1260
313,player_21feec69-7adc-4a84-b019-c9905a9b99a0@localhost,Random,D,player_f6fda46c-5e93-427f-a1e2-73342cc931f7@localhost,Adaptive,D,1,1,1341,1261
314,player_21feec69-7adc-4a84-b019-c9905a9b99a0@localhost,Random,D,player_f6fda46c-5e93-427f-a1e2-73342cc931f7@localhost,Adaptive,D,1,1,1342,1262
315,player_21feec69-7adc-4a84-b019-c9905a9b99a0@localhost,Random,C,player_f6fda46c-5e93-427f-a1e2-73342cc931f7@localhost,Adaptive,D,0,10,1342,1272
316,player_21feec69-7adc-4a84-b019-c9905a9b99a0@localhost,Random,D,player_f6fda46c-5e93-427f-a1e2-73342cc931f7@localhost,Adaptive,D,1,1,1343,1273
317,player_21feec69-7adc-4a84-b019-c9905a9b99a0@localhost,Random,D,player_f6fda46c-5e93-427f-a1e2-73342cc931f7@localhost,Adaptive,D,1,1,1344,1274
318,player_21feec69-7adc-4a84-b019-c9905a9b99a0@localhost,Random,C,player_f6fda46c-5e93-427f-a1e2-73342cc931f7@localhost,Adaptive,D,0,10,1344,1284
319,player_21feec69-7adc-4a84-b019-c9905a9b99a0@localhost,Random,D,player_f6fda46c-5e93-427f-a1e2-73342cc931f7@localhost,Adaptive,D,1,1,1345,1285
320,player_21feec69-7adc-4a84-b019-c9905a9b99a0@localhost,Random,D,player_f6fda46c-5e93-427f-a1e2-73342cc931f7@localhost,Adaptive,D,1,1,1346,1286
321,player_21feec69-7adc-4a84-b019-c9905a9b99a0@localhost,Random,C,player_f6fda46c-5e93-427f-a1e2-73342cc931f7@localhost,Adaptive,D,0,10,1346,1296
322,player_21feec69-7adc-4a84-b019-c9905a9b99a0@localhost,Random,D,player_f6fda46c-5e93-427f-a1e2-73342cc931f7@localhost,Adaptive,D,1,1,1347,1297
323,player_21feec69-7adc-4a84-b019-c9905a9b99a0@localhost,Random,D,player_f6fda46c-5e93-427f-a1e2-73342cc931f7@localhost,Adaptive,D,1,1,1348,1298
324,player_21feec69-7adc-4a84-b019-c9905a9b99a0@localhost,Random,C,player_f6fda46c-5e93-427f-a1e2-73342cc931f7@localhost,Adaptive,D,0,10,1348,1308
325,player_21feec69-7adc-4a84-b019-c9905a9b99a0@localhost,Random,C,player_f6fda46c-5e93-427f-a1e2-73342cc931f7@localhost,Adaptive,D,0,10,1348,1318
326,player_21feec69-7adc-4a84-b019-c9905a9b99a0@localhost,Random,D,player_f6fda46c-5e93-427f-a1e2-73342cc931f7@localhost,Adaptive,D,1,1,1349,1319
327,player_21feec69-7adc-4a84-b019-c9905a9b99a0@localhost,Random,D,player_f6fda46c-5e93-427f-a1e2-73342cc931f7@localhost,Adaptive,D,1,1,1350,1320
328,player_21feec69-7adc-4a84-b019-c9905a9b99a0@localhost,Random,D,player_f6fda46c-5e93-427f-a1e2-73342cc931f7@localhost,Adaptive,D,1,1,1351,1321
329,player_21feec69-7adc-4a84-b019-c9905a9b99a0@localhost,Random,C,player_f6fda46c-5e93-427f-a1e2-73342cc931f7@localhost,Adaptive,D,0,10,1351,1331
330,player_21feec69-7adc-4a84-b019-c9905a9b99a0@localhost,Random,D,player_f6fda46c-5e93-427f-a1e2-73342cc931f7@localhost,Adaptive,D,1,1,1352,1332
331,player_21feec69-7adc-4a84-b019-c9905a9b99a0@localhost,Random,C,player_f6fda46c-5e93-427f-a1e2-73342cc931f7@localhost,Adaptive,D,0,10,1352,1342
332,player_21feec69-7adc-4a84-b019-c9905a9b99a0@localhost,Random,C,player_f6fda46c-5e93-427f-a1e2-73342cc931f7@localhost,Adaptive,D,0,10,1352,1352
333,player_21feec69-7adc-4a84-b019-c9905a9b99a0@localhost,Random,C,player_f6fda46c-5e93-427f-a1e2-73342cc931f7@localhost,Adaptive,D,0,10,1352,1362
334,player_21feec69-7adc-4a84-b019-c9905a9b99a0@localhost,Random,D,player_f6fda46c-5e93-427f-a1e2-73342cc931f7@localhost,Adaptive,D,1,1,1353,1363
335,player_21feec69-7adc-4a84-b019-c9905a9b99a0@localhost,Random,D,player_f6fda46c-5e93-427f-a1e2-73342cc931f7@localhost,Adaptive,D,1,1,1354,1364
336,player_21feec69-7adc-4a84-b019-c9905a9b99a0@localhost,Random,D,player_f6fda46c-5e93-427f-a1e2-73342cc931f7@localhost,Adaptive,D,1,1,1355,1365
337,player_21feec69-7adc-4a84-b019-c9905a9b99a0@localhost,Random,C,player_f6fda46c-5e93-427f-a1e2-73342cc931f7@localhost,Adaptive,D,0,10,1355,1375
338,player_21feec69-7adc-4a84-b019-c9905a9b99a0@localhost,Random,C,player_f6fda46c-5e93-427f-a1e2-73342cc931f7@localhost,Adaptive,D,0,10,1355,1385
339,player_21feec69-7adc-4a84-b019-c9905a9b99a0@localhost,Random,D,player_f6fda46c-5e93-427f-a1e2-73342cc931f7@localhost,Adaptive,D,1,1,1356,1386
340,player_21feec69-7adc-4a84-b019-c9905a9b99a0@localhost,Random,C,player_f6fda46c-5e93-427f-a1e2-73342cc931f7@localhost,Adaptive,D,0,10,1356,1396
341,player_21feec69-7adc-4a84-b019-c9905a9b99a0@localhost,Random,C,player_f6fda46c-5e93-427f-a1e2-73342cc931f7@localhost,Adaptive,D,0,10,1356,1406
342,player_21feec69-7adc-4a84-b019-c9905a9b99a0@localhost,Random,C,player_f6fda46c-5e93-427f-a1e2-73342cc931f7@localhost,Adaptive,D,0,10,1356,1416
343,player_21feec69-7adc-4a84-b019-c9905a9b99a0@localhost,Random,D,player_f6fda46c-5e93-427f-a1e2-73342cc931f7@localhost,Adaptive,D,1,1,1357,1417
344,player_21feec69-7adc-4a84-b019-c9905a9b99a0@localhost,Random,D,player_f6fda46c-5e93-427f-a1e2-73342cc931f7@localhost,Adaptive,D,1,1,1358,1418
345,player_21feec69-7adc-4a84-b019-c9905a9b99a0@localhost,Random,C,player_f6fda46c-5e93-427f-a1e2-73342cc931f7@localhost,Adaptive,D,0,10,1358,1428
346,player_21feec69-7adc-4a84-b019-c9905a9b99a0@localhost,Random,C,player_f6fda46c-5e93-427f-a1e2-73342cc931f7@localhost,Adaptive,D,0,10,1358,1438
347,player_21feec69-7adc-4a84-b019-c9905a9b99a0@localhost,Random,D,player_f6fda46c-5e93-427f-a1e2-73342cc931f7@localhost,Adaptive,D,1,1,1359,1439
348,player_21feec69-7adc-4a84-b019-c9905a9b99a0@localhost,Random,D,player_f6fda46c-5e93-427f-a1e2-73342cc931f7@localhost,Adaptive,D,1,1,1360,1440
349,player_21feec69-7adc-4a84-b019-c9905a9b99a0@localhost,Random,C,player_f6fda46c-5e93-427f-a1e2-73342cc931f7@localhost,Adaptive,D,0,10,1360,1450
350,player_21feec69-7adc-4a84-b019-c9905a9b99a0@localhost,Random,D,player_f6fda46c-5e93-427f-a1e2-73342cc931f7@localhost,Adaptive,D,1,1,1361,1451
351,player_21feec69-7adc-4a84-b019-c9905a9b99a0@localhost,Random,C,player_f6fda46c-5e93-427f-a1e2-73342cc931f7@localhost,Adaptive,D,0,10,1361,1461
352,player_21feec69-7adc-4a84-b019-c9905a9b99a0@localhost,Random,D,player_f6fda46c-5e93-427f-a1e2-73342cc931f7@localhost,Adaptive,D,1,1,1362,1462
353,player_21feec69-7adc-4a84-b019-c9905a9b99a0@localhost,Random,C,player_f6fda46c-5e93-427f-a1e2-73342cc931f7@localhost,Adaptive,D,0,10,1362,1472
354,player_21feec69-7adc-4a84-b019-c9905a9b99a0@localhost,Random,D,player_f6fda46c-5e93-427f-a1e2-73342cc931f7@localhost,Adaptive,D,1,1,1363,1473
355,player_21feec69-7adc-4a84-b019-c9905a9b99a0@localhost,Random,C,player_f6fda46c-5e93-427f-a1e2-73342cc931f7@localhost,Adaptive,D,0,10,1363,1483
356,player_21feec69-7adc-4a84-b019-c9905a9b99a0@localhost,Random,C,player_f6fda46c-5e93-427f-a1e2-73342cc931f7@localhost,Adaptive,D,0,10,1363,1493
357,player_21feec69-7adc-4a84-b019-c9905a9b99a0@localhost,Random,C,player_f6fda46c-5e93-427f-a1e2-73342cc931f7@localhost,Adaptive,D,0,10,1363,1503
358,player_21feec69-7adc-4a84-b019-c9905a9b99a0@localhost,Random,C,player_f6fda46c-5e93-427f-a1e2-73342cc931f7@localhost,Adaptive,D,0,10,1363,1513
359,player_21feec69-7adc-4a84-b019-c9905a9b99a0@localhost,Random,C,player_f6fda46c-5e93-427f-a1e2-73342cc931f7@localhost,Adaptive,D,0,10,1363,1523
360,player_21feec69-7adc-4a84-b019-c9905a9b99a0@localhost,Random,C,player_f6fda46c-5e93-427f-a1e2-73342cc931f7@localhost,Adaptive,D,0,10,1363,1533
361,player_21feec69-7adc-4a84-b019-c9905a9b99a0@localhost,Random,C,player_f6fda46c-5e93-427f-a1e2-73342cc931f7@localhost,Adaptive,D,0,10,1363,1543
362,player_21feec69-7adc-4a84-b019-c9905a9b99a0@localhost,Random,C,player_f6fda46c-5e93-427f-a1e2-73342cc931f7@localhost,Adaptive,D,0,10,1363,1553
363,player_21feec69-7adc-4a84-b019-c9905a9b99a0@localhost,Random,C,player_f6fda46c-5e93-427f-a1e2-73342cc931f7@localhost,Adaptive,C,5,5,1368,1558
364,player_21feec69-7adc-4a84-b019-c9905a9b99a0@localhost,Random,D,player_f6fda46c-5e93-427f-a1e2-73342cc931f7@localhost,Adaptive,C,10,0,1378,1558
365,player_21feec69-7adc-4a84-b019-c9905a9b99a0@localhost,Random,D,player_f6fda46c-5e93-427f-a1e2-73342cc931f7@localhost,Adaptive,C,10,0,1388,1558
366,player_21feec69-7adc-4a84-b019-c9905a9b99a0@localhost,Random,D,player_f6fda46c-5e93-427f-a1e2-73342cc931f7@localhost,Adaptive,D,1,1,1389,1559
367,player_21feec69-7adc-4a84-b019-c9905a9b99a0@localhost,Random,D,player_f6fda46c-5e93-427f-a1e2-73342cc931f7@localhost,Adaptive,D,1,1,1390,1560
368,player_21feec69-7adc-4a84-b019-c9905a9b99a0@localhost,Random,D,player_f6fda46c-5e93-427f-a1e2-73342cc931f7@localhost,Adaptive,D,1,1,1391,1561
369,player_21feec69-7adc-4a84-b019-c9905a9b99a0@localhost,Random,C,player_f6fda46c-5e93-427f-a1e2-73342cc931f7@localhost,Adaptive,D,0,10,1391,1571
370,player_21feec69-7adc-4a84-b019-c9905a9b99a0@localhost,Random,D,player_f6fda46c-5e93-427f-a1e2-73342cc931f7@localhost,Adaptive,D,1,1,1392,1572
371,player_21feec69-7adc-4a84-b019-c9905a9b99a0@localhost,Random,D,player_f6fda46c-5e93-427f-a1e2-73342cc931f7@localhost,Adaptive,D,1,1,1393,1573
372,player_21feec69-7adc-4a84-b019-c9905a9b99a0@localhost,Random,D,player_f6fda46c-5e93-427f-a1e2-73342cc931f7@localhost,Adaptive,D,1,1,1394,1574
373,player_21feec69-7adc-4a84-b019-c9905a9b99a0@localhost,Random,C,player_f6fda46c-5e93-427f-a1e2-73342cc931f7@localhost,Adaptive,D,0,10,1394,1584
374,player_21feec69-7adc-4a84-b019-c9905a9b99a0@localhost,Random,D,player_f6fda46c-5e93-427f-a1e2-73342cc931f7@localhost,Adaptive,D,1,1,1395,1585
375,player_21feec69-7adc-4a84-b019-c9905a9b99a0@localhost,Random,C,player_f6fda46c-5e93-427f-a1e2-73342cc931f7@localhost,Adaptive,D,0,10,1395,1595
376,player_21feec69-7adc-4a84-b019-c9905a9b99a0@localhost,Random,C,player_f6fda46c-5e93-427f-a1e2-73342cc931f7@localhost,Adaptive,D,0,10,1395,1605
377,player_21feec69-7adc-4a84-b019-c9905a9b99a0@localhost,Random,C,player_f6fda46c-5e93-427f-a1e2-73342cc931f7@localhost,Adaptive,D,0,10,1395,1615
378,player_21feec69-7adc-4a84-b019-c9905a9b99a0@localhost,Random,C,player_f6fda46c-5e93-427f-a1e2-73342cc931f7@localhost,Adaptive,D,0,10,1395,1625
379,player_21feec69-7adc-4a84-b019-c9905a9b99a0@localhost,Random,C,player_f6fda46c-5e93-427f-a1e2-73342cc931f7@localhost,Adaptive,D,0,10,1395,1635
380,player_21feec69-7adc-4a84-b019-c9905a9b99a0@localhost,Random,D,player_f6fda46c-5e93-427f-a1e2-73342cc931f7@localhost,Adaptive,D,1,1,1396,1636
381,player_21feec69-7adc-4a84-b019-c9905a9b99a0@localhost,Random,D,player_f6fda46c-5e93-427f-a1e2-73342cc931f7@localhost,Adaptive,D,1,1,1397,1637
382,player_21feec69-7adc-4a84-b019-c9905a9b99a0@localhost,Random,D,player_f6fda46c-5e93-427f-a1e2-73342cc931f7@localhost,Adaptive,D,1,1,1398,1638
383,player_21feec69-7adc-4a84-b019-c9905a9b99a0@localhost,Random,D,player_f6fda46c-5e93-427f-a1e2-73342cc931f7@localhost,Adaptive,D,1,1,1399,1639
384,player_21feec69-7adc-4a84-b019-c9905a9b99a0@localhost,Random,D,player_f6fda46c-5e93-427f-a1e2-73342cc931f7@localhost,Adaptive,D,1,1,1400,1640
385,player_21feec69-7adc-4a84-b019-c9905a9b99a0@localhost,Random,D,player_f6fda46c-5e93-427f-a1e2-73342cc931f7@localhost,Adaptive,D,1,1,1401,1641
386,player_21feec69-7adc-4a84-b019-c9905a9b99a0@localhost,Random,C,player_f6fda46c-5e93-427f-a1e2-73342cc931f7@localhost,Adaptive,D,0,10,1401,1651
387,player_21feec69-7adc-4a84-b019-c9905a9b99a0@localhost,Random,D,player_f6fda46c-5e93-427f-a1e2-73342cc931f7@localhost,Adaptive,D,1,1,1402,1652
388,player_21feec69-7adc-4a84-b019-c9905a9b99a0@localhost,Random,C,player_f6fda46c-5e93-427f-a1e2-73342cc931f7@localhost,Adaptive,D,0,10,1402,1662
389,player_21feec69-7adc-4a84-b019-c9905a9b99a0@localhost,Random,C,player_f6fda46c-5e93-427f-a1e2-73342cc931f7@localhost,Adaptive,D,0,10,1402,1672
390,player_21feec69-7adc-4a84-b019-c9905a9b99a0@localhost,Random,D,player_f6fda46c-5e93-427f-a1e2-73342cc931f7@localhost,Adaptive,D,1,1,1403,1673
391,player_21feec69-7adc-4a84-b019-c9905a9b99a0@localhost,Random,C,player_f6fda46c-5e93-427f-a1e2-73342cc931f7@localhost,Adaptive,D,0,10,1403,1683
392,player_21feec69-7adc-4a84-b019-c9905a9b99a0@localhost,Random,D,player_f6fda46c-5e93-427f-a1e2-73342cc931f7@localhost,Adaptive,D,1,1,1404,1684
393,player_21feec69-7adc-4a84-b019-c9905a9b99a0@localhost,Random,D,player_f6fda46c-5e93-427f-a1e2-73342cc931f7@localhost,Adaptive,D,1,1,1405,1685
394,player_21feec69-7adc-4a84-b019-c9905a9b99a0@localhost,Random,D,player_f6fda46c-5e93-427f-a1e2-73342cc931f7@localhost,Adaptive,D,1,1,1406,1686
395,player_21feec69-7adc-4a84-b019-c9905a9b99a0@localhost,Random,D,player_f6fda46c-5e93-427f-a1e2-73342cc931f7@localhost,Adaptive,D,1,1,1407,1687
396,player_21feec69-7adc-4a84-b019-c9905a9b99a0@localhost,Random,D,player_f6fda46c-5e93-427f-a1e2-73342cc931f7@localhost,Adaptive,D,1,1,1408,1688
397,player_21feec69-7adc-4a84-b019-c9905a9b99a0@localhost,Random,C,player_f6fda46c-5e93-427f-a1e2-73342cc931f7@localhost,Adaptive,D,0,10,1408,1698
398,player_21feec69-7adc-4a84-b019-c9905a9b99a0@localhost,Random,D,player_f6fda46c-5e93-427f-a1e2-73342cc931f7@localhost,Adaptive,D,1,1,1409,1699
399,player_21feec69-7adc-4a84-b019-c9905a9b99a0@localhost,Random,C,player_f6fda46c-5e93-427f-a1e2-73342cc931f7@localhost,Adaptive,D,0,10,1409,1709
400,player_21feec69-7adc-4a84-b019-c9905a9b99a0@localhost,Random,D,player_f6fda46c-5e93-427f-a1e2-73342cc931f7@localhost,Adaptive,D,1,1,1410,1710
401,player_21feec69-7adc-4a84-b019-c9905a9b99a0@localhost,Random,D,player_f6fda46c-5e93-427f-a1e2-73342cc931f7@localhost,Adaptive,D,1,1,1411,1711
402,player_21feec69-7adc-4a84-b019-c9905a9b99a0@localhost,Random,D,player_f6fda46c-5e93-427f-a1e2-73342cc931f7@localhost,Adaptive,D,1,1,1412,1712
403,player_21feec69-7adc-4a84-b019-c9905a9b99a0@localhost,Random,D,player_f6fda46c-5e93-427f-a1e2-73342cc931f7@localhost,Adaptive,D,1,1,1413,1713
404,player_21feec69-7adc-4a84-b019-c9905a9b99a0@localhost,Random,D,player_f6fda46c-5e93-427f-a1e2-73342cc931f7@localhost,Adaptive,D,1,1,1414,1714
405,player_21feec69-7adc-4a84-b019-c9905a9b99a0@localhost,Random,D,player_f6fda46c-5e93-427f-a1e2-73342cc931f7@localhost,Adaptive,D,1,1,1415,1715
406,player_21feec69-7adc-4a84-b019-c9905a9b99a0@localhost,Random,D,player_f6fda46c-5e93-427f-a1e2-73342cc931f7@localhost,Adaptive,D,1,1,1416,1716
407,player_21feec69-7adc-4a84-b019-c9905a9b99a0@localhost,Random,D,player_f6fda46c-5e93-427f-a1e2-73342cc931f7@localhost,Adaptive,D,1,1,1417,1717
408,player_21feec69-7adc-4a84-b019-c9905a9b99a0@localhost,Random,D,player_f6fda46c-5e93-427f-a1e2-73342cc931f7@localhost,Adaptive,D,1,1,1418,1718
409,player_21feec69-7adc-4a84-b019-c9905a9b99a0@localhost,Random,C,player_f6fda46c-5e93-427f-a1e2-73342cc931f7@localhost,Adaptive,D,0,10,1418,1728
410,player_21feec69-7adc-4a84-b019-c9905a9b99a0@localhost,Random,C,player_f6fda46c-5e93-427f-a1e2-73342cc931f7@localhost,Adaptive,D,0,10,1418,1738
411,player_21feec69-7adc-4a84-b019-c9905a9b99a0@localhost,Random,C,player_f6fda46c-5e93-427f-a1e2-73342cc931f7@localhost,Adaptive,D,0,10,1418,1748
412,player_21feec69-7adc-4a84-b019-c9905a9b99a0@localhost,Random,C,player_f6fda46c-5e93-427f-a1e2-73342cc931f7@localhost,Adaptive,D,0,10,1418,1758
413,player_21feec69-7adc-4a84-b019-c9905a9b99a0@localhost,Random,D,player_f6fda46c-5e93-427f-a1e2-73342cc931f7@localhost,Adaptive,D,1,1,1419,1759
414,player_21feec69-7adc-4a84-b019-c9905a9b99a0@localhost,Random,C,player_f6fda46c-5e93-427f-a1e2-73342cc931f7@localhost,Adaptive,D,0,10,1419,1769
415,player_21feec69-7adc-4a84-b019-c9905a9b99a0@localhost,Random,D,player_f6fda46c-5e93-427f-a1e2-73342cc931f7@localhost,Adaptive,D,1,1,1420,1770
416,player_21feec69-7adc-4a84-b019-c9905a9b99a0@localhost,Random,C,player_f6fda46c-5e93-427f-a1e2-73342cc931f7@localhost,Adaptive,D,0,10,1420,1780
417,player_21feec69-7adc-4a84-b019-c9905a9b99a0@localhost,Random,C,player_f6fda46c-5e93-427f-a1e2-73342cc931f7@localhost,Adaptive,D,0,10,1420,1790
418,player_21feec69-7adc-4a84-b019-c9905a9b99a0@localhost,Random,D,player_f6fda46c-5e93-427f-a1e2-73342cc931f7@localhost,Adaptive,D,1,1,1421,1791
419,player_21feec69-7adc-4a84-b019-c9905a9b99a0@localhost,Random,D,player_f6fda46c-5e93-427f-a1e2-73342cc931f7@localhost,Adaptive,D,1,1,1422,1792
420,player_21feec69-7adc-4a84-b019-c9905a9b99a0@localhost,Random,D,player_f6fda46c-5e93-427f-a1e2-73342cc931f7@localhost,Adaptive,D,1,1,1423,1793
421,player_21feec69-7adc-4a84-b019-c9905a9b99a0@localhost,Random,C,player_f6fda46c-5e93-427f-a1e2-73342cc931f7@localhost,Adaptive,D,0,10,1423,1803
422,player_21feec69-7adc-4a84-b019-c9905a9b99a0@localhost,Random,D,player_f6fda46c-5e93-427f-a1e2-73342cc931f7@localhost,Adaptive,D,1,1,1424,1804
423,player_21feec69-7adc-4a84-b019-c9905a9b99a0@localhost,Random,C,player_f6fda46c-5e93-427f-a1e2-73342cc931f7@localhost,Adaptive,D,0,10,1424,1814
424,player_21feec69-7adc-4a84-b019-c9905a9b99a0@localhost,Random,C,player_f6fda46c-5e93-427f-a1e2-73342cc931f7@localhost,Adaptive,D,0,10,1424,1824
425,player_21feec69-7adc-4a84-b019-c9905a9b99a0@localhost,Random,D,player_f6fda46c-5e93-427f-a1e2-73342cc931f7@localhost,Adaptive,D,1,1,1425,1825
426,player_21feec69-7adc-4a84-b019-c9905a9b99a0@localhost,Random,D,player_f6fda46c-5e93-427f-a1e2-73342cc931f7@localhost,Adaptive,D,1,1,1426,1826
427,player_21feec69-7adc-4a84-b019-c9905a9b99a0@localhost,Random,D,player_f6fda46c-5e93-427f-a1e2-73342cc931f7@localhost,Adaptive,D,1,1,1427,1827
428,player_21feec69-7adc-4a84-b019-c9905a9b99a0@localhost,Random,D,player_f6fda46c-5e93-427f-a1e2-73342cc931f7@localhost,Adaptive,D,1,1,1428,1828
429,player_21feec69-7adc-4a84-b019-c9905a9b99a0@localhost,Random,D,player_f6fda46c-5e93-427f-a1e2-73342cc931f7@localhost,Adaptive,D,1,1,1429,1829
430,player_21feec69-7adc-4a84-b019-c9905a9b99a0@localhost,Random,D,player_f6fda46c-5e93-427f-a1e2-73342cc931f7@localhost,Adaptive,D,1,1,1430,1830
431,player_21feec69-7adc-4a84-b019-c9905a9b99a0@localhost,Random,C,player_f6fda46c-5e93-427f-a1e2-73342cc931f7@localhost,Adaptive,D,0,10,1430,1840
432,player_21feec69-7adc-4a84-b019-c9905a9b99a0@localhost,Random,C,player_f6fda46c-5e93-427f-a1e2-73342cc931f7@localhost,Adaptive,D,0,10,1430,1850
433,player_21feec69-7adc-4a84-b019-c9905a9b99a0@localhost,Random,D,player_f6fda46c-5e93-427f-a1e2-73342cc931f7@localhost,Adaptive,D,1,1,1431,1851
434,player_21feec69-7adc-4a84-b019-c9905a9b99a0@localhost,Random,D,player_f6fda46c-5e93-427f-a1e2-73342cc931f7@localhost,Adaptive,D,1,1,1432,1852
435,player_21feec69-7adc-4a84-b019-c9905a9b99a0@localhost,Random,D,player_f6fda46c-5e93-427f-a1e2-73342cc931f7@localhost,Adaptive,D,1,1,1433,1853
436,player_21feec69-7adc-4a84-b019-c9905a9b99a0@localhost,Random,D,player_f6fda46c-5e93-427f-a1e2-73342cc931f7@localhost,Adaptive,D,1,1,1434,1854
437,player_21feec69-7adc-4a84-b019-c9905a9b99a0@localhost,Random,D,player_f6fda46c-5e93-427f-a1e2-73342cc931f7@localhost,Adaptive,D,1,1,1435,1855
438,player_21feec69-7adc-4a84-b019-c9905a9b99a0@localhost,Random,D,player_f6fda46c-5e93-427f-a1e2-73342cc931f7@localhost,Adaptive,D,1,1,1436,1856
439,player_21feec69-7adc-4a84-b019-c9905a9b99a0@localhost,Random,D,player_f6fda46c-5e93-427f-a1e2-73342cc931f7@localhost,Adaptive,D,1,1,1437,1857
440,player_21feec69-7adc-4a84-b019-c9905a9b99a0@localhost,Random,D,player_f6fda46c-5e93-427f-a1e2-73342cc931f7@localhost,Adaptive,D,1,1,1438,1858
441,player_21feec69-7adc-4a84-b019-c9905a9b99a0@localhost,Random,D,player_f6fda46c-5e93-427f-a1e2-73342cc931f7@localhost,Adaptive,D,1,1,1439,1859
442,player_21feec69-7adc-4a84-b019-c9905a9b99a0@localhost,Random,C,player_f6fda46c-5e93-427f-a1e2-73342cc931f7@localhost,Adaptive,D,0,10,1439,1869
443,player_21feec69-7adc-4a84-b019-c9905a9b99a0@localhost,Random,C,player_f6fda46c-5e93-427f-a1e2-73342cc931f7@localhost,Adaptive,D,0,10,1439,1879
444,player_21feec69-7adc-4a84-b019-c9905a9b99a0@localhost,Random,D,player_f6fda46c-5e93-427f-a1e2-73342cc931f7@localhost,Adaptive,D,1,1,1440,1880
445,player_21feec69-7adc-4a84-b019-c9905a9b99a0@localhost,Random,C,player_f6fda46c-5e93-427f-a1e2-73342cc931f7@localhost,Adaptive,D,0,10,1440,1890
446,player_21feec69-7adc-4a84-b019-c9905a9b99a0@localhost,Random,C,player_f6fda46c-5e93-427f-a1e2-73342cc931f7@localhost,Adaptive,D,0,10,1440,1900
447,player_21feec69-7adc-4a84-b019-c9905a9b99a0@localhost,Random,D,player_f6fda46c-5e93-427f-a1e2-73342cc931f7@localhost,Adaptive,D,1,1,1441,1901
448,player_21feec69-7adc-4a84-b019-c9905a9b99a0@localhost,Random,D,player_f6fda46c-5e93-427f-a1e2-73342cc931f7@localhost,Adaptive,D,1,1,1442,1902
449,player_21feec69-7adc-4a84-b019-c9905a9b99a0@localhost,Random,D,player_f6fda46c-5e93-427f-a1e2-73342cc931f7@localhost,Adaptive,D,1,1,1443,1903
450,player_21feec69-7adc-4a84-b019-c9905a9b99a0@localhost,Random,D,player_f6fda46c-5e93-427f-a1e2-73342cc931f7@localhost,Adaptive,D,1,1,1444,1904
451,player_21feec69-7adc-4a84-b019-c9905a9b99a0@localhost,Random,D,player_f6fda46c-5e93-427f-a1e2-73342cc931f7@localhost,Adaptive,D,1,1,1445,1905
452,player_21feec69-7adc-4a84-b019-c9905a9b99a0@localhost,Random,D,player_f6fda46c-5e93-427f-a1e2-73342cc931f7@localhost,Adaptive,D,1,1,1446,1906
453,player_21feec69-7adc-4a84-b019-c9905a9b99a0@localhost,Random,D,player_f6fda46c-5e93-427f-a1e2-73342cc931f7@localhost,Adaptive,D,1,1,1447,1907
454,player_21feec69-7adc-4a84-b019-c9905a9b99a0@localhost,Random,D,player_f6fda46c-5e93-427f-a1e2-73342cc931f7@localhost,Adaptive,D,1,1,1448,1908
455,player_21feec69-7adc-4a84-b019-c9905a9b99a0@localhost,Random,D,player_f6fda46c-5e93-427f-a1e2-73342cc931f7@localhost,Adaptive,D,1,1,1449,1909
456,player_21feec69-7adc-4a84-b019-c9905a9b99a0@localhost,Random,D,player_f6fda46c-5e93-427f-a1e2-73342cc931f7@localhost,Adaptive,D,1,1,1450,1910
457,player_21feec69-7adc-4a84-b019-c9905a9b99a0@localhost,Random,C,player_f6fda46c-5e93-427f-a1e2-73342cc931f7@localhost,Adaptive,D,0,10,1450,1920
458,player_21feec69-7adc-4a84-b019-c9905a9b99a0@localhost,Random,D,player_f6fda46c-5e93-427f-a1e2-73342cc931f7@localhost,Adaptive,D,1,1,1451,1921
459,player_21feec69-7adc-4a84-b019-c9905a9b99a0@localhost,Random,C,player_f6fda46c-5e93-427f-a1e2-73342cc931f7@localhost,Adaptive,D,0,10,1451,1931
460,player_21feec69-7adc-4a84-b019-c9905a9b99a0@localhost,Random,C,player_f6fda46c-5e93-427f-a1e2-73342cc931f7@localhost,Adaptive,D,0,10,1451,1941
461,player_21feec69-7adc-4a84-b019-c9905a9b99a0@localhost,Random,D,player_f6fda46c-5e93-427f-a1e2-73342cc931f7@localhost,Adaptive,D,1,1,1452,1942
462,player_21feec69-7adc-4a84-b019-c9905a9b99a0@localhost,Random,C,player_f6fda46c-5e93-427f-a1e2-73342cc931f7@localhost,Adaptive,D,0,10,1452,1952
463,player_21feec69-7adc-4a84-b019-c9905a9b99a0@localhost,Random,C,player_f6fda46c-5e93-427f-a1e2-73342cc931f7@localhost,Adaptive,D,0,10,1452,1962
464,player_21feec69-7adc-4a84-b019-c9905a9b99a0@localhost,Random,C,player_f6fda46c-5e93-427f-a1e2-73342cc931f7@localhost,Adaptive,D,0,10,1452,1972
465,player_21feec69-7adc-4a84-b019-c9905a9b99a0@localhost,Random,C,player_f6fda46c-5e93-427f-a1e2-73342cc931f7@localhost,Adaptive,D,0,10,1452,1982
466,player_21feec69-7adc-4a84-b019-c9905a9b99a0@localhost,Random,C,player_f6fda46c-5e93-427f-a1e2-73342cc931f7@localhost,Adaptive,D,0,10,1452,1992
467,player_21feec69-7adc-4a84-b019-c9905a9b99a0@localhost,Random,C,player_f6fda46c-5e93-427f-a1e2-73342cc931f7@localhost,Adaptive,D,0,10,1452,2002
468,player_21feec69-7adc-4a84-b019-c9905a9b99a0@localhost,Random,D,player_f6fda46c-5e93-427f-a1e2-73342cc931f7@localhost,Adaptive,D,1,1,1453,2003
469,player_21feec69-7adc-4a84-b019-c9905a9b99a0@localhost,Random,D,player_f6fda46c-5e93-427f-a1e2-73342cc931f7@localhost,Adaptive,D,1,1,1454,2004
470,player_21feec69-7adc-4a84-b019-c9905a9b99a0@localhost,Random,D,player_f6fda46c-5e93-427f-a1e2-73342cc931f7@localhost,Adaptive,D,1,1,1455,2005
471,player_21feec69-7adc-4a84-b019-c9905a9b99a0@localhost,Random,D,player_f6fda46c-5e93-427f-a1e2-73342cc931f7@localhost,Adaptive,D,1,1,1456,2006
472,player_21feec69-7adc-4a84-b019-c9905a9b99a0@localhost,Random,C,player_f6fda46c-5e93-427f-a1e2-73342cc931f7@localhost,Adaptive,D,0,10,1456,2016
473,player_21feec69-7adc-4a84-b019-c9905a9b99a0@localhost,Random,C,player_f6fda46c-5e93-427f-a1e2-73342cc931f7@localhost,Adaptive,D,0,10,1456,2026
474,player_21feec69-7adc-4a84-b019-c9905a9b99a0@localhost,Random,D,player_f6fda46c-5e93-427f-a1e2-73342cc931f7@localhost,Adaptive,D,1,1,1457,2027
475,player_21feec69-7adc-4a84-b019-c9905a9b99a0@localhost,Random,D,player_f6fda46c-5e93-427f-a1e2-73342cc931f7@localhost,Adaptive,D,1,1,1458,2028
476,player_21feec69-7adc-4a84-b019-c9905a9b99a0@localhost,Random,C,player_f6fda46c-5e93-427f-a1e2-73342cc931f7@localhost,Adaptive,D,0,10,1458,2038
477,player_21feec69-7adc-4a84-b019-c9905a9b99a0@localhost,Random,D,player_f6fda46c-5e93-427f-a1e2-73342cc931f7@localhost,Adaptive,D,1,1,1459,2039
478,player_21feec69-7adc-4a84-b019-c9905a9b99a0@localhost,Random,D,player_f6fda46c-5e93-427f-a1e2-73342cc931f7@localhost,Adaptive,D,1,1,1460,2040
479,player_21feec69-7adc-4a84-b019-c9905a9b99a0@localhost,Random,C,player_f6fda46c-5e93-427f-a1e2-73342cc931f7@localhost,Adaptive,D,0,10,1460,2050
480,player_21feec69-7adc-4a84-b019-c9905a9b99a0@localhost,Random,D,player_f6fda46c-5e93-427f-a1e2-73342cc931f7@localhost,Adaptive,D,1,1,1461,2051
481,player_21feec69-7adc-4a84-b019-c9905a9b99a0@localhost,Random,C,player_f6fda46c-5e93-427f-a1e2-73342cc931f7@localhost,Adaptive,D,0,10,1461,2061
482,player_21feec69-7adc-4a84-b019-c9905a9b99a0@localhost,Random,C,player_f6fda46c-5e93-427f-a1e2-73342cc931f7@localhost,Adaptive,D,0,10,1461,2071
483,player_21feec69-7adc-4a84-b019-c9905a9b99a0@localhost,Random,D,player_f6fda46c-5e93-427f-a1e2-73342cc931f7@localhost,Adaptive,D,1,1,1462,2072
484,player_21feec69-7adc-4a84-b019-c9905a9b99a0@localhost,Random,D,player_f6fda46c-5e93-427f-a1e2-73342cc931f7@localhost,Adaptive,D,1,1,1463,2073
485,player_21feec69-7adc-4a84-b019-c9905a9b99a0@localhost,Random,C,player_f6fda46c-5e93-427f-a1e2-73342cc931f7@localhost,Adaptive,D,0,10,1463,2083
486,player_21feec69-7adc-4a84-b019-c9905a9b99a0@localhost,Random,C,player_f6fda46c-5e93-427f-a1e2-73342cc931f7@localhost,Adaptive,D,0,10,1463,2093
487,player_21feec69-7adc-4a84-b019-c9905a9b99a0@localhost,Random,D,player_f6fda46c-5e93-427f-a1e2-73342cc931f7@localhost,Adaptive,D,1,1,1464,2094
488,player_21feec69-7adc-4a84-b019-c9905a9b99a0@localhost,Random,D,player_f6fda46c-5e93-427f-a1e2-73342cc931f7@localhost,Adaptive,D,1,1,1465,2095
489,player_21feec69-7adc-4a84-b019-c9905a9b99a0@localhost,Random,D,player_f6fda46c-5e93-427f-a1e2-73342cc931f7@localhost,Adaptive,D,1,1,1466,2096
490,player_21feec69-7adc-4a84-b019-c9905a9b99a0@localhost,Random,C,player_f6fda46c-5e93-427f-a1e2-73342cc931f7@localhost,Adaptive,D,0,10,1466,2106
491,player_21feec69-7adc-4a84-b019-c9905a9b99a0@localhost,Random,C,player_f6fda46c-5e93-427f-a1e2-73342cc931f7@localhost,Adaptive,D,0,10,1466,2116
492,player_21feec69-7adc-4a84-b019-c9905a9b99a0@localhost,Random,C,player_f6fda46c-5e93-427f-a1e2-73342cc931f7@localhost,Adaptive,D,0,10,1466,2126
493,player_21feec69-7adc-4a84-b019-c9905a9b99a0@localhost,Random,C,player_f6fda46c-5e93-427f-a1e2-73342cc931f7@localhost,Adaptive,D,0,10,1466,2136
494,player_21feec69-7adc-4a84-b019-c9905a9b99a0@localhost,Random,C,player_f6fda46c-5e93-427f-a1e2-73342cc931f7@localhost,Adaptive,D,0,10,1466,2146
495,player_21feec69-7adc-4a84-b019-c9905a9b99a0@localhost,Random,C,player_f6fda46c-5e93-427f-a1e2-73342cc931f7@localhost,Adaptive,D,0,10,1466,2156
496,player_21feec69-7adc-4a84-b019-c9905a9b99a0@localhost,Random,C,player_f6fda46c-5e93-427f-a1e2-73342cc931f7@localhost,Adaptive,D,0,10,1466,2166
497,player_21feec69-7adc-4a84-b019-c9905a9b99a0@localhost,Random,D,player_f6fda46c-5e93-427f-a1e2-73342cc931f7@localhost,Adaptive,D,1,1,1467,2167
498,player_21feec69-7adc-4a84-b019-c9905a9b99a0@localhost,Random,C,player_f6fda46c-5e93-427f-a1e2-73342cc931f7@localhost,Adaptive,D,0,10,1467,2177
499,player_21feec69-7adc-4a84-b019-c9905a9b99a0@localhost,Random,C,player_f6fda46c-5e93-427f-a1e2-73342cc931f7@localhost,Adaptive,D,0,10,1467,2187
500,player_21feec69-7adc-4a84-b019-c9905a9b99a0@localhost,Random,C,player_f6fda46c-5e93-427f-a1e2-73342cc931f7@localhost,Adaptive,D,0,10,1467,2197
501,player_21feec69-7adc-4a84-b019-c9905a9b99a0@localhost,Random,C,player_f6fda46c-5e93-427f-a1e2-73342cc931f7@localhost,Adaptive,D,0,10,1467,2207
502,player_21feec69-7adc-4a84-b019-c9905a9b99a0@localhost,Random,D,player_f6fda46c-5e93-427f-a1e2-73342cc931f7@localhost,Adaptive,D,1,1,1468,2208
503,player_21feec69-7adc-4a84-b019-c9905a9b99a0@localhost,Random,C,player_f6fda46c-5e93-427f-a1e2-73342cc931f7@localhost,Adaptive,D,0,10,1468,2218
504,player_21feec69-7adc-4a84-b019-c9905a9b99a0@localhost,Random,C,player_f6fda46c-5e93-427f-a1e2-73342cc931f7@localhost,Adaptive,D,0,10,1468,2228
505,player_21feec69-7adc-4a84-b019-c9905a9b99a0@localhost,Random,C,player_f6fda46c-5e93-427f-a1e2-73342cc931f7@localhost,Adaptive,D,0,10,1468,2238
506,player_21feec69-7adc-4a84-b019-c9905a9b99a0@localhost,Random,D,player_f6fda46c-5e93-427f-a1e2-73342cc931f7@localhost,Adaptive,D,1,1,1469,2239
507,player_21feec69-7adc-4a84-b019-c9905a9b99a0@localhost,Random,C,player_f6fda46c-5e93-427f-a1e2-73342cc931f7@localhost,Adaptive,D,0,10,1469,2249
508,player_21feec69-7adc-4a84-b019-c9905a9b99a0@localhost,Random,D,player_f6fda46c-5e93-427f-a1e2-73342cc931f7@localhost,Adaptive,D,1,1,1470,2250
509,player_21feec69-7adc-4a84-b019-c9905a9b99a0@localhost,Random,D,player_f6fda46c-5e93-427f-a1e2-73342cc931f7@localhost,Adaptive,D,1,1,1471,2251
510,player_21feec69-7adc-4a84-b019-c9905a9b99a0@localhost,Random,C,player_f6fda46c-5e93-427f-a1e2-73342cc931f7@localhost,Adaptive,D,0,10,1471,2261
511,player_21feec69-7adc-4a84-b019-c9905a9b99a0@localhost,Random,D,player_f6fda46c-5e93-427f-a1e2-73342cc931f7@localhost,Adaptive,D,1,1,1472,2262
512,player_21feec69-7adc-4a84-b019-c9905a9b99a0@localhost,Random,C,player_f6fda46c-5e93-427f-a1e2-73342cc931f7@localhost,Adaptive,D,0,10,1472,2272
513,player_21feec69-7adc-4a84-b019-c9905a9b99a0@localhost,Random,C,player_f6fda46c-5e93-427f-a1e2-73342cc931f7@localhost,Adaptive,D,0,10,1472,2282
514,player_21feec69-7adc-4a84-b019-c9905a9b99a0@localhost,Random,D,player_f6fda46c-5e93-427f-a1e2-73342cc931f7@localhost,Adaptive,D,1,1,1473,2283
515,player_21feec69-7adc-4a84-b019-c9905a9b99a0@localhost,Random,D,player_f6fda46c-5e93-427f-a1e2-73342cc931f7@localhost,Adaptive,D,1,1,1474,2284
516,player_21feec69-7adc-4a84-b019-c9905a9b99a0@localhost,Random,C,player_f6fda46c-5e93-427f-a1e2-73342cc931f7@localhost,Adaptive,D,0,10,1474,2294
517,player_21feec69-7adc-4a84-b019-c9905a9b99a0@localhost,Random,D,player_f6fda46c-5e93-427f-a1e2-73342cc931f7@localhost,Adaptive,D,1,1,1475,2295
518,player_21feec69-7adc-4a84-b019-c9905a9b99a0@localhost,Random,D,player_f6fda46c-5e93-427f-a1e2-73342cc931f7@localhost,Adaptive,D,1,1,1476,2296
519,player_21feec69-7adc-4a84-b019-c9905a9b99a0@localhost,Random,D,player_f6fda46c-5e93-427f-a1e2-73342cc931f7@localhost,Adaptive,D,1,1,1477,2297
520,player_21feec69-7adc-4a84-b019-c9905a9b99a0@localhost,Random,C,player_f6fda46c-5e93-427f-a1e2-73342cc931f7@localhost,Adaptive,D,0,10,1477,2307
521,player_21feec69-7adc-4a84-b019-c9905a9b99a0@localhost,Random,C,player_f6fda46c-5e93-427f-a1e2-73342cc931f7@localhost,Adaptive,D,0,10,1477,2317
522,player_21feec69-7adc-4a84-b019-c9905a9b99a0@localhost,Random,D,player_f6fda46c-5e93-427f-a1e2-73342cc931f7@localhost,Adaptive,D,1,1,1478,2318
523,player_21feec69-7adc-4a84-b019-c9905a9b99a0@localhost,Random,D,player_f6fda46c-5e93-427f-a1e2-73342cc931f7@localhost,Adaptive,D,1,1,1479,2319
524,player_21feec69-7adc-4a84-b019-c9905a9b99a0@localhost,Random,C,player_f6fda46c-5e93-427f-a1e2-73342cc931f7@localhost,Adaptive,D,0,10,1479,2329
525,player_21feec69-7adc-4a84-b019-c9905a9b99a0@localhost,Random,D,player_f6fda46c-5e93-427f-a1e2-73342cc931f7@localhost,Adaptive,D,1,1,1480,2330
526,player_21feec69-7adc-4a84-b019-c9905a9b99a0@localhost,Random,D,player_f6fda46c-5e93-427f-a1e2-73342cc931f7@localhost,Adaptive,D,1,1,1481,2331
527,player_21feec69-7adc-4a84-b019-c9905a9b99a0@localhost,Random,C,player_f6fda46c-5e93-427f-a1e2-73342cc931f7@localhost,Adaptive,D,0,10,1481,2341
528,player_21feec69-7adc-4a84-b019-c9905a9b99a0@localhost,Random,D,player_f6fda46c-5e93-427f-a1e2-73342cc931f7@localhost,Adaptive,D,1,1,1482,2342
529,player_21feec69-7adc-4a84-b019-c9905a9b99a0@localhost,Random,C,player_f6fda46c-5e93-427f-a1e2-73342cc931f7@localhost,Adaptive,D,0,10,1482,2352
530,player_21feec69-7adc-4a84-b019-c9905a9b99a0@localhost,Random,C,player_f6fda46c-5e93-427f-a1e2-73342cc931f7@localhost,Adaptive,D,0,10,1482,2362
531,player_21feec69-7adc-4a84-b019-c9905a9b99a0@localhost,Random,D,player_f6fda46c-5e93-427f-a1e2-73342cc931f7@localhost,Adaptive,D,1,1,1483,2363
532,player_21feec69-7adc-4a84-b019-c9905a9b99a0@localhost,Random,C,player_f6fda46c-5e93-427f-a1e2-73342cc931f7@localhost,Adaptive,D,0,10,1483,2373
533,player_21feec69-7adc-4a84-b019-c9905a9b99a0@localhost,Random,D,player_f6fda46c-5e93-427f-a1e2-73342cc931f7@localhost,Adaptive,D,1,1,1484,2374
534,player_21feec69-7adc-4a84-b019-c9905a9b99a0@localhost,Random,D,player_f6fda46c-5e93-427f-a1e2-73342cc931f7@localhost,Adaptive,D,1,1,1485,2375
535,player_21feec69-7adc-4a84-b019-c9905a9b99a0@localhost,Random,D,player_f6fda46c-5e93-427f-a1e2-73342cc931f7@localhost,Adaptive,D,1,1,1486,2376
536,player_21feec69-7adc-4a84-b019-c9905a9b99a0@localhost,Random,C,player_f6fda46c-5e93-427f-a1e2-73342cc931f7@localhost,Adaptive,D,0,10,1486,2386
537,player_21feec69-7adc-4a84-b019-c9905a9b99a0@localhost,Random,C,player_f6fda46c-5e93-427f-a1e2-73342cc931f7@localhost,Adaptive,D,0,10,1486,2396
538,player_21feec69-7adc-4a84-b019-c9905a9b99a0@localhost,Random,D,player_f6fda46c-5e93-427f-a1e2-73342cc931f7@localhost,Adaptive,D,1,1,1487,2397
539,player_21feec69-7adc-4a84-b019-c9905a9b99a0@localhost,Random,D,player_f6fda46c-5e93-427f-a1e2-73342cc931f7@localhost,Adaptive,D,1,1,1488,2398
540,player_21feec69-7adc-4a84-b019-c9905a9b99a0@localhost,Random,D,player_f6fda46c-5e93-427f-a1e2-73342cc931f7@localhost,Adaptive,D,1,1,1489,2399
541,player_21feec69-7adc-4a84-b019-c9905a9b99a0@localhost,Random,C,player_f6fda46c-5e93-427f-a1e2-73342cc931f7@localhost,Adaptive,D,0,10,1489,2409
542,player_21feec69-7adc-4a84-b019-c9905a9b99a0@localhost,Random,C,player_f6fda46c-5e93-427f-a1e2-73342cc931f7@localhost,Adaptive,D,0,10,1489,2419
543,player_21feec69-7adc-4a84-b019-c9905a9b99a0@localhost,Random,C,player_f6fda46c-5e93-427f-a1e2-73342cc931f7@localhost,Adaptive,D,0,10,1489,2429
544,player_21feec69-7adc-4a84-b019-c9905a9b99a0@localhost,Random,C,player_f6fda46c-5e93-427f-a1e2-73342cc931f7@localhost,Adaptive,D,0,10,1489,2439
545,player_21feec69-7adc-4a84-b019-c9905a9b99a0@localhost,Random,C,player_f6fda46c-5e93-427f-a1e2-73342cc931f7@localhost,Adaptive,D,0,10,1489,2449
546,player_21feec69-7adc-4a84-b019-c9905a9b99a0@localhost,Random,C,player_f6fda46c-5e93-427f-a1e2-73342cc931f7@localhost,Adaptive,D,0,10,1489,2459
547,player_21feec69-7adc-4a84-b019-c9905a9b99a0@localhost,Random,C,player_f6fda46c-5e93-427f-a1e2-73342cc931f7@localhost,Adaptive,D,0,10,1489,2469
548,player_21feec69-7adc-4a84-b019-c9905a9b99a0@localhost,Random,C,player_f6fda46c-5e93-427f-a1e2-73342cc931f7@localhost,Adaptive,D,0,10,1489,2479
549,player_21feec69-7adc-4a84-b019-c9905a9b99a0@localhost,Random,C,player_f6fda46c-5e93-427f-a1e2-73342cc931f7@localhost,Adaptive,D,0,10,1489,2489
550,player_21feec69-7adc-4a84-b019-c9905a9b99a0@localhost,Random,C,player_f6fda46c-5e93-427f-a1e2-73342cc931f7@localhost,Adaptive,D,0,10,1489,2499
551,player_21feec69-7adc-4a84-b019-c9905a9b99a0@localhost,Random,D,player_f6fda46c-5e93-427f-a1e2-73342cc931f7@localhost,Adaptive,D,1,1,1490,2500
552,player_21feec69-7adc-4a84-b019-c9905a9b99a0@localhost,Random,D,player_f6fda46c-5e93-427f-a1e2-73342cc931f7@localhost,Adaptive,D,1,1,1491,2501
553,player_21feec69-7adc-4a84-b019-c9905a9b99a0@localhost,Random,D,player_f6fda46c-5e93-427f-a1e2-73342cc931f7@localhost,Adaptive,D,1,1,1492,2502
554,player_21feec69-7adc-4a84-b019-c9905a9b99a0@localhost,Random,D,player_f6fda46c-5e93-427f-a1e2-73342cc931f7@localhost,Adaptive,D,1,1,1493,2503
555,player_21feec69-7adc-4a84-b019-c9905a9b99a0@localhost,Random,C,player_f6fda46c-5e93-427f-a1e2-73342cc931f7@localhost,Adaptive,D,0,10,1493,2513
556,player_21feec69-7adc-4a84-b019-c9905a9b99a0@localhost,Random,C,player_f6fda46c-5e93-427f-a1e2-73342cc931f7@localhost,Adaptive,D,0,10,1493,2523
557,player_21feec69-7adc-4a84-b019-c9905a9b99a0@localhost,Random,C,player_f6fda46c-5e93-427f-a1e2-73342cc931f7@localhost,Adaptive,D,0,10,1493,2533
558,player_21feec69-7adc-4a84-b019-c9905a9b99a0@localhost,Random,C,player_f6fda46c-5e93-427f-a1e2-73342cc931f7@localhost,Adaptive,D,0,10,1493,2543
559,player_21feec69-7adc-4a84-b019-c9905a9b99a0@localhost,Random,C,player_f6fda46c-5e93-427f-a1e2-73342cc931f7@localhost,Adaptive,D,0,10,1493,2553
560,player_21feec69-7adc-4a84-b019-c9905a9b99a0@localhost,Random,D,player_f6fda46c-5e93-427f-a1e2-73342cc931f7@localhost,Adaptive,D,1,1,1494,2554
561,player_21feec69-7adc-4a84-b019-c9905a9b99a0@localhost,Random,D,player_f6fda46c-5e93-427f-a1e2-73342cc931f7@localhost,Adaptive,D,1,1,1495,2555
562,player_21feec69-7adc-4a84-b019-c9905a9b99a0@localhost,Random,C,player_f6fda46c-5e93-427f-a1e2-73342cc931f7@localhost,Adaptive,D,0,10,1495,2565
563,player_21feec69-7adc-4a84-b019-c9905a9b99a0@localhost,Random,D,player_f6fda46c-5e93-427f-a1e2-73342cc931f7@localhost,Adaptive,D,1,1,1496,2566
564,player_21feec69-7adc-4a84-b019-c9905a9b99a0@localhost,Random,C,player_f6fda46c-5e93-427f-a1e2-73342cc931f7@localhost,Adaptive,D,0,10,1496,2576
565,player_21feec69-7adc-4a84-b019-c9905a9b99a0@localhost,Random,D,player_f6fda46c-5e93-427f-a1e2-73342cc931f7@localhost,Adaptive,D,1,1,1497,2577
566,player_21feec69-7adc-4a84-b019-c9905a9b99a0@localhost,Random,C,player_f6fda46c-5e93-427f-a1e2-73342cc931f7@localhost,Adaptive,D,0,10,1497,2587
567,player_21feec69-7adc-4a84-b019-c9905a9b99a0@localhost,Random,C,player_f6fda46c-5e93-427f-a1e2-73342cc931f7@localhost,Adaptive,D,0,10,1497,2597
568,player_21feec69-7adc-4a84-b019-c9905a9b99a0@localhost,Random,C,player_f6fda46c-5e93-427f-a1e2-73342cc931f7@localhost,Adaptive,D,0,10,1497,2607
569,player_21feec69-7adc-4a84-b019-c9905a9b99a0@localhost,Random,C,player_f6fda46c-5e93-427f-a1e2-73342cc931f7@localhost,Adaptive,D,0,10,1497,2617
570,player_21feec69-7adc-4a84-b019-c9905a9b99a0@localhost,Random,C,player_f6fda46c-5e93-427f-a1e2-73342cc931f7@localhost,Adaptive,D,0,10,1497,2627
571,player_21feec69-7adc-4a84-b019-c9905a9b99a0@localhost,Random,D,player_f6fda46c-5e93-427f-a1e2-73342cc931f7@localhost,Adaptive,D,1,1,1498,2628
572,player_21feec69-7adc-4a84-b019-c9905a9b99a0@localhost,Random,C,player_f6fda46c-5e93-427f-a1e2-73342cc931f7@localhost,Adaptive,D,0,10,1498,2638
573,player_21feec69-7adc-4a84-b019-c9905a9b99a0@localhost,Random,C,player_f6fda46c-5e93-427f-a1e2-73342cc931f7@localhost,Adaptive,D,0,10,1498,2648
574,player_21feec69-7adc-4a84-b019-c9905a9b99a0@localhost,Random,D,player_f6fda46c-5e93-427f-a1e2-73342cc931f7@localhost,Adaptive,D,1,1,1499,2649
575,player_21feec69-7adc-4a84-b019-c9905a9b99a0@localhost,Random,D,player_f6fda46c-5e93-427f-a1e2-73342cc931f7@localhost,Adaptive,D,1,1,1500,2650
576,player_21feec69-7adc-4a84-b019-c9905a9b99a0@localhost,Random,D,player_f6fda46c-5e93-427f-a1e2-73342cc931f7@localhost,Adaptive,D,1,1,1501,2651
577,player_21feec69-7adc-4a84-b019-c9905a9b99a0@localhost,Random,C,player_f6fda46c-5e93-427f-a1e2-73342cc931f7@localhost,Adaptive,D,0,10,1501,2661
578,player_21feec69-7adc-4a84-b019-c9905a9b99a0@localhost,Random,C,player_f6fda46c-5e93-427f-a1e2-73342cc931f7@localhost,Adaptive,D,0,10,1501,2671
579,player_21feec69-7adc-4a84-b019-c9905a9b99a0@localhost,Random,C,player_f6fda46c-5e93-427f-a1e2-73342cc931f7@localhost,Adaptive,D,0,10,1501,2681
580,player_21feec69-7adc-4a84-b019-c9905a9b99a0@localhost,Random,C,player_f6fda46c-5e93-427f-a1e2-73342cc931f7@localhost,Adaptive,D,0,10,1501,2691
581,player_21feec69-7adc-4a84-b019-c9905a9b99a0@localhost,Random,C,player_f6fda46c-5e93-427f-a1e2-73342cc931f7@localhost,Adaptive,D,0,10,1501,2701
582,player_21feec69-7adc-4a84-b019-c9905a9b99a0@localhost,Random,C,player_f6fda46c-5e93-427f-a1e2-73342cc931f7@localhost,Adaptive,D,0,10,1501,2711
583,player_21feec69-7adc-4a84-b019-c9905a9b99a0@localhost,Random,C,player_f6fda46c-5e93-427f-a1e2-73342cc931f7@localhost,Adaptive,D,0,10,1501,2721
584,player_21feec69-7adc-4a84-b019-c9905a9b99a0@localhost,Random,C,player_f6fda46c-5e93-427f-a1e2-73342cc931f7@localhost,Adaptive,D,0,10,1501,2731
585,player_21feec69-7adc-4a84-b019-c9905a9b99a0@localhost,Random,D,player_f6fda46c-5e93-427f-a1e2-73342cc931f7@localhost,Adaptive,D,1,1,1502,2732
586,player_21feec69-7adc-4a84-b019-c9905a9b99a0@localhost,Random,C,player_f6fda46c-5e93-427f-a1e2-73342cc931f7@localhost,Adaptive,D,0,10,1502,2742
587,player_21feec69-7adc-4a84-b019-c9905a9b99a0@localhost,Random,D,player_f6fda46c-5e93-427f-a1e2-73342cc931f7@localhost,Adaptive,D,1,1,1503,2743
588,player_21feec69-7adc-4a84-b019-c9905a9b99a0@localhost,Random,C,player_f6fda46c-5e93-427f-a1e2-73342cc931f7@localhost,Adaptive,D,0,10,1503,2753
589,player_21feec69-7adc-4a84-b019-c9905a9b99a0@localhost,Random,D,player_f6fda46c-5e93-427f-a1e2-73342cc931f7@localhost,Adaptive,D,1,1,1504,2754
590,player_21feec69-7adc-4a84-b019-c9905a9b99a0@localhost,Random,D,player_f6fda46c-5e93-427f-a1e2-73342cc931f7@localhost,Adaptive,D,1,1,1505,2755
591,player_21feec69-7adc-4a84-b019-c9905a9b99a0@localhost,Random,D,player_f6fda46c-5e93-427f-a1e2-73342cc931f7@localhost,Adaptive,D,1,1,1506,2756
592,player_21feec69-7adc-4a84-b019-c9905a9b99a0@localhost,Random,D,player_f6fda46c-5e93-427f-a1e2-73342cc931f7@localhost,Adaptive,D,1,1,1507,2757
593,player_21feec69-7adc-4a84-b019-c9905a9b99a0@localhost,Random,D,player_f6fda46c-5e93-427f-a1e2-73342cc931f7@localhost,Adaptive,D,1,1,1508,2758
594,player_21feec69-7adc-4a84-b019-c9905a9b99a0@localhost,Random,C,player_f6fda46c-5e93-427f-a1e2-73342cc931f7@localhost,Adaptive,D,0,10,1508,2768
595,player_21feec69-7adc-4a84-b019-c9905a9b99a0@localhost,Random,D,player_f6fda46c-5e93-427f-a1e2-73342cc931f7@localhost,Adaptive,D,1,1,1509,2769
596,player_21feec69-7adc-4a84-b019-c9905a9b99a0@localhost,Random,C,player_f6fda46c-5e93-427f-a1e2-73342cc931f7@localhost,Adaptive,D,0,10,1509,2779
597,player_21feec69-7adc-4a84-b019-c9905a9b99a0@localhost,Random,C,player_f6fda46c-5e93-427f-a1e2-73342cc931f7@localhost,Adaptive,D,0,10,1509,2789
598,player_21feec69-7adc-4a84-b019-c9905a9b99a0@localhost,Random,D,player_f6fda46c-5e93-427f-a1e2-73342cc931f7@localhost,Adaptive,D,1,1,1510,2790
599,player_21feec69-7adc-4a84-b019-c9905a9b99a0@localhost,Random,D,player_f6fda46c-5e93-427f-a1e2-73342cc931f7@localhost,Adaptive,D,1,1,1511,2791
600,player_21feec69-7adc-4a84-b019-c9905a9b99a0@localhost,Random,C,player_f6fda46c-5e93-427f-a1e2-73342cc931f7@localhost,Adaptive,D,0,10,1511,2801
601,player_21feec69-7adc-4a84-b019-c9905a9b99a0@localhost,Random,D,player_f6fda46c-5e93-427f-a1e2-73342cc931f7@localhost,Adaptive,D,1,1,1512,2802
602,player_21feec69-7adc-4a84-b019-c9905a9b99a0@localhost,Random,D,player_f6fda46c-5e93-427f-a1e2-73342cc931f7@localhost,Adaptive,D,1,1,1513,2803
603,player_21feec69-7adc-4a84-b019-c9905a9b99a0@localhost,Random,D,player_f6fda46c-5e93-427f-a1e2-73342cc931f7@localhost,Adaptive,D,1,1,1514,2804
604,player_21feec69-7adc-4a84-b019-c9905a9b99a0@localhost,Random,D,player_f6fda46c-5e93-427f-a1e2-73342cc931f7@localhost,Adaptive,D,1,1,1515,2805
605,player_21feec69-7adc-4a84-b019-c9905a9b99a0@localhost,Random,C,player_f6fda46c-5e93-427f-a1e2-73342cc931f7@localhost,Adaptive,D,0,10,1515,2815
606,player_21feec69-7adc-4a84-b019-c9905a9b99a0@localhost,Random,D,player_f6fda46c-5e93-427f-a1e2-73342cc931f7@localhost,Adaptive,D,1,1,1516,2816
607,player_21feec69-7adc-4a84-b019-c9905a9b99a0@localhost,Random,D,player_f6fda46c-5e93-427f-a1e2-73342cc931f7@localhost,Adaptive,D,1,1,1517,2817
608,player_21feec69-7adc-4a84-b019-c9905a9b99a0@localhost,Random,D,player_f6fda46c-5e93-427f-a1e2-73342cc931f7@localhost,Adaptive,D,1,1,1518,2818
609,player_21feec69-7adc-4a84-b019-c9905a9b99a0@localhost,Random,D,player_f6fda46c-5e93-427f-a1e2-73342cc931f7@localhost,Adaptive,D,1,1,1519,2819
610,player_21feec69-7adc-4a84-b019-c9905a9b99a0@localhost,Random,D,player_f6fda46c-5e93-427f-a1e2-73342cc931f7@localhost,Adaptive,D,1,1,1520,2820
611,player_21feec69-7adc-4a84-b019-c9905a9b99a0@localhost,Random,D,player_f6fda46c-5e93-427f-a1e2-73342cc931f7@localhost,Adaptive,D,1,1,1521,2821
612,player_21feec69-7adc-4a84-b019-c9905a9b99a0@localhost,Random,C,player_f6fda46c-5e93-427f-a1e2-73342cc931f7@localhost,Adaptive,D,0,10,1521,2831
613,player_21feec69-7adc-4a84-b019-c9905a9b99a0@localhost,Random,C,player_f6fda46c-5e93-427f-a1e2-73342cc931f7@localhost,Adaptive,D,0,10,1521,2841
614,player_21feec69-7adc-4a84-b019-c9905a9b99a0@localhost,Random,D,player_f6fda46c-5e93-427f-a1e2-73342cc931f7@localhost,Adaptive,D,1,1,1522,2842
615,player_21feec69-7adc-4a84-b019-c9905a9b99a0@localhost,Random,C,player_f6fda46c-5e93-427f-a1e2-73342cc931f7@localhost,Adaptive,D,0,10,1522,2852
616,player_21feec69-7adc-4a84-b019-c9905a9b99a0@localhost,Random,C,player_f6fda46c-5e93-427f-a1e2-73342cc931f7@localhost,Adaptive,D,0,10,1522,2862
617,player_21feec69-7adc-4a84-b019-c9905a9b99a0@localhost,Random,C,player_f6fda46c-5e93-427f-a1e2-73342cc931f7@localhost,Adaptive,D,0,10,1522,2872
618,player_21feec69-7adc-4a84-b019-c9905a9b99a0@localhost,Random,D,player_f6fda46c-5e93-427f-a1e2-73342cc931f7@localhost,Adaptive,D,1,1,1523,2873
619,player_21feec69-7adc-4a84-b019-c9905a9b99a0@localhost,Random,C,player_f6fda46c-5e93-427f-a1e2-73342cc931f7@localhost,Adaptive,D,0,10,1523,2883
620,player_21feec69-7adc-4a84-b019-c9905a9b99a0@localhost,Random,D,player_f6fda46c-5e93-427f-a1e2-73342cc931f7@localhost,Adaptive,D,1,1,1524,2884
621,player_21feec69-7adc-4a84-b019-c9905a9b99a0@localhost,Random,C,player_f6fda46c-5e93-427f-a1e2-73342cc931f7@localhost,Adaptive,D,0,10,1524,2894
622,player_21feec69-7adc-4a84-b019-c9905a9b99a0@localhost,Random,C,player_f6fda46c-5e93-427f-a1e2-73342cc931f7@localhost,Adaptive,D,0,10,1524,2904
623,player_21feec69-7adc-4a84-b019-c9905a9b99a0@localhost,Random,D,player_f6fda46c-5e93-427f-a1e2-73342cc931f7@localhost,Adaptive,D,1,1,1525,2905
624,player_21feec69-7adc-4a84-b019-c9905a9b99a0@localhost,Random,D,player_f6fda46c-5e93-427f-a1e2-73342cc931f7@localhost,Adaptive,D,1,1,1526,2906
625,player_21feec69-7adc-4a84-b019-c9905a9b99a0@localhost,Random,D,player_f6fda46c-5e93-427f-a1e2-73342cc931f7@localhost,Adaptive,D,1,1,1527,2907
626,player_21feec69-7adc-4a84-b019-c9905a9b99a0@localhost,Random,D,player_f6fda46c-5e93-427f-a1e2-73342cc931f7@localhost,Adaptive,D,1,1,1528,2908
627,player_21feec69-7adc-4a84-b019-c9905a9b99a0@localhost,Random,C,player_f6fda46c-5e93-427f-a1e2-73342cc931f7@localhost,Adaptive,D,0,10,1528,2918
628,player_21feec69-7adc-4a84-b019-c9905a9b99a0@localhost,Random,D,player_f6fda46c-5e93-427f-a1e2-73342cc931f7@localhost,Adaptive,D,1,1,1529,2919
629,player_21feec69-7adc-4a84-b019-c9905a9b99a0@localhost,Random,C,player_f6fda46c-5e93-427f-a1e2-73342cc931f7@localhost,Adaptive,D,0,10,1529,2929
630,player_21feec69-7adc-4a84-b019-c9905a9b99a0@localhost,Random,C,player_f6fda46c-5e93-427f-a1e2-73342cc931f7@localhost,Adaptive,D,0,10,1529,2939
631,player_21feec69-7adc-4a84-b019-c9905a9b99a0@localhost,Random,D,player_f6fda46c-5e93-427f-a1e2-73342cc931f7@localhost,Adaptive,D,1,1,1530,2940
632,player_21feec69-7adc-4a84-b019-c9905a9b99a0@localhost,Random,D,player_f6fda46c-5e93-427f-a1e2-73342cc931f7@localhost,Adaptive,D,1,1,1531,2941
633,player_21feec69-7adc-4a84-b019-c9905a9b99a0@localhost,Random,C,player_f6fda46c-5e93-427f-a1e2-73342cc931f7@localhost,Adaptive,D,0,10,1531,2951
634,player_21feec69-7adc-4a84-b019-c9905a9b99a0@localhost,Random,C,player_f6fda46c-5e93-427f-a1e2-73342cc931f7@localhost,Adaptive,D,0,10,1531,2961
635,player_21feec69-7adc-4a84-b019-c9905a9b99a0@localhost,Random,D,player_f6fda46c-5e93-427f-a1e2-73342cc931f7@localhost,Adaptive,D,1,1,1532,2962
636,player_21feec69-7adc-4a84-b019-c9905a9b99a0@localhost,Random,D,player_f6fda46c-5e93-427f-a1e2-73342cc931f7@localhost,Adaptive,D,1,1,1533,2963
637,player_21feec69-7adc-4a84-b019-c9905a9b99a0@localhost,Random,C,player_f6fda46c-5e93-427f-a1e2-73342cc931f7@localhost,Adaptive,D,0,10,1533,2973
638,player_21feec69-7adc-4a84-b019-c9905a9b99a0@localhost,Random,D,player_f6fda46c-5e93-427f-a1e2-73342cc931f7@localhost,Adaptive,D,1,1,1534,2974
639,player_21feec69-7adc-4a84-b019-c9905a9b99a0@localhost,Random,C,player_f6fda46c-5e93-427f-a1e2-73342cc931f7@localhost,Adaptive,D,0,10,1534,2984
640,player_21feec69-7adc-4a84-b019-c9905a9b99a0@localhost,Random,D,player_f6fda46c-5e93-427f-a1e2-73342cc931f7@localhost,Adaptive,D,1,1,1535,2985
641,player_21feec69-7adc-4a84-b019-c9905a9b99a0@localhost,Random,D,player_f6fda46c-5e93-427f-a1e2-73342cc931f7@localhost,Adaptive,D,1,1,1536,2986
642,player_21feec69-7adc-4a84-b019-c9905a9b99a0@localhost,Random,D,player_f6fda46c-5e93-427f-a1e2-73342cc931f7@localhost,Adaptive,D,1,1,1537,2987
643,player_21feec69-7adc-4a84-b019-c9905a9b99a0@localhost,Random,C,player_f6fda46c-5e93-427f-a1e2-73342cc931f7@localhost,Adaptive,D,0,10,1537,2997
644,player_21feec69-7adc-4a84-b019-c9905a9b99a0@localhost,Random,D,player_f6fda46c-5e93-427f-a1e2-73342cc931f7@localhost,Adaptive,D,1,1,1538,2998
645,player_21feec69-7adc-4a84-b019-c9905a9b99a0@localhost,Random,C,player_f6fda46c-5e93-427f-a1e2-73342cc931f7@localhost,Adaptive,D,0,10,1538,3008
646,player_21feec69-7adc-4a84-b019-c9905a9b99a0@localhost,Random,C,player_f6fda46c-5e93-427f-a1e2-73342cc931f7@localhost,Adaptive,D,0,10,1538,3018
647,player_21feec69-7adc-4a84-b019-c9905a9b99a0@localhost,Random,D,player_f6fda46c-5e93-427f-a1e2-73342cc931f7@localhost,Adaptive,D,1,1,1539,3019
648,player_21feec69-7adc-4a84-b019-c9905a9b99a0@localhost,Random,D,player_f6fda46c-5e93-427f-a1e2-73342cc931f7@localhost,Adaptive,D,1,1,1540,3020
649,player_21feec69-7adc-4a84-b019-c9905a9b99a0@localhost,Random,D,player_f6fda46c-5e93-427f-a1e2-73342cc931f7@localhost,Adaptive,D,1,1,1541,3021
650,player_21feec69-7adc-4a84-b019-c9905a9b99a0@localhost,Random,C,player_f6fda46c-5e93-427f-a1e2-73342cc931f7@localhost,Adaptive,D,0,10,1541,3031
651,player_21feec69-7adc-4a84-b019-c9905a9b99a0@localhost,Random,C,player_f6fda46c-5e93-427f-a1e2-73342cc931f7@localhost,Adaptive,D,0,10,1541,3041
652,player_21feec69-7adc-4a84-b019-c9905a9b99a0@localhost,Random,D,player_f6fda46c-5e93-427f-a1e2-73342cc931f7@localhost,Adaptive,D,1,1,1542,3042
653,player_21feec69-7adc-4a84-b019-c9905a9b99a0@localhost,Random,D,player_f6fda46c-5e93-427f-a1e2-73342cc931f7@localhost,Adaptive,D,1,1,1543,3043
654,player_21feec69-7adc-4a84-b019-c9905a9b99a0@localhost,Random,C,player_f6fda46c-5e93-427f-a1e2-73342cc931f7@localhost,Adaptive,D,0,10,1543,3053
655,player_21feec69-7adc-4a84-b019-c9905a9b99a0@localhost,Random,D,player_f6fda46c-5e93-427f-a1e2-73342cc931f7@localhost,Adaptive,D,1,1,1544,3054
656,player_21feec69-7adc-4a84-b019-c9905a9b99a0@localhost,Random,C,player_f6fda46c-5e93-427f-a1e2-73342cc931f7@localhost,Adaptive,D,0,10,1544,3064
657,player_21feec69-7adc-4a84-b019-c9905a9b99a0@localhost,Random,D,player_f6fda46c-5e93-427f-a1e2-73342cc931f7@localhost,Adaptive,D,1,1,1545,3065
658,player_21feec69-7adc-4a84-b019-c9905a9b99a0@localhost,Random,C,player_f6fda46c-5e93-427f-a1e2-73342cc931f7@localhost,Adaptive,D,0,10,1545,3075
659,player_21feec69-7adc-4a84-b019-c9905a9b99a0@localhost,Random,D,player_f6fda46c-5e93-427f-a1e2-73342cc931f7@localhost,Adaptive,D,1,1,1546,3076
660,player_21feec69-7adc-4a84-b019-c9905a9b99a0@localhost,Random,D,player_f6fda46c-5e93-427f-a1e2-73342cc931f7@localhost,Adaptive,D,1,1,1547,3077
661,player_21feec69-7adc-4a84-b019-c9905a9b99a0@localhost,Random,C,player_f6fda46c-5e93-427f-a1e2-73342cc931f7@localhost,Adaptive,D,0,10,1547,3087
662,player_21feec69-7adc-4a84-b019-c9905a9b99a0@localhost,Random,D,player_f6fda46c-5e93-427f-a1e2-73342cc931f7@localhost,Adaptive,D,1,1,1548,3088
663,player_21feec69-7adc-4a84-b019-c9905a9b99a0@localhost,Random,C,player_f6fda46c-5e93-427f-a1e2-73342cc931f7@localhost,Adaptive,D,0,10,1548,3098
664,player_21feec69-7adc-4a84-b019-c9905a9b99a0@localhost,Random,D,player_f6fda46c-5e93-427f-a1e2-73342cc931f7@localhost,Adaptive,D,1,1,1549,3099
665,player_21feec69-7adc-4a84-b019-c9905a9b99a0@localhost,Random,C,player_f6fda46c-5e93-427f-a1e2-73342cc931f7@localhost,Adaptive,D,0,10,1549,3109
666,player_21feec69-7adc-4a84-b019-c9905a9b99a0@localhost,Random,D,player_f6fda46c-5e93-427f-a1e2-73342cc931f7@localhost,Adaptive,D,1,1,1550,3110
667,player_21feec69-7adc-4a84-b019-c9905a9b99a0@localhost,Random,D,player_f6fda46c-5e93-427f-a1e2-73342cc931f7@localhost,Adaptive,D,1,1,1551,3111
668,player_21feec69-7adc-4a84-b019-c9905a9b99a0@localhost,Random,C,player_f6fda46c-5e93-427f-a1e2-73342cc931f7@localhost,Adaptive,D,0,10,1551,3121
669,player_21feec69-7adc-4a84-b019-c9905a9b99a0@localhost,Random,C,player_f6fda46c-5e93-427f-a1e2-73342cc931f7@localhost,Adaptive,D,0,10,1551,3131
670,player_21feec69-7adc-4a84-b019-c9905a9b99a0@localhost,Random,C,player_f6fda46c-5e93-427f-a1e2-73342cc931f7@localhost,Adaptive,D,0,10,1551,3141
671,player_21feec69-7adc-4a84-b019-c9905a9b99a0@localhost,Random,D,player_f6fda46c-5e93-427f-a1e2-73342cc931f7@localhost,Adaptive,D,1,1,1552,3142
672,player_21feec69-7adc-4a84-b019-c9905a9b99a0@localhost,Random,C,player_f6fda46c-5e93-427f-a1e2-73342cc931f7@localhost,Adaptive,D,0,10,1552,3152
673,player_21feec69-7adc-4a84-b019-c9905a9b99a0@localhost,Random,C,player_f6fda46c-5e93-427f-a1e2-73342cc931f7@localhost,Adaptive,D,0,10,1552,3162
674,player_21feec69-7adc-4a84-b019-c9905a9b99a0@localhost,Random,D,player_f6fda46c-5e93-427f-a1e2-73342cc931f7@localhost,Adaptive,D,1,1,1553,3163
675,player_21feec69-7adc-4a84-b019-c9905a9b99a0@localhost,Random,C,player_f6fda46c-5e93-427f-a1e2-73342cc931f7@localhost,Adaptive,D,0,10,1553,3173
676,player_21feec69-7adc-4a84-b019-c9905a9b99a0@localhost,Random,D,player_f6fda46c-5e93-427f-a1e2-73342cc931f7@localhost,Adaptive,D,1,1,1554,3174
677,player_21feec69-7adc-4a84-b019-c9905a9b99a0@localhost,Random,D,player_f6fda46c-5e93-427f-a1e2-73342cc931f7@localhost,Adaptive,D,1,1,1555,3175
678,player_21feec69-7adc-4a84-b019-c9905a9b99a0@localhost,Random,D,player_f6fda46c-5e93-427f-a1e2-73342cc931f7@localhost,Adaptive,D,1,1,1556,3176
679,player_21feec69-7adc-4a84-b019-c9905a9b99a0@localhost,Random,D,player_f6fda46c-5e93-427f-a1e2-73342cc931f7@localhost,Adaptive,D,1,1,1557,3177
680,player_21feec69-7adc-4a84-b019-c9905a9b99a0@localhost,Random,C,player_f6fda46c-5e93-427f-a1e2-73342cc931f7@localhost,Adaptive,D,0,10,1557,3187
681,player_21feec69-7adc-4a84-b019-c9905a9b99a0@localhost,Random,C,player_f6fda46c-5e93-427f-a1e2-73342cc931f7@localhost,Adaptive,D,0,10,1557,3197
682,player_21feec69-7adc-4a84-b019-c9905a9b99a0@localhost,Random,C,player_f6fda46c-5e93-427f-a1e2-73342cc931f7@localhost,Adaptive,D,0,10,1557,3207
683,player_21feec69-7adc-4a84-b019-c9905a9b99a0@localhost,Random,D,player_f6fda46c-5e93-427f-a1e2-73342cc931f7@localhost,Adaptive,D,1,1,1558,3208
684,player_21feec69-7adc-4a84-b019-c9905a9b99a0@localhost,Random,D,player_f6fda46c-5e93-427f-a1e2-73342cc931f7@localhost,Adaptive,D,1,1,1559,3209
685,player_21feec69-7adc-4a84-b019-c9905a9b99a0@localhost,Random,C,player_f6fda46c-5e93-427f-a1e2-73342cc931f7@localhost,Adaptive,D,0,10,1559,3219
686,player_21feec69-7adc-4a84-b019-c9905a9b99a0@localhost,Random,C,player_f6fda46c-5e93-427f-a1e2-73342cc931f7@localhost,Adaptive,D,0,10,1559,3229
687,player_21feec69-7adc-4a84-b019-c9905a9b99a0@localhost,Random,D,player_f6fda46c-5e93-427f-a1e2-73342cc931f7@localhost,Adaptive,D,1,1,1560,3230
688,player_21feec69-7adc-4a84-b019-c9905a9b99a0@localhost,Random,C,player_f6fda46c-5e93-427f-a1e2-73342cc931f7@localhost,Adaptive,D,0,10,1560,3240
689,player_21feec69-7adc-4a84-b019-c9905a9b99a0@localhost,Random,C,player_f6fda46c-5e93-427f-a1e2-73342cc931f7@localhost,Adaptive,D,0,10,1560,3250
690,player_21feec69-7adc-4a84-b019-c9905a9b99a0@localhost,Random,C,player_f6fda46c-5e93-427f-a1e2-73342cc931f7@localhost,Adaptive,D,0,10,1560,3260
691,player_21feec69-7adc-4a84-b019-c9905a9b99a0@localhost,Random,D,player_f6fda46c-5e93-427f-a1e2-73342cc931f7@localhost,Adaptive,D,1,1,1561,3261
692,player_21feec69-7adc-4a84-b019-c9905a9b99a0@localhost,Random,D,player_f6fda46c-5e93-427f-a1e2-73342cc931f7@localhost,Adaptive,D,1,1,1562,3262
693,player_21feec69-7adc-4a84-b019-c9905a9b99a0@localhost,Random,D,player_f6fda46c-5e93-427f-a1e2-73342cc931f7@localhost,Adaptive,D,1,1,1563,3263
694,player_21feec69-7adc-4a84-b019-c9905a9b99a0@localhost,Random,C,player_f6fda46c-5e93-427f-a1e2-73342cc931f7@localhost,Adaptive,D,0,10,1563,3273
695,player_21feec69-7adc-4a84-b019-c9905a9b99a0@localhost,Random,D,player_f6fda46c-5e93-427f-a1e2-73342cc931f7@localhost,Adaptive,D,1,1,1564,3274
696,player_21feec69-7adc-4a84-b019-c9905a9b99a0@localhost,Random,C,player_f6fda46c-5e93-427f-a1e2-73342cc931f7@localhost,Adaptive,D,0,10,1564,3284
697,player_21feec69-7adc-4a84-b019-c9905a9b99a0@localhost,Random,C,player_f6fda46c-5e93-427f-a1e2-73342cc931f7@localhost,Adaptive,D,0,10,1564,3294
698,player_21feec69-7adc-4a84-b019-c9905a9b99a0@localhost,Random,D,player_f6fda46c-5e93-427f-a1e2-73342cc931f7@localhost,Adaptive,D,1,1,1565,3295
699,player_21feec69-7adc-4a84-b019-c9905a9b99a0@localhost,Random,C,player_f6fda46c-5e93-427f-a1e2-73342cc931f7@localhost,Adaptive,D,0,10,1565,3305
700,player_21feec69-7adc-4a84-b019-c9905a9b99a0@localhost,Random,D,player_f6fda46c-5e93-427f-a1e2-73342cc931f7@localhost,Adaptive,D,1,1,1566,3306
701,player_21feec69-7adc-4a84-b019-c9905a9b99a0@localhost,Random,C,player_f6fda46c-5e93-427f-a1e2-73342cc931f7@localhost,Adaptive,D,0,10,1566,3316
702,player_21feec69-7adc-4a84-b019-c9905a9b99a0@localhost,Random,C,player_f6fda46c-5e93-427f-a1e2-73342cc931f7@localhost,Adaptive,D,0,10,1566,3326
703,player_21feec69-7adc-4a84-b019-c9905a9b99a0@localhost,Random,C,player_f6fda46c-5e93-427f-a1e2-73342cc931f7@localhost,Adaptive,D,0,10,1566,3336
704,player_21feec69-7adc-4a84-b019-c9905a9b99a0@localhost,Random,D,player_f6fda46c-5e93-427f-a1e2-73342cc931f7@localhost,Adaptive,D,1,1,1567,3337
705,player_21feec69-7adc-4a84-b019-c9905a9b99a0@localhost,Random,D,player_f6fda46c-5e93-427f-a1e2-73342cc931f7@localhost,Adaptive,D,1,1,1568,3338
706,player_21feec69-7adc-4a84-b019-c9905a9b99a0@localhost,Random,D,player_f6fda46c-5e93-427f-a1e2-73342cc931f7@localhost,Adaptive,D,1,1,1569,3339
707,player_21feec69-7adc-4a84-b019-c9905a9b99a0@localhost,Random,C,player_f6fda46c-5e93-427f-a1e2-73342cc931f7@localhost,Adaptive,D,0,10,1569,3349
708,player_21feec69-7adc-4a84-b019-c9905a9b99a0@localhost,Random,C,player_f6fda46c-5e93-427f-a1e2-73342cc931f7@localhost,Adaptive,D,0,10,1569,3359
709,player_21feec69-7adc-4a84-b019-c9905a9b99a0@localhost,Random,C,player_f6fda46c-5e93-427f-a1e2-73342cc931f7@localhost,Adaptive,D,0,10,1569,3369
710,player_21feec69-7adc-4a84-b019-c9905a9b99a0@localhost,Random,D,player_f6fda46c-5e93-427f-a1e2-73342cc931f7@localhost,Adaptive,D,1,1,1570,3370
711,player_21feec69-7adc-4a84-b019-c9905a9b99a0@localhost,Random,D,player_f6fda46c-5e93-427f-a1e2-73342cc931f7@localhost,Adaptive,D,1,1,1571,3371
712,player_21feec69-7adc-4a84-b019-c9905a9b99a0@localhost,Random,D,player_f6fda46c-5e93-427f-a1e2-73342cc931f7@localhost,Adaptive,D,1,1,1572,3372
713,player_21feec69-7adc-4a84-b019-c9905a9b99a0@localhost,Random,C,player_f6fda46c-5e93-427f-a1e2-73342cc931f7@localhost,Adaptive,D,0,10,1572,3382
714,player_21feec69-7adc-4a84-b019-c9905a9b99a0@localhost,Random,D,player_f6fda46c-5e93-427f-a1e2-73342cc931f7@localhost,Adaptive,D,1,1,1573,3383
715,player_21feec69-7adc-4a84-b019-c9905a9b99a0@localhost,Random,D,player_f6fda46c-5e93-427f-a1e2-73342cc931f7@localhost,Adaptive,D,1,1,1574,3384
716,player_21feec69-7adc-4a84-b019-c9905a9b99a0@localhost,Random,D,player_f6fda46c-5e93-427f-a1e2-73342cc931f7@localhost,Adaptive,D,1,1,1575,3385
717,player_21feec69-7adc-4a84-b019-c9905a9b99a0@localhost,Random,D,player_f6fda46c-5e93-427f-a1e2-73342cc931f7@localhost,Adaptive,D,1,1,1576,3386
718,player_21feec69-7adc-4a84-b019-c9905a9b99a0@localhost,Random,D,player_f6fda46c-5e93-427f-a1e2-73342cc931f7@localhost,Adaptive,D,1,1,1577,3387
719,player_21feec69-7adc-4a84-b019-c9905a9b99a0@localhost,Random,C,player_f6fda46c-5e93-427f-a1e2-73342cc931f7@localhost,Adaptive,D,0,10,1577,3397
720,player_21feec69-7adc-4a84-b019-c9905a9b99a0@localhost,Random,C,player_f6fda46c-5e93-427f-a1e2-73342cc931f7@localhost,Adaptive,D,0,10,1577,3407
721,player_21feec69-7adc-4a84-b019-c9905a9b99a0@localhost,Random,C,player_f6fda46c-5e93-427f-a1e2-73342cc931f7@localhost,Adaptive,D,0,10,1577,3417
722,player_21feec69-7adc-4a84-b019-c9905a9b99a0@localhost,Random,D,player_f6fda46c-5e93-427f-a1e2-73342cc931f7@localhost,Adaptive,D,1,1,1578,3418
723,player_21feec69-7adc-4a84-b019-c9905a9b99a0@localhost,Random,D,player_f6fda46c-5e93-427f-a1e2-73342cc931f7@localhost,Adaptive,D,1,1,1579,3419
724,player_21feec69-7adc-4a84-b019-c9905a9b99a0@localhost,Random,C,player_f6fda46c-5e93-427f-a1e2-73342cc931f7@localhost,Adaptive,D,0,10,1579,3429
725,player_21feec69-7adc-4a84-b019-c9905a9b99a0@localhost,Random,D,player_f6fda46c-5e93-427f-a1e2-73342cc931f7@localhost,Adaptive,D,1,1,1580,3430
726,player_21feec69-7adc-4a84-b019-c9905a9b99a0@localhost,Random,C,player_f6fda46c-5e93-427f-a1e2-73342cc931f7@localhost,Adaptive,D,0,10,1580,3440
727,player_21feec69-7adc-4a84-b019-c9905a9b99a0@localhost,Random,D,player_f6fda46c-5e93-427f-a1e2-73342cc931f7@localhost,Adaptive,D,1,1,1581,3441
728,player_21feec69-7adc-4a84-b019-c9905a9b99a0@localhost,Random,D,player_f6fda46c-5e93-427f-a1e2-73342cc931f7@localhost,Adaptive,D,1,1,1582,3442
729,player_21feec69-7adc-4a84-b019-c9905a9b99a0@localhost,Random,D,player_f6fda46c-5e93-427f-a1e2-73342cc931f7@localhost,Adaptive,D,1,1,1583,3443
730,player_21feec69-7adc-4a84-b019-c9905a9b99a0@localhost,Random,C,player_f6fda46c-5e93-427f-a1e2-73342cc931f7@localhost,Adaptive,D,0,10,1583,3453
731,player_21feec69-7adc-4a84-b019-c9905a9b99a0@localhost,Random,C,player_f6fda46c-5e93-427f-a1e2-73342cc931f7@localhost,Adaptive,D,0,10,1583,3463
732,player_21feec69-7adc-4a84-b019-c9905a9b99a0@localhost,Random,C,player_f6fda46c-5e93-427f-a1e2-73342cc931f7@localhost,Adaptive,D,0,10,1583,3473
733,player_21feec69-7adc-4a84-b019-c9905a9b99a0@localhost,Random,C,player_f6fda46c-5e93-427f-a1e2-73342cc931f7@localhost,Adaptive,D,0,10,1583,3483
734,player_21feec69-7adc-4a84-b019-c9905a9b99a0@localhost,Random,D,player_f6fda46c-5e93-427f-a1e2-73342cc931f7@localhost,Adaptive,D,1,1,1584,3484
735,player_21feec69-7adc-4a84-b019-c9905a9b99a0@localhost,Random,C,player_f6fda46c-5e93-427f-a1e2-73342cc931f7@localhost,Adaptive,D,0,10,1584,3494
736,player_21feec69-7adc-4a84-b019-c9905a9b99a0@localhost,Random,C,player_f6fda46c-5e93-427f-a1e2-73342cc931f7@localhost,Adaptive,D,0,10,1584,3504
737,player_21feec69-7adc-4a84-b019-c9905a9b99a0@localhost,Random,D,player_f6fda46c-5e93-427f-a1e2-73342cc931f7@localhost,Adaptive,D,1,1,1585,3505
738,player_21feec69-7adc-4a84-b019-c9905a9b99a0@localhost,Random,C,player_f6fda46c-5e93-427f-a1e2-73342cc931f7@localhost,Adaptive,D,0,10,1585,3515
739,player_21feec69-7adc-4a84-b019-c9905a9b99a0@localhost,Random,D,player_f6fda46c-5e93-427f-a1e2-73342cc931f7@localhost,Adaptive,D,1,1,1586,3516
740,player_21feec69-7adc-4a84-b019-c9905a9b99a0@localhost,Random,D,player_f6fda46c-5e93-427f-a1e2-73342cc931f7@localhost,Adaptive,D,1,1,1587,3517
741,player_21feec69-7adc-4a84-b019-c9905a9b99a0@localhost,Random,C,player_f6fda46c-5e93-427f-a1e2-73342cc931f7@localhost,Adaptive,D,0,10,1587,3527
742,player_21feec69-7adc-4a84-b019-c9905a9b99a0@localhost,Random,C,player_f6fda46c-5e93-427f-a1e2-73342cc931f7@localhost,Adaptive,D,0,10,1587,3537
743,player_21feec69-7adc-4a84-b019-c9905a9b99a0@localhost,Random,C,player_f6fda46c-5e93-427f-a1e2-73342cc931f7@localhost,Adaptive,D,0,10,1587,3547
744,player_21feec69-7adc-4a84-b019-c9905a9b99a0@localhost,Random,D,player_f6fda46c-5e93-427f-a1e2-73342cc931f7@localhost,Adaptive,D,1,1,1588,3548
745,player_21feec69-7adc-4a84-b019-c9905a9b99a0@localhost,Random,C,player_f6fda46c-5e93-427f-a1e2-73342cc931f7@localhost,Adaptive,D,0,10,1588,3558
746,player_21feec69-7adc-4a84-b019-c9905a9b99a0@localhost,Random,D,player_f6fda46c-5e93-427f-a1e2-73342cc931f7@localhost,Adaptive,D,1,1,1589,3559
747,player_21feec69-7adc-4a84-b019-c9905a9b99a0@localhost,Random,D,player_f6fda46c-5e93-427f-a1e2-73342cc931f7@localhost,Adaptive,D,1,1,1590,3560
748,player_21feec69-7adc-4a84-b019-c9905a9b99a0@localhost,Random,D,player_f6fda46c-5e93-427f-a1e2-73342cc931f7@localhost,Adaptive,D,1,1,1591,3561
749,player_21feec69-7adc-4a84-b019-c9905a9b99a0@localhost,Random,C,player_f6fda46c-5e93-427f-a1e2-73342cc931f7@localhost,Adaptive,D,0,10,1591,3571
750,player_21feec69-7adc-4a84-b019-c9905a9b99a0@localhost,Random,D,player_f6fda46c-5e93-427f-a1e2-73342cc931f7@localhost,Adaptive,D,1,1,1592,3572
751,player_21feec69-7adc-4a84-b019-c9905a9b99a0@localhost,Random,D,player_f6fda46c-5e93-427f-a1e2-73342cc931f7@localhost,Adaptive,D,1,1,1593,3573
752,player_21feec69-7adc-4a84-b019-c9905a9b99a0@localhost,Random,D,player_f6fda46c-5e93-427f-a1e2-73342cc931f7@localhost,Adaptive,D,1,1,1594,3574
753,player_21feec69-7adc-4a84-b019-c9905a9b99a0@localhost,Random,C,player_f6fda46c-5e93-427f-a1e2-73342cc931f7@localhost,Adaptive,D,0,10,1594,3584
754,player_21feec69-7adc-4a84-b019-c9905a9b99a0@localhost,Random,C,player_f6fda46c-5e93-427f-a1e2-73342cc931f7@localhost,Adaptive,D,0,10,1594,3594
755,player_21feec69-7adc-4a84-b019-c9905a9b99a0@localhost,Random,D,player_f6fda46c-5e93-427f-a1e2-73342cc931f7@localhost,Adaptive,D,1,1,1595,3595
756,player_21feec69-7adc-4a84-b019-c9905a9b99a0@localhost,Random,C,player_f6fda46c-5e93-427f-a1e2-73342cc931f7@localhost,Adaptive,D,0,10,1595,3605
757,player_21feec69-7adc-4a84-b019-c9905a9b99a0@localhost,Random,C,player_f6fda46c-5e93-427f-a1e2-73342cc931f7@localhost,Adaptive,D,0,10,1595,3615
758,player_21feec69-7adc-4a84-b019-c9905a9b99a0@localhost,Random,D,player_f6fda46c-5e93-427f-a1e2-73342cc931f7@localhost,Adaptive,D,1,1,1596,3616
759,player_21feec69-7adc-4a84-b019-c9905a9b99a0@localhost,Random,C,player_f6fda46c-5e93-427f-a1e2-73342cc931f7@localhost,Adaptive,D,0,10,1596,3626
760,player_21feec69-7adc-4a84-b019-c9905a9b99a0@localhost,Random,D,player_f6fda46c-5e93-427f-a1e2-73342cc931f7@localhost,Adaptive,D,1,1,1597,3627
761,player_21feec69-7adc-4a84-b019-c9905a9b99a0@localhost,Random,D,player_f6fda46c-5e93-427f-a1e2-73342cc931f7@localhost,Adaptive,D,1,1,1598,3628
762,player_21feec69-7adc-4a84-b019-c9905a9b99a0@localhost,Random,D,player_f6fda46c-5e93-427f-a1e2-73342cc931f7@localhost,Adaptive,D,1,1,1599,3629
763,player_21feec69-7adc-4a84-b019-c9905a9b99a0@localhost,Random,C,player_f6fda46c-5e93-427f-a1e2-73342cc931f7@localhost,Adaptive,D,0,10,1599,3639
764,player_21feec69-7adc-4a84-b019-c9905a9b99a0@localhost,Random,C,player_f6fda46c-5e93-427f-a1e2-73342cc931f7@localhost,Adaptive,D,0,10,1599,3649
765,player_21feec69-7adc-4a84-b019-c9905a9b99a0@localhost,Random,C,player_f6fda46c-5e93-427f-a1e2-73342cc931f7@localhost,Adaptive,D,0,10,1599,3659
766,player_21feec69-7adc-4a84-b019-c9905a9b99a0@localhost,Random,D,player_f6fda46c-5e93-427f-a1e2-73342cc931f7@localhost,Adaptive,D,1,1,1600,3660
767,player_21feec69-7adc-4a84-b019-c9905a9b99a0@localhost,Random,D,player_f6fda46c-5e93-427f-a1e2-73342cc931f7@localhost,Adaptive,D,1,1,1601,3661
768,player_21feec69-7adc-4a84-b019-c9905a9b99a0@localhost,Random,D,player_f6fda46c-5e93-427f-a1e2-73342cc931f7@localhost,Adaptive,D,1,1,1602,3662
769,player_21feec69-7adc-4a84-b019-c9905a9b99a0@localhost,Random,D,player_f6fda46c-5e93-427f-a1e2-73342cc931f7@localhost,Adaptive,D,1,1,1603,3663
770,player_21feec69-7adc-4a84-b019-c9905a9b99a0@localhost,Random,C,player_f6fda46c-5e93-427f-a1e2-73342cc931f7@localhost,Adaptive,D,0,10,1603,3673
771,player_21feec69-7adc-4a84-b019-c9905a9b99a0@localhost,Random,C,player_f6fda46c-5e93-427f-a1e2-73342cc931f7@localhost,Adaptive,D,0,10,1603,3683
772,player_21feec69-7adc-4a84-b019-c9905a9b99a0@localhost,Random,C,player_f6fda46c-5e93-427f-a1e2-73342cc931f7@localhost,Adaptive,D,0,10,1603,3693
773,player_21feec69-7adc-4a84-b019-c9905a9b99a0@localhost,Random,C,player_f6fda46c-5e93-427f-a1e2-73342cc931f7@localhost,Adaptive,D,0,10,1603,3703
774,player_21feec69-7adc-4a84-b019-c9905a9b99a0@localhost,Random,C,player_f6fda46c-5e93-427f-a1e2-73342cc931f7@localhost,Adaptive,D,0,10,1603,3713
775,player_21feec69-7adc-4a84-b019-c9905a9b99a0@localhost,Random,C,player_f6fda46c-5e93-427f-a1e2-73342cc931f7@localhost,Adaptive,D,0,10,1603,3723
776,player_21feec69-7adc-4a84-b019-c9905a9b99a0@localhost,Random,C,player_f6fda46c-5e93-427f-a1e2-73342cc931f7@localhost,Adaptive,D,0,10,1603,3733
777,player_21feec69-7adc-4a84-b019-c9905a9b99a0@localhost,Random,D,player_f6fda46c-5e93-427f-a1e2-73342cc931f7@localhost,Adaptive,D,1,1,1604,3734
778,player_21feec69-7adc-4a84-b019-c9905a9b99a0@localhost,Random,D,player_f6fda46c-5e93-427f-a1e2-73342cc931f7@localhost,Adaptive,D,1,1,1605,3735
779,player_21feec69-7adc-4a84-b019-c9905a9b99a0@localhost,Random,D,player_f6fda46c-5e93-427f-a1e2-73342cc931f7@localhost,Adaptive,D,1,1,1606,3736
780,player_21feec69-7adc-4a84-b019-c9905a9b99a0@localhost,Random,C,player_f6fda46c-5e93-427f-a1e2-73342cc931f7@localhost,Adaptive,D,0,10,1606,3746
781,player_21feec69-7adc-4a84-b019-c9905a9b99a0@localhost,Random,C,player_f6fda46c-5e93-427f-a1e2-73342cc931f7@localhost,Adaptive,D,0,10,1606,3756
782,player_21feec69-7adc-4a84-b019-c9905a9b99a0@localhost,Random,D,player_f6fda46c-5e93-427f-a1e2-73342cc931f7@localhost,Adaptive,D,1,1,1607,3757
783,player_21feec69-7adc-4a84-b019-c9905a9b99a0@localhost,Random,D,player_f6fda46c-5e93-427f-a1e2-73342cc931f7@localhost,Adaptive,D,1,1,1608,3758
784,player_21feec69-7adc-4a84-b019-c9905a9b99a0@localhost,Random,C,player_f6fda46c-5e93-427f-a1e2-73342cc931f7@localhost,Adaptive,D,0,10,1608,3768
785,player_21feec69-7adc-4a84-b019-c9905a9b99a0@localhost,Random,D,player_f6fda46c-5e93-427f-a1e2-73342cc931f7@localhost,Adaptive,D,1,1,1609,3769
786,player_21feec69-7adc-4a84-b019-c9905a9b99a0@localhost,Random,C,player_f6fda46c-5e93-427f-a1e2-73342cc931f7@localhost,Adaptive,D,0,10,1609,3779
787,player_21feec69-7adc-4a84-b019-c9905a9b99a0@localhost,Random,C,player_f6fda46c-5e93-427f-a1e2-73342cc931f7@localhost,Adaptive,D,0,10,1609,3789
788,player_21feec69-7adc-4a84-b019-c9905a9b99a0@localhost,Random,C,player_f6fda46c-5e93-427f-a1e2-73342cc931f7@localhost,Adaptive,D,0,10,1609,3799
789,player_21feec69-7adc-4a84-b019-c9905a9b99a0@localhost,Random,D,player_f6fda46c-5e93-427f-a1e2-73342cc931f7@localhost,Adaptive,D,1,1,1610,3800
790,player_21feec69-7adc-4a84-b019-c9905a9b99a0@localhost,Random,D,player_f6fda46c-5e93-427f-a1e2-73342cc931f7@localhost,Adaptive,D,1,1,1611,3801
791,player_21feec69-7adc-4a84-b019-c9905a9b99a0@localhost,Random,D,player_f6fda46c-5e93-427f-a1e2-73342cc931f7@localhost,Adaptive,D,1,1,1612,3802
792,player_21feec69-7adc-4a84-b019-c9905a9b99a0@localhost,Random,C,player_f6fda46c-5e93-427f-a1e2-73342cc931f7@localhost,Adaptive,D,0,10,1612,3812
793,player_21feec69-7adc-4a84-b019-c9905a9b99a0@localhost,Random,D,player_f6fda46c-5e93-427f-a1e2-73342cc931f7@localhost,Adaptive,D,1,1,1613,3813
794,player_21feec69-7adc-4a84-b019-c9905a9b99a0@localhost,Random,D,player_f6fda46c-5e93-427f-a1e2-73342cc931f7@localhost,Adaptive,D,1,1,1614,3814
795,player_21feec69-7adc-4a84-b019-c9905a9b99a0@localhost,Random,D,player_f6fda46c-5e93-427f-a1e2-73342cc931f7@localhost,Adaptive,D,1,1,1615,3815
796,player_21feec69-7adc-4a84-b019-c9905a9b99a0@localhost,Random,C,player_f6fda46c-5e93-427f-a1e2-73342cc931f7@localhost,Adaptive,D,0,10,1615,3825
797,player_21feec69-7adc-4a84-b019-c9905a9b99a0@localhost,Random,C,player_f6fda46c-5e93-427f-a1e2-73342cc931f7@localhost,Adaptive,D,0,10,1615,3835
798,player_21feec69-7adc-4a84-b019-c9905a9b99a0@localhost,Random,C,player_f6fda46c-5e93-427f-a1e2-73342cc931f7@localhost,Adaptive,D,0,10,1615,3845
799,player_21feec69-7adc-4a84-b019-c9905a9b99a0@localhost,Random,D,player_f6fda46c-5e93-427f-a1e2-73342cc931f7@localhost,Adaptive,D,1,1,1616,3846
800,player_21feec69-7adc-4a84-b019-c9905a9b99a0@localhost,Random,C,player_f6fda46c-5e93-427f-a1e2-73342cc931f7@localhost,Adaptive,D,0,10,1616,3856
801,player_21feec69-7adc-4a84-b019-c9905a9b99a0@localhost,Random,C,player_f6fda46c-5e93-427f-a1e2-73342cc931f7@localhost,Adaptive,D,0,10,1616,3866
802,player_21feec69-7adc-4a84-b019-c9905a9b99a0@localhost,Random,C,player_f6fda46c-5e93-427f-a1e2-73342cc931f7@localhost,Adaptive,D,0,10,1616,3876
803,player_21feec69-7adc-4a84-b019-c9905a9b99a0@localhost,Random,D,player_f6fda46c-5e93-427f-a1e2-73342cc931f7@localhost,Adaptive,D,1,1,1617,3877
804,player_21feec69-7adc-4a84-b019-c9905a9b99a0@localhost,Random,C,player_f6fda46c-5e93-427f-a1e2-73342cc931f7@localhost,Adaptive,D,0,10,1617,3887
805,player_21feec69-7adc-4a84-b019-c9905a9b99a0@localhost,Random,C,player_f6fda46c-5e93-427f-a1e2-73342cc931f7@localhost,Adaptive,D,0,10,1617,3897
806,player_21feec69-7adc-4a84-b019-c9905a9b99a0@localhost,Random,D,player_f6fda46c-5e93-427f-a1e2-73342cc931f7@localhost,Adaptive,D,1,1,1618,3898
807,player_21feec69-7adc-4a84-b019-c9905a9b99a0@localhost,Random,C,player_f6fda46c-5e93-427f-a1e2-73342cc931f7@localhost,Adaptive,D,0,10,1618,3908
808,player_21feec69-7adc-4a84-b019-c9905a9b99a0@localhost,Random,D,player_f6fda46c-5e93-427f-a1e2-73342cc931f7@localhost,Adaptive,D,1,1,1619,3909
809,player_21feec69-7adc-4a84-b019-c9905a9b99a0@localhost,Random,C,player_f6fda46c-5e93-427f-a1e2-73342cc931f7@localhost,Adaptive,D,0,10,1619,3919
810,player_21feec69-7adc-4a84-b019-c9905a9b99a0@localhost,Random,D,player_f6fda46c-5e93-427f-a1e2-73342cc931f7@localhost,Adaptive,D,1,1,1620,3920
811,player_21feec69-7adc-4a84-b019-c9905a9b99a0@localhost,Random,C,player_f6fda46c-5e93-427f-a1e2-73342cc931f7@localhost,Adaptive,D,0,10,1620,3930
812,player_21feec69-7adc-4a84-b019-c9905a9b99a0@localhost,Random,C,player_f6fda46c-5e93-427f-a1e2-73342cc931f7@localhost,Adaptive,D,0,10,1620,3940
813,player_21feec69-7adc-4a84-b019-c9905a9b99a0@localhost,Random,C,player_f6fda46c-5e93-427f-a1e2-73342cc931f7@localhost,Adaptive,D,0,10,1620,3950
814,player_21feec69-7adc-4a84-b019-c9905a9b99a0@localhost,Random,C,player_f6fda46c-5e93-427f-a1e2-73342cc931f7@localhost,Adaptive,D,0,10,1620,3960
815,player_21feec69-7adc-4a84-b019-c9905a9b99a0@localhost,Random,D,player_f6fda46c-5e93-427f-a1e2-73342cc931f7@localhost,Adaptive,D,1,1,1621,3961
816,player_21feec69-7adc-4a84-b019-c9905a9b99a0@localhost,Random,D,player_f6fda46c-5e93-427f-a1e2-73342cc931f7@localhost,Adaptive,D,1,1,1622,3962
817,player_21feec69-7adc-4a84-b019-c9905a9b99a0@localhost,Random,D,player_f6fda46c-5e93-427f-a1e2-73342cc931f7@localhost,Adaptive,D,1,1,1623,3963
818,player_21feec69-7adc-4a84-b019-c9905a9b99a0@localhost,Random,C,player_f6fda46c-5e93-427f-a1e2-73342cc931f7@localhost,Adaptive,D,0,10,1623,3973
819,player_21feec69-7adc-4a84-b019-c9905a9b99a0@localhost,Random,C,player_f6fda46c-5e93-427f-a1e2-73342cc931f7@localhost,Adaptive,D,0,10,1623,3983
820,player_21feec69-7adc-4a84-b019-c9905a9b99a0@localhost,Random,D,player_f6fda46c-5e93-427f-a1e2-73342cc931f7@localhost,Adaptive,D,1,1,1624,3984
821,player_21feec69-7adc-4a84-b019-c9905a9b99a0@localhost,Random,C,player_f6fda46c-5e93-427f-a1e2-73342cc931f7@localhost,Adaptive,D,0,10,1624,3994
822,player_21feec69-7adc-4a84-b019-c9905a9b99a0@localhost,Random,C,player_f6fda46c-5e93-427f-a1e2-73342cc931f7@localhost,Adaptive,D,0,10,1624,4004
823,player_21feec69-7adc-4a84-b019-c9905a9b99a0@localhost,Random,D,player_f6fda46c-5e93-427f-a1e2-73342cc931f7@localhost,Adaptive,D,1,1,1625,4005
824,player_21feec69-7adc-4a84-b019-c9905a9b99a0@localhost,Random,D,player_f6fda46c-5e93-427f-a1e2-73342cc931f7@localhost,Adaptive,D,1,1,1626,4006
825,player_21feec69-7adc-4a84-b019-c9905a9b99a0@localhost,Random,D,player_f6fda46c-5e93-427f-a1e2-73342cc931f7@localhost,Adaptive,D,1,1,1627,4007
826,player_21feec69-7adc-4a84-b019-c9905a9b99a0@localhost,Random,C,player_f6fda46c-5e93-427f-a1e2-73342cc931f7@localhost,Adaptive,D,0,10,1627,4017
827,player_21feec69-7adc-4a84-b019-c9905a9b99a0@localhost,Random,C,player_f6fda46c-5e93-427f-a1e2-73342cc931f7@localhost,Adaptive,D,0,10,1627,4027
828,player_21feec69-7adc-4a84-b019-c9905a9b99a0@localhost,Random,C,player_f6fda46c-5e93-427f-a1e2-73342cc931f7@localhost,Adaptive,D,0,10,1627,4037
829,player_21feec69-7adc-4a84-b019-c9905a9b99a0@localhost,Random,C,player_f6fda46c-5e93-427f-a1e2-73342cc931f7@localhost,Adaptive,D,0,10,1627,4047
830,player_21feec69-7adc-4a84-b019-c9905a9b99a0@localhost,Random,C,player_f6fda46c-5e93-427f-a1e2-73342cc931f7@localhost,Adaptive,D,0,10,1627,4057
831,player_21feec69-7adc-4a84-b019-c9905a9b99a0@localhost,Random,C,player_f6fda46c-5e93-427f-a1e2-73342cc931f7@localhost,Adaptive,D,0,10,1627,4067
832,player_21feec69-7adc-4a84-b019-c9905a9b99a0@localhost,Random,D,player_f6fda46c-5e93-427f-a1e2-73342cc931f7@localhost,Adaptive,D,1,1,1628,4068
833,player_21feec69-7adc-4a84-b019-c9905a9b99a0@localhost,Random,D,player_f6fda46c-5e93-427f-a1e2-73342cc931f7@localhost,Adaptive,D,1,1,1629,4069
834,player_21feec69-7adc-4a84-b019-c9905a9b99a0@localhost,Random,C,player_f6fda46c-5e93-427f-a1e2-73342cc931f7@localhost,Adaptive,D,0,10,1629,4079
835,player_21feec69-7adc-4a84-b019-c9905a9b99a0@localhost,Random,C,player_f6fda46c-5e93-427f-a1e2-73342cc931f7@localhost,Adaptive,D,0,10,1629,4089
836,player_21feec69-7adc-4a84-b019-c9905a9b99a0@localhost,Random,C,player_f6fda46c-5e93-427f-a1e2-73342cc931f7@localhost,Adaptive,D,0,10,1629,4099
837,player_21feec69-7adc-4a84-b019-c9905a9b99a0@localhost,Random,D,player_f6fda46c-5e93-427f-a1e2-73342cc931f7@localhost,Adaptive,D,1,1,1630,4100
838,player_21feec69-7adc-4a84-b019-c9905a9b99a0@localhost,Random,C,player_f6fda46c-5e93-427f-a1e2-73342cc931f7@localhost,Adaptive,D,0,10,1630,4110
839,player_21feec69-7adc-4a84-b019-c9905a9b99a0@localhost,Random,C,player_f6fda46c-5e93-427f-a1e2-73342cc931f7@localhost,Adaptive,D,0,10,1630,4120
840,player_21feec69-7adc-4a84-b019-c9905a9b99a0@localhost,Random,C,player_f6fda46c-5e93-427f-a1e2-73342cc931f7@localhost,Adaptive,D,0,10,1630,4130
841,player_21feec69-7adc-4a84-b019-c9905a9b99a0@localhost,Random,C,player_f6fda46c-5e93-427f-a1e2-73342cc931f7@localhost,Adaptive,D,0,10,1630,4140
842,player_21feec69-7adc-4a84-b019-c9905a9b99a0@localhost,Random,C,player_f6fda46c-5e93-427f-a1e2-73342cc931f7@localhost,Adaptive,D,0,10,1630,4150
843,player_21feec69-7adc-4a84-b019-c9905a9b99a0@localhost,Random,D,player_f6fda46c-5e93-427f-a1e2-73342cc931f7@localhost,Adaptive,D,1,1,1631,4151
844,player_21feec69-7adc-4a84-b019-c9905a9b99a0@localhost,Random,C,player_f6fda46c-5e93-427f-a1e2-73342cc931f7@localhost,Adaptive,D,0,10,1631,4161
845,player_21feec69-7adc-4a84-b019-c9905a9b99a0@localhost,Random,C,player_f6fda46c-5e93-427f-a1e2-73342cc931f7@localhost,Adaptive,D,0,10,1631,4171
846,player_21feec69-7adc-4a84-b019-c9905a9b99a0@localhost,Random,D,player_f6fda46c-5e93-427f-a1e2-73342cc931f7@localhost,Adaptive,D,1,1,1632,4172
847,player_21feec69-7adc-4a84-b019-c9905a9b99a0@localhost,Random,C,player_f6fda46c-5e93-427f-a1e2-73342cc931f7@localhost,Adaptive,D,0,10,1632,4182
848,player_21feec69-7adc-4a84-b019-c9905a9b99a0@localhost,Random,D,player_f6fda46c-5e93-427f-a1e2-73342cc931f7@localhost,Adaptive,D,1,1,1633,4183
849,player_21feec69-7adc-4a84-b019-c9905a9b99a0@localhost,Random,C,player_f6fda46c-5e93-427f-a1e2-73342cc931f7@localhost,Adaptive,D,0,10,1633,4193
850,player_21feec69-7adc-4a84-b019-c9905a9b99a0@localhost,Random,C,player_f6fda46c-5e93-427f-a1e2-73342cc931f7@localhost,Adaptive,D,0,10,1633,4203
851,player_21feec69-7adc-4a84-b019-c9905a9b99a0@localhost,Random,D,player_f6fda46c-5e93-427f-a1e2-73342cc931f7@localhost,Adaptive,D,1,1,1634,4204
852,player_21feec69-7adc-4a84-b019-c9905a9b99a0@localhost,Random,D,player_f6fda46c-5e93-427f-a1e2-73342cc931f7@localhost,Adaptive,D,1,1,1635,4205
853,player_21feec69-7adc-4a84-b019-c9905a9b99a0@localhost,Random,D,player_f6fda46c-5e93-427f-a1e2-73342cc931f7@localhost,Adaptive,D,1,1,1636,4206
854,player_21feec69-7adc-4a84-b019-c9905a9b99a0@localhost,Random,C,player_f6fda46c-5e93-427f-a1e2-73342cc931f7@localhost,Adaptive,D,0,10,1636,4216
855,player_21feec69-7adc-4a84-b019-c9905a9b99a0@localhost,Random,C,player_f6fda46c-5e93-427f-a1e2-73342cc931f7@localhost,Adaptive,D,0,10,1636,4226
856,player_21feec69-7adc-4a84-b019-c9905a9b99a0@localhost,Random,D,player_f6fda46c-5e93-427f-a1e2-73342cc931f7@localhost,Adaptive,D,1,1,1637,4227
857,player_21feec69-7adc-4a84-b019-c9905a9b99a0@localhost,Random,D,player_f6fda46c-5e93-427f-a1e2-73342cc931f7@localhost,Adaptive,D,1,1,1638,4228
858,player_21feec69-7adc-4a84-b019-c9905a9b99a0@localhost,Random,D,player_f6fda46c-5e93-427f-a1e2-73342cc931f7@localhost,Adaptive,D,1,1,1639,4229
859,player_21feec69-7adc-4a84-b019-c9905a9b99a0@localhost,Random,C,player_f6fda46c-5e93-427f-a1e2-73342cc931f7@localhost,Adaptive,D,0,10,1639,4239
860,player_21feec69-7adc-4a84-b019-c9905a9b99a0@localhost,Random,D,player_f6fda46c-5e93-427f-a1e2-73342cc931f7@localhost,Adaptive,D,1,1,1640,4240
861,player_21feec69-7adc-4a84-b019-c9905a9b99a0@localhost,Random,C,player_f6fda46c-5e93-427f-a1e2-73342cc931f7@localhost,Adaptive,D,0,10,1640,4250
862,player_21feec69-7adc-4a84-b019-c9905a9b99a0@localhost,Random,C,player_f6fda46c-5e93-427f-a1e2-73342cc931f7@localhost,Adaptive,D,0,10,1640,4260
863,player_21feec69-7adc-4a84-b019-c9905a9b99a0@localhost,Random,C,player_f6fda46c-5e93-427f-a1e2-73342cc931f7@localhost,Adaptive,D,0,10,1640,4270
864,player_21feec69-7adc-4a84-b019-c9905a9b99a0@localhost,Random,D,player_f6fda46c-5e93-427f-a1e2-73342cc931f7@localhost,Adaptive,D,1,1,1641,4271
865,player_21feec69-7adc-4a84-b019-c9905a9b99a0@localhost,Random,C,player_f6fda46c-5e93-427f-a1e2-73342cc931f7@localhost,Adaptive,D,0,10,1641,4281
866,player_21feec69-7adc-4a84-b019-c9905a9b99a0@localhost,Random,D,player_f6fda46c-5e93-427f-a1e2-73342cc931f7@localhost,Adaptive,D,1,1,1642,4282
867,player_21feec69-7adc-4a84-b019-c9905a9b99a0@localhost,Random,C,player_f6fda46c-5e93-427f-a1e2-73342cc931f7@localhost,Adaptive,D,0,10,1642,4292
868,player_21feec69-7adc-4a84-b019-c9905a9b99a0@localhost,Random,D,player_f6fda46c-5e93-427f-a1e2-73342cc931f7@localhost,Adaptive,D,1,1,1643,4293
869,player_21feec69-7adc-4a84-b019-c9905a9b99a0@localhost,Random,D,player_f6fda46c-5e93-427f-a1e2-73342cc931f7@localhost,Adaptive,D,1,1,1644,4294
870,player_21feec69-7adc-4a84-b019-c9905a9b99a0@localhost,Random,C,player_f6fda46c-5e93-427f-a1e2-73342cc931f7@localhost,Adaptive,D,0,10,1644,4304
871,player_21feec69-7adc-4a84-b019-c9905a9b99a0@localhost,Random,D,player_f6fda46c-5e93-427f-a1e2-73342cc931f7@localhost,Adaptive,D,1,1,1645,4305
872,player_21feec69-7adc-4a84-b019-c9905a9b99a0@localhost,Random,D,player_f6fda46c-5e93-427f-a1e2-73342cc931f7@localhost,Adaptive,D,1,1,1646,4306
873,player_21feec69-7adc-4a84-b019-c9905a9b99a0@localhost,Random,D,player_f6fda46c-5e93-427f-a1e2-73342cc931f7@localhost,Adaptive,D,1,1,1647,4307
874,player_21feec69-7adc-4a84-b019-c9905a9b99a0@localhost,Random,C,player_f6fda46c-5e93-427f-a1e2-73342cc931f7@localhost,Adaptive,D,0,10,1647,4317
875,player_21feec69-7adc-4a84-b019-c9905a9b99a0@localhost,Random,D,player_f6fda46c-5e93-427f-a1e2-73342cc931f7@localhost,Adaptive,D,1,1,1648,4318
876,player_21feec69-7adc-4a84-b019-c9905a9b99a0@localhost,Random,D,player_f6fda46c-5e93-427f-a1e2-73342cc931f7@localhost,Adaptive,D,1,1,1649,4319
877,player_21feec69-7adc-4a84-b019-c9905a9b99a0@localhost,Random,C,player_f6fda46c-5e93-427f-a1e2-73342cc931f7@localhost,Adaptive,D,0,10,1649,4329
878,player_21feec69-7adc-4a84-b019-c9905a9b99a0@localhost,Random,C,player_f6fda46c-5e93-427f-a1e2-73342cc931f7@localhost,Adaptive,D,0,10,1649,4339
879,player_21feec69-7adc-4a84-b019-c9905a9b99a0@localhost,Random,D,player_f6fda46c-5e93-427f-a1e2-73342cc931f7@localhost,Adaptive,D,1,1,1650,4340
880,player_21feec69-7adc-4a84-b019-c9905a9b99a0@localhost,Random,D,player_f6fda46c-5e93-427f-a1e2-73342cc931f7@localhost,Adaptive,D,1,1,1651,4341
881,player_21feec69-7adc-4a84-b019-c9905a9b99a0@localhost,Random,D,player_f6fda46c-5e93-427f-a1e2-73342cc931f7@localhost,Adaptive,D,1,1,1652,4342
882,player_21feec69-7adc-4a84-b019-c9905a9b99a0@localhost,Random,D,player_f6fda46c-5e93-427f-a1e2-73342cc931f7@localhost,Adaptive,D,1,1,1653,4343
883,player_21feec69-7adc-4a84-b019-c9905a9b99a0@localhost,Random,C,player_f6fda46c-5e93-427f-a1e2-73342cc931f7@localhost,Adaptive,D,0,10,1653,4353
884,player_21feec69-7adc-4a84-b019-c9905a9b99a0@localhost,Random,D,player_f6fda46c-5e93-427f-a1e2-73342cc931f7@localhost,Adaptive,D,1,1,1654,4354
885,player_21feec69-7adc-4a84-b019-c9905a9b99a0@localhost,Random,C,player_f6fda46c-5e93-427f-a1e2-73342cc931f7@localhost,Adaptive,D,0,10,1654,4364
886,player_21feec69-7adc-4a84-b019-c9905a9b99a0@localhost,Random,D,player_f6fda46c-5e93-427f-a1e2-73342cc931f7@localhost,Adaptive,D,1,1,1655,4365
887,player_21feec69-7adc-4a84-b019-c9905a9b99a0@localhost,Random,D,player_f6fda46c-5e93-427f-a1e2-73342cc931f7@localhost,Adaptive,D,1,1,1656,4366
888,player_21feec69-7adc-4a84-b019-c9905a9b99a0@localhost,Random,D,player_f6fda46c-5e93-427f-a1e2-73342cc931f7@localhost,Adaptive,D,1,1,1657,4367
889,player_21feec69-7adc-4a84-b019-c9905a9b99a0@localhost,Random,D,player_f6fda46c-5e93-427f-a1e2-73342cc931f7@localhost,Adaptive,D,1,1,1658,4368
890,player_21feec69-7adc-4a84-b019-c9905a9b99a0@localhost,Random,D,player_f6fda46c-5e93-427f-a1e2-73342cc931f7@localhost,Adaptive,D,1,1,1659,4369
891,player_21feec69-7adc-4a84-b019-c9905a9b99a0@localhost,Random,C,player_f6fda46c-5e93-427f-a1e2-73342cc931f7@localhost,Adaptive,D,0,10,1659,4379
892,player_21feec69-7adc-4a84-b019-c9905a9b99a0@localhost,Random,C,player_f6fda46c-5e93-427f-a1e2-73342cc931f7@localhost,Adaptive,D,0,10,1659,4389
893,player_21feec69-7adc-4a84-b019-c9905a9b99a0@localhost,Random,D,player_f6fda46c-5e93-427f-a1e2-73342cc931f7@localhost,Adaptive,D,1,1,1660,4390
894,player_21feec69-7adc-4a84-b019-c9905a9b99a0@localhost,Random,D,player_f6fda46c-5e93-427f-a1e2-73342cc931f7@localhost,Adaptive,D,1,1,1661,4391
895,player_21feec69-7adc-4a84-b019-c9905a9b99a0@localhost,Random,D,player_f6fda46c-5e93-427f-a1e2-73342cc931f7@localhost,Adaptive,D,1,1,1662,4392
896,player_21feec69-7adc-4a84-b019-c9905a9b99a0@localhost,Random,D,player_f6fda46c-5e93-427f-a1e2-73342cc931f7@localhost,Adaptive,D,1,1,1663,4393
897,player_21feec69-7adc-4a84-b019-c9905a9b99a0@localhost,Random,D,player_f6fda46c-5e93-427f-a1e2-73342cc931f7@localhost,Adaptive,D,1,1,1664,4394
898,player_21feec69-7adc-4a84-b019-c9905a9b99a0@localhost,Random,C,player_f6fda46c-5e93-427f-a1e2-73342cc931f7@localhost,Adaptive,D,0,10,1664,4404
899,player_21feec69-7adc-4a84-b019-c9905a9b99a0@localhost,Random,C,player_f6fda46c-5e93-427f-a1e2-73342cc931f7@localhost,Adaptive,D,0,10,1664,4414
900,player_21feec69-7adc-4a84-b019-c9905a9b99a0@localhost,Random,D,player_f6fda46c-5e93-427f-a1e2-73342cc931f7@localhost,Adaptive,D,1,1,1665,4415
901,player_21feec69-7adc-4a84-b019-c9905a9b99a0@localhost,Random,C,player_f6fda46c-5e93-427f-a1e2-73342cc931f7@localhost,Adaptive,D,0,10,1665,4425
902,player_21feec69-7adc-4a84-b019-c9905a9b99a0@localhost,Random,C,player_f6fda46c-5e93-427f-a1e2-73342cc931f7@localhost,Adaptive,D,0,10,1665,4435
903,player_21feec69-7adc-4a84-b019-c9905a9b99a0@localhost,Random,D,player_f6fda46c-5e93-427f-a1e2-73342cc931f7@localhost,Adaptive,D,1,1,1666,4436
904,player_21feec69-7adc-4a84-b019-c9905a9b99a0@localhost,Random,C,player_f6fda46c-5e93-427f-a1e2-73342cc931f7@localhost,Adaptive,D,0,10,1666,4446
905,player_21feec69-7adc-4a84-b019-c9905a9b99a0@localhost,Random,C,player_f6fda46c-5e93-427f-a1e2-73342cc931f7@localhost,Adaptive,D,0,10,1666,4456
906,player_21feec69-7adc-4a84-b019-c9905a9b99a0@localhost,Random,C,player_f6fda46c-5e93-427f-a1e2-73342cc931f7@localhost,Adaptive,D,0,10,1666,4466
907,player_21feec69-7adc-4a84-b019-c9905a9b99a0@localhost,Random,C,player_f6fda46c-5e93-427f-a1e2-73342cc931f7@localhost,Adaptive,D,0,10,1666,4476
908,player_21feec69-7adc-4a84-b019-c9905a9b99a0@localhost,Random,C,player_f6fda46c-5e93-427f-a1e2-73342cc931f7@localhost,Adaptive,D,0,10,1666,4486
909,player_21feec69-7adc-4a84-b019-c9905a9b99a0@localhost,Random,C,player_f6fda46c-5e93-427f-a1e2-73342cc931f7@localhost,Adaptive,D,0,10,1666,4496
910,player_21feec69-7adc-4a84-b019-c9905a9b99a0@localhost,Random,C,player_f6fda46c-5e93-427f-a1e2-73342cc931f7@localhost,Adaptive,D,0,10,1666,4506
911,player_21feec69-7adc-4a84-b019-c9905a9b99a0@localhost,Random,C,player_f6fda46c-5e93-427f-a1e2-73342cc931f7@localhost,Adaptive,D,0,10,1666,4516
912,player_21feec69-7adc-4a84-b019-c9905a9b99a0@localhost,Random,C,player_f6fda46c-5e93-427f-a1e2-73342cc931f7@localhost,Adaptive,D,0,10,1666,4526
913,player_21feec69-7adc-4a84-b019-c9905a9b99a0@localhost,Random,C,player_f6fda46c-5e93-427f-a1e2-73342cc931f7@localhost,Adaptive,D,0,10,1666,4536
914,player_21feec69-7adc-4a84-b019-c9905a9b99a0@localhost,Random,C,player_f6fda46c-5e93-427f-a1e2-73342cc931f7@localhost,Adaptive,D,0,10,1666,4546
915,player_21feec69-7adc-4a84-b019-c9905a9b99a0@localhost,Random,D,player_f6fda46c-5e93-427f-a1e2-73342cc931f7@localhost,Adaptive,D,1,1,1667,4547
916,player_21feec69-7adc-4a84-b019-c9905a9b99a0@localhost,Random,D,player_f6fda46c-5e93-427f-a1e2-73342cc931f7@localhost,Adaptive,D,1,1,1668,4548
917,player_21feec69-7adc-4a84-b019-c9905a9b99a0@localhost,Random,D,player_f6fda46c-5e93-427f-a1e2-73342cc931f7@localhost,Adaptive,D,1,1,1669,4549
918,player_21feec69-7adc-4a84-b019-c9905a9b99a0@localhost,Random,D,player_f6fda46c-5e93-427f-a1e2-73342cc931f7@localhost,Adaptive,D,1,1,1670,4550
919,player_21feec69-7adc-4a84-b019-c9905a9b99a0@localhost,Random,D,player_f6fda46c-5e93-427f-a1e2-73342cc931f7@localhost,Adaptive,D,1,1,1671,4551
920,player_21feec69-7adc-4a84-b019-c9905a9b99a0@localhost,Random,C,player_f6fda46c-5e93-427f-a1e2-73342cc931f7@localhost,Adaptive,D,0,10,1671,4561
921,player_21feec69-7adc-4a84-b019-c9905a9b99a0@localhost,Random,C,player_f6fda46c-5e93-427f-a1e2-73342cc931f7@localhost,Adaptive,D,0,10,1671,4571
922,player_21feec69-7adc-4a84-b019-c9905a9b99a0@localhost,Random,C,player_f6fda46c-5e93-427f-a1e2-73342cc931f7@localhost,Adaptive,D,0,10,1671,4581
923,player_21feec69-7adc-4a84-b019-c9905a9b99a0@localhost,Random,C,player_f6fda46c-5e93-427f-a1e2-73342cc931f7@localhost,Adaptive,D,0,10,1671,4591
924,player_21feec69-7adc-4a84-b019-c9905a9b99a0@localhost,Random,D,player_f6fda46c-5e93-427f-a1e2-73342cc931f7@localhost,Adaptive,D,1,1,1672,4592
925,player_21feec69-7adc-4a84-b019-c9905a9b99a0@localhost,Random,C,player_f6fda46c-5e93-427f-a1e2-73342cc931f7@localhost,Adaptive,D,0,10,1672,4602
926,player_21feec69-7adc-4a84-b019-c9905a9b99a0@localhost,Random,C,player_f6fda46c-5e93-427f-a1e2-73342cc931f7@localhost,Adaptive,D,0,10,1672,4612
927,player_21feec69-7adc-4a84-b019-c9905a9b99a0@localhost,Random,C,player_f6fda46c-5e93-427f-a1e2-73342cc931f7@localhost,Adaptive,D,0,10,1672,4622
928,player_21feec69-7adc-4a84-b019-c9905a9b99a0@localhost,Random,D,player_f6fda46c-5e93-427f-a1e2-73342cc931f7@localhost,Adaptive,D,1,1,1673,4623
929,player_21feec69-7adc-4a84-b019-c9905a9b99a0@localhost,Random,C,player_f6fda46c-5e93-427f-a1e2-73342cc931f7@localhost,Adaptive,D,0,10,1673,4633
930,player_21feec69-7adc-4a84-b019-c9905a9b99a0@localhost,Random,D,player_f6fda46c-5e93-427f-a1e2-73342cc931f7@localhost,Adaptive,D,1,1,1674,4634
931,player_21feec69-7adc-4a84-b019-c9905a9b99a0@localhost,Random,C,player_f6fda46c-5e93-427f-a1e2-73342cc931f7@localhost,Adaptive,D,0,10,1674,4644
932,player_21feec69-7adc-4a84-b019-c9905a9b99a0@localhost,Random,C,player_f6fda46c-5e93-427f-a1e2-73342cc931f7@localhost,Adaptive,D,0,10,1674,4654
933,player_21feec69-7adc-4a84-b019-c9905a9b99a0@localhost,Random,D,player_f6fda46c-5e93-427f-a1e2-73342cc931f7@localhost,Adaptive,D,1,1,1675,4655
934,player_21feec69-7adc-4a84-b019-c9905a9b99a0@localhost,Random,D,player_f6fda46c-5e93-427f-a1e2-73342cc931f7@localhost,Adaptive,D,1,1,1676,4656
935,player_21feec69-7adc-4a84-b019-c9905a9b99a0@localhost,Random,D,player_f6fda46c-5e93-427f-a1e2-73342cc931f7@localhost,Adaptive,D,1,1,1677,4657
936,player_21feec69-7adc-4a84-b019-c9905a9b99a0@localhost,Random,D,player_f6fda46c-5e93-427f-a1e2-73342cc931f7@localhost,Adaptive,D,1,1,1678,4658
937,player_21feec69-7adc-4a84-b019-c9905a9b99a0@localhost,Random,C,player_f6fda46c-5e93-427f-a1e2-73342cc931f7@localhost,Adaptive,D,0,10,1678,4668
938,player_21feec69-7adc-4a84-b019-c9905a9b99a0@localhost,Random,C,player_f6fda46c-5e93-427f-a1e2-73342cc931f7@localhost,Adaptive,D,0,10,1678,4678
939,player_21feec69-7adc-4a84-b019-c9905a9b99a0@localhost,Random,D,player_f6fda46c-5e93-427f-a1e2-73342cc931f7@localhost,Adaptive,D,1,1,1679,4679
940,player_21feec69-7adc-4a84-b019-c9905a9b99a0@localhost,Random,C,player_f6fda46c-5e93-427f-a1e2-73342cc931f7@localhost,Adaptive,D,0,10,1679,4689
941,player_21feec69-7adc-4a84-b019-c9905a9b99a0@localhost,Random,D,player_f6fda46c-5e93-427f-a1e2-73342cc931f7@localhost,Adaptive,D,1,1,1680,4690
942,player_21feec69-7adc-4a84-b019-c9905a9b99a0@localhost,Random,C,player_f6fda46c-5e93-427f-a1e2-73342cc931f7@localhost,Adaptive,D,0,10,1680,4700
943,player_21feec69-7adc-4a84-b019-c9905a9b99a0@localhost,Random,D,player_f6fda46c-5e93-427f-a1e2-73342cc931f7@localhost,Adaptive,D,1,1,1681,4701
944,player_21feec69-7adc-4a84-b019-c9905a9b99a0@localhost,Random,C,player_f6fda46c-5e93-427f-a1e2-73342cc931f7@localhost,Adaptive,D,0,10,1681,4711
945,player_21feec69-7adc-4a84-b019-c9905a9b99a0@localhost,Random,D,player_f6fda46c-5e93-427f-a1e2-73342cc931f7@localhost,Adaptive,D,1,1,1682,4712
946,player_21feec69-7adc-4a84-b019-c9905a9b99a0@localhost,Random,C,player_f6fda46c-5e93-427f-a1e2-73342cc931f7@localhost,Adaptive,D,0,10,1682,4722
947,player_21feec69-7adc-4a84-b019-c9905a9b99a0@localhost,Random,D,player_f6fda46c-5e93-427f-a1e2-73342cc931f7@localhost,Adaptive,D,1,1,1683,4723
948,player_21feec69-7adc-4a84-b019-c9905a9b99a0@localhost,Random,D,player_f6fda46c-5e93-427f-a1e2-73342cc931f7@localhost,Adaptive,D,1,1,1684,4724
949,player_21feec69-7adc-4a84-b019-c9905a9b99a0@localhost,Random,C,player_f6fda46c-5e93-427f-a1e2-73342cc931f7@localhost,Adaptive,D,0,10,1684,4734
950,player_21feec69-7adc-4a84-b019-c9905a9b99a0@localhost,Random,C,player_f6fda46c-5e93-427f-a1e2-73342cc931f7@localhost,Adaptive,D,0,10,1684,4744
951,player_21feec69-7adc-4a84-b019-c9905a9b99a0@localhost,Random,C,player_f6fda46c-5e93-427f-a1e2-73342cc931f7@localhost,Adaptive,D,0,10,1684,4754
952,player_21feec69-7adc-4a84-b019-c9905a9b99a0@localhost,Random,C,player_f6fda46c-5e93-427f-a1e2-73342cc931f7@localhost,Adaptive,D,0,10,1684,4764
953,player_21feec69-7adc-4a84-b019-c9905a9b99a0@localhost,Random,C,player_f6fda46c-5e93-427f-a1e2-73342cc931f7@localhost,Adaptive,D,0,10,1684,4774
954,player_21feec69-7adc-4a84-b019-c9905a9b99a0@localhost,Random,C,player_f6fda46c-5e93-427f-a1e2-73342cc931f7@localhost,Adaptive,D,0,10,1684,4784
955,player_21feec69-7adc-4a84-b019-c9905a9b99a0@localhost,Random,D,player_f6fda46c-5e93-427f-a1e2-73342cc931f7@localhost,Adaptive,D,1,1,1685,4785
956,player_21feec69-7adc-4a84-b019-c9905a9b99a0@localhost,Random,C,player_f6fda46c-5e93-427f-a1e2-73342cc931f7@localhost,Adaptive,D,0,10,1685,4795
957,player_21feec69-7adc-4a84-b019-c9905a9b99a0@localhost,Random,C,player_f6fda46c-5e93-427f-a1e2-73342cc931f7@localhost,Adaptive,D,0,10,1685,4805
958,player_21feec69-7adc-4a84-b019-c9905a9b99a0@localhost,Random,D,player_f6fda46c-5e93-427f-a1e2-73342cc931f7@localhost,Adaptive,D,1,1,1686,4806
959,player_21feec69-7adc-4a84-b019-c9905a9b99a0@localhost,Random,C,player_f6fda46c-5e93-427f-a1e2-73342cc931f7@localhost,Adaptive,D,0,10,1686,4816
960,player_21feec69-7adc-4a84-b019-c9905a9b99a0@localhost,Random,C,player_f6fda46c-5e93-427f-a1e2-73342cc931f7@localhost,Adaptive,D,0,10,1686,4826
961,player_21feec69-7adc-4a84-b019-c9905a9b99a0@localhost,Random,D,player_f6fda46c-5e93-427f-a1e2-73342cc931f7@localhost,Adaptive,D,1,1,1687,4827
962,player_21feec69-7adc-4a84-b019-c9905a9b99a0@localhost,Random,C,player_f6fda46c-5e93-427f-a1e2-73342cc931f7@localhost,Adaptive,D,0,10,1687,4837
963,player_21feec69-7adc-4a84-b019-c9905a9b99a0@localhost,Random,D,player_f6fda46c-5e93-427f-a1e2-73342cc931f7@localhost,Adaptive,D,1,1,1688,4838
964,player_21feec69-7adc-4a84-b019-c9905a9b99a0@localhost,Random,C,player_f6fda46c-5e93-427f-a1e2-73342cc931f7@localhost,Adaptive,D,0,10,1688,4848
965,player_21feec69-7adc-4a84-b019-c9905a9b99a0@localhost,Random,D,player_f6fda46c-5e93-427f-a1e2-73342cc931f7@localhost,Adaptive,D,1,1,1689,4849
966,player_21feec69-7adc-4a84-b019-c9905a9b99a0@localhost,Random,D,player_f6fda46c-5e93-427f-a1e2-73342cc931f7@localhost,Adaptive,D,1,1,1690,4850
967,player_21feec69-7adc-4a84-b019-c9905a9b99a0@localhost,Random,D,player_f6fda46c-5e93-427f-a1e2-73342cc931f7@localhost,Adaptive,D,1,1,1691,4851
968,player_21feec69-7adc-4a84-b019-c9905a9b99a0@localhost,Random,D,player_f6fda46c-5e93-427f-a1e2-73342cc931f7@localhost,Adaptive,D,1,1,1692,4852
969,player_21feec69-7adc-4a84-b019-c9905a9b99a0@localhost,Random,D,player_f6fda46c-5e93-427f-a1e2-73342cc931f7@localhost,Adaptive,D,1,1,1693,4853
970,player_21feec69-7adc-4a84-b019-c9905a9b99a0@localhost,Random,C,player_f6fda46c-5e93-427f-a1e2-73342cc931f7@localhost,Adaptive,D,0,10,1693,4863
971,player_21feec69-7adc-4a84-b019-c9905a9b99a0@localhost,Random,C,player_f6fda46c-5e93-427f-a1e2-73342cc931f7@localhost,Adaptive,D,0,10,1693,4873
972,player_21feec69-7adc-4a84-b019-c9905a9b99a0@localhost,Random,C,player_f6fda46c-5e93-427f-a1e2-73342cc931f7@localhost,Adaptive,D,0,10,1693,4883
973,player_21feec69-7adc-4a84-b019-c9905a9b99a0@localhost,Random,D,player_f6fda46c-5e93-427f-a1e2-73342cc931f7@localhost,Adaptive,D,1,1,1694,4884
974,player_21feec69-7adc-4a84-b019-c9905a9b99a0@localhost,Random,C,player_f6fda46c-5e93-427f-a1e2-73342cc931f7@localhost,Adaptive,D,0,10,1694,4894
975,player_21feec69-7adc-4a84-b019-c9905a9b99a0@localhost,Random,D,player_f6fda46c-5e93-427f-a1e2-73342cc931f7@localhost,Adaptive,D,1,1,1695,4895
976,player_21feec69-7adc-4a84-b019-c9905a9b99a0@localhost,Random,C,player_f6fda46c-5e93-427f-a1e2-73342cc931f7@localhost,Adaptive,D,0,10,1695,4905
977,player_21feec69-7adc-4a84-b019-c9905a9b99a0@localhost,Random,C,player_f6fda46c-5e93-427f-a1e2-73342cc931f7@localhost,Adaptive,D,0,10,1695,4915
978,player_21feec69-7adc-4a84-b019-c9905a9b99a0@localhost,Random,C,player_f6fda46c-5e93-427f-a1e2-73342cc931f7@localhost,Adaptive,D,0,10,1695,4925
979,player_21feec69-7adc-4a84-b019-c9905a9b99a0@localhost,Random,C,player_f6fda46c-5e93-427f-a1e2-73342cc931f7@localhost,Adaptive,D,0,10,1695,4935
980,player_21feec69-7adc-4a84-b019-c9905a9b99a0@localhost,Random,C,player_f6fda46c-5e93-427f-a1e2-73342cc931f7@localhost,Adaptive,D,0,10,1695,4945
981,player_21feec69-7adc-4a84-b019-c9905a9b99a0@localhost,Random,C,player_f6fda46c-5e93-427f-a1e2-73342cc931f7@localhost,Adaptive,C,5,5,1700,4950
982,player_21feec69-7adc-4a84-b019-c9905a9b99a0@localhost,Random,D,player_f6fda46c-5e93-427f-a1e2-73342cc931f7@localhost,Adaptive,C,10,0,1710,4950
983,player_21feec69-7adc-4a84-b019-c9905a9b99a0@localhost,Random,C,player_f6fda46c-5e93-427f-a1e2-73342cc931f7@localhost,Adaptive,C,5,5,1715,4955
984,player_21feec69-7adc-4a84-b019-c9905a9b99a0@localhost,Random,D,player_f6fda46c-5e93-427f-a1e2-73342cc931f7@localhost,Adaptive,C,10,0,1725,4955
985,player_21feec69-7adc-4a84-b019-c9905a9b99a0@localhost,Random,C,player_f6fda46c-5e93-427f-a1e2-73342cc931f7@localhost,Adaptive,C,5,5,1730,4960
986,player_21feec69-7adc-4a84-b019-c9905a9b99a0@localhost,Random,C,player_f6fda46c-5e93-427f-a1e2-73342cc931f7@localhost,Adaptive,C,5,5,1735,4965
987,player_21feec69-7adc-4a84-b019-c9905a9b99a0@localhost,Random,D,player_f6fda46c-5e93-427f-a1e2-73342cc931f7@localhost,Adaptive,C,10,0,1745,4965
988,player_21feec69-7adc-4a84-b019-c9905a9b99a0@localhost,Random,C,player_f6fda46c-5e93-427f-a1e2-73342cc931f7@localhost,Adaptive,C,5,5,1750,4970
989,player_21feec69-7adc-4a84-b019-c9905a9b99a0@localhost,Random,C,player_f6fda46c-5e93-427f-a1e2-73342cc931f7@localhost,Adaptive,C,5,5,1755,4975
990,player_21feec69-7adc-4a84-b019-c9905a9b99a0@localhost,Random,C,player_f6fda46c-5e93-427f-a1e2-73342cc931f7@localhost,Adaptive,C,5,5,1760,4980
991,player_21feec69-7adc-4a84-b019-c9905a9b99a0@localhost,Random,C,player_f6fda46c-5e93-427f-a1e2-73342cc931f7@localhost,Adaptive,C,5,5,1765,4985
992,player_21feec69-7adc-4a84-b019-c9905a9b99a0@localhost,Random,D,player_f6fda46c-5e93-427f-a1e2-73342cc931f7@localhost,Adaptive,C,10,0,1775,4985
993,player_21feec69-7adc-4a84-b019-c9905a9b99a0@localhost,Random,D,player_f6fda46c-5e93-427f-a1e2-73342cc931f7@localhost,Adaptive,C,10,0,1785,4985
994,player_21feec69-7adc-4a84-b019-c9905a9b99a0@localhost,Random,D,player_f6fda46c-5e93-427f-a1e2-73342cc931f7@localhost,Adaptive,C,10,0,1795,4985
995,player_21feec69-7adc-4a84-b019-c9905a9b99a0@localhost,Random,D,player_f6fda46c-5e93-427f-a1e2-73342cc931f7@localhost,Adaptive,C,10,0,1805,4985
996,player_21feec69-7adc-4a84-b019-c9905a9b99a0@localhost,Random,C,player_f6fda46c-5e93-427f-a1e2-73342cc931f7@localhost,Adaptive,C,5,5,1810,4990
997,player_21feec69-7adc-4a84-b019-c9905a9b99a0@localhost,Random,C,player_f6fda46c-5e93-427f-a1e2-73342cc931f7@localhost,Adaptive,C,5,5,1815,4995
998,player_21feec69-7adc-4a84-b019-c9905a9b99a0@localhost,Random,C,player_f6fda46c-5e93-427f-a1e2-73342cc931f7@localhost,Adaptive,C,5,5,1820,5000
999,player_21feec69-7adc-4a84-b019-c9905a9b99a0@localhost,Random,C,player_f6fda46c-5e93-427f-a1e2-73342cc931f7@localhost,Adaptive,C,5,5,1825,5005
1000,player_21feec69-7adc-4a84-b019-c9905a9b99a0@localhost,Random,C,player_f6fda46c-5e93-427f-a1e2-73342cc931f7@localhost,Adaptive,C,5,5,1830,5010
,,,,,,,,,,
# AGGREGATED METRICS
# p1_jid,player_21feec69-7adc-4a84-b019-c9905a9b99a0@localhost
# p2_jid,player_f6fda46c-5e93-427f-a1e2-73342cc931f7@localhost
# total_rounds,1000
# cooperation_rate_p1,0.5030
# cooperation_rate_p2,0.1850
# defection_rate_p1,0.4970
# defection_rate_p2,0.8150
# total_payoff_p1,1830
# total_payoff_p2,5010
# avg_payoff_p1,1.8300
# avg_payoff_p2,5.0100
