round,p1_jid,p1_strategy,p1_action,p2_jid,p2_strategy,p2_action,p1_payoff,p2_payoff,p1_cumulative,p2_cumulative
1,player_a7f34ed2-3ba9-497c-879f-d30c8bb1cb7d@localhost,Random,D,player_b023a9ca-fa89-474c-877c-66533b651d52@localhost,WinStayLoseShift,C,10,0,10,0
2,player_a7f34ed2-3ba9-497c-879f-d30c8bb1cb7d@localhost,Random,D,player_b023a9ca-fa89-474c-877c-66533b651d52@localhost,WinStayLoseShift,D,1,1,11,1
3,player_a7f34ed2-3ba9-497c-879f-d30c8bb1cb7d@localhost,Random,D,player_b023a9ca-fa89-474c-877c-66533b651d52@localhost,WinStayLoseShift,C,10,0,21,1
4,player_a7f34ed2-3ba9-497c-879f-d30c8bb1cb7d@localhost,Random,C,player_b023a9ca-fa89-474c-877c-66533b651d52@localhost,WinStayLoseShift,D,0,10,21,11
5,player_a7f34ed2-3ba9-497c-879f-d30c8bb1cb7d@localhost,Random,D,player_b023a9ca-fa89-474c-877c-66533b651d52@localhost,WinStayLoseShift,D,1,1,22,12
6,player_a7f34ed2-3ba9-497c-879f-d30c8bb1cb7d@localhost,Random,C,player_b023a9ca-fa89-474c-877c-66533b651d52@localhost,WinStayLoseShift,C,5,5,27,17
7,player_a7f34ed2-3ba9-497c-879f-d30c8bb1cb7d@localhost,Random,C,player_b023a9ca-fa89-474c-877c-66533b651d52@localhost,WinStayLoseShift,C,5,5,32,22
8,player_a7f34ed2-3ba9-497c-879f-d30c8bb1cb7d@localhost,Random,D,player_b023a9ca-fa89-474c-877c-66533b651d52@localhost,WinStayLoseShift,C,10,0,42,22
9,player_a7f34ed2-3ba9-497c-879f-d30c8bb1cb7d@localhost,Random,D,player_b023a9ca-fa89-474c-877c-66533b651d52@localhost,WinStayLoseShift,D,1,1,43,23
10,player_a7f34ed2-3ba9-497c-879f-d30c8bb1cb7d@localhost,Random,D,player_b023a9ca-fa89-474c-877c-66533b651d52@localhost,WinStayLoseShift,C,10,0,53,23
11,player_a7f34ed2-3ba9-497c-879f-d30c8bb1cb7d@localhost,Random,D,player_b023a9ca-fa89-474c-877c-66533b651d52@localhost,WinStayLoseShift,D,1,1,54,24
12,player_a7f34ed2-3ba9-497c-879f-d30c8bb1cb7d@localhost,Random,D,player_b023a9ca-fa89-474c-877c-66533b651d52@localhost,WinStayLoseShift,C,10,0,64,24
13,player_a7f34ed2-3ba9-497c-879f-d30c8bb1cb7d@localhost,Random,C,player_b023a9ca-fa89-474c-877c-66533b651d52@localhost,WinStayLoseShift,D,0,10,64,34
14,player_a7f34ed2-3ba9-497c-879f-d30c8bb1cb7d@localhost,Random,D,player_b023a9ca-fa89-474c-877c-66533b651d52@localhost,WinStayLoseShift,D,1,1,65,35
15,player_a7f34ed2-3ba9-497c-879f-d30c8bb1cb7d@localhost,Random,C,player_b023a9ca-fa89-474c-877c-66533b651d52@localhost,WinStayLoseShift,C,5,5,70,40
16,player_a7f34ed2-3ba9-497c-879f-d30c8bb1cb7d@localhost,Random,C,player_b023a9ca-fa89-474c-877c-66533b651d52@localhost,WinStayLoseShift,C,5,5,75,45
17,player_a7f34ed2-3ba9-497c-879f-d30c8bb1cb7d@localhost,Random,D,player_b023a9ca-fa89-474c-877c-66533b651d52@localhost,WinStayLoseShift,C,10,0,85,45
18,player_a7f34ed2-3ba9-497c-879f-d30c8bb1cb7d@localhost,Random,D,player_b023a9ca-fa89-474c-877c-66533b651d52@localhost,WinStayLoseShift,D,1,1,86,46
19,player_a7f34ed2-3ba9-497c-879f-d30c8bb1cb7d@localhost,Random,C,player_b023a9ca-fa89-474c-877c-66533b651d52@localhost,WinStayLoseShift,C,5,5,91,51
20,player_a7f34ed2-3ba9-497c-879f-d30c8bb1cb7d@localhost,Random,D,player_b023a9ca-fa89-474c-877c-66533b651d52@localhost,WinStayLoseShift,C,10,0,101,51
21,player_a7f34ed2-3ba9-497c-879f-d30c8bb1cb7d@localhost,Random,C,player_b023a9ca-fa89-474c-877c-66533b651d52@localhost,WinStayLoseShift,D,0,10,101,61
22,player_a7f34ed2-3ba9-497c-879f-d30c8bb1cb7d@localhost,Random,D,player_b023a9ca-fa89-474c-877c-66533b651d52@localhost,WinStayLoseShift,D,1,1,102,62
23,player_a7f34ed2-3ba9-497c-879f-d30c8bb1cb7d@localhost,Random,C,player_b023a9ca-fa89-474c-877c-66533b651d52@localhost,WinStayLoseShift,C,5,5,107,67
24,player_a7f34ed2-3ba9-497c-879f-d30c8bb1cb7d@localhost,Random,C,player_b023a9ca-fa89-474c-877c-66533b651d52@localhost,WinStayLoseShift,C,5,5,112,72
25,player_a7f34ed2-3ba9-497c-879f-d30c8bb1cb7d@localhost,Random,C,player_b023a9ca-fa89-474c-877c-66533b651d52@localhost,WinStayLoseShift,C,5,5,117,77
26,player_a7f34ed2-3ba9-497c-879f-d30c8bb1cb7d@localhost,Random,D,player_b023a9ca-fa89-474c-877c-66533b651d52@localhost,WinStayLoseShift,C,10,0,127,77
27,player_a7f34ed2-3ba9-497c-879f-d30c8bb1cb7d@localhost,Random,D,player_b023a9ca-fa89-474c-877c-66533b651d52@localhost,WinStayLoseShift,D,1,1,128,78
28,player_a7f34ed2-3ba9-497c-879f-d30c8bb1cb7d@localhost,Random,C,player_b023a9ca-fa89-474c-877c-66533b651d52@localhost,WinStayLoseShift,C,5,5,133,83
29,player_a7f34ed2-3ba9-497c-879f-d30c8bb1cb7d@localhost,Random,D,player_b023a9ca-fa89-474c-877c-66533b651d52@localhost,WinStayLoseShift,C,10,0,143,83
30,player_a7f34ed2-3ba9-497c-879f-d30c8bb1cb7d@localhost,Random,C,player_b023a9ca-fa89-474c-877c-66533b651d52@localhost,WinStayLoseShift,D,0,10,143,93
31,player_a7f34ed2-3ba9-497c-879f-d30c8bb1cb7d@localhost,Random,C,player_b023a9ca-fa89-474c-877c-66533b651d52@localhost,WinStayLoseShift,D,0,10,143,103
32,player_a7f34ed2-3ba9-497c-879f-d30c8bb1cb7d@localhost,Random,C,player_b023a9ca-fa89-474c-877c-66533b651d52@localhost,WinStayLoseShift,D,0,10,143,113
33,player_a7f34ed2-3ba9-497c-879f-d30c8bb1cb7d@localhost,Random,C,player_b023a9ca-fa89-474c-877c-66533b651d52@localhost,WinStayLoseShift,D,0,10,143,123
34,player_a7f34ed2-3ba9-497c-879f-d30c8bb1cb7d@localhost,Random,C,player_b023a9ca-fa89-474c-877c-66533b651d52@localhost,WinStayLoseShift,D,0,10,143,133
35,player_a7f34ed2-3ba9-497c-879f-d30c8bb1cb7d@localhost,Random,D,player_b023a9ca-fa89-474c-877c-66533b651d52@localhost,WinStayLoseShift,D,1,1,144,134
36,player_a7f34ed2-3ba9-497c-879f-d30c8bb1cb7d@localhost,Random,C,player_b023a9ca-fa89-474c-877c-66533b651d52@localhost,WinStayLoseShift,C,5,5,149,139
37,player_a7f34ed2-3ba9-497c-879f-d30c8bb1cb7d@localhost,Random,D,player_b023a9ca-fa89-474c-877c-66533b651d52@localhost,WinStayLoseShift,C,10,0,159,139
38,player_a7f34ed2-3ba9-497c-879f-d30c8bb1cb7d@localhost,Random,C,player_b023a9ca-fa89-474c-877c-66533b651d52@localhost,WinStayLoseShift,D,0,10,159,149
39,player_a7f34ed2-3ba9-497c-879f-d30c8bb1cb7d@localhost,Random,C,player_b023a9ca-fa89-474c-877c-66533b651d52@localhost,WinStayLoseShift,D,0,10,159,159
40,player_a7f34ed2-3ba9-497c-879f-d30c8bb1cb7d@localhost,Random,C,player_b023a9ca-fa89-474c-877c-66533b651d52@localhost,WinStayLoseShift,D,0,10,159,169
41,player_a7f34ed2-3ba9-497c-879f-d30c8bb1cb7d@localhost,Random,D,player_b023a9ca-fa89-474c-877c-66533b651d52@localhost,WinStayLoseShift,D,1,1,160,170
42,player_a7f34ed2-3ba9-497c-879f-d30c8bb1cb7d@localhost,Random,D,player_b023a9ca-fa89-474c-877c-66533b651d52@localhost,WinStayLoseShift,C,10,0,170,170
43,player_a7f34ed2-3ba9-497c-879f-d30c8bb1cb7d@localhost,Random,D,player_b023a9ca-fa89-474c-877c-66533b651d52@localhost,WinStayLoseShift,D,1,1,171,171
44,player_a7f34ed2-3ba9-497c-879f-d30c8bb1cb7d@localhost,Random,C,player_b023a9ca-fa89-474c-877c-66533b651d52@localhost,WinStayLoseShift,C,5,5,176,176
45,player_a7f34ed2-3ba9-497c-879f-d30c8bb1cb7d@localhost,Random,C,player_b023a9ca-fa89-474c-877c-66533b651d52@localhost,WinStayLoseShift,C,5,5,181,181
46,player_a7f34ed2-3ba9-497c-879f-d30c8bb1cb7d@localhost,Random,C,player_b023a9ca-fa89-474c-877c-66533b651d52@localhost,WinStayLoseShift,C,5,5,186,186
47,player_a7f34ed2-3ba9-497c-879f-d30c8bb1cb7d@localhost,Random,C,player_b023a9ca-fa89-474c-877c-66533b651d52@localhost,WinStayLoseShift,C,5,5,191,191
48,player_a7f34ed2-3ba9-497c-879f-d30c8bb1cb7d@localhost,Random,D,player_b023a9ca-fa89-474c-877c-66533b651d52@localhost,WinStayLoseShift,C,10,0,201,191
49,player_a7f34ed2-3ba9-497c-879f-d30c8bb1cb7d@localhost,Random,C,player_b023a9ca-fa89-474c-877c-66533b651d52@localhost,WinStayLoseShift,D,0,10,201,201
50,player_a7f34ed2-3ba9-497c-879f-d30c8bb1cb7d@localhost,Random,D,player_b023a9ca-fa89-474c-877c-66533b651d52@localhost,WinStayLoseShift,D,1,1,202,202
51,player_a7f34ed2-3ba9-497c-879f-d30c8bb1cb7d@localhost,Random,D,player_b023a9ca-fa89-474c-877c-66533b651d52@localhost,WinStayLoseShift,C,10,0,212,202
52,player_a7f34ed2-3ba9-497c-879f-d30c8bb1cb7d@localhost,Random,D,player_b023a9ca-fa89-474c-877c-66533b651d52@localhost,WinStayLoseShift,D,1,1,213,203
53,player_a7f34ed2-3ba9-497c-879f-d30c8bb1cb7d@localhost,Random,C,player_b023a9ca-fa89-474c-877c-66533b651d52@localhost,WinStayLoseShift,C,5,5,218,208
54,player_a7f34ed2-3ba9-497c-879f-d30c8bb1cb7d@localhost,Random,C,player_b023a9ca-fa89-474c-877c-66533b651d52@localhost,WinStayLoseShift,C,5,5,223,213
55,player_a7f34ed2-3ba9-497c-879f-d30c8bb1cb7d@localhost,Random,D,player_b023a9ca-fa89-474c-877c-66533b651d52@localhost,WinStayLoseShift,C,10,0,233,213
56,player_a7f34ed2-3ba9-497c-879f-d30c8bb1cb7d@localhost,Random,D,player_b023a9ca-fa89-474c-877c-66533b651d52@localhost,WinStayLoseShift,D,1,1,234,214
57,player_a7f34ed2-3ba9-497c-879f-d30c8bb1cb7d@localhost,Random,C,player_b023a9ca-fa89-474c-877c-66533b651d52@localhost,WinStayLoseShift,C,5,5,239,219
58,player_a7f34ed2-3ba9-497c-879f-d30c8bb1cb7d@localhost,Random,D,player_b023a9ca-fa89-474c-877c-66533b651d52@localhost,WinStayLoseShift,C,10,0,249,219
59,player_a7f34ed2-3ba9-497c-879f-d30c8bb1cb7d@localhost,Random,C,player_b023a9ca-fa89-474c-877c-66533b651d52@localhost,WinStayLoseShift,D,0,10,249,229
60,player_a7f34ed2-3ba9-497c-879f-d30c8bb1cb7d@localhost,Random,D,player_b023a9ca-fa89-474c-877c-66533b651d52@localhost,WinStayLoseShift,D,1,1,250,230
61,player_a7f34ed2-3ba9-497c-879f-d30c8bb1cb7d@localhost,Random,D,player_b023a9ca-fa89-474c-877c-66533b651d52@localhost,WinStayLoseShift,C,10,0,260,230
62,player_a7f34ed2-3ba9-497c-879f-d30c8bb1cb7d@localhost,Random,C,player_b023a9ca-fa89-474c-877c-66533b651d52@localhost,WinStayLoseShift,D,0,10,260,240
63,player_a7f34ed2-3ba9-497c-879f-d30c8bb1cb7d@localhost,Random,D,player_b023a9ca-fa89-474c-877c-66533b651d52@localhost,WinStayLoseShift,D,1,1,261,241
64,player_a7f34ed2-3ba9-497c-879f-d30c8bb1cb7d@localhost,Random,D,player_b023a9ca-fa89-474c-877c-66533b651d52@localhost,WinStayLoseShift,C,10,0,271,241
65,player_a7f34ed2-3ba9-497c-879f-d30c8bb1cb7d@localhost,Random,C,player_b023a9ca-fa89-474c-877c-66533b651d52@localhost,WinStayLoseShift,D,0,10,271,251
66,player_a7f34ed2-3ba9-497c-879f-d30c8bb1cb7d@localhost,Random,D,player_b023a9ca-fa89-474c-877c-66533b651d52@localhost,WinStayLoseShift,D,1,1,272,252
67,player_a7f34ed2-3ba9-497c-879f-d30c8bb1cb7d@localhost,Random,C,player_b023a9ca-fa89-474c-877c-66533b651d52@localhost,WinStayLoseShift,C,5,5,277,257
68,player_a7f34ed2-3ba9-497c-879f-d30c8bb1cb7d@localhost,Random,C,player_b023a9ca-fa89-474c-877c-66533b651d52@localhost,WinStayLoseShift,C,5,5,282,262
69,player_a7f34ed2-3ba9-497c-879f-d30c8bb1cb7d@localhost,Random,D,player_b023a9ca-fa89-474c-877c-66533b651d52@localhost,WinStayLoseShift,C,10,0,292,262
70,player_a7f34ed2-3ba9-497c-879f-d30c8bb1cb7d@localhost,Random,C,player_b023a9ca-fa89-474c-877c-66533b651d52@localhost,WinStayLoseShift,D,0,10,292,272
71,player_a7f34ed2-3ba9-497c-879f-d30c8bb1cb7d@localhost,Random,D,player_b023a9ca-fa89-474c-877c-66533b651d52@localhost,WinStayLoseShift,D,1,1,293,273
72,player_a7f34ed2-3ba9-497c-879f-d30c8bb1cb7d@localhost,Random,D,player_b023a9ca-fa89-474c-877c-66533b651d52@localhost,WinStayLoseShift,C,10,0,303,273
73,player_a7f34ed2-3ba9-497c-879f-d30c8bb1cb7d@localhost,Random,C,player_b023a9ca-fa89-474c-877c-66533b651d52@localhost,WinStayLoseShift,D,0,10,303,283
74,player_a7f34ed2-3ba9-497c-879f-d30c8bb1cb7d@localhost,Random,C,player_b023a9ca-fa89-474c-877c-66533b651d52@localhost,WinStayLoseShift,D,0,10,303,293
75,player_a7f34ed2-3ba9-497c-879f-d30c8bb1cb7d@localhost,Random,D,player_b023a9ca-fa89-474c-877c-66533b651d52@localhost,WinStayLoseShift,D,1,1,304,294
76,player_a7f34ed2-3ba9-497c-879f-d30c8bb1cb7d@localhost,Random,C,player_b023a9ca-fa89-474c-877c-66533b651d52@localhost,WinStayLoseShift,C,5,5,309,299
77,player_a7f34ed2-3ba9-497c-879f-d30c8bb1cb7d@localhost,Random,C,player_b023a9ca-fa89-474c-877c-66533b651d52@localhost,WinStayLoseShift,C,5,5,314,304
78,player_a7f34ed2-3ba9-497c-879f-d30c8bb1cb7d@localhost,Random,C,player_b023a9ca-fa89-474c-877c-66533b651d52@localhost,WinStayLoseShift,C,5,5,319,309
79,player_a7f34ed2-3ba9-497c-879f-d30c8bb1cb7d@localhost,Random,D,player_b023a9ca-fa89-474c-877c-66533b651d52@localhost,WinStayLoseShift,C,10,0,329,309
80,player_a7f34ed2-3ba9-497c-879f-d30c8bb1cb7d@localhost,Random,C,player_b023a9ca-fa89-474c-877c-66533b651d52@localhost,WinStayLoseShift,D,0,10,329,319
81,player_a7f34ed2-3ba9-497c-879f-d30c8bb1cb7d@localhost,Random,D,player_b023a9ca-fa89-474c-877c-66533b651d52@localhost,WinStayLoseShift,D,1,1,330,320
82,player_a7f34ed2-3ba9-497c-879f-d30c8bb1cb7d@localhost,Random,C,player_b023a9ca-fa89-474c-877c-66533b651d52@localhost,WinStayLoseShift,C,5,5,335,325
83,player_a7f34ed2-3ba9-497c-879f-d30c8bb1cb7d@localhost,Random,C,player_b023a9ca-fa89-474c-877c-66533b651d52@localhost,WinStayLoseShift,C,5,5,340,330
84,player_a7f34ed2-3ba9-497c-879f-d30c8bb1cb7d@localhost,Random,D,player_b023a9ca-fa89-474c-877c-66533b651d52@localhost,WinStayLoseShift,C,10,0,350,330
85,player_a7f34ed2-3ba9-497c-879f-d30c8bb1cb7d@localhost,Random,D,player_b023a9ca-fa89-474c-877c-66533b651d52@localhost,WinStayLoseShift,D,1,1,351,331
86,player_a7f34ed2-3ba9-497c-879f-d30c8bb1cb7d@localhost,Random,D,player_b023a9ca-fa89-474c-877c-66533b651d52@localhost,WinStayLoseShift,C,10,0,361,331
87,player_a7f34ed2-3ba9-497c-879f-d30c8bb1cb7d@localhost,Random,C,player_b023a9ca-fa89-474c-877c-66533b651d52@localhost,WinStayLoseShift,D,0,10,361,341
88,player_a7f34ed2-3ba9-497c-879f-d30c8bb1cb7d@localhost,Random,C,player_b023a9ca-fa89-474c-877c-66533b651d52@localhost,WinStayLoseShift,D,0,10,361,351
89,player_a7f34ed2-3ba9-497c-879f-d30c8bb1cb7d@localhost,Random,D,player_b023a9ca-fa89-474c-877c-66533b651d52@localhost,WinStayLoseShift,D,1,1,362,352
90,player_a7f34ed2-3ba9-497c-879f-d30c8bb1cb7d@localhost,Random,D,player_b023a9ca-fa89-474c-877c-66533b651d52@localhost,WinStayLoseShift,C,10,0,372,352
91,player_a7f34ed2-3ba9-497c-879f-d30c8bb1cb7d@localhost,Random,C,player_b023a9ca-fa89-474c-877c-66533b651d52@localhost,WinStayLoseShift,D,0,10,372,362
92,player_a7f34ed2-3ba9-497c-879f-d30c8bb1cb7d@localhost,Random,C,player_b023a9ca-fa89-474c-877c-66533b651d52@localhost,WinStayLoseShift,D,0,10,372,372
93,player_a7f34ed2-3ba9-497c-879f-d30c8bb1cb7d@localhost,Random,C,player_b023a9ca-fa89-474c-877c-66533b651d52@localhost,WinStayLoseShift,D,0,10,372,382
94,player_a7f34ed2-3ba9-497c-879f-d30c8bb1cb7d@localhost,Random,D,player_b023a9ca-fa89-474c-877c-66533b651d52@localhost,WinStayLoseShift,D,1,1,373,383
95,player_a7f34ed2-3ba9-497c-879f-d30c8bb1cb7d@localhost,Random,D,player_b023a9ca-fa89-474c-877c-66533b651d52@localhost,WinStayLoseShift,C,10,0,383,383
96,player_a7f34ed2-3ba9-497c-879f-d30c8bb1cb7d@localhost,Random,C,player_b023a9ca-fa89-474c-877c-66533b651d52@localhost,WinStayLoseShift,D,0,10,383,393
97,player_a7f34ed2-3ba9-497c-879f-d30c8bb1cb7d@localhost,Random,D,player_b023a9ca-fa89-474c-877c-66533b651d52@localhost,WinStayLoseShift,D,1,1,384,394
98,player_a7f34ed2-3ba9-497c-879f-d30c8bb1cb7d@localhost,Random,C,player_b023a9ca-fa89-474c-877c-66533b651d52@localhost,WinStayLoseShift,C,5,5,389,399
99,player_a7f34ed2-3ba9-497c-879f-d30c8bb1cb7d@localhost,Random,C,player_b023a9ca-fa89-474c-877c-66533b651d52@localhost,WinStayLoseShift,C,5,5,394,404
100,player_a7f34ed2-3ba9-497c-879f-d30c8bb1cb7d@localhost,Random,D,player_b023a9ca-fa89-474c-877c-66533b651d52@localhost,WinStayLoseShift,C,10,0,404,404
101,player_a7f34ed2-3ba9-497c-879f-d30c8bb1cb7d@localhost,Random,C,player_b023a9ca-fa89-474c-877c-66533b651d52@localhost,WinStayLoseShift,D,0,10,404,414
102,player_a7f34ed2-3ba9-497c-879f-d30c8bb1cb7d@localhost,Random,C,player_b023a9ca-fa89-474c-877c-66533b651d52@localhost,WinStayLoseShift,D,0,10,404,424
103,player_a7f34ed2-3ba9-497c-879f-d30c8bb1cb7d@localhost,Random,C,player_b023a9ca-fa89-474c-877c-66533b651d52@localhost,WinStayLoseShift,D,0,10,404,434
104,player_a7f34ed2-3ba9-497c-879f-d30c8bb1cb7d@localhost,Random,C,player_b023a9ca-fa89-474c-877c-66533b651d52@localhost,WinStayLoseShift,D,0,10,404,444
105,player_a7f34ed2-3ba9-497c-879f-d30c8bb1cb7d@localhost,Random,D,player_b023a9ca-fa89-474c-877c-66533b651d52@localhost,WinStayLoseShift,D,1,1,405,445
106,player_a7f34ed2-3ba9-497c-879f-d30c8bb1cb7d@localhost,Random,C,player_b023a9ca-fa89-474c-877c-66533b651d52@localhost,WinStayLoseShift,C,5,5,410,450
107,player_a7f34ed2-3ba9-497c-879f-d30c8bb1cb7d@localhost,Random,C,player_b023a9ca-fa89-474c-877c-66533b651d52@localhost,WinStayLoseShift,C,5,5,415,455
108,player_a7f34ed2-3ba9-497c-879f-d30c8bb1cb7d@localhost,Random,C,player_b023a9ca-fa89-474c-877c-66533b651d52@localhost,WinStayLoseShift,C,5,5,420,460
109,player_a7f34ed2-3ba9-497c-879f-d30c8bb1cb7d@localhost,Random,D,player_b023a9ca-fa89-474c-877c-66533b651d52@localhost,WinStayLoseShift,C,10,0,430,460
110,player_a7f34ed2-3ba9-497c-879f-d30c8bb1cb7d@localhost,Random,D,player_b023a9ca-fa89-474c-877c-66533b651d52@localhost,WinStayLoseShift,D,1,1,431,461
111,player_a7f34ed2-3ba9-497c-879f-d30c8bb1cb7d@localhost,Random,C,player_b023a9ca-fa89-474c-877c-66533b651d52@localhost,WinStayLoseShift,C,5,5,436,466
112,player_a7f34ed2-3ba9-497c-879f-d30c8bb1cb7d@localhost,Random,C,player_b023a9ca-fa89-474c-877c-66533b651d52@localhost,WinStayLoseShift,C,5,5,441,471
113,player_a7f34ed2-3ba9-497c-879f-d30c8bb1cb7d@localhost,Random,D,player_b023a9ca-fa89-474c-877c-66533b651d52@localhost,WinStayLoseShift,C,10,0,451,471
114,player_a7f34ed2-3ba9-497c-879f-d30c8bb1cb7d@localhost,Random,D,player_b023a9ca-fa89-474c-877c-66533b651d52@localhost,WinStayLoseShift,D,1,1,452,472
115,player_a7f34ed2-3ba9-497c-879f-d30c8bb1cb7d@localhost,Random,C,player_b023a9ca-fa89-474c-877c-66533b651d52@localhost,WinStayLoseShift,C,5,5,457,477
116,player_a7f34ed2-3ba9-497c-879f-d30c8bb1cb7d@localhost,Random,C,player_b023a9ca-fa89-474c-877c-66533b651d52@localhost,WinStayLoseShift,C,5,5,462,482
117,player_a7f34ed2-3ba9-497c-879f-d30c8bb1cb7d@localhost,Random,C,player_b023a9ca-fa89-474c-877c-66533b651d52@localhost,WinStayLoseShift,C,5,5,467,487
118,player_a7f34ed2-3ba9-497c-879f-d30c8bb1cb7d@localhost,Random,D,player_b023a9ca-fa89-474c-877c-66533b651d52@localhost,WinStayLoseShift,C,10,0,477,487
119,player_a7f34ed2-3ba9-497c-879f-d30c8bb1cb7d@localhost,Random,C,player_b023a9ca-fa89-474c-877c-66533b651d52@localhost,WinStayLoseShift,D,0,10,477,497
120,player_a7f34ed2-3ba9-497c-879f-d30c8bb1cb7d@localhost,Random,C,player_b023a9ca-fa89-474c-877c-66533b651d52@localhost,WinStayLoseShift,D,0,10,477,507
121,player_a7f34ed2-3ba9-497c-879f-d30c8bb1cb7d@localhost,Random,D,player_b023a9ca-fa89-474c-877c-66533b651d52@localhost,WinStayLoseShift,D,1,1,478,508
122,player_a7f34ed2-3ba9-497c-879f-d30c8bb1cb7d@localhost,Random,C,player_b023a9ca-fa89-474c-877c-66533b651d52@localhost,WinStayLoseShift,C,5,5,483,513
123,player_a7f34ed2-3ba9-497c-879f-d30c8bb1cb7d@localhost,Random,C,player_b023a9ca-fa89-474c-877c-66533b651d52@localhost,WinStayLoseShift,C,5,5,488,518
124,player_a7f34ed2-3ba9-497c-879f-d30c8bb1cb7d@localhost,Random,C,player_b023a9ca-fa89-474c-877c-66533b651d52@localhost,WinStayLoseShift,C,5,5,493,523
125,player_a7f34ed2-3ba9-497c-879f-d30c8bb1cb7d@localhost,Random,D,player_b023a9ca-fa89-474c-877c-66533b651d52@localhost,WinStayLoseShift,C,10,0,503,523
126,player_a7f34ed2-3ba9-497c-879f-d30c8bb1cb7d@localhost,Random,D,player_b023a9ca-fa89-474c-877c-66533b651d52@localhost,WinStayLoseShift,D,1,1,504,524
127,player_a7f34ed2-3ba9-497c-879f-d30c8bb1cb7d@localhost,Random,C,player_b023a9ca-fa89-474c-877c-66533b651d52@localhost,WinStayLoseShift,C,5,5,509,529
128,player_a7f34ed2-3ba9-497c-879f-d30c8bb1cb7d@localhost,Random,C,player_b023a9ca-fa89-474c-877c-66533b651d52@localhost,WinStayLoseShift,C,5,5,514,534
129,player_a7f34ed2-3ba9-497c-879f-d30c8bb1cb7d@localhost,Random,C,player_b023a9ca-fa89-474c-877c-66533b651d52@localhost,WinStayLoseShift,C,5,5,519,539
130,player_a7f34ed2-3ba9-497c-879f-d30c8bb1cb7d@localhost,Random,C,player_b023a9ca-fa89-474c-877c-66533b651d52@localhost,WinStayLoseShift,C,5,5,524,544
131,player_a7f34ed2-3ba9-497c-879f-d30c8bb1cb7d@localhost,Random,D,player_b023a9ca-fa89-474c-877c-66533b651d52@localhost,WinStayLoseShift,C,10,0,534,544
132,player_a7f34ed2-3ba9-497c-879f-d30c8bb1cb7d@localhost,Random,D,player_b023a9ca-fa89-474c-877c-66533b651d52@localhost,WinStayLoseShift,D,1,1,535,545
133,player_a7f34ed2-3ba9-497c-879f-d30c8bb1cb7d@localhost,Random,C,player_b023a9ca-fa89-474c-877c-66533b651d52@localhost,WinStayLoseShift,C,5,5,540,550
134,player_a7f34ed2-3ba9-497c-879f-d30c8bb1cb7d@localhost,Random,C,player_b023a9ca-fa89-474c-877c-66533b651d52@localhost,WinStayLoseShift,C,5,5,545,555
135,player_a7f34ed2-3ba9-497c-879f-d30c8bb1cb7d@localhost,Random,D,player_b023a9ca-fa89-474c-877c-66533b651d52@localhost,WinStayLoseShift,C,10,0,555,555
136,player_a7f34ed2-3ba9-497c-879f-d30c8bb1cb7d@localhost,Random,D,player_b023a9ca-fa89-474c-877c-66533b651d52@localhost,WinStayLoseShift,D,1,1,556,556
137,player_a7f34ed2-3ba9-497c-879f-d30c8bb1cb7d@localhost,Random,D,player_b023a9ca-fa89-474c-877c-66533b651d52@localhost,WinStayLoseShift,C,10,0,566,556
138,player_a7f34ed2-3ba9-497c-879f-d30c8bb1cb7d@localhost,Random,D,player_b023a9ca-fa89-474c-877c-66533b651d52@localhost,WinStayLoseShift,D,1,1,567,557
139,player_a7f34ed2-3ba9-497c-879f-d30c8bb1cb7d@localhost,Random,D,player_b023a9ca-fa89-474c-877c-66533b651d52@localhost,WinStayLoseShift,C,10,0,577,557
140,player_a7f34ed2-3ba9-497c-879f-d30c8bb1cb7d@localhost,Random,C,player_b023a9ca-fa89-474c-877c-66533b651d52@localhost,WinStayLoseShift,D,0,10,577,567
141,player_a7f34ed2-3ba9-497c-879f-d30c8bb1cb7d@localhost,Random,C,player_b023a9ca-fa89-474c-877c-66533b651d52@localhost,WinStayLoseShift,D,0,10,577,577
142,player_a7f34ed2-3ba9-497c-879f-d30c8bb1cb7d@localhost,Random,C,player_b023a9ca-fa89-474c-877c-66533b651d52@localhost,WinStayLoseShift,D,0,10,577,587
143,player_a7f34ed2-3ba9-497c-879f-d30c8bb1cb7d@localhost,Random,C,player_b023a9ca-fa89-474c-877c-66533b651d52@localhost,WinStayLoseShift,D,0,10,577,597
144,player_a7f34ed2-3ba9-497c-879f-d30c8bb1cb7d@localhost,Random,C,player_b023a9ca-fa89-474c-877c-66533b651d52@localhost,WinStayLoseShift,D,0,10,577,607
145,player_a7f34ed2-3ba9-497c-879f-d30c8bb1cb7d@localhost,Random,D,player_b023a9ca-fa89-474c-877c-66533b651d52@localhost,WinStayLoseShift,D,1,1,578,608
146,player_a7f34ed2-3ba9-497c-879f-d30c8bb1cb7d@localhost,Random,D,player_b023a9ca-fa89-474c-877c-66533b651d52@localhost,WinStayLoseShift,C,10,0,588,608
147,player_a7f34ed2-3ba9-497c-879f-d30c8bb1cb7d@localhost,Random,D,player_b023a9ca-fa89-474c-877c-66533b651d52@localhost,WinStayLoseShift,D,1,1,589,609
148,player_a7f34ed2-3ba9-497c-879f-d30c8bb1cb7d@localhost,Random,D,player_b023a9ca-fa89-474c-877c-66533b651d52@localhost,WinStayLoseShift,C,10,0,599,609
149,player_a7f34ed2-3ba9-497c-879f-d30c8bb1cb7d@localhost,Random,C,player_b023a9ca-fa89-474c-877c-66533b651d52@localhost,WinStayLoseShift,D,0,10,599,619
150,player_a7f34ed2-3ba9-497c-879f-d30c8bb1cb7d@localhost,Random,C,player_b023a9ca-fa89-474c-877c-66533b651d52@localhost,WinStayLoseShift,D,0,10,599,629
151,player_a7f34ed2-3ba9-497c-879f-d30c8bb1cb7d@localhost,Random,C,player_b023a9ca-fa89-474c-877c-66533b651d52@localhost,WinStayLoseShift,D,0,10,599,639
152,player_a7f34ed2-3ba9-497c-879f-d30c8bb1cb7d@localhost,Random,D,player_b023a9ca-fa89-474c-877c-66533b651d52@localhost,WinStayLoseShift,D,1,1,600,640
153,player_a7f34ed2-3ba9-497c-879f-d30c8bb1cb7d@localhost,Random,D,player_b023a9ca-fa89-474c-877c-66533b651d52@localhost,WinStayLoseShift,C,10,0,610,640
154,player_a7f34ed2-3ba9-497c-879f-d30c8bb1cb7d@localhost,Random,D,player_b023a9ca-fa89-474c-877c-66533b651d52@localhost,WinStayLoseShift,D,1,1,611,641
155,player_a7f34ed2-3ba9-497c-879f-d30c8bb1cb7d@localhost,Random,D,player_b023a9ca-fa89-474c-877c-66533b651d52@localhost,WinStayLoseShift,C,10,0,621,641
156,player_a7f34ed2-3ba9-497c-879f-d30c8bb1cb7d@localhost,Random,D,player_b023a9ca-fa89-474c-877c-66533b651d52@localhost,WinStayLoseShift,D,1,1,622,642
157,player_a7f34ed2-3ba9-497c-879f-d30c8bb1cb7d@localhost,Random,D,player_b023a9ca-fa89-474c-877c-66533b651d52@localhost,WinStayLoseShift,C,10,0,632,642
158,player_a7f34ed2-3ba9-497c-879f-d30c8bb1cb7d@localhost,Random,D,player_b023a9ca-fa89-474c-877c-66533b651d52@localhost,WinStayLoseShift,D,1,1,633,643
159,player_a7f34ed2-3ba9-497c-879f-d30c8bb1cb7d@localhost,Random,C,player_b023a9ca-fa89-474c-877c-66533b651d52@localhost,WinStayLoseShift,C,5,5,638,648
160,player_a7f34ed2-3ba9-497c-879f-d30c8bb1cb7d@localhost,Random,D,player_b023a9ca-fa89-474c-877c-66533b651d52@localhost,WinStayLoseShift,C,10,0,648,648
161,player_a7f34ed2-3ba9-497c-879f-d30c8bb1cb7d@localhost,Random,D,player_b023a9ca-fa89-474c-877c-66533b651d52@localhost,WinStayLoseShift,D,1,1,649,649
162,player_a7f34ed2-3ba9-497c-879f-d30c8bb1cb7d@localhost,Random,D,player_b023a9ca-fa89-474c-877c-66533b651d52@localhost,WinStayLoseShift,C,10,0,659,649
163,player_a7f34ed2-3ba9-497c-879f-d30c8bb1cb7d@localhost,Random,D,player_b023a9ca-fa89-474c-877c-66533b651d52@localhost,WinStayLoseShift,D,1,1,660,650
164,player_a7f34ed2-3ba9-497c-879f-d30c8bb1cb7d@localhost,Random,D,player_b023a9ca-fa89-474c-877c-66533b651d52@localhost,WinStayLoseShift,C,10,0,670,650
165,player_a7f34ed2-3ba9-497c-879f-d30c8bb1cb7d@localhost,Random,D,player_b023a9ca-fa89-474c-877c-66533b651d52@localhost,WinStayLoseShift,D,1,1,671,651
166,player_a7f34ed2-3ba9-497c-879f-d30c8bb1cb7d@localhost,Random,C,player_b023a9ca-fa89-474c-877c-66533b651d52@localhost,WinStayLoseShift,C,5,5,676,656
167,player_a7f34ed2-3ba9-497c-879f-d30c8bb1cb7d@localhost,Random,C,player_b023a9ca-fa89-474c-877c-66533b651d52@localhost,WinStayLoseShift,C,5,5,681,661
168,player_a7f34ed2-3ba9-497c-879f-d30c8bb1cb7d@localhost,Random,C,player_b023a9ca-fa89-474c-877c-66533b651d52@localhost,WinStayLoseShift,C,5,5,686,666
169,player_a7f34ed2-3ba9-497c-879f-d30c8bb1cb7d@localhost,Random,D,player_b023a9ca-fa89-474c-877c-66533b651d52@localhost,WinStayLoseShift,C,10,0,696,666
170,player_a7f34ed2-3ba9-497c-879f-d30c8bb1cb7d@localhost,Random,D,player_b023a9ca-fa89-474c-877c-66533b651d52@localhost,WinStayLoseShift,D,1,1,697,667
171,player_a7f34ed2-3ba9-497c-879f-d30c8bb1cb7d@localhost,Random,D,player_b023a9ca-fa89-474c-877c-66533b651d52@localhost,WinStayLoseShift,C,10,0,707,667
172,player_a7f34ed2-3ba9-497c-879f-d30c8bb1cb7d@localhost,Random,C,player_b023a9ca-fa89-474c-877c-66533b651d52@localhost,WinStayLoseShift,D,0,10,707,677
173,player_a7f34ed2-3ba9-497c-879f-d30c8bb1cb7d@localhost,Random,D,player_b023a9ca-fa89-474c-877c-66533b651d52@localhost,WinStayLoseShift,D,1,1,708,678
174,player_a7f34ed2-3ba9-497c-879f-d30c8bb1cb7d@localhost,Random,D,player_b023a9ca-fa89-474c-877c-66533b651d52@localhost,WinStayLoseShift,C,10,0,718,678
175,player_a7f34ed2-3ba9-497c-879f-d30c8bb1cb7d@localhost,Random,C,player_b023a9ca-fa89-474c-877c-66533b651d52@localhost,WinStayLoseShift,D,0,10,718,688
176,player_a7f34ed2-3ba9-497c-879f-d30c8bb1cb7d@localhost,Random,D,player_b023a9ca-fa89-474c-877c-66533b651d52@localhost,WinStayLoseShift,D,1,1,719,689
177,player_a7f34ed2-3ba9-497c-879f-d30c8bb1cb7d@localhost,Random,C,player_b023a9ca-fa89-474c-877c-66533b651d52@localhost,WinStayLoseShift,C,5,5,724,694
178,player_a7f34ed2-3ba9-497c-879f-d30c8bb1cb7d@localhost,Random,C,player_b023a9ca-fa89-474c-877c-66533b651d52@localhost,WinStayLoseShift,C,5,5,729,699
179,player_a7f34ed2-3ba9-497c-879f-d30c8bb1cb7d@localhost,Random,D,player_b023a9ca-fa89-474c-877c-66533b651d52@localhost,WinStayLoseShift,C,10,0,739,699
180,player_a7f34ed2-3ba9-497c-879f-d30c8bb1cb7d@localhost,Random,C,player_b023a9ca-fa89-474c-877c-66533b651d52@localhost,WinStayLoseShift,D,0,10,739,709
181,player_a7f34ed2-3ba9-497c-879f-d30c8bb1cb7d@localhost,Random,D,player_b023a9ca-fa89-474c-877c-66533b651d52@localhost,WinStayLoseShift,D,1,1,740,710
182,player_a7f34ed2-3ba9-497c-879f-d30c8bb1cb7d@localhost,Random,C,player_b023a9ca-fa89-474c-877c-66533b651d52@localhost,WinStayLoseShift,C,5,5,745,715
183,player_a7f34ed2-3ba9-497c-879f-d30c8bb1cb7d@localhost,Random,D,player_b023a9ca-fa89-474c-877c-66533b651d52@localhost,WinStayLoseShift,C,10,0,755,715
184,player_a7f34ed2-3ba9-497c-879f-d30c8bb1cb7d@localhost,Random,D,player_b023a9ca-fa89-474c-877c-66533b651d52@localhost,WinStayLoseShift,D,1,1,756,716
185,player_a7f34ed2-3ba9-497c-879f-d30c8bb1cb7d@localhost,Random,D,player_b023a9ca-fa89-474c-877c-66533b651d52@localhost,WinStayLoseShift,C,10,0,766,716
186,player_a7f34ed2-3ba9-497c-879f-d30c8bb1cb7d@localhost,Random,D,player_b023a9ca-fa89-474c-877c-66533b651d52@localhost,WinStayLoseShift,D,1,1,767,717
187,player_a7f34ed2-3ba9-497c-879f-d30c8bb1cb7d@localhost,Random,C,player_b023a9ca-fa89-474c-877c-66533b651d52@localhost,WinStayLoseShift,C,5,5,772,722
188,player_a7f34ed2-3ba9-497c-879f-d30c8bb1cb7d@localhost,Random,D,player_b023a9ca-fa89-474c-877c-66533b651d52@localhost,WinStayLoseShift,C,10,0,782,722
189,player_a7f34ed2-3ba9-497c-879f-d30c8bb1cb7d@localhost,Random,C,player_b023a9ca-fa89-474c-877c-66533b651d52@localhost,WinStayLoseShift,D,0,10,782,732
190,player_a7f34ed2-3ba9-497c-879f-d30c8bb1cb7d@localhost,Random,D,player_b023a9ca-fa89-474c-877c-66533b651d52@localhost,WinStayLoseShift,D,1,1,783,733
191,player_a7f34ed2-3ba9-497c-879f-d30c8bb1cb7d@localhost,Random,D,player_b023a9ca-fa89-474c-877c-66533b651d52@localhost,WinStayLoseShift,C,10,0,793,733
192,player_a7f34ed2-3ba9-497c-879f-d30c8bb1cb7d@localhost,Random,C,player_b023a9ca-fa89-474c-877c-66533b651d52@localhost,WinStayLoseShift,D,0,10,793,743
193,player_a7f34ed2-3ba9-497c-879f-d30c8bb1cb7d@localhost,Random,C,player_b023a9ca-fa89-474c-877c-66533b651d52@localhost,WinStayLoseShift,D,0,10,793,753
194,player_a7f34ed2-3ba9-497c-879f-d30c8bb1cb7d@localhost,Random,D,player_b023a9ca-fa89-474c-877c-66533b651d52@localhost,WinStayLoseShift,D,1,1,794,754
195,player_a7f34ed2-3ba9-497c-879f-d30c8bb1cb7d@localhost,Random,D,player_b023a9ca-fa89-474c-877c-66533b651d52@localhost,WinStayLoseShift,C,10,0,804,754
196,player_a7f34ed2-3ba9-497c-879f-d30c8bb1cb7d@localhost,Random,D,player_b023a9ca-fa89-474c-877c-66533b651d52@localhost,WinStayLoseShift,D,1,1,805,755
197,player_a7f34ed2-3ba9-497c-879f-d30c8bb1cb7d@localhost,Random,C,player_b023a9ca-fa89-474c-877c-66533b651d52@localhost,WinStayLoseShift,C,5,5,810,760
198,player_a7f34ed2-3ba9-497c-879f-d30c8bb1cb7d@localhost,Random,D,player_b023a9ca-fa89-474c-877c-66533b651d52@localhost,WinStayLoseShift,C,10,0,820,760
199,player_a7f34ed2-3ba9-497c-879f-d30c8bb1cb7d@localhost,Random,D,player_b023a9ca-fa89-474c-877c-66533b651d52@localhost,WinStayLoseShift,D,1,1,821,761
200,player_a7f34ed2-3ba9-497c-879f-d30c8bb1cb7d@localhost,Random,D,player_b023a9ca-fa89-474c-877c-66533b651d52@localhost,WinStayLoseShift,C,10,0,831,761
201,player_a7f34ed2-3ba9-497c-879f-d30c8bb1cb7d@localhost,Random,C,player_b023a9ca-fa89-474c-877c-66533b651d52@localhost,WinStayLoseShift,D,0,10,831,771
202,player_a7f34ed2-3ba9-497c-879f-d30c8bb1cb7d@localhost,Random,C,player_b023a9ca-fa89-474c-877c-66533b651d52@localhost,WinStayLoseShift,D,0,10,831,781
203,player_a7f34ed2-3ba9-497c-879f-d30c8bb1cb7d@localhost,Random,D,player_b023a9ca-fa89-474c-877c-66533b651d52@localhost,WinStayLoseShift,D,1,1,832,782
204,player_a7f34ed2-3ba9-497c-879f-d30c8bb1cb7d@localhost,Random,C,player_b023a9ca-fa89-474c-877c-66533b651d52@localhost,WinStayLoseShift,C,5,5,837,787
205,player_a7f34ed2-3ba9-497c-879f-d30c8bb1cb7d@localhost,Random,C,player_b023a9ca-fa89-474c-877c-66533b651d52@localhost,WinStayLoseShift,C,5,5,842,792
206,player_a7f34ed2-3ba9-497c-879f-d30c8bb1cb7d@localhost,Random,D,player_b023a9ca-fa89-474c-877c-66533b651d52@localhost,WinStayLoseShift,C,10,0,852,792
207,player_a7f34ed2-3ba9-497c-879f-d30c8bb1cb7d@localhost,Random,C,player_b023a9ca-fa89-474c-877c-66533b651d52@localhost,WinStayLoseShift,D,0,10,852,802
208,player_a7f34ed2-3ba9-497c-879f-d30c8bb1cb7d@localhost,Random,D,player_b023a9ca-fa89-474c-877c-66533b651d52@localhost,WinStayLoseShift,D,1,1,853,803
209,player_a7f34ed2-3ba9-497c-879f-d30c8bb1cb7d@localhost,Random,C,player_b023a9ca-fa89-474c-877c-66533b651d52@localhost,WinStayLoseShift,C,5,5,858,808
210,player_a7f34ed2-3ba9-497c-879f-d30c8bb1cb7d@localhost,Random,D,player_b023a9ca-fa89-474c-877c-66533b651d52@localhost,WinStayLoseShift,C,10,0,868,808
211,player_a7f34ed2-3ba9-497c-879f-d30c8bb1cb7d@localhost,Random,C,player_b023a9ca-fa89-474c-877c-66533b651d52@localhost,WinStayLoseShift,D,0,10,868,818
212,player_a7f34ed2-3ba9-497c-879f-d30c8bb1cb7d@localhost,Random,C,player_b023a9ca-fa89-474c-877c-66533b651d52@localhost,WinStayLoseShift,D,0,10,868,828
213,player_a7f34ed2-3ba9-497c-879f-d30c8bb1cb7d@localhost,Random,C,player_b023a9ca-fa89-474c-877c-66533b651d52@localhost,WinStayLoseShift,D,0,10,868,838
214,player_a7f34ed2-3ba9-497c-879f-d30c8bb1cb7d@localhost,Random,D,player_b023a9ca-fa89-474c-877c-66533b651d52@localhost,WinStayLoseShift,D,1,1,869,839
215,player_a7f34ed2-3ba9-497c-879f-d30c8bb1cb7d@localhost,Random,C,player_b023a9ca-fa89-474c-877c-66533b651d52@localhost,WinStayLoseShift,C,5,5,874,844
216,player_a7f34ed2-3ba9-497c-879f-d30c8bb1cb7d@localhost,Random,C,player_b023a9ca-fa89-474c-877c-66533b651d52@localhost,WinStayLoseShift,C,5,5,879,849
217,player_a7f34ed2-3ba9-497c-879f-d30c8bb1cb7d@localhost,Random,D,player_b023a9ca-fa89-474c-877c-66533b651d52@localhost,WinStayLoseShift,C,10,0,889,849
218,player_a7f34ed2-3ba9-497c-879f-d30c8bb1cb7d@localhost,Random,C,player_b023a9ca-fa89-474c-877c-66533b651d52@localhost,WinStayLoseShift,D,0,10,889,859
219,player_a7f34ed2-3ba9-497c-879f-d30c8bb1cb7d@localhost,Random,D,player_b023a9ca-fa89-474c-877c-66533b651d52@localhost,WinStayLoseShift,D,1,1,890,860
220,player_a7f34ed2-3ba9-497c-879f-d30c8bb1cb7d@localhost,Random,D,player_b023a9ca-fa89-474c-877c-66533b651d52@localhost,WinStayLoseShift,C,10,0,900,860
221,player_a7f34ed2-3ba9-497c-879f-d30c8bb1cb7d@localhost,Random,C,player_b023a9ca-fa89-474c-877c-66533b651d52@localhost,WinStayLoseShift,D,0,10,900,870
222,player_a7f34ed2-3ba9-497c-879f-d30c8bb1cb7d@localhost,Random,D,player_b023a9ca-fa89-474c-877c-66533b651d52@localhost,WinStayLoseShift,D,1,1,901,871
223,player_a7f34ed2-3ba9-497c-879f-d30c8bb1cb7d@localhost,Random,D,player_b023a9ca-fa89-474c-877c-66533b651d52@localhost,WinStayLoseShift,C,10,0,911,871
224,player_a7f34ed2-3ba9-497c-879f-d30c8bb1cb7d@localhost,Random,C,player_b023a9ca-fa89-474c-877c-66533b651d52@localhost,WinStayLoseShift,D,0,10,911,881
225,player_a7f34ed2-3ba9-497c-879f-d30c8bb1cb7d@localhost,Random,C,player_b023a9ca-fa89-474c-877c-66533b651d52@localhost,WinStayLoseShift,D,0,10,911,891
226,player_a7f34ed2-3ba9-497c-879f-d30c8bb1cb7d@localhost,Random,D,player_b023a9ca-fa89-474c-877c-66533b651d52@localhost,WinStayLoseShift,D,1,1,912,892
227,player_a7f34ed2-3ba9-497c-879f-d30c8bb1cb7d@localhost,Random,C,player_b023a9ca-fa89-474c-877c-66533b651d52@localhost,WinStayLoseShift,C,5,5,917,897
228,player_a7f34ed2-3ba9-497c-879f-d30c8bb1cb7d@localhost,Random,D,player_b023a9ca-fa89-474c-877c-66533b651d52@localhost,WinStayLoseShift,C,10,0,927,897
229,player_a7f34ed2-3ba9-497c-879f-d30c8bb1cb7d@localhost,Random,D,player_b023a9ca-fa89-474c-877c-66533b651d52@localhost,WinStayLoseShift,D,1,1,928,898
230,player_a7f34ed2-3ba9-497c-879f-d30c8bb1cb7d@localhost,Random,C,player_b023a9ca-fa89-474c-877c-66533b651d52@localhost,WinStayLoseShift,C,5,5,933,903
231,player_a7f34ed2-3ba9-497c-879f-d30c8bb1cb7d@localhost,Random,C,player_b023a9ca-fa89-474c-877c-66533b651d52@localhost,WinStayLoseShift,C,5,5,938,908
232,player_a7f34ed2-3ba9-497c-879f-d30c8bb1cb7d@localhost,Random,C,player_b023a9ca-fa89-474c-877c-66533b651d52@localhost,WinStayLoseShift,C,5,5,943,913
233,player_a7f34ed2-3ba9-497c-879f-d30c8bb1cb7d@localhost,Random,C,player_b023a9ca-fa89-474c-877c-66533b651d52@localhost,WinStayLoseShift,C,5,5,948,918
234,player_a7f34ed2-3ba9-497c-879f-d30c8bb1cb7d@localhost,Random,C,player_b023a9ca-fa89-474c-877c-66533b651d52@localhost,WinStayLoseShift,C,5,5,953,923
235,player_a7f34ed2-3ba9-497c-879f-d30c8bb1cb7d@localhost,Random,D,player_b023a9ca-fa89-474c-877c-66533b651d52@localhost,WinStayLoseShift,C,10,0,963,923
236,player_a7f34ed2-3ba9-497c-879f-d30c8bb1cb7d@localhost,Random,C,player_b023a9ca-fa89-474c-877c-66533b651d52@localhost,WinStayLoseShift,D,0,10,963,933
237,player_a7f34ed2-3ba9-497c-879f-d30c8bb1cb7d@localhost,Random,C,player_b023a9ca-fa89-474c-877c-66533b651d52@localhost,WinStayLoseShift,D,0,10,963,943
238,player_a7f34ed2-3ba9-497c-879f-d30c8bb1cb7d@localhost,Random,C,player_b023a9ca-fa89-474c-877c-66533b651d52@localhost,WinStayLoseShift,D,0,10,963,953
239,player_a7f34ed2-3ba9-497c-879f-d30c8bb1cb7d@localhost,Random,C,player_b023a9ca-fa89-474c-877c-66533b651d52@localhost,WinStayLoseShift,D,0,10,963,963
240,player_a7f34ed2-3ba9-497c-879f-d30c8bb1cb7d@localhost,Random,C,player_b023a9ca-fa89-474c-877c-66533b651d52@localhost,WinStayLoseShift,D,0,10,963,973
241,player_a7f34ed2-3ba9-497c-879f-d30c8bb1cb7d@localhost,Random,C,player_b023a9ca-fa89-474c-877c-66533b651d52@localhost,WinStayLoseShift,D,0,10,963,983
242,player_a7f34ed2-3ba9-497c-879f-d30c8bb1cb7d@localhost,Random,D,player_b023a9ca-fa89-474c-877c-66533b651d52@localhost,WinStayLoseShift,D,1,1,964,984
243,player_a7f34ed2-3ba9-497c-879f-d30c8bb1cb7d@localhost,Random,C,player_b023a9ca-fa89-474c-877c-66533b651d52@localhost,WinStayLoseShift,C,5,5,969,989
244,player_a7f34ed2-3ba9-497c-879f-d30c8bb1cb7d@localhost,Random,C,player_b023a9ca-fa89-474c-877c-66533b651d52@localhost,WinStayLoseShift,C,5,5,974,994
245,player_a7f34ed2-3ba9-497c-879f-d30c8bb1cb7d@localhost,Random,C,player_b023a9ca-fa89-474c-877c-66533b651d52@localhost,WinStayLoseShift,C,5,5,979,999
246,player_a7f34ed2-3ba9-497c-879f-d30c8bb1cb7d@localhost,Random,D,player_b023a9ca-fa89-474c-877c-66533b651d52@localhost,WinStayLoseShift,C,10,0,989,999
247,player_a7f34ed2-3ba9-497c-879f-d30c8bb1cb7d@localhost,Random,C,player_b023a9ca-fa89-474c-877c-66533b651d52@localhost,WinStayLoseShift,D,0,10,989,1009
248,player_a7f34ed2-3ba9-497c-879f-d30c8bb1cb7d@localhost,Random,C,player_b023a9ca-fa89-474c-877c-66533b651d52@localhost,WinStayLoseShift,D,0,10,989,1019
249,player_a7f34ed2-3ba9-497c-879f-d30c8bb1cb7d@localhost,Random,D,player_b023a9ca-fa89-474c-877c-66533b651d52@localhost,WinStayLoseShift,D,1,1,990,1020
250,player_a7f34ed2-3ba9-497c-879f-d30c8bb1cb7d@localhost,Random,D,player_b023a9ca-fa89-474c-877c-66533b651d52@localhost,WinStayLoseShift,C,10,0,1000,1020
251,player_a7f34ed2-3ba9-497c-879f-d30c8bb1cb7d@localhost,Random,C,player_b023a9ca-fa89-474c-877c-66533b651d52@localhost,WinStayLoseShift,D,0,10,1000,1030
252,player_a7f34ed2-3ba9-497c-879f-d30c8bb1cb7d@localhost,Random,D,player_b023a9ca-fa89-474c-877c-66533b651d52@localhost,WinStayLoseShift,D,1,1,1001,1031
253,player_a7f34ed2-3ba9-497c-879f-d30c8bb1cb7d@localhost,Random,C,player_b023a9ca-fa89-474c-877c-66533b651d52@localhost,WinStayLoseShift,C,5,5,1006,1036
254,player_a7f34ed2-3ba9-497c-879f-d30c8bb1cb7d@localhost,Random,D,player_b023a9ca-fa89-474c-877c-66533b651d52@localhost,WinStayLoseShift,C,10,0,1016,1036
255,player_a7f34ed2-3ba9-497c-879f-d30c8bb1cb7d@localhost,Random,C,player_b023a9ca-fa89-474c-877c-66533b651d52@localhost,WinStayLoseShift,D,0,10,1016,1046
256,player_a7f34ed2-3ba9-497c-879f-d30c8bb1cb7d@localhost,Random,D,player_b023a9ca-fa89-474c-877c-66533b651d52@localhost,WinStayLoseShift,D,1,1,1017,1047
257,player_a7f34ed2-3ba9-497c-879f-d30c8bb1cb7d@localhost,Random,D,player_b023a9ca-fa89-474c-877c-66533b651d52@localhost,WinStayLoseShift,C,10,0,1027,1047
258,player_a7f34ed2-3ba9-497c-879f-d30c8bb1cb7d@localhost,Random,C,player_b023a9ca-fa89-474c-877c-66533b651d52@localhost,WinStayLoseShift,D,0,10,1027,1057
259,player_a7f34ed2-3ba9-497c-879f-d30c8bb1cb7d@localhost,Random,D,player_b023a9ca-fa89-474c-877c-66533b651d52@localhost,WinStayLoseShift,D,1,1,1028,1058
260,player_a7f34ed2-3ba9-497c-879f-d30c8bb1cb7d@localhost,Random,D,player_b023a9ca-fa89-474c-877c-66533b651d52@localhost,WinStayLoseShift,C,10,0,1038,1058
261,player_a7f34ed2-3ba9-497c-879f-d30c8bb1cb7d@localhost,Random,D,player_b023a9ca-fa89-474c-877c-66533b651d52@localhost,WinStayLoseShift,D,1,1,1039,1059
262,player_a7f34ed2-3ba9-497c-879f-d30c8bb1cb7d@localhost,Random,D,player_b023a9ca-fa89-474c-877c-66533b651d52@localhost,WinStayLoseShift,C,10,0,1049,1059
263,player_a7f34ed2-3ba9-497c-879f-d30c8bb1cb7d@localhost,Random,C,player_b023a9ca-fa89-474c-877c-66533b651d52@localhost,WinStayLoseShift,D,0,10,1049,1069
264,player_a7f34ed2-3ba9-497c-879f-d30c8bb1cb7d@localhost,Random,C,player_b023a9ca-fa89-474c-877c-66533b651d52@localhost,WinStayLoseShift,D,0,10,1049,1079
265,player_a7f34ed2-3ba9-497c-879f-d30c8bb1cb7d@localhost,Random,D,player_b023a9ca-fa89-474c-877c-66533b651d52@localhost,WinStayLoseShift,D,1,1,1050,1080
266,player_a7f34ed2-3ba9-497c-879f-d30c8bb1cb7d@localhost,Random,D,player_b023a9ca-fa89-474c-877c-66533b651d52@localhost,WinStayLoseShift,C,10,0,1060,1080
267,player_a7f34ed2-3ba9-497c-879f-d30c8bb1cb7d@localhost,Random,C,player_b023a9ca-fa89-474c-877c-66533b651d52@localhost,WinStayLoseShift,D,0,10,1060,1090
268,player_a7f34ed2-3ba9-497c-879f-d30c8bb1cb7d@localhost,Random,D,player_b023a9ca-fa89-474c-877c-66533b651d52@localhost,WinStayLoseShift,D,1,1,1061,1091
269,player_a7f34ed2-3ba9-497c-879f-d30c8bb1cb7d@localhost,Random,D,player_b023a9ca-fa89-474c-877c-66533b651d52@localhost,WinStayLoseShift,C,10,0,1071,1091
270,player_a7f34ed2-3ba9-497c-879f-d30c8bb1cb7d@localhost,Random,D,player_b023a9ca-fa89-474c-877c-66533b651d52@localhost,WinStayLoseShift,D,1,1,1072,1092
271,player_a7f34ed2-3ba9-497c-879f-d30c8bb1cb7d@localhost,Random,C,player_b023a9ca-fa89-474c-877c-66533b651d52@localhost,WinStayLoseShift,C,5,5,1077,1097
272,player_a7f34ed2-3ba9-497c-879f-d30c8bb1cb7d@localhost,Random,C,player_b023a9ca-fa89-474c-877c-66533b651d52@localhost,WinStayLoseShift,C,5,5,1082,1102
273,player_a7f34ed2-3ba9-497c-879f-d30c8bb1cb7d@localhost,Random,D,player_b023a9ca-fa89-474c-877c-66533b651d52@localhost,WinStayLoseShift,C,10,0,1092,1102
274,player_a7f34ed2-3ba9-497c-879f-d30c8bb1cb7d@localhost,Random,C,player_b023a9ca-fa89-474c-877c-66533b651d52@localhost,WinStayLoseShift,D,0,10,1092,1112
275,player_a7f34ed2-3ba9-497c-879f-d30c8bb1cb7d@localhost,Random,D,player_b023a9ca-fa89-474c-877c-66533b651d52@localhost,WinStayLoseShift,D,1,1,1093,1113
276,player_a7f34ed2-3ba9-497c-879f-d30c8bb1cb7d@localhost,Random,C,player_b023a9ca-fa89-474c-877c-66533b651d52@localhost,WinStayLoseShift,C,5,5,1098,1118
277,player_a7f34ed2-3ba9-497c-879f-d30c8bb1cb7d@localhost,Random,C,player_b023a9ca-fa89-474c-877c-66533b651d52@localhost,WinStayLoseShift,C,5,5,1103,1123
278,player_a7f34ed2-3ba9-497c-879f-d30c8bb1cb7d@localhost,Random,C,player_b023a9ca-fa89-474c-877c-66533b651d52@localhost,WinStayLoseShift,C,5,5,1108,1128
279,player_a7f34ed2-3ba9-497c-879f-d30c8bb1cb7d@localhost,Random,C,player_b023a9ca-fa89-474c-877c-66533b651d52@localhost,WinStayLoseShift,C,5,5,1113,1133
280,player_a7f34ed2-3ba9-497c-879f-d30c8bb1cb7d@localhost,Random,C,player_b023a9ca-fa89-474c-877c-66533b651d52@localhost,WinStayLoseShift,C,5,5,1118,1138
281,player_a7f34ed2-3ba9-497c-879f-d30c8bb1cb7d@localhost,Random,D,player_b023a9ca-fa89-474c-877c-66533b651d52@localhost,WinStayLoseShift,C,10,0,1128,1138
282,player_a7f34ed2-3ba9-497c-879f-d30c8bb1cb7d@localhost,Random,C,player_b023a9ca-fa89-474c-877c-66533b651d52@localhost,WinStayLoseShift,D,0,10,1128,1148
283,player_a7f34ed2-3ba9-497c-879f-d30c8bb1cb7d@localhost,Random,D,player_b023a9ca-fa89-474c-877c-66533b651d52@localhost,WinStayLoseShift,D,1,1,1129,1149
284,player_a7f34ed2-3ba9-497c-879f-d30c8bb1cb7d@localhost,Random,C,player_b023a9ca-fa89-474c-877c-66533b651d52@localhost,WinStayLoseShift,C,5,5,1134,1154
285,player_a7f34ed2-3ba9-497c-879f-d30c8bb1cb7d@localhost,Random,C,player_b023a9ca-fa89-474c-877c-66533b651d52@localhost,WinStayLoseShift,C,5,5,1139,1159
286,player_a7f34ed2-3ba9-497c-879f-d30c8bb1cb7d@localhost,Random,C,player_b023a9ca-fa89-474c-877c-66533b651d52@localhost,WinStayLoseShift,C,5,5,1144,1164
287,player_a7f34ed2-3ba9-497c-879f-d30c8bb1cb7d@localhost,Random,D,player_b023a9ca-fa89-474c-877c-66533b651d52@localhost,WinStayLoseShift,C,10,0,1154,1164
288,player_a7f34ed2-3ba9-497c-879f-d30c8bb1cb7d@localhost,Random,D,player_b023a9ca-fa89-474c-877c-66533b651d52@localhost,WinStayLoseShift,D,1,1,1155,1165
289,player_a7f34ed2-3ba9-497c-879f-d30c8bb1cb7d@localhost,Random,C,player_b023a9ca-fa89-474c-877c-66533b651d52@localhost,WinStayLoseShift,C,5,5,1160,1170
290,player_a7f34ed2-3ba9-497c-879f-d30c8bb1cb7d@localhost,Random,C,player_b023a9ca-fa89-474c-877c-66533b651d52@localhost,WinStayLoseShift,C,5,5,1165,1175
291,player_a7f34ed2-3ba9-497c-879f-d30c8bb1cb7d@localhost,Random,C,player_b023a9ca-fa89-474c-877c-66533b651d52@localhost,WinStayLoseShift,C,5,5,1170,1180
292,player_a7f34ed2-3ba9-497c-879f-d30c8bb1cb7d@localhost,Random,C,player_b023a9ca-fa89-474c-877c-66533b651d52@localhost,WinStayLoseShift,C,5,5,1175,1185
293,player_a7f34ed2-3ba9-497c-879f-d30c8bb1cb7d@localhost,Random,C,player_b023a9ca-fa89-474c-877c-66533b651d52@localhost,WinStayLoseShift,C,5,5,1180,1190
294,player_a7f34ed2-3ba9-497c-879f-d30c8bb1cb7d@localhost,Random,D,player_b023a9ca-fa89-474c-877c-66533b651d52@localhost,WinStayLoseShift,C,10,0,1190,1190
295,player_a7f34ed2-3ba9-497c-879f-d30c8bb1cb7d@localhost,Random,C,player_b023a9ca-fa89-474c-877c-66533b651d52@localhost,WinStayLoseShift,D,0,10,1190,1200
296,player_a7f34ed2-3ba9-497c-879f-d30c8bb1cb7d@localhost,Random,D,player_b023a9ca-fa89-474c-877c-66533b651d52@localhost,WinStayLoseShift,D,1,1,1191,1201
297,player_a7f34ed2-3ba9-497c-879f-d30c8bb1cb7d@localhost,Random,D,player_b023a9ca-fa89-474c-877c-66533b651d52@localhost,WinStayLoseShift,C,10,0,1201,1201
298,player_a7f34ed2-3ba9-497c-879f-d30c8bb1cb7d@localhost,Random,C,player_b023a9ca-fa89-474c-877c-66533b651d52@localhost,WinStayLoseShift,D,0,10,1201,1211
299,player_a7f34ed2-3ba9-497c-879f-d30c8bb1cb7d@localhost,Random,C,player_b023a9ca-fa89-474c-877c-66533b651d52@localhost,WinStayLoseShift,D,0,10,1201,1221
300,player_a7f34ed2-3ba9-497c-879f-d30c8bb1cb7d@localhost,Random,D,player_b023a9ca-fa89-474c-877c-66533b651d52@localhost,WinStayLoseShift,D,1,1,1202,1222
301,player_a7f34ed2-3ba9-497c-879f-d30c8bb1cb7d@localhost,Random,D,player_b023a9ca-fa89-474c-877c-66533b651d52@localhost,WinStayLoseShift,C,10,0,1212,1222
302,player_a7f34ed2-3ba9-497c-879f-d30c8bb1cb7d@localhost,Random,C,player_b023a9ca-fa89-474c-877c-66533b651d52@localhost,WinStayLoseShift,D,0,10,1212,1232
303,player_a7f34ed2-3ba9-497c-879f-d30c8bb1cb7d@localhost,Random,C,player_b023a9ca-fa89-474c-877c-66533b651d52@localhost,WinStayLoseShift,D,0,10,1212,1242
304,player_a7f34ed2-3ba9-497c-879f-d30c8bb1cb7d@localhost,Random,D,player_b023a9ca-fa89-474c-877c-66533b651d52@localhost,WinStayLoseShift,D,1,1,1213,1243
305,player_a7f34ed2-3ba9-497c-879f-d30c8bb1cb7d@localhost,Random,C,player_b023a9ca-fa89-474c-877c-66533b651d52@localhost,WinStayLoseShift,C,5,5,1218,1248
306,player_a7f34ed2-3ba9-497c-879f-d30c8bb1cb7d@localhost,Random,D,player_b023a9ca-fa89-474c-877c-66533b651d52@localhost,WinStayLoseShift,C,10,0,1228,1248
307,player_a7f34ed2-3ba9-497c-879f-d30c8bb1cb7d@localhost,Random,C,player_b023a9ca-fa89-474c-877c-66533b651d52@localhost,WinStayLoseShift,D,0,10,1228,1258
308,player_a7f34ed2-3ba9-497c-879f-d30c8bb1cb7d@localhost,Random,D,player_b023a9ca-fa89-474c-877c-66533b651d52@localhost,WinStayLoseShift,D,1,1,1229,1259
309,player_a7f34ed2-3ba9-497c-879f-d30c8bb1cb7d@localhost,Random,C,player_b023a9ca-fa89-474c-877c-66533b651d52@localhost,WinStayLoseShift,C,5,5,1234,1264
310,player_a7f34ed2-3ba9-497c-879f-d30c8bb1cb7d@localhost,Random,D,player_b023a9ca-fa89-474c-877c-66533b651d52@localhost,WinStayLoseShift,C,10,0,1244,1264
311,player_a7f34ed2-3ba9-497c-879f-d30c8bb1cb7d@localhost,Random,D,player_b023a9ca-fa89-474c-877c-66533b651d52@localhost,WinStayLoseShift,D,1,1,1245,1265
312,player_a7f34ed2-3ba9-497c-879f-d30c8bb1cb7d@localhost,Random,C,player_b023a9ca-fa89-474c-877c-66533b651d52@localhost,WinStayLoseShift,C,5,5,1250,1270
313,player_a7f34ed2-3ba9-497c-879f-d30c8bb1cb7d@localhost,Random,D,player_b023a9ca-fa89-474c-877c-66533b651d52@localhost,WinStayLoseShift,C,10,0,1260,1270
314,player_a7f34ed2-3ba9-497c-879f-d30c8bb1cb7d@localhost,Random,C,player_b023a9ca-fa89-474c-877c-66533b651d52@localhost,WinStayLoseShift,D,0,10,1260,1280
315,player_a7f34ed2-3ba9-497c-879f-d30c8bb1cb7d@localhost,Random,C,player_b023a9ca-fa89-474c-877c-66533b651d52@localhost,WinStayLoseShift,D,0,10,1260,1290
316,player_a7f34ed2-3ba9-497c-879f-d30c8bb1cb7d@localhost,Random,D,player_b023a9ca-fa89-474c-877c-66533b651d52@localhost,WinStayLoseShift,D,1,1,1261,1291
317,player_a7f34ed2-3ba9-497c-879f-d30c8bb1cb7d@localhost,Random,D,player_b023a9ca-fa89-474c-877c-66533b651d52@localhost,WinStayLoseShift,C,10,0,1271,1291
318,player_a7f34ed2-3ba9-497c-879f-d30c8bb1cb7d@localhost,Random,D,player_b023a9ca-fa89-474c-877c-66533b651d52@localhost,WinStayLoseShift,D,1,1,1272,1292
319,player_a7f34ed2-3ba9-497c-879f-d30c8bb1cb7d@localhost,Random,C,player_b023a9ca-fa89-474c-877c-66533b651d52@localhost,WinStayLoseShift,C,5,5,1277,1297
320,player_a7f34ed2-3ba9-497c-879f-d30c8bb1cb7d@localhost,Random,D,player_b023a9ca-fa89-474c-877c-66533b651d52@localhost,WinStayLoseShift,C,10,0,1287,1297
321,player_a7f34ed2-3ba9-497c-879f-d30c8bb1cb7d@localhost,Random,D,player_b023a9ca-fa89-474c-877c-66533b651d52@localhost,WinStayLoseShift,D,1,1,1288,1298
322,player_a7f34ed2-3ba9-497c-879f-d30c8bb1cb7d@localhost,Random,D,player_b023a9ca-fa89-474c-877c-66533b651d52@localhost,WinStayLoseShift,C,10,0,1298,1298
323,player_a7f34ed2-3ba9-497c-879f-d30c8bb1cb7d@localhost,Random,C,player_b023a9ca-fa89-474c-877c-66533b651d52@localhost,WinStayLoseShift,D,0,10,1298,1308
324,player_a7f34ed2-3ba9-497c-879f-d30c8bb1cb7d@localhost,Random,C,player_b023a9ca-fa89-474c-877c-66533b651d52@localhost,WinStayLoseShift,D,0,10,1298,1318
325,player_a7f34ed2-3ba9-497c-879f-d30c8bb1cb7d@localhost,Random,C,player_b023a9ca-fa89-474c-877c-66533b651d52@localhost,WinStayLoseShift,D,0,10,1298,1328
326,player_a7f34ed2-3ba9-497c-879f-d30c8bb1cb7d@localhost,Random,D,player_b023a9ca-fa89-474c-877c-66533b651d52@localhost,WinStayLoseShift,D,1,1,1299,1329
327,player_a7f34ed2-3ba9-497c-879f-d30c8bb1cb7d@localhost,Random,D,player_b023a9ca-fa89-474c-877c-66533b651d52@localhost,WinStayLoseShift,C,10,0,1309,1329
328,player_a7f34ed2-3ba9-497c-879f-d30c8bb1cb7d@localhost,Random,D,player_b023a9ca-fa89-474c-877c-66533b651d52@localhost,WinStayLoseShift,D,1,1,1310,1330
329,player_a7f34ed2-3ba9-497c-879f-d30c8bb1cb7d@localhost,Random,C,player_b023a9ca-fa89-474c-877c-66533b651d52@localhost,WinStayLoseShift,C,5,5,1315,1335
330,player_a7f34ed2-3ba9-497c-879f-d30c8bb1cb7d@localhost,Random,C,player_b023a9ca-fa89-474c-877c-66533b651d52@localhost,WinStayLoseShift,C,5,5,1320,1340
331,player_a7f34ed2-3ba9-497c-879f-d30c8bb1cb7d@localhost,Random,C,player_b023a9ca-fa89-474c-877c-66533b651d52@localhost,WinStayLoseShift,C,5,5,1325,1345
332,player_a7f34ed2-3ba9-497c-879f-d30c8bb1cb7d@localhost,Random,D,player_b023a9ca-fa89-474c-877c-66533b651d52@localhost,WinStayLoseShift,C,10,0,1335,1345
333,player_a7f34ed2-3ba9-497c-879f-d30c8bb1cb7d@localhost,Random,D,player_b023a9ca-fa89-474c-877c-66533b651d52@localhost,WinStayLoseShift,D,1,1,1336,1346
334,player_a7f34ed2-3ba9-497c-879f-d30c8bb1cb7d@localhost,Random,D,player_b023a9ca-fa89-474c-877c-66533b651d52@localhost,WinStayLoseShift,C,10,0,1346,1346
335,player_a7f34ed2-3ba9-497c-879f-d30c8bb1cb7d@localhost,Random,C,player_b023a9ca-fa89-474c-877c-66533b651d52@localhost,WinStayLoseShift,D,0,10,1346,1356
336,player_a7f34ed2-3ba9-497c-879f-d30c8bb1cb7d@localhost,Random,C,player_b023a9ca-fa89-474c-877c-66533b651d52@localhost,WinStayLoseShift,D,0,10,1346,1366
337,player_a7f34ed2-3ba9-497c-879f-d30c8bb1cb7d@localhost,Random,D,player_b023a9ca-fa89-474c-877c-66533b651d52@localhost,WinStayLoseShift,D,1,1,1347,1367
338,player_a7f34ed2-3ba9-497c-879f-d30c8bb1cb7d@localhost,Random,D,player_b023a9ca-fa89-474c-877c-66533b651d52@localhost,WinStayLoseShift,C,10,0,1357,1367
339,player_a7f34ed2-3ba9-497c-879f-d30c8bb1cb7d@localhost,Random,C,player_b023a9ca-fa89-474c-877c-66533b651d52@localhost,WinStayLoseShift,D,0,10,1357,1377
340,player_a7f34ed2-3ba9-497c-879f-d30c8bb1cb7d@localhost,Random,D,player_b023a9ca-fa89-474c-877c-66533b651d52@localhost,WinStayLoseShift,D,1,1,1358,1378
341,player_a7f34ed2-3ba9-497c-879f-d30c8bb1cb7d@localhost,Random,D,player_b023a9ca-fa89-474c-877c-66533b651d52@localhost,WinStayLoseShift,C,10,0,1368,1378
342,player_a7f34ed2-3ba9-497c-879f-d30c8bb1cb7d@localhost,Random,D,player_b023a9ca-fa89-474c-877c-66533b651d52@localhost,WinStayLoseShift,D,1,1,1369,1379
343,player_a7f34ed2-3ba9-497c-879f-d30c8bb1cb7d@localhost,Random,C,player_b023a9ca-fa89-474c-877c-66533b651d52@localhost,WinStayLoseShift,C,5,5,1374,1384
344,player_a7f34ed2-3ba9-497c-879f-d30c8bb1cb7d@localhost,Random,C,player_b023a9ca-fa89-474c-877c-66533b651d52@localhost,WinStayLoseShift,C,5,5,1379,1389
345,player_a7f34ed2-3ba9-497c-879f-d30c8bb1cb7d@localhost,Random,C,player_b023a9ca-fa89-474c-877c-66533b651d52@localhost,WinStayLoseShift,C,5,5,1384,1394
346,player_a7f34ed2-3ba9-497c-879f-d30c8bb1cb7d@localhost,Random,C,player_b023a9ca-fa89-474c-877c-66533b651d52@localhost,WinStayLoseShift,C,5,5,1389,1399
347,player_a7f34ed2-3ba9-497c-879f-d30c8bb1cb7d@localhost,Random,D,player_b023a9ca-fa89-474c-877c-66533b651d52@localhost,WinStayLoseShift,C,10,0,1399,1399
348,player_a7f34ed2-3ba9-497c-879f-d30c8bb1cb7d@localhost,Random,D,player_b023a9ca-fa89-474c-877c-66533b651d52@localhost,WinStayLoseShift,D,1,1,1400,1400
349,player_a7f34ed2-3ba9-497c-879f-d30c8bb1cb7d@localhost,Random,D,player_b023a9ca-fa89-474c-877c-66533b651d52@localhost,WinStayLoseShift,C,10,0,1410,1400
350,player_a7f34ed2-3ba9-497c-879f-d30c8bb1cb7d@localhost,Random,C,player_b023a9ca-fa89-474c-877c-66533b651d52@localhost,WinStayLoseShift,D,0,10,1410,1410
351,player_a7f34ed2-3ba9-497c-879f-d30c8bb1cb7d@localhost,Random,C,player_b023a9ca-fa89-474c-877c-66533b651d52@localhost,WinStayLoseShift,D,0,10,1410,1420
352,player_a7f34ed2-3ba9-497c-879f-d30c8bb1cb7d@localhost,Random,C,player_b023a9ca-fa89-474c-877c-66533b651d52@localhost,WinStayLoseShift,D,0,10,1410,1430
353,player_a7f34ed2-3ba9-497c-879f-d30c8bb1cb7d@localhost,Random,C,player_b023a9ca-fa89-474c-877c-66533b651d52@localhost,WinStayLoseShift,D,0,10,1410,1440
354,player_a7f34ed2-3ba9-497c-879f-d30c8bb1cb7d@localhost,Random,C,player_b023a9ca-fa89-474c-877c-66533b651d52@localhost,WinStayLoseShift,D,0,10,1410,1450
355,player_a7f34ed2-3ba9-497c-879f-d30c8bb1cb7d@localhost,Random,C,player_b023a9ca-fa89-474c-877c-66533b651d52@localhost,WinStayLoseShift,D,0,10,1410,1460
356,player_a7f34ed2-3ba9-497c-879f-d30c8bb1cb7d@localhost,Random,C,player_b023a9ca-fa89-474c-877c-66533b651d52@localhost,WinStayLoseShift,D,0,10,1410,1470
357,player_a7f34ed2-3ba9-497c-879f-d30c8bb1cb7d@localhost,Random,C,player_b023a9ca-fa89-474c-877c-66533b651d52@localhost,WinStayLoseShift,D,0,10,1410,1480
358,player_a7f34ed2-3ba9-497c-879f-d30c8bb1cb7d@localhost,Random,C,player_b023a9ca-fa89-474c-877c-66533b651d52@localhost,WinStayLoseShift,D,0,10,1410,1490
359,player_a7f34ed2-3ba9-497c-879f-d30c8bb1cb7d@localhost,Random,C,player_b023a9ca-fa89-474c-877c-66533b651d52@localhost,WinStayLoseShift,D,0,10,1410,1500
360,player_a7f34ed2-3ba9-497c-879f-d30c8bb1cb7d@localhost,Random,D,player_b023a9ca-fa89-474c-877c-66533b651d52@localhost,WinStayLoseShift,D,1,1,1411,1501
361,player_a7f34ed2-3ba9-497c-879f-d30c8bb1cb7d@localhost,Random,D,player_b023a9ca-fa89-474c-877c-66533b651d52@localhost,WinStayLoseShift,C,10,0,1421,1501
362,player_a7f34ed2-3ba9-497c-879f-d30c8bb1cb7d@localhost,Random,D,player_b023a9ca-fa89-474c-877c-66533b651d52@localhost,WinStayLoseShift,D,1,1,1422,1502
363,player_a7f34ed2-3ba9-497c-879f-d30c8bb1cb7d@localhost,Random,D,player_b023a9ca-fa89-474c-877c-66533b651d52@localhost,WinStayLoseShift,C,10,0,1432,1502
364,player_a7f34ed2-3ba9-497c-879f-d30c8bb1cb7d@localhost,Random,C,player_b023a9ca-fa89-474c-877c-66533b651d52@localhost,WinStayLoseShift,D,0,10,1432,1512
365,player_a7f34ed2-3ba9-497c-879f-d30c8bb1cb7d@localhost,Random,D,player_b023a9ca-fa89-474c-877c-66533b651d52@localhost,WinStayLoseShift,D,1,1,1433,1513
366,player_a7f34ed2-3ba9-497c-879f-d30c8bb1cb7d@localhost,Random,D,player_b023a9ca-fa89-474c-877c-66533b651d52@localhost,WinStayLoseShift,C,10,0,1443,1513
367,player_a7f34ed2-3ba9-497c-879f-d30c8bb1cb7d@localhost,Random,D,player_b023a9ca-fa89-474c-877c-66533b651d52@localhost,WinStayLoseShift,D,1,1,1444,1514
368,player_a7f34ed2-3ba9-497c-879f-d30c8bb1cb7d@localhost,Random,C,player_b023a9ca-fa89-474c-877c-66533b651d52@localhost,WinStayLoseShift,C,5,5,1449,1519
369,player_a7f34ed2-3ba9-497c-879f-d30c8bb1cb7d@localhost,Random,D,player_b023a9ca-fa89-474c-877c-66533b651d52@localhost,WinStayLoseShift,C,10,0,1459,1519
370,player_a7f34ed2-3ba9-497c-879f-d30c8bb1cb7d@localhost,Random,D,player_b023a9ca-fa89-474c-877c-66533b651d52@localhost,WinStayLoseShift,D,1,1,1460,1520
371,player_a7f34ed2-3ba9-497c-879f-d30c8bb1cb7d@localhost,Random,C,player_b023a9ca-fa89-474c-877c-66533b651d52@localhost,WinStayLoseShift,C,5,5,1465,1525
372,player_a7f34ed2-3ba9-497c-879f-d30c8bb1cb7d@localhost,Random,C,player_b023a9ca-fa89-474c-877c-66533b651d52@localhost,WinStayLoseShift,C,5,5,1470,1530
373,player_a7f34ed2-3ba9-497c-879f-d30c8bb1cb7d@localhost,Random,D,player_b023a9ca-fa89-474c-877c-66533b651d52@localhost,WinStayLoseShift,C,10,0,1480,1530
374,player_a7f34ed2-3ba9-497c-879f-d30c8bb1cb7d@localhost,Random,D,player_b023a9ca-fa89-474c-877c-66533b651d52@localhost,WinStayLoseShift,D,1,1,1481,1531
375,player_a7f34ed2-3ba9-497c-879f-d30c8bb1cb7d@localhost,Random,D,player_b023a9ca-fa89-474c-877c-66533b651d52@localhost,WinStayLoseShift,C,10,0,1491,1531
376,player_a7f34ed2-3ba9-497c-879f-d30c8bb1cb7d@localhost,Random,D,player_b023a9ca-fa89-474c-877c-66533b651d52@localhost,WinStayLoseShift,D,1,1,1492,1532
377,player_a7f34ed2-3ba9-497c-879f-d30c8bb1cb7d@localhost,Random,D,player_b023a9ca-fa89-474c-877c-66533b651d52@localhost,WinStayLoseShift,C,10,0,1502,1532
378,player_a7f34ed2-3ba9-497c-879f-d30c8bb1cb7d@localhost,Random,C,player_b023a9ca-fa89-474c-877c-66533b651d52@localhost,WinStayLoseShift,D,0,10,1502,1542
379,player_a7f34ed2-3ba9-497c-879f-d30c8bb1cb7d@localhost,Random,D,player_b023a9ca-fa89-474c-877c-66533b651d52@localhost,WinStayLoseShift,D,1,1,1503,1543
380,player_a7f34ed2-3ba9-497c-879f-d30c8bb1cb7d@localhost,Random,D,player_b023a9ca-fa89-474c-877c-66533b651d52@localhost,WinStayLoseShift,C,10,0,1513,1543
381,player_a7f34ed2-3ba9-497c-879f-d30c8bb1cb7d@localhost,Random,C,player_b023a9ca-fa89-474c-877c-66533b651d52@localhost,WinStayLoseShift,D,0,10,1513,1553
382,player_a7f34ed2-3ba9-497c-879f-d30c8bb1cb7d@localhost,Random,D,player_b023a9ca-fa89-474c-877c-66533b651d52@localhost,WinStayLoseShift,D,1,1,1514,1554
383,player_a7f34ed2-3ba9-497c-879f-d30c8bb1cb7d@localhost,Random,D,player_b023a9ca-fa89-474c-877c-66533b651d52@localhost,WinStayLoseShift,C,10,0,1524,1554
384,player_a7f34ed2-3ba9-497c-879f-d30c8bb1cb7d@localhost,Random,C,player_b023a9ca-fa89-474c-877c-66533b651d52@localhost,WinStayLoseShift,D,0,10,1524,1564
385,player_a7f34ed2-3ba9-497c-879f-d30c8bb1cb7d@localhost,Random,D,player_b023a9ca-fa89-474c-877c-66533b651d52@localhost,WinStayLoseShift,D,1,1,1525,1565
386,player_a7f34ed2-3ba9-497c-879f-d30c8bb1cb7d@localhost,Random,D,player_b023a9ca-fa89-474c-877c-66533b651d52@localhost,WinStayLoseShift,C,10,0,1535,1565
387,player_a7f34ed2-3ba9-497c-879f-d30c8bb1cb7d@localhost,Random,D,player_b023a9ca-fa89-474c-877c-66533b651d52@localhost,WinStayLoseShift,D,1,1,1536,1566
388,player_a7f34ed2-3ba9-497c-879f-d30c8bb1cb7d@localhost,Random,C,player_b023a9ca-fa89-474c-877c-66533b651d52@localhost,WinStayLoseShift,C,5,5,1541,1571
389,player_a7f34ed2-3ba9-497c-879f-d30c8bb1cb7d@localhost,Random,D,player_b023a9ca-fa89-474c-877c-66533b651d52@localhost,WinStayLoseShift,C,10,0,1551,1571
390,player_a7f34ed2-3ba9-497c-879f-d30c8bb1cb7d@localhost,Random,D,player_b023a9ca-fa89-474c-877c-66533b651d52@localhost,WinStayLoseShift,D,1,1,1552,1572
391,player_a7f34ed2-3ba9-497c-879f-d30c8bb1cb7d@localhost,Random,D,player_b023a9ca-fa89-474c-877c-66533b651d52@localhost,WinStayLoseShift,C,10,0,1562,1572
392,player_a7f34ed2-3ba9-497c-879f-d30c8bb1cb7d@localhost,Random,C,player_b023a9ca-fa89-474c-877c-66533b651d52@localhost,WinStayLoseShift,D,0,10,1562,1582
393,player_a7f34ed2-3ba9-497c-879f-d30c8bb1cb7d@localhost,Random,C,player_b023a9ca-fa89-474c-877c-66533b651d52@localhost,WinStayLoseShift,D,0,10,1562,1592
394,player_a7f34ed2-3ba9-497c-879f-d30c8bb1cb7d@localhost,Random,D,player_b023a9ca-fa89-474c-877c-66533b651d52@localhost,WinStayLoseShift,D,1,1,1563,1593
395,player_a7f34ed2-3ba9-497c-879f-d30c8bb1cb7d@localhost,Random,C,player_b023a9ca-fa89-474c-877c-66533b651d52@localhost,WinStayLoseShift,C,5,5,1568,1598
396,player_a7f34ed2-3ba9-497c-879f-d30c8bb1cb7d@localhost,Random,C,player_b023a9ca-fa89-474c-877c-66533b651d52@localhost,WinStayLoseShift,C,5,5,1573,1603
397,player_a7f34ed2-3ba9-497c-879f-d30c8bb1cb7d@localhost,Random,C,player_b023a9ca-fa89-474c-877c-66533b651d52@localhost,WinStayLoseShift,C,5,5,1578,1608
398,player_a7f34ed2-3ba9-497c-879f-d30c8bb1cb7d@localhost,Random,D,player_b023a9ca-fa89-474c-877c-66533b651d52@localhost,WinStayLoseShift,C,10,0,1588,1608
399,player_a7f34ed2-3ba9-497c-879f-d30c8bb1cb7d@localhost,Random,D,player_b023a9ca-fa89-474c-877c-66533b651d52@localhost,WinStayLoseShift,D,1,1,1589,1609
400,player_a7f34ed2-3ba9-497c-879f-d30c8bb1cb7d@localhost,Random,D,player_b023a9ca-fa89-474c-877c-66533b651d52@localhost,WinStayLoseShift,C,10,0,1599,1609
401,player_a7f34ed2-3ba9-497c-879f-d30c8bb1cb7d@localhost,Random,D,player_b023a9ca-fa89-474c-877c-66533b651d52@localhost,WinStayLoseShift,D,1,1,1600,1610
402,player_a7f34ed2-3ba9-497c-879f-d30c8bb1cb7d@localhost,Random,C,player_b023a9ca-fa89-474c-877c-66533b651d52@localhost,WinStayLoseShift,C,5,5,1605,1615
403,player_a7f34ed2-3ba9-497c-879f-d30c8bb1cb7d@localhost,Random,C,player_b023a9ca-fa89-474c-877c-66533b651d52@localhost,WinStayLoseShift,C,5,5,1610,1620
404,player_a7f34ed2-3ba9-497c-879f-d30c8bb1cb7d@localhost,Random,C,player_b023a9ca-fa89-474c-877c-66533b651d52@localhost,WinStayLoseShift,C,5,5,1615,1625
405,player_a7f34ed2-3ba9-497c-879f-d30c8bb1cb7d@localhost,Random,D,player_b023a9ca-fa89-474c-877c-66533b651d52@localhost,WinStayLoseShift,C,10,0,1625,1625
406,player_a7f34ed2-3ba9-497c-879f-d30c8bb1cb7d@localhost,Random,D,player_b023a9ca-fa89-474c-877c-66533b651d52@localhost,WinStayLoseShift,D,1,1,1626,1626
407,player_a7f34ed2-3ba9-497c-879f-d30c8bb1cb7d@localhost,Random,D,player_b023a9ca-fa89-474c-877c-66533b651d52@localhost,WinStayLoseShift,C,10,0,1636,1626
408,player_a7f34ed2-3ba9-497c-879f-d30c8bb1cb7d@localhost,Random,C,player_b023a9ca-fa89-474c-877c-66533b651d52@localhost,WinStayLoseShift,D,0,10,1636,1636
409,player_a7f34ed2-3ba9-497c-879f-d30c8bb1cb7d@localhost,Random,D,player_b023a9ca-fa89-474c-877c-66533b651d52@localhost,WinStayLoseShift,D,1,1,1637,1637
410,player_a7f34ed2-3ba9-497c-879f-d30c8bb1cb7d@localhost,Random,C,player_b023a9ca-fa89-474c-877c-66533b651d52@localhost,WinStayLoseShift,C,5,5,1642,1642
411,player_a7f34ed2-3ba9-497c-879f-d30c8bb1cb7d@localhost,Random,C,player_b023a9ca-fa89-474c-877c-66533b651d52@localhost,WinStayLoseShift,C,5,5,1647,1647
412,player_a7f34ed2-3ba9-497c-879f-d30c8bb1cb7d@localhost,Random,C,player_b023a9ca-fa89-474c-877c-66533b651d52@localhost,WinStayLoseShift,C,5,5,1652,1652
413,player_a7f34ed2-3ba9-497c-879f-d30c8bb1cb7d@localhost,Random,C,player_b023a9ca-fa89-474c-877c-66533b651d52@localhost,WinStayLoseShift,C,5,5,1657,1657
414,player_a7f34ed2-3ba9-497c-879f-d30c8bb1cb7d@localhost,Random,D,player_b023a9ca-fa89-474c-877c-66533b651d52@localhost,WinStayLoseShift,C,10,0,1667,1657
415,player_a7f34ed2-3ba9-497c-879f-d30c8bb1cb7d@localhost,Random,C,player_b023a9ca-fa89-474c-877c-66533b651d52@localhost,WinStayLoseShift,D,0,10,1667,1667
416,player_a7f34ed2-3ba9-497c-879f-d30c8bb1cb7d@localhost,Random,C,player_b023a9ca-fa89-474c-877c-66533b651d52@localhost,WinStayLoseShift,D,0,10,1667,1677
417,player_a7f34ed2-3ba9-497c-879f-d30c8bb1cb7d@localhost,Random,C,player_b023a9ca-fa89-474c-877c-66533b651d52@localhost,WinStayLoseShift,D,0,10,1667,1687
418,player_a7f34ed2-3ba9-497c-879f-d30c8bb1cb7d@localhost,Random,D,player_b023a9ca-fa89-474c-877c-66533b651d52@localhost,WinStayLoseShift,D,1,1,1668,1688
419,player_a7f34ed2-3ba9-497c-879f-d30c8bb1cb7d@localhost,Random,C,player_b023a9ca-fa89-474c-877c-66533b651d52@localhost,WinStayLoseShift,C,5,5,1673,1693
420,player_a7f34ed2-3ba9-497c-879f-d30c8bb1cb7d@localhost,Random,C,player_b023a9ca-fa89-474c-877c-66533b651d52@localhost,WinStayLoseShift,C,5,5,1678,1698
421,player_a7f34ed2-3ba9-497c-879f-d30c8bb1cb7d@localhost,Random,C,player_b023a9ca-fa89-474c-877c-66533b651d52@localhost,WinStayLoseShift,C,5,5,1683,1703
422,player_a7f34ed2-3ba9-497c-879f-d30c8bb1cb7d@localhost,Random,D,player_b023a9ca-fa89-474c-877c-66533b651d52@localhost,WinStayLoseShift,C,10,0,1693,1703
423,player_a7f34ed2-3ba9-497c-879f-d30c8bb1cb7d@localhost,Random,C,player_b023a9ca-fa89-474c-877c-66533b651d52@localhost,WinStayLoseShift,D,0,10,1693,1713
424,player_a7f34ed2-3ba9-497c-879f-d30c8bb1cb7d@localhost,Random,C,player_b023a9ca-fa89-474c-877c-66533b651d52@localhost,WinStayLoseShift,D,0,10,1693,1723
425,player_a7f34ed2-3ba9-497c-879f-d30c8bb1cb7d@localhost,Random,D,player_b023a9ca-fa89-474c-877c-66533b651d52@localhost,WinStayLoseShift,D,1,1,1694,1724
426,player_a7f34ed2-3ba9-497c-879f-d30c8bb1cb7d@localhost,Random,D,player_b023a9ca-fa89-474c-877c-66533b651d52@localhost,WinStayLoseShift,C,10,0,1704,1724
427,player_a7f34ed2-3ba9-497c-879f-d30c8bb1cb7d@localhost,Random,C,player_b023a9ca-fa89-474c-877c-66533b651d52@localhost,WinStayLoseShift,D,0,10,1704,1734
428,player_a7f34ed2-3ba9-497c-879f-d30c8bb1cb7d@localhost,Random,C,player_b023a9ca-fa89-474c-877c-66533b651d52@localhost,WinStayLoseShift,D,0,10,1704,1744
429,player_a7f34ed2-3ba9-497c-879f-d30c8bb1cb7d@localhost,Random,C,player_b023a9ca-fa89-474c-877c-66533b651d52@localhost,WinStayLoseShift,D,0,10,1704,1754
430,player_a7f34ed2-3ba9-497c-879f-d30c8bb1cb7d@localhost,Random,D,player_b023a9ca-fa89-474c-877c-66533b651d52@localhost,WinStayLoseShift,D,1,1,1705,1755
431,player_a7f34ed2-3ba9-497c-879f-d30c8bb1cb7d@localhost,Random,D,player_b023a9ca-fa89-474c-877c-66533b651d52@localhost,WinStayLoseShift,C,10,0,1715,1755
432,player_a7f34ed2-3ba9-497c-879f-d30c8bb1cb7d@localhost,Random,C,player_b023a9ca-fa89-474c-877c-66533b651d52@localhost,WinStayLoseShift,D,0,10,1715,1765
433,player_a7f34ed2-3ba9-497c-879f-d30c8bb1cb7d@localhost,Random,D,player_b023a9ca-fa89-474c-877c-66533b651d52@localhost,WinStayLoseShift,D,1,1,1716,1766
434,player_a7f34ed2-3ba9-497c-879f-d30c8bb1cb7d@localhost,Random,C,player_b023a9ca-fa89-474c-877c-66533b651d52@localhost,WinStayLoseShift,C,5,5,1721,1771
435,player_a7f34ed2-3ba9-497c-879f-d30c8bb1cb7d@localhost,Random,D,player_b023a9ca-fa89-474c-877c-66533b651d52@localhost,WinStayLoseShift,C,10,0,1731,1771
436,player_a7f34ed2-3ba9-497c-879f-d30c8bb1cb7d@localhost,Random,D,player_b023a9ca-fa89-474c-877c-66533b651d52@localhost,WinStayLoseShift,D,1,1,1732,1772
437,player_a7f34ed2-3ba9-497c-879f-d30c8bb1cb7d@localhost,Random,D,player_b023a9ca-fa89-474c-877c-66533b651d52@localhost,WinStayLoseShift,C,10,0,1742,1772
438,player_a7f34ed2-3ba9-497c-879f-d30c8bb1cb7d@localhost,Random,D,player_b023a9ca-fa89-474c-877c-66533b651d52@localhost,WinStayLoseShift,D,1,1,1743,1773
439,player_a7f34ed2-3ba9-497c-879f-d30c8bb1cb7d@localhost,Random,C,player_b023a9ca-fa89-474c-877c-66533b651d52@localhost,WinStayLoseShift,C,5,5,1748,1778
440,player_a7f34ed2-3ba9-497c-879f-d30c8bb1cb7d@localhost,Random,D,player_b023a9ca-fa89-474c-877c-66533b651d52@localhost,WinStayLoseShift,C,10,0,1758,1778
441,player_a7f34ed2-3ba9-497c-879f-d30c8bb1cb7d@localhost,Random,D,player_b023a9ca-fa89-474c-877c-66533b651d52@localhost,WinStayLoseShift,D,1,1,1759,1779
442,player_a7f34ed2-3ba9-497c-879f-d30c8bb1cb7d@localhost,Random,D,player_b023a9ca-fa89-474c-877c-66533b651d52@localhost,WinStayLoseShift,C,10,0,1769,1779
443,player_a7f34ed2-3ba9-497c-879f-d30c8bb1cb7d@localhost,Random,C,player_b023a9ca-fa89-474c-877c-66533b651d52@localhost,WinStayLoseShift,D,0,10,1769,1789
444,player_a7f34ed2-3ba9-497c-879f-d30c8bb1cb7d@localhost,Random,C,player_b023a9ca-fa89-474c-877c-66533b651d52@localhost,WinStayLoseShift,D,0,10,1769,1799
445,player_a7f34ed2-3ba9-497c-879f-d30c8bb1cb7d@localhost,Random,D,player_b023a9ca-fa89-474c-877c-66533b651d52@localhost,WinStayLoseShift,D,1,1,1770,1800
446,player_a7f34ed2-3ba9-497c-879f-d30c8bb1cb7d@localhost,Random,D,player_b023a9ca-fa89-474c-877c-66533b651d52@localhost,WinStayLoseShift,C,10,0,1780,1800
447,player_a7f34ed2-3ba9-497c-879f-d30c8bb1cb7d@localhost,Random,D,player_b023a9ca-fa89-474c-877c-66533b651d52@localhost,WinStayLoseShift,D,1,1,1781,1801
448,player_a7f34ed2-3ba9-497c-879f-d30c8bb1cb7d@localhost,Random,C,player_b023a9ca-fa89-474c-877c-66533b651d52@localhost,WinStayLoseShift,C,5,5,1786,1806
449,player_a7f34ed2-3ba9-497c-879f-d30c8bb1cb7d@localhost,Random,C,player_b023a9ca-fa89-474c-877c-66533b651d52@localhost,WinStayLoseShift,C,5,5,1791,1811
450,player_a7f34ed2-3ba9-497c-879f-d30c8bb1cb7d@localhost,Random,C,player_b023a9ca-fa89-474c-877c-66533b651d52@localhost,WinStayLoseShift,C,5,5,1796,1816
451,player_a7f34ed2-3ba9-497c-879f-d30c8bb1cb7d@localhost,Random,D,player_b023a9ca-fa89-474c-877c-66533b651d52@localhost,WinStayLoseShift,C,10,0,1806,1816
452,player_a7f34ed2-3ba9-497c-879f-d30c8bb1cb7d@localhost,Random,D,player_b023a9ca-fa89-474c-877c-66533b651d52@localhost,WinStayLoseShift,D,1,1,1807,1817
453,player_a7f34ed2-3ba9-497c-879f-d30c8bb1cb7d@localhost,Random,C,player_b023a9ca-fa89-474c-877c-66533b651d52@localhost,WinStayLoseShift,C,5,5,1812,1822
454,player_a7f34ed2-3ba9-497c-879f-d30c8bb1cb7d@localhost,Random,C,player_b023a9ca-fa89-474c-877c-66533b651d52@localhost,WinStayLoseShift,C,5,5,1817,1827
455,player_a7f34ed2-3ba9-497c-879f-d30c8bb1cb7d@localhost,Random,D,player_b023a9ca-fa89-474c-877c-66533b651d52@localhost,WinStayLoseShift,C,10,0,1827,1827
456,player_a7f34ed2-3ba9-497c-879f-d30c8bb1cb7d@localhost,Random,D,player_b023a9ca-fa89-474c-877c-66533b651d52@localhost,WinStayLoseShift,D,1,1,1828,1828
457,player_a7f34ed2-3ba9-497c-879f-d30c8bb1cb7d@localhost,Random,C,player_b023a9ca-fa89-474c-877c-66533b651d52@localhost,WinStayLoseShift,C,5,5,1833,1833
458,player_a7f34ed2-3ba9-497c-879f-d30c8bb1cb7d@localhost,Random,D,player_b023a9ca-fa89-474c-877c-66533b651d52@localhost,WinStayLoseShift,C,10,0,1843,1833
459,player_a7f34ed2-3ba9-497c-879f-d30c8bb1cb7d@localhost,Random,D,player_b023a9ca-fa89-474c-877c-66533b651d52@localhost,WinStayLoseShift,D,1,1,1844,1834
460,player_a7f34ed2-3ba9-497c-879f-d30c8bb1cb7d@localhost,Random,C,player_b023a9ca-fa89-474c-877c-66533b651d52@localhost,WinStayLoseShift,C,5,5,1849,1839
461,player_a7f34ed2-3ba9-497c-879f-d30c8bb1cb7d@localhost,Random,D,player_b023a9ca-fa89-474c-877c-66533b651d52@localhost,WinStayLoseShift,C,10,0,1859,1839
462,player_a7f34ed2-3ba9-497c-879f-d30c8bb1cb7d@localhost,Random,C,player_b023a9ca-fa89-474c-877c-66533b651d52@localhost,WinStayLoseShift,D,0,10,1859,1849
463,player_a7f34ed2-3ba9-497c-879f-d30c8bb1cb7d@localhost,Random,D,player_b023a9ca-fa89-474c-877c-66533b651d52@localhost,WinStayLoseShift,D,1,1,1860,1850
464,player_a7f34ed2-3ba9-497c-879f-d30c8bb1cb7d@localhost,Random,D,player_b023a9ca-fa89-474c-877c-66533b651d52@localhost,WinStayLoseShift,C,10,0,1870,1850
465,player_a7f34ed2-3ba9-497c-879f-d30c8bb1cb7d@localhost,Random,C,player_b023a9ca-fa89-474c-877c-66533b651d52@localhost,WinStayLoseShift,D,0,10,1870,1860
466,player_a7f34ed2-3ba9-497c-879f-d30c8bb1cb7d@localhost,Random,C,player_b023a9ca-fa89-474c-877c-66533b651d52@localhost,WinStayLoseShift,D,0,10,1870,1870
467,player_a7f34ed2-3ba9-497c-879f-d30c8bb1cb7d@localhost,Random,C,player_b023a9ca-fa89-474c-877c-66533b651d52@localhost,WinStayLoseShift,D,0,10,1870,1880
468,player_a7f34ed2-3ba9-497c-879f-d30c8bb1cb7d@localhost,Random,C,player_b023a9ca-fa89-474c-877c-66533b651d52@localhost,WinStayLoseShift,D,0,10,1870,1890
469,player_a7f34ed2-3ba9-497c-879f-d30c8bb1cb7d@localhost,Random,C,player_b023a9ca-fa89-474c-877c-66533b651d52@localhost,WinStayLoseShift,D,0,10,1870,1900
470,player_a7f34ed2-3ba9-497c-879f-d30c8bb1cb7d@localhost,Random,C,player_b023a9ca-fa89-474c-877c-66533b651d52@localhost,WinStayLoseShift,D,0,10,1870,1910
471,player_a7f34ed2-3ba9-497c-879f-d30c8bb1cb7d@localhost,Random,D,player_b023a9ca-fa89-474c-877c-66533b651d52@localhost,WinStayLoseShift,D,1,1,1871,1911
472,player_a7f34ed2-3ba9-497c-879f-d30c8bb1cb7d@localhost,Random,C,player_b023a9ca-fa89-474c-877c-66533b651d52@localhost,WinStayLoseShift,C,5,5,1876,1916
473,player_a7f34ed2-3ba9-497c-879f-d30c8bb1cb7d@localhost,Random,C,player_b023a9ca-fa89-474c-877c-66533b651d52@localhost,WinStayLoseShift,C,5,5,1881,1921
474,player_a7f34ed2-3ba9-497c-879f-d30c8bb1cb7d@localhost,Random,D,player_b023a9ca-fa89-474c-877c-66533b651d52@localhost,WinStayLoseShift,C,10,0,1891,1921
475,player_a7f34ed2-3ba9-497c-879f-d30c8bb1cb7d@localhost,Random,C,player_b023a9ca-fa89-474c-877c-66533b651d52@localhost,WinStayLoseShift,D,0,10,1891,1931
476,player_a7f34ed2-3ba9-497c-879f-d30c8bb1cb7d@localhost,Random,C,player_b023a9ca-fa89-474c-877c-66533b651d52@localhost,WinStayLoseShift,D,0,10,1891,1941
477,player_a7f34ed2-3ba9-497c-879f-d30c8bb1cb7d@localhost,Random,D,player_b023a9ca-fa89-474c-877c-66533b651d52@localhost,WinStayLoseShift,D,1,1,1892,1942
478,player_a7f34ed2-3ba9-497c-879f-d30c8bb1cb7d@localhost,Random,D,player_b023a9ca-fa89-474c-877c-66533b651d52@localhost,WinStayLoseShift,C,10,0,1902,1942
479,player_a7f34ed2-3ba9-497c-879f-d30c8bb1cb7d@localhost,Random,C,player_b023a9ca-fa89-474c-877c-66533b651d52@localhost,WinStayLoseShift,D,0,10,1902,1952
480,player_a7f34ed2-3ba9-497c-879f-d30c8bb1cb7d@localhost,Random,C,player_b023a9ca-fa89-474c-877c-66533b651d52@localhost,WinStayLoseShift,D,0,10,1902,1962
481,player_a7f34ed2-3ba9-497c-879f-d30c8bb1cb7d@localhost,Random,D,player_b023a9ca-fa89-474c-877c-66533b651d52@localhost,WinStayLoseShift,D,1,1,1903,1963
482,player_a7f34ed2-3ba9-497c-879f-d30c8bb1cb7d@localhost,Random,C,player_b023a9ca-fa89-474c-877c-66533b651d52@localhost,WinStayLoseShift,C,5,5,1908,1968
483,player_a7f34ed2-3ba9-497c-879f-d30c8bb1cb7d@localhost,Random,C,player_b023a9ca-fa89-474c-877c-66533b651d52@localhost,WinStayLoseShift,C,5,5,1913,1973
484,player_a7f34ed2-3ba9-497c-879f-d30c8bb1cb7d@localhost,Random,D,player_b023a9ca-fa89-474c-877c-66533b651d52@localhost,WinStayLoseShift,C,10,0,1923,1973
485,player_a7f34ed2-3ba9-497c-879f-d30c8bb1cb7d@localhost,Random,D,player_b023a9ca-fa89-474c-877c-66533b651d52@localhost,WinStayLoseShift,D,1,1,1924,1974
486,player_a7f34ed2-3ba9-497c-879f-d30c8bb1cb7d@localhost,Random,D,player_b023a9ca-fa89-474c-877c-66533b651d52@localhost,WinStayLoseShift,C,10,0,1934,1974
487,player_a7f34ed2-3ba9-497c-879f-d30c8bb1cb7d@localhost,Random,C,player_b023a9ca-fa89-474c-877c-66533b651d52@localhost,WinStayLoseShift,D,0,10,1934,1984
488,player_a7f34ed2-3ba9-497c-879f-d30c8bb1cb7d@localhost,Random,D,player_b023a9ca-fa89-474c-877c-66533b651d52@localhost,WinStayLoseShift,D,1,1,1935,1985
489,player_a7f34ed2-3ba9-497c-879f-d30c8bb1cb7d@localhost,Random,C,player_b023a9ca-fa89-474c-877c-66533b651d52@localhost,WinStayLoseShift,C,5,5,1940,1990
490,player_a7f34ed2-3ba9-497c-879f-d30c8bb1cb7d@localhost,Random,C,player_b023a9ca-fa89-474c-877c-66533b651d52@localhost,WinStayLoseShift,C,5,5,1945,1995
491,player_a7f34ed2-3ba9-497c-879f-d30c8bb1cb7d@localhost,Random,D,player_b023a9ca-fa89-474c-877c-66533b651d52@localhost,WinStayLoseShift,C,10,0,1955,1995
492,player_a7f34ed2-3ba9-497c-879f-d30c8bb1cb7d@localhost,Random,D,player_b023a9ca-fa89-474c-877c-66533b651d52@localhost,WinStayLoseShift,D,1,1,1956,1996
493,player_a7f34ed2-3ba9-497c-879f-d30c8bb1cb7d@localhost,Random,D,player_b023a9ca-fa89-474c-877c-66533b651d52@localhost,WinStayLoseShift,C,10,0,1966,1996
494,player_a7f34ed2-3ba9-497c-879f-d30c8bb1cb7d@localhost,Random,D,player_b023a9ca-fa89-474c-877c-66533b651d52@localhost,WinStayLoseShift,D,1,1,1967,1997
495,player_a7f34ed2-3ba9-497c-879f-d30c8bb1cb7d@localhost,Random,D,player_b023a9ca-fa89-474c-877c-66533b651d52@localhost,WinStayLoseShift,C,10,0,1977,1997
496,player_a7f34ed2-3ba9-497c-879f-d30c8bb1cb7d@localhost,Random,C,player_b023a9ca-fa89-474c-877c-66533b651d52@localhost,WinStayLoseShift,D,0,10,1977,2007
497,player_a7f34ed2-3ba9-497c-879f-d30c8bb1cb7d@localhost,Random,D,player_b023a9ca-fa89-474c-877c-66533b651d52@localhost,WinStayLoseShift,D,1,1,1978,2008
498,player_a7f34ed2-3ba9-497c-879f-d30c8bb1cb7d@localhost,Random,D,player_b023a9ca-fa89-474c-877c-66533b651d52@localhost,WinStayLoseShift,C,10,0,1988,2008
499,player_a7f34ed2-3ba9-497c-879f-d30c8bb1cb7d@localhost,Random,D,player_b023a9ca-fa89-474c-877c-66533b651d52@localhost,WinStayLoseShift,D,1,1,1989,2009
500,player_a7f34ed2-3ba9-497c-879f-d30c8bb1cb7d@localhost,Random,D,player_b023a9ca-fa89-474c-877c-66533b651d52@localhost,WinStayLoseShift,C,10,0,1999,2009
501,player_a7f34ed2-3ba9-497c-879f-d30c8bb1cb7d@localhost,Random,C,player_b023a9ca-fa89-474c-877c-66533b651d52@localhost,WinStayLoseShift,D,0,10,1999,2019
502,player_a7f34ed2-3ba9-497c-879f-d30c8bb1cb7d@localhost,Random,C,player_b023a9ca-fa89-474c-877c-66533b651d52@localhost,WinStayLoseShift,D,0,10,1999,2029
503,player_a7f34ed2-3ba9-497c-879f-d30c8bb1cb7d@localhost,Random,D,player_b023a9ca-fa89-474c-877c-66533b651d52@localhost,WinStayLoseShift,D,1,1,2000,2030
504,player_a7f34ed2-3ba9-497c-879f-d30c8bb1cb7d@localhost,Random,C,player_b023a9ca-fa89-474c-877c-66533b651d52@localhost,WinStayLoseShift,C,5,5,2005,2035
505,player_a7f34ed2-3ba9-497c-879f-d30c8bb1cb7d@localhost,Random,C,player_b023a9ca-fa89-474c-877c-66533b651d52@localhost,WinStayLoseShift,C,5,5,2010,2040
506,player_a7f34ed2-3ba9-497c-879f-d30c8bb1cb7d@localhost,Random,C,player_b023a9ca-fa89-474c-877c-66533b651d52@localhost,WinStayLoseShift,C,5,5,2015,2045
507,player_a7f34ed2-3ba9-497c-879f-d30c8bb1cb7d@localhost,Random,C,player_b023a9ca-fa89-474c-877c-66533b651d52@localhost,WinStayLoseShift,C,5,5,2020,2050
508,player_a7f34ed2-3ba9-497c-879f-d30c8bb1cb7d@localhost,Random,C,player_b023a9ca-fa89-474c-877c-66533b651d52@localhost,WinStayLoseShift,C,5,5,2025,2055
509,player_a7f34ed2-3ba9-497c-879f-d30c8bb1cb7d@localhost,Random,C,player_b023a9ca-fa89-474c-877c-66533b651d52@localhost,WinStayLoseShift,C,5,5,2030,2060
510,player_a7f34ed2-3ba9-497c-879f-d30c8bb1cb7d@localhost,Random,D,player_b023a9ca-fa89-474c-877c-66533b651d52@localhost,WinStayLoseShift,C,10,0,2040,2060
511,player_a7f34ed2-3ba9-497c-879f-d30c8bb1cb7d@localhost,Random,D,player_b023a9ca-fa89-474c-877c-66533b651d52@localhost,WinStayLoseShift,D,1,1,2041,2061
512,player_a7f34ed2-3ba9-497c-879f-d30c8bb1cb7d@localhost,Random,D,player_b023a9ca-fa89-474c-877c-66533b651d52@localhost,WinStayLoseShift,C,10,0,2051,2061
513,player_a7f34ed2-3ba9-497c-879f-d30c8bb1cb7d@localhost,Random,C,player_b023a9ca-fa89-474c-877c-66533b651d52@localhost,WinStayLoseShift,D,0,10,2051,2071
514,player_a7f34ed2-3ba9-497c-879f-d30c8bb1cb7d@localhost,Random,D,player_b023a9ca-fa89-474c-877c-66533b651d52@localhost,WinStayLoseShift,D,1,1,2052,2072
515,player_a7f34ed2-3ba9-497c-879f-d30c8bb1cb7d@localhost,Random,D,player_b023a9ca-fa89-474c-877c-66533b651d52@localhost,WinStayLoseShift,C,10,0,2062,2072
516,player_a7f34ed2-3ba9-497c-879f-d30c8bb1cb7d@localhost,Random,D,player_b023a9ca-fa89-474c-877c-66533b651d52@localhost,WinStayLoseShift,D,1,1,2063,2073
517,player_a7f34ed2-3ba9-497c-879f-d30c8bb1cb7d@localhost,Random,D,player_b023a9ca-fa89-474c-877c-66533b651d52@localhost,WinStayLoseShift,C,10,0,2073,2073
518,player_a7f34ed2-3ba9-497c-879f-d30c8bb1cb7d@localhost,Random,C,player_b023a9ca-fa89-474c-877c-66533b651d52@localhost,WinStayLoseShift,D,0,10,2073,2083
519,player_a7f34ed2-3ba9-497c-879f-d30c8bb1cb7d@localhost,Random,C,player_b023a9ca-fa89-474c-877c-66533b651d52@localhost,WinStayLoseShift,D,0,10,2073,2093
520,player_a7f34ed2-3ba9-497c-879f-d30c8bb1cb7d@localhost,Random,C,player_b023a9ca-fa89-474c-877c-66533b651d52@localhost,WinStayLoseShift,D,0,10,2073,2103
521,player_a7f34ed2-3ba9-497c-879f-d30c8bb1cb7d@localhost,Random,C,player_b023a9ca-fa89-474c-877c-66533b651d52@localhost,WinStayLoseShift,D,0,10,2073,2113
522,player_a7f34ed2-3ba9-497c-879f-d30c8bb1cb7d@localhost,Random,C,player_b023a9ca-fa89-474c-877c-66533b651d52@localhost,WinStayLoseShift,D,0,10,2073,2123
523,player_a7f34ed2-3ba9-497c-879f-d30c8bb1cb7d@localhost,Random,D,player_b023a9ca-fa89-474c-877c-66533b651d52@localhost,WinStayLoseShift,D,1,1,2074,2124
524,player_a7f34ed2-3ba9-497c-879f-d30c8bb1cb7d@localhost,Random,C,player_b023a9ca-fa89-474c-877c-66533b651d52@localhost,WinStayLoseShift,C,5,5,2079,2129
525,player_a7f34ed2-3ba9-497c-879f-d30c8bb1cb7d@localhost,Random,C,player_b023a9ca-fa89-474c-877c-66533b651d52@localhost,WinStayLoseShift,C,5,5,2084,2134
526,player_a7f34ed2-3ba9-497c-879f-d30c8bb1cb7d@localhost,Random,D,player_b023a9ca-fa89-474c-877c-66533b651d52@localhost,WinStayLoseShift,C,10,0,2094,2134
527,player_a7f34ed2-3ba9-497c-879f-d30c8bb1cb7d@localhost,Random,D,player_b023a9ca-fa89-474c-877c-66533b651d52@localhost,WinStayLoseShift,D,1,1,2095,2135
528,player_a7f34ed2-3ba9-497c-879f-d30c8bb1cb7d@localhost,Random,D,player_b023a9ca-fa89-474c-877c-66533b651d52@localhost,WinStayLoseShift,C,10,0,2105,2135
529,player_a7f34ed2-3ba9-497c-879f-d30c8bb1cb7d@localhost,Random,D,player_b023a9ca-fa89-474c-877c-66533b651d52@localhost,WinStayLoseShift,D,1,1,2106,2136
530,player_a7f34ed2-3ba9-497c-879f-d30c8bb1cb7d@localhost,Random,C,player_b023a9ca-fa89-474c-877c-66533b651d52@localhost,WinStayLoseShift,C,5,5,2111,2141
531,player_a7f34ed2-3ba9-497c-879f-d30c8bb1cb7d@localhost,Random,C,player_b023a9ca-fa89-474c-877c-66533b651d52@localhost,WinStayLoseShift,C,5,5,2116,2146
532,player_a7f34ed2-3ba9-497c-879f-d30c8bb1cb7d@localhost,Random,D,player_b023a9ca-fa89-474c-877c-66533b651d52@localhost,WinStayLoseShift,C,10,0,2126,2146
533,player_a7f34ed2-3ba9-497c-879f-d30c8bb1cb7d@localhost,Random,C,player_b023a9ca-fa89-474c-877c-66533b651d52@localhost,WinStayLoseShift,D,0,10,2126,2156
534,player_a7f34ed2-3ba9-497c-879f-d30c8bb1cb7d@localhost,Random,D,player_b023a9ca-fa89-474c-877c-66533b651d52@localhost,WinStayLoseShift,D,1,1,2127,2157
535,player_a7f34ed2-3ba9-497c-879f-d30c8bb1cb7d@localhost,Random,D,player_b023a9ca-fa89-474c-877c-66533b651d52@localhost,WinStayLoseShift,C,10,0,2137,2157
536,player_a7f34ed2-3ba9-497c-879f-d30c8bb1cb7d@localhost,Random,C,player_b023a9ca-fa89-474c-877c-66533b651d52@localhost,WinStayLoseShift,D,0,10,2137,2167
537,player_a7f34ed2-3ba9-497c-879f-d30c8bb1cb7d@localhost,Random,D,player_b023a9ca-fa89-474c-877c-66533b651d52@localhost,WinStayLoseShift,D,1,1,2138,2168
538,player_a7f34ed2-3ba9-497c-879f-d30c8bb1cb7d@localhost,Random,D,player_b023a9ca-fa89-474c-877c-66533b651d52@localhost,WinStayLoseShift,C,10,0,2148,2168
539,player_a7f34ed2-3ba9-497c-879f-d30c8bb1cb7d@localhost,Random,C,player_b023a9ca-fa89-474c-877c-66533b651d52@localhost,WinStayLoseShift,D,0,10,2148,2178
540,player_a7f34ed2-3ba9-497c-879f-d30c8bb1cb7d@localhost,Random,C,player_b023a9ca-fa89-474c-877c-66533b651d52@localhost,WinStayLoseShift,D,0,10,2148,2188
541,player_a7f34ed2-3ba9-497c-879f-d30c8bb1cb7d@localhost,Random,D,player_b023a9ca-fa89-474c-877c-66533b651d52@localhost,WinStayLoseShift,D,1,1,2149,2189
542,player_a7f34ed2-3ba9-497c-879f-d30c8bb1cb7d@localhost,Random,D,player_b023a9ca-fa89-474c-877c-66533b651d52@localhost,WinStayLoseShift,C,10,0,2159,2189
543,player_a7f34ed2-3ba9-497c-879f-d30c8bb1cb7d@localhost,Random,C,player_b023a9ca-fa89-474c-877c-66533b651d52@localhost,WinStayLoseShift,D,0,10,2159,2199
544,player_a7f34ed2-3ba9-497c-879f-d30c8bb1cb7d@localhost,Random,D,player_b023a9ca-fa89-474c-877c-66533b651d52@localhost,WinStayLoseShift,D,1,1,2160,2200
545,player_a7f34ed2-3ba9-497c-879f-d30c8bb1cb7d@localhost,Random,C,player_b023a9ca-fa89-474c-877c-66533b651d52@localhost,WinStayLoseShift,C,5,5,2165,2205
546,player_a7f34ed2-3ba9-497c-879f-d30c8bb1cb7d@localhost,Random,C,player_b023a9ca-fa89-474c-877c-66533b651d52@localhost,WinStayLoseShift,C,5,5,2170,2210
547,player_a7f34ed2-3ba9-497c-879f-d30c8bb1cb7d@localhost,Random,D,player_b023a9ca-fa89-474c-877c-66533b651d52@localhost,WinStayLoseShift,C,10,0,2180,2210
548,player_a7f34ed2-3ba9-497c-879f-d30c8bb1cb7d@localhost,Random,C,player_b023a9ca-fa89-474c-877c-66533b651d52@localhost,WinStayLoseShift,D,0,10,2180,2220
549,player_a7f34ed2-3ba9-497c-879f-d30c8bb1cb7d@localhost,Random,D,player_b023a9ca-fa89-474c-877c-66533b651d52@localhost,WinStayLoseShift,D,1,1,2181,2221
550,player_a7f34ed2-3ba9-497c-879f-d30c8bb1cb7d@localhost,Random,D,player_b023a9ca-fa89-474c-877c-66533b651d52@localhost,WinStayLoseShift,C,10,0,2191,2221
551,player_a7f34ed2-3ba9-497c-879f-d30c8bb1cb7d@localhost,Random,D,player_b023a9ca-fa89-474c-877c-66533b651d52@localhost,WinStayLoseShift,D,1,1,2192,2222
552,player_a7f34ed2-3ba9-497c-879f-d30c8bb1cb7d@localhost,Random,C,player_b023a9ca-fa89-474c-877c-66533b651d52@localhost,WinStayLoseShift,C,5,5,2197,2227
553,player_a7f34ed2-3ba9-497c-879f-d30c8bb1cb7d@localhost,Random,C,player_b023a9ca-fa89-474c-877c-66533b651d52@localhost,WinStayLoseShift,C,5,5,2202,2232
554,player_a7f34ed2-3ba9-497c-879f-d30c8bb1cb7d@localhost,Random,D,player_b023a9ca-fa89-474c-877c-66533b651d52@localhost,WinStayLoseShift,C,10,0,2212,2232
555,player_a7f34ed2-3ba9-497c-879f-d30c8bb1cb7d@localhost,Random,D,player_b023a9ca-fa89-474c-877c-66533b651d52@localhost,WinStayLoseShift,D,1,1,2213,2233
556,player_a7f34ed2-3ba9-497c-879f-d30c8bb1cb7d@localhost,Random,D,player_b023a9ca-fa89-474c-877c-66533b651d52@localhost,WinStayLoseShift,C,10,0,2223,2233
557,player_a7f34ed2-3ba9-497c-879f-d30c8bb1cb7d@localhost,Random,D,player_b023a9ca-fa89-474c-877c-66533b651d52@localhost,WinStayLoseShift,D,1,1,2224,2234
558,player_a7f34ed2-3ba9-497c-879f-d30c8bb1cb7d@localhost,Random,D,player_b023a9ca-fa89-474c-877c-66533b651d52@localhost,WinStayLoseShift,C,10,0,2234,2234
559,player_a7f34ed2-3ba9-497c-879f-d30c8bb1cb7d@localhost,Random,C,player_b023a9ca-fa89-474c-877c-66533b651d52@localhost,WinStayLoseShift,D,0,10,2234,2244
560,player_a7f34ed2-3ba9-497c-879f-d30c8bb1cb7d@localhost,Random,C,player_b023a9ca-fa89-474c-877c-66533b651d52@localhost,WinStayLoseShift,D,0,10,2234,2254
561,player_a7f34ed2-3ba9-497c-879f-d30c8bb1cb7d@localhost,Random,D,player_b023a9ca-fa89-474c-877c-66533b651d52@localhost,WinStayLoseShift,D,1,1,2235,2255
562,player_a7f34ed2-3ba9-497c-879f-d30c8bb1cb7d@localhost,Random,C,player_b023a9ca-fa89-474c-877c-66533b651d52@localhost,WinStayLoseShift,C,5,5,2240,2260
563,player_a7f34ed2-3ba9-497c-879f-d30c8bb1cb7d@localhost,Random,C,player_b023a9ca-fa89-474c-877c-66533b651d52@localhost,WinStayLoseShift,C,5,5,2245,2265
564,player_a7f34ed2-3ba9-497c-879f-d30c8bb1cb7d@localhost,Random,C,player_b023a9ca-fa89-474c-877c-66533b651d52@localhost,WinStayLoseShift,C,5,5,2250,2270
565,player_a7f34ed2-3ba9-497c-879f-d30c8bb1cb7d@localhost,Random,C,player_b023a9ca-fa89-474c-877c-66533b651d52@localhost,WinStayLoseShift,C,5,5,2255,2275
566,player_a7f34ed2-3ba9-497c-879f-d30c8bb1cb7d@localhost,Random,D,player_b023a9ca-fa89-474c-877c-66533b651d52@localhost,WinStayLoseShift,C,10,0,2265,2275
567,player_a7f34ed2-3ba9-497c-879f-d30c8bb1cb7d@localhost,Random,C,player_b023a9ca-fa89-474c-877c-66533b651d52@localhost,WinStayLoseShift,D,0,10,2265,2285
568,player_a7f34ed2-3ba9-497c-879f-d30c8bb1cb7d@localhost,Random,C,player_b023a9ca-fa89-474c-877c-66533b651d52@localhost,WinStayLoseShift,D,0,10,2265,2295
569,player_a7f34ed2-3ba9-497c-879f-d30c8bb1cb7d@localhost,Random,C,player_b023a9ca-fa89-474c-877c-66533b651d52@localhost,WinStayLoseShift,D,0,10,2265,2305
570,player_a7f34ed2-3ba9-497c-879f-d30c8bb1cb7d@localhost,Random,C,player_b023a9ca-fa89-474c-877c-66533b651d52@localhost,WinStayLoseShift,D,0,10,2265,2315
571,player_a7f34ed2-3ba9-497c-879f-d30c8bb1cb7d@localhost,Random,D,player_b023a9ca-fa89-474c-877c-66533b651d52@localhost,WinStayLoseShift,D,1,1,2266,2316
572,player_a7f34ed2-3ba9-497c-879f-d30c8bb1cb7d@localhost,Random,D,player_b023a9ca-fa89-474c-877c-66533b651d52@localhost,WinStayLoseShift,C,10,0,2276,2316
573,player_a7f34ed2-3ba9-497c-879f-d30c8bb1cb7d@localhost,Random,D,player_b023a9ca-fa89-474c-877c-66533b651d52@localhost,WinStayLoseShift,D,1,1,2277,2317
574,player_a7f34ed2-3ba9-497c-879f-d30c8bb1cb7d@localhost,Random,C,player_b023a9ca-fa89-474c-877c-66533b651d52@localhost,WinStayLoseShift,C,5,5,2282,2322
575,player_a7f34ed2-3ba9-497c-879f-d30c8bb1cb7d@localhost,Random,C,player_b023a9ca-fa89-474c-877c-66533b651d52@localhost,WinStayLoseShift,C,5,5,2287,2327
576,player_a7f34ed2-3ba9-497c-879f-d30c8bb1cb7d@localhost,Random,D,player_b023a9ca-fa89-474c-877c-66533b651d52@localhost,WinStayLoseShift,C,10,0,2297,2327
577,player_a7f34ed2-3ba9-497c-879f-d30c8bb1cb7d@localhost,Random,D,player_b023a9ca-fa89-474c-877c-66533b651d52@localhost,WinStayLoseShift,D,1,1,2298,2328
578,player_a7f34ed2-3ba9-497c-879f-d30c8bb1cb7d@localhost,Random,C,player_b023a9ca-fa89-474c-877c-66533b651d52@localhost,WinStayLoseShift,C,5,5,2303,2333
579,player_a7f34ed2-3ba9-497c-879f-d30c8bb1cb7d@localhost,Random,C,player_b023a9ca-fa89-474c-877c-66533b651d52@localhost,WinStayLoseShift,C,5,5,2308,2338
580,player_a7f34ed2-3ba9-497c-879f-d30c8bb1cb7d@localhost,Random,D,player_b023a9ca-fa89-474c-877c-66533b651d52@localhost,WinStayLoseShift,C,10,0,2318,2338
581,player_a7f34ed2-3ba9-497c-879f-d30c8bb1cb7d@localhost,Random,C,player_b023a9ca-fa89-474c-877c-66533b651d52@localhost,WinStayLoseShift,D,0,10,2318,2348
582,player_a7f34ed2-3ba9-497c-879f-d30c8bb1cb7d@localhost,Random,D,player_b023a9ca-fa89-474c-877c-66533b651d52@localhost,WinStayLoseShift,D,1,1,2319,2349
583,player_a7f34ed2-3ba9-497c-879f-d30c8bb1cb7d@localhost,Random,C,player_b023a9ca-fa89-474c-877c-66533b651d52@localhost,WinStayLoseShift,C,5,5,2324,2354
584,player_a7f34ed2-3ba9-497c-879f-d30c8bb1cb7d@localhost,Random,D,player_b023a9ca-fa89-474c-877c-66533b651d52@localhost,WinStayLoseShift,C,10,0,2334,2354
585,player_a7f34ed2-3ba9-497c-879f-d30c8bb1cb7d@localhost,Random,D,player_b023a9ca-fa89-474c-877c-66533b651d52@localhost,WinStayLoseShift,D,1,1,2335,2355
586,player_a7f34ed2-3ba9-497c-879f-d30c8bb1cb7d@localhost,Random,C,player_b023a9ca-fa89-474c-877c-66533b651d52@localhost,WinStayLoseShift,C,5,5,2340,2360
587,player_a7f34ed2-3ba9-497c-879f-d30c8bb1cb7d@localhost,Random,D,player_b023a9ca-fa89-474c-877c-66533b651d52@localhost,WinStayLoseShift,C,10,0,2350,2360
588,player_a7f34ed2-3ba9-497c-879f-d30c8bb1cb7d@localhost,Random,C,player_b023a9ca-fa89-474c-877c-66533b651d52@localhost,WinStayLoseShift,D,0,10,2350,2370
589,player_a7f34ed2-3ba9-497c-879f-d30c8bb1cb7d@localhost,Random,C,player_b023a9ca-fa89-474c-877c-66533b651d52@localhost,WinStayLoseShift,D,0,10,2350,2380
590,player_a7f34ed2-3ba9-497c-879f-d30c8bb1cb7d@localhost,Random,C,player_b023a9ca-fa89-474c-877c-66533b651d52@localhost,WinStayLoseShift,D,0,10,2350,2390
591,player_a7f34ed2-3ba9-497c-879f-d30c8bb1cb7d@localhost,Random,C,player_b023a9ca-fa89-474c-877c-66533b651d52@localhost,WinStayLoseShift,D,0,10,2350,2400
592,player_a7f34ed2-3ba9-497c-879f-d30c8bb1cb7d@localhost,Random,D,player_b023a9ca-fa89-474c-877c-66533b651d52@localhost,WinStayLoseShift,D,1,1,2351,2401
593,player_a7f34ed2-3ba9-497c-879f-d30c8bb1cb7d@localhost,Random,D,player_b023a9ca-fa89-474c-877c-66533b651d52@localhost,WinStayLoseShift,C,10,0,2361,2401
594,player_a7f34ed2-3ba9-497c-879f-d30c8bb1cb7d@localhost,Random,D,player_b023a9ca-fa89-474c-877c-66533b651d52@localhost,WinStayLoseShift,D,1,1,2362,2402
595,player_a7f34ed2-3ba9-497c-879f-d30c8bb1cb7d@localhost,Random,D,player_b023a9ca-fa89-474c-877c-66533b651d52@localhost,WinStayLoseShift,C,10,0,2372,2402
596,player_a7f34ed2-3ba9-497c-879f-d30c8bb1cb7d@localhost,Random,D,player_b023a9ca-fa89-474c-877c-66533b651d52@localhost,WinStayLoseShift,D,1,1,2373,2403
597,player_a7f34ed2-3ba9-497c-879f-d30c8bb1cb7d@localhost,Random,C,player_b023a9ca-fa89-474c-877c-66533b651d52@localhost,WinStayLoseShift,C,5,5,2378,2408
598,player_a7f34ed2-3ba9-497c-879f-d30c8bb1cb7d@localhost,Random,C,player_b023a9ca-fa89-474c-877c-66533b651d52@localhost,WinStayLoseShift,C,5,5,2383,2413
599,player_a7f34ed2-3ba9-497c-879f-d30c8bb1cb7d@localhost,Random,C,player_b023a9ca-fa89-474c-877c-66533b651d52@localhost,WinStayLoseShift,C,5,5,2388,2418
600,player_a7f34ed2-3ba9-497c-879f-d30c8bb1cb7d@localhost,Random,C,player_b023a9ca-fa89-474c-877c-66533b651d52@localhost,WinStayLoseShift,C,5,5,2393,2423
601,player_a7f34ed2-3ba9-497c-879f-d30c8bb1cb7d@localhost,Random,C,player_b023a9ca-fa89-474c-877c-66533b651d52@localhost,WinStayLoseShift,C,5,5,2398,2428
602,player_a7f34ed2-3ba9-497c-879f-d30c8bb1cb7d@localhost,Random,D,player_b023a9ca-fa89-474c-877c-66533b651d52@localhost,WinStayLoseShift,C,10,0,2408,2428
603,player_a7f34ed2-3ba9-497c-879f-d30c8bb1cb7d@localhost,Random,C,player_b023a9ca-fa89-474c-877c-66533b651d52@localhost,WinStayLoseShift,D,0,10,2408,2438
604,player_a7f34ed2-3ba9-497c-879f-d30c8bb1cb7d@localhost,Random,D,player_b023a9ca-fa89-474c-877c-66533b651d52@localhost,WinStayLoseShift,D,1,1,2409,2439
605,player_a7f34ed2-3ba9-497c-879f-d30c8bb1cb7d@localhost,Random,C,player_b023a9ca-fa89-474c-877c-66533b651d52@localhost,WinStayLoseShift,C,5,5,2414,2444
606,player_a7f34ed2-3ba9-497c-879f-d30c8bb1cb7d@localhost,Random,D,player_b023a9ca-fa89-474c-877c-66533b651d52@localhost,WinStayLoseShift,C,10,0,2424,2444
607,player_a7f34ed2-3ba9-497c-879f-d30c8bb1cb7d@localhost,Random,C,player_b023a9ca-fa89-474c-877c-66533b651d52@localhost,WinStayLoseShift,D,0,10,2424,2454
608,player_a7f34ed2-3ba9-497c-879f-d30c8bb1cb7d@localhost,Random,C,player_b023a9ca-fa89-474c-877c-66533b651d52@localhost,WinStayLoseShift,D,0,10,2424,2464
609,player_a7f34ed2-3ba9-497c-879f-d30c8bb1cb7d@localhost,Random,C,player_b023a9ca-fa89-474c-877c-66533b651d52@localhost,WinStayLoseShift,D,0,10,2424,2474
610,player_a7f34ed2-3ba9-497c-879f-d30c8bb1cb7d@localhost,Random,D,player_b023a9ca-fa89-474c-877c-66533b651d52@localhost,WinStayLoseShift,D,1,1,2425,2475
611,player_a7f34ed2-3ba9-497c-879f-d30c8bb1cb7d@localhost,Random,C,player_b023a9ca-fa89-474c-877c-66533b651d52@localhost,WinStayLoseShift,C,5,5,2430,2480
612,player_a7f34ed2-3ba9-497c-879f-d30c8bb1cb7d@localhost,Random,C,player_b023a9ca-fa89-474c-877c-66533b651d52@localhost,WinStayLoseShift,C,5,5,2435,2485
613,player_a7f34ed2-3ba9-497c-879f-d30c8bb1cb7d@localhost,Random,C,player_b023a9ca-fa89-474c-877c-66533b651d52@localhost,WinStayLoseShift,C,5,5,2440,2490
614,player_a7f34ed2-3ba9-497c-879f-d30c8bb1cb7d@localhost,Random,C,player_b023a9ca-fa89-474c-877c-66533b651d52@localhost,WinStayLoseShift,C,5,5,2445,2495
615,player_a7f34ed2-3ba9-497c-879f-d30c8bb1cb7d@localhost,Random,C,player_b023a9ca-fa89-474c-877c-66533b651d52@localhost,WinStayLoseShift,C,5,5,2450,2500
616,player_a7f34ed2-3ba9-497c-879f-d30c8bb1cb7d@localhost,Random,D,player_b023a9ca-fa89-474c-877c-66533b651d52@localhost,WinStayLoseShift,C,10,0,2460,2500
617,player_a7f34ed2-3ba9-497c-879f-d30c8bb1cb7d@localhost,Random,D,player_b023a9ca-fa89-474c-877c-66533b651d52@localhost,WinStayLoseShift,D,1,1,2461,2501
618,player_a7f34ed2-3ba9-497c-879f-d30c8bb1cb7d@localhost,Random,C,player_b023a9ca-fa89-474c-877c-66533b651d52@localhost,WinStayLoseShift,C,5,5,2466,2506
619,player_a7f34ed2-3ba9-497c-879f-d30c8bb1cb7d@localhost,Random,D,player_b023a9ca-fa89-474c-877c-66533b651d52@localhost,WinStayLoseShift,C,10,0,2476,2506
620,player_a7f34ed2-3ba9-497c-879f-d30c8bb1cb7d@localhost,Random,D,player_b023a9ca-fa89-474c-877c-66533b651d52@localhost,WinStayLoseShift,D,1,1,2477,2507
621,player_a7f34ed2-3ba9-497c-879f-d30c8bb1cb7d@localhost,Random,D,player_b023a9ca-fa89-474c-877c-66533b651d52@localhost,WinStayLoseShift,C,10,0,2487,2507
622,player_a7f34ed2-3ba9-497c-879f-d30c8bb1cb7d@localhost,Random,C,player_b023a9ca-fa89-474c-877c-66533b651d52@localhost,WinStayLoseShift,D,0,10,2487,2517
623,player_a7f34ed2-3ba9-497c-879f-d30c8bb1cb7d@localhost,Random,D,player_b023a9ca-fa89-474c-877c-66533b651d52@localhost,WinStayLoseShift,D,1,1,2488,2518
624,player_a7f34ed2-3ba9-497c-879f-d30c8bb1cb7d@localhost,Random,C,player_b023a9ca-fa89-474c-877c-66533b651d52@localhost,WinStayLoseShift,C,5,5,2493,2523
625,player_a7f34ed2-3ba9-497c-879f-d30c8bb1cb7d@localhost,Random,D,player_b023a9ca-fa89-474c-877c-66533b651d52@localhost,WinStayLoseShift,C,10,0,2503,2523
626,player_a7f34ed2-3ba9-497c-879f-d30c8bb1cb7d@localhost,Random,C,player_b023a9ca-fa89-474c-877c-66533b651d52@localhost,WinStayLoseShift,D,0,10,2503,2533
627,player_a7f34ed2-3ba9-497c-879f-d30c8bb1cb7d@localhost,Random,C,player_b023a9ca-fa89-474c-877c-66533b651d52@localhost,WinStayLoseShift,D,0,10,2503,2543
628,player_a7f34ed2-3ba9-497c-879f-d30c8bb1cb7d@localhost,Random,D,player_b023a9ca-fa89-474c-877c-66533b651d52@localhost,WinStayLoseShift,D,1,1,2504,2544
629,player_a7f34ed2-3ba9-497c-879f-d30c8bb1cb7d@localhost,Random,D,player_b023a9ca-fa89-474c-877c-66533b651d52@localhost,WinStayLoseShift,C,10,0,2514,2544
630,player_a7f34ed2-3ba9-497c-879f-d30c8bb1cb7d@localhost,Random,D,player_b023a9ca-fa89-474c-877c-66533b651d52@localhost,WinStayLoseShift,D,1,1,2515,2545
631,player_a7f34ed2-3ba9-497c-879f-d30c8bb1cb7d@localhost,Random,C,player_b023a9ca-fa89-474c-877c-66533b651d52@localhost,WinStayLoseShift,C,5,5,2520,2550
632,player_a7f34ed2-3ba9-497c-879f-d30c8bb1cb7d@localhost,Random,D,player_b023a9ca-fa89-474c-877c-66533b651d52@localhost,WinStayLoseShift,C,10,0,2530,2550
633,player_a7f34ed2-3ba9-497c-879f-d30c8bb1cb7d@localhost,Random,D,player_b023a9ca-fa89-474c-877c-66533b651d52@localhost,WinStayLoseShift,D,1,1,2531,2551
634,player_a7f34ed2-3ba9-497c-879f-d30c8bb1cb7d@localhost,Random,C,player_b023a9ca-fa89-474c-877c-66533b651d52@localhost,WinStayLoseShift,C,5,5,2536,2556
635,player_a7f34ed2-3ba9-497c-879f-d30c8bb1cb7d@localhost,Random,D,player_b023a9ca-fa89-474c-877c-66533b651d52@localhost,WinStayLoseShift,C,10,0,2546,2556
636,player_a7f34ed2-3ba9-497c-879f-d30c8bb1cb7d@localhost,Random,D,player_b023a9ca-fa89-474c-877c-66533b651d52@localhost,WinStayLoseShift,D,1,1,2547,2557
637,player_a7f34ed2-3ba9-497c-879f-d30c8bb1cb7d@localhost,Random,D,player_b023a9ca-fa89-474c-877c-66533b651d52@localhost,WinStayLoseShift,C,10,0,2557,2557
638,player_a7f34ed2-3ba9-497c-879f-d30c8bb1cb7d@localhost,Random,C,player_b023a9ca-fa89-474c-877c-66533b651d52@localhost,WinStayLoseShift,D,0,10,2557,2567
639,player_a7f34ed2-3ba9-497c-879f-d30c8bb1cb7d@localhost,Random,D,player_b023a9ca-fa89-474c-877c-66533b651d52@localhost,WinStayLoseShift,D,1,1,2558,2568
640,player_a7f34ed2-3ba9-497c-879f-d30c8bb1cb7d@localhost,Random,D,player_b023a9ca-fa89-474c-877c-66533b651d52@localhost,WinStayLoseShift,C,10,0,2568,2568
641,player_a7f34ed2-3ba9-497c-879f-d30c8bb1cb7d@localhost,Random,D,player_b023a9ca-fa89-474c-877c-66533b651d52@localhost,WinStayLoseShift,D,1,1,2569,2569
642,player_a7f34ed2-3ba9-497c-879f-d30c8bb1cb7d@localhost,Random,C,player_b023a9ca-fa89-474c-877c-66533b651d52@localhost,WinStayLoseShift,C,5,5,2574,2574
643,player_a7f34ed2-3ba9-497c-879f-d30c8bb1cb7d@localhost,Random,D,player_b023a9ca-fa89-474c-877c-66533b651d52@localhost,WinStayLoseShift,C,10,0,2584,2574
644,player_a7f34ed2-3ba9-497c-879f-d30c8bb1cb7d@localhost,Random,C,player_b023a9ca-fa89-474c-877c-66533b651d52@localhost,WinStayLoseShift,D,0,10,2584,2584
645,player_a7f34ed2-3ba9-497c-879f-d30c8bb1cb7d@localhost,Random,D,player_b023a9ca-fa89-474c-877c-66533b651d52@localhost,WinStayLoseShift,D,1,1,2585,2585
646,player_a7f34ed2-3ba9-497c-879f-d30c8bb1cb7d@localhost,Random,C,player_b023a9ca-fa89-474c-877c-66533b651d52@localhost,WinStayLoseShift,C,5,5,2590,2590
647,player_a7f34ed2-3ba9-497c-879f-d30c8bb1cb7d@localhost,Random,C,player_b023a9ca-fa89-474c-877c-66533b651d52@localhost,WinStayLoseShift,C,5,5,2595,2595
648,player_a7f34ed2-3ba9-497c-879f-d30c8bb1cb7d@localhost,Random,D,player_b023a9ca-fa89-474c-877c-66533b651d52@localhost,WinStayLoseShift,C,10,0,2605,2595
649,player_a7f34ed2-3ba9-497c-879f-d30c8bb1cb7d@localhost,Random,C,player_b023a9ca-fa89-474c-877c-66533b651d52@localhost,WinStayLoseShift,D,0,10,2605,2605
650,player_a7f34ed2-3ba9-497c-879f-d30c8bb1cb7d@localhost,Random,C,player_b023a9ca-fa89-474c-877c-66533b651d52@localhost,WinStayLoseShift,D,0,10,2605,2615
651,player_a7f34ed2-3ba9-497c-879f-d30c8bb1cb7d@localhost,Random,C,player_b023a9ca-fa89-474c-877c-66533b651d52@localhost,WinStayLoseShift,D,0,10,2605,2625
652,player_a7f34ed2-3ba9-497c-879f-d30c8bb1cb7d@localhost,Random,C,player_b023a9ca-fa89-474c-877c-66533b651d52@localhost,WinStayLoseShift,D,0,10,2605,2635
653,player_a7f34ed2-3ba9-497c-879f-d30c8bb1cb7d@localhost,Random,D,player_b023a9ca-fa89-474c-877c-66533b651d52@localhost,WinStayLoseShift,D,1,1,2606,2636
654,player_a7f34ed2-3ba9-497c-879f-d30c8bb1cb7d@localhost,Random,D,player_b023a9ca-fa89-474c-877c-66533b651d52@localhost,WinStayLoseShift,C,10,0,2616,2636
655,player_a7f34ed2-3ba9-497c-879f-d30c8bb1cb7d@localhost,Random,C,player_b023a9ca-fa89-474c-877c-66533b651d52@localhost,WinStayLoseShift,D,0,10,2616,2646
656,player_a7f34ed2-3ba9-497c-879f-d30c8bb1cb7d@localhost,Random,C,player_b023a9ca-fa89-474c-877c-66533b651d52@localhost,WinStayLoseShift,D,0,10,2616,2656
657,player_a7f34ed2-3ba9-497c-879f-d30c8bb1cb7d@localhost,Random,C,player_b023a9ca-fa89-474c-877c-66533b651d52@localhost,WinStayLoseShift,D,0,10,2616,2666
658,player_a7f34ed2-3ba9-497c-879f-d30c8bb1cb7d@localhost,Random,D,player_b023a9ca-fa89-474c-877c-66533b651d52@localhost,WinStayLoseShift,D,1,1,2617,2667
659,player_a7f34ed2-3ba9-497c-879f-d30c8bb1cb7d@localhost,Random,C,player_b023a9ca-fa89-474c-877c-66533b651d52@localhost,WinStayLoseShift,C,5,5,2622,2672
660,player_a7f34ed2-3ba9-497c-879f-d30c8bb1cb7d@localhost,Random,D,player_b023a9ca-fa89-474c-877c-66533b651d52@localhost,WinStayLoseShift,C,10,0,2632,2672
661,player_a7f34ed2-3ba9-497c-879f-d30c8bb1cb7d@localhost,Random,D,player_b023a9ca-fa89-474c-877c-66533b651d52@localhost,WinStayLoseShift,D,1,1,2633,2673
662,player_a7f34ed2-3ba9-497c-879f-d30c8bb1cb7d@localhost,Random,C,player_b023a9ca-fa89-474c-877c-66533b651d52@localhost,WinStayLoseShift,C,5,5,2638,2678
663,player_a7f34ed2-3ba9-497c-879f-d30c8bb1cb7d@localhost,Random,D,player_b023a9ca-fa89-474c-877c-66533b651d52@localhost,WinStayLoseShift,C,10,0,2648,2678
664,player_a7f34ed2-3ba9-497c-879f-d30c8bb1cb7d@localhost,Random,C,player_b023a9ca-fa89-474c-877c-66533b651d52@localhost,WinStayLoseShift,D,0,10,2648,2688
665,player_a7f34ed2-3ba9-497c-879f-d30c8bb1cb7d@localhost,Random,D,player_b023a9ca-fa89-474c-877c-66533b651d52@localhost,WinStayLoseShift,D,1,1,2649,2689
666,player_a7f34ed2-3ba9-497c-879f-d30c8bb1cb7d@localhost,Random,D,player_b023a9ca-fa89-474c-877c-66533b651d52@localhost,WinStayLoseShift,C,10,0,2659,2689
667,player_a7f34ed2-3ba9-497c-879f-d30c8bb1cb7d@localhost,Random,D,player_b023a9ca-fa89-474c-877c-66533b651d52@localhost,WinStayLoseShift,D,1,1,2660,2690
668,player_a7f34ed2-3ba9-497c-879f-d30c8bb1cb7d@localhost,Random,D,player_b023a9ca-fa89-474c-877c-66533b651d52@localhost,WinStayLoseShift,C,10,0,2670,2690
669,player_a7f34ed2-3ba9-497c-879f-d30c8bb1cb7d@localhost,Random,C,player_b023a9ca-fa89-474c-877c-66533b651d52@localhost,WinStayLoseShift,D,0,10,2670,2700
670,player_a7f34ed2-3ba9-497c-879f-d30c8bb1cb7d@localhost,Random,C,player_b023a9ca-fa89-474c-877c-66533b651d52@localhost,WinStayLoseShift,D,0,10,2670,2710
671,player_a7f34ed2-3ba9-497c-879f-d30c8bb1cb7d@localhost,Random,D,player_b023a9ca-fa89-474c-877c-66533b651d52@localhost,WinStayLoseShift,D,1,1,2671,2711
672,player_a7f34ed2-3ba9-497c-879f-d30c8bb1cb7d@localhost,Random,C,player_b023a9ca-fa89-474c-877c-66533b651d52@localhost,WinStayLoseShift,C,5,5,2676,2716
673,player_a7f34ed2-3ba9-497c-879f-d30c8bb1cb7d@localhost,Random,D,player_b023a9ca-fa89-474c-877c-66533b651d52@localhost,WinStayLoseShift,C,10,0,2686,2716
674,player_a7f34ed2-3ba9-497c-879f-d30c8bb1cb7d@localhost,Random,D,player_b023a9ca-fa89-474c-877c-66533b651d52@localhost,WinStayLoseShift,D,1,1,2687,2717
675,player_a7f34ed2-3ba9-497c-879f-d30c8bb1cb7d@localhost,Random,C,player_b023a9ca-fa89-474c-877c-66533b651d52@localhost,WinStayLoseShift,C,5,5,2692,2722
676,player_a7f34ed2-3ba9-497c-879f-d30c8bb1cb7d@localhost,Random,D,player_b023a9ca-fa89-474c-877c-66533b651d52@localhost,WinStayLoseShift,C,10,0,2702,2722
677,player_a7f34ed2-3ba9-497c-879f-d30c8bb1cb7d@localhost,Random,C,player_b023a9ca-fa89-474c-877c-66533b651d52@localhost,WinStayLoseShift,D,0,10,2702,2732
678,player_a7f34ed2-3ba9-497c-879f-d30c8bb1cb7d@localhost,Random,C,player_b023a9ca-fa89-474c-877c-66533b651d52@localhost,WinStayLoseShift,D,0,10,2702,2742
679,player_a7f34ed2-3ba9-497c-879f-d30c8bb1cb7d@localhost,Random,D,player_b023a9ca-fa89-474c-877c-66533b651d52@localhost,WinStayLoseShift,D,1,1,2703,2743
680,player_a7f34ed2-3ba9-497c-879f-d30c8bb1cb7d@localhost,Random,D,player_b023a9ca-fa89-474c-877c-66533b651d52@localhost,WinStayLoseShift,C,10,0,2713,2743
681,player_a7f34ed2-3ba9-497c-879f-d30c8bb1cb7d@localhost,Random,D,player_b023a9ca-fa89-474c-877c-66533b651d52@localhost,WinStayLoseShift,D,1,1,2714,2744
682,player_a7f34ed2-3ba9-497c-879f-d30c8bb1cb7d@localhost,Random,C,player_b023a9ca-fa89-474c-877c-66533b651d52@localhost,WinStayLoseShift,C,5,5,2719,2749
683,player_a7f34ed2-3ba9-497c-879f-d30c8bb1cb7d@localhost,Random,D,player_b023a9ca-fa89-474c-877c-66533b651d52@localhost,WinStayLoseShift,C,10,0,2729,2749
684,player_a7f34ed2-3ba9-497c-879f-d30c8bb1cb7d@localhost,Random,D,player_b023a9ca-fa89-474c-877c-66533b651d52@localhost,WinStayLoseShift,D,1,1,2730,2750
685,player_a7f34ed2-3ba9-497c-879f-d30c8bb1cb7d@localhost,Random,D,player_b023a9ca-fa89-474c-877c-66533b651d52@localhost,WinStayLoseShift,C,10,0,2740,2750
686,player_a7f34ed2-3ba9-497c-879f-d30c8bb1cb7d@localhost,Random,C,player_b023a9ca-fa89-474c-877c-66533b651d52@localhost,WinStayLoseShift,D,0,10,2740,2760
687,player_a7f34ed2-3ba9-497c-879f-d30c8bb1cb7d@localhost,Random,D,player_b023a9ca-fa89-474c-877c-66533b651d52@localhost,WinStayLoseShift,D,1,1,2741,2761
688,player_a7f34ed2-3ba9-497c-879f-d30c8bb1cb7d@localhost,Random,C,player_b023a9ca-fa89-474c-877c-66533b651d52@localhost,WinStayLoseShift,C,5,5,2746,2766
689,player_a7f34ed2-3ba9-497c-879f-d30c8bb1cb7d@localhost,Random,D,player_b023a9ca-fa89-474c-877c-66533b651d52@localhost,WinStayLoseShift,C,10,0,2756,2766
690,player_a7f34ed2-3ba9-497c-879f-d30c8bb1cb7d@localhost,Random,C,player_b023a9ca-fa89-474c-877c-66533b651d52@localhost,WinStayLoseShift,D,0,10,2756,2776
691,player_a7f34ed2-3ba9-497c-879f-d30c8bb1cb7d@localhost,Random,C,player_b023a9ca-fa89-474c-877c-66533b651d52@localhost,WinStayLoseShift,D,0,10,2756,2786
692,player_a7f34ed2-3ba9-497c-879f-d30c8bb1cb7d@localhost,Random,C,player_b023a9ca-fa89-474c-877c-66533b651d52@localhost,WinStayLoseShift,D,0,10,2756,2796
693,player_a7f34ed2-3ba9-497c-879f-d30c8bb1cb7d@localhost,Random,D,player_b023a9ca-fa89-474c-877c-66533b651d52@localhost,WinStayLoseShift,D,1,1,2757,2797
694,player_a7f34ed2-3ba9-497c-879f-d30c8bb1cb7d@localhost,Random,C,player_b023a9ca-fa89-474c-877c-66533b651d52@localhost,WinStayLoseShift,C,5,5,2762,2802
695,player_a7f34ed2-3ba9-497c-879f-d30c8bb1cb7d@localhost,Random,D,player_b023a9ca-fa89-474c-877c-66533b651d52@localhost,WinStayLoseShift,C,10,0,2772,2802
696,player_a7f34ed2-3ba9-497c-879f-d30c8bb1cb7d@localhost,Random,D,player_b023a9ca-fa89-474c-877c-66533b651d52@localhost,WinStayLoseShift,D,1,1,2773,2803
697,player_a7f34ed2-3ba9-497c-879f-d30c8bb1cb7d@localhost,Random,C,player_b023a9ca-fa89-474c-877c-66533b651d52@localhost,WinStayLoseShift,C,5,5,2778,2808
698,player_a7f34ed2-3ba9-497c-879f-d30c8bb1cb7d@localhost,Random,D,player_b023a9ca-fa89-474c-877c-66533b651d52@localhost,WinStayLoseShift,C,10,0,2788,2808
699,player_a7f34ed2-3ba9-497c-879f-d30c8bb1cb7d@localhost,Random,D,player_b023a9ca-fa89-474c-877c-66533b651d52@localhost,WinStayLoseShift,D,1,1,2789,2809
700,player_a7f34ed2-3ba9-497c-879f-d30c8bb1cb7d@localhost,Random,D,player_b023a9ca-fa89-474c-877c-66533b651d52@localhost,WinStayLoseShift,C,10,0,2799,2809
701,player_a7f34ed2-3ba9-497c-879f-d30c8bb1cb7d@localhost,Random,C,player_b023a9ca-fa89-474c-877c-66533b651d52@localhost,WinStayLoseShift,D,0,10,2799,2819
702,player_a7f34ed2-3ba9-497c-879f-d30c8bb1cb7d@localhost,Random,D,player_b023a9ca-fa89-474c-877c-66533b651d52@localhost,WinStayLoseShift,D,1,1,2800,2820
703,player_a7f34ed2-3ba9-497c-879f-d30c8bb1cb7d@localhost,Random,D,player_b023a9ca-fa89-474c-877c-66533b651d52@localhost,WinStayLoseShift,C,10,0,2810,2820
704,player_a7f34ed2-3ba9-497c-879f-d30c8bb1cb7d@localhost,Random,C,player_b023a9ca-fa89-474c-877c-66533b651d52@localhost,WinStayLoseShift,D,0,10,2810,2830
705,player_a7f34ed2-3ba9-497c-879f-d30c8bb1cb7d@localhost,Random,C,player_b023a9ca-fa89-474c-877c-66533b651d52@localhost,WinStayLoseShift,D,0,10,2810,2840
706,player_a7f34ed2-3ba9-497c-879f-d30c8bb1cb7d@localhost,Random,C,player_b023a9ca-fa89-474c-877c-66533b651d52@localhost,WinStayLoseShift,D,0,10,2810,2850
707,player_a7f34ed2-3ba9-497c-879f-d30c8bb1cb7d@localhost,Random,C,player_b023a9ca-fa89-474c-877c-66533b651d52@localhost,WinStayLoseShift,D,0,10,2810,2860
708,player_a7f34ed2-3ba9-497c-879f-d30c8bb1cb7d@localhost,Random,D,player_b023a9ca-fa89-474c-877c-66533b651d52@localhost,WinStayLoseShift,D,1,1,2811,2861
709,player_a7f34ed2-3ba9-497c-879f-d30c8bb1cb7d@localhost,Random,C,player_b023a9ca-fa89-474c-877c-66533b651d52@localhost,WinStayLoseShift,C,5,5,2816,2866
710,player_a7f34ed2-3ba9-497c-879f-d30c8bb1cb7d@localhost,Random,C,player_b023a9ca-fa89-474c-877c-66533b651d52@localhost,WinStayLoseShift,C,5,5,2821,2871
711,player_a7f34ed2-3ba9-497c-879f-d30c8bb1cb7d@localhost,Random,D,player_b023a9ca-fa89-474c-877c-66533b651d52@localhost,WinStayLoseShift,C,10,0,2831,2871
712,player_a7f34ed2-3ba9-497c-879f-d30c8bb1cb7d@localhost,Random,D,player_b023a9ca-fa89-474c-877c-66533b651d52@localhost,WinStayLoseShift,D,1,1,2832,2872
713,player_a7f34ed2-3ba9-497c-879f-d30c8bb1cb7d@localhost,Random,D,player_b023a9ca-fa89-474c-877c-66533b651d52@localhost,WinStayLoseShift,C,10,0,2842,2872
714,player_a7f34ed2-3ba9-497c-879f-d30c8bb1cb7d@localhost,Random,D,player_b023a9ca-fa89-474c-877c-66533b651d52@localhost,WinStayLoseShift,D,1,1,2843,2873
715,player_a7f34ed2-3ba9-497c-879f-d30c8bb1cb7d@localhost,Random,C,player_b023a9ca-fa89-474c-877c-66533b651d52@localhost,WinStayLoseShift,C,5,5,2848,2878
716,player_a7f34ed2-3ba9-497c-879f-d30c8bb1cb7d@localhost,Random,C,player_b023a9ca-fa89-474c-877c-66533b651d52@localhost,WinStayLoseShift,C,5,5,2853,2883
717,player_a7f34ed2-3ba9-497c-879f-d30c8bb1cb7d@localhost,Random,C,player_b023a9ca-fa89-474c-877c-66533b651d52@localhost,WinStayLoseShift,C,5,5,2858,2888
718,player_a7f34ed2-3ba9-497c-879f-d30c8bb1cb7d@localhost,Random,C,player_b023a9ca-fa89-474c-877c-66533b651d52@localhost,WinStayLoseShift,C,5,5,2863,2893
719,player_a7f34ed2-3ba9-497c-879f-d30c8bb1cb7d@localhost,Random,D,player_b023a9ca-fa89-474c-877c-66533b651d52@localhost,WinStayLoseShift,C,10,0,2873,2893
720,player_a7f34ed2-3ba9-497c-879f-d30c8bb1cb7d@localhost,Random,D,player_b023a9ca-fa89-474c-877c-66533b651d52@localhost,WinStayLoseShift,D,1,1,2874,2894
721,player_a7f34ed2-3ba9-497c-879f-d30c8bb1cb7d@localhost,Random,C,player_b023a9ca-fa89-474c-877c-66533b651d52@localhost,WinStayLoseShift,C,5,5,2879,2899
722,player_a7f34ed2-3ba9-497c-879f-d30c8bb1cb7d@localhost,Random,D,player_b023a9ca-fa89-474c-877c-66533b651d52@localhost,WinStayLoseShift,C,10,0,2889,2899
723,player_a7f34ed2-3ba9-497c-879f-d30c8bb1cb7d@localhost,Random,D,player_b023a9ca-fa89-474c-877c-66533b651d52@localhost,WinStayLoseShift,D,1,1,2890,2900
724,player_a7f34ed2-3ba9-497c-879f-d30c8bb1cb7d@localhost,Random,D,player_b023a9ca-fa89-474c-877c-66533b651d52@localhost,WinStayLoseShift,C,10,0,2900,2900
725,player_a7f34ed2-3ba9-497c-879f-d30c8bb1cb7d@localhost,Random,D,player_b023a9ca-fa89-474c-877c-66533b651d52@localhost,WinStayLoseShift,D,1,1,2901,2901
726,player_a7f34ed2-3ba9-497c-879f-d30c8bb1cb7d@localhost,Random,C,player_b023a9ca-fa89-474c-877c-66533b651d52@localhost,WinStayLoseShift,C,5,5,2906,2906
727,player_a7f34ed2-3ba9-497c-879f-d30c8bb1cb7d@localhost,Random,D,player_b023a9ca-fa89-474c-877c-66533b651d52@localhost,WinStayLoseShift,C,10,0,2916,2906
728,player_a7f34ed2-3ba9-497c-879f-d30c8bb1cb7d@localhost,Random,C,player_b023a9ca-fa89-474c-877c-66533b651d52@localhost,WinStayLoseShift,D,0,10,2916,2916
729,player_a7f34ed2-3ba9-497c-879f-d30c8bb1cb7d@localhost,Random,C,player_b023a9ca-fa89-474c-877c-66533b651d52@localhost,WinStayLoseShift,D,0,10,2916,2926
730,player_a7f34ed2-3ba9-497c-879f-d30c8bb1cb7d@localhost,Random,D,player_b023a9ca-fa89-474c-877c-66533b651d52@localhost,WinStayLoseShift,D,1,1,2917,2927
731,player_a7f34ed2-3ba9-497c-879f-d30c8bb1cb7d@localhost,Random,C,player_b023a9ca-fa89-474c-877c-66533b651d52@localhost,WinStayLoseShift,C,5,5,2922,2932
732,player_a7f34ed2-3ba9-497c-879f-d30c8bb1cb7d@localhost,Random,D,player_b023a9ca-fa89-474c-877c-66533b651d52@localhost,WinStayLoseShift,C,10,0,2932,2932
733,player_a7f34ed2-3ba9-497c-879f-d30c8bb1cb7d@localhost,Random,D,player_b023a9ca-fa89-474c-877c-66533b651d52@localhost,WinStayLoseShift,D,1,1,2933,2933
734,player_a7f34ed2-3ba9-497c-879f-d30c8bb1cb7d@localhost,Random,C,player_b023a9ca-fa89-474c-877c-66533b651d52@localhost,WinStayLoseShift,C,5,5,2938,2938
735,player_a7f34ed2-3ba9-497c-879f-d30c8bb1cb7d@localhost,Random,C,player_b023a9ca-fa89-474c-877c-66533b651d52@localhost,WinStayLoseShift,C,5,5,2943,2943
736,player_a7f34ed2-3ba9-497c-879f-d30c8bb1cb7d@localhost,Random,D,player_b023a9ca-fa89-474c-877c-66533b651d52@localhost,WinStayLoseShift,C,10,0,2953,2943
737,player_a7f34ed2-3ba9-497c-879f-d30c8bb1cb7d@localhost,Random,D,player_b023a9ca-fa89-474c-877c-66533b651d52@localhost,WinStayLoseShift,D,1,1,2954,2944
738,player_a7f34ed2-3ba9-497c-879f-d30c8bb1cb7d@localhost,Random,C,player_b023a9ca-fa89-474c-877c-66533b651d52@localhost,WinStayLoseShift,C,5,5,2959,2949
739,player_a7f34ed2-3ba9-497c-879f-d30c8bb1cb7d@localhost,Random,C,player_b023a9ca-fa89-474c-877c-66533b651d52@localhost,WinStayLoseShift,C,5,5,2964,2954
740,player_a7f34ed2-3ba9-497c-879f-d30c8bb1cb7d@localhost,Random,C,player_b023a9ca-fa89-474c-877c-66533b651d52@localhost,WinStayLoseShift,C,5,5,2969,2959
741,player_a7f34ed2-3ba9-497c-879f-d30c8bb1cb7d@localhost,Random,D,player_b023a9ca-fa89-474c-877c-66533b651d52@localhost,WinStayLoseShift,C,10,0,2979,2959
742,player_a7f34ed2-3ba9-497c-879f-d30c8bb1cb7d@localhost,Random,C,player_b023a9ca-fa89-474c-877c-66533b651d52@localhost,WinStayLoseShift,D,0,10,2979,2969
743,player_a7f34ed2-3ba9-497c-879f-d30c8bb1cb7d@localhost,Random,D,player_b023a9ca-fa89-474c-877c-66533b651d52@localhost,WinStayLoseShift,D,1,1,2980,2970
744,player_a7f34ed2-3ba9-497c-879f-d30c8bb1cb7d@localhost,Random,C,player_b023a9ca-fa89-474c-877c-66533b651d52@localhost,WinStayLoseShift,C,5,5,2985,2975
745,player_a7f34ed2-3ba9-497c-879f-d30c8bb1cb7d@localhost,Random,D,player_b023a9ca-fa89-474c-877c-66533b651d52@localhost,WinStayLoseShift,C,10,0,2995,2975
746,player_a7f34ed2-3ba9-497c-879f-d30c8bb1cb7d@localhost,Random,D,player_b023a9ca-fa89-474c-877c-66533b651d52@localhost,WinStayLoseShift,D,1,1,2996,2976
747,player_a7f34ed2-3ba9-497c-879f-d30c8bb1cb7d@localhost,Random,C,player_b023a9ca-fa89-474c-877c-66533b651d52@localhost,WinStayLoseShift,C,5,5,3001,2981
748,player_a7f34ed2-3ba9-497c-879f-d30c8bb1cb7d@localhost,Random,C,player_b023a9ca-fa89-474c-877c-66533b651d52@localhost,WinStayLoseShift,C,5,5,3006,2986
749,player_a7f34ed2-3ba9-497c-879f-d30c8bb1cb7d@localhost,Random,D,player_b023a9ca-fa89-474c-877c-66533b651d52@localhost,WinStayLoseShift,C,10,0,3016,2986
750,player_a7f34ed2-3ba9-497c-879f-d30c8bb1cb7d@localhost,Random,D,player_b023a9ca-fa89-474c-877c-66533b651d52@localhost,WinStayLoseShift,D,1,1,3017,2987
751,player_a7f34ed2-3ba9-497c-879f-d30c8bb1cb7d@localhost,Random,D,player_b023a9ca-fa89-474c-877c-66533b651d52@localhost,WinStayLoseShift,C,10,0,3027,2987
752,player_a7f34ed2-3ba9-497c-879f-d30c8bb1cb7d@localhost,Random,D,player_b023a9ca-fa89-474c-877c-66533b651d52@localhost,WinStayLoseShift,D,1,1,3028,2988
753,player_a7f34ed2-3ba9-497c-879f-d30c8bb1cb7d@localhost,Random,D,player_b023a9ca-fa89-474c-877c-66533b651d52@localhost,WinStayLoseShift,C,10,0,3038,2988
754,player_a7f34ed2-3ba9-497c-879f-d30c8bb1cb7d@localhost,Random,C,player_b023a9ca-fa89-474c-877c-66533b651d52@localhost,WinStayLoseShift,D,0,10,3038,2998
755,player_a7f34ed2-3ba9-497c-879f-d30c8bb1cb7d@localhost,Random,C,player_b023a9ca-fa89-474c-877c-66533b651d52@localhost,WinStayLoseShift,D,0,10,3038,3008
756,player_a7f34ed2-3ba9-497c-879f-d30c8bb1cb7d@localhost,Random,C,player_b023a9ca-fa89-474c-877c-66533b651d52@localhost,WinStayLoseShift,D,0,10,3038,3018
757,player_a7f34ed2-3ba9-497c-879f-d30c8bb1cb7d@localhost,Random,D,player_b023a9ca-fa89-474c-877c-66533b651d52@localhost,WinStayLoseShift,D,1,1,3039,3019
758,player_a7f34ed2-3ba9-497c-879f-d30c8bb1cb7d@localhost,Random,C,player_b023a9ca-fa89-474c-877c-66533b651d52@localhost,WinStayLoseShift,C,5,5,3044,3024
759,player_a7f34ed2-3ba9-497c-879f-d30c8bb1cb7d@localhost,Random,C,player_b023a9ca-fa89-474c-877c-66533b651d52@localhost,WinStayLoseShift,C,5,5,3049,3029
760,player_a7f34ed2-3ba9-497c-879f-d30c8bb1cb7d@localhost,Random,D,player_b023a9ca-fa89-474c-877c-66533b651d52@localhost,WinStayLoseShift,C,10,0,3059,3029
761,player_a7f34ed2-3ba9-497c-879f-d30c8bb1cb7d@localhost,Random,C,player_b023a9ca-fa89-474c-877c-66533b651d52@localhost,WinStayLoseShift,D,0,10,3059,3039
762,player_a7f34ed2-3ba9-497c-879f-d30c8bb1cb7d@localhost,Random,D,player_b023a9ca-fa89-474c-877c-66533b651d52@localhost,WinStayLoseShift,D,1,1,3060,3040
763,player_a7f34ed2-3ba9-497c-879f-d30c8bb1cb7d@localhost,Random,D,player_b023a9ca-fa89-474c-877c-66533b651d52@localhost,WinStayLoseShift,C,10,0,3070,3040
764,player_a7f34ed2-3ba9-497c-879f-d30c8bb1cb7d@localhost,Random,D,player_b023a9ca-fa89-474c-877c-66533b651d52@localhost,WinStayLoseShift,D,1,1,3071,3041
765,player_a7f34ed2-3ba9-497c-879f-d30c8bb1cb7d@localhost,Random,D,player_b023a9ca-fa89-474c-877c-66533b651d52@localhost,WinStayLoseShift,C,10,0,3081,3041
766,player_a7f34ed2-3ba9-497c-879f-d30c8bb1cb7d@localhost,Random,D,player_b023a9ca-fa89-474c-877c-66533b651d52@localhost,WinStayLoseShift,D,1,1,3082,3042
767,player_a7f34ed2-3ba9-497c-879f-d30c8bb1cb7d@localhost,Random,D,player_b023a9ca-fa89-474c-877c-66533b651d52@localhost,WinStayLoseShift,C,10,0,3092,3042
768,player_a7f34ed2-3ba9-497c-879f-d30c8bb1cb7d@localhost,Random,D,player_b023a9ca-fa89-474c-877c-66533b651d52@localhost,WinStayLoseShift,D,1,1,3093,3043
769,player_a7f34ed2-3ba9-497c-879f-d30c8bb1cb7d@localhost,Random,D,player_b023a9ca-fa89-474c-877c-66533b651d52@localhost,WinStayLoseShift,C,10,0,3103,3043
770,player_a7f34ed2-3ba9-497c-879f-d30c8bb1cb7d@localhost,Random,C,player_b023a9ca-fa89-474c-877c-66533b651d52@localhost,WinStayLoseShift,D,0,10,3103,3053
771,player_a7f34ed2-3ba9-497c-879f-d30c8bb1cb7d@localhost,Random,C,player_b023a9ca-fa89-474c-877c-66533b651d52@localhost,WinStayLoseShift,D,0,10,3103,3063
772,player_a7f34ed2-3ba9-497c-879f-d30c8bb1cb7d@localhost,Random,C,player_b023a9ca-fa89-474c-877c-66533b651d52@localhost,WinStayLoseShift,D,0,10,3103,3073
773,player_a7f34ed2-3ba9-497c-879f-d30c8bb1cb7d@localhost,Random,C,player_b023a9ca-fa89-474c-877c-66533b651d52@localhost,WinStayLoseShift,D,0,10,3103,3083
774,player_a7f34ed2-3ba9-497c-879f-d30c8bb1cb7d@localhost,Random,C,player_b023a9ca-fa89-474c-877c-66533b651d52@localhost,WinStayLoseShift,D,0,10,3103,3093
775,player_a7f34ed2-3ba9-497c-879f-d30c8bb1cb7d@localhost,Random,D,player_b023a9ca-fa89-474c-877c-66533b651d52@localhost,WinStayLoseShift,D,1,1,3104,3094
776,player_a7f34ed2-3ba9-497c-879f-d30c8bb1cb7d@localhost,Random,D,player_b023a9ca-fa89-474c-877c-66533b651d52@localhost,WinStayLoseShift,C,10,0,3114,3094
777,player_a7f34ed2-3ba9-497c-879f-d30c8bb1cb7d@localhost,Random,D,player_b023a9ca-fa89-474c-877c-66533b651d52@localhost,WinStayLoseShift,D,1,1,3115,3095
778,player_a7f34ed2-3ba9-497c-879f-d30c8bb1cb7d@localhost,Random,C,player_b023a9ca-fa89-474c-877c-66533b651d52@localhost,WinStayLoseShift,C,5,5,3120,3100
779,player_a7f34ed2-3ba9-497c-879f-d30c8bb1cb7d@localhost,Random,D,player_b023a9ca-fa89-474c-877c-66533b651d52@localhost,WinStayLoseShift,C,10,0,3130,3100
780,player_a7f34ed2-3ba9-497c-879f-d30c8bb1cb7d@localhost,Random,D,player_b023a9ca-fa89-474c-877c-66533b651d52@localhost,WinStayLoseShift,D,1,1,3131,3101
781,player_a7f34ed2-3ba9-497c-879f-d30c8bb1cb7d@localhost,Random,C,player_b023a9ca-fa89-474c-877c-66533b651d52@localhost,WinStayLoseShift,C,5,5,3136,3106
782,player_a7f34ed2-3ba9-497c-879f-d30c8bb1cb7d@localhost,Random,C,player_b023a9ca-fa89-474c-877c-66533b651d52@localhost,WinStayLoseShift,C,5,5,3141,3111
783,player_a7f34ed2-3ba9-497c-879f-d30c8bb1cb7d@localhost,Random,D,player_b023a9ca-fa89-474c-877c-66533b651d52@localhost,WinStayLoseShift,C,10,0,3151,3111
784,player_a7f34ed2-3ba9-497c-879f-d30c8bb1cb7d@localhost,Random,C,player_b023a9ca-fa89-474c-877c-66533b651d52@localhost,WinStayLoseShift,D,0,10,3151,3121
785,player_a7f34ed2-3ba9-497c-879f-d30c8bb1cb7d@localhost,Random,D,player_b023a9ca-fa89-474c-877c-66533b651d52@localhost,WinStayLoseShift,D,1,1,3152,3122
786,player_a7f34ed2-3ba9-497c-879f-d30c8bb1cb7d@localhost,Random,C,player_b023a9ca-fa89-474c-877c-66533b651d52@localhost,WinStayLoseShift,C,5,5,3157,3127
787,player_a7f34ed2-3ba9-497c-879f-d30c8bb1cb7d@localhost,Random,D,player_b023a9ca-fa89-474c-877c-66533b651d52@localhost,WinStayLoseShift,C,10,0,3167,3127
788,player_a7f34ed2-3ba9-497c-879f-d30c8bb1cb7d@localhost,Random,D,player_b023a9ca-fa89-474c-877c-66533b651d52@localhost,WinStayLoseShift,D,1,1,3168,3128
789,player_a7f34ed2-3ba9-497c-879f-d30c8bb1cb7d@localhost,Random,C,player_b023a9ca-fa89-474c-877c-66533b651d52@localhost,WinStayLoseShift,C,5,5,3173,3133
790,player_a7f34ed2-3ba9-497c-879f-d30c8bb1cb7d@localhost,Random,D,player_b023a9ca-fa89-474c-877c-66533b651d52@localhost,WinStayLoseShift,C,10,0,3183,3133
791,player_a7f34ed2-3ba9-497c-879f-d30c8bb1cb7d@localhost,Random,D,player_b023a9ca-fa89-474c-877c-66533b651d52@localhost,WinStayLoseShift,D,1,1,3184,3134
792,player_a7f34ed2-3ba9-497c-879f-d30c8bb1cb7d@localhost,Random,D,player_b023a9ca-fa89-474c-877c-66533b651d52@localhost,WinStayLoseShift,C,10,0,3194,3134
793,player_a7f34ed2-3ba9-497c-879f-d30c8bb1cb7d@localhost,Random,D,player_b023a9ca-fa89-474c-877c-66533b651d52@localhost,WinStayLoseShift,D,1,1,3195,3135
794,player_a7f34ed2-3ba9-497c-879f-d30c8bb1cb7d@localhost,Random,D,player_b023a9ca-fa89-474c-877c-66533b651d52@localhost,WinStayLoseShift,C,10,0,3205,3135
795,player_a7f34ed2-3ba9-497c-879f-d30c8bb1cb7d@localhost,Random,D,player_b023a9ca-fa89-474c-877c-66533b651d52@localhost,WinStayLoseShift,D,1,1,3206,3136
796,player_a7f34ed2-3ba9-497c-879f-d30c8bb1cb7d@localhost,Random,C,player_b023a9ca-fa89-474c-877c-66533b651d52@localhost,WinStayLoseShift,C,5,5,3211,3141
797,player_a7f34ed2-3ba9-497c-879f-d30c8bb1cb7d@localhost,Random,D,player_b023a9ca-fa89-474c-877c-66533b651d52@localhost,WinStayLoseShift,C,10,0,3221,3141
798,player_a7f34ed2-3ba9-497c-879f-d30c8bb1cb7d@localhost,Random,C,player_b023a9ca-fa89-474c-877c-66533b651d52@localhost,WinStayLoseShift,D,0,10,3221,3151
799,player_a7f34ed2-3ba9-497c-879f-d30c8bb1cb7d@localhost,Random,D,player_b023a9ca-fa89-474c-877c-66533b651d52@localhost,WinStayLoseShift,D,1,1,3222,3152
800,player_a7f34ed2-3ba9-497c-879f-d30c8bb1cb7d@localhost,Random,C,player_b023a9ca-fa89-474c-877c-66533b651d52@localhost,WinStayLoseShift,C,5,5,3227,3157
801,player_a7f34ed2-3ba9-497c-879f-d30c8bb1cb7d@localhost,Random,C,player_b023a9ca-fa89-474c-877c-66533b651d52@localhost,WinStayLoseShift,C,5,5,3232,3162
802,player_a7f34ed2-3ba9-497c-879f-d30c8bb1cb7d@localhost,Random,D,player_b023a9ca-fa89-474c-877c-66533b651d52@localhost,WinStayLoseShift,C,10,0,3242,3162
803,player_a7f34ed2-3ba9-497c-879f-d30c8bb1cb7d@localhost,Random,D,player_b023a9ca-fa89-474c-877c-66533b651d52@localhost,WinStayLoseShift,D,1,1,3243,3163
804,player_a7f34ed2-3ba9-497c-879f-d30c8bb1cb7d@localhost,Random,D,player_b023a9ca-fa89-474c-877c-66533b651d52@localhost,WinStayLoseShift,C,10,0,3253,3163
805,player_a7f34ed2-3ba9-497c-879f-d30c8bb1cb7d@localhost,Random,D,player_b023a9ca-fa89-474c-877c-66533b651d52@localhost,WinStayLoseShift,D,1,1,3254,3164
806,player_a7f34ed2-3ba9-497c-879f-d30c8bb1cb7d@localhost,Random,C,player_b023a9ca-fa89-474c-877c-66533b651d52@localhost,WinStayLoseShift,C,5,5,3259,3169
807,player_a7f34ed2-3ba9-497c-879f-d30c8bb1cb7d@localhost,Random,C,player_b023a9ca-fa89-474c-877c-66533b651d52@localhost,WinStayLoseShift,C,5,5,3264,3174
808,player_a7f34ed2-3ba9-497c-879f-d30c8bb1cb7d@localhost,Random,D,player_b023a9ca-fa89-474c-877c-66533b651d52@localhost,WinStayLoseShift,C,10,0,3274,3174
809,player_a7f34ed2-3ba9-497c-879f-d30c8bb1cb7d@localhost,Random,D,player_b023a9ca-fa89-474c-877c-66533b651d52@localhost,WinStayLoseShift,D,1,1,3275,3175
810,player_a7f34ed2-3ba9-497c-879f-d30c8bb1cb7d@localhost,Random,D,player_b023a9ca-fa89-474c-877c-66533b651d52@localhost,WinStayLoseShift,C,10,0,3285,3175
811,player_a7f34ed2-3ba9-497c-879f-d30c8bb1cb7d@localhost,Random,C,player_b023a9ca-fa89-474c-877c-66533b651d52@localhost,WinStayLoseShift,D,0,10,3285,3185
812,player_a7f34ed2-3ba9-497c-879f-d30c8bb1cb7d@localhost,Random,D,player_b023a9ca-fa89-474c-877c-66533b651d52@localhost,WinStayLoseShift,D,1,1,3286,3186
813,player_a7f34ed2-3ba9-497c-879f-d30c8bb1cb7d@localhost,Random,C,player_b023a9ca-fa89-474c-877c-66533b651d52@localhost,WinStayLoseShift,C,5,5,3291,3191
814,player_a7f34ed2-3ba9-497c-879f-d30c8bb1cb7d@localhost,Random,C,player_b023a9ca-fa89-474c-877c-66533b651d52@localhost,WinStayLoseShift,C,5,5,3296,3196
815,player_a7f34ed2-3ba9-497c-879f-d30c8bb1cb7d@localhost,Random,D,player_b023a9ca-fa89-474c-877c-66533b651d52@localhost,WinStayLoseShift,C,10,0,3306,3196
816,player_a7f34ed2-3ba9-497c-879f-d30c8bb1cb7d@localhost,Random,D,player_b023a9ca-fa89-474c-877c-66533b651d52@localhost,WinStayLoseShift,D,1,1,3307,3197
817,player_a7f34ed2-3ba9-497c-879f-d30c8bb1cb7d@localhost,Random,C,player_b023a9ca-fa89-474c-877c-66533b651d52@localhost,WinStayLoseShift,C,5,5,3312,3202
818,player_a7f34ed2-3ba9-497c-879f-d30c8bb1cb7d@localhost,Random,D,player_b023a9ca-fa89-474c-877c-66533b651d52@localhost,WinStayLoseShift,C,10,0,3322,3202
819,player_a7f34ed2-3ba9-497c-879f-d30c8bb1cb7d@localhost,Random,D,player_b023a9ca-fa89-474c-877c-66533b651d52@localhost,WinStayLoseShift,D,1,1,3323,3203
820,player_a7f34ed2-3ba9-497c-879f-d30c8bb1cb7d@localhost,Random,D,player_b023a9ca-fa89-474c-877c-66533b651d52@localhost,WinStayLoseShift,C,10,0,3333,3203
821,player_a7f34ed2-3ba9-497c-879f-d30c8bb1cb7d@localhost,Random,C,player_b023a9ca-fa89-474c-877c-66533b651d52@localhost,WinStayLoseShift,D,0,10,3333,3213
822,player_a7f34ed2-3ba9-497c-879f-d30c8bb1cb7d@localhost,Random,C,player_b023a9ca-fa89-474c-877c-66533b651d52@localhost,WinStayLoseShift,D,0,10,3333,3223
823,player_a7f34ed2-3ba9-497c-879f-d30c8bb1cb7d@localhost,Random,D,player_b023a9ca-fa89-474c-877c-66533b651d52@localhost,WinStayLoseShift,D,1,1,3334,3224
824,player_a7f34ed2-3ba9-497c-879f-d30c8bb1cb7d@localhost,Random,D,player_b023a9ca-fa89-474c-877c-66533b651d52@localhost,WinStayLoseShift,C,10,0,3344,3224
825,player_a7f34ed2-3ba9-497c-879f-d30c8bb1cb7d@localhost,Random,D,player_b023a9ca-fa89-474c-877c-66533b651d52@localhost,WinStayLoseShift,D,1,1,3345,3225
826,player_a7f34ed2-3ba9-497c-879f-d30c8bb1cb7d@localhost,Random,D,player_b023a9ca-fa89-474c-877c-66533b651d52@localhost,WinStayLoseShift,C,10,0,3355,3225
827,player_a7f34ed2-3ba9-497c-879f-d30c8bb1cb7d@localhost,Random,C,player_b023a9ca-fa89-474c-877c-66533b651d52@localhost,WinStayLoseShift,D,0,10,3355,3235
828,player_a7f34ed2-3ba9-497c-879f-d30c8bb1cb7d@localhost,Random,D,player_b023a9ca-fa89-474c-877c-66533b651d52@localhost,WinStayLoseShift,D,1,1,3356,3236
829,player_a7f34ed2-3ba9-497c-879f-d30c8bb1cb7d@localhost,Random,C,player_b023a9ca-fa89-474c-877c-66533b651d52@localhost,WinStayLoseShift,C,5,5,3361,3241
830,player_a7f34ed2-3ba9-497c-879f-d30c8bb1cb7d@localhost,Random,C,player_b023a9ca-fa89-474c-877c-66533b651d52@localhost,WinStayLoseShift,C,5,5,3366,3246
831,player_a7f34ed2-3ba9-497c-879f-d30c8bb1cb7d@localhost,Random,C,player_b023a9ca-fa89-474c-877c-66533b651d52@localhost,WinStayLoseShift,C,5,5,3371,3251
832,player_a7f34ed2-3ba9-497c-879f-d30c8bb1cb7d@localhost,Random,D,player_b023a9ca-fa89-474c-877c-66533b651d52@localhost,WinStayLoseShift,C,10,0,3381,3251
833,player_a7f34ed2-3ba9-497c-879f-d30c8bb1cb7d@localhost,Random,D,player_b023a9ca-fa89-474c-877c-66533b651d52@localhost,WinStayLoseShift,D,1,1,3382,3252
834,player_a7f34ed2-3ba9-497c-879f-d30c8bb1cb7d@localhost,Random,C,player_b023a9ca-fa89-474c-877c-66533b651d52@localhost,WinStayLoseShift,C,5,5,3387,3257
835,player_a7f34ed2-3ba9-497c-879f-d30c8bb1cb7d@localhost,Random,D,player_b023a9ca-fa89-474c-877c-66533b651d52@localhost,WinStayLoseShift,C,10,0,3397,3257
836,player_a7f34ed2-3ba9-497c-879f-d30c8bb1cb7d@localhost,Random,D,player_b023a9ca-fa89-474c-877c-66533b651d52@localhost,WinStayLoseShift,D,1,1,3398,3258
837,player_a7f34ed2-3ba9-497c-879f-d30c8bb1cb7d@localhost,Random,C,player_b023a9ca-fa89-474c-877c-66533b651d52@localhost,WinStayLoseShift,C,5,5,3403,3263
838,player_a7f34ed2-3ba9-497c-879f-d30c8bb1cb7d@localhost,Random,C,player_b023a9ca-fa89-474c-877c-66533b651d52@localhost,WinStayLoseShift,C,5,5,3408,3268
839,player_a7f34ed2-3ba9-497c-879f-d30c8bb1cb7d@localhost,Random,C,player_b023a9ca-fa89-474c-877c-66533b651d52@localhost,WinStayLoseShift,C,5,5,3413,3273
840,player_a7f34ed2-3ba9-497c-879f-d30c8bb1cb7d@localhost,Random,D,player_b023a9ca-fa89-474c-877c-66533b651d52@localhost,WinStayLoseShift,C,10,0,3423,3273
841,player_a7f34ed2-3ba9-497c-879f-d30c8bb1cb7d@localhost,Random,C,player_b023a9ca-fa89-474c-877c-66533b651d52@localhost,WinStayLoseShift,D,0,10,3423,3283
842,player_a7f34ed2-3ba9-497c-879f-d30c8bb1cb7d@localhost,Random,C,player_b023a9ca-fa89-474c-877c-66533b651d52@localhost,WinStayLoseShift,D,0,10,3423,3293
843,player_a7f34ed2-3ba9-497c-879f-d30c8bb1cb7d@localhost,Random,D,player_b023a9ca-fa89-474c-877c-66533b651d52@localhost,WinStayLoseShift,D,1,1,3424,3294
844,player_a7f34ed2-3ba9-497c-879f-d30c8bb1cb7d@localhost,Random,C,player_b023a9ca-fa89-474c-877c-66533b651d52@localhost,WinStayLoseShift,C,5,5,3429,3299
845,player_a7f34ed2-3ba9-497c-879f-d30c8bb1cb7d@localhost,Random,D,player_b023a9ca-fa89-474c-877c-66533b651d52@localhost,WinStayLoseShift,C,10,0,3439,3299
846,player_a7f34ed2-3ba9-497c-879f-d30c8bb1cb7d@localhost,Random,C,player_b023a9ca-fa89-474c-877c-66533b651d52@localhost,WinStayLoseShift,D,0,10,3439,3309
847,player_a7f34ed2-3ba9-497c-879f-d30c8bb1cb7d@localhost,Random,C,player_b023a9ca-fa89-474c-877c-66533b651d52@localhost,WinStayLoseShift,D,0,10,3439,3319
848,player_a7f34ed2-3ba9-497c-879f-d30c8bb1cb7d@localhost,Random,D,player_b023a9ca-fa89-474c-877c-66533b651d52@localhost,WinStayLoseShift,D,1,1,3440,3320
849,player_a7f34ed2-3ba9-497c-879f-d30c8bb1cb7d@localhost,Random,D,player_b023a9ca-fa89-474c-877c-66533b651d52@localhost,WinStayLoseShift,C,10,0,3450,3320
850,player_a7f34ed2-3ba9-497c-879f-d30c8bb1cb7d@localhost,Random,D,player_b023a9ca-fa89-474c-877c-66533b651d52@localhost,WinStayLoseShift,D,1,1,3451,3321
851,player_a7f34ed2-3ba9-497c-879f-d30c8bb1cb7d@localhost,Random,C,player_b023a9ca-fa89-474c-877c-66533b651d52@localhost,WinStayLoseShift,C,5,5,3456,3326
852,player_a7f34ed2-3ba9-497c-879f-d30c8bb1cb7d@localhost,Random,D,player_b023a9ca-fa89-474c-877c-66533b651d52@localhost,WinStayLoseShift,C,10,0,3466,3326
853,player_a7f34ed2-3ba9-497c-879f-d30c8bb1cb7d@localhost,Random,C,player_b023a9ca-fa89-474c-877c-66533b651d52@localhost,WinStayLoseShift,D,0,10,3466,3336
854,player_a7f34ed2-3ba9-497c-879f-d30c8bb1cb7d@localhost,Random,D,player_b023a9ca-fa89-474c-877c-66533b651d52@localhost,WinStayLoseShift,D,1,1,3467,3337
855,player_a7f34ed2-3ba9-497c-879f-d30c8bb1cb7d@localhost,Random,D,player_b023a9ca-fa89-474c-877c-66533b651d52@localhost,WinStayLoseShift,C,10,0,3477,3337
856,player_a7f34ed2-3ba9-497c-879f-d30c8bb1cb7d@localhost,Random,C,player_b023a9ca-fa89-474c-877c-66533b651d52@localhost,WinStayLoseShift,D,0,10,3477,3347
857,player_a7f34ed2-3ba9-497c-879f-d30c8bb1cb7d@localhost,Random,D,player_b023a9ca-fa89-474c-877c-66533b651d52@localhost,WinStayLoseShift,D,1,1,3478,3348
858,player_a7f34ed2-3ba9-497c-879f-d30c8bb1cb7d@localhost,Random,D,player_b023a9ca-fa89-474c-877c-66533b651d52@localhost,WinStayLoseShift,C,10,0,3488,3348
859,player_a7f34ed2-3ba9-497c-879f-d30c8bb1cb7d@localhost,Random,C,player_b023a9ca-fa89-474c-877c-66533b651d52@localhost,WinStayLoseShift,D,0,10,3488,3358
860,player_a7f34ed2-3ba9-497c-879f-d30c8bb1cb7d@localhost,Random,D,player_b023a9ca-fa89-474c-877c-66533b651d52@localhost,WinStayLoseShift,D,1,1,3489,3359
861,player_a7f34ed2-3ba9-497c-879f-d30c8bb1cb7d@localhost,Random,C,player_b023a9ca-fa89-474c-877c-66533b651d52@localhost,WinStayLoseShift,C,5,5,3494,3364
862,player_a7f34ed2-3ba9-497c-879f-d30c8bb1cb7d@localhost,Random,D,player_b023a9ca-fa89-474c-877c-66533b651d52@localhost,WinStayLoseShift,C,10,0,3504,3364
863,player_a7f34ed2-3ba9-497c-879f-d30c8bb1cb7d@localhost,Random,C,player_b023a9ca-fa89-474c-877c-66533b651d52@localhost,WinStayLoseShift,D,0,10,3504,3374
864,player_a7f34ed2-3ba9-497c-879f-d30c8bb1cb7d@localhost,Random,C,player_b023a9ca-fa89-474c-877c-66533b651d52@localhost,WinStayLoseShift,D,0,10,3504,3384
865,player_a7f34ed2-3ba9-497c-879f-d30c8bb1cb7d@localhost,Random,C,player_b023a9ca-fa89-474c-877c-66533b651d52@localhost,WinStayLoseShift,D,0,10,3504,3394
866,player_a7f34ed2-3ba9-497c-879f-d30c8bb1cb7d@localhost,Random,C,player_b023a9ca-fa89-474c-877c-66533b651d52@localhost,WinStayLoseShift,D,0,10,3504,3404
867,player_a7f34ed2-3ba9-497c-879f-d30c8bb1cb7d@localhost,Random,D,player_b023a9ca-fa89-474c-877c-66533b651d52@localhost,WinStayLoseShift,D,1,1,3505,3405
868,player_a7f34ed2-3ba9-497c-879f-d30c8bb1cb7d@localhost,Random,C,player_b023a9ca-fa89-474c-877c-66533b651d52@localhost,WinStayLoseShift,C,5,5,3510,3410
869,player_a7f34ed2-3ba9-497c-879f-d30c8bb1cb7d@localhost,Random,C,player_b023a9ca-fa89-474c-877c-66533b651d52@localhost,WinStayLoseShift,C,5,5,3515,3415
870,player_a7f34ed2-3ba9-497c-879f-d30c8bb1cb7d@localhost,Random,C,player_b023a9ca-fa89-474c-877c-66533b651d52@localhost,WinStayLoseShift,C,5,5,3520,3420
871,player_a7f34ed2-3ba9-497c-879f-d30c8bb1cb7d@localhost,Random,D,player_b023a9ca-fa89-474c-877c-66533b651d52@localhost,WinStayLoseShift,C,10,0,3530,3420
872,player_a7f34ed2-3ba9-497c-879f-d30c8bb1cb7d@localhost,Random,C,player_b023a9ca-fa89-474c-877c-66533b651d52@localhost,WinStayLoseShift,D,0,10,3530,3430
873,player_a7f34ed2-3ba9-497c-879f-d30c8bb1cb7d@localhost,Random,D,player_b023a9ca-fa89-474c-877c-66533b651d52@localhost,WinStayLoseShift,D,1,1,3531,3431
874,player_a7f34ed2-3ba9-497c-879f-d30c8bb1cb7d@localhost,Random,D,player_b023a9ca-fa89-474c-877c-66533b651d52@localhost,WinStayLoseShift,C,10,0,3541,3431
875,player_a7f34ed2-3ba9-497c-879f-d30c8bb1cb7d@localhost,Random,C,player_b023a9ca-fa89-474c-877c-66533b651d52@localhost,WinStayLoseShift,D,0,10,3541,3441
876,player_a7f34ed2-3ba9-497c-879f-d30c8bb1cb7d@localhost,Random,C,player_b023a9ca-fa89-474c-877c-66533b651d52@localhost,WinStayLoseShift,D,0,10,3541,3451
877,player_a7f34ed2-3ba9-497c-879f-d30c8bb1cb7d@localhost,Random,C,player_b023a9ca-fa89-474c-877c-66533b651d52@localhost,WinStayLoseShift,D,0,10,3541,3461
878,player_a7f34ed2-3ba9-497c-879f-d30c8bb1cb7d@localhost,Random,C,player_b023a9ca-fa89-474c-877c-66533b651d52@localhost,WinStayLoseShift,D,0,10,3541,3471
879,player_a7f34ed2-3ba9-497c-879f-d30c8bb1cb7d@localhost,Random,C,player_b023a9ca-fa89-474c-877c-66533b651d52@localhost,WinStayLoseShift,D,0,10,3541,3481
880,player_a7f34ed2-3ba9-497c-879f-d30c8bb1cb7d@localhost,Random,D,player_b023a9ca-fa89-474c-877c-66533b651d52@localhost,WinStayLoseShift,D,1,1,3542,3482
881,player_a7f34ed2-3ba9-497c-879f-d30c8bb1cb7d@localhost,Random,D,player_b023a9ca-fa89-474c-877c-66533b651d52@localhost,WinStayLoseShift,C,10,0,3552,3482
882,player_a7f34ed2-3ba9-497c-879f-d30c8bb1cb7d@localhost,Random,C,player_b023a9ca-fa89-474c-877c-66533b651d52@localhost,WinStayLoseShift,D,0,10,3552,3492
883,player_a7f34ed2-3ba9-497c-879f-d30c8bb1cb7d@localhost,Random,C,player_b023a9ca-fa89-474c-877c-66533b651d52@localhost,WinStayLoseShift,D,0,10,3552,3502
884,player_a7f34ed2-3ba9-497c-879f-d30c8bb1cb7d@localhost,Random,C,player_b023a9ca-fa89-474c-877c-66533b651d52@localhost,WinStayLoseShift,D,0,10,3552,3512
885,player_a7f34ed2-3ba9-497c-879f-d30c8bb1cb7d@localhost,Random,C,player_b023a9ca-fa89-474c-877c-66533b651d52@localhost,WinStayLoseShift,D,0,10,3552,3522
886,player_a7f34ed2-3ba9-497c-879f-d30c8bb1cb7d@localhost,Random,C,player_b023a9ca-fa89-474c-877c-66533b651d52@localhost,WinStayLoseShift,D,0,10,3552,3532
887,player_a7f34ed2-3ba9-497c-879f-d30c8bb1cb7d@localhost,Random,C,player_b023a9ca-fa89-474c-877c-66533b651d52@localhost,WinStayLoseShift,D,0,10,3552,3542
888,player_a7f34ed2-3ba9-497c-879f-d30c8bb1cb7d@localhost,Random,C,player_b023a9ca-fa89-474c-877c-66533b651d52@localhost,WinStayLoseShift,D,0,10,3552,3552
889,player_a7f34ed2-3ba9-497c-879f-d30c8bb1cb7d@localhost,Random,D,player_b023a9ca-fa89-474c-877c-66533b651d52@localhost,WinStayLoseShift,D,1,1,3553,3553
890,player_a7f34ed2-3ba9-497c-879f-d30c8bb1cb7d@localhost,Random,C,player_b023a9ca-fa89-474c-877c-66533b651d52@localhost,WinStayLoseShift,C,5,5,3558,3558
891,player_a7f34ed2-3ba9-497c-879f-d30c8bb1cb7d@localhost,Random,D,player_b023a9ca-fa89-474c-877c-66533b651d52@localhost,WinStayLoseShift,C,10,0,3568,3558
892,player_a7f34ed2-3ba9-497c-879f-d30c8bb1cb7d@localhost,Random,C,player_b023a9ca-fa89-474c-877c-66533b651d52@localhost,WinStayLoseShift,D,0,10,3568,3568
893,player_a7f34ed2-3ba9-497c-879f-d30c8bb1cb7d@localhost,Random,D,player_b023a9ca-fa89-474c-877c-66533b651d52@localhost,WinStayLoseShift,D,1,1,3569,3569
894,player_a7f34ed2-3ba9-497c-879f-d30c8bb1cb7d@localhost,Random,C,player_b023a9ca-fa89-474c-877c-66533b651d52@localhost,WinStayLoseShift,C,5,5,3574,3574
895,player_a7f34ed2-3ba9-497c-879f-d30c8bb1cb7d@localhost,Random,D,player_b023a9ca-fa89-474c-877c-66533b651d52@localhost,WinStayLoseShift,C,10,0,3584,3574
896,player_a7f34ed2-3ba9-497c-879f-d30c8bb1cb7d@localhost,Random,C,player_b023a9ca-fa89-474c-877c-66533b651d52@localhost,WinStayLoseShift,D,0,10,3584,3584
897,player_a7f34ed2-3ba9-497c-879f-d30c8bb1cb7d@localhost,Random,C,player_b023a9ca-fa89-474c-877c-66533b651d52@localhost,WinStayLoseShift,D,0,10,3584,3594
898,player_a7f34ed2-3ba9-497c-879f-d30c8bb1cb7d@localhost,Random,C,player_b023a9ca-fa89-474c-877c-66533b651d52@localhost,WinStayLoseShift,D,0,10,3584,3604
899,player_a7f34ed2-3ba9-497c-879f-d30c8bb1cb7d@localhost,Random,D,player_b023a9ca-fa89-474c-877c-66533b651d52@localhost,WinStayLoseShift,D,1,1,3585,3605
900,player_a7f34ed2-3ba9-497c-879f-d30c8bb1cb7d@localhost,Random,C,player_b023a9ca-fa89-474c-877c-66533b651d52@localhost,WinStayLoseShift,C,5,5,3590,3610
901,player_a7f34ed2-3ba9-497c-879f-d30c8bb1cb7d@localhost,Random,C,player_b023a9ca-fa89-474c-877c-66533b651d52@localhost,WinStayLoseShift,C,5,5,3595,3615
902,player_a7f34ed2-3ba9-497c-879f-d30c8bb1cb7d@localhost,Random,D,player_b023a9ca-fa89-474c-877c-66533b651d52@localhost,WinStayLoseShift,C,10,0,3605,3615
903,player_a7f34ed2-3ba9-497c-879f-d30c8bb1cb7d@localhost,Random,D,player_b023a9ca-fa89-474c-877c-66533b651d52@localhost,WinStayLoseShift,D,1,1,3606,3616
904,player_a7f34ed2-3ba9-497c-879f-d30c8bb1cb7d@localhost,Random,D,player_b023a9ca-fa89-474c-877c-66533b651d52@localhost,WinStayLoseShift,C,10,0,3616,3616
905,player_a7f34ed2-3ba9-497c-879f-d30c8bb1cb7d@localhost,Random,C,player_b023a9ca-fa89-474c-877c-66533b651d52@localhost,WinStayLoseShift,D,0,10,3616,3626
906,player_a7f34ed2-3ba9-497c-879f-d30c8bb1cb7d@localhost,Random,D,player_b023a9ca-fa89-474c-877c-66533b651d52@localhost,WinStayLoseShift,D,1,1,3617,3627
907,player_a7f34ed2-3ba9-497c-879f-d30c8bb1cb7d@localhost,Random,D,player_b023a9ca-fa89-474c-877c-66533b651d52@localhost,WinStayLoseShift,C,10,0,3627,3627
908,player_a7f34ed2-3ba9-497c-879f-d30c8bb1cb7d@localhost,Random,C,player_b023a9ca-fa89-474c-877c-66533b651d52@localhost,WinStayLoseShift,D,0,10,3627,3637
909,player_a7f34ed2-3ba9-497c-879f-d30c8bb1cb7d@localhost,Random,C,player_b023a9ca-fa89-474c-877c-66533b651d52@localhost,WinStayLoseShift,D,0,10,3627,3647
910,player_a7f34ed2-3ba9-497c-879f-d30c8bb1cb7d@localhost,Random,C,player_b023a9ca-fa89-474c-877c-66533b651d52@localhost,WinStayLoseShift,D,0,10,3627,3657
911,player_a7f34ed2-3ba9-497c-879f-d30c8bb1cb7d@localhost,Random,D,player_b023a9ca-fa89-474c-877c-66533b651d52@localhost,WinStayLoseShift,D,1,1,3628,3658
912,player_a7f34ed2-3ba9-497c-879f-d30c8bb1cb7d@localhost,Random,C,player_b023a9ca-fa89-474c-877c-66533b651d52@localhost,WinStayLoseShift,C,5,5,3633,3663
913,player_a7f34ed2-3ba9-497c-879f-d30c8bb1cb7d@localhost,Random,D,player_b023a9ca-fa89-474c-877c-66533b651d52@localhost,WinStayLoseShift,C,10,0,3643,3663
914,player_a7f34ed2-3ba9-497c-879f-d30c8bb1cb7d@localhost,Random,D,player_b023a9ca-fa89-474c-877c-66533b651d52@localhost,WinStayLoseShift,D,1,1,3644,3664
915,player_a7f34ed2-3ba9-497c-879f-d30c8bb1cb7d@localhost,Random,D,player_b023a9ca-fa89-474c-877c-66533b651d52@localhost,WinStayLoseShift,C,10,0,3654,3664
916,player_a7f34ed2-3ba9-497c-879f-d30c8bb1cb7d@localhost,Random,C,player_b023a9ca-fa89-474c-877c-66533b651d52@localhost,WinStayLoseShift,D,0,10,3654,3674
917,player_a7f34ed2-3ba9-497c-879f-d30c8bb1cb7d@localhost,Random,C,player_b023a9ca-fa89-474c-877c-66533b651d52@localhost,WinStayLoseShift,D,0,10,3654,3684
918,player_a7f34ed2-3ba9-497c-879f-d30c8bb1cb7d@localhost,Random,D,player_b023a9ca-fa89-474c-877c-66533b651d52@localhost,WinStayLoseShift,D,1,1,3655,3685
919,player_a7f34ed2-3ba9-497c-879f-d30c8bb1cb7d@localhost,Random,D,player_b023a9ca-fa89-474c-877c-66533b651d52@localhost,WinStayLoseShift,C,10,0,3665,3685
920,player_a7f34ed2-3ba9-497c-879f-d30c8bb1cb7d@localhost,Random,D,player_b023a9ca-fa89-474c-877c-66533b651d52@localhost,WinStayLoseShift,D,1,1,3666,3686
921,player_a7f34ed2-3ba9-497c-879f-d30c8bb1cb7d@localhost,Random,D,player_b023a9ca-fa89-474c-877c-66533b651d52@localhost,WinStayLoseShift,C,10,0,3676,3686
922,player_a7f34ed2-3ba9-497c-879f-d30c8bb1cb7d@localhost,Random,C,player_b023a9ca-fa89-474c-877c-66533b651d52@localhost,WinStayLoseShift,D,0,10,3676,3696
923,player_a7f34ed2-3ba9-497c-879f-d30c8bb1cb7d@localhost,Random,D,player_b023a9ca-fa89-474c-877c-66533b651d52@localhost,WinStayLoseShift,D,1,1,3677,3697
924,player_a7f34ed2-3ba9-497c-879f-d30c8bb1cb7d@localhost,Random,C,player_b023a9ca-fa89-474c-877c-66533b651d52@localhost,WinStayLoseShift,C,5,5,3682,3702
925,player_a7f34ed2-3ba9-497c-879f-d30c8bb1cb7d@localhost,Random,C,player_b023a9ca-fa89-474c-877c-66533b651d52@localhost,WinStayLoseShift,C,5,5,3687,3707
926,player_a7f34ed2-3ba9-497c-879f-d30c8bb1cb7d@localhost,Random,C,player_b023a9ca-fa89-474c-877c-66533b651d52@localhost,WinStayLoseShift,C,5,5,3692,3712
927,player_a7f34ed2-3ba9-497c-879f-d30c8bb1cb7d@localhost,Random,C,player_b023a9ca-fa89-474c-877c-66533b651d52@localhost,WinStayLoseShift,C,5,5,3697,3717
928,player_a7f34ed2-3ba9-497c-879f-d30c8bb1cb7d@localhost,Random,D,player_b023a9ca-fa89-474c-877c-66533b651d52@localhost,WinStayLoseShift,C,10,0,3707,3717
929,player_a7f34ed2-3ba9-497c-879f-d30c8bb1cb7d@localhost,Random,D,player_b023a9ca-fa89-474c-877c-66533b651d52@localhost,WinStayLoseShift,D,1,1,3708,3718
930,player_a7f34ed2-3ba9-497c-879f-d30c8bb1cb7d@localhost,Random,D,player_b023a9ca-fa89-474c-877c-66533b651d52@localhost,WinStayLoseShift,C,10,0,3718,3718
931,player_a7f34ed2-3ba9-497c-879f-d30c8bb1cb7d@localhost,Random,D,player_b023a9ca-fa89-474c-877c-66533b651d52@localhost,WinStayLoseShift,D,1,1,3719,3719
932,player_a7f34ed2-3ba9-497c-879f-d30c8bb1cb7d@localhost,Random,D,player_b023a9ca-fa89-474c-877c-66533b651d52@localhost,WinStayLoseShift,C,10,0,3729,3719
933,player_a7f34ed2-3ba9-497c-879f-d30c8bb1cb7d@localhost,Random,D,player_b023a9ca-fa89-474c-877c-66533b651d52@localhost,WinStayLoseShift,D,1,1,3730,3720
934,player_a7f34ed2-3ba9-497c-879f-d30c8bb1cb7d@localhost,Random,D,player_b023a9ca-fa89-474c-877c-66533b651d52@localhost,WinStayLoseShift,C,10,0,3740,3720
935,player_a7f34ed2-3ba9-497c-879f-d30c8bb1cb7d@localhost,Random,C,player_b023a9ca-fa89-474c-877c-66533b651d52@localhost,WinStayLoseShift,D,0,10,3740,3730
936,player_a7f34ed2-3ba9-497c-879f-d30c8bb1cb7d@localhost,Random,C,player_b023a9ca-fa89-474c-877c-66533b651d52@localhost,WinStayLoseShift,D,0,10,3740,3740
937,player_a7f34ed2-3ba9-497c-879f-d30c8bb1cb7d@localhost,Random,C,player_b023a9ca-fa89-474c-877c-66533b651d52@localhost,WinStayLoseShift,D,0,10,3740,3750
938,player_a7f34ed2-3ba9-497c-879f-d30c8bb1cb7d@localhost,Random,C,player_b023a9ca-fa89-474c-877c-66533b651d52@localhost,WinStayLoseShift,D,0,10,3740,3760
939,player_a7f34ed2-3ba9-497c-879f-d30c8bb1cb7d@localhost,Random,C,player_b023a9ca-fa89-474c-877c-66533b651d52@localhost,WinStayLoseShift,D,0,10,3740,3770
940,player_a7f34ed2-3ba9-497c-879f-d30c8bb1cb7d@localhost,Random,D,player_b023a9ca-fa89-474c-877c-66533b651d52@localhost,WinStayLoseShift,D,1,1,3741,3771
941,player_a7f34ed2-3ba9-497c-879f-d30c8bb1cb7d@localhost,Random,D,player_b023a9ca-fa89-474c-877c-66533b651d52@localhost,WinStayLoseShift,C,10,0,3751,3771
942,player_a7f34ed2-3ba9-497c-879f-d30c8bb1cb7d@localhost,Random,C,player_b023a9ca-fa89-474c-877c-66533b651d52@localhost,WinStayLoseShift,D,0,10,3751,3781
943,player_a7f34ed2-3ba9-497c-879f-d30c8bb1cb7d@localhost,Random,D,player_b023a9ca-fa89-474c-877c-66533b651d52@localhost,WinStayLoseShift,D,1,1,3752,3782
944,player_a7f34ed2-3ba9-497c-879f-d30c8bb1cb7d@localhost,Random,C,player_b023a9ca-fa89-474c-877c-66533b651d52@localhost,WinStayLoseShift,C,5,5,3757,3787
945,player_a7f34ed2-3ba9-497c-879f-d30c8bb1cb7d@localhost,Random,D,player_b023a9ca-fa89-474c-877c-66533b651d52@localhost,WinStayLoseShift,C,10,0,3767,3787
946,player_a7f34ed2-3ba9-497c-879f-d30c8bb1cb7d@localhost,Random,C,player_b023a9ca-fa89-474c-877c-66533b651d52@localhost,WinStayLoseShift,D,0,10,3767,3797
947,player_a7f34ed2-3ba9-497c-879f-d30c8bb1cb7d@localhost,Random,C,player_b023a9ca-fa89-474c-877c-66533b651d52@localhost,WinStayLoseShift,D,0,10,3767,3807
948,player_a7f34ed2-3ba9-497c-879f-d30c8bb1cb7d@localhost,Random,C,player_b023a9ca-fa89-474c-877c-66533b651d52@localhost,WinStayLoseShift,D,0,10,3767,3817
949,player_a7f34ed2-3ba9-497c-879f-d30c8bb1cb7d@localhost,Random,C,player_b023a9ca-fa89-474c-877c-66533b651d52@localhost,WinStayLoseShift,D,0,10,3767,3827
950,player_a7f34ed2-3ba9-497c-879f-d30c8bb1cb7d@localhost,Random,C,player_b023a9ca-fa89-474c-877c-66533b651d52@localhost,WinStayLoseShift,D,0,10,3767,3837
951,player_a7f34ed2-3ba9-497c-879f-d30c8bb1cb7d@localhost,Random,D,player_b023a9ca-fa89-474c-877c-66533b651d52@localhost,WinStayLoseShift,D,1,1,3768,3838
952,player_a7f34ed2-3ba9-497c-879f-d30c8bb1cb7d@localhost,Random,D,player_b023a9ca-fa89-474c-877c-66533b651d52@localhost,WinStayLoseShift,C,10,0,3778,3838
953,player_a7f34ed2-3ba9-497c-879f-d30c8bb1cb7d@localhost,Random,C,player_b023a9ca-fa89-474c-877c-66533b651d52@localhost,WinStayLoseShift,D,0,10,3778,3848
954,player_a7f34ed2-3ba9-497c-879f-d30c8bb1cb7d@localhost,Random,C,player_b023a9ca-fa89-474c-877c-66533b651d52@localhost,WinStayLoseShift,D,0,10,3778,3858
955,player_a7f34ed2-3ba9-497c-879f-d30c8bb1cb7d@localhost,Random,C,player_b023a9ca-fa89-474c-877c-66533b651d52@localhost,WinStayLoseShift,D,0,10,3778,3868
956,player_a7f34ed2-3ba9-497c-879f-d30c8bb1cb7d@localhost,Random,C,player_b023a9ca-fa89-474c-877c-66533b651d52@localhost,WinStayLoseShift,D,0,10,3778,3878
957,player_a7f34ed2-3ba9-497c-879f-d30c8bb1cb7d@localhost,Random,D,player_b023a9ca-fa89-474c-877c-66533b651d52@localhost,WinStayLoseShift,D,1,1,3779,3879
958,player_a7f34ed2-3ba9-497c-879f-d30c8bb1cb7d@localhost,Random,C,player_b023a9ca-fa89-474c-877c-66533b651d52@localhost,WinStayLoseShift,C,5,5,3784,3884
959,player_a7f34ed2-3ba9-497c-879f-d30c8bb1cb7d@localhost,Random,C,player_b023a9ca-fa89-474c-877c-66533b651d52@localhost,WinStayLoseShift,C,5,5,3789,3889
960,player_a7f34ed2-3ba9-497c-879f-d30c8bb1cb7d@localhost,Random,D,player_b023a9ca-fa89-474c-877c-66533b651d52@localhost,WinStayLoseShift,C,10,0,3799,3889
961,player_a7f34ed2-3ba9-497c-879f-d30c8bb1cb7d@localhost,Random,D,player_b023a9ca-fa89-474c-877c-66533b651d52@localhost,WinStayLoseShift,D,1,1,3800,3890
962,player_a7f34ed2-3ba9-497c-879f-d30c8bb1cb7d@localhost,Random,C,player_b023a9ca-fa89-474c-877c-66533b651d52@localhost,WinStayLoseShift,C,5,5,3805,3895
963,player_a7f34ed2-3ba9-497c-879f-d30c8bb1cb7d@localhost,Random,C,player_b023a9ca-fa89-474c-877c-66533b651d52@localhost,WinStayLoseShift,C,5,5,3810,3900
964,player_a7f34ed2-3ba9-497c-879f-d30c8bb1cb7d@localhost,Random,D,player_b023a9ca-fa89-474c-877c-66533b651d52@localhost,WinStayLoseShift,C,10,0,3820,3900
965,player_a7f34ed2-3ba9-497c-879f-d30c8bb1cb7d@localhost,Random,C,player_b023a9ca-fa89-474c-877c-66533b651d52@localhost,WinStayLoseShift,D,0,10,3820,3910
966,player_a7f34ed2-3ba9-497c-879f-d30c8bb1cb7d@localhost,Random,D,player_b023a9ca-fa89-474c-877c-66533b651d52@localhost,WinStayLoseShift,D,1,1,3821,3911
967,player_a7f34ed2-3ba9-497c-879f-d30c8bb1cb7d@localhost,Random,C,player_b023a9ca-fa89-474c-877c-66533b651d52@localhost,WinStayLoseShift,C,5,5,3826,3916
968,player_a7f34ed2-3ba9-497c-879f-d30c8bb1cb7d@localhost,Random,D,player_b023a9ca-fa89-474c-877c-66533b651d52@localhost,WinStayLoseShift,C,10,0,3836,3916
969,player_a7f34ed2-3ba9-497c-879f-d30c8bb1cb7d@localhost,Random,D,player_b023a9ca-fa89-474c-877c-66533b651d52@localhost,WinStayLoseShift,D,1,1,3837,3917
970,player_a7f34ed2-3ba9-497c-879f-d30c8bb1cb7d@localhost,Random,D,player_b023a9ca-fa89-474c-877c-66533b651d52@localhost,WinStayLoseShift,C,10,0,3847,3917
971,player_a7f34ed2-3ba9-497c-879f-d30c8bb1cb7d@localhost,Random,D,player_b023a9ca-fa89-474c-877c-66533b651d52@localhost,WinStayLoseShift,D,1,1,3848,3918
972,player_a7f34ed2-3ba9-497c-879f-d30c8bb1cb7d@localhost,Random,C,player_b023a9ca-fa89-474c-877c-66533b651d52@localhost,WinStayLoseShift,C,5,5,3853,3923
973,player_a7f34ed2-3ba9-497c-879f-d30c8bb1cb7d@localhost,Random,C,player_b023a9ca-fa89-474c-877c-66533b651d52@localhost,WinStayLoseShift,C,5,5,3858,3928
974,player_a7f34ed2-3ba9-497c-879f-d30c8bb1cb7d@localhost,Random,C,player_b023a9ca-fa89-474c-877c-66533b651d52@localhost,WinStayLoseShift,C,5,5,3863,3933
975,player_a7f34ed2-3ba9-497c-879f-d30c8bb1cb7d@localhost,Random,D,player_b023a9ca-fa89-474c-877c-66533b651d52@localhost,WinStayLoseShift,C,10,0,3873,3933
976,player_a7f34ed2-3ba9-497c-879f-d30c8bb1cb7d@localhost,Random,C,player_b023a9ca-fa89-474c-877c-66533b651d52@localhost,WinStayLoseShift,D,0,10,3873,3943
977,player_a7f34ed2-3ba9-497c-879f-d30c8bb1cb7d@localhost,Random,C,player_b023a9ca-fa89-474c-877c-66533b651d52@localhost,WinStayLoseShift,D,0,10,3873,3953
978,player_a7f34ed2-3ba9-497c-879f-d30c8bb1cb7d@localhost,Random,C,player_b023a9ca-fa89-474c-877c-66533b651d52@localhost,WinStayLoseShift,D,0,10,3873,3963
979,player_a7f34ed2-3ba9-497c-879f-d30c8bb1cb7d@localhost,Random,C,player_b023a9ca-fa89-474c-877c-66533b651d52@localhost,WinStayLoseShift,D,0,10,3873,3973
980,player_a7f34ed2-3ba9-497c-879f-d30c8bb1cb7d@localhost,Random,D,player_b023a9ca-fa89-474c-877c-66533b651d52@localhost,WinStayLoseShift,D,1,1,3874,3974
981,player_a7f34ed2-3ba9-497c-879f-d30c8bb1cb7d@localhost,Random,D,player_b023a9ca-fa89-474c-877c-66533b651d52@localhost,WinStayLoseShift,C,10,0,3884,3974
982,player_a7f34ed2-3ba9-497c-879f-d30c8bb1cb7d@localhost,Random,C,player_b023a9ca-fa89-474c-877c-66533b651d52@localhost,WinStayLoseShift,D,0,10,3884,3984
983,player_a7f34ed2-3ba9-497c-879f-d30c8bb1cb7d@localhost,Random,D,player_b023a9ca-fa89-474c-877c-66533b651d52@localhost,WinStayLoseShift,D,1,1,3885,3985
984,player_a7f34ed2-3ba9-497c-879f-d30c8bb1cb7d@localhost,Random,C,player_b023a9ca-fa89-474c-877c-66533b651d52@localhost,WinStayLoseShift,C,5,5,3890,3990
985,player_a7f34ed2-3ba9-497c-879f-d30c8bb1cb7d@localhost,Random,C,player_b023a9ca-fa89-474c-877c-66533b651d52@localhost,WinStayLoseShift,C,5,5,3895,3995
986,player_a7f34ed2-3ba9-497c-879f-d30c8bb1cb7d@localhost,Random,D,player_b023a9ca-fa89-474c-877c-66533b651d52@localhost,WinStayLoseShift,C,10,0,3905,3995
987,player_a7f34ed2-3ba9-497c-879f-d30c8bb1cb7d@localhost,Random,D,player_b023a9ca-fa89-474c-877c-66533b651d52@localhost,WinStayLoseShift,D,1,1,3906,3996
988,player_a7f34ed2-3ba9-497c-879f-d30c8bb1cb7d@localhost,Random,D,player_b023a9ca-fa89-474c-877c-66533b651d52@localhost,WinStayLoseShift,C,10,0,3916,3996
989,player_a7f34ed2-3ba9-497c-879f-d30c8bb1cb7d@localhost,Random,C,player_b023a9ca-fa89-474c-877c-66533b651d52@localhost,WinStayLoseShift,D,0,10,3916,4006
990,player_a7f34ed2-3ba9-497c-879f-d30c8bb1cb7d@localhost,Random,D,player_b023a9ca-fa89-474c-877c-66533b651d52@localhost,WinStayLoseShift,D,1,1,3917,4007
991,player_a7f34ed2-3ba9-497c-879f-d30c8bb1cb7d@localhost,Random,D,player_b023a9ca-fa89-474c-877c-66533b651d52@localhost,WinStayLoseShift,C,10,0,3927,4007
992,player_a7f34ed2-3ba9-497c-879f-d30c8bb1cb7d@localhost,Random,D,player_b023a9ca-fa89-474c-877c-66533b651d52@localhost,WinStayLoseShift,D,1,1,3928,4008
993,player_a7f34ed2-3ba9-497c-879f-d30c8bb1cb7d@localhost,Random,C,player_b023a9ca-fa89-474c-877c-66533b651d52@localhost,WinStayLoseShift,C,5,5,3933,4013
994,player_a7f34ed2-3ba9-497c-879f-d30c8bb1cb7d@localhost,Random,C,player_b023a9ca-fa89-474c-877c-66533b651d52@localhost,WinStayLoseShift,C,5,5,3938,4018
995,player_a7f34ed2-3ba9-497c-879f-d30c8bb1cb7d@localhost,Random,C,player_b023a9ca-fa89-474c-877c-66533b651d52@localhost,WinStayLoseShift,C,5,5,3943,4023
996,player_a7f34ed2-3ba9-497c-879f-d30c8bb1cb7d@localhost,Random,C,player_b023a9ca-fa89-474c-877c-66533b651d52@localhost,WinStayLoseShift,C,5,5,3948,4028
997,player_a7f34ed2-3ba9-497c-879f-d30c8bb1cb7d@localhost,Random,C,player_b023a9ca-fa89-474c-877c-66533b651d52@localhost,WinStayLoseShift,C,5,5,3953,4033
998,player_a7f34ed2-3ba9-497c-879f-d30c8bb1cb7d@localhost,Random,D,player_b023a9ca-fa89-474c-877c-66533b651d52@localhost,WinStayLoseShift,C,10,0,3963,4033
999,player_a7f34ed2-3ba9-497c-879f-d30c8bb1cb7d@localhost,Random,D,player_b023a9ca-fa89-474c-877c-66533b651d52@localhost,WinStayLoseShift,D,1,1,3964,4034
1000,player_a7f34ed2-3ba9-497c-879f-d30c8bb1cb7d@localhost,Random,C,player_b023a9ca-fa89-474c-877c-66533b651d52@localhost,WinStayLoseShift,C,5,5,3969,4039
,,,,,,,,,,
# AGGREGATED METRICS
# p1_jid,player_a7f34ed2-3ba9-497c-879f-d30c8bb1cb7d@localhost
# p2_jid,player_b023a9ca-fa89-474c-877c-66533b651d52@localhost
# total_rounds,1000
# cooperation_rate_p1,0.5020
# cooperation_rate_p2,0.4950
# defection_rate_p1,0.4980
# defection_rate_p2,0.5050
# total_payoff_p1,3969
# total_payoff_p2,4039
# avg_payoff_p1,3.9690
# avg_payoff_p2,4.0390
