round,p1_jid,p1_strategy,p1_action,p2_jid,p2_strategy,p2_action,p1_payoff,p2_payoff,p1_cumulative,p2_cumulative
1,player_8b70fe95-2f9a-4438-a51a-7a3d4763df08@localhost,SuspiciousTitForTat,D,player_5b8647e2-e519-47d5-9d51-8feba4fabc1a@localhost,Adaptive,C,10,0,10,0
2,player_8b70fe95-2f9a-4438-a51a-7a3d4763df08@localhost,SuspiciousTitForTat,C,player_5b8647e2-e519-47d5-9d51-8feba4fabc1a@localhost,Adaptive,D,0,10,10,10
3,player_8b70fe95-2f9a-4438-a51a-7a3d4763df08@localhost,SuspiciousTitForTat,D,player_5b8647e2-e519-47d5-9d51-8feba4fabc1a@localhost,Adaptive,C,10,0,20,10
4,player_8b70fe95-2f9a-4438-a51a-7a3d4763df08@localhost,SuspiciousTitForTat,C,player_5b8647e2-e519-47d5-9d51-8feba4fabc1a@localhost,Adaptive,D,0,10,20,20
5,player_8b70fe95-2f9a-4438-a51a-7a3d4763df08@localhost,SuspiciousTitForTat,D,player_5b8647e2-e519-47d5-9d51-8feba4fabc1a@localhost,Adaptive,C,10,0,30,20
6,player_8b70fe95-2f9a-4438-a51a-7a3d4763df08@localhost,SuspiciousTitForTat,C,player_5b8647e2-e519-47d5-9d51-8feba4fabc1a@localhost,Adaptive,D,0,10,30,30
7,player_8b70fe95-2f9a-4438-a51a-7a3d4763df08@localhost,SuspiciousTitForTat,D,player_5b8647e2-e519-47d5-9d51-8feba4fabc1a@localhost,Adaptive,C,10,0,40,30
8,player_8b70fe95-2f9a-4438-a51a-7a3d4763df08@localhost,SuspiciousTitForTat,C,player_5b8647e2-e519-47d5-9d51-8feba4fabc1a@localhost,Adaptive,D,0,10,40,40
9,player_8b70fe95-2f9a-4438-a51a-7a3d4763df08@localhost,SuspiciousTitForTat,D,player_5b8647e2-e519-47d5-9d51-8feba4fabc1a@localhost,Adaptive,C,10,0,50,40
10,player_8b70fe95-2f9a-4438-a51a-7a3d4763df08@localhost,SuspiciousTitForTat,C,player_5b8647e2-e519-47d5-9d51-8feba4fabc1a@localhost,Adaptive,D,0,10,50,50
11,player_8b70fe95-2f9a-4438-a51a-7a3d4763df08@localhost,SuspiciousTitForTat,D,player_5b8647e2-e519-47d5-9d51-8feba4fabc1a@localhost,Adaptive,C,10,0,60,50
12,player_8b70fe95-2f9a-4438-a51a-7a3d4763df08@localhost,SuspiciousTitForTat,C,player_5b8647e2-e519-47d5-9d51-8feba4fabc1a@localhost,Adaptive,D,0,10,60,60
13,player_8b70fe95-2f9a-4438-a51a-7a3d4763df08@localhost,SuspiciousTitForTat,D,player_5b8647e2-e519-47d5-9d51-8feba4fabc1a@localhost,Adaptive,C,10,0,70,60
14,player_8b70fe95-2f9a-4438-a51a-7a3d4763df08@localhost,SuspiciousTitForTat,C,player_5b8647e2-e519-47d5-9d51-8feba4fabc1a@localhost,Adaptive,D,0,10,70,70
15,player_8b70fe95-2f9a-4438-a51a-7a3d4763df08@localhost,SuspiciousTitForTat,D,player_5b8647e2-e519-47d5-9d51-8feba4fabc1a@localhost,Adaptive,C,10,0,80,70
16,player_8b70fe95-2f9a-4438-a51a-7a3d4763df08@localhost,SuspiciousTitForTat,C,player_5b8647e2-e519-47d5-9d51-8feba4fabc1a@localhost,Adaptive,D,0,10,80,80
17,player_8b70fe95-2f9a-4438-a51a-7a3d4763df08@localhost,SuspiciousTitForTat,D,player_5b8647e2-e519-47d5-9d51-8feba4fabc1a@localhost,Adaptive,C,10,0,90,80
18,player_8b70fe95-2f9a-4438-a51a-7a3d4763df08@localhost,SuspiciousTitForTat,C,player_5b8647e2-e519-47d5-9d51-8feba4fabc1a@localhost,Adaptive,D,0,10,90,90
19,player_8b70fe95-2f9a-4438-a51a-7a3d4763df08@localhost,SuspiciousTitForTat,D,player_5b8647e2-e519-47d5-9d51-8feba4fabc1a@localhost,Adaptive,C,10,0,100,90
20,player_8b70fe95-2f9a-4438-a51a-7a3d4763df08@localhost,SuspiciousTitForTat,C,player_5b8647e2-e519-47d5-9d51-8feba4fabc1a@localhost,Adaptive,D,0,10,100,100
21,player_8b70fe95-2f9a-4438-a51a-7a3d4763df08@localhost,SuspiciousTitForTat,D,player_5b8647e2-e519-47d5-9d51-8feba4fabc1a@localhost,Adaptive,C,10,0,110,100
22,player_8b70fe95-2f9a-4438-a51a-7a3d4763df08@localhost,SuspiciousTitForTat,C,player_5b8647e2-e519-47d5-9d51-8feba4fabc1a@localhost,Adaptive,D,0,10,110,110
23,player_8b70fe95-2f9a-4438-a51a-7a3d4763df08@localhost,SuspiciousTitForTat,D,player_5b8647e2-e519-47d5-9d51-8feba4fabc1a@localhost,Adaptive,C,10,0,120,110
24,player_8b70fe95-2f9a-4438-a51a-7a3d4763df08@localhost,SuspiciousTitForTat,C,player_5b8647e2-e519-47d5-9d51-8feba4fabc1a@localhost,Adaptive,D,0,10,120,120
25,player_8b70fe95-2f9a-4438-a51a-7a3d4763df08@localhost,SuspiciousTitForTat,D,player_5b8647e2-e519-47d5-9d51-8feba4fabc1a@localhost,Adaptive,C,10,0,130,120
26,player_8b70fe95-2f9a-4438-a51a-7a3d4763df08@localhost,SuspiciousTitForTat,C,player_5b8647e2-e519-47d5-9d51-8feba4fabc1a@localhost,Adaptive,D,0,10,130,130
27,player_8b70fe95-2f9a-4438-a51a-7a3d4763df08@localhost,SuspiciousTitForTat,D,player_5b8647e2-e519-47d5-9d51-8feba4fabc1a@localhost,Adaptive,C,10,0,140,130
28,player_8b70fe95-2f9a-4438-a51a-7a3d4763df08@localhost,SuspiciousTitForTat,C,player_5b8647e2-e519-47d5-9d51-8feba4fabc1a@localhost,Adaptive,D,0,10,140,140
29,player_8b70fe95-2f9a-4438-a51a-7a3d4763df08@localhost,SuspiciousTitForTat,D,player_5b8647e2-e519-47d5-9d51-8feba4fabc1a@localhost,Adaptive,C,10,0,150,140
30,player_8b70fe95-2f9a-4438-a51a-7a3d4763df08@localhost,SuspiciousTitForTat,C,player_5b8647e2-e519-47d5-9d51-8feba4fabc1a@localhost,Adaptive,D,0,10,150,150
31,player_8b70fe95-2f9a-4438-a51a-7a3d4763df08@localhost,SuspiciousTitForTat,D,player_5b8647e2-e519-47d5-9d51-8feba4fabc1a@localhost,Adaptive,C,10,0,160,150
32,player_8b70fe95-2f9a-4438-a51a-7a3d4763df08@localhost,SuspiciousTitForTat,C,player_5b8647e2-e519-47d5-9d51-8feba4fabc1a@localhost,Adaptive,D,0,10,160,160
33,player_8b70fe95-2f9a-4438-a51a-7a3d4763df08@localhost,SuspiciousTitForTat,D,player_5b8647e2-e519-47d5-9d51-8feba4fabc1a@localhost,Adaptive,C,10,0,170,160
34,player_8b70fe95-2f9a-4438-a51a-7a3d4763df08@localhost,SuspiciousTitForTat,C,player_5b8647e2-e519-47d5-9d51-8feba4fabc1a@localhost,Adaptive,D,0,10,170,170
35,player_8b70fe95-2f9a-4438-a51a-7a3d4763df08@localhost,SuspiciousTitForTat,D,player_5b8647e2-e519-47d5-9d51-8feba4fabc1a@localhost,Adaptive,C,10,0,180,170
36,player_8b70fe95-2f9a-4438-a51a-7a3d4763df08@localhost,SuspiciousTitForTat,C,player_5b8647e2-e519-47d5-9d51-8feba4fabc1a@localhost,Adaptive,D,0,10,180,180
37,player_8b70fe95-2f9a-4438-a51a-7a3d4763df08@localhost,SuspiciousTitForTat,D,player_5b8647e2-e519-47d5-9d51-8feba4fabc1a@localhost,Adaptive,C,10,0,190,180
38,player_8b70fe95-2f9a-4438-a51a-7a3d4763df08@localhost,SuspiciousTitForTat,C,player_5b8647e2-e519-47d5-9d51-8feba4fabc1a@localhost,Adaptive,D,0,10,190,190
39,player_8b70fe95-2f9a-4438-a51a-7a3d4763df08@localhost,SuspiciousTitForTat,D,player_5b8647e2-e519-47d5-9d51-8feba4fabc1a@localhost,Adaptive,C,10,0,200,190
40,player_8b70fe95-2f9a-4438-a51a-7a3d4763df08@localhost,SuspiciousTitForTat,C,player_5b8647e2-e519-47d5-9d51-8feba4fabc1a@localhost,Adaptive,D,0,10,200,200
41,player_8b70fe95-2f9a-4438-a51a-7a3d4763df08@localhost,SuspiciousTitForTat,D,player_5b8647e2-e519-47d5-9d51-8feba4fabc1a@localhost,Adaptive,C,10,0,210,200
42,player_8b70fe95-2f9a-4438-a51a-7a3d4763df08@localhost,SuspiciousTitForTat,C,player_5b8647e2-e519-47d5-9d51-8feba4fabc1a@localhost,Adaptive,D,0,10,210,210
43,player_8b70fe95-2f9a-4438-a51a-7a3d4763df08@localhost,SuspiciousTitForTat,D,player_5b8647e2-e519-47d5-9d51-8feba4fabc1a@localhost,Adaptive,C,10,0,220,210
44,player_8b70fe95-2f9a-4438-a51a-7a3d4763df08@localhost,SuspiciousTitForTat,C,player_5b8647e2-e519-47d5-9d51-8feba4fabc1a@localhost,Adaptive,D,0,10,220,220
45,player_8b70fe95-2f9a-4438-a51a-7a3d4763df08@localhost,SuspiciousTitForTat,D,player_5b8647e2-e519-47d5-9d51-8feba4fabc1a@localhost,Adaptive,C,10,0,230,220
46,player_8b70fe95-2f9a-4438-a51a-7a3d4763df08@localhost,SuspiciousTitForTat,C,player_5b8647e2-e519-47d5-9d51-8feba4fabc1a@localhost,Adaptive,D,0,10,230,230
47,player_8b70fe95-2f9a-4438-a51a-7a3d4763df08@localhost,SuspiciousTitForTat,D,player_5b8647e2-e519-47d5-9d51-8feba4fabc1a@localhost,Adaptive,C,10,0,240,230
48,player_8b70fe95-2f9a-4438-a51a-7a3d4763df08@localhost,SuspiciousTitForTat,C,player_5b8647e2-e519-47d5-9d51-8feba4fabc1a@localhost,Adaptive,D,0,10,240,240
49,player_8b70fe95-2f9a-4438-a51a-7a3d4763df08@localhost,SuspiciousTitForTat,D,player_5b8647e2-e519-47d5-9d51-8feba4fabc1a@localhost,Adaptive,C,10,0,250,240
50,player_8b70fe95-2f9a-4438-a51a-7a3d4763df08@localhost,SuspiciousTitForTat,C,player_5b8647e2-e519-47d5-9d51-8feba4fabc1a@localhost,Adaptive,D,0,10,250,250
51,player_8b70fe95-2f9a-4438-a51a-7a3d4763df08@localhost,SuspiciousTitForTat,D,player_5b8647e2-e519-47d5-9d51-8feba4fabc1a@localhost,Adaptive,C,10,0,260,250
52,player_8b70fe95-2f9a-4438-a51a-7a3d4763df08@localhost,SuspiciousTitForTat,C,player_5b8647e2-e519-47d5-9d51-8feba4fabc1a@localhost,Adaptive,D,0,10,260,260
53,player_8b70fe95-2f9a-4438-a51a-7a3d4763df08@localhost,SuspiciousTitForTat,D,player_5b8647e2-e519-47d5-9d51-8feba4fabc1a@localhost,Adaptive,C,10,0,270,260
54,player_8b70fe95-2f9a-4438-a51a-7a3d4763df08@localhost,SuspiciousTitForTat,C,player_5b8647e2-e519-47d5-9d51-8feba4fabc1a@localhost,Adaptive,D,0,10,270,270
55,player_8b70fe95-2f9a-4438-a51a-7a3d4763df08@localhost,SuspiciousTitForTat,D,player_5b8647e2-e519-47d5-9d51-8feba4fabc1a@localhost,Adaptive,C,10,0,280,270
56,player_8b70fe95-2f9a-4438-a51a-7a3d4763df08@localhost,SuspiciousTitForTat,C,player_5b8647e2-e519-47d5-9d51-8feba4fabc1a@localhost,Adaptive,D,0,10,280,280
57,player_8b70fe95-2f9a-4438-a51a-7a3d4763df08@localhost,SuspiciousTitForTat,D,player_5b8647e2-e519-47d5-9d51-8feba4fabc1a@localhost,Adaptive,C,10,0,290,280
58,player_8b70fe95-2f9a-4438-a51a-7a3d4763df08@localhost,SuspiciousTitForTat,C,player_5b8647e2-e519-47d5-9d51-8feba4fabc1a@localhost,Adaptive,D,0,10,290,290
59,player_8b70fe95-2f9a-4438-a51a-7a3d4763df08@localhost,SuspiciousTitForTat,D,player_5b8647e2-e519-47d5-9d51-8feba4fabc1a@localhost,Adaptive,C,10,0,300,290
60,player_8b70fe95-2f9a-4438-a51a-7a3d4763df08@localhost,SuspiciousTitForTat,C,player_5b8647e2-e519-47d5-9d51-8feba4fabc1a@localhost,Adaptive,D,0,10,300,300
61,player_8b70fe95-2f9a-4438-a51a-7a3d4763df08@localhost,SuspiciousTitForTat,D,player_5b8647e2-e519-47d5-9d51-8feba4fabc1a@localhost,Adaptive,C,10,0,310,300
62,player_8b70fe95-2f9a-4438-a51a-7a3d4763df08@localhost,SuspiciousTitForTat,C,player_5b8647e2-e519-47d5-9d51-8feba4fabc1a@localhost,Adaptive,D,0,10,310,310
63,player_8b70fe95-2f9a-4438-a51a-7a3d4763df08@localhost,SuspiciousTitForTat,D,player_5b8647e2-e519-47d5-9d51-8feba4fabc1a@localhost,Adaptive,C,10,0,320,310
64,player_8b70fe95-2f9a-4438-a51a-7a3d4763df08@localhost,SuspiciousTitForTat,C,player_5b8647e2-e519-47d5-9d51-8feba4fabc1a@localhost,Adaptive,D,0,10,320,320
65,player_8b70fe95-2f9a-4438-a51a-7a3d4763df08@localhost,SuspiciousTitForTat,D,player_5b8647e2-e519-47d5-9d51-8feba4fabc1a@localhost,Adaptive,C,10,0,330,320
66,player_8b70fe95-2f9a-4438-a51a-7a3d4763df08@localhost,SuspiciousTitForTat,C,player_5b8647e2-e519-47d5-9d51-8feba4fabc1a@localhost,Adaptive,D,0,10,330,330
67,player_8b70fe95-2f9a-4438-a51a-7a3d4763df08@localhost,SuspiciousTitForTat,D,player_5b8647e2-e519-47d5-9d51-8feba4fabc1a@localhost,Adaptive,C,10,0,340,330
68,player_8b70fe95-2f9a-4438-a51a-7a3d4763df08@localhost,SuspiciousTitForTat,C,player_5b8647e2-e519-47d5-9d51-8feba4fabc1a@localhost,Adaptive,D,0,10,340,340
69,player_8b70fe95-2f9a-4438-a51a-7a3d4763df08@localhost,SuspiciousTitForTat,D,player_5b8647e2-e519-47d5-9d51-8feba4fabc1a@localhost,Adaptive,C,10,0,350,340
70,player_8b70fe95-2f9a-4438-a51a-7a3d4763df08@localhost,SuspiciousTitForTat,C,player_5b8647e2-e519-47d5-9d51-8feba4fabc1a@localhost,Adaptive,D,0,10,350,350
71,player_8b70fe95-2f9a-4438-a51a-7a3d4763df08@localhost,SuspiciousTitForTat,D,player_5b8647e2-e519-47d5-9d51-8feba4fabc1a@localhost,Adaptive,C,10,0,360,350
72,player_8b70fe95-2f9a-4438-a51a-7a3d4763df08@localhost,SuspiciousTitForTat,C,player_5b8647e2-e519-47d5-9d51-8feba4fabc1a@localhost,Adaptive,D,0,10,360,360
73,player_8b70fe95-2f9a-4438-a51a-7a3d4763df08@localhost,SuspiciousTitForTat,D,player_5b8647e2-e519-47d5-9d51-8feba4fabc1a@localhost,Adaptive,C,10,0,370,360
74,player_8b70fe95-2f9a-4438-a51a-7a3d4763df08@localhost,SuspiciousTitForTat,C,player_5b8647e2-e519-47d5-9d51-8feba4fabc1a@localhost,Adaptive,D,0,10,370,370
75,player_8b70fe95-2f9a-4438-a51a-7a3d4763df08@localhost,SuspiciousTitForTat,D,player_5b8647e2-e519-47d5-9d51-8feba4fabc1a@localhost,Adaptive,C,10,0,380,370
76,player_8b70fe95-2f9a-4438-a51a-7a3d4763df08@localhost,SuspiciousTitForTat,C,player_5b8647e2-e519-47d5-9d51-8feba4fabc1a@localhost,Adaptive,D,0,10,380,380
77,player_8b70fe95-2f9a-4438-a51a-7a3d4763df08@localhost,SuspiciousTitForTat,D,player_5b8647e2-e519-47d5-9d51-8feba4fabc1a@localhost,Adaptive,C,10,0,390,380
78,player_8b70fe95-2f9a-4438-a51a-7a3d4763df08@localhost,SuspiciousTitForTat,C,player_5b8647e2-e519-47d5-9d51-8feba4fabc1a@localhost,Adaptive,D,0,10,390,390
79,player_8b70fe95-2f9a-4438-a51a-7a3d4763df08@localhost,SuspiciousTitForTat,D,player_5b8647e2-e519-47d5-9d51-8feba4fabc1a@localhost,Adaptive,C,10,0,400,390
80,player_8b70fe95-2f9a-4438-a51a-7a3d4763df08@localhost,SuspiciousTitForTat,C,player_5b8647e2-e519-47d5-9d51-8feba4fabc1a@localhost,Adaptive,D,0,10,400,400
81,player_8b70fe95-2f9a-4438-a51a-7a3d4763df08@localhost,SuspiciousTitForTat,D,player_5b8647e2-e519-47d5-9d51-8feba4fabc1a@localhost,Adaptive,C,10,0,410,400
82,player_8b70fe95-2f9a-4438-a51a-7a3d4763df08@localhost,SuspiciousTitForTat,C,player_5b8647e2-e519-47d5-9d51-8feba4fabc1a@localhost,Adaptive,D,0,10,410,410
83,player_8b70fe95-2f9a-4438-a51a-7a3d4763df08@localhost,SuspiciousTitForTat,D,player_5b8647e2-e519-47d5-9d51-8feba4fabc1a@localhost,Adaptive,C,10,0,420,410
84,player_8b70fe95-2f9a-4438-a51a-7a3d4763df08@localhost,SuspiciousTitForTat,C,player_5b8647e2-e519-47d5-9d51-8feba4fabc1a@localhost,Adaptive,D,0,10,420,420
85,player_8b70fe95-2f9a-4438-a51a-7a3d4763df08@localhost,SuspiciousTitForTat,D,player_5b8647e2-e519-47d5-9d51-8feba4fabc1a@localhost,Adaptive,C,10,0,430,420
86,player_8b70fe95-2f9a-4438-a51a-7a3d4763df08@localhost,SuspiciousTitForTat,C,player_5b8647e2-e519-47d5-9d51-8feba4fabc1a@localhost,Adaptive,D,0,10,430,430
87,player_8b70fe95-2f9a-4438-a51a-7a3d4763df08@localhost,SuspiciousTitForTat,D,player_5b8647e2-e519-47d5-9d51-8feba4fabc1a@localhost,Adaptive,C,10,0,440,430
88,player_8b70fe95-2f9a-4438-a51a-7a3d4763df08@localhost,SuspiciousTitForTat,C,player_5b8647e2-e519-47d5-9d51-8feba4fabc1a@localhost,Adaptive,D,0,10,440,440
89,player_8b70fe95-2f9a-4438-a51a-7a3d4763df08@localhost,SuspiciousTitForTat,D,player_5b8647e2-e519-47d5-9d51-8feba4fabc1a@localhost,Adaptive,C,10,0,450,440
90,player_8b70fe95-2f9a-4438-a51a-7a3d4763df08@localhost,SuspiciousTitForTat,C,player_5b8647e2-e519-47d5-9d51-8feba4fabc1a@localhost,Adaptive,D,0,10,450,450
91,player_8b70fe95-2f9a-4438-a51a-7a3d4763df08@localhost,SuspiciousTitForTat,D,player_5b8647e2-e519-47d5-9d51-8feba4fabc1a@localhost,Adaptive,C,10,0,460,450
92,player_8b70fe95-2f9a-4438-a51a-7a3d4763df08@localhost,SuspiciousTitForTat,C,player_5b8647e2-e519-47d5-9d51-8feba4fabc1a@localhost,Adaptive,D,0,10,460,460
93,player_8b70fe95-2f9a-4438-a51a-7a3d4763df08@localhost,SuspiciousTitForTat,D,player_5b8647e2-e519-47d5-9d51-8feba4fabc1a@localhost,Adaptive,C,10,0,470,460
94,player_8b70fe95-2f9a-4438-a51a-7a3d4763df08@localhost,SuspiciousTitForTat,C,player_5b8647e2-e519-47d5-9d51-8feba4fabc1a@localhost,Adaptive,D,0,10,470,470
95,player_8b70fe95-2f9a-4438-a51a-7a3d4763df08@localhost,SuspiciousTitForTat,D,player_5b8647e2-e519-47d5-9d51-8feba4fabc1a@localhost,Adaptive,C,10,0,480,470
96,player_8b70fe95-2f9a-4438-a51a-7a3d4763df08@localhost,SuspiciousTitForTat,C,player_5b8647e2-e519-47d5-9d51-8feba4fabc1a@localhost,Adaptive,D,0,10,480,480
97,player_8b70fe95-2f9a-4438-a51a-7a3d4763df08@localhost,SuspiciousTitForTat,D,player_5b8647e2-e519-47d5-9d51-8feba4fabc1a@localhost,Adaptive,C,10,0,490,480
98,player_8b70fe95-2f9a-4438-a51a-7a3d4763df08@localhost,SuspiciousTitForTat,C,player_5b8647e2-e519-47d5-9d51-8feba4fabc1a@localhost,Adaptive,D,0,10,490,490
99,player_8b70fe95-2f9a-4438-a51a-7a3d4763df08@localhost,SuspiciousTitForTat,D,player_5b8647e2-e519-47d5-9d51-8feba4fabc1a@localhost,Adaptive,C,10,0,500,490
100,player_8b70fe95-2f9a-4438-a51a-7a3d4763df08@localhost,SuspiciousTitForTat,C,player_5b8647e2-e519-47d5-9d51-8feba4fabc1a@localhost,Adaptive,D,0,10,500,500
101,player_8b70fe95-2f9a-4438-a51a-7a3d4763df08@localhost,SuspiciousTitForTat,D,player_5b8647e2-e519-47d5-9d51-8feba4fabc1a@localhost,Adaptive,C,10,0,510,500
102,player_8b70fe95-2f9a-4438-a51a-7a3d4763df08@localhost,SuspiciousTitForTat,C,player_5b8647e2-e519-47d5-9d51-8feba4fabc1a@localhost,Adaptive,D,0,10,510,510
103,player_8b70fe95-2f9a-4438-a51a-7a3d4763df08@localhost,SuspiciousTitForTat,D,player_5b8647e2-e519-47d5-9d51-8feba4fabc1a@localhost,Adaptive,C,10,0,520,510
104,player_8b70fe95-2f9a-4438-a51a-7a3d4763df08@localhost,SuspiciousTitForTat,C,player_5b8647e2-e519-47d5-9d51-8feba4fabc1a@localhost,Adaptive,D,0,10,520,520
105,player_8b70fe95-2f9a-4438-a51a-7a3d4763df08@localhost,SuspiciousTitForTat,D,player_5b8647e2-e519-47d5-9d51-8feba4fabc1a@localhost,Adaptive,C,10,0,530,520
106,player_8b70fe95-2f9a-4438-a51a-7a3d4763df08@localhost,SuspiciousTitForTat,C,player_5b8647e2-e519-47d5-9d51-8feba4fabc1a@localhost,Adaptive,D,0,10,530,530
107,player_8b70fe95-2f9a-4438-a51a-7a3d4763df08@localhost,SuspiciousTitForTat,D,player_5b8647e2-e519-47d5-9d51-8feba4fabc1a@localhost,Adaptive,C,10,0,540,530
108,player_8b70fe95-2f9a-4438-a51a-7a3d4763df08@localhost,SuspiciousTitForTat,C,player_5b8647e2-e519-47d5-9d51-8feba4fabc1a@localhost,Adaptive,D,0,10,540,540
109,player_8b70fe95-2f9a-4438-a51a-7a3d4763df08@localhost,SuspiciousTitForTat,D,player_5b8647e2-e519-47d5-9d51-8feba4fabc1a@localhost,Adaptive,C,10,0,550,540
110,player_8b70fe95-2f9a-4438-a51a-7a3d4763df08@localhost,SuspiciousTitForTat,C,player_5b8647e2-e519-47d5-9d51-8feba4fabc1a@localhost,Adaptive,D,0,10,550,550
111,player_8b70fe95-2f9a-4438-a51a-7a3d4763df08@localhost,SuspiciousTitForTat,D,player_5b8647e2-e519-47d5-9d51-8feba4fabc1a@localhost,Adaptive,C,10,0,560,550
112,player_8b70fe95-2f9a-4438-a51a-7a3d4763df08@localhost,SuspiciousTitForTat,C,player_5b8647e2-e519-47d5-9d51-8feba4fabc1a@localhost,Adaptive,D,0,10,560,560
113,player_8b70fe95-2f9a-4438-a51a-7a3d4763df08@localhost,SuspiciousTitForTat,D,player_5b8647e2-e519-47d5-9d51-8feba4fabc1a@localhost,Adaptive,C,10,0,570,560
114,player_8b70fe95-2f9a-4438-a51a-7a3d4763df08@localhost,SuspiciousTitForTat,C,player_5b8647e2-e519-47d5-9d51-8feba4fabc1a@localhost,Adaptive,D,0,10,570,570
115,player_8b70fe95-2f9a-4438-a51a-7a3d4763df08@localhost,SuspiciousTitForTat,D,player_5b8647e2-e519-47d5-9d51-8feba4fabc1a@localhost,Adaptive,C,10,0,580,570
116,player_8b70fe95-2f9a-4438-a51a-7a3d4763df08@localhost,SuspiciousTitForTat,C,player_5b8647e2-e519-47d5-9d51-8feba4fabc1a@localhost,Adaptive,D,0,10,580,580
117,player_8b70fe95-2f9a-4438-a51a-7a3d4763df08@localhost,SuspiciousTitForTat,D,player_5b8647e2-e519-47d5-9d51-8feba4fabc1a@localhost,Adaptive,C,10,0,590,580
118,player_8b70fe95-2f9a-4438-a51a-7a3d4763df08@localhost,SuspiciousTitForTat,C,player_5b8647e2-e519-47d5-9d51-8feba4fabc1a@localhost,Adaptive,D,0,10,590,590
119,player_8b70fe95-2f9a-4438-a51a-7a3d4763df08@localhost,SuspiciousTitForTat,D,player_5b8647e2-e519-47d5-9d51-8feba4fabc1a@localhost,Adaptive,C,10,0,600,590
120,player_8b70fe95-2f9a-4438-a51a-7a3d4763df08@localhost,SuspiciousTitForTat,C,player_5b8647e2-e519-47d5-9d51-8feba4fabc1a@localhost,Adaptive,D,0,10,600,600
121,player_8b70fe95-2f9a-4438-a51a-7a3d4763df08@localhost,SuspiciousTitForTat,D,player_5b8647e2-e519-47d5-9d51-8feba4fabc1a@localhost,Adaptive,C,10,0,610,600
122,player_8b70fe95-2f9a-4438-a51a-7a3d4763df08@localhost,SuspiciousTitForTat,C,player_5b8647e2-e519-47d5-9d51-8feba4fabc1a@localhost,Adaptive,D,0,10,610,610
123,player_8b70fe95-2f9a-4438-a51a-7a3d4763df08@localhost,SuspiciousTitForTat,D,player_5b8647e2-e519-47d5-9d51-8feba4fabc1a@localhost,Adaptive,C,10,0,620,610
124,player_8b70fe95-2f9a-4438-a51a-7a3d4763df08@localhost,SuspiciousTitForTat,C,player_5b8647e2-e519-47d5-9d51-8feba4fabc1a@localhost,Adaptive,D,0,10,620,620
125,player_8b70fe95-2f9a-4438-a51a-7a3d4763df08@localhost,SuspiciousTitForTat,D,player_5b8647e2-e519-47d5-9d51-8feba4fabc1a@localhost,Adaptive,C,10,0,630,620
126,player_8b70fe95-2f9a-4438-a51a-7a3d4763df08@localhost,SuspiciousTitForTat,C,player_5b8647e2-e519-47d5-9d51-8feba4fabc1a@localhost,Adaptive,D,0,10,630,630
127,player_8b70fe95-2f9a-4438-a51a-7a3d4763df08@localhost,SuspiciousTitForTat,D,player_5b8647e2-e519-47d5-9d51-8feba4fabc1a@localhost,Adaptive,C,10,0,640,630
128,player_8b70fe95-2f9a-4438-a51a-7a3d4763df08@localhost,SuspiciousTitForTat,C,player_5b8647e2-e519-47d5-9d51-8feba4fabc1a@localhost,Adaptive,D,0,10,640,640
129,player_8b70fe95-2f9a-4438-a51a-7a3d4763df08@localhost,SuspiciousTitForTat,D,player_5b8647e2-e519-47d5-9d51-8feba4fabc1a@localhost,Adaptive,C,10,0,650,640
130,player_8b70fe95-2f9a-4438-a51a-7a3d4763df08@localhost,SuspiciousTitForTat,C,player_5b8647e2-e519-47d5-9d51-8feba4fabc1a@localhost,Adaptive,D,0,10,650,650
131,player_8b70fe95-2f9a-4438-a51a-7a3d4763df08@localhost,SuspiciousTitForTat,D,player_5b8647e2-e519-47d5-9d51-8feba4fabc1a@localhost,Adaptive,C,10,0,660,650
132,player_8b70fe95-2f9a-4438-a51a-7a3d4763df08@localhost,SuspiciousTitForTat,C,player_5b8647e2-e519-47d5-9d51-8feba4fabc1a@localhost,Adaptive,D,0,10,660,660
133,player_8b70fe95-2f9a-4438-a51a-7a3d4763df08@localhost,SuspiciousTitForTat,D,player_5b8647e2-e519-47d5-9d51-8feba4fabc1a@localhost,Adaptive,C,10,0,670,660
134,player_8b70fe95-2f9a-4438-a51a-7a3d4763df08@localhost,SuspiciousTitForTat,C,player_5b8647e2-e519-47d5-9d51-8feba4fabc1a@localhost,Adaptive,D,0,10,670,670
135,player_8b70fe95-2f9a-4438-a51a-7a3d4763df08@localhost,SuspiciousTitForTat,D,player_5b8647e2-e519-47d5-9d51-8feba4fabc1a@localhost,Adaptive,C,10,0,680,670
136,player_8b70fe95-2f9a-4438-a51a-7a3d4763df08@localhost,SuspiciousTitForTat,C,player_5b8647e2-e519-47d5-9d51-8feba4fabc1a@localhost,Adaptive,D,0,10,680,680
137,player_8b70fe95-2f9a-4438-a51a-7a3d4763df08@localhost,SuspiciousTitForTat,D,player_5b8647e2-e519-47d5-9d51-8feba4fabc1a@localhost,Adaptive,C,10,0,690,680
138,player_8b70fe95-2f9a-4438-a51a-7a3d4763df08@localhost,SuspiciousTitForTat,C,player_5b8647e2-e519-47d5-9d51-8feba4fabc1a@localhost,Adaptive,D,0,10,690,690
139,player_8b70fe95-2f9a-4438-a51a-7a3d4763df08@localhost,SuspiciousTitForTat,D,player_5b8647e2-e519-47d5-9d51-8feba4fabc1a@localhost,Adaptive,C,10,0,700,690
140,player_8b70fe95-2f9a-4438-a51a-7a3d4763df08@localhost,SuspiciousTitForTat,C,player_5b8647e2-e519-47d5-9d51-8feba4fabc1a@localhost,Adaptive,D,0,10,700,700
141,player_8b70fe95-2f9a-4438-a51a-7a3d4763df08@localhost,SuspiciousTitForTat,D,player_5b8647e2-e519-47d5-9d51-8feba4fabc1a@localhost,Adaptive,C,10,0,710,700
142,player_8b70fe95-2f9a-4438-a51a-7a3d4763df08@localhost,SuspiciousTitForTat,C,player_5b8647e2-e519-47d5-9d51-8feba4fabc1a@localhost,Adaptive,D,0,10,710,710
143,player_8b70fe95-2f9a-4438-a51a-7a3d4763df08@localhost,SuspiciousTitForTat,D,player_5b8647e2-e519-47d5-9d51-8feba4fabc1a@localhost,Adaptive,C,10,0,720,710
144,player_8b70fe95-2f9a-4438-a51a-7a3d4763df08@localhost,SuspiciousTitForTat,C,player_5b8647e2-e519-47d5-9d51-8feba4fabc1a@localhost,Adaptive,D,0,10,720,720
145,player_8b70fe95-2f9a-4438-a51a-7a3d4763df08@localhost,SuspiciousTitForTat,D,player_5b8647e2-e519-47d5-9d51-8feba4fabc1a@localhost,Adaptive,C,10,0,730,720
146,player_8b70fe95-2f9a-4438-a51a-7a3d4763df08@localhost,SuspiciousTitForTat,C,player_5b8647e2-e519-47d5-9d51-8feba4fabc1a@localhost,Adaptive,D,0,10,730,730
147,player_8b70fe95-2f9a-4438-a51a-7a3d4763df08@localhost,SuspiciousTitForTat,D,player_5b8647e2-e519-47d5-9d51-8feba4fabc1a@localhost,Adaptive,C,10,0,740,730
148,player_8b70fe95-2f9a-4438-a51a-7a3d4763df08@localhost,SuspiciousTitForTat,C,player_5b8647e2-e519-47d5-9d51-8feba4fabc1a@localhost,Adaptive,D,0,10,740,740
149,player_8b70fe95-2f9a-4438-a51a-7a3d4763df08@localhost,SuspiciousTitForTat,D,player_5b8647e2-e519-47d5-9d51-8feba4fabc1a@localhost,Adaptive,C,10,0,750,740
150,player_8b70fe95-2f9a-4438-a51a-7a3d4763df08@localhost,SuspiciousTitForTat,C,player_5b8647e2-e519-47d5-9d51-8feba4fabc1a@localhost,Adaptive,D,0,10,750,750
151,player_8b70fe95-2f9a-4438-a51a-7a3d4763df08@localhost,SuspiciousTitForTat,D,player_5b8647e2-e519-47d5-9d51-8feba4fabc1a@localhost,Adaptive,C,10,0,760,750
152,player_8b70fe95-2f9a-4438-a51a-7a3d4763df08@localhost,SuspiciousTitForTat,C,player_5b8647e2-e519-47d5-9d51-8feba4fabc1a@localhost,Adaptive,D,0,10,760,760
153,player_8b70fe95-2f9a-4438-a51a-7a3d4763df08@localhost,SuspiciousTitForTat,D,player_5b8647e2-e519-47d5-9d51-8feba4fabc1a@localhost,Adaptive,C,10,0,770,760
154,player_8b70fe95-2f9a-4438-a51a-7a3d4763df08@localhost,SuspiciousTitForTat,C,player_5b8647e2-e519-47d5-9d51-8feba4fabc1a@localhost,Adaptive,D,0,10,770,770
155,player_8b70fe95-2f9a-4438-a51a-7a3d4763df08@localhost,SuspiciousTitForTat,D,player_5b8647e2-e519-47d5-9d51-8feba4fabc1a@localhost,Adaptive,C,10,0,780,770
156,player_8b70fe95-2f9a-4438-a51a-7a3d4763df08@localhost,SuspiciousTitForTat,C,player_5b8647e2-e519-47d5-9d51-8feba4fabc1a@localhost,Adaptive,D,0,10,780,780
157,player_8b70fe95-2f9a-4438-a51a-7a3d4763df08@localhost,SuspiciousTitForTat,D,player_5b8647e2-e519-47d5-9d51-8feba4fabc1a@localhost,Adaptive,C,10,0,790,780
158,player_8b70fe95-2f9a-4438-a51a-7a3d4763df08@localhost,SuspiciousTitForTat,C,player_5b8647e2-e519-47d5-9d51-8feba4fabc1a@localhost,Adaptive,D,0,10,790,790
159,player_8b70fe95-2f9a-4438-a51a-7a3d4763df08@localhost,SuspiciousTitForTat,D,player_5b8647e2-e519-47d5-9d51-8feba4fabc1a@localhost,Adaptive,C,10,0,800,790
160,player_8b70fe95-2f9a-4438-a51a-7a3d4763df08@localhost,SuspiciousTitForTat,C,player_5b8647e2-e519-47d5-9d51-8feba4fabc1a@localhost,Adaptive,D,0,10,800,800
161,player_8b70fe95-2f9a-4438-a51a-7a3d4763df08@localhost,SuspiciousTitForTat,D,player_5b8647e2-e519-47d5-9d51-8feba4fabc1a@localhost,Adaptive,C,10,0,810,800
162,player_8b70fe95-2f9a-4438-a51a-7a3d4763df08@localhost,SuspiciousTitForTat,C,player_5b8647e2-e519-47d5-9d51-8feba4fabc1a@localhost,Adaptive,D,0,10,810,810
163,player_8b70fe95-2f9a-4438-a51a-7a3d4763df08@localhost,SuspiciousTitForTat,D,player_5b8647e2-e519-47d5-9d51-8feba4fabc1a@localhost,Adaptive,C,10,0,820,810
164,player_8b70fe95-2f9a-4438-a51a-7a3d4763df08@localhost,SuspiciousTitForTat,C,player_5b8647e2-e519-47d5-9d51-8feba4fabc1a@localhost,Adaptive,D,0,10,820,820
165,player_8b70fe95-2f9a-4438-a51a-7a3d4763df08@localhost,SuspiciousTitForTat,D,player_5b8647e2-e519-47d5-9d51-8feba4fabc1a@localhost,Adaptive,C,10,0,830,820
166,player_8b70fe95-2f9a-4438-a51a-7a3d4763df08@localhost,SuspiciousTitForTat,C,player_5b8647e2-e519-47d5-9d51-8feba4fabc1a@localhost,Adaptive,D,0,10,830,830
167,player_8b70fe95-2f9a-4438-a51a-7a3d4763df08@localhost,SuspiciousTitForTat,D,player_5b8647e2-e519-47d5-9d51-8feba4fabc1a@localhost,Adaptive,C,10,0,840,830
168,player_8b70fe95-2f9a-4438-a51a-7a3d4763df08@localhost,SuspiciousTitForTat,C,player_5b8647e2-e519-47d5-9d51-8feba4fabc1a@localhost,Adaptive,D,0,10,840,840
169,player_8b70fe95-2f9a-4438-a51a-7a3d4763df08@localhost,SuspiciousTitForTat,D,player_5b8647e2-e519-47d5-9d51-8feba4fabc1a@localhost,Adaptive,C,10,0,850,840
170,player_8b70fe95-2f9a-4438-a51a-7a3d4763df08@localhost,SuspiciousTitForTat,C,player_5b8647e2-e519-47d5-9d51-8feba4fabc1a@localhost,Adaptive,D,0,10,850,850
171,player_8b70fe95-2f9a-4438-a51a-7a3d4763df08@localhost,SuspiciousTitForTat,D,player_5b8647e2-e519-47d5-9d51-8feba4fabc1a@localhost,Adaptive,C,10,0,860,850
172,player_8b70fe95-2f9a-4438-a51a-7a3d4763df08@localhost,SuspiciousTitForTat,C,player_5b8647e2-e519-47d5-9d51-8feba4fabc1a@localhost,Adaptive,D,0,10,860,860
173,player_8b70fe95-2f9a-4438-a51a-7a3d4763df08@localhost,SuspiciousTitForTat,D,player_5b8647e2-e519-47d5-9d51-8feba4fabc1a@localhost,Adaptive,C,10,0,870,860
174,player_8b70fe95-2f9a-4438-a51a-7a3d4763df08@localhost,SuspiciousTitForTat,C,player_5b8647e2-e519-47d5-9d51-8feba4fabc1a@localhost,Adaptive,D,0,10,870,870
175,player_8b70fe95-2f9a-4438-a51a-7a3d4763df08@localhost,SuspiciousTitForTat,D,player_5b8647e2-e519-47d5-9d51-8feba4fabc1a@localhost,Adaptive,C,10,0,880,870
176,player_8b70fe95-2f9a-4438-a51a-7a3d4763df08@localhost,SuspiciousTitForTat,C,player_5b8647e2-e519-47d5-9d51-8feba4fabc1a@localhost,Adaptive,D,0,10,880,880
177,player_8b70fe95-2f9a-4438-a51a-7a3d4763df08@localhost,SuspiciousTitForTat,D,player_5b8647e2-e519-47d5-9d51-8feba4fabc1a@localhost,Adaptive,C,10,0,890,880
178,player_8b70fe95-2f9a-4438-a51a-7a3d4763df08@localhost,SuspiciousTitForTat,C,player_5b8647e2-e519-47d5-9d51-8feba4fabc1a@localhost,Adaptive,D,0,10,890,890
179,player_8b70fe95-2f9a-4438-a51a-7a3d4763df08@localhost,SuspiciousTitForTat,D,player_5b8647e2-e519-47d5-9d51-8feba4fabc1a@localhost,Adaptive,C,10,0,900,890
180,player_8b70fe95-2f9a-4438-a51a-7a3d4763df08@localhost,SuspiciousTitForTat,C,player_5b8647e2-e519-47d5-9d51-8feba4fabc1a@localhost,Adaptive,D,0,10,900,900
181,player_8b70fe95-2f9a-4438-a51a-7a3d4763df08@localhost,SuspiciousTitForTat,D,player_5b8647e2-e519-47d5-9d51-8feba4fabc1a@localhost,Adaptive,C,10,0,910,900
182,player_8b70fe95-2f9a-4438-a51a-7a3d4763df08@localhost,SuspiciousTitForTat,C,player_5b8647e2-e519-47d5-9d51-8feba4fabc1a@localhost,Adaptive,D,0,10,910,910
183,player_8b70fe95-2f9a-4438-a51a-7a3d4763df08@localhost,SuspiciousTitForTat,D,player_5b8647e2-e519-47d5-9d51-8feba4fabc1a@localhost,Adaptive,C,10,0,920,910
184,player_8b70fe95-2f9a-4438-a51a-7a3d4763df08@localhost,SuspiciousTitForTat,C,player_5b8647e2-e519-47d5-9d51-8feba4fabc1a@localhost,Adaptive,D,0,10,920,920
185,player_8b70fe95-2f9a-4438-a51a-7a3d4763df08@localhost,SuspiciousTitForTat,D,player_5b8647e2-e519-47d5-9d51-8feba4fabc1a@localhost,Adaptive,C,10,0,930,920
186,player_8b70fe95-2f9a-4438-a51a-7a3d4763df08@localhost,SuspiciousTitForTat,C,player_5b8647e2-e519-47d5-9d51-8feba4fabc1a@localhost,Adaptive,D,0,10,930,930
187,player_8b70fe95-2f9a-4438-a51a-7a3d4763df08@localhost,SuspiciousTitForTat,D,player_5b8647e2-e519-47d5-9d51-8feba4fabc1a@localhost,Adaptive,C,10,0,940,930
188,player_8b70fe95-2f9a-4438-a51a-7a3d4763df08@localhost,SuspiciousTitForTat,C,player_5b8647e2-e519-47d5-9d51-8feba4fabc1a@localhost,Adaptive,D,0,10,940,940
189,player_8b70fe95-2f9a-4438-a51a-7a3d4763df08@localhost,SuspiciousTitForTat,D,player_5b8647e2-e519-47d5-9d51-8feba4fabc1a@localhost,Adaptive,C,10,0,950,940
190,player_8b70fe95-2f9a-4438-a51a-7a3d4763df08@localhost,SuspiciousTitForTat,C,player_5b8647e2-e519-47d5-9d51-8feba4fabc1a@localhost,Adaptive,D,0,10,950,950
191,player_8b70fe95-2f9a-4438-a51a-7a3d4763df08@localhost,SuspiciousTitForTat,D,player_5b8647e2-e519-47d5-9d51-8feba4fabc1a@localhost,Adaptive,C,10,0,960,950
192,player_8b70fe95-2f9a-4438-a51a-7a3d4763df08@localhost,SuspiciousTitForTat,C,player_5b8647e2-e519-47d5-9d51-8feba4fabc1a@localhost,Adaptive,D,0,10,960,960
193,player_8b70fe95-2f9a-4438-a51a-7a3d4763df08@localhost,SuspiciousTitForTat,D,player_5b8647e2-e519-47d5-9d51-8feba4fabc1a@localhost,Adaptive,C,10,0,970,960
194,player_8b70fe95-2f9a-4438-a51a-7a3d4763df08@localhost,SuspiciousTitForTat,C,player_5b8647e2-e519-47d5-9d51-8feba4fabc1a@localhost,Adaptive,D,0,10,970,970
195,player_8b70fe95-2f9a-4438-a51a-7a3d4763df08@localhost,SuspiciousTitForTat,D,player_5b8647e2-e519-47d5-9d51-8feba4fabc1a@localhost,Adaptive,C,10,0,980,970
196,player_8b70fe95-2f9a-4438-a51a-7a3d4763df08@localhost,SuspiciousTitForTat,C,player_5b8647e2-e519-47d5-9d51-8feba4fabc1a@localhost,Adaptive,D,0,10,980,980
197,player_8b70fe95-2f9a-4438-a51a-7a3d4763df08@localhost,SuspiciousTitForTat,D,player_5b8647e2-e519-47d5-9d51-8feba4fabc1a@localhost,Adaptive,C,10,0,990,980
198,player_8b70fe95-2f9a-4438-a51a-7a3d4763df08@localhost,SuspiciousTitForTat,C,player_5b8647e2-e519-47d5-9d51-8feba4fabc1a@localhost,Adaptive,D,0,10,990,990
199,player_8b70fe95-2f9a-4438-a51a-7a3d4763df08@localhost,SuspiciousTitForTat,D,player_5b8647e2-e519-47d5-9d51-8feba4fabc1a@localhost,Adaptive,C,10,0,1000,990
200,player_8b70fe95-2f9a-4438-a51a-7a3d4763df08@localhost,SuspiciousTitForTat,C,player_5b8647e2-e519-47d5-9d51-8feba4fabc1a@localhost,Adaptive,D,0,10,1000,1000
201,player_8b70fe95-2f9a-4438-a51a-7a3d4763df08@localhost,SuspiciousTitForTat,D,player_5b8647e2-e519-47d5-9d51-8feba4fabc1a@localhost,Adaptive,C,10,0,1010,1000
202,player_8b70fe95-2f9a-4438-a51a-7a3d4763df08@localhost,SuspiciousTitForTat,C,player_5b8647e2-e519-47d5-9d51-8feba4fabc1a@localhost,Adaptive,D,0,10,1010,1010
203,player_8b70fe95-2f9a-4438-a51a-7a3d4763df08@localhost,SuspiciousTitForTat,D,player_5b8647e2-e519-47d5-9d51-8feba4fabc1a@localhost,Adaptive,C,10,0,1020,1010
204,player_8b70fe95-2f9a-4438-a51a-7a3d4763df08@localhost,SuspiciousTitForTat,C,player_5b8647e2-e519-47d5-9d51-8feba4fabc1a@localhost,Adaptive,D,0,10,1020,1020
205,player_8b70fe95-2f9a-4438-a51a-7a3d4763df08@localhost,SuspiciousTitForTat,D,player_5b8647e2-e519-47d5-9d51-8feba4fabc1a@localhost,Adaptive,C,10,0,1030,1020
206,player_8b70fe95-2f9a-4438-a51a-7a3d4763df08@localhost,SuspiciousTitForTat,C,player_5b8647e2-e519-47d5-9d51-8feba4fabc1a@localhost,Adaptive,D,0,10,1030,1030
207,player_8b70fe95-2f9a-4438-a51a-7a3d4763df08@localhost,SuspiciousTitForTat,D,player_5b8647e2-e519-47d5-9d51-8feba4fabc1a@localhost,Adaptive,C,10,0,1040,1030
208,player_8b70fe95-2f9a-4438-a51a-7a3d4763df08@localhost,SuspiciousTitForTat,C,player_5b8647e2-e519-47d5-9d51-8feba4fabc1a@localhost,Adaptive,D,0,10,1040,1040
209,player_8b70fe95-2f9a-4438-a51a-7a3d4763df08@localhost,SuspiciousTitForTat,D,player_5b8647e2-e519-47d5-9d51-8feba4fabc1a@localhost,Adaptive,C,10,0,1050,1040
210,player_8b70fe95-2f9a-4438-a51a-7a3d4763df08@localhost,SuspiciousTitForTat,C,player_5b8647e2-e519-47d5-9d51-8feba4fabc1a@localhost,Adaptive,D,0,10,1050,1050
211,player_8b70fe95-2f9a-4438-a51a-7a3d4763df08@localhost,SuspiciousTitForTat,D,player_5b8647e2-e519-47d5-9d51-8feba4fabc1a@localhost,Adaptive,C,10,0,1060,1050
212,player_8b70fe95-2f9a-4438-a51a-7a3d4763df08@localhost,SuspiciousTitForTat,C,player_5b8647e2-e519-47d5-9d51-8feba4fabc1a@localhost,Adaptive,D,0,10,1060,1060
213,player_8b70fe95-2f9a-4438-a51a-7a3d4763df08@localhost,SuspiciousTitForTat,D,player_5b8647e2-e519-47d5-9d51-8feba4fabc1a@localhost,Adaptive,C,10,0,1070,1060
214,player_8b70fe95-2f9a-4438-a51a-7a3d4763df08@localhost,SuspiciousTitForTat,C,player_5b8647e2-e519-47d5-9d51-8feba4fabc1a@localhost,Adaptive,D,0,10,1070,1070
215,player_8b70fe95-2f9a-4438-a51a-7a3d4763df08@localhost,SuspiciousTitForTat,D,player_5b8647e2-e519-47d5-9d51-8feba4fabc1a@localhost,Adaptive,C,10,0,1080,1070
216,player_8b70fe95-2f9a-4438-a51a-7a3d4763df08@localhost,SuspiciousTitForTat,C,player_5b8647e2-e519-47d5-9d51-8feba4fabc1a@localhost,Adaptive,D,0,10,1080,1080
217,player_8b70fe95-2f9a-4438-a51a-7a3d4763df08@localhost,SuspiciousTitForTat,D,player_5b8647e2-e519-47d5-9d51-8feba4fabc1a@localhost,Adaptive,C,10,0,1090,1080
218,player_8b70fe95-2f9a-4438-a51a-7a3d4763df08@localhost,SuspiciousTitForTat,C,player_5b8647e2-e519-47d5-9d51-8feba4fabc1a@localhost,Adaptive,D,0,10,1090,1090
219,player_8b70fe95-2f9a-4438-a51a-7a3d4763df08@localhost,SuspiciousTitForTat,D,player_5b8647e2-e519-47d5-9d51-8feba4fabc1a@localhost,Adaptive,C,10,0,1100,1090
220,player_8b70fe95-2f9a-4438-a51a-7a3d4763df08@localhost,SuspiciousTitForTat,C,player_5b8647e2-e519-47d5-9d51-8feba4fabc1a@localhost,Adaptive,D,0,10,1100,1100
221,player_8b70fe95-2f9a-4438-a51a-7a3d4763df08@localhost,SuspiciousTitForTat,D,player_5b8647e2-e519-47d5-9d51-8feba4fabc1a@localhost,Adaptive,C,10,0,1110,1100
222,player_8b70fe95-2f9a-4438-a51a-7a3d4763df08@localhost,SuspiciousTitForTat,C,player_5b8647e2-e519-47d5-9d51-8feba4fabc1a@localhost,Adaptive,D,0,10,1110,1110
223,player_8b70fe95-2f9a-4438-a51a-7a3d4763df08@localhost,SuspiciousTitForTat,D,player_5b8647e2-e519-47d5-9d51-8feba4fabc1a@localhost,Adaptive,C,10,0,1120,1110
224,player_8b70fe95-2f9a-4438-a51a-7a3d4763df08@localhost,SuspiciousTitForTat,C,player_5b8647e2-e519-47d5-9d51-8feba4fabc1a@localhost,Adaptive,D,0,10,1120,1120
225,player_8b70fe95-2f9a-4438-a51a-7a3d4763df08@localhost,SuspiciousTitForTat,D,player_5b8647e2-e519-47d5-9d51-8feba4fabc1a@localhost,Adaptive,C,10,0,1130,1120
226,player_8b70fe95-2f9a-4438-a51a-7a3d4763df08@localhost,SuspiciousTitForTat,C,player_5b8647e2-e519-47d5-9d51-8feba4fabc1a@localhost,Adaptive,D,0,10,1130,1130
227,player_8b70fe95-2f9a-4438-a51a-7a3d4763df08@localhost,SuspiciousTitForTat,D,player_5b8647e2-e519-47d5-9d51-8feba4fabc1a@localhost,Adaptive,C,10,0,1140,1130
228,player_8b70fe95-2f9a-4438-a51a-7a3d4763df08@localhost,SuspiciousTitForTat,C,player_5b8647e2-e519-47d5-9d51-8feba4fabc1a@localhost,Adaptive,D,0,10,1140,1140
229,player_8b70fe95-2f9a-4438-a51a-7a3d4763df08@localhost,SuspiciousTitForTat,D,player_5b8647e2-e519-47d5-9d51-8feba4fabc1a@localhost,Adaptive,C,10,0,1150,1140
230,player_8b70fe95-2f9a-4438-a51a-7a3d4763df08@localhost,SuspiciousTitForTat,C,player_5b8647e2-e519-47d5-9d51-8feba4fabc1a@localhost,Adaptive,D,0,10,1150,1150
231,player_8b70fe95-2f9a-4438-a51a-7a3d4763df08@localhost,SuspiciousTitForTat,D,player_5b8647e2-e519-47d5-9d51-8feba4fabc1a@localhost,Adaptive,C,10,0,1160,1150
232,player_8b70fe95-2f9a-4438-a51a-7a3d4763df08@localhost,SuspiciousTitForTat,C,player_5b8647e2-e519-47d5-9d51-8feba4fabc1a@localhost,Adaptive,D,0,10,1160,1160
233,player_8b70fe95-2f9a-4438-a51a-7a3d4763df08@localhost,SuspiciousTitForTat,D,player_5b8647e2-e519-47d5-9d51-8feba4fabc1a@localhost,Adaptive,C,10,0,1170,1160
234,player_8b70fe95-2f9a-4438-a51a-7a3d4763df08@localhost,SuspiciousTitForTat,C,player_5b8647e2-e519-47d5-9d51-8feba4fabc1a@localhost,Adaptive,D,0,10,1170,1170
235,player_8b70fe95-2f9a-4438-a51a-7a3d4763df08@localhost,SuspiciousTitForTat,D,player_5b8647e2-e519-47d5-9d51-8feba4fabc1a@localhost,Adaptive,C,10,0,1180,1170
236,player_8b70fe95-2f9a-4438-a51a-7a3d4763df08@localhost,SuspiciousTitForTat,C,player_5b8647e2-e519-47d5-9d51-8feba4fabc1a@localhost,Adaptive,D,0,10,1180,1180
237,player_8b70fe95-2f9a-4438-a51a-7a3d4763df08@localhost,SuspiciousTitForTat,D,player_5b8647e2-e519-47d5-9d51-8feba4fabc1a@localhost,Adaptive,C,10,0,1190,1180
238,player_8b70fe95-2f9a-4438-a51a-7a3d4763df08@localhost,SuspiciousTitForTat,C,player_5b8647e2-e519-47d5-9d51-8feba4fabc1a@localhost,Adaptive,D,0,10,1190,1190
239,player_8b70fe95-2f9a-4438-a51a-7a3d4763df08@localhost,SuspiciousTitForTat,D,player_5b8647e2-e519-47d5-9d51-8feba4fabc1a@localhost,Adaptive,C,10,0,1200,1190
240,player_8b70fe95-2f9a-4438-a51a-7a3d4763df08@localhost,SuspiciousTitForTat,C,player_5b8647e2-e519-47d5-9d51-8feba4fabc1a@localhost,Adaptive,D,0,10,1200,1200
241,player_8b70fe95-2f9a-4438-a51a-7a3d4763df08@localhost,SuspiciousTitForTat,D,player_5b8647e2-e519-47d5-9d51-8feba4fabc1a@localhost,Adaptive,C,10,0,1210,1200
242,player_8b70fe95-2f9a-4438-a51a-7a3d4763df08@localhost,SuspiciousTitForTat,C,player_5b8647e2-e519-47d5-9d51-8feba4fabc1a@localhost,Adaptive,D,0,10,1210,1210
243,player_8b70fe95-2f9a-4438-a51a-7a3d4763df08@localhost,SuspiciousTitForTat,D,player_5b8647e2-e519-47d5-9d51-8feba4fabc1a@localhost,Adaptive,C,10,0,1220,1210
244,player_8b70fe95-2f9a-4438-a51a-7a3d4763df08@localhost,SuspiciousTitForTat,C,player_5b8647e2-e519-47d5-9d51-8feba4fabc1a@localhost,Adaptive,D,0,10,1220,1220
245,player_8b70fe95-2f9a-4438-a51a-7a3d4763df08@localhost,SuspiciousTitForTat,D,player_5b8647e2-e519-47d5-9d51-8feba4fabc1a@localhost,Adaptive,C,10,0,1230,1220
246,player_8b70fe95-2f9a-4438-a51a-7a3d4763df08@localhost,SuspiciousTitForTat,C,player_5b8647e2-e519-47d5-9d51-8feba4fabc1a@localhost,Adaptive,D,0,10,1230,1230
247,player_8b70fe95-2f9a-4438-a51a-7a3d4763df08@localhost,SuspiciousTitForTat,D,player_5b8647e2-e519-47d5-9d51-8feba4fabc1a@localhost,Adaptive,C,10,0,1240,1230
248,player_8b70fe95-2f9a-4438-a51a-7a3d4763df08@localhost,SuspiciousTitForTat,C,player_5b8647e2-e519-47d5-9d51-8feba4fabc1a@localhost,Adaptive,D,0,10,1240,1240
249,player_8b70fe95-2f9a-4438-a51a-7a3d4763df08@localhost,SuspiciousTitForTat,D,player_5b8647e2-e519-47d5-9d51-8feba4fabc1a@localhost,Adaptive,C,10,0,1250,1240
250,player_8b70fe95-2f9a-4438-a51a-7a3d4763df08@localhost,SuspiciousTitForTat,C,player_5b8647e2-e519-47d5-9d51-8feba4fabc1a@localhost,Adaptive,D,0,10,1250,1250
251,player_8b70fe95-2f9a-4438-a51a-7a3d4763df08@localhost,SuspiciousTitForTat,D,player_5b8647e2-e519-47d5-9d51-8feba4fabc1a@localhost,Adaptive,C,10,0,1260,1250
252,player_8b70fe95-2f9a-4438-a51a-7a3d4763df08@localhost,SuspiciousTitForTat,C,player_5b8647e2-e519-47d5-9d51-8feba4fabc1a@localhost,Adaptive,D,0,10,1260,1260
253,player_8b70fe95-2f9a-4438-a51a-7a3d4763df08@localhost,SuspiciousTitForTat,D,player_5b8647e2-e519-47d5-9d51-8feba4fabc1a@localhost,Adaptive,C,10,0,1270,1260
254,player_8b70fe95-2f9a-4438-a51a-7a3d4763df08@localhost,SuspiciousTitForTat,C,player_5b8647e2-e519-47d5-9d51-8feba4fabc1a@localhost,Adaptive,D,0,10,1270,1270
255,player_8b70fe95-2f9a-4438-a51a-7a3d4763df08@localhost,SuspiciousTitForTat,D,player_5b8647e2-e519-47d5-9d51-8feba4fabc1a@localhost,Adaptive,C,10,0,1280,1270
256,player_8b70fe95-2f9a-4438-a51a-7a3d4763df08@localhost,SuspiciousTitForTat,C,player_5b8647e2-e519-47d5-9d51-8feba4fabc1a@localhost,Adaptive,D,0,10,1280,1280
257,player_8b70fe95-2f9a-4438-a51a-7a3d4763df08@localhost,SuspiciousTitForTat,D,player_5b8647e2-e519-47d5-9d51-8feba4fabc1a@localhost,Adaptive,C,10,0,1290,1280
258,player_8b70fe95-2f9a-4438-a51a-7a3d4763df08@localhost,SuspiciousTitForTat,C,player_5b8647e2-e519-47d5-9d51-8feba4fabc1a@localhost,Adaptive,D,0,10,1290,1290
259,player_8b70fe95-2f9a-4438-a51a-7a3d4763df08@localhost,SuspiciousTitForTat,D,player_5b8647e2-e519-47d5-9d51-8feba4fabc1a@localhost,Adaptive,C,10,0,1300,1290
260,player_8b70fe95-2f9a-4438-a51a-7a3d4763df08@localhost,SuspiciousTitForTat,C,player_5b8647e2-e519-47d5-9d51-8feba4fabc1a@localhost,Adaptive,D,0,10,1300,1300
261,player_8b70fe95-2f9a-4438-a51a-7a3d4763df08@localhost,SuspiciousTitForTat,D,player_5b8647e2-e519-47d5-9d51-8feba4fabc1a@localhost,Adaptive,C,10,0,1310,1300
262,player_8b70fe95-2f9a-4438-a51a-7a3d4763df08@localhost,SuspiciousTitForTat,C,player_5b8647e2-e519-47d5-9d51-8feba4fabc1a@localhost,Adaptive,D,0,10,1310,1310
263,player_8b70fe95-2f9a-4438-a51a-7a3d4763df08@localhost,SuspiciousTitForTat,D,player_5b8647e2-e519-47d5-9d51-8feba4fabc1a@localhost,Adaptive,C,10,0,1320,1310
264,player_8b70fe95-2f9a-4438-a51a-7a3d4763df08@localhost,SuspiciousTitForTat,C,player_5b8647e2-e519-47d5-9d51-8feba4fabc1a@localhost,Adaptive,D,0,10,1320,1320
265,player_8b70fe95-2f9a-4438-a51a-7a3d4763df08@localhost,SuspiciousTitForTat,D,player_5b8647e2-e519-47d5-9d51-8feba4fabc1a@localhost,Adaptive,C,10,0,1330,1320
266,player_8b70fe95-2f9a-4438-a51a-7a3d4763df08@localhost,SuspiciousTitForTat,C,player_5b8647e2-e519-47d5-9d51-8feba4fabc1a@localhost,Adaptive,D,0,10,1330,1330
267,player_8b70fe95-2f9a-4438-a51a-7a3d4763df08@localhost,SuspiciousTitForTat,D,player_5b8647e2-e519-47d5-9d51-8feba4fabc1a@localhost,Adaptive,C,10,0,1340,1330
268,player_8b70fe95-2f9a-4438-a51a-7a3d4763df08@localhost,SuspiciousTitForTat,C,player_5b8647e2-e519-47d5-9d51-8feba4fabc1a@localhost,Adaptive,D,0,10,1340,1340
269,player_8b70fe95-2f9a-4438-a51a-7a3d4763df08@localhost,SuspiciousTitForTat,D,player_5b8647e2-e519-47d5-9d51-8feba4fabc1a@localhost,Adaptive,C,10,0,1350,1340
270,player_8b70fe95-2f9a-4438-a51a-7a3d4763df08@localhost,SuspiciousTitForTat,C,player_5b8647e2-e519-47d5-9d51-8feba4fabc1a@localhost,Adaptive,D,0,10,1350,1350
271,player_8b70fe95-2f9a-4438-a51a-7a3d4763df08@localhost,SuspiciousTitForTat,D,player_5b8647e2-e519-47d5-9d51-8feba4fabc1a@localhost,Adaptive,C,10,0,1360,1350
272,player_8b70fe95-2f9a-4438-a51a-7a3d4763df08@localhost,SuspiciousTitForTat,C,player_5b8647e2-e519-47d5-9d51-8feba4fabc1a@localhost,Adaptive,D,0,10,1360,1360
273,player_8b70fe95-2f9a-4438-a51a-7a3d4763df08@localhost,SuspiciousTitForTat,D,player_5b8647e2-e519-47d5-9d51-8feba4fabc1a@localhost,Adaptive,C,10,0,1370,1360
274,player_8b70fe95-2f9a-4438-a51a-7a3d4763df08@localhost,SuspiciousTitForTat,C,player_5b8647e2-e519-47d5-9d51-8feba4fabc1a@localhost,Adaptive,D,0,10,1370,1370
275,player_8b70fe95-2f9a-4438-a51a-7a3d4763df08@localhost,SuspiciousTitForTat,D,player_5b8647e2-e519-47d5-9d51-8feba4fabc1a@localhost,Adaptive,C,10,0,1380,1370
276,player_8b70fe95-2f9a-4438-a51a-7a3d4763df08@localhost,SuspiciousTitForTat,C,player_5b8647e2-e519-47d5-9d51-8feba4fabc1a@localhost,Adaptive,D,0,10,1380,1380
277,player_8b70fe95-2f9a-4438-a51a-7a3d4763df08@localhost,SuspiciousTitForTat,D,player_5b8647e2-e519-47d5-9d51-8feba4fabc1a@localhost,Adaptive,C,10,0,1390,1380
278,player_8b70fe95-2f9a-4438-a51a-7a3d4763df08@localhost,SuspiciousTitForTat,C,player_5b8647e2-e519-47d5-9d51-8feba4fabc1a@localhost,Adaptive,D,0,10,1390,1390
279,player_8b70fe95-2f9a-4438-a51a-7a3d4763df08@localhost,SuspiciousTitForTat,D,player_5b8647e2-e519-47d5-9d51-8feba4fabc1a@localhost,Adaptive,C,10,0,1400,1390
280,player_8b70fe95-2f9a-4438-a51a-7a3d4763df08@localhost,SuspiciousTitForTat,C,player_5b8647e2-e519-47d5-9d51-8feba4fabc1a@localhost,Adaptive,D,0,10,1400,1400
281,player_8b70fe95-2f9a-4438-a51a-7a3d4763df08@localhost,SuspiciousTitForTat,D,player_5b8647e2-e519-47d5-9d51-8feba4fabc1a@localhost,Adaptive,C,10,0,1410,1400
282,player_8b70fe95-2f9a-4438-a51a-7a3d4763df08@localhost,SuspiciousTitForTat,C,player_5b8647e2-e519-47d5-9d51-8feba4fabc1a@localhost,Adaptive,D,0,10,1410,1410
283,player_8b70fe95-2f9a-4438-a51a-7a3d4763df08@localhost,SuspiciousTitForTat,D,player_5b8647e2-e519-47d5-9d51-8feba4fabc1a@localhost,Adaptive,C,10,0,1420,1410
284,player_8b70fe95-2f9a-4438-a51a-7a3d4763df08@localhost,SuspiciousTitForTat,C,player_5b8647e2-e519-47d5-9d51-8feba4fabc1a@localhost,Adaptive,D,0,10,1420,1420
285,player_8b70fe95-2f9a-4438-a51a-7a3d4763df08@localhost,SuspiciousTitForTat,D,player_5b8647e2-e519-47d5-9d51-8feba4fabc1a@localhost,Adaptive,C,10,0,1430,1420
286,player_8b70fe95-2f9a-4438-a51a-7a3d4763df08@localhost,SuspiciousTitForTat,C,player_5b8647e2-e519-47d5-9d51-8feba4fabc1a@localhost,Adaptive,D,0,10,1430,1430
287,player_8b70fe95-2f9a-4438-a51a-7a3d4763df08@localhost,SuspiciousTitForTat,D,player_5b8647e2-e519-47d5-9d51-8feba4fabc1a@localhost,Adaptive,C,10,0,1440,1430
288,player_8b70fe95-2f9a-4438-a51a-7a3d4763df08@localhost,SuspiciousTitForTat,C,player_5b8647e2-e519-47d5-9d51-8feba4fabc1a@localhost,Adaptive,D,0,10,1440,1440
289,player_8b70fe95-2f9a-4438-a51a-7a3d4763df08@localhost,SuspiciousTitForTat,D,player_5b8647e2-e519-47d5-9d51-8feba4fabc1a@localhost,Adaptive,C,10,0,1450,1440
290,player_8b70fe95-2f9a-4438-a51a-7a3d4763df08@localhost,SuspiciousTitForTat,C,player_5b8647e2-e519-47d5-9d51-8feba4fabc1a@localhost,Adaptive,D,0,10,1450,1450
291,player_8b70fe95-2f9a-4438-a51a-7a3d4763df08@localhost,SuspiciousTitForTat,D,player_5b8647e2-e519-47d5-9d51-8feba4fabc1a@localhost,Adaptive,C,10,0,1460,1450
292,player_8b70fe95-2f9a-4438-a51a-7a3d4763df08@localhost,SuspiciousTitForTat,C,player_5b8647e2-e519-47d5-9d51-8feba4fabc1a@localhost,Adaptive,D,0,10,1460,1460
293,player_8b70fe95-2f9a-4438-a51a-7a3d4763df08@localhost,SuspiciousTitForTat,D,player_5b8647e2-e519-47d5-9d51-8feba4fabc1a@localhost,Adaptive,C,10,0,1470,1460
294,player_8b70fe95-2f9a-4438-a51a-7a3d4763df08@localhost,SuspiciousTitForTat,C,player_5b8647e2-e519-47d5-9d51-8feba4fabc1a@localhost,Adaptive,D,0,10,1470,1470
295,player_8b70fe95-2f9a-4438-a51a-7a3d4763df08@localhost,SuspiciousTitForTat,D,player_5b8647e2-e519-47d5-9d51-8feba4fabc1a@localhost,Adaptive,C,10,0,1480,1470
296,player_8b70fe95-2f9a-4438-a51a-7a3d4763df08@localhost,SuspiciousTitForTat,C,player_5b8647e2-e519-47d5-9d51-8feba4fabc1a@localhost,Adaptive,D,0,10,1480,1480
297,player_8b70fe95-2f9a-4438-a51a-7a3d4763df08@localhost,SuspiciousTitForTat,D,player_5b8647e2-e519-47d5-9d51-8feba4fabc1a@localhost,Adaptive,C,10,0,1490,1480
298,player_8b70fe95-2f9a-4438-a51a-7a3d4763df08@localhost,SuspiciousTitForTat,C,player_5b8647e2-e519-47d5-9d51-8feba4fabc1a@localhost,Adaptive,D,0,10,1490,1490
299,player_8b70fe95-2f9a-4438-a51a-7a3d4763df08@localhost,SuspiciousTitForTat,D,player_5b8647e2-e519-47d5-9d51-8feba4fabc1a@localhost,Adaptive,C,10,0,1500,1490
300,player_8b70fe95-2f9a-4438-a51a-7a3d4763df08@localhost,SuspiciousTitForTat,C,player_5b8647e2-e519-47d5-9d51-8feba4fabc1a@localhost,Adaptive,D,0,10,1500,1500
301,player_8b70fe95-2f9a-4438-a51a-7a3d4763df08@localhost,SuspiciousTitForTat,D,player_5b8647e2-e519-47d5-9d51-8feba4fabc1a@localhost,Adaptive,C,10,0,1510,1500
302,player_8b70fe95-2f9a-4438-a51a-7a3d4763df08@localhost,SuspiciousTitForTat,C,player_5b8647e2-e519-47d5-9d51-8feba4fabc1a@localhost,Adaptive,D,0,10,1510,1510
303,player_8b70fe95-2f9a-4438-a51a-7a3d4763df08@localhost,SuspiciousTitForTat,D,player_5b8647e2-e519-47d5-9d51-8feba4fabc1a@localhost,Adaptive,C,10,0,1520,1510
304,player_8b70fe95-2f9a-4438-a51a-7a3d4763df08@localhost,SuspiciousTitForTat,C,player_5b8647e2-e519-47d5-9d51-8feba4fabc1a@localhost,Adaptive,D,0,10,1520,1520
305,player_8b70fe95-2f9a-4438-a51a-7a3d4763df08@localhost,SuspiciousTitForTat,D,player_5b8647e2-e519-47d5-9d51-8feba4fabc1a@localhost,Adaptive,C,10,0,1530,1520
306,player_8b70fe95-2f9a-4438-a51a-7a3d4763df08@localhost,SuspiciousTitForTat,C,player_5b8647e2-e519-47d5-9d51-8feba4fabc1a@localhost,Adaptive,D,0,10,1530,1530
307,player_8b70fe95-2f9a-4438-a51a-7a3d4763df08@localhost,SuspiciousTitForTat,D,player_5b8647e2-e519-47d5-9d51-8feba4fabc1a@localhost,Adaptive,C,10,0,1540,1530
308,player_8b70fe95-2f9a-4438-a51a-7a3d4763df08@localhost,SuspiciousTitForTat,C,player_5b8647e2-e519-47d5-9d51-8feba4fabc1a@localhost,Adaptive,D,0,10,1540,1540
309,player_8b70fe95-2f9a-4438-a51a-7a3d4763df08@localhost,SuspiciousTitForTat,D,player_5b8647e2-e519-47d5-9d51-8feba4fabc1a@localhost,Adaptive,C,10,0,1550,1540
310,player_8b70fe95-2f9a-4438-a51a-7a3d4763df08@localhost,SuspiciousTitForTat,C,player_5b8647e2-e519-47d5-9d51-8feba4fabc1a@localhost,Adaptive,D,0,10,1550,1550
311,player_8b70fe95-2f9a-4438-a51a-7a3d4763df08@localhost,SuspiciousTitForTat,D,player_5b8647e2-e519-47d5-9d51-8feba4fabc1a@localhost,Adaptive,C,10,0,1560,1550
312,player_8b70fe95-2f9a-4438-a51a-7a3d4763df08@localhost,SuspiciousTitForTat,C,player_5b8647e2-e519-47d5-9d51-8feba4fabc1a@localhost,Adaptive,D,0,10,1560,1560
313,player_8b70fe95-2f9a-4438-a51a-7a3d4763df08@localhost,SuspiciousTitForTat,D,player_5b8647e2-e519-47d5-9d51-8feba4fabc1a@localhost,Adaptive,C,10,0,1570,1560
314,player_8b70fe95-2f9a-4438-a51a-7a3d4763df08@localhost,SuspiciousTitForTat,C,player_5b8647e2-e519-47d5-9d51-8feba4fabc1a@localhost,Adaptive,D,0,10,1570,1570
315,player_8b70fe95-2f9a-4438-a51a-7a3d4763df08@localhost,SuspiciousTitForTat,D,player_5b8647e2-e519-47d5-9d51-8feba4fabc1a@localhost,Adaptive,C,10,0,1580,1570
316,player_8b70fe95-2f9a-4438-a51a-7a3d4763df08@localhost,SuspiciousTitForTat,C,player_5b8647e2-e519-47d5-9d51-8feba4fabc1a@localhost,Adaptive,D,0,10,1580,1580
317,player_8b70fe95-2f9a-4438-a51a-7a3d4763df08@localhost,SuspiciousTitForTat,D,player_5b8647e2-e519-47d5-9d51-8feba4fabc1a@localhost,Adaptive,C,10,0,1590,1580
318,player_8b70fe95-2f9a-4438-a51a-7a3d4763df08@localhost,SuspiciousTitForTat,C,player_5b8647e2-e519-47d5-9d51-8feba4fabc1a@localhost,Adaptive,D,0,10,1590,1590
319,player_8b70fe95-2f9a-4438-a51a-7a3d4763df08@localhost,SuspiciousTitForTat,D,player_5b8647e2-e519-47d5-9d51-8feba4fabc1a@localhost,Adaptive,C,10,0,1600,1590
320,player_8b70fe95-2f9a-4438-a51a-7a3d4763df08@localhost,SuspiciousTitForTat,C,player_5b8647e2-e519-47d5-9d51-8feba4fabc1a@localhost,Adaptive,D,0,10,1600,1600
321,player_8b70fe95-2f9a-4438-a51a-7a3d4763df08@localhost,SuspiciousTitForTat,D,player_5b8647e2-e519-47d5-9d51-8feba4fabc1a@localhost,Adaptive,C,10,0,1610,1600
322,player_8b70fe95-2f9a-4438-a51a-7a3d4763df08@localhost,SuspiciousTitForTat,C,player_5b8647e2-e519-47d5-9d51-8feba4fabc1a@localhost,Adaptive,D,0,10,1610,1610
323,player_8b70fe95-2f9a-4438-a51a-7a3d4763df08@localhost,SuspiciousTitForTat,D,player_5b8647e2-e519-47d5-9d51-8feba4fabc1a@localhost,Adaptive,C,10,0,1620,1610
324,player_8b70fe95-2f9a-4438-a51a-7a3d4763df08@localhost,SuspiciousTitForTat,C,player_5b8647e2-e519-47d5-9d51-8feba4fabc1a@localhost,Adaptive,D,0,10,1620,1620
325,player_8b70fe95-2f9a-4438-a51a-7a3d4763df08@localhost,SuspiciousTitForTat,D,player_5b8647e2-e519-47d5-9d51-8feba4fabc1a@localhost,Adaptive,C,10,0,1630,1620
326,player_8b70fe95-2f9a-4438-a51a-7a3d4763df08@localhost,SuspiciousTitForTat,C,player_5b8647e2-e519-47d5-9d51-8feba4fabc1a@localhost,Adaptive,D,0,10,1630,1630
327,player_8b70fe95-2f9a-4438-a51a-7a3d4763df08@localhost,SuspiciousTitForTat,D,player_5b8647e2-e519-47d5-9d51-8feba4fabc1a@localhost,Adaptive,C,10,0,1640,1630
328,player_8b70fe95-2f9a-4438-a51a-7a3d4763df08@localhost,SuspiciousTitForTat,C,player_5b8647e2-e519-47d5-9d51-8feba4fabc1a@localhost,Adaptive,D,0,10,1640,1640
329,player_8b70fe95-2f9a-4438-a51a-7a3d4763df08@localhost,SuspiciousTitForTat,D,player_5b8647e2-e519-47d5-9d51-8feba4fabc1a@localhost,Adaptive,C,10,0,1650,1640
330,player_8b70fe95-2f9a-4438-a51a-7a3d4763df08@localhost,SuspiciousTitForTat,C,player_5b8647e2-e519-47d5-9d51-8feba4fabc1a@localhost,Adaptive,D,0,10,1650,1650
331,player_8b70fe95-2f9a-4438-a51a-7a3d4763df08@localhost,SuspiciousTitForTat,D,player_5b8647e2-e519-47d5-9d51-8feba4fabc1a@localhost,Adaptive,C,10,0,1660,1650
332,player_8b70fe95-2f9a-4438-a51a-7a3d4763df08@localhost,SuspiciousTitForTat,C,player_5b8647e2-e519-47d5-9d51-8feba4fabc1a@localhost,Adaptive,D,0,10,1660,1660
333,player_8b70fe95-2f9a-4438-a51a-7a3d4763df08@localhost,SuspiciousTitForTat,D,player_5b8647e2-e519-47d5-9d51-8feba4fabc1a@localhost,Adaptive,C,10,0,1670,1660
334,player_8b70fe95-2f9a-4438-a51a-7a3d4763df08@localhost,SuspiciousTitForTat,C,player_5b8647e2-e519-47d5-9d51-8feba4fabc1a@localhost,Adaptive,D,0,10,1670,1670
335,player_8b70fe95-2f9a-4438-a51a-7a3d4763df08@localhost,SuspiciousTitForTat,D,player_5b8647e2-e519-47d5-9d51-8feba4fabc1a@localhost,Adaptive,C,10,0,1680,1670
336,player_8b70fe95-2f9a-4438-a51a-7a3d4763df08@localhost,SuspiciousTitForTat,C,player_5b8647e2-e519-47d5-9d51-8feba4fabc1a@localhost,Adaptive,D,0,10,1680,1680
337,player_8b70fe95-2f9a-4438-a51a-7a3d4763df08@localhost,SuspiciousTitForTat,D,player_5b8647e2-e519-47d5-9d51-8feba4fabc1a@localhost,Adaptive,C,10,0,1690,1680
338,player_8b70fe95-2f9a-4438-a51a-7a3d4763df08@localhost,SuspiciousTitForTat,C,player_5b8647e2-e519-47d5-9d51-8feba4fabc1a@localhost,Adaptive,D,0,10,1690,1690
339,player_8b70fe95-2f9a-4438-a51a-7a3d4763df08@localhost,SuspiciousTitForTat,D,player_5b8647e2-e519-47d5-9d51-8feba4fabc1a@localhost,Adaptive,C,10,0,1700,1690
340,player_8b70fe95-2f9a-4438-a51a-7a3d4763df08@localhost,SuspiciousTitForTat,C,player_5b8647e2-e519-47d5-9d51-8feba4fabc1a@localhost,Adaptive,D,0,10,1700,1700
341,player_8b70fe95-2f9a-4438-a51a-7a3d4763df08@localhost,SuspiciousTitForTat,D,player_5b8647e2-e519-47d5-9d51-8feba4fabc1a@localhost,Adaptive,C,10,0,1710,1700
342,player_8b70fe95-2f9a-4438-a51a-7a3d4763df08@localhost,SuspiciousTitForTat,C,player_5b8647e2-e519-47d5-9d51-8feba4fabc1a@localhost,Adaptive,D,0,10,1710,1710
343,player_8b70fe95-2f9a-4438-a51a-7a3d4763df08@localhost,SuspiciousTitForTat,D,player_5b8647e2-e519-47d5-9d51-8feba4fabc1a@localhost,Adaptive,C,10,0,1720,1710
344,player_8b70fe95-2f9a-4438-a51a-7a3d4763df08@localhost,SuspiciousTitForTat,C,player_5b8647e2-e519-47d5-9d51-8feba4fabc1a@localhost,Adaptive,D,0,10,1720,1720
345,player_8b70fe95-2f9a-4438-a51a-7a3d4763df08@localhost,SuspiciousTitForTat,D,player_5b8647e2-e519-47d5-9d51-8feba4fabc1a@localhost,Adaptive,C,10,0,1730,1720
346,player_8b70fe95-2f9a-4438-a51a-7a3d4763df08@localhost,SuspiciousTitForTat,C,player_5b8647e2-e519-47d5-9d51-8feba4fabc1a@localhost,Adaptive,D,0,10,1730,1730
347,player_8b70fe95-2f9a-4438-a51a-7a3d4763df08@localhost,SuspiciousTitForTat,D,player_5b8647e2-e519-47d5-9d51-8feba4fabc1a@localhost,Adaptive,C,10,0,1740,1730
348,player_8b70fe95-2f9a-4438-a51a-7a3d4763df08@localhost,SuspiciousTitForTat,C,player_5b8647e2-e519-47d5-9d51-8feba4fabc1a@localhost,Adaptive,D,0,10,1740,1740
349,player_8b70fe95-2f9a-4438-a51a-7a3d4763df08@localhost,SuspiciousTitForTat,D,player_5b8647e2-e519-47d5-9d51-8feba4fabc1a@localhost,Adaptive,C,10,0,1750,1740
350,player_8b70fe95-2f9a-4438-a51a-7a3d4763df08@localhost,SuspiciousTitForTat,C,player_5b8647e2-e519-47d5-9d51-8feba4fabc1a@localhost,Adaptive,D,0,10,1750,1750
351,player_8b70fe95-2f9a-4438-a51a-7a3d4763df08@localhost,SuspiciousTitForTat,D,player_5b8647e2-e519-47d5-9d51-8feba4fabc1a@localhost,Adaptive,C,10,0,1760,1750
352,player_8b70fe95-2f9a-4438-a51a-7a3d4763df08@localhost,SuspiciousTitForTat,C,player_5b8647e2-e519-47d5-9d51-8feba4fabc1a@localhost,Adaptive,D,0,10,1760,1760
353,player_8b70fe95-2f9a-4438-a51a-7a3d4763df08@localhost,SuspiciousTitForTat,D,player_5b8647e2-e519-47d5-9d51-8feba4fabc1a@localhost,Adaptive,C,10,0,1770,1760
354,player_8b70fe95-2f9a-4438-a51a-7a3d4763df08@localhost,SuspiciousTitForTat,C,player_5b8647e2-e519-47d5-9d51-8feba4fabc1a@localhost,Adaptive,D,0,10,1770,1770
355,player_8b70fe95-2f9a-4438-a51a-7a3d4763df08@localhost,SuspiciousTitForTat,D,player_5b8647e2-e519-47d5-9d51-8feba4fabc1a@localhost,Adaptive,C,10,0,1780,1770
356,player_8b70fe95-2f9a-4438-a51a-7a3d4763df08@localhost,SuspiciousTitForTat,C,player_5b8647e2-e519-47d5-9d51-8feba4fabc1a@localhost,Adaptive,D,0,10,1780,1780
357,player_8b70fe95-2f9a-4438-a51a-7a3d4763df08@localhost,SuspiciousTitForTat,D,player_5b8647e2-e519-47d5-9d51-8feba4fabc1a@localhost,Adaptive,C,10,0,1790,1780
358,player_8b70fe95-2f9a-4438-a51a-7a3d4763df08@localhost,SuspiciousTitForTat,C,player_5b8647e2-e519-47d5-9d51-8feba4fabc1a@localhost,Adaptive,D,0,10,1790,1790
359,player_8b70fe95-2f9a-4438-a51a-7a3d4763df08@localhost,SuspiciousTitForTat,D,player_5b8647e2-e519-47d5-9d51-8feba4fabc1a@localhost,Adaptive,C,10,0,1800,1790
360,player_8b70fe95-2f9a-4438-a51a-7a3d4763df08@localhost,SuspiciousTitForTat,C,player_5b8647e2-e519-47d5-9d51-8feba4fabc1a@localhost,Adaptive,D,0,10,1800,1800
361,player_8b70fe95-2f9a-4438-a51a-7a3d4763df08@localhost,SuspiciousTitForTat,D,player_5b8647e2-e519-47d5-9d51-8feba4fabc1a@localhost,Adaptive,C,10,0,1810,1800
362,player_8b70fe95-2f9a-4438-a51a-7a3d4763df08@localhost,SuspiciousTitForTat,C,player_5b8647e2-e519-47d5-9d51-8feba4fabc1a@localhost,Adaptive,D,0,10,1810,1810
363,player_8b70fe95-2f9a-4438-a51a-7a3d4763df08@localhost,SuspiciousTitForTat,D,player_5b8647e2-e519-47d5-9d51-8feba4fabc1a@localhost,Adaptive,C,10,0,1820,1810
364,player_8b70fe95-2f9a-4438-a51a-7a3d4763df08@localhost,SuspiciousTitForTat,C,player_5b8647e2-e519-47d5-9d51-8feba4fabc1a@localhost,Adaptive,D,0,10,1820,1820
365,player_8b70fe95-2f9a-4438-a51a-7a3d4763df08@localhost,SuspiciousTitForTat,D,player_5b8647e2-e519-47d5-9d51-8feba4fabc1a@localhost,Adaptive,C,10,0,1830,1820
366,player_8b70fe95-2f9a-4438-a51a-7a3d4763df08@localhost,SuspiciousTitForTat,C,player_5b8647e2-e519-47d5-9d51-8feba4fabc1a@localhost,Adaptive,D,0,10,1830,1830
367,player_8b70fe95-2f9a-4438-a51a-7a3d4763df08@localhost,SuspiciousTitForTat,D,player_5b8647e2-e519-47d5-9d51-8feba4fabc1a@localhost,Adaptive,C,10,0,1840,1830
368,player_8b70fe95-2f9a-4438-a51a-7a3d4763df08@localhost,SuspiciousTitForTat,C,player_5b8647e2-e519-47d5-9d51-8feba4fabc1a@localhost,Adaptive,D,0,10,1840,1840
369,player_8b70fe95-2f9a-4438-a51a-7a3d4763df08@localhost,SuspiciousTitForTat,D,player_5b8647e2-e519-47d5-9d51-8feba4fabc1a@localhost,Adaptive,C,10,0,1850,1840
370,player_8b70fe95-2f9a-4438-a51a-7a3d4763df08@localhost,SuspiciousTitForTat,C,player_5b8647e2-e519-47d5-9d51-8feba4fabc1a@localhost,Adaptive,D,0,10,1850,1850
371,player_8b70fe95-2f9a-4438-a51a-7a3d4763df08@localhost,SuspiciousTitForTat,D,player_5b8647e2-e519-47d5-9d51-8feba4fabc1a@localhost,Adaptive,C,10,0,1860,1850
372,player_8b70fe95-2f9a-4438-a51a-7a3d4763df08@localhost,SuspiciousTitForTat,C,player_5b8647e2-e519-47d5-9d51-8feba4fabc1a@localhost,Adaptive,D,0,10,1860,1860
373,player_8b70fe95-2f9a-4438-a51a-7a3d4763df08@localhost,SuspiciousTitForTat,D,player_5b8647e2-e519-47d5-9d51-8feba4fabc1a@localhost,Adaptive,C,10,0,1870,1860
374,player_8b70fe95-2f9a-4438-a51a-7a3d4763df08@localhost,SuspiciousTitForTat,C,player_5b8647e2-e519-47d5-9d51-8feba4fabc1a@localhost,Adaptive,D,0,10,1870,1870
375,player_8b70fe95-2f9a-4438-a51a-7a3d4763df08@localhost,SuspiciousTitForTat,D,player_5b8647e2-e519-47d5-9d51-8feba4fabc1a@localhost,Adaptive,C,10,0,1880,1870
376,player_8b70fe95-2f9a-4438-a51a-7a3d4763df08@localhost,SuspiciousTitForTat,C,player_5b8647e2-e519-47d5-9d51-8feba4fabc1a@localhost,Adaptive,D,0,10,1880,1880
377,player_8b70fe95-2f9a-4438-a51a-7a3d4763df08@localhost,SuspiciousTitForTat,D,player_5b8647e2-e519-47d5-9d51-8feba4fabc1a@localhost,Adaptive,C,10,0,1890,1880
378,player_8b70fe95-2f9a-4438-a51a-7a3d4763df08@localhost,SuspiciousTitForTat,C,player_5b8647e2-e519-47d5-9d51-8feba4fabc1a@localhost,Adaptive,D,0,10,1890,1890
379,player_8b70fe95-2f9a-4438-a51a-7a3d4763df08@localhost,SuspiciousTitForTat,D,player_5b8647e2-e519-47d5-9d51-8feba4fabc1a@localhost,Adaptive,C,10,0,1900,1890
380,player_8b70fe95-2f9a-4438-a51a-7a3d4763df08@localhost,SuspiciousTitForTat,C,player_5b8647e2-e519-47d5-9d51-8feba4fabc1a@localhost,Adaptive,D,0,10,1900,1900
381,player_8b70fe95-2f9a-4438-a51a-7a3d4763df08@localhost,SuspiciousTitForTat,D,player_5b8647e2-e519-47d5-9d51-8feba4fabc1a@localhost,Adaptive,C,10,0,1910,1900
382,player_8b70fe95-2f9a-4438-a51a-7a3d4763df08@localhost,SuspiciousTitForTat,C,player_5b8647e2-e519-47d5-9d51-8feba4fabc1a@localhost,Adaptive,D,0,10,1910,1910
383,player_8b70fe95-2f9a-4438-a51a-7a3d4763df08@localhost,SuspiciousTitForTat,D,player_5b8647e2-e519-47d5-9d51-8feba4fabc1a@localhost,Adaptive,C,10,0,1920,1910
384,player_8b70fe95-2f9a-4438-a51a-7a3d4763df08@localhost,SuspiciousTitForTat,C,player_5b8647e2-e519-47d5-9d51-8feba4fabc1a@localhost,Adaptive,D,0,10,1920,1920
385,player_8b70fe95-2f9a-4438-a51a-7a3d4763df08@localhost,SuspiciousTitForTat,D,player_5b8647e2-e519-47d5-9d51-8feba4fabc1a@localhost,Adaptive,C,10,0,1930,1920
386,player_8b70fe95-2f9a-4438-a51a-7a3d4763df08@localhost,SuspiciousTitForTat,C,player_5b8647e2-e519-47d5-9d51-8feba4fabc1a@localhost,Adaptive,D,0,10,1930,1930
387,player_8b70fe95-2f9a-4438-a51a-7a3d4763df08@localhost,SuspiciousTitForTat,D,player_5b8647e2-e519-47d5-9d51-8feba4fabc1a@localhost,Adaptive,C,10,0,1940,1930
388,player_8b70fe95-2f9a-4438-a51a-7a3d4763df08@localhost,SuspiciousTitForTat,C,player_5b8647e2-e519-47d5-9d51-8feba4fabc1a@localhost,Adaptive,D,0,10,1940,1940
389,player_8b70fe95-2f9a-4438-a51a-7a3d4763df08@localhost,SuspiciousTitForTat,D,player_5b8647e2-e519-47d5-9d51-8feba4fabc1a@localhost,Adaptive,C,10,0,1950,1940
390,player_8b70fe95-2f9a-4438-a51a-7a3d4763df08@localhost,SuspiciousTitForTat,C,player_5b8647e2-e519-47d5-9d51-8feba4fabc1a@localhost,Adaptive,D,0,10,1950,1950
391,player_8b70fe95-2f9a-4438-a51a-7a3d4763df08@localhost,SuspiciousTitForTat,D,player_5b8647e2-e519-47d5-9d51-8feba4fabc1a@localhost,Adaptive,C,10,0,1960,1950
392,player_8b70fe95-2f9a-4438-a51a-7a3d4763df08@localhost,SuspiciousTitForTat,C,player_5b8647e2-e519-47d5-9d51-8feba4fabc1a@localhost,Adaptive,D,0,10,1960,1960
393,player_8b70fe95-2f9a-4438-a51a-7a3d4763df08@localhost,SuspiciousTitForTat,D,player_5b8647e2-e519-47d5-9d51-8feba4fabc1a@localhost,Adaptive,C,10,0,1970,1960
394,player_8b70fe95-2f9a-4438-a51a-7a3d4763df08@localhost,SuspiciousTitForTat,C,player_5b8647e2-e519-47d5-9d51-8feba4fabc1a@localhost,Adaptive,D,0,10,1970,1970
395,player_8b70fe95-2f9a-4438-a51a-7a3d4763df08@localhost,SuspiciousTitForTat,D,player_5b8647e2-e519-47d5-9d51-8feba4fabc1a@localhost,Adaptive,C,10,0,1980,1970
396,player_8b70fe95-2f9a-4438-a51a-7a3d4763df08@localhost,SuspiciousTitForTat,C,player_5b8647e2-e519-47d5-9d51-8feba4fabc1a@localhost,Adaptive,D,0,10,1980,1980
397,player_8b70fe95-2f9a-4438-a51a-7a3d4763df08@localhost,SuspiciousTitForTat,D,player_5b8647e2-e519-47d5-9d51-8feba4fabc1a@localhost,Adaptive,C,10,0,1990,1980
398,player_8b70fe95-2f9a-4438-a51a-7a3d4763df08@localhost,SuspiciousTitForTat,C,player_5b8647e2-e519-47d5-9d51-8feba4fabc1a@localhost,Adaptive,D,0,10,1990,1990
399,player_8b70fe95-2f9a-4438-a51a-7a3d4763df08@localhost,SuspiciousTitForTat,D,player_5b8647e2-e519-47d5-9d51-8feba4fabc1a@localhost,Adaptive,C,10,0,2000,1990
400,player_8b70fe95-2f9a-4438-a51a-7a3d4763df08@localhost,SuspiciousTitForTat,C,player_5b8647e2-e519-47d5-9d51-8feba4fabc1a@localhost,Adaptive,D,0,10,2000,2000
401,player_8b70fe95-2f9a-4438-a51a-7a3d4763df08@localhost,SuspiciousTitForTat,D,player_5b8647e2-e519-47d5-9d51-8feba4fabc1a@localhost,Adaptive,C,10,0,2010,2000
402,player_8b70fe95-2f9a-4438-a51a-7a3d4763df08@localhost,SuspiciousTitForTat,C,player_5b8647e2-e519-47d5-9d51-8feba4fabc1a@localhost,Adaptive,D,0,10,2010,2010
403,player_8b70fe95-2f9a-4438-a51a-7a3d4763df08@localhost,SuspiciousTitForTat,D,player_5b8647e2-e519-47d5-9d51-8feba4fabc1a@localhost,Adaptive,C,10,0,2020,2010
404,player_8b70fe95-2f9a-4438-a51a-7a3d4763df08@localhost,SuspiciousTitForTat,C,player_5b8647e2-e519-47d5-9d51-8feba4fabc1a@localhost,Adaptive,D,0,10,2020,2020
405,player_8b70fe95-2f9a-4438-a51a-7a3d4763df08@localhost,SuspiciousTitForTat,D,player_5b8647e2-e519-47d5-9d51-8feba4fabc1a@localhost,Adaptive,C,10,0,2030,2020
406,player_8b70fe95-2f9a-4438-a51a-7a3d4763df08@localhost,SuspiciousTitForTat,C,player_5b8647e2-e519-47d5-9d51-8feba4fabc1a@localhost,Adaptive,D,0,10,2030,2030
407,player_8b70fe95-2f9a-4438-a51a-7a3d4763df08@localhost,SuspiciousTitForTat,D,player_5b8647e2-e519-47d5-9d51-8feba4fabc1a@localhost,Adaptive,C,10,0,2040,2030
408,player_8b70fe95-2f9a-4438-a51a-7a3d4763df08@localhost,SuspiciousTitForTat,C,player_5b8647e2-e519-47d5-9d51-8feba4fabc1a@localhost,Adaptive,D,0,10,2040,2040
409,player_8b70fe95-2f9a-4438-a51a-7a3d4763df08@localhost,SuspiciousTitForTat,D,player_5b8647e2-e519-47d5-9d51-8feba4fabc1a@localhost,Adaptive,C,10,0,2050,2040
410,player_8b70fe95-2f9a-4438-a51a-7a3d4763df08@localhost,SuspiciousTitForTat,C,player_5b8647e2-e519-47d5-9d51-8feba4fabc1a@localhost,Adaptive,D,0,10,2050,2050
411,player_8b70fe95-2f9a-4438-a51a-7a3d4763df08@localhost,SuspiciousTitForTat,D,player_5b8647e2-e519-47d5-9d51-8feba4fabc1a@localhost,Adaptive,C,10,0,2060,2050
412,player_8b70fe95-2f9a-4438-a51a-7a3d4763df08@localhost,SuspiciousTitForTat,C,player_5b8647e2-e519-47d5-9d51-8feba4fabc1a@localhost,Adaptive,D,0,10,2060,2060
413,player_8b70fe95-2f9a-4438-a51a-7a3d4763df08@localhost,SuspiciousTitForTat,D,player_5b8647e2-e519-47d5-9d51-8feba4fabc1a@localhost,Adaptive,C,10,0,2070,2060
414,player_8b70fe95-2f9a-4438-a51a-7a3d4763df08@localhost,SuspiciousTitForTat,C,player_5b8647e2-e519-47d5-9d51-8feba4fabc1a@localhost,Adaptive,D,0,10,2070,2070
415,player_8b70fe95-2f9a-4438-a51a-7a3d4763df08@localhost,SuspiciousTitForTat,D,player_5b8647e2-e519-47d5-9d51-8feba4fabc1a@localhost,Adaptive,C,10,0,2080,2070
416,player_8b70fe95-2f9a-4438-a51a-7a3d4763df08@localhost,SuspiciousTitForTat,C,player_5b8647e2-e519-47d5-9d51-8feba4fabc1a@localhost,Adaptive,D,0,10,2080,2080
417,player_8b70fe95-2f9a-4438-a51a-7a3d4763df08@localhost,SuspiciousTitForTat,D,player_5b8647e2-e519-47d5-9d51-8feba4fabc1a@localhost,Adaptive,C,10,0,2090,2080
418,player_8b70fe95-2f9a-4438-a51a-7a3d4763df08@localhost,SuspiciousTitForTat,C,player_5b8647e2-e519-47d5-9d51-8feba4fabc1a@localhost,Adaptive,D,0,10,2090,2090
419,player_8b70fe95-2f9a-4438-a51a-7a3d4763df08@localhost,SuspiciousTitForTat,D,player_5b8647e2-e519-47d5-9d51-8feba4fabc1a@localhost,Adaptive,C,10,0,2100,2090
420,player_8b70fe95-2f9a-4438-a51a-7a3d4763df08@localhost,SuspiciousTitForTat,C,player_5b8647e2-e519-47d5-9d51-8feba4fabc1a@localhost,Adaptive,D,0,10,2100,2100
421,player_8b70fe95-2f9a-4438-a51a-7a3d4763df08@localhost,SuspiciousTitForTat,D,player_5b8647e2-e519-47d5-9d51-8feba4fabc1a@localhost,Adaptive,C,10,0,2110,2100
422,player_8b70fe95-2f9a-4438-a51a-7a3d4763df08@localhost,SuspiciousTitForTat,C,player_5b8647e2-e519-47d5-9d51-8feba4fabc1a@localhost,Adaptive,D,0,10,2110,2110
423,player_8b70fe95-2f9a-4438-a51a-7a3d4763df08@localhost,SuspiciousTitForTat,D,player_5b8647e2-e519-47d5-9d51-8feba4fabc1a@localhost,Adaptive,C,10,0,2120,2110
424,player_8b70fe95-2f9a-4438-a51a-7a3d4763df08@localhost,SuspiciousTitForTat,C,player_5b8647e2-e519-47d5-9d51-8feba4fabc1a@localhost,Adaptive,D,0,10,2120,2120
425,player_8b70fe95-2f9a-4438-a51a-7a3d4763df08@localhost,SuspiciousTitForTat,D,player_5b8647e2-e519-47d5-9d51-8feba4fabc1a@localhost,Adaptive,C,10,0,2130,2120
426,player_8b70fe95-2f9a-4438-a51a-7a3d4763df08@localhost,SuspiciousTitForTat,C,player_5b8647e2-e519-47d5-9d51-8feba4fabc1a@localhost,Adaptive,D,0,10,2130,2130
427,player_8b70fe95-2f9a-4438-a51a-7a3d4763df08@localhost,SuspiciousTitForTat,D,player_5b8647e2-e519-47d5-9d51-8feba4fabc1a@localhost,Adaptive,C,10,0,2140,2130
428,player_8b70fe95-2f9a-4438-a51a-7a3d4763df08@localhost,SuspiciousTitForTat,C,player_5b8647e2-e519-47d5-9d51-8feba4fabc1a@localhost,Adaptive,D,0,10,2140,2140
429,player_8b70fe95-2f9a-4438-a51a-7a3d4763df08@localhost,SuspiciousTitForTat,D,player_5b8647e2-e519-47d5-9d51-8feba4fabc1a@localhost,Adaptive,C,10,0,2150,2140
430,player_8b70fe95-2f9a-4438-a51a-7a3d4763df08@localhost,SuspiciousTitForTat,C,player_5b8647e2-e519-47d5-9d51-8feba4fabc1a@localhost,Adaptive,D,0,10,2150,2150
431,player_8b70fe95-2f9a-4438-a51a-7a3d4763df08@localhost,SuspiciousTitForTat,D,player_5b8647e2-e519-47d5-9d51-8feba4fabc1a@localhost,Adaptive,C,10,0,2160,2150
432,player_8b70fe95-2f9a-4438-a51a-7a3d4763df08@localhost,SuspiciousTitForTat,C,player_5b8647e2-e519-47d5-9d51-8feba4fabc1a@localhost,Adaptive,D,0,10,2160,2160
433,player_8b70fe95-2f9a-4438-a51a-7a3d4763df08@localhost,SuspiciousTitForTat,D,player_5b8647e2-e519-47d5-9d51-8feba4fabc1a@localhost,Adaptive,C,10,0,2170,2160
434,player_8b70fe95-2f9a-4438-a51a-7a3d4763df08@localhost,SuspiciousTitForTat,C,player_5b8647e2-e519-47d5-9d51-8feba4fabc1a@localhost,Adaptive,D,0,10,2170,2170
435,player_8b70fe95-2f9a-4438-a51a-7a3d4763df08@localhost,SuspiciousTitForTat,D,player_5b8647e2-e519-47d5-9d51-8feba4fabc1a@localhost,Adaptive,C,10,0,2180,2170
436,player_8b70fe95-2f9a-4438-a51a-7a3d4763df08@localhost,SuspiciousTitForTat,C,player_5b8647e2-e519-47d5-9d51-8feba4fabc1a@localhost,Adaptive,D,0,10,2180,2180
437,player_8b70fe95-2f9a-4438-a51a-7a3d4763df08@localhost,SuspiciousTitForTat,D,player_5b8647e2-e519-47d5-9d51-8feba4fabc1a@localhost,Adaptive,C,10,0,2190,2180
438,player_8b70fe95-2f9a-4438-a51a-7a3d4763df08@localhost,SuspiciousTitForTat,C,player_5b8647e2-e519-47d5-9d51-8feba4fabc1a@localhost,Adaptive,D,0,10,2190,2190
439,player_8b70fe95-2f9a-4438-a51a-7a3d4763df08@localhost,SuspiciousTitForTat,D,player_5b8647e2-e519-47d5-9d51-8feba4fabc1a@localhost,Adaptive,C,10,0,2200,2190
440,player_8b70fe95-2f9a-4438-a51a-7a3d4763df08@localhost,SuspiciousTitForTat,C,player_5b8647e2-e519-47d5-9d51-8feba4fabc1a@localhost,Adaptive,D,0,10,2200,2200
441,player_8b70fe95-2f9a-4438-a51a-7a3d4763df08@localhost,SuspiciousTitForTat,D,player_5b8647e2-e519-47d5-9d51-8feba4fabc1a@localhost,Adaptive,C,10,0,2210,2200
442,player_8b70fe95-2f9a-4438-a51a-7a3d4763df08@localhost,SuspiciousTitForTat,C,player_5b8647e2-e519-47d5-9d51-8feba4fabc1a@localhost,Adaptive,D,0,10,2210,2210
443,player_8b70fe95-2f9a-4438-a51a-7a3d4763df08@localhost,SuspiciousTitForTat,D,player_5b8647e2-e519-47d5-9d51-8feba4fabc1a@localhost,Adaptive,C,10,0,2220,2210
444,player_8b70fe95-2f9a-4438-a51a-7a3d4763df08@localhost,SuspiciousTitForTat,C,player_5b8647e2-e519-47d5-9d51-8feba4fabc1a@localhost,Adaptive,D,0,10,2220,2220
445,player_8b70fe95-2f9a-4438-a51a-7a3d4763df08@localhost,SuspiciousTitForTat,D,player_5b8647e2-e519-47d5-9d51-8feba4fabc1a@localhost,Adaptive,C,10,0,2230,2220
446,player_8b70fe95-2f9a-4438-a51a-7a3d4763df08@localhost,SuspiciousTitForTat,C,player_5b8647e2-e519-47d5-9d51-8feba4fabc1a@localhost,Adaptive,D,0,10,2230,2230
447,player_8b70fe95-2f9a-4438-a51a-7a3d4763df08@localhost,SuspiciousTitForTat,D,player_5b8647e2-e519-47d5-9d51-8feba4fabc1a@localhost,Adaptive,C,10,0,2240,2230
448,player_8b70fe95-2f9a-4438-a51a-7a3d4763df08@localhost,SuspiciousTitForTat,C,player_5b8647e2-e519-47d5-9d51-8feba4fabc1a@localhost,Adaptive,D,0,10,2240,2240
449,player_8b70fe95-2f9a-4438-a51a-7a3d4763df08@localhost,SuspiciousTitForTat,D,player_5b8647e2-e519-47d5-9d51-8feba4fabc1a@localhost,Adaptive,C,10,0,2250,2240
450,player_8b70fe95-2f9a-4438-a51a-7a3d4763df08@localhost,SuspiciousTitForTat,C,player_5b8647e2-e519-47d5-9d51-8feba4fabc1a@localhost,Adaptive,D,0,10,2250,2250
451,player_8b70fe95-2f9a-4438-a51a-7a3d4763df08@localhost,SuspiciousTitForTat,D,player_5b8647e2-e519-47d5-9d51-8feba4fabc1a@localhost,Adaptive,C,10,0,2260,2250
452,player_8b70fe95-2f9a-4438-a51a-7a3d4763df08@localhost,SuspiciousTitForTat,C,player_5b8647e2-e519-47d5-9d51-8feba4fabc1a@localhost,Adaptive,D,0,10,2260,2260
453,player_8b70fe95-2f9a-4438-a51a-7a3d4763df08@localhost,SuspiciousTitForTat,D,player_5b8647e2-e519-47d5-9d51-8feba4fabc1a@localhost,Adaptive,C,10,0,2270,2260
454,player_8b70fe95-2f9a-4438-a51a-7a3d4763df08@localhost,SuspiciousTitForTat,C,player_5b8647e2-e519-47d5-9d51-8feba4fabc1a@localhost,Adaptive,D,0,10,2270,2270
455,player_8b70fe95-2f9a-4438-a51a-7a3d4763df08@localhost,SuspiciousTitForTat,D,player_5b8647e2-e519-47d5-9d51-8feba4fabc1a@localhost,Adaptive,C,10,0,2280,2270
456,player_8b70fe95-2f9a-4438-a51a-7a3d4763df08@localhost,SuspiciousTitForTat,C,player_5b8647e2-e519-47d5-9d51-8feba4fabc1a@localhost,Adaptive,D,0,10,2280,2280
457,player_8b70fe95-2f9a-4438-a51a-7a3d4763df08@localhost,SuspiciousTitForTat,D,player_5b8647e2-e519-47d5-9d51-8feba4fabc1a@localhost,Adaptive,C,10,0,2290,2280
458,player_8b70fe95-2f9a-4438-a51a-7a3d4763df08@localhost,SuspiciousTitForTat,C,player_5b8647e2-e519-47d5-9d51-8feba4fabc1a@localhost,Adaptive,D,0,10,2290,2290
459,player_8b70fe95-2f9a-4438-a51a-7a3d4763df08@localhost,SuspiciousTitForTat,D,player_5b8647e2-e519-47d5-9d51-8feba4fabc1a@localhost,Adaptive,C,10,0,2300,2290
460,player_8b70fe95-2f9a-4438-a51a-7a3d4763df08@localhost,SuspiciousTitForTat,C,player_5b8647e2-e519-47d5-9d51-8feba4fabc1a@localhost,Adaptive,D,0,10,2300,2300
461,player_8b70fe95-2f9a-4438-a51a-7a3d4763df08@localhost,SuspiciousTitForTat,D,player_5b8647e2-e519-47d5-9d51-8feba4fabc1a@localhost,Adaptive,C,10,0,2310,2300
462,player_8b70fe95-2f9a-4438-a51a-7a3d4763df08@localhost,SuspiciousTitForTat,C,player_5b8647e2-e519-47d5-9d51-8feba4fabc1a@localhost,Adaptive,D,0,10,2310,2310
463,player_8b70fe95-2f9a-4438-a51a-7a3d4763df08@localhost,SuspiciousTitForTat,D,player_5b8647e2-e519-47d5-9d51-8feba4fabc1a@localhost,Adaptive,C,10,0,2320,2310
464,player_8b70fe95-2f9a-4438-a51a-7a3d4763df08@localhost,SuspiciousTitForTat,C,player_5b8647e2-e519-47d5-9d51-8feba4fabc1a@localhost,Adaptive,D,0,10,2320,2320
465,player_8b70fe95-2f9a-4438-a51a-7a3d4763df08@localhost,SuspiciousTitForTat,D,player_5b8647e2-e519-47d5-9d51-8feba4fabc1a@localhost,Adaptive,C,10,0,2330,2320
466,player_8b70fe95-2f9a-4438-a51a-7a3d4763df08@localhost,SuspiciousTitForTat,C,player_5b8647e2-e519-47d5-9d51-8feba4fabc1a@localhost,Adaptive,D,0,10,2330,2330
467,player_8b70fe95-2f9a-4438-a51a-7a3d4763df08@localhost,SuspiciousTitForTat,D,player_5b8647e2-e519-47d5-9d51-8feba4fabc1a@localhost,Adaptive,C,10,0,2340,2330
468,player_8b70fe95-2f9a-4438-a51a-7a3d4763df08@localhost,SuspiciousTitForTat,C,player_5b8647e2-e519-47d5-9d51-8feba4fabc1a@localhost,Adaptive,D,0,10,2340,2340
469,player_8b70fe95-2f9a-4438-a51a-7a3d4763df08@localhost,SuspiciousTitForTat,D,player_5b8647e2-e519-47d5-9d51-8feba4fabc1a@localhost,Adaptive,C,10,0,2350,2340
470,player_8b70fe95-2f9a-4438-a51a-7a3d4763df08@localhost,SuspiciousTitForTat,C,player_5b8647e2-e519-47d5-9d51-8feba4fabc1a@localhost,Adaptive,D,0,10,2350,2350
471,player_8b70fe95-2f9a-4438-a51a-7a3d4763df08@localhost,SuspiciousTitForTat,D,player_5b8647e2-e519-47d5-9d51-8feba4fabc1a@localhost,Adaptive,C,10,0,2360,2350
472,player_8b70fe95-2f9a-4438-a51a-7a3d4763df08@localhost,SuspiciousTitForTat,C,player_5b8647e2-e519-47d5-9d51-8feba4fabc1a@localhost,Adaptive,D,0,10,2360,2360
473,player_8b70fe95-2f9a-4438-a51a-7a3d4763df08@localhost,SuspiciousTitForTat,D,player_5b8647e2-e519-47d5-9d51-8feba4fabc1a@localhost,Adaptive,C,10,0,2370,2360
474,player_8b70fe95-2f9a-4438-a51a-7a3d4763df08@localhost,SuspiciousTitForTat,C,player_5b8647e2-e519-47d5-9d51-8feba4fabc1a@localhost,Adaptive,D,0,10,2370,2370
475,player_8b70fe95-2f9a-4438-a51a-7a3d4763df08@localhost,SuspiciousTitForTat,D,player_5b8647e2-e519-47d5-9d51-8feba4fabc1a@localhost,Adaptive,C,10,0,2380,2370
476,player_8b70fe95-2f9a-4438-a51a-7a3d4763df08@localhost,SuspiciousTitForTat,C,player_5b8647e2-e519-47d5-9d51-8feba4fabc1a@localhost,Adaptive,D,0,10,2380,2380
477,player_8b70fe95-2f9a-4438-a51a-7a3d4763df08@localhost,SuspiciousTitForTat,D,player_5b8647e2-e519-47d5-9d51-8feba4fabc1a@localhost,Adaptive,C,10,0,2390,2380
478,player_8b70fe95-2f9a-4438-a51a-7a3d4763df08@localhost,SuspiciousTitForTat,C,player_5b8647e2-e519-47d5-9d51-8feba4fabc1a@localhost,Adaptive,D,0,10,2390,2390
479,player_8b70fe95-2f9a-4438-a51a-7a3d4763df08@localhost,SuspiciousTitForTat,D,player_5b8647e2-e519-47d5-9d51-8feba4fabc1a@localhost,Adaptive,C,10,0,2400,2390
480,player_8b70fe95-2f9a-4438-a51a-7a3d4763df08@localhost,SuspiciousTitForTat,C,player_5b8647e2-e519-47d5-9d51-8feba4fabc1a@localhost,Adaptive,D,0,10,2400,2400
481,player_8b70fe95-2f9a-4438-a51a-7a3d4763df08@localhost,SuspiciousTitForTat,D,player_5b8647e2-e519-47d5-9d51-8feba4fabc1a@localhost,Adaptive,C,10,0,2410,2400
482,player_8b70fe95-2f9a-4438-a51a-7a3d4763df08@localhost,SuspiciousTitForTat,C,player_5b8647e2-e519-47d5-9d51-8feba4fabc1a@localhost,Adaptive,D,0,10,2410,2410
483,player_8b70fe95-2f9a-4438-a51a-7a3d4763df08@localhost,SuspiciousTitForTat,D,player_5b8647e2-e519-47d5-9d51-8feba4fabc1a@localhost,Adaptive,C,10,0,2420,2410
484,player_8b70fe95-2f9a-4438-a51a-7a3d4763df08@localhost,SuspiciousTitForTat,C,player_5b8647e2-e519-47d5-9d51-8feba4fabc1a@localhost,Adaptive,D,0,10,2420,2420
485,player_8b70fe95-2f9a-4438-a51a-7a3d4763df08@localhost,SuspiciousTitForTat,D,player_5b8647e2-e519-47d5-9d51-8feba4fabc1a@localhost,Adaptive,C,10,0,2430,2420
486,player_8b70fe95-2f9a-4438-a51a-7a3d4763df08@localhost,SuspiciousTitForTat,C,player_5b8647e2-e519-47d5-9d51-8feba4fabc1a@localhost,Adaptive,D,0,10,2430,2430
487,player_8b70fe95-2f9a-4438-a51a-7a3d4763df08@localhost,SuspiciousTitForTat,D,player_5b8647e2-e519-47d5-9d51-8feba4fabc1a@localhost,Adaptive,C,10,0,2440,2430
488,player_8b70fe95-2f9a-4438-a51a-7a3d4763df08@localhost,SuspiciousTitForTat,C,player_5b8647e2-e519-47d5-9d51-8feba4fabc1a@localhost,Adaptive,D,0,10,2440,2440
489,player_8b70fe95-2f9a-4438-a51a-7a3d4763df08@localhost,SuspiciousTitForTat,D,player_5b8647e2-e519-47d5-9d51-8feba4fabc1a@localhost,Adaptive,C,10,0,2450,2440
490,player_8b70fe95-2f9a-4438-a51a-7a3d4763df08@localhost,SuspiciousTitForTat,C,player_5b8647e2-e519-47d5-9d51-8feba4fabc1a@localhost,Adaptive,D,0,10,2450,2450
491,player_8b70fe95-2f9a-4438-a51a-7a3d4763df08@localhost,SuspiciousTitForTat,D,player_5b8647e2-e519-47d5-9d51-8feba4fabc1a@localhost,Adaptive,C,10,0,2460,2450
492,player_8b70fe95-2f9a-4438-a51a-7a3d4763df08@localhost,SuspiciousTitForTat,C,player_5b8647e2-e519-47d5-9d51-8feba4fabc1a@localhost,Adaptive,D,0,10,2460,2460
493,player_8b70fe95-2f9a-4438-a51a-7a3d4763df08@localhost,SuspiciousTitForTat,D,player_5b8647e2-e519-47d5-9d51-8feba4fabc1a@localhost,Adaptive,C,10,0,2470,2460
494,player_8b70fe95-2f9a-4438-a51a-7a3d4763df08@localhost,SuspiciousTitForTat,C,player_5b8647e2-e519-47d5-9d51-8feba4fabc1a@localhost,Adaptive,D,0,10,2470,2470
495,player_8b70fe95-2f9a-4438-a51a-7a3d4763df08@localhost,SuspiciousTitForTat,D,player_5b8647e2-e519-47d5-9d51-8feba4fabc1a@localhost,Adaptive,C,10,0,2480,2470
496,player_8b70fe95-2f9a-4438-a51a-7a3d4763df08@localhost,SuspiciousTitForTat,C,player_5b8647e2-e519-47d5-9d51-8feba4fabc1a@localhost,Adaptive,D,0,10,2480,2480
497,player_8b70fe95-2f9a-4438-a51a-7a3d4763df08@localhost,SuspiciousTitForTat,D,player_5b8647e2-e519-47d5-9d51-8feba4fabc1a@localhost,Adaptive,C,10,0,2490,2480
498,player_8b70fe95-2f9a-4438-a51a-7a3d4763df08@localhost,SuspiciousTitForTat,C,player_5b8647e2-e519-47d5-9d51-8feba4fabc1a@localhost,Adaptive,D,0,10,2490,2490
499,player_8b70fe95-2f9a-4438-a51a-7a3d4763df08@localhost,SuspiciousTitForTat,D,player_5b8647e2-e519-47d5-9d51-8feba4fabc1a@localhost,Adaptive,C,10,0,2500,2490
500,player_8b70fe95-2f9a-4438-a51a-7a3d4763df08@localhost,SuspiciousTitForTat,C,player_5b8647e2-e519-47d5-9d51-8feba4fabc1a@localhost,Adaptive,D,0,10,2500,2500
501,player_8b70fe95-2f9a-4438-a51a-7a3d4763df08@localhost,SuspiciousTitForTat,D,player_5b8647e2-e519-47d5-9d51-8feba4fabc1a@localhost,Adaptive,C,10,0,2510,2500
502,player_8b70fe95-2f9a-4438-a51a-7a3d4763df08@localhost,SuspiciousTitForTat,C,player_5b8647e2-e519-47d5-9d51-8feba4fabc1a@localhost,Adaptive,D,0,10,2510,2510
503,player_8b70fe95-2f9a-4438-a51a-7a3d4763df08@localhost,SuspiciousTitForTat,D,player_5b8647e2-e519-47d5-9d51-8feba4fabc1a@localhost,Adaptive,C,10,0,2520,2510
504,player_8b70fe95-2f9a-4438-a51a-7a3d4763df08@localhost,SuspiciousTitForTat,C,player_5b8647e2-e519-47d5-9d51-8feba4fabc1a@localhost,Adaptive,D,0,10,2520,2520
505,player_8b70fe95-2f9a-4438-a51a-7a3d4763df08@localhost,SuspiciousTitForTat,D,player_5b8647e2-e519-47d5-9d51-8feba4fabc1a@localhost,Adaptive,C,10,0,2530,2520
506,player_8b70fe95-2f9a-4438-a51a-7a3d4763df08@localhost,SuspiciousTitForTat,C,player_5b8647e2-e519-47d5-9d51-8feba4fabc1a@localhost,Adaptive,D,0,10,2530,2530
507,player_8b70fe95-2f9a-4438-a51a-7a3d4763df08@localhost,SuspiciousTitForTat,D,player_5b8647e2-e519-47d5-9d51-8feba4fabc1a@localhost,Adaptive,C,10,0,2540,2530
508,player_8b70fe95-2f9a-4438-a51a-7a3d4763df08@localhost,SuspiciousTitForTat,C,player_5b8647e2-e519-47d5-9d51-8feba4fabc1a@localhost,Adaptive,D,0,10,2540,2540
509,player_8b70fe95-2f9a-4438-a51a-7a3d4763df08@localhost,SuspiciousTitForTat,D,player_5b8647e2-e519-47d5-9d51-8feba4fabc1a@localhost,Adaptive,C,10,0,2550,2540
510,player_8b70fe95-2f9a-4438-a51a-7a3d4763df08@localhost,SuspiciousTitForTat,C,player_5b8647e2-e519-47d5-9d51-8feba4fabc1a@localhost,Adaptive,D,0,10,2550,2550
511,player_8b70fe95-2f9a-4438-a51a-7a3d4763df08@localhost,SuspiciousTitForTat,D,player_5b8647e2-e519-47d5-9d51-8feba4fabc1a@localhost,Adaptive,C,10,0,2560,2550
512,player_8b70fe95-2f9a-4438-a51a-7a3d4763df08@localhost,SuspiciousTitForTat,C,player_5b8647e2-e519-47d5-9d51-8feba4fabc1a@localhost,Adaptive,D,0,10,2560,2560
513,player_8b70fe95-2f9a-4438-a51a-7a3d4763df08@localhost,SuspiciousTitForTat,D,player_5b8647e2-e519-47d5-9d51-8feba4fabc1a@localhost,Adaptive,C,10,0,2570,2560
514,player_8b70fe95-2f9a-4438-a51a-7a3d4763df08@localhost,SuspiciousTitForTat,C,player_5b8647e2-e519-47d5-9d51-8feba4fabc1a@localhost,Adaptive,D,0,10,2570,2570
515,player_8b70fe95-2f9a-4438-a51a-7a3d4763df08@localhost,SuspiciousTitForTat,D,player_5b8647e2-e519-47d5-9d51-8feba4fabc1a@localhost,Adaptive,C,10,0,2580,2570
516,player_8b70fe95-2f9a-4438-a51a-7a3d4763df08@localhost,SuspiciousTitForTat,C,player_5b8647e2-e519-47d5-9d51-8feba4fabc1a@localhost,Adaptive,D,0,10,2580,2580
517,player_8b70fe95-2f9a-4438-a51a-7a3d4763df08@localhost,SuspiciousTitForTat,D,player_5b8647e2-e519-47d5-9d51-8feba4fabc1a@localhost,Adaptive,C,10,0,2590,2580
518,player_8b70fe95-2f9a-4438-a51a-7a3d4763df08@localhost,SuspiciousTitForTat,C,player_5b8647e2-e519-47d5-9d51-8feba4fabc1a@localhost,Adaptive,D,0,10,2590,2590
519,player_8b70fe95-2f9a-4438-a51a-7a3d4763df08@localhost,SuspiciousTitForTat,D,player_5b8647e2-e519-47d5-9d51-8feba4fabc1a@localhost,Adaptive,C,10,0,2600,2590
520,player_8b70fe95-2f9a-4438-a51a-7a3d4763df08@localhost,SuspiciousTitForTat,C,player_5b8647e2-e519-47d5-9d51-8feba4fabc1a@localhost,Adaptive,D,0,10,2600,2600
521,player_8b70fe95-2f9a-4438-a51a-7a3d4763df08@localhost,SuspiciousTitForTat,D,player_5b8647e2-e519-47d5-9d51-8feba4fabc1a@localhost,Adaptive,C,10,0,2610,2600
522,player_8b70fe95-2f9a-4438-a51a-7a3d4763df08@localhost,SuspiciousTitForTat,C,player_5b8647e2-e519-47d5-9d51-8feba4fabc1a@localhost,Adaptive,D,0,10,2610,2610
523,player_8b70fe95-2f9a-4438-a51a-7a3d4763df08@localhost,SuspiciousTitForTat,D,player_5b8647e2-e519-47d5-9d51-8feba4fabc1a@localhost,Adaptive,C,10,0,2620,2610
524,player_8b70fe95-2f9a-4438-a51a-7a3d4763df08@localhost,SuspiciousTitForTat,C,player_5b8647e2-e519-47d5-9d51-8feba4fabc1a@localhost,Adaptive,D,0,10,2620,2620
525,player_8b70fe95-2f9a-4438-a51a-7a3d4763df08@localhost,SuspiciousTitForTat,D,player_5b8647e2-e519-47d5-9d51-8feba4fabc1a@localhost,Adaptive,C,10,0,2630,2620
526,player_8b70fe95-2f9a-4438-a51a-7a3d4763df08@localhost,SuspiciousTitForTat,C,player_5b8647e2-e519-47d5-9d51-8feba4fabc1a@localhost,Adaptive,D,0,10,2630,2630
527,player_8b70fe95-2f9a-4438-a51a-7a3d4763df08@localhost,SuspiciousTitForTat,D,player_5b8647e2-e519-47d5-9d51-8feba4fabc1a@localhost,Adaptive,C,10,0,2640,2630
528,player_8b70fe95-2f9a-4438-a51a-7a3d4763df08@localhost,SuspiciousTitForTat,C,player_5b8647e2-e519-47d5-9d51-8feba4fabc1a@localhost,Adaptive,D,0,10,2640,2640
529,player_8b70fe95-2f9a-4438-a51a-7a3d4763df08@localhost,SuspiciousTitForTat,D,player_5b8647e2-e519-47d5-9d51-8feba4fabc1a@localhost,Adaptive,C,10,0,2650,2640
530,player_8b70fe95-2f9a-4438-a51a-7a3d4763df08@localhost,SuspiciousTitForTat,C,player_5b8647e2-e519-47d5-9d51-8feba4fabc1a@localhost,Adaptive,D,0,10,2650,2650
531,player_8b70fe95-2f9a-4438-a51a-7a3d4763df08@localhost,SuspiciousTitForTat,D,player_5b8647e2-e519-47d5-9d51-8feba4fabc1a@localhost,Adaptive,C,10,0,2660,2650
532,player_8b70fe95-2f9a-4438-a51a-7a3d4763df08@localhost,SuspiciousTitForTat,C,player_5b8647e2-e519-47d5-9d51-8feba4fabc1a@localhost,Adaptive,D,0,10,2660,2660
533,player_8b70fe95-2f9a-4438-a51a-7a3d4763df08@localhost,SuspiciousTitForTat,D,player_5b8647e2-e519-47d5-9d51-8feba4fabc1a@localhost,Adaptive,C,10,0,2670,2660
534,player_8b70fe95-2f9a-4438-a51a-7a3d4763df08@localhost,SuspiciousTitForTat,C,player_5b8647e2-e519-47d5-9d51-8feba4fabc1a@localhost,Adaptive,D,0,10,2670,2670
535,player_8b70fe95-2f9a-4438-a51a-7a3d4763df08@localhost,SuspiciousTitForTat,D,player_5b8647e2-e519-47d5-9d51-8feba4fabc1a@localhost,Adaptive,C,10,0,2680,2670
536,player_8b70fe95-2f9a-4438-a51a-7a3d4763df08@localhost,SuspiciousTitForTat,C,player_5b8647e2-e519-47d5-9d51-8feba4fabc1a@localhost,Adaptive,D,0,10,2680,2680
537,player_8b70fe95-2f9a-4438-a51a-7a3d4763df08@localhost,SuspiciousTitForTat,D,player_5b8647e2-e519-47d5-9d51-8feba4fabc1a@localhost,Adaptive,C,10,0,2690,2680
538,player_8b70fe95-2f9a-4438-a51a-7a3d4763df08@localhost,SuspiciousTitForTat,C,player_5b8647e2-e519-47d5-9d51-8feba4fabc1a@localhost,Adaptive,D,0,10,2690,2690
539,player_8b70fe95-2f9a-4438-a51a-7a3d4763df08@localhost,SuspiciousTitForTat,D,player_5b8647e2-e519-47d5-9d51-8feba4fabc1a@localhost,Adaptive,C,10,0,2700,2690
540,player_8b70fe95-2f9a-4438-a51a-7a3d4763df08@localhost,SuspiciousTitForTat,C,player_5b8647e2-e519-47d5-9d51-8feba4fabc1a@localhost,Adaptive,D,0,10,2700,2700
541,player_8b70fe95-2f9a-4438-a51a-7a3d4763df08@localhost,SuspiciousTitForTat,D,player_5b8647e2-e519-47d5-9d51-8feba4fabc1a@localhost,Adaptive,C,10,0,2710,2700
542,player_8b70fe95-2f9a-4438-a51a-7a3d4763df08@localhost,SuspiciousTitForTat,C,player_5b8647e2-e519-47d5-9d51-8feba4fabc1a@localhost,Adaptive,D,0,10,2710,2710
543,player_8b70fe95-2f9a-4438-a51a-7a3d4763df08@localhost,SuspiciousTitForTat,D,player_5b8647e2-e519-47d5-9d51-8feba4fabc1a@localhost,Adaptive,C,10,0,2720,2710
544,player_8b70fe95-2f9a-4438-a51a-7a3d4763df08@localhost,SuspiciousTitForTat,C,player_5b8647e2-e519-47d5-9d51-8feba4fabc1a@localhost,Adaptive,D,0,10,2720,2720
545,player_8b70fe95-2f9a-4438-a51a-7a3d4763df08@localhost,SuspiciousTitForTat,D,player_5b8647e2-e519-47d5-9d51-8feba4fabc1a@localhost,Adaptive,C,10,0,2730,2720
546,player_8b70fe95-2f9a-4438-a51a-7a3d4763df08@localhost,SuspiciousTitForTat,C,player_5b8647e2-e519-47d5-9d51-8feba4fabc1a@localhost,Adaptive,D,0,10,2730,2730
547,player_8b70fe95-2f9a-4438-a51a-7a3d4763df08@localhost,SuspiciousTitForTat,D,player_5b8647e2-e519-47d5-9d51-8feba4fabc1a@localhost,Adaptive,C,10,0,2740,2730
548,player_8b70fe95-2f9a-4438-a51a-7a3d4763df08@localhost,SuspiciousTitForTat,C,player_5b8647e2-e519-47d5-9d51-8feba4fabc1a@localhost,Adaptive,D,0,10,2740,2740
549,player_8b70fe95-2f9a-4438-a51a-7a3d4763df08@localhost,SuspiciousTitForTat,D,player_5b8647e2-e519-47d5-9d51-8feba4fabc1a@localhost,Adaptive,C,10,0,2750,2740
550,player_8b70fe95-2f9a-4438-a51a-7a3d4763df08@localhost,SuspiciousTitForTat,C,player_5b8647e2-e519-47d5-9d51-8feba4fabc1a@localhost,Adaptive,D,0,10,2750,2750
551,player_8b70fe95-2f9a-4438-a51a-7a3d4763df08@localhost,SuspiciousTitForTat,D,player_5b8647e2-e519-47d5-9d51-8feba4fabc1a@localhost,Adaptive,C,10,0,2760,2750
552,player_8b70fe95-2f9a-4438-a51a-7a3d4763df08@localhost,SuspiciousTitForTat,C,player_5b8647e2-e519-47d5-9d51-8feba4fabc1a@localhost,Adaptive,D,0,10,2760,2760
553,player_8b70fe95-2f9a-4438-a51a-7a3d4763df08@localhost,SuspiciousTitForTat,D,player_5b8647e2-e519-47d5-9d51-8feba4fabc1a@localhost,Adaptive,C,10,0,2770,2760
554,player_8b70fe95-2f9a-4438-a51a-7a3d4763df08@localhost,SuspiciousTitForTat,C,player_5b8647e2-e519-47d5-9d51-8feba4fabc1a@localhost,Adaptive,D,0,10,2770,2770
555,player_8b70fe95-2f9a-4438-a51a-7a3d4763df08@localhost,SuspiciousTitForTat,D,player_5b8647e2-e519-47d5-9d51-8feba4fabc1a@localhost,Adaptive,C,10,0,2780,2770
556,player_8b70fe95-2f9a-4438-a51a-7a3d4763df08@localhost,SuspiciousTitForTat,C,player_5b8647e2-e519-47d5-9d51-8feba4fabc1a@localhost,Adaptive,D,0,10,2780,2780
557,player_8b70fe95-2f9a-4438-a51a-7a3d4763df08@localhost,SuspiciousTitForTat,D,player_5b8647e2-e519-47d5-9d51-8feba4fabc1a@localhost,Adaptive,C,10,0,2790,2780
558,player_8b70fe95-2f9a-4438-a51a-7a3d4763df08@localhost,SuspiciousTitForTat,C,player_5b8647e2-e519-47d5-9d51-8feba4fabc1a@localhost,Adaptive,D,0,10,2790,2790
559,player_8b70fe95-2f9a-4438-a51a-7a3d4763df08@localhost,SuspiciousTitForTat,D,player_5b8647e2-e519-47d5-9d51-8feba4fabc1a@localhost,Adaptive,C,10,0,2800,2790
560,player_8b70fe95-2f9a-4438-a51a-7a3d4763df08@localhost,SuspiciousTitForTat,C,player_5b8647e2-e519-47d5-9d51-8feba4fabc1a@localhost,Adaptive,D,0,10,2800,2800
561,player_8b70fe95-2f9a-4438-a51a-7a3d4763df08@localhost,SuspiciousTitForTat,D,player_5b8647e2-e519-47d5-9d51-8feba4fabc1a@localhost,Adaptive,C,10,0,2810,2800
562,player_8b70fe95-2f9a-4438-a51a-7a3d4763df08@localhost,SuspiciousTitForTat,C,player_5b8647e2-e519-47d5-9d51-8feba4fabc1a@localhost,Adaptive,D,0,10,2810,2810
563,player_8b70fe95-2f9a-4438-a51a-7a3d4763df08@localhost,SuspiciousTitForTat,D,player_5b8647e2-e519-47d5-9d51-8feba4fabc1a@localhost,Adaptive,C,10,0,2820,2810
564,player_8b70fe95-2f9a-4438-a51a-7a3d4763df08@localhost,SuspiciousTitForTat,C,player_5b8647e2-e519-47d5-9d51-8feba4fabc1a@localhost,Adaptive,D,0,10,2820,2820
565,player_8b70fe95-2f9a-4438-a51a-7a3d4763df08@localhost,SuspiciousTitForTat,D,player_5b8647e2-e519-47d5-9d51-8feba4fabc1a@localhost,Adaptive,C,10,0,2830,2820
566,player_8b70fe95-2f9a-4438-a51a-7a3d4763df08@localhost,SuspiciousTitForTat,C,player_5b8647e2-e519-47d5-9d51-8feba4fabc1a@localhost,Adaptive,D,0,10,2830,2830
567,player_8b70fe95-2f9a-4438-a51a-7a3d4763df08@localhost,SuspiciousTitForTat,D,player_5b8647e2-e519-47d5-9d51-8feba4fabc1a@localhost,Adaptive,C,10,0,2840,2830
568,player_8b70fe95-2f9a-4438-a51a-7a3d4763df08@localhost,SuspiciousTitForTat,C,player_5b8647e2-e519-47d5-9d51-8feba4fabc1a@localhost,Adaptive,D,0,10,2840,2840
569,player_8b70fe95-2f9a-4438-a51a-7a3d4763df08@localhost,SuspiciousTitForTat,D,player_5b8647e2-e519-47d5-9d51-8feba4fabc1a@localhost,Adaptive,C,10,0,2850,2840
570,player_8b70fe95-2f9a-4438-a51a-7a3d4763df08@localhost,SuspiciousTitForTat,C,player_5b8647e2-e519-47d5-9d51-8feba4fabc1a@localhost,Adaptive,D,0,10,2850,2850
571,player_8b70fe95-2f9a-4438-a51a-7a3d4763df08@localhost,SuspiciousTitForTat,D,player_5b8647e2-e519-47d5-9d51-8feba4fabc1a@localhost,Adaptive,C,10,0,2860,2850
572,player_8b70fe95-2f9a-4438-a51a-7a3d4763df08@localhost,SuspiciousTitForTat,C,player_5b8647e2-e519-47d5-9d51-8feba4fabc1a@localhost,Adaptive,D,0,10,2860,2860
573,player_8b70fe95-2f9a-4438-a51a-7a3d4763df08@localhost,SuspiciousTitForTat,D,player_5b8647e2-e519-47d5-9d51-8feba4fabc1a@localhost,Adaptive,C,10,0,2870,2860
574,player_8b70fe95-2f9a-4438-a51a-7a3d4763df08@localhost,SuspiciousTitForTat,C,player_5b8647e2-e519-47d5-9d51-8feba4fabc1a@localhost,Adaptive,D,0,10,2870,2870
575,player_8b70fe95-2f9a-4438-a51a-7a3d4763df08@localhost,SuspiciousTitForTat,D,player_5b8647e2-e519-47d5-9d51-8feba4fabc1a@localhost,Adaptive,C,10,0,2880,2870
576,player_8b70fe95-2f9a-4438-a51a-7a3d4763df08@localhost,SuspiciousTitForTat,C,player_5b8647e2-e519-47d5-9d51-8feba4fabc1a@localhost,Adaptive,D,0,10,2880,2880
577,player_8b70fe95-2f9a-4438-a51a-7a3d4763df08@localhost,SuspiciousTitForTat,D,player_5b8647e2-e519-47d5-9d51-8feba4fabc1a@localhost,Adaptive,C,10,0,2890,2880
578,player_8b70fe95-2f9a-4438-a51a-7a3d4763df08@localhost,SuspiciousTitForTat,C,player_5b8647e2-e519-47d5-9d51-8feba4fabc1a@localhost,Adaptive,D,0,10,2890,2890
579,player_8b70fe95-2f9a-4438-a51a-7a3d4763df08@localhost,SuspiciousTitForTat,D,player_5b8647e2-e519-47d5-9d51-8feba4fabc1a@localhost,Adaptive,C,10,0,2900,2890
580,player_8b70fe95-2f9a-4438-a51a-7a3d4763df08@localhost,SuspiciousTitForTat,C,player_5b8647e2-e519-47d5-9d51-8feba4fabc1a@localhost,Adaptive,D,0,10,2900,2900
581,player_8b70fe95-2f9a-4438-a51a-7a3d4763df08@localhost,SuspiciousTitForTat,D,player_5b8647e2-e519-47d5-9d51-8feba4fabc1a@localhost,Adaptive,C,10,0,2910,2900
582,player_8b70fe95-2f9a-4438-a51a-7a3d4763df08@localhost,SuspiciousTitForTat,C,player_5b8647e2-e519-47d5-9d51-8feba4fabc1a@localhost,Adaptive,D,0,10,2910,2910
583,player_8b70fe95-2f9a-4438-a51a-7a3d4763df08@localhost,SuspiciousTitForTat,D,player_5b8647e2-e519-47d5-9d51-8feba4fabc1a@localhost,Adaptive,C,10,0,2920,2910
584,player_8b70fe95-2f9a-4438-a51a-7a3d4763df08@localhost,SuspiciousTitForTat,C,player_5b8647e2-e519-47d5-9d51-8feba4fabc1a@localhost,Adaptive,D,0,10,2920,2920
585,player_8b70fe95-2f9a-4438-a51a-7a3d4763df08@localhost,SuspiciousTitForTat,D,player_5b8647e2-e519-47d5-9d51-8feba4fabc1a@localhost,Adaptive,C,10,0,2930,2920
586,player_8b70fe95-2f9a-4438-a51a-7a3d4763df08@localhost,SuspiciousTitForTat,C,player_5b8647e2-e519-47d5-9d51-8feba4fabc1a@localhost,Adaptive,D,0,10,2930,2930
587,player_8b70fe95-2f9a-4438-a51a-7a3d4763df08@localhost,SuspiciousTitForTat,D,player_5b8647e2-e519-47d5-9d51-8feba4fabc1a@localhost,Adaptive,C,10,0,2940,2930
588,player_8b70fe95-2f9a-4438-a51a-7a3d4763df08@localhost,SuspiciousTitForTat,C,player_5b8647e2-e519-47d5-9d51-8feba4fabc1a@localhost,Adaptive,D,0,10,2940,2940
589,player_8b70fe95-2f9a-4438-a51a-7a3d4763df08@localhost,SuspiciousTitForTat,D,player_5b8647e2-e519-47d5-9d51-8feba4fabc1a@localhost,Adaptive,C,10,0,2950,2940
590,player_8b70fe95-2f9a-4438-a51a-7a3d4763df08@localhost,SuspiciousTitForTat,C,player_5b8647e2-e519-47d5-9d51-8feba4fabc1a@localhost,Adaptive,D,0,10,2950,2950
591,player_8b70fe95-2f9a-4438-a51a-7a3d4763df08@localhost,SuspiciousTitForTat,D,player_5b8647e2-e519-47d5-9d51-8feba4fabc1a@localhost,Adaptive,C,10,0,2960,2950
592,player_8b70fe95-2f9a-4438-a51a-7a3d4763df08@localhost,SuspiciousTitForTat,C,player_5b8647e2-e519-47d5-9d51-8feba4fabc1a@localhost,Adaptive,D,0,10,2960,2960
593,player_8b70fe95-2f9a-4438-a51a-7a3d4763df08@localhost,SuspiciousTitForTat,D,player_5b8647e2-e519-47d5-9d51-8feba4fabc1a@localhost,Adaptive,C,10,0,2970,2960
594,player_8b70fe95-2f9a-4438-a51a-7a3d4763df08@localhost,SuspiciousTitForTat,C,player_5b8647e2-e519-47d5-9d51-8feba4fabc1a@localhost,Adaptive,D,0,10,2970,2970
595,player_8b70fe95-2f9a-4438-a51a-7a3d4763df08@localhost,SuspiciousTitForTat,D,player_5b8647e2-e519-47d5-9d51-8feba4fabc1a@localhost,Adaptive,C,10,0,2980,2970
596,player_8b70fe95-2f9a-4438-a51a-7a3d4763df08@localhost,SuspiciousTitForTat,C,player_5b8647e2-e519-47d5-9d51-8feba4fabc1a@localhost,Adaptive,D,0,10,2980,2980
597,player_8b70fe95-2f9a-4438-a51a-7a3d4763df08@localhost,SuspiciousTitForTat,D,player_5b8647e2-e519-47d5-9d51-8feba4fabc1a@localhost,Adaptive,C,10,0,2990,2980
598,player_8b70fe95-2f9a-4438-a51a-7a3d4763df08@localhost,SuspiciousTitForTat,C,player_5b8647e2-e519-47d5-9d51-8feba4fabc1a@localhost,Adaptive,D,0,10,2990,2990
599,player_8b70fe95-2f9a-4438-a51a-7a3d4763df08@localhost,SuspiciousTitForTat,D,player_5b8647e2-e519-47d5-9d51-8feba4fabc1a@localhost,Adaptive,C,10,0,3000,2990
600,player_8b70fe95-2f9a-4438-a51a-7a3d4763df08@localhost,SuspiciousTitForTat,C,player_5b8647e2-e519-47d5-9d51-8feba4fabc1a@localhost,Adaptive,D,0,10,3000,3000
601,player_8b70fe95-2f9a-4438-a51a-7a3d4763df08@localhost,SuspiciousTitForTat,D,player_5b8647e2-e519-47d5-9d51-8feba4fabc1a@localhost,Adaptive,C,10,0,3010,3000
602,player_8b70fe95-2f9a-4438-a51a-7a3d4763df08@localhost,SuspiciousTitForTat,C,player_5b8647e2-e519-47d5-9d51-8feba4fabc1a@localhost,Adaptive,D,0,10,3010,3010
603,player_8b70fe95-2f9a-4438-a51a-7a3d4763df08@localhost,SuspiciousTitForTat,D,player_5b8647e2-e519-47d5-9d51-8feba4fabc1a@localhost,Adaptive,C,10,0,3020,3010
604,player_8b70fe95-2f9a-4438-a51a-7a3d4763df08@localhost,SuspiciousTitForTat,C,player_5b8647e2-e519-47d5-9d51-8feba4fabc1a@localhost,Adaptive,D,0,10,3020,3020
605,player_8b70fe95-2f9a-4438-a51a-7a3d4763df08@localhost,SuspiciousTitForTat,D,player_5b8647e2-e519-47d5-9d51-8feba4fabc1a@localhost,Adaptive,C,10,0,3030,3020
606,player_8b70fe95-2f9a-4438-a51a-7a3d4763df08@localhost,SuspiciousTitForTat,C,player_5b8647e2-e519-47d5-9d51-8feba4fabc1a@localhost,Adaptive,D,0,10,3030,3030
607,player_8b70fe95-2f9a-4438-a51a-7a3d4763df08@localhost,SuspiciousTitForTat,D,player_5b8647e2-e519-47d5-9d51-8feba4fabc1a@localhost,Adaptive,C,10,0,3040,3030
608,player_8b70fe95-2f9a-4438-a51a-7a3d4763df08@localhost,SuspiciousTitForTat,C,player_5b8647e2-e519-47d5-9d51-8feba4fabc1a@localhost,Adaptive,D,0,10,3040,3040
609,player_8b70fe95-2f9a-4438-a51a-7a3d4763df08@localhost,SuspiciousTitForTat,D,player_5b8647e2-e519-47d5-9d51-8feba4fabc1a@localhost,Adaptive,C,10,0,3050,3040
610,player_8b70fe95-2f9a-4438-a51a-7a3d4763df08@localhost,SuspiciousTitForTat,C,player_5b8647e2-e519-47d5-9d51-8feba4fabc1a@localhost,Adaptive,D,0,10,3050,3050
611,player_8b70fe95-2f9a-4438-a51a-7a3d4763df08@localhost,SuspiciousTitForTat,D,player_5b8647e2-e519-47d5-9d51-8feba4fabc1a@localhost,Adaptive,C,10,0,3060,3050
612,player_8b70fe95-2f9a-4438-a51a-7a3d4763df08@localhost,SuspiciousTitForTat,C,player_5b8647e2-e519-47d5-9d51-8feba4fabc1a@localhost,Adaptive,D,0,10,3060,3060
613,player_8b70fe95-2f9a-4438-a51a-7a3d4763df08@localhost,SuspiciousTitForTat,D,player_5b8647e2-e519-47d5-9d51-8feba4fabc1a@localhost,Adaptive,C,10,0,3070,3060
614,player_8b70fe95-2f9a-4438-a51a-7a3d4763df08@localhost,SuspiciousTitForTat,C,player_5b8647e2-e519-47d5-9d51-8feba4fabc1a@localhost,Adaptive,D,0,10,3070,3070
615,player_8b70fe95-2f9a-4438-a51a-7a3d4763df08@localhost,SuspiciousTitForTat,D,player_5b8647e2-e519-47d5-9d51-8feba4fabc1a@localhost,Adaptive,C,10,0,3080,3070
616,player_8b70fe95-2f9a-4438-a51a-7a3d4763df08@localhost,SuspiciousTitForTat,C,player_5b8647e2-e519-47d5-9d51-8feba4fabc1a@localhost,Adaptive,D,0,10,3080,3080
617,player_8b70fe95-2f9a-4438-a51a-7a3d4763df08@localhost,SuspiciousTitForTat,D,player_5b8647e2-e519-47d5-9d51-8feba4fabc1a@localhost,Adaptive,C,10,0,3090,3080
618,player_8b70fe95-2f9a-4438-a51a-7a3d4763df08@localhost,SuspiciousTitForTat,C,player_5b8647e2-e519-47d5-9d51-8feba4fabc1a@localhost,Adaptive,D,0,10,3090,3090
619,player_8b70fe95-2f9a-4438-a51a-7a3d4763df08@localhost,SuspiciousTitForTat,D,player_5b8647e2-e519-47d5-9d51-8feba4fabc1a@localhost,Adaptive,C,10,0,3100,3090
620,player_8b70fe95-2f9a-4438-a51a-7a3d4763df08@localhost,SuspiciousTitForTat,C,player_5b8647e2-e519-47d5-9d51-8feba4fabc1a@localhost,Adaptive,D,0,10,3100,3100
621,player_8b70fe95-2f9a-4438-a51a-7a3d4763df08@localhost,SuspiciousTitForTat,D,player_5b8647e2-e519-47d5-9d51-8feba4fabc1a@localhost,Adaptive,C,10,0,3110,3100
622,player_8b70fe95-2f9a-4438-a51a-7a3d4763df08@localhost,SuspiciousTitForTat,C,player_5b8647e2-e519-47d5-9d51-8feba4fabc1a@localhost,Adaptive,D,0,10,3110,3110
623,player_8b70fe95-2f9a-4438-a51a-7a3d4763df08@localhost,SuspiciousTitForTat,D,player_5b8647e2-e519-47d5-9d51-8feba4fabc1a@localhost,Adaptive,C,10,0,3120,3110
624,player_8b70fe95-2f9a-4438-a51a-7a3d4763df08@localhost,SuspiciousTitForTat,C,player_5b8647e2-e519-47d5-9d51-8feba4fabc1a@localhost,Adaptive,D,0,10,3120,3120
625,player_8b70fe95-2f9a-4438-a51a-7a3d4763df08@localhost,SuspiciousTitForTat,D,player_5b8647e2-e519-47d5-9d51-8feba4fabc1a@localhost,Adaptive,C,10,0,3130,3120
626,player_8b70fe95-2f9a-4438-a51a-7a3d4763df08@localhost,SuspiciousTitForTat,C,player_5b8647e2-e519-47d5-9d51-8feba4fabc1a@localhost,Adaptive,D,0,10,3130,3130
627,player_8b70fe95-2f9a-4438-a51a-7a3d4763df08@localhost,SuspiciousTitForTat,D,player_5b8647e2-e519-47d5-9d51-8feba4fabc1a@localhost,Adaptive,C,10,0,3140,3130
628,player_8b70fe95-2f9a-4438-a51a-7a3d4763df08@localhost,SuspiciousTitForTat,C,player_5b8647e2-e519-47d5-9d51-8feba4fabc1a@localhost,Adaptive,D,0,10,3140,3140
629,player_8b70fe95-2f9a-4438-a51a-7a3d4763df08@localhost,SuspiciousTitForTat,D,player_5b8647e2-e519-47d5-9d51-8feba4fabc1a@localhost,Adaptive,C,10,0,3150,3140
630,player_8b70fe95-2f9a-4438-a51a-7a3d4763df08@localhost,SuspiciousTitForTat,C,player_5b8647e2-e519-47d5-9d51-8feba4fabc1a@localhost,Adaptive,D,0,10,3150,3150
631,player_8b70fe95-2f9a-4438-a51a-7a3d4763df08@localhost,SuspiciousTitForTat,D,player_5b8647e2-e519-47d5-9d51-8feba4fabc1a@localhost,Adaptive,C,10,0,3160,3150
632,player_8b70fe95-2f9a-4438-a51a-7a3d4763df08@localhost,SuspiciousTitForTat,C,player_5b8647e2-e519-47d5-9d51-8feba4fabc1a@localhost,Adaptive,D,0,10,3160,3160
633,player_8b70fe95-2f9a-4438-a51a-7a3d4763df08@localhost,SuspiciousTitForTat,D,player_5b8647e2-e519-47d5-9d51-8feba4fabc1a@localhost,Adaptive,C,10,0,3170,3160
634,player_8b70fe95-2f9a-4438-a51a-7a3d4763df08@localhost,SuspiciousTitForTat,C,player_5b8647e2-e519-47d5-9d51-8feba4fabc1a@localhost,Adaptive,D,0,10,3170,3170
635,player_8b70fe95-2f9a-4438-a51a-7a3d4763df08@localhost,SuspiciousTitForTat,D,player_5b8647e2-e519-47d5-9d51-8feba4fabc1a@localhost,Adaptive,C,10,0,3180,3170
636,player_8b70fe95-2f9a-4438-a51a-7a3d4763df08@localhost,SuspiciousTitForTat,C,player_5b8647e2-e519-47d5-9d51-8feba4fabc1a@localhost,Adaptive,D,0,10,3180,3180
637,player_8b70fe95-2f9a-4438-a51a-7a3d4763df08@localhost,SuspiciousTitForTat,D,player_5b8647e2-e519-47d5-9d51-8feba4fabc1a@localhost,Adaptive,C,10,0,3190,3180
638,player_8b70fe95-2f9a-4438-a51a-7a3d4763df08@localhost,SuspiciousTitForTat,C,player_5b8647e2-e519-47d5-9d51-8feba4fabc1a@localhost,Adaptive,D,0,10,3190,3190
639,player_8b70fe95-2f9a-4438-a51a-7a3d4763df08@localhost,SuspiciousTitForTat,D,player_5b8647e2-e519-47d5-9d51-8feba4fabc1a@localhost,Adaptive,C,10,0,3200,3190
640,player_8b70fe95-2f9a-4438-a51a-7a3d4763df08@localhost,SuspiciousTitForTat,C,player_5b8647e2-e519-47d5-9d51-8feba4fabc1a@localhost,Adaptive,D,0,10,3200,3200
641,player_8b70fe95-2f9a-4438-a51a-7a3d4763df08@localhost,SuspiciousTitForTat,D,player_5b8647e2-e519-47d5-9d51-8feba4fabc1a@localhost,Adaptive,C,10,0,3210,3200
642,player_8b70fe95-2f9a-4438-a51a-7a3d4763df08@localhost,SuspiciousTitForTat,C,player_5b8647e2-e519-47d5-9d51-8feba4fabc1a@localhost,Adaptive,D,0,10,3210,3210
643,player_8b70fe95-2f9a-4438-a51a-7a3d4763df08@localhost,SuspiciousTitForTat,D,player_5b8647e2-e519-47d5-9d51-8feba4fabc1a@localhost,Adaptive,C,10,0,3220,3210
644,player_8b70fe95-2f9a-4438-a51a-7a3d4763df08@localhost,SuspiciousTitForTat,C,player_5b8647e2-e519-47d5-9d51-8feba4fabc1a@localhost,Adaptive,D,0,10,3220,3220
645,player_8b70fe95-2f9a-4438-a51a-7a3d4763df08@localhost,SuspiciousTitForTat,D,player_5b8647e2-e519-47d5-9d51-8feba4fabc1a@localhost,Adaptive,C,10,0,3230,3220
646,player_8b70fe95-2f9a-4438-a51a-7a3d4763df08@localhost,SuspiciousTitForTat,C,player_5b8647e2-e519-47d5-9d51-8feba4fabc1a@localhost,Adaptive,D,0,10,3230,3230
647,player_8b70fe95-2f9a-4438-a51a-7a3d4763df08@localhost,SuspiciousTitForTat,D,player_5b8647e2-e519-47d5-9d51-8feba4fabc1a@localhost,Adaptive,C,10,0,3240,3230
648,player_8b70fe95-2f9a-4438-a51a-7a3d4763df08@localhost,SuspiciousTitForTat,C,player_5b8647e2-e519-47d5-9d51-8feba4fabc1a@localhost,Adaptive,D,0,10,3240,3240
649,player_8b70fe95-2f9a-4438-a51a-7a3d4763df08@localhost,SuspiciousTitForTat,D,player_5b8647e2-e519-47d5-9d51-8feba4fabc1a@localhost,Adaptive,C,10,0,3250,3240
650,player_8b70fe95-2f9a-4438-a51a-7a3d4763df08@localhost,SuspiciousTitForTat,C,player_5b8647e2-e519-47d5-9d51-8feba4fabc1a@localhost,Adaptive,D,0,10,3250,3250
651,player_8b70fe95-2f9a-4438-a51a-7a3d4763df08@localhost,SuspiciousTitForTat,D,player_5b8647e2-e519-47d5-9d51-8feba4fabc1a@localhost,Adaptive,C,10,0,3260,3250
652,player_8b70fe95-2f9a-4438-a51a-7a3d4763df08@localhost,SuspiciousTitForTat,C,player_5b8647e2-e519-47d5-9d51-8feba4fabc1a@localhost,Adaptive,D,0,10,3260,3260
653,player_8b70fe95-2f9a-4438-a51a-7a3d4763df08@localhost,SuspiciousTitForTat,D,player_5b8647e2-e519-47d5-9d51-8feba4fabc1a@localhost,Adaptive,C,10,0,3270,3260
654,player_8b70fe95-2f9a-4438-a51a-7a3d4763df08@localhost,SuspiciousTitForTat,C,player_5b8647e2-e519-47d5-9d51-8feba4fabc1a@localhost,Adaptive,D,0,10,3270,3270
655,player_8b70fe95-2f9a-4438-a51a-7a3d4763df08@localhost,SuspiciousTitForTat,D,player_5b8647e2-e519-47d5-9d51-8feba4fabc1a@localhost,Adaptive,C,10,0,3280,3270
656,player_8b70fe95-2f9a-4438-a51a-7a3d4763df08@localhost,SuspiciousTitForTat,C,player_5b8647e2-e519-47d5-9d51-8feba4fabc1a@localhost,Adaptive,D,0,10,3280,3280
657,player_8b70fe95-2f9a-4438-a51a-7a3d4763df08@localhost,SuspiciousTitForTat,D,player_5b8647e2-e519-47d5-9d51-8feba4fabc1a@localhost,Adaptive,C,10,0,3290,3280
658,player_8b70fe95-2f9a-4438-a51a-7a3d4763df08@localhost,SuspiciousTitForTat,C,player_5b8647e2-e519-47d5-9d51-8feba4fabc1a@localhost,Adaptive,D,0,10,3290,3290
659,player_8b70fe95-2f9a-4438-a51a-7a3d4763df08@localhost,SuspiciousTitForTat,D,player_5b8647e2-e519-47d5-9d51-8feba4fabc1a@localhost,Adaptive,C,10,0,3300,3290
660,player_8b70fe95-2f9a-4438-a51a-7a3d4763df08@localhost,SuspiciousTitForTat,C,player_5b8647e2-e519-47d5-9d51-8feba4fabc1a@localhost,Adaptive,D,0,10,3300,3300
661,player_8b70fe95-2f9a-4438-a51a-7a3d4763df08@localhost,SuspiciousTitForTat,D,player_5b8647e2-e519-47d5-9d51-8feba4fabc1a@localhost,Adaptive,C,10,0,3310,3300
662,player_8b70fe95-2f9a-4438-a51a-7a3d4763df08@localhost,SuspiciousTitForTat,C,player_5b8647e2-e519-47d5-9d51-8feba4fabc1a@localhost,Adaptive,D,0,10,3310,3310
663,player_8b70fe95-2f9a-4438-a51a-7a3d4763df08@localhost,SuspiciousTitForTat,D,player_5b8647e2-e519-47d5-9d51-8feba4fabc1a@localhost,Adaptive,C,10,0,3320,3310
664,player_8b70fe95-2f9a-4438-a51a-7a3d4763df08@localhost,SuspiciousTitForTat,C,player_5b8647e2-e519-47d5-9d51-8feba4fabc1a@localhost,Adaptive,D,0,10,3320,3320
665,player_8b70fe95-2f9a-4438-a51a-7a3d4763df08@localhost,SuspiciousTitForTat,D,player_5b8647e2-e519-47d5-9d51-8feba4fabc1a@localhost,Adaptive,C,10,0,3330,3320
666,player_8b70fe95-2f9a-4438-a51a-7a3d4763df08@localhost,SuspiciousTitForTat,C,player_5b8647e2-e519-47d5-9d51-8feba4fabc1a@localhost,Adaptive,D,0,10,3330,3330
667,player_8b70fe95-2f9a-4438-a51a-7a3d4763df08@localhost,SuspiciousTitForTat,D,player_5b8647e2-e519-47d5-9d51-8feba4fabc1a@localhost,Adaptive,C,10,0,3340,3330
668,player_8b70fe95-2f9a-4438-a51a-7a3d4763df08@localhost,SuspiciousTitForTat,C,player_5b8647e2-e519-47d5-9d51-8feba4fabc1a@localhost,Adaptive,D,0,10,3340,3340
669,player_8b70fe95-2f9a-4438-a51a-7a3d4763df08@localhost,SuspiciousTitForTat,D,player_5b8647e2-e519-47d5-9d51-8feba4fabc1a@localhost,Adaptive,C,10,0,3350,3340
670,player_8b70fe95-2f9a-4438-a51a-7a3d4763df08@localhost,SuspiciousTitForTat,C,player_5b8647e2-e519-47d5-9d51-8feba4fabc1a@localhost,Adaptive,D,0,10,3350,3350
671,player_8b70fe95-2f9a-4438-a51a-7a3d4763df08@localhost,SuspiciousTitForTat,D,player_5b8647e2-e519-47d5-9d51-8feba4fabc1a@localhost,Adaptive,C,10,0,3360,3350
672,player_8b70fe95-2f9a-4438-a51a-7a3d4763df08@localhost,SuspiciousTitForTat,C,player_5b8647e2-e519-47d5-9d51-8feba4fabc1a@localhost,Adaptive,D,0,10,3360,3360
673,player_8b70fe95-2f9a-4438-a51a-7a3d4763df08@localhost,SuspiciousTitForTat,D,player_5b8647e2-e519-47d5-9d51-8feba4fabc1a@localhost,Adaptive,C,10,0,3370,3360
674,player_8b70fe95-2f9a-4438-a51a-7a3d4763df08@localhost,SuspiciousTitForTat,C,player_5b8647e2-e519-47d5-9d51-8feba4fabc1a@localhost,Adaptive,D,0,10,3370,3370
675,player_8b70fe95-2f9a-4438-a51a-7a3d4763df08@localhost,SuspiciousTitForTat,D,player_5b8647e2-e519-47d5-9d51-8feba4fabc1a@localhost,Adaptive,C,10,0,3380,3370
676,player_8b70fe95-2f9a-4438-a51a-7a3d4763df08@localhost,SuspiciousTitForTat,C,player_5b8647e2-e519-47d5-9d51-8feba4fabc1a@localhost,Adaptive,D,0,10,3380,3380
677,player_8b70fe95-2f9a-4438-a51a-7a3d4763df08@localhost,SuspiciousTitForTat,D,player_5b8647e2-e519-47d5-9d51-8feba4fabc1a@localhost,Adaptive,C,10,0,3390,3380
678,player_8b70fe95-2f9a-4438-a51a-7a3d4763df08@localhost,SuspiciousTitForTat,C,player_5b8647e2-e519-47d5-9d51-8feba4fabc1a@localhost,Adaptive,D,0,10,3390,3390
679,player_8b70fe95-2f9a-4438-a51a-7a3d4763df08@localhost,SuspiciousTitForTat,D,player_5b8647e2-e519-47d5-9d51-8feba4fabc1a@localhost,Adaptive,C,10,0,3400,3390
680,player_8b70fe95-2f9a-4438-a51a-7a3d4763df08@localhost,SuspiciousTitForTat,C,player_5b8647e2-e519-47d5-9d51-8feba4fabc1a@localhost,Adaptive,D,0,10,3400,3400
681,player_8b70fe95-2f9a-4438-a51a-7a3d4763df08@localhost,SuspiciousTitForTat,D,player_5b8647e2-e519-47d5-9d51-8feba4fabc1a@localhost,Adaptive,C,10,0,3410,3400
682,player_8b70fe95-2f9a-4438-a51a-7a3d4763df08@localhost,SuspiciousTitForTat,C,player_5b8647e2-e519-47d5-9d51-8feba4fabc1a@localhost,Adaptive,D,0,10,3410,3410
683,player_8b70fe95-2f9a-4438-a51a-7a3d4763df08@localhost,SuspiciousTitForTat,D,player_5b8647e2-e519-47d5-9d51-8feba4fabc1a@localhost,Adaptive,C,10,0,3420,3410
684,player_8b70fe95-2f9a-4438-a51a-7a3d4763df08@localhost,SuspiciousTitForTat,C,player_5b8647e2-e519-47d5-9d51-8feba4fabc1a@localhost,Adaptive,D,0,10,3420,3420
685,player_8b70fe95-2f9a-4438-a51a-7a3d4763df08@localhost,SuspiciousTitForTat,D,player_5b8647e2-e519-47d5-9d51-8feba4fabc1a@localhost,Adaptive,C,10,0,3430,3420
686,player_8b70fe95-2f9a-4438-a51a-7a3d4763df08@localhost,SuspiciousTitForTat,C,player_5b8647e2-e519-47d5-9d51-8feba4fabc1a@localhost,Adaptive,D,0,10,3430,3430
687,player_8b70fe95-2f9a-4438-a51a-7a3d4763df08@localhost,SuspiciousTitForTat,D,player_5b8647e2-e519-47d5-9d51-8feba4fabc1a@localhost,Adaptive,C,10,0,3440,3430
688,player_8b70fe95-2f9a-4438-a51a-7a3d4763df08@localhost,SuspiciousTitForTat,C,player_5b8647e2-e519-47d5-9d51-8feba4fabc1a@localhost,Adaptive,D,0,10,3440,3440
689,player_8b70fe95-2f9a-4438-a51a-7a3d4763df08@localhost,SuspiciousTitForTat,D,player_5b8647e2-e519-47d5-9d51-8feba4fabc1a@localhost,Adaptive,C,10,0,3450,3440
690,player_8b70fe95-2f9a-4438-a51a-7a3d4763df08@localhost,SuspiciousTitForTat,C,player_5b8647e2-e519-47d5-9d51-8feba4fabc1a@localhost,Adaptive,D,0,10,3450,3450
691,player_8b70fe95-2f9a-4438-a51a-7a3d4763df08@localhost,SuspiciousTitForTat,D,player_5b8647e2-e519-47d5-9d51-8feba4fabc1a@localhost,Adaptive,C,10,0,3460,3450
692,player_8b70fe95-2f9a-4438-a51a-7a3d4763df08@localhost,SuspiciousTitForTat,C,player_5b8647e2-e519-47d5-9d51-8feba4fabc1a@localhost,Adaptive,D,0,10,3460,3460
693,player_8b70fe95-2f9a-4438-a51a-7a3d4763df08@localhost,SuspiciousTitForTat,D,player_5b8647e2-e519-47d5-9d51-8feba4fabc1a@localhost,Adaptive,C,10,0,3470,3460
694,player_8b70fe95-2f9a-4438-a51a-7a3d4763df08@localhost,SuspiciousTitForTat,C,player_5b8647e2-e519-47d5-9d51-8feba4fabc1a@localhost,Adaptive,D,0,10,3470,3470
695,player_8b70fe95-2f9a-4438-a51a-7a3d4763df08@localhost,SuspiciousTitForTat,D,player_5b8647e2-e519-47d5-9d51-8feba4fabc1a@localhost,Adaptive,C,10,0,3480,3470
696,player_8b70fe95-2f9a-4438-a51a-7a3d4763df08@localhost,SuspiciousTitForTat,C,player_5b8647e2-e519-47d5-9d51-8feba4fabc1a@localhost,Adaptive,D,0,10,3480,3480
697,player_8b70fe95-2f9a-4438-a51a-7a3d4763df08@localhost,SuspiciousTitForTat,D,player_5b8647e2-e519-47d5-9d51-8feba4fabc1a@localhost,Adaptive,C,10,0,3490,3480
698,player_8b70fe95-2f9a-4438-a51a-7a3d4763df08@localhost,SuspiciousTitForTat,C,player_5b8647e2-e519-47d5-9d51-8feba4fabc1a@localhost,Adaptive,D,0,10,3490,3490
699,player_8b70fe95-2f9a-4438-a51a-7a3d4763df08@localhost,SuspiciousTitForTat,D,player_5b8647e2-e519-47d5-9d51-8feba4fabc1a@localhost,Adaptive,C,10,0,3500,3490
700,player_8b70fe95-2f9a-4438-a51a-7a3d4763df08@localhost,SuspiciousTitForTat,C,player_5b8647e2-e519-47d5-9d51-8feba4fabc1a@localhost,Adaptive,D,0,10,3500,3500
701,player_8b70fe95-2f9a-4438-a51a-7a3d4763df08@localhost,SuspiciousTitForTat,D,player_5b8647e2-e519-47d5-9d51-8feba4fabc1a@localhost,Adaptive,C,10,0,3510,3500
702,player_8b70fe95-2f9a-4438-a51a-7a3d4763df08@localhost,SuspiciousTitForTat,C,player_5b8647e2-e519-47d5-9d51-8feba4fabc1a@localhost,Adaptive,D,0,10,3510,3510
703,player_8b70fe95-2f9a-4438-a51a-7a3d4763df08@localhost,SuspiciousTitForTat,D,player_5b8647e2-e519-47d5-9d51-8feba4fabc1a@localhost,Adaptive,C,10,0,3520,3510
704,player_8b70fe95-2f9a-4438-a51a-7a3d4763df08@localhost,SuspiciousTitForTat,C,player_5b8647e2-e519-47d5-9d51-8feba4fabc1a@localhost,Adaptive,D,0,10,3520,3520
705,player_8b70fe95-2f9a-4438-a51a-7a3d4763df08@localhost,SuspiciousTitForTat,D,player_5b8647e2-e519-47d5-9d51-8feba4fabc1a@localhost,Adaptive,C,10,0,3530,3520
706,player_8b70fe95-2f9a-4438-a51a-7a3d4763df08@localhost,SuspiciousTitForTat,C,player_5b8647e2-e519-47d5-9d51-8feba4fabc1a@localhost,Adaptive,D,0,10,3530,3530
707,player_8b70fe95-2f9a-4438-a51a-7a3d4763df08@localhost,SuspiciousTitForTat,D,player_5b8647e2-e519-47d5-9d51-8feba4fabc1a@localhost,Adaptive,C,10,0,3540,3530
708,player_8b70fe95-2f9a-4438-a51a-7a3d4763df08@localhost,SuspiciousTitForTat,C,player_5b8647e2-e519-47d5-9d51-8feba4fabc1a@localhost,Adaptive,D,0,10,3540,3540
709,player_8b70fe95-2f9a-4438-a51a-7a3d4763df08@localhost,SuspiciousTitForTat,D,player_5b8647e2-e519-47d5-9d51-8feba4fabc1a@localhost,Adaptive,C,10,0,3550,3540
710,player_8b70fe95-2f9a-4438-a51a-7a3d4763df08@localhost,SuspiciousTitForTat,C,player_5b8647e2-e519-47d5-9d51-8feba4fabc1a@localhost,Adaptive,D,0,10,3550,3550
711,player_8b70fe95-2f9a-4438-a51a-7a3d4763df08@localhost,SuspiciousTitForTat,D,player_5b8647e2-e519-47d5-9d51-8feba4fabc1a@localhost,Adaptive,C,10,0,3560,3550
712,player_8b70fe95-2f9a-4438-a51a-7a3d4763df08@localhost,SuspiciousTitForTat,C,player_5b8647e2-e519-47d5-9d51-8feba4fabc1a@localhost,Adaptive,D,0,10,3560,3560
713,player_8b70fe95-2f9a-4438-a51a-7a3d4763df08@localhost,SuspiciousTitForTat,D,player_5b8647e2-e519-47d5-9d51-8feba4fabc1a@localhost,Adaptive,C,10,0,3570,3560
714,player_8b70fe95-2f9a-4438-a51a-7a3d4763df08@localhost,SuspiciousTitForTat,C,player_5b8647e2-e519-47d5-9d51-8feba4fabc1a@localhost,Adaptive,D,0,10,3570,3570
715,player_8b70fe95-2f9a-4438-a51a-7a3d4763df08@localhost,SuspiciousTitForTat,D,player_5b8647e2-e519-47d5-9d51-8feba4fabc1a@localhost,Adaptive,C,10,0,3580,3570
716,player_8b70fe95-2f9a-4438-a51a-7a3d4763df08@localhost,SuspiciousTitForTat,C,player_5b8647e2-e519-47d5-9d51-8feba4fabc1a@localhost,Adaptive,D,0,10,3580,3580
717,player_8b70fe95-2f9a-4438-a51a-7a3d4763df08@localhost,SuspiciousTitForTat,D,player_5b8647e2-e519-47d5-9d51-8feba4fabc1a@localhost,Adaptive,C,10,0,3590,3580
718,player_8b70fe95-2f9a-4438-a51a-7a3d4763df08@localhost,SuspiciousTitForTat,C,player_5b8647e2-e519-47d5-9d51-8feba4fabc1a@localhost,Adaptive,D,0,10,3590,3590
719,player_8b70fe95-2f9a-4438-a51a-7a3d4763df08@localhost,SuspiciousTitForTat,D,player_5b8647e2-e519-47d5-9d51-8feba4fabc1a@localhost,Adaptive,C,10,0,3600,3590
720,player_8b70fe95-2f9a-4438-a51a-7a3d4763df08@localhost,SuspiciousTitForTat,C,player_5b8647e2-e519-47d5-9d51-8feba4fabc1a@localhost,Adaptive,D,0,10,3600,3600
721,player_8b70fe95-2f9a-4438-a51a-7a3d4763df08@localhost,SuspiciousTitForTat,D,player_5b8647e2-e519-47d5-9d51-8feba4fabc1a@localhost,Adaptive,C,10,0,3610,3600
722,player_8b70fe95-2f9a-4438-a51a-7a3d4763df08@localhost,SuspiciousTitForTat,C,player_5b8647e2-e519-47d5-9d51-8feba4fabc1a@localhost,Adaptive,D,0,10,3610,3610
723,player_8b70fe95-2f9a-4438-a51a-7a3d4763df08@localhost,SuspiciousTitForTat,D,player_5b8647e2-e519-47d5-9d51-8feba4fabc1a@localhost,Adaptive,C,10,0,3620,3610
724,player_8b70fe95-2f9a-4438-a51a-7a3d4763df08@localhost,SuspiciousTitForTat,C,player_5b8647e2-e519-47d5-9d51-8feba4fabc1a@localhost,Adaptive,D,0,10,3620,3620
725,player_8b70fe95-2f9a-4438-a51a-7a3d4763df08@localhost,SuspiciousTitForTat,D,player_5b8647e2-e519-47d5-9d51-8feba4fabc1a@localhost,Adaptive,C,10,0,3630,3620
726,player_8b70fe95-2f9a-4438-a51a-7a3d4763df08@localhost,SuspiciousTitForTat,C,player_5b8647e2-e519-47d5-9d51-8feba4fabc1a@localhost,Adaptive,D,0,10,3630,3630
727,player_8b70fe95-2f9a-4438-a51a-7a3d4763df08@localhost,SuspiciousTitForTat,D,player_5b8647e2-e519-47d5-9d51-8feba4fabc1a@localhost,Adaptive,C,10,0,3640,3630
728,player_8b70fe95-2f9a-4438-a51a-7a3d4763df08@localhost,SuspiciousTitForTat,C,player_5b8647e2-e519-47d5-9d51-8feba4fabc1a@localhost,Adaptive,D,0,10,3640,3640
729,player_8b70fe95-2f9a-4438-a51a-7a3d4763df08@localhost,SuspiciousTitForTat,D,player_5b8647e2-e519-47d5-9d51-8feba4fabc1a@localhost,Adaptive,C,10,0,3650,3640
730,player_8b70fe95-2f9a-4438-a51a-7a3d4763df08@localhost,SuspiciousTitForTat,C,player_5b8647e2-e519-47d5-9d51-8feba4fabc1a@localhost,Adaptive,D,0,10,3650,3650
731,player_8b70fe95-2f9a-4438-a51a-7a3d4763df08@localhost,SuspiciousTitForTat,D,player_5b8647e2-e519-47d5-9d51-8feba4fabc1a@localhost,Adaptive,C,10,0,3660,3650
732,player_8b70fe95-2f9a-4438-a51a-7a3d4763df08@localhost,SuspiciousTitForTat,C,player_5b8647e2-e519-47d5-9d51-8feba4fabc1a@localhost,Adaptive,D,0,10,3660,3660
733,player_8b70fe95-2f9a-4438-a51a-7a3d4763df08@localhost,SuspiciousTitForTat,D,player_5b8647e2-e519-47d5-9d51-8feba4fabc1a@localhost,Adaptive,C,10,0,3670,3660
734,player_8b70fe95-2f9a-4438-a51a-7a3d4763df08@localhost,SuspiciousTitForTat,C,player_5b8647e2-e519-47d5-9d51-8feba4fabc1a@localhost,Adaptive,D,0,10,3670,3670
735,player_8b70fe95-2f9a-4438-a51a-7a3d4763df08@localhost,SuspiciousTitForTat,D,player_5b8647e2-e519-47d5-9d51-8feba4fabc1a@localhost,Adaptive,C,10,0,3680,3670
736,player_8b70fe95-2f9a-4438-a51a-7a3d4763df08@localhost,SuspiciousTitForTat,C,player_5b8647e2-e519-47d5-9d51-8feba4fabc1a@localhost,Adaptive,D,0,10,3680,3680
737,player_8b70fe95-2f9a-4438-a51a-7a3d4763df08@localhost,SuspiciousTitForTat,D,player_5b8647e2-e519-47d5-9d51-8feba4fabc1a@localhost,Adaptive,C,10,0,3690,3680
738,player_8b70fe95-2f9a-4438-a51a-7a3d4763df08@localhost,SuspiciousTitForTat,C,player_5b8647e2-e519-47d5-9d51-8feba4fabc1a@localhost,Adaptive,D,0,10,3690,3690
739,player_8b70fe95-2f9a-4438-a51a-7a3d4763df08@localhost,SuspiciousTitForTat,D,player_5b8647e2-e519-47d5-9d51-8feba4fabc1a@localhost,Adaptive,C,10,0,3700,3690
740,player_8b70fe95-2f9a-4438-a51a-7a3d4763df08@localhost,SuspiciousTitForTat,C,player_5b8647e2-e519-47d5-9d51-8feba4fabc1a@localhost,Adaptive,D,0,10,3700,3700
741,player_8b70fe95-2f9a-4438-a51a-7a3d4763df08@localhost,SuspiciousTitForTat,D,player_5b8647e2-e519-47d5-9d51-8feba4fabc1a@localhost,Adaptive,C,10,0,3710,3700
742,player_8b70fe95-2f9a-4438-a51a-7a3d4763df08@localhost,SuspiciousTitForTat,C,player_5b8647e2-e519-47d5-9d51-8feba4fabc1a@localhost,Adaptive,D,0,10,3710,3710
743,player_8b70fe95-2f9a-4438-a51a-7a3d4763df08@localhost,SuspiciousTitForTat,D,player_5b8647e2-e519-47d5-9d51-8feba4fabc1a@localhost,Adaptive,C,10,0,3720,3710
744,player_8b70fe95-2f9a-4438-a51a-7a3d4763df08@localhost,SuspiciousTitForTat,C,player_5b8647e2-e519-47d5-9d51-8feba4fabc1a@localhost,Adaptive,D,0,10,3720,3720
745,player_8b70fe95-2f9a-4438-a51a-7a3d4763df08@localhost,SuspiciousTitForTat,D,player_5b8647e2-e519-47d5-9d51-8feba4fabc1a@localhost,Adaptive,C,10,0,3730,3720
746,player_8b70fe95-2f9a-4438-a51a-7a3d4763df08@localhost,SuspiciousTitForTat,C,player_5b8647e2-e519-47d5-9d51-8feba4fabc1a@localhost,Adaptive,D,0,10,3730,3730
747,player_8b70fe95-2f9a-4438-a51a-7a3d4763df08@localhost,SuspiciousTitForTat,D,player_5b8647e2-e519-47d5-9d51-8feba4fabc1a@localhost,Adaptive,C,10,0,3740,3730
748,player_8b70fe95-2f9a-4438-a51a-7a3d4763df08@localhost,SuspiciousTitForTat,C,player_5b8647e2-e519-47d5-9d51-8feba4fabc1a@localhost,Adaptive,D,0,10,3740,3740
749,player_8b70fe95-2f9a-4438-a51a-7a3d4763df08@localhost,SuspiciousTitForTat,D,player_5b8647e2-e519-47d5-9d51-8feba4fabc1a@localhost,Adaptive,C,10,0,3750,3740
750,player_8b70fe95-2f9a-4438-a51a-7a3d4763df08@localhost,SuspiciousTitForTat,C,player_5b8647e2-e519-47d5-9d51-8feba4fabc1a@localhost,Adaptive,D,0,10,3750,3750
751,player_8b70fe95-2f9a-4438-a51a-7a3d4763df08@localhost,SuspiciousTitForTat,D,player_5b8647e2-e519-47d5-9d51-8feba4fabc1a@localhost,Adaptive,C,10,0,3760,3750
752,player_8b70fe95-2f9a-4438-a51a-7a3d4763df08@localhost,SuspiciousTitForTat,C,player_5b8647e2-e519-47d5-9d51-8feba4fabc1a@localhost,Adaptive,D,0,10,3760,3760
753,player_8b70fe95-2f9a-4438-a51a-7a3d4763df08@localhost,SuspiciousTitForTat,D,player_5b8647e2-e519-47d5-9d51-8feba4fabc1a@localhost,Adaptive,C,10,0,3770,3760
754,player_8b70fe95-2f9a-4438-a51a-7a3d4763df08@localhost,SuspiciousTitForTat,C,player_5b8647e2-e519-47d5-9d51-8feba4fabc1a@localhost,Adaptive,D,0,10,3770,3770
755,player_8b70fe95-2f9a-4438-a51a-7a3d4763df08@localhost,SuspiciousTitForTat,D,player_5b8647e2-e519-47d5-9d51-8feba4fabc1a@localhost,Adaptive,C,10,0,3780,3770
756,player_8b70fe95-2f9a-4438-a51a-7a3d4763df08@localhost,SuspiciousTitForTat,C,player_5b8647e2-e519-47d5-9d51-8feba4fabc1a@localhost,Adaptive,D,0,10,3780,3780
757,player_8b70fe95-2f9a-4438-a51a-7a3d4763df08@localhost,SuspiciousTitForTat,D,player_5b8647e2-e519-47d5-9d51-8feba4fabc1a@localhost,Adaptive,C,10,0,3790,3780
758,player_8b70fe95-2f9a-4438-a51a-7a3d4763df08@localhost,SuspiciousTitForTat,C,player_5b8647e2-e519-47d5-9d51-8feba4fabc1a@localhost,Adaptive,D,0,10,3790,3790
759,player_8b70fe95-2f9a-4438-a51a-7a3d4763df08@localhost,SuspiciousTitForTat,D,player_5b8647e2-e519-47d5-9d51-8feba4fabc1a@localhost,Adaptive,C,10,0,3800,3790
760,player_8b70fe95-2f9a-4438-a51a-7a3d4763df08@localhost,SuspiciousTitForTat,C,player_5b8647e2-e519-47d5-9d51-8feba4fabc1a@localhost,Adaptive,D,0,10,3800,3800
761,player_8b70fe95-2f9a-4438-a51a-7a3d4763df08@localhost,SuspiciousTitForTat,D,player_5b8647e2-e519-47d5-9d51-8feba4fabc1a@localhost,Adaptive,C,10,0,3810,3800
762,player_8b70fe95-2f9a-4438-a51a-7a3d4763df08@localhost,SuspiciousTitForTat,C,player_5b8647e2-e519-47d5-9d51-8feba4fabc1a@localhost,Adaptive,D,0,10,3810,3810
763,player_8b70fe95-2f9a-4438-a51a-7a3d4763df08@localhost,SuspiciousTitForTat,D,player_5b8647e2-e519-47d5-9d51-8feba4fabc1a@localhost,Adaptive,C,10,0,3820,3810
764,player_8b70fe95-2f9a-4438-a51a-7a3d4763df08@localhost,SuspiciousTitForTat,C,player_5b8647e2-e519-47d5-9d51-8feba4fabc1a@localhost,Adaptive,D,0,10,3820,3820
765,player_8b70fe95-2f9a-4438-a51a-7a3d4763df08@localhost,SuspiciousTitForTat,D,player_5b8647e2-e519-47d5-9d51-8feba4fabc1a@localhost,Adaptive,C,10,0,3830,3820
766,player_8b70fe95-2f9a-4438-a51a-7a3d4763df08@localhost,SuspiciousTitForTat,C,player_5b8647e2-e519-47d5-9d51-8feba4fabc1a@localhost,Adaptive,D,0,10,3830,3830
767,player_8b70fe95-2f9a-4438-a51a-7a3d4763df08@localhost,SuspiciousTitForTat,D,player_5b8647e2-e519-47d5-9d51-8feba4fabc1a@localhost,Adaptive,C,10,0,3840,3830
768,player_8b70fe95-2f9a-4438-a51a-7a3d4763df08@localhost,SuspiciousTitForTat,C,player_5b8647e2-e519-47d5-9d51-8feba4fabc1a@localhost,Adaptive,D,0,10,3840,3840
769,player_8b70fe95-2f9a-4438-a51a-7a3d4763df08@localhost,SuspiciousTitForTat,D,player_5b8647e2-e519-47d5-9d51-8feba4fabc1a@localhost,Adaptive,C,10,0,3850,3840
770,player_8b70fe95-2f9a-4438-a51a-7a3d4763df08@localhost,SuspiciousTitForTat,C,player_5b8647e2-e519-47d5-9d51-8feba4fabc1a@localhost,Adaptive,D,0,10,3850,3850
771,player_8b70fe95-2f9a-4438-a51a-7a3d4763df08@localhost,SuspiciousTitForTat,D,player_5b8647e2-e519-47d5-9d51-8feba4fabc1a@localhost,Adaptive,C,10,0,3860,3850
772,player_8b70fe95-2f9a-4438-a51a-7a3d4763df08@localhost,SuspiciousTitForTat,C,player_5b8647e2-e519-47d5-9d51-8feba4fabc1a@localhost,Adaptive,D,0,10,3860,3860
773,player_8b70fe95-2f9a-4438-a51a-7a3d4763df08@localhost,SuspiciousTitForTat,D,player_5b8647e2-e519-47d5-9d51-8feba4fabc1a@localhost,Adaptive,C,10,0,3870,3860
774,player_8b70fe95-2f9a-4438-a51a-7a3d4763df08@localhost,SuspiciousTitForTat,C,player_5b8647e2-e519-47d5-9d51-8feba4fabc1a@localhost,Adaptive,D,0,10,3870,3870
775,player_8b70fe95-2f9a-4438-a51a-7a3d4763df08@localhost,SuspiciousTitForTat,D,player_5b8647e2-e519-47d5-9d51-8feba4fabc1a@localhost,Adaptive,C,10,0,3880,3870
776,player_8b70fe95-2f9a-4438-a51a-7a3d4763df08@localhost,SuspiciousTitForTat,C,player_5b8647e2-e519-47d5-9d51-8feba4fabc1a@localhost,Adaptive,D,0,10,3880,3880
777,player_8b70fe95-2f9a-4438-a51a-7a3d4763df08@localhost,SuspiciousTitForTat,D,player_5b8647e2-e519-47d5-9d51-8feba4fabc1a@localhost,Adaptive,C,10,0,3890,3880
778,player_8b70fe95-2f9a-4438-a51a-7a3d4763df08@localhost,SuspiciousTitForTat,C,player_5b8647e2-e519-47d5-9d51-8feba4fabc1a@localhost,Adaptive,D,0,10,3890,3890
779,player_8b70fe95-2f9a-4438-a51a-7a3d4763df08@localhost,SuspiciousTitForTat,D,player_5b8647e2-e519-47d5-9d51-8feba4fabc1a@localhost,Adaptive,C,10,0,3900,3890
780,player_8b70fe95-2f9a-4438-a51a-7a3d4763df08@localhost,SuspiciousTitForTat,C,player_5b8647e2-e519-47d5-9d51-8feba4fabc1a@localhost,Adaptive,D,0,10,3900,3900
781,player_8b70fe95-2f9a-4438-a51a-7a3d4763df08@localhost,SuspiciousTitForTat,D,player_5b8647e2-e519-47d5-9d51-8feba4fabc1a@localhost,Adaptive,C,10,0,3910,3900
782,player_8b70fe95-2f9a-4438-a51a-7a3d4763df08@localhost,SuspiciousTitForTat,C,player_5b8647e2-e519-47d5-9d51-8feba4fabc1a@localhost,Adaptive,D,0,10,3910,3910
783,player_8b70fe95-2f9a-4438-a51a-7a3d4763df08@localhost,SuspiciousTitForTat,D,player_5b8647e2-e519-47d5-9d51-8feba4fabc1a@localhost,Adaptive,C,10,0,3920,3910
784,player_8b70fe95-2f9a-4438-a51a-7a3d4763df08@localhost,SuspiciousTitForTat,C,player_5b8647e2-e519-47d5-9d51-8feba4fabc1a@localhost,Adaptive,D,0,10,3920,3920
785,player_8b70fe95-2f9a-4438-a51a-7a3d4763df08@localhost,SuspiciousTitForTat,D,player_5b8647e2-e519-47d5-9d51-8feba4fabc1a@localhost,Adaptive,C,10,0,3930,3920
786,player_8b70fe95-2f9a-4438-a51a-7a3d4763df08@localhost,SuspiciousTitForTat,C,player_5b8647e2-e519-47d5-9d51-8feba4fabc1a@localhost,Adaptive,D,0,10,3930,3930
787,player_8b70fe95-2f9a-4438-a51a-7a3d4763df08@localhost,SuspiciousTitForTat,D,player_5b8647e2-e519-47d5-9d51-8feba4fabc1a@localhost,Adaptive,C,10,0,3940,3930
788,player_8b70fe95-2f9a-4438-a51a-7a3d4763df08@localhost,SuspiciousTitForTat,C,player_5b8647e2-e519-47d5-9d51-8feba4fabc1a@localhost,Adaptive,D,0,10,3940,3940
789,player_8b70fe95-2f9a-4438-a51a-7a3d4763df08@localhost,SuspiciousTitForTat,D,player_5b8647e2-e519-47d5-9d51-8feba4fabc1a@localhost,Adaptive,C,10,0,3950,3940
790,player_8b70fe95-2f9a-4438-a51a-7a3d4763df08@localhost,SuspiciousTitForTat,C,player_5b8647e2-e519-47d5-9d51-8feba4fabc1a@localhost,Adaptive,D,0,10,3950,3950
791,player_8b70fe95-2f9a-4438-a51a-7a3d4763df08@localhost,SuspiciousTitForTat,D,player_5b8647e2-e519-47d5-9d51-8feba4fabc1a@localhost,Adaptive,C,10,0,3960,3950
792,player_8b70fe95-2f9a-4438-a51a-7a3d4763df08@localhost,SuspiciousTitForTat,C,player_5b8647e2-e519-47d5-9d51-8feba4fabc1a@localhost,Adaptive,D,0,10,3960,3960
793,player_8b70fe95-2f9a-4438-a51a-7a3d4763df08@localhost,SuspiciousTitForTat,D,player_5b8647e2-e519-47d5-9d51-8feba4fabc1a@localhost,Adaptive,C,10,0,3970,3960
794,player_8b70fe95-2f9a-4438-a51a-7a3d4763df08@localhost,SuspiciousTitForTat,C,player_5b8647e2-e519-47d5-9d51-8feba4fabc1a@localhost,Adaptive,D,0,10,3970,3970
795,player_8b70fe95-2f9a-4438-a51a-7a3d4763df08@localhost,SuspiciousTitForTat,D,player_5b8647e2-e519-47d5-9d51-8feba4fabc1a@localhost,Adaptive,C,10,0,3980,3970
796,player_8b70fe95-2f9a-4438-a51a-7a3d4763df08@localhost,SuspiciousTitForTat,C,player_5b8647e2-e519-47d5-9d51-8feba4fabc1a@localhost,Adaptive,D,0,10,3980,3980
797,player_8b70fe95-2f9a-4438-a51a-7a3d4763df08@localhost,SuspiciousTitForTat,D,player_5b8647e2-e519-47d5-9d51-8feba4fabc1a@localhost,Adaptive,C,10,0,3990,3980
798,player_8b70fe95-2f9a-4438-a51a-7a3d4763df08@localhost,SuspiciousTitForTat,C,player_5b8647e2-e519-47d5-9d51-8feba4fabc1a@localhost,Adaptive,D,0,10,3990,3990
799,player_8b70fe95-2f9a-4438-a51a-7a3d4763df08@localhost,SuspiciousTitForTat,D,player_5b8647e2-e519-47d5-9d51-8feba4fabc1a@localhost,Adaptive,C,10,0,4000,3990
800,player_8b70fe95-2f9a-4438-a51a-7a3d4763df08@localhost,SuspiciousTitForTat,C,player_5b8647e2-e519-47d5-9d51-8feba4fabc1a@localhost,Adaptive,D,0,10,4000,4000
801,player_8b70fe95-2f9a-4438-a51a-7a3d4763df08@localhost,SuspiciousTitForTat,D,player_5b8647e2-e519-47d5-9d51-8feba4fabc1a@localhost,Adaptive,C,10,0,4010,4000
802,player_8b70fe95-2f9a-4438-a51a-7a3d4763df08@localhost,SuspiciousTitForTat,C,player_5b8647e2-e519-47d5-9d51-8feba4fabc1a@localhost,Adaptive,D,0,10,4010,4010
803,player_8b70fe95-2f9a-4438-a51a-7a3d4763df08@localhost,SuspiciousTitForTat,D,player_5b8647e2-e519-47d5-9d51-8feba4fabc1a@localhost,Adaptive,C,10,0,4020,4010
804,player_8b70fe95-2f9a-4438-a51a-7a3d4763df08@localhost,SuspiciousTitForTat,C,player_5b8647e2-e519-47d5-9d51-8feba4fabc1a@localhost,Adaptive,D,0,10,4020,4020
805,player_8b70fe95-2f9a-4438-a51a-7a3d4763df08@localhost,SuspiciousTitForTat,D,player_5b8647e2-e519-47d5-9d51-8feba4fabc1a@localhost,Adaptive,C,10,0,4030,4020
806,player_8b70fe95-2f9a-4438-a51a-7a3d4763df08@localhost,SuspiciousTitForTat,C,player_5b8647e2-e519-47d5-9d51-8feba4fabc1a@localhost,Adaptive,D,0,10,4030,4030
807,player_8b70fe95-2f9a-4438-a51a-7a3d4763df08@localhost,SuspiciousTitForTat,D,player_5b8647e2-e519-47d5-9d51-8feba4fabc1a@localhost,Adaptive,C,10,0,4040,4030
808,player_8b70fe95-2f9a-4438-a51a-7a3d4763df08@localhost,SuspiciousTitForTat,C,player_5b8647e2-e519-47d5-9d51-8feba4fabc1a@localhost,Adaptive,D,0,10,4040,4040
809,player_8b70fe95-2f9a-4438-a51a-7a3d4763df08@localhost,SuspiciousTitForTat,D,player_5b8647e2-e519-47d5-9d51-8feba4fabc1a@localhost,Adaptive,C,10,0,4050,4040
810,player_8b70fe95-2f9a-4438-a51a-7a3d4763df08@localhost,SuspiciousTitForTat,C,player_5b8647e2-e519-47d5-9d51-8feba4fabc1a@localhost,Adaptive,D,0,10,4050,4050
811,player_8b70fe95-2f9a-4438-a51a-7a3d4763df08@localhost,SuspiciousTitForTat,D,player_5b8647e2-e519-47d5-9d51-8feba4fabc1a@localhost,Adaptive,C,10,0,4060,4050
812,player_8b70fe95-2f9a-4438-a51a-7a3d4763df08@localhost,SuspiciousTitForTat,C,player_5b8647e2-e519-47d5-9d51-8feba4fabc1a@localhost,Adaptive,D,0,10,4060,4060
813,player_8b70fe95-2f9a-4438-a51a-7a3d4763df08@localhost,SuspiciousTitForTat,D,player_5b8647e2-e519-47d5-9d51-8feba4fabc1a@localhost,Adaptive,C,10,0,4070,4060
814,player_8b70fe95-2f9a-4438-a51a-7a3d4763df08@localhost,SuspiciousTitForTat,C,player_5b8647e2-e519-47d5-9d51-8feba4fabc1a@localhost,Adaptive,D,0,10,4070,4070
815,player_8b70fe95-2f9a-4438-a51a-7a3d4763df08@localhost,SuspiciousTitForTat,D,player_5b8647e2-e519-47d5-9d51-8feba4fabc1a@localhost,Adaptive,C,10,0,4080,4070
816,player_8b70fe95-2f9a-4438-a51a-7a3d4763df08@localhost,SuspiciousTitForTat,C,player_5b8647e2-e519-47d5-9d51-8feba4fabc1a@localhost,Adaptive,D,0,10,4080,4080
817,player_8b70fe95-2f9a-4438-a51a-7a3d4763df08@localhost,SuspiciousTitForTat,D,player_5b8647e2-e519-47d5-9d51-8feba4fabc1a@localhost,Adaptive,C,10,0,4090,4080
818,player_8b70fe95-2f9a-4438-a51a-7a3d4763df08@localhost,SuspiciousTitForTat,C,player_5b8647e2-e519-47d5-9d51-8feba4fabc1a@localhost,Adaptive,D,0,10,4090,4090
819,player_8b70fe95-2f9a-4438-a51a-7a3d4763df08@localhost,SuspiciousTitForTat,D,player_5b8647e2-e519-47d5-9d51-8feba4fabc1a@localhost,Adaptive,C,10,0,4100,4090
820,player_8b70fe95-2f9a-4438-a51a-7a3d4763df08@localhost,SuspiciousTitForTat,C,player_5b8647e2-e519-47d5-9d51-8feba4fabc1a@localhost,Adaptive,D,0,10,4100,4100
821,player_8b70fe95-2f9a-4438-a51a-7a3d4763df08@localhost,SuspiciousTitForTat,D,player_5b8647e2-e519-47d5-9d51-8feba4fabc1a@localhost,Adaptive,C,10,0,4110,4100
822,player_8b70fe95-2f9a-4438-a51a-7a3d4763df08@localhost,SuspiciousTitForTat,C,player_5b8647e2-e519-47d5-9d51-8feba4fabc1a@localhost,Adaptive,D,0,10,4110,4110
823,player_8b70fe95-2f9a-4438-a51a-7a3d4763df08@localhost,SuspiciousTitForTat,D,player_5b8647e2-e519-47d5-9d51-8feba4fabc1a@localhost,Adaptive,C,10,0,4120,4110
824,player_8b70fe95-2f9a-4438-a51a-7a3d4763df08@localhost,SuspiciousTitForTat,C,player_5b8647e2-e519-47d5-9d51-8feba4fabc1a@localhost,Adaptive,D,0,10,4120,4120
825,player_8b70fe95-2f9a-4438-a51a-7a3d4763df08@localhost,SuspiciousTitForTat,D,player_5b8647e2-e519-47d5-9d51-8feba4fabc1a@localhost,Adaptive,C,10,0,4130,4120
826,player_8b70fe95-2f9a-4438-a51a-7a3d4763df08@localhost,SuspiciousTitForTat,C,player_5b8647e2-e519-47d5-9d51-8feba4fabc1a@localhost,Adaptive,D,0,10,4130,4130
827,player_8b70fe95-2f9a-4438-a51a-7a3d4763df08@localhost,SuspiciousTitForTat,D,player_5b8647e2-e519-47d5-9d51-8feba4fabc1a@localhost,Adaptive,C,10,0,4140,4130
828,player_8b70fe95-2f9a-4438-a51a-7a3d4763df08@localhost,SuspiciousTitForTat,C,player_5b8647e2-e519-47d5-9d51-8feba4fabc1a@localhost,Adaptive,D,0,10,4140,4140
829,player_8b70fe95-2f9a-4438-a51a-7a3d4763df08@localhost,SuspiciousTitForTat,D,player_5b8647e2-e519-47d5-9d51-8feba4fabc1a@localhost,Adaptive,C,10,0,4150,4140
830,player_8b70fe95-2f9a-4438-a51a-7a3d4763df08@localhost,SuspiciousTitForTat,C,player_5b8647e2-e519-47d5-9d51-8feba4fabc1a@localhost,Adaptive,D,0,10,4150,4150
831,player_8b70fe95-2f9a-4438-a51a-7a3d4763df08@localhost,SuspiciousTitForTat,D,player_5b8647e2-e519-47d5-9d51-8feba4fabc1a@localhost,Adaptive,C,10,0,4160,4150
832,player_8b70fe95-2f9a-4438-a51a-7a3d4763df08@localhost,SuspiciousTitForTat,C,player_5b8647e2-e519-47d5-9d51-8feba4fabc1a@localhost,Adaptive,D,0,10,4160,4160
833,player_8b70fe95-2f9a-4438-a51a-7a3d4763df08@localhost,SuspiciousTitForTat,D,player_5b8647e2-e519-47d5-9d51-8feba4fabc1a@localhost,Adaptive,C,10,0,4170,4160
834,player_8b70fe95-2f9a-4438-a51a-7a3d4763df08@localhost,SuspiciousTitForTat,C,player_5b8647e2-e519-47d5-9d51-8feba4fabc1a@localhost,Adaptive,D,0,10,4170,4170
835,player_8b70fe95-2f9a-4438-a51a-7a3d4763df08@localhost,SuspiciousTitForTat,D,player_5b8647e2-e519-47d5-9d51-8feba4fabc1a@localhost,Adaptive,C,10,0,4180,4170
836,player_8b70fe95-2f9a-4438-a51a-7a3d4763df08@localhost,SuspiciousTitForTat,C,player_5b8647e2-e519-47d5-9d51-8feba4fabc1a@localhost,Adaptive,D,0,10,4180,4180
837,player_8b70fe95-2f9a-4438-a51a-7a3d4763df08@localhost,SuspiciousTitForTat,D,player_5b8647e2-e519-47d5-9d51-8feba4fabc1a@localhost,Adaptive,C,10,0,4190,4180
838,player_8b70fe95-2f9a-4438-a51a-7a3d4763df08@localhost,SuspiciousTitForTat,C,player_5b8647e2-e519-47d5-9d51-8feba4fabc1a@localhost,Adaptive,D,0,10,4190,4190
839,player_8b70fe95-2f9a-4438-a51a-7a3d4763df08@localhost,SuspiciousTitForTat,D,player_5b8647e2-e519-47d5-9d51-8feba4fabc1a@localhost,Adaptive,C,10,0,4200,4190
840,player_8b70fe95-2f9a-4438-a51a-7a3d4763df08@localhost,SuspiciousTitForTat,C,player_5b8647e2-e519-47d5-9d51-8feba4fabc1a@localhost,Adaptive,D,0,10,4200,4200
841,player_8b70fe95-2f9a-4438-a51a-7a3d4763df08@localhost,SuspiciousTitForTat,D,player_5b8647e2-e519-47d5-9d51-8feba4fabc1a@localhost,Adaptive,C,10,0,4210,4200
842,player_8b70fe95-2f9a-4438-a51a-7a3d4763df08@localhost,SuspiciousTitForTat,C,player_5b8647e2-e519-47d5-9d51-8feba4fabc1a@localhost,Adaptive,D,0,10,4210,4210
843,player_8b70fe95-2f9a-4438-a51a-7a3d4763df08@localhost,SuspiciousTitForTat,D,player_5b8647e2-e519-47d5-9d51-8feba4fabc1a@localhost,Adaptive,C,10,0,4220,4210
844,player_8b70fe95-2f9a-4438-a51a-7a3d4763df08@localhost,SuspiciousTitForTat,C,player_5b8647e2-e519-47d5-9d51-8feba4fabc1a@localhost,Adaptive,D,0,10,4220,4220
845,player_8b70fe95-2f9a-4438-a51a-7a3d4763df08@localhost,SuspiciousTitForTat,D,player_5b8647e2-e519-47d5-9d51-8feba4fabc1a@localhost,Adaptive,C,10,0,4230,4220
846,player_8b70fe95-2f9a-4438-a51a-7a3d4763df08@localhost,SuspiciousTitForTat,C,player_5b8647e2-e519-47d5-9d51-8feba4fabc1a@localhost,Adaptive,D,0,10,4230,4230
847,player_8b70fe95-2f9a-4438-a51a-7a3d4763df08@localhost,SuspiciousTitForTat,D,player_5b8647e2-e519-47d5-9d51-8feba4fabc1a@localhost,Adaptive,C,10,0,4240,4230
848,player_8b70fe95-2f9a-4438-a51a-7a3d4763df08@localhost,SuspiciousTitForTat,C,player_5b8647e2-e519-47d5-9d51-8feba4fabc1a@localhost,Adaptive,D,0,10,4240,4240
849,player_8b70fe95-2f9a-4438-a51a-7a3d4763df08@localhost,SuspiciousTitForTat,D,player_5b8647e2-e519-47d5-9d51-8feba4fabc1a@localhost,Adaptive,C,10,0,4250,4240
850,player_8b70fe95-2f9a-4438-a51a-7a3d4763df08@localhost,SuspiciousTitForTat,C,player_5b8647e2-e519-47d5-9d51-8feba4fabc1a@localhost,Adaptive,D,0,10,4250,4250
851,player_8b70fe95-2f9a-4438-a51a-7a3d4763df08@localhost,SuspiciousTitForTat,D,player_5b8647e2-e519-47d5-9d51-8feba4fabc1a@localhost,Adaptive,C,10,0,4260,4250
852,player_8b70fe95-2f9a-4438-a51a-7a3d4763df08@localhost,SuspiciousTitForTat,C,player_5b8647e2-e519-47d5-9d51-8feba4fabc1a@localhost,Adaptive,D,0,10,4260,4260
853,player_8b70fe95-2f9a-4438-a51a-7a3d4763df08@localhost,SuspiciousTitForTat,D,player_5b8647e2-e519-47d5-9d51-8feba4fabc1a@localhost,Adaptive,C,10,0,4270,4260
854,player_8b70fe95-2f9a-4438-a51a-7a3d4763df08@localhost,SuspiciousTitForTat,C,player_5b8647e2-e519-47d5-9d51-8feba4fabc1a@localhost,Adaptive,D,0,10,4270,4270
855,player_8b70fe95-2f9a-4438-a51a-7a3d4763df08@localhost,SuspiciousTitForTat,D,player_5b8647e2-e519-47d5-9d51-8feba4fabc1a@localhost,Adaptive,C,10,0,4280,4270
856,player_8b70fe95-2f9a-4438-a51a-7a3d4763df08@localhost,SuspiciousTitForTat,C,player_5b8647e2-e519-47d5-9d51-8feba4fabc1a@localhost,Adaptive,D,0,10,4280,4280
857,player_8b70fe95-2f9a-4438-a51a-7a3d4763df08@localhost,SuspiciousTitForTat,D,player_5b8647e2-e519-47d5-9d51-8feba4fabc1a@localhost,Adaptive,C,10,0,4290,4280
858,player_8b70fe95-2f9a-4438-a51a-7a3d4763df08@localhost,SuspiciousTitForTat,C,player_5b8647e2-e519-47d5-9d51-8feba4fabc1a@localhost,Adaptive,D,0,10,4290,4290
859,player_8b70fe95-2f9a-4438-a51a-7a3d4763df08@localhost,SuspiciousTitForTat,D,player_5b8647e2-e519-47d5-9d51-8feba4fabc1a@localhost,Adaptive,C,10,0,4300,4290
860,player_8b70fe95-2f9a-4438-a51a-7a3d4763df08@localhost,SuspiciousTitForTat,C,player_5b8647e2-e519-47d5-9d51-8feba4fabc1a@localhost,Adaptive,D,0,10,4300,4300
861,player_8b70fe95-2f9a-4438-a51a-7a3d4763df08@localhost,SuspiciousTitForTat,D,player_5b8647e2-e519-47d5-9d51-8feba4fabc1a@localhost,Adaptive,C,10,0,4310,4300
862,player_8b70fe95-2f9a-4438-a51a-7a3d4763df08@localhost,SuspiciousTitForTat,C,player_5b8647e2-e519-47d5-9d51-8feba4fabc1a@localhost,Adaptive,D,0,10,4310,4310
863,player_8b70fe95-2f9a-4438-a51a-7a3d4763df08@localhost,SuspiciousTitForTat,D,player_5b8647e2-e519-47d5-9d51-8feba4fabc1a@localhost,Adaptive,C,10,0,4320,4310
864,player_8b70fe95-2f9a-4438-a51a-7a3d4763df08@localhost,SuspiciousTitForTat,C,player_5b8647e2-e519-47d5-9d51-8feba4fabc1a@localhost,Adaptive,D,0,10,4320,4320
865,player_8b70fe95-2f9a-4438-a51a-7a3d4763df08@localhost,SuspiciousTitForTat,D,player_5b8647e2-e519-47d5-9d51-8feba4fabc1a@localhost,Adaptive,C,10,0,4330,4320
866,player_8b70fe95-2f9a-4438-a51a-7a3d4763df08@localhost,SuspiciousTitForTat,C,player_5b8647e2-e519-47d5-9d51-8feba4fabc1a@localhost,Adaptive,D,0,10,4330,4330
867,player_8b70fe95-2f9a-4438-a51a-7a3d4763df08@localhost,SuspiciousTitForTat,D,player_5b8647e2-e519-47d5-9d51-8feba4fabc1a@localhost,Adaptive,C,10,0,4340,4330
868,player_8b70fe95-2f9a-4438-a51a-7a3d4763df08@localhost,SuspiciousTitForTat,C,player_5b8647e2-e519-47d5-9d51-8feba4fabc1a@localhost,Adaptive,D,0,10,4340,4340
869,player_8b70fe95-2f9a-4438-a51a-7a3d4763df08@localhost,SuspiciousTitForTat,D,player_5b8647e2-e519-47d5-9d51-8feba4fabc1a@localhost,Adaptive,C,10,0,4350,4340
870,player_8b70fe95-2f9a-4438-a51a-7a3d4763df08@localhost,SuspiciousTitForTat,C,player_5b8647e2-e519-47d5-9d51-8feba4fabc1a@localhost,Adaptive,D,0,10,4350,4350
871,player_8b70fe95-2f9a-4438-a51a-7a3d4763df08@localhost,SuspiciousTitForTat,D,player_5b8647e2-e519-47d5-9d51-8feba4fabc1a@localhost,Adaptive,C,10,0,4360,4350
872,player_8b70fe95-2f9a-4438-a51a-7a3d4763df08@localhost,SuspiciousTitForTat,C,player_5b8647e2-e519-47d5-9d51-8feba4fabc1a@localhost,Adaptive,D,0,10,4360,4360
873,player_8b70fe95-2f9a-4438-a51a-7a3d4763df08@localhost,SuspiciousTitForTat,D,player_5b8647e2-e519-47d5-9d51-8feba4fabc1a@localhost,Adaptive,C,10,0,4370,4360
874,player_8b70fe95-2f9a-4438-a51a-7a3d4763df08@localhost,SuspiciousTitForTat,C,player_5b8647e2-e519-47d5-9d51-8feba4fabc1a@localhost,Adaptive,D,0,10,4370,4370
875,player_8b70fe95-2f9a-4438-a51a-7a3d4763df08@localhost,SuspiciousTitForTat,D,player_5b8647e2-e519-47d5-9d51-8feba4fabc1a@localhost,Adaptive,C,10,0,4380,4370
876,player_8b70fe95-2f9a-4438-a51a-7a3d4763df08@localhost,SuspiciousTitForTat,C,player_5b8647e2-e519-47d5-9d51-8feba4fabc1a@localhost,Adaptive,D,0,10,4380,4380
877,player_8b70fe95-2f9a-4438-a51a-7a3d4763df08@localhost,SuspiciousTitForTat,D,player_5b8647e2-e519-47d5-9d51-8feba4fabc1a@localhost,Adaptive,C,10,0,4390,4380
878,player_8b70fe95-2f9a-4438-a51a-7a3d4763df08@localhost,SuspiciousTitForTat,C,player_5b8647e2-e519-47d5-9d51-8feba4fabc1a@localhost,Adaptive,D,0,10,4390,4390
879,player_8b70fe95-2f9a-4438-a51a-7a3d4763df08@localhost,SuspiciousTitForTat,D,player_5b8647e2-e519-47d5-9d51-8feba4fabc1a@localhost,Adaptive,C,10,0,4400,4390
880,player_8b70fe95-2f9a-4438-a51a-7a3d4763df08@localhost,SuspiciousTitForTat,C,player_5b8647e2-e519-47d5-9d51-8feba4fabc1a@localhost,Adaptive,D,0,10,4400,4400
881,player_8b70fe95-2f9a-4438-a51a-7a3d4763df08@localhost,SuspiciousTitForTat,D,player_5b8647e2-e519-47d5-9d51-8feba4fabc1a@localhost,Adaptive,C,10,0,4410,4400
882,player_8b70fe95-2f9a-4438-a51a-7a3d4763df08@localhost,SuspiciousTitForTat,C,player_5b8647e2-e519-47d5-9d51-8feba4fabc1a@localhost,Adaptive,D,0,10,4410,4410
883,player_8b70fe95-2f9a-4438-a51a-7a3d4763df08@localhost,SuspiciousTitForTat,D,player_5b8647e2-e519-47d5-9d51-8feba4fabc1a@localhost,Adaptive,C,10,0,4420,4410
884,player_8b70fe95-2f9a-4438-a51a-7a3d4763df08@localhost,SuspiciousTitForTat,C,player_5b8647e2-e519-47d5-9d51-8feba4fabc1a@localhost,Adaptive,D,0,10,4420,4420
885,player_8b70fe95-2f9a-4438-a51a-7a3d4763df08@localhost,SuspiciousTitForTat,D,player_5b8647e2-e519-47d5-9d51-8feba4fabc1a@localhost,Adaptive,C,10,0,4430,4420
886,player_8b70fe95-2f9a-4438-a51a-7a3d4763df08@localhost,SuspiciousTitForTat,C,player_5b8647e2-e519-47d5-9d51-8feba4fabc1a@localhost,Adaptive,D,0,10,4430,4430
887,player_8b70fe95-2f9a-4438-a51a-7a3d4763df08@localhost,SuspiciousTitForTat,D,player_5b8647e2-e519-47d5-9d51-8feba4fabc1a@localhost,Adaptive,C,10,0,4440,4430
888,player_8b70fe95-2f9a-4438-a51a-7a3d4763df08@localhost,SuspiciousTitForTat,C,player_5b8647e2-e519-47d5-9d51-8feba4fabc1a@localhost,Adaptive,D,0,10,4440,4440
889,player_8b70fe95-2f9a-4438-a51a-7a3d4763df08@localhost,SuspiciousTitForTat,D,player_5b8647e2-e519-47d5-9d51-8feba4fabc1a@localhost,Adaptive,C,10,0,4450,4440
890,player_8b70fe95-2f9a-4438-a51a-7a3d4763df08@localhost,SuspiciousTitForTat,C,player_5b8647e2-e519-47d5-9d51-8feba4fabc1a@localhost,Adaptive,D,0,10,4450,4450
891,player_8b70fe95-2f9a-4438-a51a-7a3d4763df08@localhost,SuspiciousTitForTat,D,player_5b8647e2-e519-47d5-9d51-8feba4fabc1a@localhost,Adaptive,C,10,0,4460,4450
892,player_8b70fe95-2f9a-4438-a51a-7a3d4763df08@localhost,SuspiciousTitForTat,C,player_5b8647e2-e519-47d5-9d51-8feba4fabc1a@localhost,Adaptive,D,0,10,4460,4460
893,player_8b70fe95-2f9a-4438-a51a-7a3d4763df08@localhost,SuspiciousTitForTat,D,player_5b8647e2-e519-47d5-9d51-8feba4fabc1a@localhost,Adaptive,C,10,0,4470,4460
894,player_8b70fe95-2f9a-4438-a51a-7a3d4763df08@localhost,SuspiciousTitForTat,C,player_5b8647e2-e519-47d5-9d51-8feba4fabc1a@localhost,Adaptive,D,0,10,4470,4470
895,player_8b70fe95-2f9a-4438-a51a-7a3d4763df08@localhost,SuspiciousTitForTat,D,player_5b8647e2-e519-47d5-9d51-8feba4fabc1a@localhost,Adaptive,C,10,0,4480,4470
896,player_8b70fe95-2f9a-4438-a51a-7a3d4763df08@localhost,SuspiciousTitForTat,C,player_5b8647e2-e519-47d5-9d51-8feba4fabc1a@localhost,Adaptive,D,0,10,4480,4480
897,player_8b70fe95-2f9a-4438-a51a-7a3d4763df08@localhost,SuspiciousTitForTat,D,player_5b8647e2-e519-47d5-9d51-8feba4fabc1a@localhost,Adaptive,C,10,0,4490,4480
898,player_8b70fe95-2f9a-4438-a51a-7a3d4763df08@localhost,SuspiciousTitForTat,C,player_5b8647e2-e519-47d5-9d51-8feba4fabc1a@localhost,Adaptive,D,0,10,4490,4490
899,player_8b70fe95-2f9a-4438-a51a-7a3d4763df08@localhost,SuspiciousTitForTat,D,player_5b8647e2-e519-47d5-9d51-8feba4fabc1a@localhost,Adaptive,C,10,0,4500,4490
900,player_8b70fe95-2f9a-4438-a51a-7a3d4763df08@localhost,SuspiciousTitForTat,C,player_5b8647e2-e519-47d5-9d51-8feba4fabc1a@localhost,Adaptive,D,0,10,4500,4500
901,player_8b70fe95-2f9a-4438-a51a-7a3d4763df08@localhost,SuspiciousTitForTat,D,player_5b8647e2-e519-47d5-9d51-8feba4fabc1a@localhost,Adaptive,C,10,0,4510,4500
902,player_8b70fe95-2f9a-4438-a51a-7a3d4763df08@localhost,SuspiciousTitForTat,C,player_5b8647e2-e519-47d5-9d51-8feba4fabc1a@localhost,Adaptive,D,0,10,4510,4510
903,player_8b70fe95-2f9a-4438-a51a-7a3d4763df08@localhost,SuspiciousTitForTat,D,player_5b8647e2-e519-47d5-9d51-8feba4fabc1a@localhost,Adaptive,C,10,0,4520,4510
904,player_8b70fe95-2f9a-4438-a51a-7a3d4763df08@localhost,SuspiciousTitForTat,C,player_5b8647e2-e519-47d5-9d51-8feba4fabc1a@localhost,Adaptive,D,0,10,4520,4520
905,player_8b70fe95-2f9a-4438-a51a-7a3d4763df08@localhost,SuspiciousTitForTat,D,player_5b8647e2-e519-47d5-9d51-8feba4fabc1a@localhost,Adaptive,C,10,0,4530,4520
906,player_8b70fe95-2f9a-4438-a51a-7a3d4763df08@localhost,SuspiciousTitForTat,C,player_5b8647e2-e519-47d5-9d51-8feba4fabc1a@localhost,Adaptive,D,0,10,4530,4530
907,player_8b70fe95-2f9a-4438-a51a-7a3d4763df08@localhost,SuspiciousTitForTat,D,player_5b8647e2-e519-47d5-9d51-8feba4fabc1a@localhost,Adaptive,C,10,0,4540,4530
908,player_8b70fe95-2f9a-4438-a51a-7a3d4763df08@localhost,SuspiciousTitForTat,C,player_5b8647e2-e519-47d5-9d51-8feba4fabc1a@localhost,Adaptive,D,0,10,4540,4540
909,player_8b70fe95-2f9a-4438-a51a-7a3d4763df08@localhost,SuspiciousTitForTat,D,player_5b8647e2-e519-47d5-9d51-8feba4fabc1a@localhost,Adaptive,C,10,0,4550,4540
910,player_8b70fe95-2f9a-4438-a51a-7a3d4763df08@localhost,SuspiciousTitForTat,C,player_5b8647e2-e519-47d5-9d51-8feba4fabc1a@localhost,Adaptive,D,0,10,4550,4550
911,player_8b70fe95-2f9a-4438-a51a-7a3d4763df08@localhost,SuspiciousTitForTat,D,player_5b8647e2-e519-47d5-9d51-8feba4fabc1a@localhost,Adaptive,C,10,0,4560,4550
912,player_8b70fe95-2f9a-4438-a51a-7a3d4763df08@localhost,SuspiciousTitForTat,C,player_5b8647e2-e519-47d5-9d51-8feba4fabc1a@localhost,Adaptive,D,0,10,4560,4560
913,player_8b70fe95-2f9a-4438-a51a-7a3d4763df08@localhost,SuspiciousTitForTat,D,player_5b8647e2-e519-47d5-9d51-8feba4fabc1a@localhost,Adaptive,C,10,0,4570,4560
914,player_8b70fe95-2f9a-4438-a51a-7a3d4763df08@localhost,SuspiciousTitForTat,C,player_5b8647e2-e519-47d5-9d51-8feba4fabc1a@localhost,Adaptive,D,0,10,4570,4570
915,player_8b70fe95-2f9a-4438-a51a-7a3d4763df08@localhost,SuspiciousTitForTat,D,player_5b8647e2-e519-47d5-9d51-8feba4fabc1a@localhost,Adaptive,C,10,0,4580,4570
916,player_8b70fe95-2f9a-4438-a51a-7a3d4763df08@localhost,SuspiciousTitForTat,C,player_5b8647e2-e519-47d5-9d51-8feba4fabc1a@localhost,Adaptive,D,0,10,4580,4580
917,player_8b70fe95-2f9a-4438-a51a-7a3d4763df08@localhost,SuspiciousTitForTat,D,player_5b8647e2-e519-47d5-9d51-8feba4fabc1a@localhost,Adaptive,C,10,0,4590,4580
918,player_8b70fe95-2f9a-4438-a51a-7a3d4763df08@localhost,SuspiciousTitForTat,C,player_5b8647e2-e519-47d5-9d51-8feba4fabc1a@localhost,Adaptive,D,0,10,4590,4590
919,player_8b70fe95-2f9a-4438-a51a-7a3d4763df08@localhost,SuspiciousTitForTat,D,player_5b8647e2-e519-47d5-9d51-8feba4fabc1a@localhost,Adaptive,C,10,0,4600,4590
920,player_8b70fe95-2f9a-4438-a51a-7a3d4763df08@localhost,SuspiciousTitForTat,C,player_5b8647e2-e519-47d5-9d51-8feba4fabc1a@localhost,Adaptive,D,0,10,4600,4600
921,player_8b70fe95-2f9a-4438-a51a-7a3d4763df08@localhost,SuspiciousTitForTat,D,player_5b8647e2-e519-47d5-9d51-8feba4fabc1a@localhost,Adaptive,C,10,0,4610,4600
922,player_8b70fe95-2f9a-4438-a51a-7a3d4763df08@localhost,SuspiciousTitForTat,C,player_5b8647e2-e519-47d5-9d51-8feba4fabc1a@localhost,Adaptive,D,0,10,4610,4610
923,player_8b70fe95-2f9a-4438-a51a-7a3d4763df08@localhost,SuspiciousTitForTat,D,player_5b8647e2-e519-47d5-9d51-8feba4fabc1a@localhost,Adaptive,C,10,0,4620,4610
924,player_8b70fe95-2f9a-4438-a51a-7a3d4763df08@localhost,SuspiciousTitForTat,C,player_5b8647e2-e519-47d5-9d51-8feba4fabc1a@localhost,Adaptive,D,0,10,4620,4620
925,player_8b70fe95-2f9a-4438-a51a-7a3d4763df08@localhost,SuspiciousTitForTat,D,player_5b8647e2-e519-47d5-9d51-8feba4fabc1a@localhost,Adaptive,C,10,0,4630,4620
926,player_8b70fe95-2f9a-4438-a51a-7a3d4763df08@localhost,SuspiciousTitForTat,C,player_5b8647e2-e519-47d5-9d51-8feba4fabc1a@localhost,Adaptive,D,0,10,4630,4630
927,player_8b70fe95-2f9a-4438-a51a-7a3d4763df08@localhost,SuspiciousTitForTat,D,player_5b8647e2-e519-47d5-9d51-8feba4fabc1a@localhost,Adaptive,C,10,0,4640,4630
928,player_8b70fe95-2f9a-4438-a51a-7a3d4763df08@localhost,SuspiciousTitForTat,C,player_5b8647e2-e519-47d5-9d51-8feba4fabc1a@localhost,Adaptive,D,0,10,4640,4640
929,player_8b70fe95-2f9a-4438-a51a-7a3d4763df08@localhost,SuspiciousTitForTat,D,player_5b8647e2-e519-47d5-9d51-8feba4fabc1a@localhost,Adaptive,C,10,0,4650,4640
930,player_8b70fe95-2f9a-4438-a51a-7a3d4763df08@localhost,SuspiciousTitForTat,C,player_5b8647e2-e519-47d5-9d51-8feba4fabc1a@localhost,Adaptive,D,0,10,4650,4650
931,player_8b70fe95-2f9a-4438-a51a-7a3d4763df08@localhost,SuspiciousTitForTat,D,player_5b8647e2-e519-47d5-9d51-8feba4fabc1a@localhost,Adaptive,C,10,0,4660,4650
932,player_8b70fe95-2f9a-4438-a51a-7a3d4763df08@localhost,SuspiciousTitForTat,C,player_5b8647e2-e519-47d5-9d51-8feba4fabc1a@localhost,Adaptive,D,0,10,4660,4660
933,player_8b70fe95-2f9a-4438-a51a-7a3d4763df08@localhost,SuspiciousTitForTat,D,player_5b8647e2-e519-47d5-9d51-8feba4fabc1a@localhost,Adaptive,C,10,0,4670,4660
934,player_8b70fe95-2f9a-4438-a51a-7a3d4763df08@localhost,SuspiciousTitForTat,C,player_5b8647e2-e519-47d5-9d51-8feba4fabc1a@localhost,Adaptive,D,0,10,4670,4670
935,player_8b70fe95-2f9a-4438-a51a-7a3d4763df08@localhost,SuspiciousTitForTat,D,player_5b8647e2-e519-47d5-9d51-8feba4fabc1a@localhost,Adaptive,C,10,0,4680,4670
936,player_8b70fe95-2f9a-4438-a51a-7a3d4763df08@localhost,SuspiciousTitForTat,C,player_5b8647e2-e519-47d5-9d51-8feba4fabc1a@localhost,Adaptive,D,0,10,4680,4680
937,player_8b70fe95-2f9a-4438-a51a-7a3d4763df08@localhost,SuspiciousTitForTat,D,player_5b8647e2-e519-47d5-9d51-8feba4fabc1a@localhost,Adaptive,C,10,0,4690,4680
938,player_8b70fe95-2f9a-4438-a51a-7a3d4763df08@localhost,SuspiciousTitForTat,C,player_5b8647e2-e519-47d5-9d51-8feba4fabc1a@localhost,Adaptive,D,0,10,4690,4690
939,player_8b70fe95-2f9a-4438-a51a-7a3d4763df08@localhost,SuspiciousTitForTat,D,player_5b8647e2-e519-47d5-9d51-8feba4fabc1a@localhost,Adaptive,C,10,0,4700,4690
940,player_8b70fe95-2f9a-4438-a51a-7a3d4763df08@localhost,SuspiciousTitForTat,C,player_5b8647e2-e519-47d5-9d51-8feba4fabc1a@localhost,Adaptive,D,0,10,4700,4700
941,player_8b70fe95-2f9a-4438-a51a-7a3d4763df08@localhost,SuspiciousTitForTat,D,player_5b8647e2-e519-47d5-9d51-8feba4fabc1a@localhost,Adaptive,C,10,0,4710,4700
942,player_8b70fe95-2f9a-4438-a51a-7a3d4763df08@localhost,SuspiciousTitForTat,C,player_5b8647e2-e519-47d5-9d51-8feba4fabc1a@localhost,Adaptive,D,0,10,4710,4710
943,player_8b70fe95-2f9a-4438-a51a-7a3d4763df08@localhost,SuspiciousTitForTat,D,player_5b8647e2-e519-47d5-9d51-8feba4fabc1a@localhost,Adaptive,C,10,0,4720,4710
944,player_8b70fe95-2f9a-4438-a51a-7a3d4763df08@localhost,SuspiciousTitForTat,C,player_5b8647e2-e519-47d5-9d51-8feba4fabc1a@localhost,Adaptive,D,0,10,4720,4720
945,player_8b70fe95-2f9a-4438-a51a-7a3d4763df08@localhost,SuspiciousTitForTat,D,player_5b8647e2-e519-47d5-9d51-8feba4fabc1a@localhost,Adaptive,C,10,0,4730,4720
946,player_8b70fe95-2f9a-4438-a51a-7a3d4763df08@localhost,SuspiciousTitForTat,C,player_5b8647e2-e519-47d5-9d51-8feba4fabc1a@localhost,Adaptive,D,0,10,4730,4730
947,player_8b70fe95-2f9a-4438-a51a-7a3d4763df08@localhost,SuspiciousTitForTat,D,player_5b8647e2-e519-47d5-9d51-8feba4fabc1a@localhost,Adaptive,C,10,0,4740,4730
948,player_8b70fe95-2f9a-4438-a51a-7a3d4763df08@localhost,SuspiciousTitForTat,C,player_5b8647e2-e519-47d5-9d51-8feba4fabc1a@localhost,Adaptive,D,0,10,4740,4740
949,player_8b70fe95-2f9a-4438-a51a-7a3d4763df08@localhost,SuspiciousTitForTat,D,player_5b8647e2-e519-47d5-9d51-8feba4fabc1a@localhost,Adaptive,C,10,0,4750,4740
950,player_8b70fe95-2f9a-4438-a51a-7a3d4763df08@localhost,SuspiciousTitForTat,C,player_5b8647e2-e519-47d5-9d51-8feba4fabc1a@localhost,Adaptive,D,0,10,4750,4750
951,player_8b70fe95-2f9a-4438-a51a-7a3d4763df08@localhost,SuspiciousTitForTat,D,player_5b8647e2-e519-47d5-9d51-8feba4fabc1a@localhost,Adaptive,C,10,0,4760,4750
952,player_8b70fe95-2f9a-4438-a51a-7a3d4763df08@localhost,SuspiciousTitForTat,C,player_5b8647e2-e519-47d5-9d51-8feba4fabc1a@localhost,Adaptive,D,0,10,4760,4760
953,player_8b70fe95-2f9a-4438-a51a-7a3d4763df08@localhost,SuspiciousTitForTat,D,player_5b8647e2-e519-47d5-9d51-8feba4fabc1a@localhost,Adaptive,C,10,0,4770,4760
954,player_8b70fe95-2f9a-4438-a51a-7a3d4763df08@localhost,SuspiciousTitForTat,C,player_5b8647e2-e519-47d5-9d51-8feba4fabc1a@localhost,Adaptive,D,0,10,4770,4770
955,player_8b70fe95-2f9a-4438-a51a-7a3d4763df08@localhost,SuspiciousTitForTat,D,player_5b8647e2-e519-47d5-9d51-8feba4fabc1a@localhost,Adaptive,C,10,0,4780,4770
956,player_8b70fe95-2f9a-4438-a51a-7a3d4763df08@localhost,SuspiciousTitForTat,C,player_5b8647e2-e519-47d5-9d51-8feba4fabc1a@localhost,Adaptive,D,0,10,4780,4780
957,player_8b70fe95-2f9a-4438-a51a-7a3d4763df08@localhost,SuspiciousTitForTat,D,player_5b8647e2-e519-47d5-9d51-8feba4fabc1a@localhost,Adaptive,C,10,0,4790,4780
958,player_8b70fe95-2f9a-4438-a51a-7a3d4763df08@localhost,SuspiciousTitForTat,C,player_5b8647e2-e519-47d5-9d51-8feba4fabc1a@localhost,Adaptive,D,0,10,4790,4790
959,player_8b70fe95-2f9a-4438-a51a-7a3d4763df08@localhost,SuspiciousTitForTat,D,player_5b8647e2-e519-47d5-9d51-8feba4fabc1a@localhost,Adaptive,C,10,0,4800,4790
960,player_8b70fe95-2f9a-4438-a51a-7a3d4763df08@localhost,SuspiciousTitForTat,C,player_5b8647e2-e519-47d5-9d51-8feba4fabc1a@localhost,Adaptive,D,0,10,4800,4800
961,player_8b70fe95-2f9a-4438-a51a-7a3d4763df08@localhost,SuspiciousTitForTat,D,player_5b8647e2-e519-47d5-9d51-8feba4fabc1a@localhost,Adaptive,C,10,0,4810,4800
962,player_8b70fe95-2f9a-4438-a51a-7a3d4763df08@localhost,SuspiciousTitForTat,C,player_5b8647e2-e519-47d5-9d51-8feba4fabc1a@localhost,Adaptive,D,0,10,4810,4810
963,player_8b70fe95-2f9a-4438-a51a-7a3d4763df08@localhost,SuspiciousTitForTat,D,player_5b8647e2-e519-47d5-9d51-8feba4fabc1a@localhost,Adaptive,C,10,0,4820,4810
964,player_8b70fe95-2f9a-4438-a51a-7a3d4763df08@localhost,SuspiciousTitForTat,C,player_5b8647e2-e519-47d5-9d51-8feba4fabc1a@localhost,Adaptive,D,0,10,4820,4820
965,player_8b70fe95-2f9a-4438-a51a-7a3d4763df08@localhost,SuspiciousTitForTat,D,player_5b8647e2-e519-47d5-9d51-8feba4fabc1a@localhost,Adaptive,C,10,0,4830,4820
966,player_8b70fe95-2f9a-4438-a51a-7a3d4763df08@localhost,SuspiciousTitForTat,C,player_5b8647e2-e519-47d5-9d51-8feba4fabc1a@localhost,Adaptive,D,0,10,4830,4830
967,player_8b70fe95-2f9a-4438-a51a-7a3d4763df08@localhost,SuspiciousTitForTat,D,player_5b8647e2-e519-47d5-9d51-8feba4fabc1a@localhost,Adaptive,C,10,0,4840,4830
968,player_8b70fe95-2f9a-4438-a51a-7a3d4763df08@localhost,SuspiciousTitForTat,C,player_5b8647e2-e519-47d5-9d51-8feba4fabc1a@localhost,Adaptive,D,0,10,4840,4840
969,player_8b70fe95-2f9a-4438-a51a-7a3d4763df08@localhost,SuspiciousTitForTat,D,player_5b8647e2-e519-47d5-9d51-8feba4fabc1a@localhost,Adaptive,C,10,0,4850,4840
970,player_8b70fe95-2f9a-4438-a51a-7a3d4763df08@localhost,SuspiciousTitForTat,C,player_5b8647e2-e519-47d5-9d51-8feba4fabc1a@localhost,Adaptive,D,0,10,4850,4850
971,player_8b70fe95-2f9a-4438-a51a-7a3d4763df08@localhost,SuspiciousTitForTat,D,player_5b8647e2-e519-47d5-9d51-8feba4fabc1a@localhost,Adaptive,C,10,0,4860,4850
972,player_8b70fe95-2f9a-4438-a51a-7a3d4763df08@localhost,SuspiciousTitForTat,C,player_5b8647e2-e519-47d5-9d51-8feba4fabc1a@localhost,Adaptive,D,0,10,4860,4860
973,player_8b70fe95-2f9a-4438-a51a-7a3d4763df08@localhost,SuspiciousTitForTat,D,player_5b8647e2-e519-47d5-9d51-8feba4fabc1a@localhost,Adaptive,C,10,0,4870,4860
974,player_8b70fe95-2f9a-4438-a51a-7a3d4763df08@localhost,SuspiciousTitForTat,C,player_5b8647e2-e519-47d5-9d51-8feba4fabc1a@localhost,Adaptive,D,0,10,4870,4870
975,player_8b70fe95-2f9a-4438-a51a-7a3d4763df08@localhost,SuspiciousTitForTat,D,player_5b8647e2-e519-47d5-9d51-8feba4fabc1a@localhost,Adaptive,C,10,0,4880,4870
976,player_8b70fe95-2f9a-4438-a51a-7a3d4763df08@localhost,SuspiciousTitForTat,C,player_5b8647e2-e519-47d5-9d51-8feba4fabc1a@localhost,Adaptive,D,0,10,4880,4880
977,player_8b70fe95-2f9a-4438-a51a-7a3d4763df08@localhost,SuspiciousTitForTat,D,player_5b8647e2-e519-47d5-9d51-8feba4fabc1a@localhost,Adaptive,C,10,0,4890,4880
978,player_8b70fe95-2f9a-4438-a51a-7a3d4763df08@localhost,SuspiciousTitForTat,C,player_5b8647e2-e519-47d5-9d51-8feba4fabc1a@localhost,Adaptive,D,0,10,4890,4890
979,player_8b70fe95-2f9a-4438-a51a-7a3d4763df08@localhost,SuspiciousTitForTat,D,player_5b8647e2-e519-47d5-9d51-8feba4fabc1a@localhost,Adaptive,C,10,0,4900,4890
980,player_8b70fe95-2f9a-4438-a51a-7a3d4763df08@localhost,SuspiciousTitForTat,C,player_5b8647e2-e519-47d5-9d51-8feba4fabc1a@localhost,Adaptive,D,0,10,4900,4900
981,player_8b70fe95-2f9a-4438-a51a-7a3d4763df08@localhost,SuspiciousTitForTat,D,player_5b8647e2-e519-47d5-9d51-8feba4fabc1a@localhost,Adaptive,C,10,0,4910,4900
982,player_8b70fe95-2f9a-4438-a51a-7a3d4763df08@localhost,SuspiciousTitForTat,C,player_5b8647e2-e519-47d5-9d51-8feba4fabc1a@localhost,Adaptive,D,0,10,4910,4910
983,player_8b70fe95-2f9a-4438-a51a-7a3d4763df08@localhost,SuspiciousTitForTat,D,player_5b8647e2-e519-47d5-9d51-8feba4fabc1a@localhost,Adaptive,C,10,0,4920,4910
984,player_8b70fe95-2f9a-4438-a51a-7a3d4763df08@localhost,SuspiciousTitForTat,C,player_5b8647e2-e519-47d5-9d51-8feba4fabc1a@localhost,Adaptive,D,0,10,4920,4920
985,player_8b70fe95-2f9a-4438-a51a-7a3d4763df08@localhost,SuspiciousTitForTat,D,player_5b8647e2-e519-47d5-9d51-8feba4fabc1a@localhost,Adaptive,C,10,0,4930,4920
986,player_8b70fe95-2f9a-4438-a51a-7a3d4763df08@localhost,SuspiciousTitForTat,C,player_5b8647e2-e519-47d5-9d51-8feba4fabc1a@localhost,Adaptive,D,0,10,4930,4930
987,player_8b70fe95-2f9a-4438-a51a-7a3d4763df08@localhost,SuspiciousTitForTat,D,player_5b8647e2-e519-47d5-9d51-8feba4fabc1a@localhost,Adaptive,C,10,0,4940,4930
988,player_8b70fe95-2f9a-4438-a51a-7a3d4763df08@localhost,SuspiciousTitForTat,C,player_5b8647e2-e519-47d5-9d51-8feba4fabc1a@localhost,Adaptive,D,0,10,4940,4940
989,player_8b70fe95-2f9a-4438-a51a-7a3d4763df08@localhost,SuspiciousTitForTat,D,player_5b8647e2-e519-47d5-9d51-8feba4fabc1a@localhost,Adaptive,C,10,0,4950,4940
990,player_8b70fe95-2f9a-4438-a51a-7a3d4763df08@localhost,SuspiciousTitForTat,C,player_5b8647e2-e519-47d5-9d51-8feba4fabc1a@localhost,Adaptive,D,0,10,4950,4950
991,player_8b70fe95-2f9a-4438-a51a-7a3d4763df08@localhost,SuspiciousTitForTat,D,player_5b8647e2-e519-47d5-9d51-8feba4fabc1a@localhost,Adaptive,C,10,0,4960,4950
992,player_8b70fe95-2f9a-4438-a51a-7a3d4763df08@localhost,SuspiciousTitForTat,C,player_5b8647e2-e519-47d5-9d51-8feba4fabc1a@localhost,Adaptive,D,0,10,4960,4960
993,player_8b70fe95-2f9a-4438-a51a-7a3d4763df08@localhost,SuspiciousTitForTat,D,player_5b8647e2-e519-47d5-9d51-8feba4fabc1a@localhost,Adaptive,C,10,0,4970,4960
994,player_8b70fe95-2f9a-4438-a51a-7a3d4763df08@localhost,SuspiciousTitForTat,C,player_5b8647e2-e519-47d5-9d51-8feba4fabc1a@localhost,Adaptive,D,0,10,4970,4970
995,player_8b70fe95-2f9a-4438-a51a-7a3d4763df08@localhost,SuspiciousTitForTat,D,player_5b8647e2-e519-47d5-9d51-8feba4fabc1a@localhost,Adaptive,C,10,0,4980,4970
996,player_8b70fe95-2f9a-4438-a51a-7a3d4763df08@localhost,SuspiciousTitForTat,C,player_5b8647e2-e519-47d5-9d51-8feba4fabc1a@localhost,Adaptive,D,0,10,4980,4980
997,player_8b70fe95-2f9a-4438-a51a-7a3d4763df08@localhost,SuspiciousTitForTat,D,player_5b8647e2-e519-47d5-9d51-8feba4fabc1a@localhost,Adaptive,C,10,0,4990,4980
998,player_8b70fe95-2f9a-4438-a51a-7a3d4763df08@localhost,SuspiciousTitForTat,C,player_5b8647e2-e519-47d5-9d51-8feba4fabc1a@localhost,Adaptive,D,0,10,4990,4990
999,player_8b70fe95-2f9a-4438-a51a-7a3d4763df08@localhost,SuspiciousTitForTat,D,player_5b8647e2-e519-47d5-9d51-8feba4fabc1a@localhost,Adaptive,C,10,0,5000,4990
1000,player_8b70fe95-2f9a-4438-a51a-7a3d4763df08@localhost,SuspiciousTitForTat,C,player_5b8647e2-e519-47d5-9d51-8feba4fabc1a@localhost,Adaptive,D,0,10,5000,5000
,,,,,,,,,,
# AGGREGATED METRICS
# p1_jid,player_8b70fe95-2f9a-4438-a51a-7a3d4763df08@localhost
# p2_jid,player_5b8647e2-e519-47d5-9d51-8feba4fabc1a@localhost
# total_rounds,1000
# cooperation_rate_p1,0.5000
# cooperation_rate_p2,0.5000
# defection_rate_p1,0.5000
# defection_rate_p2,0.5000
# total_payoff_p1,5000
# total_payoff_p2,5000
# avg_payoff_p1,5.0000
# avg_payoff_p2,5.0000
