round,p1_jid,p1_strategy,p1_action,p2_jid,p2_strategy,p2_action,p1_payoff,p2_payoff,p1_cumulative,p2_cumulative
1,player_0821b305-f667-4cb4-856a-0d40e5372af3@localhost,TitForTat,C,player_63eb6a22-c7d7-4386-baa3-1bf45ef9c6a3@localhost,SuspiciousTitForTat,D,0,10,0,10
2,player_0821b305-f667-4cb4-856a-0d40e5372af3@localhost,TitForTat,D,player_63eb6a22-c7d7-4386-baa3-1bf45ef9c6a3@localhost,SuspiciousTitForTat,C,10,0,10,10
3,player_0821b305-f667-4cb4-856a-0d40e5372af3@localhost,TitForTat,C,player_63eb6a22-c7d7-4386-baa3-1bf45ef9c6a3@localhost,SuspiciousTitForTat,D,0,10,10,20
4,player_0821b305-f667-4cb4-856a-0d40e5372af3@localhost,TitForTat,D,player_63eb6a22-c7d7-4386-baa3-1bf45ef9c6a3@localhost,SuspiciousTitForTat,C,10,0,20,20
5,player_0821b305-f667-4cb4-856a-0d40e5372af3@localhost,TitForTat,C,player_63eb6a22-c7d7-4386-baa3-1bf45ef9c6a3@localhost,SuspiciousTitForTat,D,0,10,20,30
6,player_0821b305-f667-4cb4-856a-0d40e5372af3@localhost,TitForTat,D,player_63eb6a22-c7d7-4386-baa3-1bf45ef9c6a3@localhost,SuspiciousTitForTat,C,10,0,30,30
7,player_0821b305-f667-4cb4-856a-0d40e5372af3@localhost,TitForTat,C,player_63eb6a22-c7d7-4386-baa3-1bf45ef9c6a3@localhost,SuspiciousTitForTat,D,0,10,30,40
8,player_0821b305-f667-4cb4-856a-0d40e5372af3@localhost,TitForTat,D,player_63eb6a22-c7d7-4386-baa3-1bf45ef9c6a3@localhost,SuspiciousTitForTat,C,10,0,40,40
9,player_0821b305-f667-4cb4-856a-0d40e5372af3@localhost,TitForTat,C,player_63eb6a22-c7d7-4386-baa3-1bf45ef9c6a3@localhost,SuspiciousTitForTat,D,0,10,40,50
10,player_0821b305-f667-4cb4-856a-0d40e5372af3@localhost,TitForTat,D,player_63eb6a22-c7d7-4386-baa3-1bf45ef9c6a3@localhost,SuspiciousTitForTat,C,10,0,50,50
11,player_0821b305-f667-4cb4-856a-0d40e5372af3@localhost,TitForTat,C,player_63eb6a22-c7d7-4386-baa3-1bf45ef9c6a3@localhost,SuspiciousTitForTat,D,0,10,50,60
12,player_0821b305-f667-4cb4-856a-0d40e5372af3@localhost,TitForTat,D,player_63eb6a22-c7d7-4386-baa3-1bf45ef9c6a3@localhost,SuspiciousTitForTat,C,10,0,60,60
13,player_0821b305-f667-4cb4-856a-0d40e5372af3@localhost,TitForTat,C,player_63eb6a22-c7d7-4386-baa3-1bf45ef9c6a3@localhost,SuspiciousTitForTat,D,0,10,60,70
14,player_0821b305-f667-4cb4-856a-0d40e5372af3@localhost,TitForTat,D,player_63eb6a22-c7d7-4386-baa3-1bf45ef9c6a3@localhost,SuspiciousTitForTat,C,10,0,70,70
15,player_0821b305-f667-4cb4-856a-0d40e5372af3@localhost,TitForTat,C,player_63eb6a22-c7d7-4386-baa3-1bf45ef9c6a3@localhost,SuspiciousTitForTat,D,0,10,70,80
16,player_0821b305-f667-4cb4-856a-0d40e5372af3@localhost,TitForTat,D,player_63eb6a22-c7d7-4386-baa3-1bf45ef9c6a3@localhost,SuspiciousTitForTat,C,10,0,80,80
17,player_0821b305-f667-4cb4-856a-0d40e5372af3@localhost,TitForTat,C,player_63eb6a22-c7d7-4386-baa3-1bf45ef9c6a3@localhost,SuspiciousTitForTat,D,0,10,80,90
18,player_0821b305-f667-4cb4-856a-0d40e5372af3@localhost,TitForTat,D,player_63eb6a22-c7d7-4386-baa3-1bf45ef9c6a3@localhost,SuspiciousTitForTat,C,10,0,90,90
19,player_0821b305-f667-4cb4-856a-0d40e5372af3@localhost,TitForTat,C,player_63eb6a22-c7d7-4386-baa3-1bf45ef9c6a3@localhost,SuspiciousTitForTat,D,0,10,90,100
20,player_0821b305-f667-4cb4-856a-0d40e5372af3@localhost,TitForTat,D,player_63eb6a22-c7d7-4386-baa3-1bf45ef9c6a3@localhost,SuspiciousTitForTat,C,10,0,100,100
21,player_0821b305-f667-4cb4-856a-0d40e5372af3@localhost,TitForTat,C,player_63eb6a22-c7d7-4386-baa3-1bf45ef9c6a3@localhost,SuspiciousTitForTat,D,0,10,100,110
22,player_0821b305-f667-4cb4-856a-0d40e5372af3@localhost,TitForTat,D,player_63eb6a22-c7d7-4386-baa3-1bf45ef9c6a3@localhost,SuspiciousTitForTat,C,10,0,110,110
23,player_0821b305-f667-4cb4-856a-0d40e5372af3@localhost,TitForTat,C,player_63eb6a22-c7d7-4386-baa3-1bf45ef9c6a3@localhost,SuspiciousTitForTat,D,0,10,110,120
24,player_0821b305-f667-4cb4-856a-0d40e5372af3@localhost,TitForTat,D,player_63eb6a22-c7d7-4386-baa3-1bf45ef9c6a3@localhost,SuspiciousTitForTat,C,10,0,120,120
25,player_0821b305-f667-4cb4-856a-0d40e5372af3@localhost,TitForTat,C,player_63eb6a22-c7d7-4386-baa3-1bf45ef9c6a3@localhost,SuspiciousTitForTat,D,0,10,120,130
26,player_0821b305-f667-4cb4-856a-0d40e5372af3@localhost,TitForTat,D,player_63eb6a22-c7d7-4386-baa3-1bf45ef9c6a3@localhost,SuspiciousTitForTat,C,10,0,130,130
27,player_0821b305-f667-4cb4-856a-0d40e5372af3@localhost,TitForTat,C,player_63eb6a22-c7d7-4386-baa3-1bf45ef9c6a3@localhost,SuspiciousTitForTat,D,0,10,130,140
28,player_0821b305-f667-4cb4-856a-0d40e5372af3@localhost,TitForTat,D,player_63eb6a22-c7d7-4386-baa3-1bf45ef9c6a3@localhost,SuspiciousTitForTat,C,10,0,140,140
29,player_0821b305-f667-4cb4-856a-0d40e5372af3@localhost,TitForTat,C,player_63eb6a22-c7d7-4386-baa3-1bf45ef9c6a3@localhost,SuspiciousTitForTat,D,0,10,140,150
30,player_0821b305-f667-4cb4-856a-0d40e5372af3@localhost,TitForTat,D,player_63eb6a22-c7d7-4386-baa3-1bf45ef9c6a3@localhost,SuspiciousTitForTat,C,10,0,150,150
31,player_0821b305-f667-4cb4-856a-0d40e5372af3@localhost,TitForTat,C,player_63eb6a22-c7d7-4386-baa3-1bf45ef9c6a3@localhost,SuspiciousTitForTat,D,0,10,150,160
32,player_0821b305-f667-4cb4-856a-0d40e5372af3@localhost,TitForTat,D,player_63eb6a22-c7d7-4386-baa3-1bf45ef9c6a3@localhost,SuspiciousTitForTat,C,10,0,160,160
33,player_0821b305-f667-4cb4-856a-0d40e5372af3@localhost,TitForTat,C,player_63eb6a22-c7d7-4386-baa3-1bf45ef9c6a3@localhost,SuspiciousTitForTat,D,0,10,160,170
34,player_0821b305-f667-4cb4-856a-0d40e5372af3@localhost,TitForTat,D,player_63eb6a22-c7d7-4386-baa3-1bf45ef9c6a3@localhost,SuspiciousTitForTat,C,10,0,170,170
35,player_0821b305-f667-4cb4-856a-0d40e5372af3@localhost,TitForTat,C,player_63eb6a22-c7d7-4386-baa3-1bf45ef9c6a3@localhost,SuspiciousTitForTat,D,0,10,170,180
36,player_0821b305-f667-4cb4-856a-0d40e5372af3@localhost,TitForTat,D,player_63eb6a22-c7d7-4386-baa3-1bf45ef9c6a3@localhost,SuspiciousTitForTat,C,10,0,180,180
37,player_0821b305-f667-4cb4-856a-0d40e5372af3@localhost,TitForTat,C,player_63eb6a22-c7d7-4386-baa3-1bf45ef9c6a3@localhost,SuspiciousTitForTat,D,0,10,180,190
38,player_0821b305-f667-4cb4-856a-0d40e5372af3@localhost,TitForTat,D,player_63eb6a22-c7d7-4386-baa3-1bf45ef9c6a3@localhost,SuspiciousTitForTat,C,10,0,190,190
39,player_0821b305-f667-4cb4-856a-0d40e5372af3@localhost,TitForTat,C,player_63eb6a22-c7d7-4386-baa3-1bf45ef9c6a3@localhost,SuspiciousTitForTat,D,0,10,190,200
40,player_0821b305-f667-4cb4-856a-0d40e5372af3@localhost,TitForTat,D,player_63eb6a22-c7d7-4386-baa3-1bf45ef9c6a3@localhost,SuspiciousTitForTat,C,10,0,200,200
41,player_0821b305-f667-4cb4-856a-0d40e5372af3@localhost,TitForTat,C,player_63eb6a22-c7d7-4386-baa3-1bf45ef9c6a3@localhost,SuspiciousTitForTat,D,0,10,200,210
42,player_0821b305-f667-4cb4-856a-0d40e5372af3@localhost,TitForTat,D,player_63eb6a22-c7d7-4386-baa3-1bf45ef9c6a3@localhost,SuspiciousTitForTat,C,10,0,210,210
43,player_0821b305-f667-4cb4-856a-0d40e5372af3@localhost,TitForTat,C,player_63eb6a22-c7d7-4386-baa3-1bf45ef9c6a3@localhost,SuspiciousTitForTat,D,0,10,210,220
44,player_0821b305-f667-4cb4-856a-0d40e5372af3@localhost,TitForTat,D,player_63eb6a22-c7d7-4386-baa3-1bf45ef9c6a3@localhost,SuspiciousTitForTat,C,10,0,220,220
45,player_0821b305-f667-4cb4-856a-0d40e5372af3@localhost,TitForTat,C,player_63eb6a22-c7d7-4386-baa3-1bf45ef9c6a3@localhost,SuspiciousTitForTat,D,0,10,220,230
46,player_0821b305-f667-4cb4-856a-0d40e5372af3@localhost,TitForTat,D,player_63eb6a22-c7d7-4386-baa3-1bf45ef9c6a3@localhost,SuspiciousTitForTat,C,10,0,230,230
47,player_0821b305-f667-4cb4-856a-0d40e5372af3@localhost,TitForTat,C,player_63eb6a22-c7d7-4386-baa3-1bf45ef9c6a3@localhost,SuspiciousTitForTat,D,0,10,230,240
48,player_0821b305-f667-4cb4-856a-0d40e5372af3@localhost,TitForTat,D,player_63eb6a22-c7d7-4386-baa3-1bf45ef9c6a3@localhost,SuspiciousTitForTat,C,10,0,240,240
49,player_0821b305-f667-4cb4-856a-0d40e5372af3@localhost,TitForTat,C,player_63eb6a22-c7d7-4386-baa3-1bf45ef9c6a3@localhost,SuspiciousTitForTat,D,0,10,240,250
50,player_0821b305-f667-4cb4-856a-0d40e5372af3@localhost,TitForTat,D,player_63eb6a22-c7d7-4386-baa3-1bf45ef9c6a3@localhost,SuspiciousTitForTat,C,10,0,250,250
51,player_0821b305-f667-4cb4-856a-0d40e5372af3@localhost,TitForTat,C,player_63eb6a22-c7d7-4386-baa3-1bf45ef9c6a3@localhost,SuspiciousTitForTat,D,0,10,250,260
52,player_0821b305-f667-4cb4-856a-0d40e5372af3@localhost,TitForTat,D,player_63eb6a22-c7d7-4386-baa3-1bf45ef9c6a3@localhost,SuspiciousTitForTat,C,10,0,260,260
53,player_0821b305-f667-4cb4-856a-0d40e5372af3@localhost,TitForTat,C,player_63eb6a22-c7d7-4386-baa3-1bf45ef9c6a3@localhost,SuspiciousTitForTat,D,0,10,260,270
54,player_0821b305-f667-4cb4-856a-0d40e5372af3@localhost,TitForTat,D,player_63eb6a22-c7d7-4386-baa3-1bf45ef9c6a3@localhost,SuspiciousTitForTat,C,10,0,270,270
55,player_0821b305-f667-4cb4-856a-0d40e5372af3@localhost,TitForTat,C,player_63eb6a22-c7d7-4386-baa3-1bf45ef9c6a3@localhost,SuspiciousTitForTat,D,0,10,270,280
56,player_0821b305-f667-4cb4-856a-0d40e5372af3@localhost,TitForTat,D,player_63eb6a22-c7d7-4386-baa3-1bf45ef9c6a3@localhost,SuspiciousTitForTat,C,10,0,280,280
57,player_0821b305-f667-4cb4-856a-0d40e5372af3@localhost,TitForTat,C,player_63eb6a22-c7d7-4386-baa3-1bf45ef9c6a3@localhost,SuspiciousTitForTat,D,0,10,280,290
58,player_0821b305-f667-4cb4-856a-0d40e5372af3@localhost,TitForTat,D,player_63eb6a22-c7d7-4386-baa3-1bf45ef9c6a3@localhost,SuspiciousTitForTat,C,10,0,290,290
59,player_0821b305-f667-4cb4-856a-0d40e5372af3@localhost,TitForTat,C,player_63eb6a22-c7d7-4386-baa3-1bf45ef9c6a3@localhost,SuspiciousTitForTat,D,0,10,290,300
60,player_0821b305-f667-4cb4-856a-0d40e5372af3@localhost,TitForTat,D,player_63eb6a22-c7d7-4386-baa3-1bf45ef9c6a3@localhost,SuspiciousTitForTat,C,10,0,300,300
61,player_0821b305-f667-4cb4-856a-0d40e5372af3@localhost,TitForTat,C,player_63eb6a22-c7d7-4386-baa3-1bf45ef9c6a3@localhost,SuspiciousTitForTat,D,0,10,300,310
62,player_0821b305-f667-4cb4-856a-0d40e5372af3@localhost,TitForTat,D,player_63eb6a22-c7d7-4386-baa3-1bf45ef9c6a3@localhost,SuspiciousTitForTat,C,10,0,310,310
63,player_0821b305-f667-4cb4-856a-0d40e5372af3@localhost,TitForTat,C,player_63eb6a22-c7d7-4386-baa3-1bf45ef9c6a3@localhost,SuspiciousTitForTat,D,0,10,310,320
64,player_0821b305-f667-4cb4-856a-0d40e5372af3@localhost,TitForTat,D,player_63eb6a22-c7d7-4386-baa3-1bf45ef9c6a3@localhost,SuspiciousTitForTat,C,10,0,320,320
65,player_0821b305-f667-4cb4-856a-0d40e5372af3@localhost,TitForTat,C,player_63eb6a22-c7d7-4386-baa3-1bf45ef9c6a3@localhost,SuspiciousTitForTat,D,0,10,320,330
66,player_0821b305-f667-4cb4-856a-0d40e5372af3@localhost,TitForTat,D,player_63eb6a22-c7d7-4386-baa3-1bf45ef9c6a3@localhost,SuspiciousTitForTat,C,10,0,330,330
67,player_0821b305-f667-4cb4-856a-0d40e5372af3@localhost,TitForTat,C,player_63eb6a22-c7d7-4386-baa3-1bf45ef9c6a3@localhost,SuspiciousTitForTat,D,0,10,330,340
68,player_0821b305-f667-4cb4-856a-0d40e5372af3@localhost,TitForTat,D,player_63eb6a22-c7d7-4386-baa3-1bf45ef9c6a3@localhost,SuspiciousTitForTat,C,10,0,340,340
69,player_0821b305-f667-4cb4-856a-0d40e5372af3@localhost,TitForTat,C,player_63eb6a22-c7d7-4386-baa3-1bf45ef9c6a3@localhost,SuspiciousTitForTat,D,0,10,340,350
70,player_0821b305-f667-4cb4-856a-0d40e5372af3@localhost,TitForTat,D,player_63eb6a22-c7d7-4386-baa3-1bf45ef9c6a3@localhost,SuspiciousTitForTat,C,10,0,350,350
71,player_0821b305-f667-4cb4-856a-0d40e5372af3@localhost,TitForTat,C,player_63eb6a22-c7d7-4386-baa3-1bf45ef9c6a3@localhost,SuspiciousTitForTat,D,0,10,350,360
72,player_0821b305-f667-4cb4-856a-0d40e5372af3@localhost,TitForTat,D,player_63eb6a22-c7d7-4386-baa3-1bf45ef9c6a3@localhost,SuspiciousTitForTat,C,10,0,360,360
73,player_0821b305-f667-4cb4-856a-0d40e5372af3@localhost,TitForTat,C,player_63eb6a22-c7d7-4386-baa3-1bf45ef9c6a3@localhost,SuspiciousTitForTat,D,0,10,360,370
74,player_0821b305-f667-4cb4-856a-0d40e5372af3@localhost,TitForTat,D,player_63eb6a22-c7d7-4386-baa3-1bf45ef9c6a3@localhost,SuspiciousTitForTat,C,10,0,370,370
75,player_0821b305-f667-4cb4-856a-0d40e5372af3@localhost,TitForTat,C,player_63eb6a22-c7d7-4386-baa3-1bf45ef9c6a3@localhost,SuspiciousTitForTat,D,0,10,370,380
76,player_0821b305-f667-4cb4-856a-0d40e5372af3@localhost,TitForTat,D,player_63eb6a22-c7d7-4386-baa3-1bf45ef9c6a3@localhost,SuspiciousTitForTat,C,10,0,380,380
77,player_0821b305-f667-4cb4-856a-0d40e5372af3@localhost,TitForTat,C,player_63eb6a22-c7d7-4386-baa3-1bf45ef9c6a3@localhost,SuspiciousTitForTat,D,0,10,380,390
78,player_0821b305-f667-4cb4-856a-0d40e5372af3@localhost,TitForTat,D,player_63eb6a22-c7d7-4386-baa3-1bf45ef9c6a3@localhost,SuspiciousTitForTat,C,10,0,390,390
79,player_0821b305-f667-4cb4-856a-0d40e5372af3@localhost,TitForTat,C,player_63eb6a22-c7d7-4386-baa3-1bf45ef9c6a3@localhost,SuspiciousTitForTat,D,0,10,390,400
80,player_0821b305-f667-4cb4-856a-0d40e5372af3@localhost,TitForTat,D,player_63eb6a22-c7d7-4386-baa3-1bf45ef9c6a3@localhost,SuspiciousTitForTat,C,10,0,400,400
81,player_0821b305-f667-4cb4-856a-0d40e5372af3@localhost,TitForTat,C,player_63eb6a22-c7d7-4386-baa3-1bf45ef9c6a3@localhost,SuspiciousTitForTat,D,0,10,400,410
82,player_0821b305-f667-4cb4-856a-0d40e5372af3@localhost,TitForTat,D,player_63eb6a22-c7d7-4386-baa3-1bf45ef9c6a3@localhost,SuspiciousTitForTat,C,10,0,410,410
83,player_0821b305-f667-4cb4-856a-0d40e5372af3@localhost,TitForTat,C,player_63eb6a22-c7d7-4386-baa3-1bf45ef9c6a3@localhost,SuspiciousTitForTat,D,0,10,410,420
84,player_0821b305-f667-4cb4-856a-0d40e5372af3@localhost,TitForTat,D,player_63eb6a22-c7d7-4386-baa3-1bf45ef9c6a3@localhost,SuspiciousTitForTat,C,10,0,420,420
85,player_0821b305-f667-4cb4-856a-0d40e5372af3@localhost,TitForTat,C,player_63eb6a22-c7d7-4386-baa3-1bf45ef9c6a3@localhost,SuspiciousTitForTat,D,0,10,420,430
86,player_0821b305-f667-4cb4-856a-0d40e5372af3@localhost,TitForTat,D,player_63eb6a22-c7d7-4386-baa3-1bf45ef9c6a3@localhost,SuspiciousTitForTat,C,10,0,430,430
87,player_0821b305-f667-4cb4-856a-0d40e5372af3@localhost,TitForTat,C,player_63eb6a22-c7d7-4386-baa3-1bf45ef9c6a3@localhost,SuspiciousTitForTat,D,0,10,430,440
88,player_0821b305-f667-4cb4-856a-0d40e5372af3@localhost,TitForTat,D,player_63eb6a22-c7d7-4386-baa3-1bf45ef9c6a3@localhost,SuspiciousTitForTat,C,10,0,440,440
89,player_0821b305-f667-4cb4-856a-0d40e5372af3@localhost,TitForTat,C,player_63eb6a22-c7d7-4386-baa3-1bf45ef9c6a3@localhost,SuspiciousTitForTat,D,0,10,440,450
90,player_0821b305-f667-4cb4-856a-0d40e5372af3@localhost,TitForTat,D,player_63eb6a22-c7d7-4386-baa3-1bf45ef9c6a3@localhost,SuspiciousTitForTat,C,10,0,450,450
91,player_0821b305-f667-4cb4-856a-0d40e5372af3@localhost,TitForTat,C,player_63eb6a22-c7d7-4386-baa3-1bf45ef9c6a3@localhost,SuspiciousTitForTat,D,0,10,450,460
92,player_0821b305-f667-4cb4-856a-0d40e5372af3@localhost,TitForTat,D,player_63eb6a22-c7d7-4386-baa3-1bf45ef9c6a3@localhost,SuspiciousTitForTat,C,10,0,460,460
93,player_0821b305-f667-4cb4-856a-0d40e5372af3@localhost,TitForTat,C,player_63eb6a22-c7d7-4386-baa3-1bf45ef9c6a3@localhost,SuspiciousTitForTat,D,0,10,460,470
94,player_0821b305-f667-4cb4-856a-0d40e5372af3@localhost,TitForTat,D,player_63eb6a22-c7d7-4386-baa3-1bf45ef9c6a3@localhost,SuspiciousTitForTat,C,10,0,470,470
95,player_0821b305-f667-4cb4-856a-0d40e5372af3@localhost,TitForTat,C,player_63eb6a22-c7d7-4386-baa3-1bf45ef9c6a3@localhost,SuspiciousTitForTat,D,0,10,470,480
96,player_0821b305-f667-4cb4-856a-0d40e5372af3@localhost,TitForTat,D,player_63eb6a22-c7d7-4386-baa3-1bf45ef9c6a3@localhost,SuspiciousTitForTat,C,10,0,480,480
97,player_0821b305-f667-4cb4-856a-0d40e5372af3@localhost,TitForTat,C,player_63eb6a22-c7d7-4386-baa3-1bf45ef9c6a3@localhost,SuspiciousTitForTat,D,0,10,480,490
98,player_0821b305-f667-4cb4-856a-0d40e5372af3@localhost,TitForTat,D,player_63eb6a22-c7d7-4386-baa3-1bf45ef9c6a3@localhost,SuspiciousTitForTat,C,10,0,490,490
99,player_0821b305-f667-4cb4-856a-0d40e5372af3@localhost,TitForTat,C,player_63eb6a22-c7d7-4386-baa3-1bf45ef9c6a3@localhost,SuspiciousTitForTat,D,0,10,490,500
100,player_0821b305-f667-4cb4-856a-0d40e5372af3@localhost,TitForTat,D,player_63eb6a22-c7d7-4386-baa3-1bf45ef9c6a3@localhost,SuspiciousTitForTat,C,10,0,500,500
101,player_0821b305-f667-4cb4-856a-0d40e5372af3@localhost,TitForTat,C,player_63eb6a22-c7d7-4386-baa3-1bf45ef9c6a3@localhost,SuspiciousTitForTat,D,0,10,500,510
102,player_0821b305-f667-4cb4-856a-0d40e5372af3@localhost,TitForTat,D,player_63eb6a22-c7d7-4386-baa3-1bf45ef9c6a3@localhost,SuspiciousTitForTat,C,10,0,510,510
103,player_0821b305-f667-4cb4-856a-0d40e5372af3@localhost,TitForTat,C,player_63eb6a22-c7d7-4386-baa3-1bf45ef9c6a3@localhost,SuspiciousTitForTat,D,0,10,510,520
104,player_0821b305-f667-4cb4-856a-0d40e5372af3@localhost,TitForTat,D,player_63eb6a22-c7d7-4386-baa3-1bf45ef9c6a3@localhost,SuspiciousTitForTat,C,10,0,520,520
105,player_0821b305-f667-4cb4-856a-0d40e5372af3@localhost,TitForTat,C,player_63eb6a22-c7d7-4386-baa3-1bf45ef9c6a3@localhost,SuspiciousTitForTat,D,0,10,520,530
106,player_0821b305-f667-4cb4-856a-0d40e5372af3@localhost,TitForTat,D,player_63eb6a22-c7d7-4386-baa3-1bf45ef9c6a3@localhost,SuspiciousTitForTat,C,10,0,530,530
107,player_0821b305-f667-4cb4-856a-0d40e5372af3@localhost,TitForTat,C,player_63eb6a22-c7d7-4386-baa3-1bf45ef9c6a3@localhost,SuspiciousTitForTat,D,0,10,530,540
108,player_0821b305-f667-4cb4-856a-0d40e5372af3@localhost,TitForTat,D,player_63eb6a22-c7d7-4386-baa3-1bf45ef9c6a3@localhost,SuspiciousTitForTat,C,10,0,540,540
109,player_0821b305-f667-4cb4-856a-0d40e5372af3@localhost,TitForTat,C,player_63eb6a22-c7d7-4386-baa3-1bf45ef9c6a3@localhost,SuspiciousTitForTat,D,0,10,540,550
110,player_0821b305-f667-4cb4-856a-0d40e5372af3@localhost,TitForTat,D,player_63eb6a22-c7d7-4386-baa3-1bf45ef9c6a3@localhost,SuspiciousTitForTat,C,10,0,550,550
111,player_0821b305-f667-4cb4-856a-0d40e5372af3@localhost,TitForTat,C,player_63eb6a22-c7d7-4386-baa3-1bf45ef9c6a3@localhost,SuspiciousTitForTat,D,0,10,550,560
112,player_0821b305-f667-4cb4-856a-0d40e5372af3@localhost,TitForTat,D,player_63eb6a22-c7d7-4386-baa3-1bf45ef9c6a3@localhost,SuspiciousTitForTat,C,10,0,560,560
113,player_0821b305-f667-4cb4-856a-0d40e5372af3@localhost,TitForTat,C,player_63eb6a22-c7d7-4386-baa3-1bf45ef9c6a3@localhost,SuspiciousTitForTat,D,0,10,560,570
114,player_0821b305-f667-4cb4-856a-0d40e5372af3@localhost,TitForTat,D,player_63eb6a22-c7d7-4386-baa3-1bf45ef9c6a3@localhost,SuspiciousTitForTat,C,10,0,570,570
115,player_0821b305-f667-4cb4-856a-0d40e5372af3@localhost,TitForTat,C,player_63eb6a22-c7d7-4386-baa3-1bf45ef9c6a3@localhost,SuspiciousTitForTat,D,0,10,570,580
116,player_0821b305-f667-4cb4-856a-0d40e5372af3@localhost,TitForTat,D,player_63eb6a22-c7d7-4386-baa3-1bf45ef9c6a3@localhost,SuspiciousTitForTat,C,10,0,580,580
117,player_0821b305-f667-4cb4-856a-0d40e5372af3@localhost,TitForTat,C,player_63eb6a22-c7d7-4386-baa3-1bf45ef9c6a3@localhost,SuspiciousTitForTat,D,0,10,580,590
118,player_0821b305-f667-4cb4-856a-0d40e5372af3@localhost,TitForTat,D,player_63eb6a22-c7d7-4386-baa3-1bf45ef9c6a3@localhost,SuspiciousTitForTat,C,10,0,590,590
119,player_0821b305-f667-4cb4-856a-0d40e5372af3@localhost,TitForTat,C,player_63eb6a22-c7d7-4386-baa3-1bf45ef9c6a3@localhost,SuspiciousTitForTat,D,0,10,590,600
120,player_0821b305-f667-4cb4-856a-0d40e5372af3@localhost,TitForTat,D,player_63eb6a22-c7d7-4386-baa3-1bf45ef9c6a3@localhost,SuspiciousTitForTat,C,10,0,600,600
121,player_0821b305-f667-4cb4-856a-0d40e5372af3@localhost,TitForTat,C,player_63eb6a22-c7d7-4386-baa3-1bf45ef9c6a3@localhost,SuspiciousTitForTat,D,0,10,600,610
122,player_0821b305-f667-4cb4-856a-0d40e5372af3@localhost,TitForTat,D,player_63eb6a22-c7d7-4386-baa3-1bf45ef9c6a3@localhost,SuspiciousTitForTat,C,10,0,610,610
123,player_0821b305-f667-4cb4-856a-0d40e5372af3@localhost,TitForTat,C,player_63eb6a22-c7d7-4386-baa3-1bf45ef9c6a3@localhost,SuspiciousTitForTat,D,0,10,610,620
124,player_0821b305-f667-4cb4-856a-0d40e5372af3@localhost,TitForTat,D,player_63eb6a22-c7d7-4386-baa3-1bf45ef9c6a3@localhost,SuspiciousTitForTat,C,10,0,620,620
125,player_0821b305-f667-4cb4-856a-0d40e5372af3@localhost,TitForTat,C,player_63eb6a22-c7d7-4386-baa3-1bf45ef9c6a3@localhost,SuspiciousTitForTat,D,0,10,620,630
126,player_0821b305-f667-4cb4-856a-0d40e5372af3@localhost,TitForTat,D,player_63eb6a22-c7d7-4386-baa3-1bf45ef9c6a3@localhost,SuspiciousTitForTat,C,10,0,630,630
127,player_0821b305-f667-4cb4-856a-0d40e5372af3@localhost,TitForTat,C,player_63eb6a22-c7d7-4386-baa3-1bf45ef9c6a3@localhost,SuspiciousTitForTat,D,0,10,630,640
128,player_0821b305-f667-4cb4-856a-0d40e5372af3@localhost,TitForTat,D,player_63eb6a22-c7d7-4386-baa3-1bf45ef9c6a3@localhost,SuspiciousTitForTat,C,10,0,640,640
129,player_0821b305-f667-4cb4-856a-0d40e5372af3@localhost,TitForTat,C,player_63eb6a22-c7d7-4386-baa3-1bf45ef9c6a3@localhost,SuspiciousTitForTat,D,0,10,640,650
130,player_0821b305-f667-4cb4-856a-0d40e5372af3@localhost,TitForTat,D,player_63eb6a22-c7d7-4386-baa3-1bf45ef9c6a3@localhost,SuspiciousTitForTat,C,10,0,650,650
131,player_0821b305-f667-4cb4-856a-0d40e5372af3@localhost,TitForTat,C,player_63eb6a22-c7d7-4386-baa3-1bf45ef9c6a3@localhost,SuspiciousTitForTat,D,0,10,650,660
132,player_0821b305-f667-4cb4-856a-0d40e5372af3@localhost,TitForTat,D,player_63eb6a22-c7d7-4386-baa3-1bf45ef9c6a3@localhost,SuspiciousTitForTat,C,10,0,660,660
133,player_0821b305-f667-4cb4-856a-0d40e5372af3@localhost,TitForTat,C,player_63eb6a22-c7d7-4386-baa3-1bf45ef9c6a3@localhost,SuspiciousTitForTat,D,0,10,660,670
134,player_0821b305-f667-4cb4-856a-0d40e5372af3@localhost,TitForTat,D,player_63eb6a22-c7d7-4386-baa3-1bf45ef9c6a3@localhost,SuspiciousTitForTat,C,10,0,670,670
135,player_0821b305-f667-4cb4-856a-0d40e5372af3@localhost,TitForTat,C,player_63eb6a22-c7d7-4386-baa3-1bf45ef9c6a3@localhost,SuspiciousTitForTat,D,0,10,670,680
136,player_0821b305-f667-4cb4-856a-0d40e5372af3@localhost,TitForTat,D,player_63eb6a22-c7d7-4386-baa3-1bf45ef9c6a3@localhost,SuspiciousTitForTat,C,10,0,680,680
137,player_0821b305-f667-4cb4-856a-0d40e5372af3@localhost,TitForTat,C,player_63eb6a22-c7d7-4386-baa3-1bf45ef9c6a3@localhost,SuspiciousTitForTat,D,0,10,680,690
138,player_0821b305-f667-4cb4-856a-0d40e5372af3@localhost,TitForTat,D,player_63eb6a22-c7d7-4386-baa3-1bf45ef9c6a3@localhost,SuspiciousTitForTat,C,10,0,690,690
139,player_0821b305-f667-4cb4-856a-0d40e5372af3@localhost,TitForTat,C,player_63eb6a22-c7d7-4386-baa3-1bf45ef9c6a3@localhost,SuspiciousTitForTat,D,0,10,690,700
140,player_0821b305-f667-4cb4-856a-0d40e5372af3@localhost,TitForTat,D,player_63eb6a22-c7d7-4386-baa3-1bf45ef9c6a3@localhost,SuspiciousTitForTat,C,10,0,700,700
141,player_0821b305-f667-4cb4-856a-0d40e5372af3@localhost,TitForTat,C,player_63eb6a22-c7d7-4386-baa3-1bf45ef9c6a3@localhost,SuspiciousTitForTat,D,0,10,700,710
142,player_0821b305-f667-4cb4-856a-0d40e5372af3@localhost,TitForTat,D,player_63eb6a22-c7d7-4386-baa3-1bf45ef9c6a3@localhost,SuspiciousTitForTat,C,10,0,710,710
143,player_0821b305-f667-4cb4-856a-0d40e5372af3@localhost,TitForTat,C,player_63eb6a22-c7d7-4386-baa3-1bf45ef9c6a3@localhost,SuspiciousTitForTat,D,0,10,710,720
144,player_0821b305-f667-4cb4-856a-0d40e5372af3@localhost,TitForTat,D,player_63eb6a22-c7d7-4386-baa3-1bf45ef9c6a3@localhost,SuspiciousTitForTat,C,10,0,720,720
145,player_0821b305-f667-4cb4-856a-0d40e5372af3@localhost,TitForTat,C,player_63eb6a22-c7d7-4386-baa3-1bf45ef9c6a3@localhost,SuspiciousTitForTat,D,0,10,720,730
146,player_0821b305-f667-4cb4-856a-0d40e5372af3@localhost,TitForTat,D,player_63eb6a22-c7d7-4386-baa3-1bf45ef9c6a3@localhost,SuspiciousTitForTat,C,10,0,730,730
147,player_0821b305-f667-4cb4-856a-0d40e5372af3@localhost,TitForTat,C,player_63eb6a22-c7d7-4386-baa3-1bf45ef9c6a3@localhost,SuspiciousTitForTat,D,0,10,730,740
148,player_0821b305-f667-4cb4-856a-0d40e5372af3@localhost,TitForTat,D,player_63eb6a22-c7d7-4386-baa3-1bf45ef9c6a3@localhost,SuspiciousTitForTat,C,10,0,740,740
149,player_0821b305-f667-4cb4-856a-0d40e5372af3@localhost,TitForTat,C,player_63eb6a22-c7d7-4386-baa3-1bf45ef9c6a3@localhost,SuspiciousTitForTat,D,0,10,740,750
150,player_0821b305-f667-4cb4-856a-0d40e5372af3@localhost,TitForTat,D,player_63eb6a22-c7d7-4386-baa3-1bf45ef9c6a3@localhost,SuspiciousTitForTat,C,10,0,750,750
151,player_0821b305-f667-4cb4-856a-0d40e5372af3@localhost,TitForTat,C,player_63eb6a22-c7d7-4386-baa3-1bf45ef9c6a3@localhost,SuspiciousTitForTat,D,0,10,750,760
152,player_0821b305-f667-4cb4-856a-0d40e5372af3@localhost,TitForTat,D,player_63eb6a22-c7d7-4386-baa3-1bf45ef9c6a3@localhost,SuspiciousTitForTat,C,10,0,760,760
153,player_0821b305-f667-4cb4-856a-0d40e5372af3@localhost,TitForTat,C,player_63eb6a22-c7d7-4386-baa3-1bf45ef9c6a3@localhost,SuspiciousTitForTat,D,0,10,760,770
154,player_0821b305-f667-4cb4-856a-0d40e5372af3@localhost,TitForTat,D,player_63eb6a22-c7d7-4386-baa3-1bf45ef9c6a3@localhost,SuspiciousTitForTat,C,10,0,770,770
155,player_0821b305-f667-4cb4-856a-0d40e5372af3@localhost,TitForTat,C,player_63eb6a22-c7d7-4386-baa3-1bf45ef9c6a3@localhost,SuspiciousTitForTat,D,0,10,770,780
156,player_0821b305-f667-4cb4-856a-0d40e5372af3@localhost,TitForTat,D,player_63eb6a22-c7d7-4386-baa3-1bf45ef9c6a3@localhost,SuspiciousTitForTat,C,10,0,780,780
157,player_0821b305-f667-4cb4-856a-0d40e5372af3@localhost,TitForTat,C,player_63eb6a22-c7d7-4386-baa3-1bf45ef9c6a3@localhost,SuspiciousTitForTat,D,0,10,780,790
158,player_0821b305-f667-4cb4-856a-0d40e5372af3@localhost,TitForTat,D,player_63eb6a22-c7d7-4386-baa3-1bf45ef9c6a3@localhost,SuspiciousTitForTat,C,10,0,790,790
159,player_0821b305-f667-4cb4-856a-0d40e5372af3@localhost,TitForTat,C,player_63eb6a22-c7d7-4386-baa3-1bf45ef9c6a3@localhost,SuspiciousTitForTat,D,0,10,790,800
160,player_0821b305-f667-4cb4-856a-0d40e5372af3@localhost,TitForTat,D,player_63eb6a22-c7d7-4386-baa3-1bf45ef9c6a3@localhost,SuspiciousTitForTat,C,10,0,800,800
161,player_0821b305-f667-4cb4-856a-0d40e5372af3@localhost,TitForTat,C,player_63eb6a22-c7d7-4386-baa3-1bf45ef9c6a3@localhost,SuspiciousTitForTat,D,0,10,800,810
162,player_0821b305-f667-4cb4-856a-0d40e5372af3@localhost,TitForTat,D,player_63eb6a22-c7d7-4386-baa3-1bf45ef9c6a3@localhost,SuspiciousTitForTat,C,10,0,810,810
163,player_0821b305-f667-4cb4-856a-0d40e5372af3@localhost,TitForTat,C,player_63eb6a22-c7d7-4386-baa3-1bf45ef9c6a3@localhost,SuspiciousTitForTat,D,0,10,810,820
164,player_0821b305-f667-4cb4-856a-0d40e5372af3@localhost,TitForTat,D,player_63eb6a22-c7d7-4386-baa3-1bf45ef9c6a3@localhost,SuspiciousTitForTat,C,10,0,820,820
165,player_0821b305-f667-4cb4-856a-0d40e5372af3@localhost,TitForTat,C,player_63eb6a22-c7d7-4386-baa3-1bf45ef9c6a3@localhost,SuspiciousTitForTat,D,0,10,820,830
166,player_0821b305-f667-4cb4-856a-0d40e5372af3@localhost,TitForTat,D,player_63eb6a22-c7d7-4386-baa3-1bf45ef9c6a3@localhost,SuspiciousTitForTat,C,10,0,830,830
167,player_0821b305-f667-4cb4-856a-0d40e5372af3@localhost,TitForTat,C,player_63eb6a22-c7d7-4386-baa3-1bf45ef9c6a3@localhost,SuspiciousTitForTat,D,0,10,830,840
168,player_0821b305-f667-4cb4-856a-0d40e5372af3@localhost,TitForTat,D,player_63eb6a22-c7d7-4386-baa3-1bf45ef9c6a3@localhost,SuspiciousTitForTat,C,10,0,840,840
169,player_0821b305-f667-4cb4-856a-0d40e5372af3@localhost,TitForTat,C,player_63eb6a22-c7d7-4386-baa3-1bf45ef9c6a3@localhost,SuspiciousTitForTat,D,0,10,840,850
170,player_0821b305-f667-4cb4-856a-0d40e5372af3@localhost,TitForTat,D,player_63eb6a22-c7d7-4386-baa3-1bf45ef9c6a3@localhost,SuspiciousTitForTat,C,10,0,850,850
171,player_0821b305-f667-4cb4-856a-0d40e5372af3@localhost,TitForTat,C,player_63eb6a22-c7d7-4386-baa3-1bf45ef9c6a3@localhost,SuspiciousTitForTat,D,0,10,850,860
172,player_0821b305-f667-4cb4-856a-0d40e5372af3@localhost,TitForTat,D,player_63eb6a22-c7d7-4386-baa3-1bf45ef9c6a3@localhost,SuspiciousTitForTat,C,10,0,860,860
173,player_0821b305-f667-4cb4-856a-0d40e5372af3@localhost,TitForTat,C,player_63eb6a22-c7d7-4386-baa3-1bf45ef9c6a3@localhost,SuspiciousTitForTat,D,0,10,860,870
174,player_0821b305-f667-4cb4-856a-0d40e5372af3@localhost,TitForTat,D,player_63eb6a22-c7d7-4386-baa3-1bf45ef9c6a3@localhost,SuspiciousTitForTat,C,10,0,870,870
175,player_0821b305-f667-4cb4-856a-0d40e5372af3@localhost,TitForTat,C,player_63eb6a22-c7d7-4386-baa3-1bf45ef9c6a3@localhost,SuspiciousTitForTat,D,0,10,870,880
176,player_0821b305-f667-4cb4-856a-0d40e5372af3@localhost,TitForTat,D,player_63eb6a22-c7d7-4386-baa3-1bf45ef9c6a3@localhost,SuspiciousTitForTat,C,10,0,880,880
177,player_0821b305-f667-4cb4-856a-0d40e5372af3@localhost,TitForTat,C,player_63eb6a22-c7d7-4386-baa3-1bf45ef9c6a3@localhost,SuspiciousTitForTat,D,0,10,880,890
178,player_0821b305-f667-4cb4-856a-0d40e5372af3@localhost,TitForTat,D,player_63eb6a22-c7d7-4386-baa3-1bf45ef9c6a3@localhost,SuspiciousTitForTat,C,10,0,890,890
179,player_0821b305-f667-4cb4-856a-0d40e5372af3@localhost,TitForTat,C,player_63eb6a22-c7d7-4386-baa3-1bf45ef9c6a3@localhost,SuspiciousTitForTat,D,0,10,890,900
180,player_0821b305-f667-4cb4-856a-0d40e5372af3@localhost,TitForTat,D,player_63eb6a22-c7d7-4386-baa3-1bf45ef9c6a3@localhost,SuspiciousTitForTat,C,10,0,900,900
181,player_0821b305-f667-4cb4-856a-0d40e5372af3@localhost,TitForTat,C,player_63eb6a22-c7d7-4386-baa3-1bf45ef9c6a3@localhost,SuspiciousTitForTat,D,0,10,900,910
182,player_0821b305-f667-4cb4-856a-0d40e5372af3@localhost,TitForTat,D,player_63eb6a22-c7d7-4386-baa3-1bf45ef9c6a3@localhost,SuspiciousTitForTat,C,10,0,910,910
183,player_0821b305-f667-4cb4-856a-0d40e5372af3@localhost,TitForTat,C,player_63eb6a22-c7d7-4386-baa3-1bf45ef9c6a3@localhost,SuspiciousTitForTat,D,0,10,910,920
184,player_0821b305-f667-4cb4-856a-0d40e5372af3@localhost,TitForTat,D,player_63eb6a22-c7d7-4386-baa3-1bf45ef9c6a3@localhost,SuspiciousTitForTat,C,10,0,920,920
185,player_0821b305-f667-4cb4-856a-0d40e5372af3@localhost,TitForTat,C,player_63eb6a22-c7d7-4386-baa3-1bf45ef9c6a3@localhost,SuspiciousTitForTat,D,0,10,920,930
186,player_0821b305-f667-4cb4-856a-0d40e5372af3@localhost,TitForTat,D,player_63eb6a22-c7d7-4386-baa3-1bf45ef9c6a3@localhost,SuspiciousTitForTat,C,10,0,930,930
187,player_0821b305-f667-4cb4-856a-0d40e5372af3@localhost,TitForTat,C,player_63eb6a22-c7d7-4386-baa3-1bf45ef9c6a3@localhost,SuspiciousTitForTat,D,0,10,930,940
188,player_0821b305-f667-4cb4-856a-0d40e5372af3@localhost,TitForTat,D,player_63eb6a22-c7d7-4386-baa3-1bf45ef9c6a3@localhost,SuspiciousTitForTat,C,10,0,940,940
189,player_0821b305-f667-4cb4-856a-0d40e5372af3@localhost,TitForTat,C,player_63eb6a22-c7d7-4386-baa3-1bf45ef9c6a3@localhost,SuspiciousTitForTat,D,0,10,940,950
190,player_0821b305-f667-4cb4-856a-0d40e5372af3@localhost,TitForTat,D,player_63eb6a22-c7d7-4386-baa3-1bf45ef9c6a3@localhost,SuspiciousTitForTat,C,10,0,950,950
191,player_0821b305-f667-4cb4-856a-0d40e5372af3@localhost,TitForTat,C,player_63eb6a22-c7d7-4386-baa3-1bf45ef9c6a3@localhost,SuspiciousTitForTat,D,0,10,950,960
192,player_0821b305-f667-4cb4-856a-0d40e5372af3@localhost,TitForTat,D,player_63eb6a22-c7d7-4386-baa3-1bf45ef9c6a3@localhost,SuspiciousTitForTat,C,10,0,960,960
193,player_0821b305-f667-4cb4-856a-0d40e5372af3@localhost,TitForTat,C,player_63eb6a22-c7d7-4386-baa3-1bf45ef9c6a3@localhost,SuspiciousTitForTat,D,0,10,960,970
194,player_0821b305-f667-4cb4-856a-0d40e5372af3@localhost,TitForTat,D,player_63eb6a22-c7d7-4386-baa3-1bf45ef9c6a3@localhost,SuspiciousTitForTat,C,10,0,970,970
195,player_0821b305-f667-4cb4-856a-0d40e5372af3@localhost,TitForTat,C,player_63eb6a22-c7d7-4386-baa3-1bf45ef9c6a3@localhost,SuspiciousTitForTat,D,0,10,970,980
196,player_0821b305-f667-4cb4-856a-0d40e5372af3@localhost,TitForTat,D,player_63eb6a22-c7d7-4386-baa3-1bf45ef9c6a3@localhost,SuspiciousTitForTat,C,10,0,980,980
197,player_0821b305-f667-4cb4-856a-0d40e5372af3@localhost,TitForTat,C,player_63eb6a22-c7d7-4386-baa3-1bf45ef9c6a3@localhost,SuspiciousTitForTat,D,0,10,980,990
198,player_0821b305-f667-4cb4-856a-0d40e5372af3@localhost,TitForTat,D,player_63eb6a22-c7d7-4386-baa3-1bf45ef9c6a3@localhost,SuspiciousTitForTat,C,10,0,990,990
199,player_0821b305-f667-4cb4-856a-0d40e5372af3@localhost,TitForTat,C,player_63eb6a22-c7d7-4386-baa3-1bf45ef9c6a3@localhost,SuspiciousTitForTat,D,0,10,990,1000
200,player_0821b305-f667-4cb4-856a-0d40e5372af3@localhost,TitForTat,D,player_63eb6a22-c7d7-4386-baa3-1bf45ef9c6a3@localhost,SuspiciousTitForTat,C,10,0,1000,1000
201,player_0821b305-f667-4cb4-856a-0d40e5372af3@localhost,TitForTat,C,player_63eb6a22-c7d7-4386-baa3-1bf45ef9c6a3@localhost,SuspiciousTitForTat,D,0,10,1000,1010
202,player_0821b305-f667-4cb4-856a-0d40e5372af3@localhost,TitForTat,D,player_63eb6a22-c7d7-4386-baa3-1bf45ef9c6a3@localhost,SuspiciousTitForTat,C,10,0,1010,1010
203,player_0821b305-f667-4cb4-856a-0d40e5372af3@localhost,TitForTat,C,player_63eb6a22-c7d7-4386-baa3-1bf45ef9c6a3@localhost,SuspiciousTitForTat,D,0,10,1010,1020
204,player_0821b305-f667-4cb4-856a-0d40e5372af3@localhost,TitForTat,D,player_63eb6a22-c7d7-4386-baa3-1bf45ef9c6a3@localhost,SuspiciousTitForTat,C,10,0,1020,1020
205,player_0821b305-f667-4cb4-856a-0d40e5372af3@localhost,TitForTat,C,player_63eb6a22-c7d7-4386-baa3-1bf45ef9c6a3@localhost,SuspiciousTitForTat,D,0,10,1020,1030
206,player_0821b305-f667-4cb4-856a-0d40e5372af3@localhost,TitForTat,D,player_63eb6a22-c7d7-4386-baa3-1bf45ef9c6a3@localhost,SuspiciousTitForTat,C,10,0,1030,1030
207,player_0821b305-f667-4cb4-856a-0d40e5372af3@localhost,TitForTat,C,player_63eb6a22-c7d7-4386-baa3-1bf45ef9c6a3@localhost,SuspiciousTitForTat,D,0,10,1030,1040
208,player_0821b305-f667-4cb4-856a-0d40e5372af3@localhost,TitForTat,D,player_63eb6a22-c7d7-4386-baa3-1bf45ef9c6a3@localhost,SuspiciousTitForTat,C,10,0,1040,1040
209,player_0821b305-f667-4cb4-856a-0d40e5372af3@localhost,TitForTat,C,player_63eb6a22-c7d7-4386-baa3-1bf45ef9c6a3@localhost,SuspiciousTitForTat,D,0,10,1040,1050
210,player_0821b305-f667-4cb4-856a-0d40e5372af3@localhost,TitForTat,D,player_63eb6a22-c7d7-4386-baa3-1bf45ef9c6a3@localhost,SuspiciousTitForTat,C,10,0,1050,1050
211,player_0821b305-f667-4cb4-856a-0d40e5372af3@localhost,TitForTat,C,player_63eb6a22-c7d7-4386-baa3-1bf45ef9c6a3@localhost,SuspiciousTitForTat,D,0,10,1050,1060
212,player_0821b305-f667-4cb4-856a-0d40e5372af3@localhost,TitForTat,D,player_63eb6a22-c7d7-4386-baa3-1bf45ef9c6a3@localhost,SuspiciousTitForTat,C,10,0,1060,1060
213,player_0821b305-f667-4cb4-856a-0d40e5372af3@localhost,TitForTat,C,player_63eb6a22-c7d7-4386-baa3-1bf45ef9c6a3@localhost,SuspiciousTitForTat,D,0,10,1060,1070
214,player_0821b305-f667-4cb4-856a-0d40e5372af3@localhost,TitForTat,D,player_63eb6a22-c7d7-4386-baa3-1bf45ef9c6a3@localhost,SuspiciousTitForTat,C,10,0,1070,1070
215,player_0821b305-f667-4cb4-856a-0d40e5372af3@localhost,TitForTat,C,player_63eb6a22-c7d7-4386-baa3-1bf45ef9c6a3@localhost,SuspiciousTitForTat,D,0,10,1070,1080
216,player_0821b305-f667-4cb4-856a-0d40e5372af3@localhost,TitForTat,D,player_63eb6a22-c7d7-4386-baa3-1bf45ef9c6a3@localhost,SuspiciousTitForTat,C,10,0,1080,1080
217,player_0821b305-f667-4cb4-856a-0d40e5372af3@localhost,TitForTat,C,player_63eb6a22-c7d7-4386-baa3-1bf45ef9c6a3@localhost,SuspiciousTitForTat,D,0,10,1080,1090
218,player_0821b305-f667-4cb4-856a-0d40e5372af3@localhost,TitForTat,D,player_63eb6a22-c7d7-4386-baa3-1bf45ef9c6a3@localhost,SuspiciousTitForTat,C,10,0,1090,1090
219,player_0821b305-f667-4cb4-856a-0d40e5372af3@localhost,TitForTat,C,player_63eb6a22-c7d7-4386-baa3-1bf45ef9c6a3@localhost,SuspiciousTitForTat,D,0,10,1090,1100
220,player_0821b305-f667-4cb4-856a-0d40e5372af3@localhost,TitForTat,D,player_63eb6a22-c7d7-4386-baa3-1bf45ef9c6a3@localhost,SuspiciousTitForTat,C,10,0,1100,1100
221,player_0821b305-f667-4cb4-856a-0d40e5372af3@localhost,TitForTat,C,player_63eb6a22-c7d7-4386-baa3-1bf45ef9c6a3@localhost,SuspiciousTitForTat,D,0,10,1100,1110
222,player_0821b305-f667-4cb4-856a-0d40e5372af3@localhost,TitForTat,D,player_63eb6a22-c7d7-4386-baa3-1bf45ef9c6a3@localhost,SuspiciousTitForTat,C,10,0,1110,1110
223,player_0821b305-f667-4cb4-856a-0d40e5372af3@localhost,TitForTat,C,player_63eb6a22-c7d7-4386-baa3-1bf45ef9c6a3@localhost,SuspiciousTitForTat,D,0,10,1110,1120
224,player_0821b305-f667-4cb4-856a-0d40e5372af3@localhost,TitForTat,D,player_63eb6a22-c7d7-4386-baa3-1bf45ef9c6a3@localhost,SuspiciousTitForTat,C,10,0,1120,1120
225,player_0821b305-f667-4cb4-856a-0d40e5372af3@localhost,TitForTat,C,player_63eb6a22-c7d7-4386-baa3-1bf45ef9c6a3@localhost,SuspiciousTitForTat,D,0,10,1120,1130
226,player_0821b305-f667-4cb4-856a-0d40e5372af3@localhost,TitForTat,D,player_63eb6a22-c7d7-4386-baa3-1bf45ef9c6a3@localhost,SuspiciousTitForTat,C,10,0,1130,1130
227,player_0821b305-f667-4cb4-856a-0d40e5372af3@localhost,TitForTat,C,player_63eb6a22-c7d7-4386-baa3-1bf45ef9c6a3@localhost,SuspiciousTitForTat,D,0,10,1130,1140
228,player_0821b305-f667-4cb4-856a-0d40e5372af3@localhost,TitForTat,D,player_63eb6a22-c7d7-4386-baa3-1bf45ef9c6a3@localhost,SuspiciousTitForTat,C,10,0,1140,1140
229,player_0821b305-f667-4cb4-856a-0d40e5372af3@localhost,TitForTat,C,player_63eb6a22-c7d7-4386-baa3-1bf45ef9c6a3@localhost,SuspiciousTitForTat,D,0,10,1140,1150
230,player_0821b305-f667-4cb4-856a-0d40e5372af3@localhost,TitForTat,D,player_63eb6a22-c7d7-4386-baa3-1bf45ef9c6a3@localhost,SuspiciousTitForTat,C,10,0,1150,1150
231,player_0821b305-f667-4cb4-856a-0d40e5372af3@localhost,TitForTat,C,player_63eb6a22-c7d7-4386-baa3-1bf45ef9c6a3@localhost,SuspiciousTitForTat,D,0,10,1150,1160
232,player_0821b305-f667-4cb4-856a-0d40e5372af3@localhost,TitForTat,D,player_63eb6a22-c7d7-4386-baa3-1bf45ef9c6a3@localhost,SuspiciousTitForTat,C,10,0,1160,1160
233,player_0821b305-f667-4cb4-856a-0d40e5372af3@localhost,TitForTat,C,player_63eb6a22-c7d7-4386-baa3-1bf45ef9c6a3@localhost,SuspiciousTitForTat,D,0,10,1160,1170
234,player_0821b305-f667-4cb4-856a-0d40e5372af3@localhost,TitForTat,D,player_63eb6a22-c7d7-4386-baa3-1bf45ef9c6a3@localhost,SuspiciousTitForTat,C,10,0,1170,1170
235,player_0821b305-f667-4cb4-856a-0d40e5372af3@localhost,TitForTat,C,player_63eb6a22-c7d7-4386-baa3-1bf45ef9c6a3@localhost,SuspiciousTitForTat,D,0,10,1170,1180
236,player_0821b305-f667-4cb4-856a-0d40e5372af3@localhost,TitForTat,D,player_63eb6a22-c7d7-4386-baa3-1bf45ef9c6a3@localhost,SuspiciousTitForTat,C,10,0,1180,1180
237,player_0821b305-f667-4cb4-856a-0d40e5372af3@localhost,TitForTat,C,player_63eb6a22-c7d7-4386-baa3-1bf45ef9c6a3@localhost,SuspiciousTitForTat,D,0,10,1180,1190
238,player_0821b305-f667-4cb4-856a-0d40e5372af3@localhost,TitForTat,D,player_63eb6a22-c7d7-4386-baa3-1bf45ef9c6a3@localhost,SuspiciousTitForTat,C,10,0,1190,1190
239,player_0821b305-f667-4cb4-856a-0d40e5372af3@localhost,TitForTat,C,player_63eb6a22-c7d7-4386-baa3-1bf45ef9c6a3@localhost,SuspiciousTitForTat,D,0,10,1190,1200
240,player_0821b305-f667-4cb4-856a-0d40e5372af3@localhost,TitForTat,D,player_63eb6a22-c7d7-4386-baa3-1bf45ef9c6a3@localhost,SuspiciousTitForTat,C,10,0,1200,1200
241,player_0821b305-f667-4cb4-856a-0d40e5372af3@localhost,TitForTat,C,player_63eb6a22-c7d7-4386-baa3-1bf45ef9c6a3@localhost,SuspiciousTitForTat,D,0,10,1200,1210
242,player_0821b305-f667-4cb4-856a-0d40e5372af3@localhost,TitForTat,D,player_63eb6a22-c7d7-4386-baa3-1bf45ef9c6a3@localhost,SuspiciousTitForTat,C,10,0,1210,1210
243,player_0821b305-f667-4cb4-856a-0d40e5372af3@localhost,TitForTat,C,player_63eb6a22-c7d7-4386-baa3-1bf45ef9c6a3@localhost,SuspiciousTitForTat,D,0,10,1210,1220
244,player_0821b305-f667-4cb4-856a-0d40e5372af3@localhost,TitForTat,D,player_63eb6a22-c7d7-4386-baa3-1bf45ef9c6a3@localhost,SuspiciousTitForTat,C,10,0,1220,1220
245,player_0821b305-f667-4cb4-856a-0d40e5372af3@localhost,TitForTat,C,player_63eb6a22-c7d7-4386-baa3-1bf45ef9c6a3@localhost,SuspiciousTitForTat,D,0,10,1220,1230
246,player_0821b305-f667-4cb4-856a-0d40e5372af3@localhost,TitForTat,D,player_63eb6a22-c7d7-4386-baa3-1bf45ef9c6a3@localhost,SuspiciousTitForTat,C,10,0,1230,1230
247,player_0821b305-f667-4cb4-856a-0d40e5372af3@localhost,TitForTat,C,player_63eb6a22-c7d7-4386-baa3-1bf45ef9c6a3@localhost,SuspiciousTitForTat,D,0,10,1230,1240
248,player_0821b305-f667-4cb4-856a-0d40e5372af3@localhost,TitForTat,D,player_63eb6a22-c7d7-4386-baa3-1bf45ef9c6a3@localhost,SuspiciousTitForTat,C,10,0,1240,1240
249,player_0821b305-f667-4cb4-856a-0d40e5372af3@localhost,TitForTat,C,player_63eb6a22-c7d7-4386-baa3-1bf45ef9c6a3@localhost,SuspiciousTitForTat,D,0,10,1240,1250
250,player_0821b305-f667-4cb4-856a-0d40e5372af3@localhost,TitForTat,D,player_63eb6a22-c7d7-4386-baa3-1bf45ef9c6a3@localhost,SuspiciousTitForTat,C,10,0,1250,1250
251,player_0821b305-f667-4cb4-856a-0d40e5372af3@localhost,TitForTat,C,player_63eb6a22-c7d7-4386-baa3-1bf45ef9c6a3@localhost,SuspiciousTitForTat,D,0,10,1250,1260
252,player_0821b305-f667-4cb4-856a-0d40e5372af3@localhost,TitForTat,D,player_63eb6a22-c7d7-4386-baa3-1bf45ef9c6a3@localhost,SuspiciousTitForTat,C,10,0,1260,1260
253,player_0821b305-f667-4cb4-856a-0d40e5372af3@localhost,TitForTat,C,player_63eb6a22-c7d7-4386-baa3-1bf45ef9c6a3@localhost,SuspiciousTitForTat,D,0,10,1260,1270
254,player_0821b305-f667-4cb4-856a-0d40e5372af3@localhost,TitForTat,D,player_63eb6a22-c7d7-4386-baa3-1bf45ef9c6a3@localhost,SuspiciousTitForTat,C,10,0,1270,1270
255,player_0821b305-f667-4cb4-856a-0d40e5372af3@localhost,TitForTat,C,player_63eb6a22-c7d7-4386-baa3-1bf45ef9c6a3@localhost,SuspiciousTitForTat,D,0,10,1270,1280
256,player_0821b305-f667-4cb4-856a-0d40e5372af3@localhost,TitForTat,D,player_63eb6a22-c7d7-4386-baa3-1bf45ef9c6a3@localhost,SuspiciousTitForTat,C,10,0,1280,1280
257,player_0821b305-f667-4cb4-856a-0d40e5372af3@localhost,TitForTat,C,player_63eb6a22-c7d7-4386-baa3-1bf45ef9c6a3@localhost,SuspiciousTitForTat,D,0,10,1280,1290
258,player_0821b305-f667-4cb4-856a-0d40e5372af3@localhost,TitForTat,D,player_63eb6a22-c7d7-4386-baa3-1bf45ef9c6a3@localhost,SuspiciousTitForTat,C,10,0,1290,1290
259,player_0821b305-f667-4cb4-856a-0d40e5372af3@localhost,TitForTat,C,player_63eb6a22-c7d7-4386-baa3-1bf45ef9c6a3@localhost,SuspiciousTitForTat,D,0,10,1290,1300
260,player_0821b305-f667-4cb4-856a-0d40e5372af3@localhost,TitForTat,D,player_63eb6a22-c7d7-4386-baa3-1bf45ef9c6a3@localhost,SuspiciousTitForTat,C,10,0,1300,1300
261,player_0821b305-f667-4cb4-856a-0d40e5372af3@localhost,TitForTat,C,player_63eb6a22-c7d7-4386-baa3-1bf45ef9c6a3@localhost,SuspiciousTitForTat,D,0,10,1300,1310
262,player_0821b305-f667-4cb4-856a-0d40e5372af3@localhost,TitForTat,D,player_63eb6a22-c7d7-4386-baa3-1bf45ef9c6a3@localhost,SuspiciousTitForTat,C,10,0,1310,1310
263,player_0821b305-f667-4cb4-856a-0d40e5372af3@localhost,TitForTat,C,player_63eb6a22-c7d7-4386-baa3-1bf45ef9c6a3@localhost,SuspiciousTitForTat,D,0,10,1310,1320
264,player_0821b305-f667-4cb4-856a-0d40e5372af3@localhost,TitForTat,D,player_63eb6a22-c7d7-4386-baa3-1bf45ef9c6a3@localhost,SuspiciousTitForTat,C,10,0,1320,1320
265,player_0821b305-f667-4cb4-856a-0d40e5372af3@localhost,TitForTat,C,player_63eb6a22-c7d7-4386-baa3-1bf45ef9c6a3@localhost,SuspiciousTitForTat,D,0,10,1320,1330
266,player_0821b305-f667-4cb4-856a-0d40e5372af3@localhost,TitForTat,D,player_63eb6a22-c7d7-4386-baa3-1bf45ef9c6a3@localhost,SuspiciousTitForTat,C,10,0,1330,1330
267,player_0821b305-f667-4cb4-856a-0d40e5372af3@localhost,TitForTat,C,player_63eb6a22-c7d7-4386-baa3-1bf45ef9c6a3@localhost,SuspiciousTitForTat,D,0,10,1330,1340
268,player_0821b305-f667-4cb4-856a-0d40e5372af3@localhost,TitForTat,D,player_63eb6a22-c7d7-4386-baa3-1bf45ef9c6a3@localhost,SuspiciousTitForTat,C,10,0,1340,1340
269,player_0821b305-f667-4cb4-856a-0d40e5372af3@localhost,TitForTat,C,player_63eb6a22-c7d7-4386-baa3-1bf45ef9c6a3@localhost,SuspiciousTitForTat,D,0,10,1340,1350
270,player_0821b305-f667-4cb4-856a-0d40e5372af3@localhost,TitForTat,D,player_63eb6a22-c7d7-4386-baa3-1bf45ef9c6a3@localhost,SuspiciousTitForTat,C,10,0,1350,1350
271,player_0821b305-f667-4cb4-856a-0d40e5372af3@localhost,TitForTat,C,player_63eb6a22-c7d7-4386-baa3-1bf45ef9c6a3@localhost,SuspiciousTitForTat,D,0,10,1350,1360
272,player_0821b305-f667-4cb4-856a-0d40e5372af3@localhost,TitForTat,D,player_63eb6a22-c7d7-4386-baa3-1bf45ef9c6a3@localhost,SuspiciousTitForTat,C,10,0,1360,1360
273,player_0821b305-f667-4cb4-856a-0d40e5372af3@localhost,TitForTat,C,player_63eb6a22-c7d7-4386-baa3-1bf45ef9c6a3@localhost,SuspiciousTitForTat,D,0,10,1360,1370
274,player_0821b305-f667-4cb4-856a-0d40e5372af3@localhost,TitForTat,D,player_63eb6a22-c7d7-4386-baa3-1bf45ef9c6a3@localhost,SuspiciousTitForTat,C,10,0,1370,1370
275,player_0821b305-f667-4cb4-856a-0d40e5372af3@localhost,TitForTat,C,player_63eb6a22-c7d7-4386-baa3-1bf45ef9c6a3@localhost,SuspiciousTitForTat,D,0,10,1370,1380
276,player_0821b305-f667-4cb4-856a-0d40e5372af3@localhost,TitForTat,D,player_63eb6a22-c7d7-4386-baa3-1bf45ef9c6a3@localhost,SuspiciousTitForTat,C,10,0,1380,1380
277,player_0821b305-f667-4cb4-856a-0d40e5372af3@localhost,TitForTat,C,player_63eb6a22-c7d7-4386-baa3-1bf45ef9c6a3@localhost,SuspiciousTitForTat,D,0,10,1380,1390
278,player_0821b305-f667-4cb4-856a-0d40e5372af3@localhost,TitForTat,D,player_63eb6a22-c7d7-4386-baa3-1bf45ef9c6a3@localhost,SuspiciousTitForTat,C,10,0,1390,1390
279,player_0821b305-f667-4cb4-856a-0d40e5372af3@localhost,TitForTat,C,player_63eb6a22-c7d7-4386-baa3-1bf45ef9c6a3@localhost,SuspiciousTitForTat,D,0,10,1390,1400
280,player_0821b305-f667-4cb4-856a-0d40e5372af3@localhost,TitForTat,D,player_63eb6a22-c7d7-4386-baa3-1bf45ef9c6a3@localhost,SuspiciousTitForTat,C,10,0,1400,1400
281,player_0821b305-f667-4cb4-856a-0d40e5372af3@localhost,TitForTat,C,player_63eb6a22-c7d7-4386-baa3-1bf45ef9c6a3@localhost,SuspiciousTitForTat,D,0,10,1400,1410
282,player_0821b305-f667-4cb4-856a-0d40e5372af3@localhost,TitForTat,D,player_63eb6a22-c7d7-4386-baa3-1bf45ef9c6a3@localhost,SuspiciousTitForTat,C,10,0,1410,1410
283,player_0821b305-f667-4cb4-856a-0d40e5372af3@localhost,TitForTat,C,player_63eb6a22-c7d7-4386-baa3-1bf45ef9c6a3@localhost,SuspiciousTitForTat,D,0,10,1410,1420
284,player_0821b305-f667-4cb4-856a-0d40e5372af3@localhost,TitForTat,D,player_63eb6a22-c7d7-4386-baa3-1bf45ef9c6a3@localhost,SuspiciousTitForTat,C,10,0,1420,1420
285,player_0821b305-f667-4cb4-856a-0d40e5372af3@localhost,TitForTat,C,player_63eb6a22-c7d7-4386-baa3-1bf45ef9c6a3@localhost,SuspiciousTitForTat,D,0,10,1420,1430
286,player_0821b305-f667-4cb4-856a-0d40e5372af3@localhost,TitForTat,D,player_63eb6a22-c7d7-4386-baa3-1bf45ef9c6a3@localhost,SuspiciousTitForTat,C,10,0,1430,1430
287,player_0821b305-f667-4cb4-856a-0d40e5372af3@localhost,TitForTat,C,player_63eb6a22-c7d7-4386-baa3-1bf45ef9c6a3@localhost,SuspiciousTitForTat,D,0,10,1430,1440
288,player_0821b305-f667-4cb4-856a-0d40e5372af3@localhost,TitForTat,D,player_63eb6a22-c7d7-4386-baa3-1bf45ef9c6a3@localhost,SuspiciousTitForTat,C,10,0,1440,1440
289,player_0821b305-f667-4cb4-856a-0d40e5372af3@localhost,TitForTat,C,player_63eb6a22-c7d7-4386-baa3-1bf45ef9c6a3@localhost,SuspiciousTitForTat,D,0,10,1440,1450
290,player_0821b305-f667-4cb4-856a-0d40e5372af3@localhost,TitForTat,D,player_63eb6a22-c7d7-4386-baa3-1bf45ef9c6a3@localhost,SuspiciousTitForTat,C,10,0,1450,1450
291,player_0821b305-f667-4cb4-856a-0d40e5372af3@localhost,TitForTat,C,player_63eb6a22-c7d7-4386-baa3-1bf45ef9c6a3@localhost,SuspiciousTitForTat,D,0,10,1450,1460
292,player_0821b305-f667-4cb4-856a-0d40e5372af3@localhost,TitForTat,D,player_63eb6a22-c7d7-4386-baa3-1bf45ef9c6a3@localhost,SuspiciousTitForTat,C,10,0,1460,1460
293,player_0821b305-f667-4cb4-856a-0d40e5372af3@localhost,TitForTat,C,player_63eb6a22-c7d7-4386-baa3-1bf45ef9c6a3@localhost,SuspiciousTitForTat,D,0,10,1460,1470
294,player_0821b305-f667-4cb4-856a-0d40e5372af3@localhost,TitForTat,D,player_63eb6a22-c7d7-4386-baa3-1bf45ef9c6a3@localhost,SuspiciousTitForTat,C,10,0,1470,1470
295,player_0821b305-f667-4cb4-856a-0d40e5372af3@localhost,TitForTat,C,player_63eb6a22-c7d7-4386-baa3-1bf45ef9c6a3@localhost,SuspiciousTitForTat,D,0,10,1470,1480
296,player_0821b305-f667-4cb4-856a-0d40e5372af3@localhost,TitForTat,D,player_63eb6a22-c7d7-4386-baa3-1bf45ef9c6a3@localhost,SuspiciousTitForTat,C,10,0,1480,1480
297,player_0821b305-f667-4cb4-856a-0d40e5372af3@localhost,TitForTat,C,player_63eb6a22-c7d7-4386-baa3-1bf45ef9c6a3@localhost,SuspiciousTitForTat,D,0,10,1480,1490
298,player_0821b305-f667-4cb4-856a-0d40e5372af3@localhost,TitForTat,D,player_63eb6a22-c7d7-4386-baa3-1bf45ef9c6a3@localhost,SuspiciousTitForTat,C,10,0,1490,1490
299,player_0821b305-f667-4cb4-856a-0d40e5372af3@localhost,TitForTat,C,player_63eb6a22-c7d7-4386-baa3-1bf45ef9c6a3@localhost,SuspiciousTitForTat,D,0,10,1490,1500
300,player_0821b305-f667-4cb4-856a-0d40e5372af3@localhost,TitForTat,D,player_63eb6a22-c7d7-4386-baa3-1bf45ef9c6a3@localhost,SuspiciousTitForTat,C,10,0,1500,1500
301,player_0821b305-f667-4cb4-856a-0d40e5372af3@localhost,TitForTat,C,player_63eb6a22-c7d7-4386-baa3-1bf45ef9c6a3@localhost,SuspiciousTitForTat,D,0,10,1500,1510
302,player_0821b305-f667-4cb4-856a-0d40e5372af3@localhost,TitForTat,D,player_63eb6a22-c7d7-4386-baa3-1bf45ef9c6a3@localhost,SuspiciousTitForTat,C,10,0,1510,1510
303,player_0821b305-f667-4cb4-856a-0d40e5372af3@localhost,TitForTat,C,player_63eb6a22-c7d7-4386-baa3-1bf45ef9c6a3@localhost,SuspiciousTitForTat,D,0,10,1510,1520
304,player_0821b305-f667-4cb4-856a-0d40e5372af3@localhost,TitForTat,D,player_63eb6a22-c7d7-4386-baa3-1bf45ef9c6a3@localhost,SuspiciousTitForTat,C,10,0,1520,1520
305,player_0821b305-f667-4cb4-856a-0d40e5372af3@localhost,TitForTat,C,player_63eb6a22-c7d7-4386-baa3-1bf45ef9c6a3@localhost,SuspiciousTitForTat,D,0,10,1520,1530
306,player_0821b305-f667-4cb4-856a-0d40e5372af3@localhost,TitForTat,D,player_63eb6a22-c7d7-4386-baa3-1bf45ef9c6a3@localhost,SuspiciousTitForTat,C,10,0,1530,1530
307,player_0821b305-f667-4cb4-856a-0d40e5372af3@localhost,TitForTat,C,player_63eb6a22-c7d7-4386-baa3-1bf45ef9c6a3@localhost,SuspiciousTitForTat,D,0,10,1530,1540
308,player_0821b305-f667-4cb4-856a-0d40e5372af3@localhost,TitForTat,D,player_63eb6a22-c7d7-4386-baa3-1bf45ef9c6a3@localhost,SuspiciousTitForTat,C,10,0,1540,1540
309,player_0821b305-f667-4cb4-856a-0d40e5372af3@localhost,TitForTat,C,player_63eb6a22-c7d7-4386-baa3-1bf45ef9c6a3@localhost,SuspiciousTitForTat,D,0,10,1540,1550
310,player_0821b305-f667-4cb4-856a-0d40e5372af3@localhost,TitForTat,D,player_63eb6a22-c7d7-4386-baa3-1bf45ef9c6a3@localhost,SuspiciousTitForTat,C,10,0,1550,1550
311,player_0821b305-f667-4cb4-856a-0d40e5372af3@localhost,TitForTat,C,player_63eb6a22-c7d7-4386-baa3-1bf45ef9c6a3@localhost,SuspiciousTitForTat,D,0,10,1550,1560
312,player_0821b305-f667-4cb4-856a-0d40e5372af3@localhost,TitForTat,D,player_63eb6a22-c7d7-4386-baa3-1bf45ef9c6a3@localhost,SuspiciousTitForTat,C,10,0,1560,1560
313,player_0821b305-f667-4cb4-856a-0d40e5372af3@localhost,TitForTat,C,player_63eb6a22-c7d7-4386-baa3-1bf45ef9c6a3@localhost,SuspiciousTitForTat,D,0,10,1560,1570
314,player_0821b305-f667-4cb4-856a-0d40e5372af3@localhost,TitForTat,D,player_63eb6a22-c7d7-4386-baa3-1bf45ef9c6a3@localhost,SuspiciousTitForTat,C,10,0,1570,1570
315,player_0821b305-f667-4cb4-856a-0d40e5372af3@localhost,TitForTat,C,player_63eb6a22-c7d7-4386-baa3-1bf45ef9c6a3@localhost,SuspiciousTitForTat,D,0,10,1570,1580
316,player_0821b305-f667-4cb4-856a-0d40e5372af3@localhost,TitForTat,D,player_63eb6a22-c7d7-4386-baa3-1bf45ef9c6a3@localhost,SuspiciousTitForTat,C,10,0,1580,1580
317,player_0821b305-f667-4cb4-856a-0d40e5372af3@localhost,TitForTat,C,player_63eb6a22-c7d7-4386-baa3-1bf45ef9c6a3@localhost,SuspiciousTitForTat,D,0,10,1580,1590
318,player_0821b305-f667-4cb4-856a-0d40e5372af3@localhost,TitForTat,D,player_63eb6a22-c7d7-4386-baa3-1bf45ef9c6a3@localhost,SuspiciousTitForTat,C,10,0,1590,1590
319,player_0821b305-f667-4cb4-856a-0d40e5372af3@localhost,TitForTat,C,player_63eb6a22-c7d7-4386-baa3-1bf45ef9c6a3@localhost,SuspiciousTitForTat,D,0,10,1590,1600
320,player_0821b305-f667-4cb4-856a-0d40e5372af3@localhost,TitForTat,D,player_63eb6a22-c7d7-4386-baa3-1bf45ef9c6a3@localhost,SuspiciousTitForTat,C,10,0,1600,1600
321,player_0821b305-f667-4cb4-856a-0d40e5372af3@localhost,TitForTat,C,player_63eb6a22-c7d7-4386-baa3-1bf45ef9c6a3@localhost,SuspiciousTitForTat,D,0,10,1600,1610
322,player_0821b305-f667-4cb4-856a-0d40e5372af3@localhost,TitForTat,D,player_63eb6a22-c7d7-4386-baa3-1bf45ef9c6a3@localhost,SuspiciousTitForTat,C,10,0,1610,1610
323,player_0821b305-f667-4cb4-856a-0d40e5372af3@localhost,TitForTat,C,player_63eb6a22-c7d7-4386-baa3-1bf45ef9c6a3@localhost,SuspiciousTitForTat,D,0,10,1610,1620
324,player_0821b305-f667-4cb4-856a-0d40e5372af3@localhost,TitForTat,D,player_63eb6a22-c7d7-4386-baa3-1bf45ef9c6a3@localhost,SuspiciousTitForTat,C,10,0,1620,1620
325,player_0821b305-f667-4cb4-856a-0d40e5372af3@localhost,TitForTat,C,player_63eb6a22-c7d7-4386-baa3-1bf45ef9c6a3@localhost,SuspiciousTitForTat,D,0,10,1620,1630
326,player_0821b305-f667-4cb4-856a-0d40e5372af3@localhost,TitForTat,D,player_63eb6a22-c7d7-4386-baa3-1bf45ef9c6a3@localhost,SuspiciousTitForTat,C,10,0,1630,1630
327,player_0821b305-f667-4cb4-856a-0d40e5372af3@localhost,TitForTat,C,player_63eb6a22-c7d7-4386-baa3-1bf45ef9c6a3@localhost,SuspiciousTitForTat,D,0,10,1630,1640
328,player_0821b305-f667-4cb4-856a-0d40e5372af3@localhost,TitForTat,D,player_63eb6a22-c7d7-4386-baa3-1bf45ef9c6a3@localhost,SuspiciousTitForTat,C,10,0,1640,1640
329,player_0821b305-f667-4cb4-856a-0d40e5372af3@localhost,TitForTat,C,player_63eb6a22-c7d7-4386-baa3-1bf45ef9c6a3@localhost,SuspiciousTitForTat,D,0,10,1640,1650
330,player_0821b305-f667-4cb4-856a-0d40e5372af3@localhost,TitForTat,D,player_63eb6a22-c7d7-4386-baa3-1bf45ef9c6a3@localhost,SuspiciousTitForTat,C,10,0,1650,1650
331,player_0821b305-f667-4cb4-856a-0d40e5372af3@localhost,TitForTat,C,player_63eb6a22-c7d7-4386-baa3-1bf45ef9c6a3@localhost,SuspiciousTitForTat,D,0,10,1650,1660
332,player_0821b305-f667-4cb4-856a-0d40e5372af3@localhost,TitForTat,D,player_63eb6a22-c7d7-4386-baa3-1bf45ef9c6a3@localhost,SuspiciousTitForTat,C,10,0,1660,1660
333,player_0821b305-f667-4cb4-856a-0d40e5372af3@localhost,TitForTat,C,player_63eb6a22-c7d7-4386-baa3-1bf45ef9c6a3@localhost,SuspiciousTitForTat,D,0,10,1660,1670
334,player_0821b305-f667-4cb4-856a-0d40e5372af3@localhost,TitForTat,D,player_63eb6a22-c7d7-4386-baa3-1bf45ef9c6a3@localhost,SuspiciousTitForTat,C,10,0,1670,1670
335,player_0821b305-f667-4cb4-856a-0d40e5372af3@localhost,TitForTat,C,player_63eb6a22-c7d7-4386-baa3-1bf45ef9c6a3@localhost,SuspiciousTitForTat,D,0,10,1670,1680
336,player_0821b305-f667-4cb4-856a-0d40e5372af3@localhost,TitForTat,D,player_63eb6a22-c7d7-4386-baa3-1bf45ef9c6a3@localhost,SuspiciousTitForTat,C,10,0,1680,1680
337,player_0821b305-f667-4cb4-856a-0d40e5372af3@localhost,TitForTat,C,player_63eb6a22-c7d7-4386-baa3-1bf45ef9c6a3@localhost,SuspiciousTitForTat,D,0,10,1680,1690
338,player_0821b305-f667-4cb4-856a-0d40e5372af3@localhost,TitForTat,D,player_63eb6a22-c7d7-4386-baa3-1bf45ef9c6a3@localhost,SuspiciousTitForTat,C,10,0,1690,1690
339,player_0821b305-f667-4cb4-856a-0d40e5372af3@localhost,TitForTat,C,player_63eb6a22-c7d7-4386-baa3-1bf45ef9c6a3@localhost,SuspiciousTitForTat,D,0,10,1690,1700
340,player_0821b305-f667-4cb4-856a-0d40e5372af3@localhost,TitForTat,D,player_63eb6a22-c7d7-4386-baa3-1bf45ef9c6a3@localhost,SuspiciousTitForTat,C,10,0,1700,1700
341,player_0821b305-f667-4cb4-856a-0d40e5372af3@localhost,TitForTat,C,player_63eb6a22-c7d7-4386-baa3-1bf45ef9c6a3@localhost,SuspiciousTitForTat,D,0,10,1700,1710
342,player_0821b305-f667-4cb4-856a-0d40e5372af3@localhost,TitForTat,D,player_63eb6a22-c7d7-4386-baa3-1bf45ef9c6a3@localhost,SuspiciousTitForTat,C,10,0,1710,1710
343,player_0821b305-f667-4cb4-856a-0d40e5372af3@localhost,TitForTat,C,player_63eb6a22-c7d7-4386-baa3-1bf45ef9c6a3@localhost,SuspiciousTitForTat,D,0,10,1710,1720
344,player_0821b305-f667-4cb4-856a-0d40e5372af3@localhost,TitForTat,D,player_63eb6a22-c7d7-4386-baa3-1bf45ef9c6a3@localhost,SuspiciousTitForTat,C,10,0,1720,1720
345,player_0821b305-f667-4cb4-856a-0d40e5372af3@localhost,TitForTat,C,player_63eb6a22-c7d7-4386-baa3-1bf45ef9c6a3@localhost,SuspiciousTitForTat,D,0,10,1720,1730
346,player_0821b305-f667-4cb4-856a-0d40e5372af3@localhost,TitForTat,D,player_63eb6a22-c7d7-4386-baa3-1bf45ef9c6a3@localhost,SuspiciousTitForTat,C,10,0,1730,1730
347,player_0821b305-f667-4cb4-856a-0d40e5372af3@localhost,TitForTat,C,player_63eb6a22-c7d7-4386-baa3-1bf45ef9c6a3@localhost,SuspiciousTitForTat,D,0,10,1730,1740
348,player_0821b305-f667-4cb4-856a-0d40e5372af3@localhost,TitForTat,D,player_63eb6a22-c7d7-4386-baa3-1bf45ef9c6a3@localhost,SuspiciousTitForTat,C,10,0,1740,1740
349,player_0821b305-f667-4cb4-856a-0d40e5372af3@localhost,TitForTat,C,player_63eb6a22-c7d7-4386-baa3-1bf45ef9c6a3@localhost,SuspiciousTitForTat,D,0,10,1740,1750
350,player_0821b305-f667-4cb4-856a-0d40e5372af3@localhost,TitForTat,D,player_63eb6a22-c7d7-4386-baa3-1bf45ef9c6a3@localhost,SuspiciousTitForTat,C,10,0,1750,1750
351,player_0821b305-f667-4cb4-856a-0d40e5372af3@localhost,TitForTat,C,player_63eb6a22-c7d7-4386-baa3-1bf45ef9c6a3@localhost,SuspiciousTitForTat,D,0,10,1750,1760
352,player_0821b305-f667-4cb4-856a-0d40e5372af3@localhost,TitForTat,D,player_63eb6a22-c7d7-4386-baa3-1bf45ef9c6a3@localhost,SuspiciousTitForTat,C,10,0,1760,1760
353,player_0821b305-f667-4cb4-856a-0d40e5372af3@localhost,TitForTat,C,player_63eb6a22-c7d7-4386-baa3-1bf45ef9c6a3@localhost,SuspiciousTitForTat,D,0,10,1760,1770
354,player_0821b305-f667-4cb4-856a-0d40e5372af3@localhost,TitForTat,D,player_63eb6a22-c7d7-4386-baa3-1bf45ef9c6a3@localhost,SuspiciousTitForTat,C,10,0,1770,1770
355,player_0821b305-f667-4cb4-856a-0d40e5372af3@localhost,TitForTat,C,player_63eb6a22-c7d7-4386-baa3-1bf45ef9c6a3@localhost,SuspiciousTitForTat,D,0,10,1770,1780
356,player_0821b305-f667-4cb4-856a-0d40e5372af3@localhost,TitForTat,D,player_63eb6a22-c7d7-4386-baa3-1bf45ef9c6a3@localhost,SuspiciousTitForTat,C,10,0,1780,1780
357,player_0821b305-f667-4cb4-856a-0d40e5372af3@localhost,TitForTat,C,player_63eb6a22-c7d7-4386-baa3-1bf45ef9c6a3@localhost,SuspiciousTitForTat,D,0,10,1780,1790
358,player_0821b305-f667-4cb4-856a-0d40e5372af3@localhost,TitForTat,D,player_63eb6a22-c7d7-4386-baa3-1bf45ef9c6a3@localhost,SuspiciousTitForTat,C,10,0,1790,1790
359,player_0821b305-f667-4cb4-856a-0d40e5372af3@localhost,TitForTat,C,player_63eb6a22-c7d7-4386-baa3-1bf45ef9c6a3@localhost,SuspiciousTitForTat,D,0,10,1790,1800
360,player_0821b305-f667-4cb4-856a-0d40e5372af3@localhost,TitForTat,D,player_63eb6a22-c7d7-4386-baa3-1bf45ef9c6a3@localhost,SuspiciousTitForTat,C,10,0,1800,1800
361,player_0821b305-f667-4cb4-856a-0d40e5372af3@localhost,TitForTat,C,player_63eb6a22-c7d7-4386-baa3-1bf45ef9c6a3@localhost,SuspiciousTitForTat,D,0,10,1800,1810
362,player_0821b305-f667-4cb4-856a-0d40e5372af3@localhost,TitForTat,D,player_63eb6a22-c7d7-4386-baa3-1bf45ef9c6a3@localhost,SuspiciousTitForTat,C,10,0,1810,1810
363,player_0821b305-f667-4cb4-856a-0d40e5372af3@localhost,TitForTat,C,player_63eb6a22-c7d7-4386-baa3-1bf45ef9c6a3@localhost,SuspiciousTitForTat,D,0,10,1810,1820
364,player_0821b305-f667-4cb4-856a-0d40e5372af3@localhost,TitForTat,D,player_63eb6a22-c7d7-4386-baa3-1bf45ef9c6a3@localhost,SuspiciousTitForTat,C,10,0,1820,1820
365,player_0821b305-f667-4cb4-856a-0d40e5372af3@localhost,TitForTat,C,player_63eb6a22-c7d7-4386-baa3-1bf45ef9c6a3@localhost,SuspiciousTitForTat,D,0,10,1820,1830
366,player_0821b305-f667-4cb4-856a-0d40e5372af3@localhost,TitForTat,D,player_63eb6a22-c7d7-4386-baa3-1bf45ef9c6a3@localhost,SuspiciousTitForTat,C,10,0,1830,1830
367,player_0821b305-f667-4cb4-856a-0d40e5372af3@localhost,TitForTat,C,player_63eb6a22-c7d7-4386-baa3-1bf45ef9c6a3@localhost,SuspiciousTitForTat,D,0,10,1830,1840
368,player_0821b305-f667-4cb4-856a-0d40e5372af3@localhost,TitForTat,D,player_63eb6a22-c7d7-4386-baa3-1bf45ef9c6a3@localhost,SuspiciousTitForTat,C,10,0,1840,1840
369,player_0821b305-f667-4cb4-856a-0d40e5372af3@localhost,TitForTat,C,player_63eb6a22-c7d7-4386-baa3-1bf45ef9c6a3@localhost,SuspiciousTitForTat,D,0,10,1840,1850
370,player_0821b305-f667-4cb4-856a-0d40e5372af3@localhost,TitForTat,D,player_63eb6a22-c7d7-4386-baa3-1bf45ef9c6a3@localhost,SuspiciousTitForTat,C,10,0,1850,1850
371,player_0821b305-f667-4cb4-856a-0d40e5372af3@localhost,TitForTat,C,player_63eb6a22-c7d7-4386-baa3-1bf45ef9c6a3@localhost,SuspiciousTitForTat,D,0,10,1850,1860
372,player_0821b305-f667-4cb4-856a-0d40e5372af3@localhost,TitForTat,D,player_63eb6a22-c7d7-4386-baa3-1bf45ef9c6a3@localhost,SuspiciousTitForTat,C,10,0,1860,1860
373,player_0821b305-f667-4cb4-856a-0d40e5372af3@localhost,TitForTat,C,player_63eb6a22-c7d7-4386-baa3-1bf45ef9c6a3@localhost,SuspiciousTitForTat,D,0,10,1860,1870
374,player_0821b305-f667-4cb4-856a-0d40e5372af3@localhost,TitForTat,D,player_63eb6a22-c7d7-4386-baa3-1bf45ef9c6a3@localhost,SuspiciousTitForTat,C,10,0,1870,1870
375,player_0821b305-f667-4cb4-856a-0d40e5372af3@localhost,TitForTat,C,player_63eb6a22-c7d7-4386-baa3-1bf45ef9c6a3@localhost,SuspiciousTitForTat,D,0,10,1870,1880
376,player_0821b305-f667-4cb4-856a-0d40e5372af3@localhost,TitForTat,D,player_63eb6a22-c7d7-4386-baa3-1bf45ef9c6a3@localhost,SuspiciousTitForTat,C,10,0,1880,1880
377,player_0821b305-f667-4cb4-856a-0d40e5372af3@localhost,TitForTat,C,player_63eb6a22-c7d7-4386-baa3-1bf45ef9c6a3@localhost,SuspiciousTitForTat,D,0,10,1880,1890
378,player_0821b305-f667-4cb4-856a-0d40e5372af3@localhost,TitForTat,D,player_63eb6a22-c7d7-4386-baa3-1bf45ef9c6a3@localhost,SuspiciousTitForTat,C,10,0,1890,1890
379,player_0821b305-f667-4cb4-856a-0d40e5372af3@localhost,TitForTat,C,player_63eb6a22-c7d7-4386-baa3-1bf45ef9c6a3@localhost,SuspiciousTitForTat,D,0,10,1890,1900
380,player_0821b305-f667-4cb4-856a-0d40e5372af3@localhost,TitForTat,D,player_63eb6a22-c7d7-4386-baa3-1bf45ef9c6a3@localhost,SuspiciousTitForTat,C,10,0,1900,1900
381,player_0821b305-f667-4cb4-856a-0d40e5372af3@localhost,TitForTat,C,player_63eb6a22-c7d7-4386-baa3-1bf45ef9c6a3@localhost,SuspiciousTitForTat,D,0,10,1900,1910
382,player_0821b305-f667-4cb4-856a-0d40e5372af3@localhost,TitForTat,D,player_63eb6a22-c7d7-4386-baa3-1bf45ef9c6a3@localhost,SuspiciousTitForTat,C,10,0,1910,1910
383,player_0821b305-f667-4cb4-856a-0d40e5372af3@localhost,TitForTat,C,player_63eb6a22-c7d7-4386-baa3-1bf45ef9c6a3@localhost,SuspiciousTitForTat,D,0,10,1910,1920
384,player_0821b305-f667-4cb4-856a-0d40e5372af3@localhost,TitForTat,D,player_63eb6a22-c7d7-4386-baa3-1bf45ef9c6a3@localhost,SuspiciousTitForTat,C,10,0,1920,1920
385,player_0821b305-f667-4cb4-856a-0d40e5372af3@localhost,TitForTat,C,player_63eb6a22-c7d7-4386-baa3-1bf45ef9c6a3@localhost,SuspiciousTitForTat,D,0,10,1920,1930
386,player_0821b305-f667-4cb4-856a-0d40e5372af3@localhost,TitForTat,D,player_63eb6a22-c7d7-4386-baa3-1bf45ef9c6a3@localhost,SuspiciousTitForTat,C,10,0,1930,1930
387,player_0821b305-f667-4cb4-856a-0d40e5372af3@localhost,TitForTat,C,player_63eb6a22-c7d7-4386-baa3-1bf45ef9c6a3@localhost,SuspiciousTitForTat,D,0,10,1930,1940
388,player_0821b305-f667-4cb4-856a-0d40e5372af3@localhost,TitForTat,D,player_63eb6a22-c7d7-4386-baa3-1bf45ef9c6a3@localhost,SuspiciousTitForTat,C,10,0,1940,1940
389,player_0821b305-f667-4cb4-856a-0d40e5372af3@localhost,TitForTat,C,player_63eb6a22-c7d7-4386-baa3-1bf45ef9c6a3@localhost,SuspiciousTitForTat,D,0,10,1940,1950
390,player_0821b305-f667-4cb4-856a-0d40e5372af3@localhost,TitForTat,D,player_63eb6a22-c7d7-4386-baa3-1bf45ef9c6a3@localhost,SuspiciousTitForTat,C,10,0,1950,1950
391,player_0821b305-f667-4cb4-856a-0d40e5372af3@localhost,TitForTat,C,player_63eb6a22-c7d7-4386-baa3-1bf45ef9c6a3@localhost,SuspiciousTitForTat,D,0,10,1950,1960
392,player_0821b305-f667-4cb4-856a-0d40e5372af3@localhost,TitForTat,D,player_63eb6a22-c7d7-4386-baa3-1bf45ef9c6a3@localhost,SuspiciousTitForTat,C,10,0,1960,1960
393,player_0821b305-f667-4cb4-856a-0d40e5372af3@localhost,TitForTat,C,player_63eb6a22-c7d7-4386-baa3-1bf45ef9c6a3@localhost,SuspiciousTitForTat,D,0,10,1960,1970
394,player_0821b305-f667-4cb4-856a-0d40e5372af3@localhost,TitForTat,D,player_63eb6a22-c7d7-4386-baa3-1bf45ef9c6a3@localhost,SuspiciousTitForTat,C,10,0,1970,1970
395,player_0821b305-f667-4cb4-856a-0d40e5372af3@localhost,TitForTat,C,player_63eb6a22-c7d7-4386-baa3-1bf45ef9c6a3@localhost,SuspiciousTitForTat,D,0,10,1970,1980
396,player_0821b305-f667-4cb4-856a-0d40e5372af3@localhost,TitForTat,D,player_63eb6a22-c7d7-4386-baa3-1bf45ef9c6a3@localhost,SuspiciousTitForTat,C,10,0,1980,1980
397,player_0821b305-f667-4cb4-856a-0d40e5372af3@localhost,TitForTat,C,player_63eb6a22-c7d7-4386-baa3-1bf45ef9c6a3@localhost,SuspiciousTitForTat,D,0,10,1980,1990
398,player_0821b305-f667-4cb4-856a-0d40e5372af3@localhost,TitForTat,D,player_63eb6a22-c7d7-4386-baa3-1bf45ef9c6a3@localhost,SuspiciousTitForTat,C,10,0,1990,1990
399,player_0821b305-f667-4cb4-856a-0d40e5372af3@localhost,TitForTat,C,player_63eb6a22-c7d7-4386-baa3-1bf45ef9c6a3@localhost,SuspiciousTitForTat,D,0,10,1990,2000
400,player_0821b305-f667-4cb4-856a-0d40e5372af3@localhost,TitForTat,D,player_63eb6a22-c7d7-4386-baa3-1bf45ef9c6a3@localhost,SuspiciousTitForTat,C,10,0,2000,2000
401,player_0821b305-f667-4cb4-856a-0d40e5372af3@localhost,TitForTat,C,player_63eb6a22-c7d7-4386-baa3-1bf45ef9c6a3@localhost,SuspiciousTitForTat,D,0,10,2000,2010
402,player_0821b305-f667-4cb4-856a-0d40e5372af3@localhost,TitForTat,D,player_63eb6a22-c7d7-4386-baa3-1bf45ef9c6a3@localhost,SuspiciousTitForTat,C,10,0,2010,2010
403,player_0821b305-f667-4cb4-856a-0d40e5372af3@localhost,TitForTat,C,player_63eb6a22-c7d7-4386-baa3-1bf45ef9c6a3@localhost,SuspiciousTitForTat,D,0,10,2010,2020
404,player_0821b305-f667-4cb4-856a-0d40e5372af3@localhost,TitForTat,D,player_63eb6a22-c7d7-4386-baa3-1bf45ef9c6a3@localhost,SuspiciousTitForTat,C,10,0,2020,2020
405,player_0821b305-f667-4cb4-856a-0d40e5372af3@localhost,TitForTat,C,player_63eb6a22-c7d7-4386-baa3-1bf45ef9c6a3@localhost,SuspiciousTitForTat,D,0,10,2020,2030
406,player_0821b305-f667-4cb4-856a-0d40e5372af3@localhost,TitForTat,D,player_63eb6a22-c7d7-4386-baa3-1bf45ef9c6a3@localhost,SuspiciousTitForTat,C,10,0,2030,2030
407,player_0821b305-f667-4cb4-856a-0d40e5372af3@localhost,TitForTat,C,player_63eb6a22-c7d7-4386-baa3-1bf45ef9c6a3@localhost,SuspiciousTitForTat,D,0,10,2030,2040
408,player_0821b305-f667-4cb4-856a-0d40e5372af3@localhost,TitForTat,D,player_63eb6a22-c7d7-4386-baa3-1bf45ef9c6a3@localhost,SuspiciousTitForTat,C,10,0,2040,2040
409,player_0821b305-f667-4cb4-856a-0d40e5372af3@localhost,TitForTat,C,player_63eb6a22-c7d7-4386-baa3-1bf45ef9c6a3@localhost,SuspiciousTitForTat,D,0,10,2040,2050
410,player_0821b305-f667-4cb4-856a-0d40e5372af3@localhost,TitForTat,D,player_63eb6a22-c7d7-4386-baa3-1bf45ef9c6a3@localhost,SuspiciousTitForTat,C,10,0,2050,2050
411,player_0821b305-f667-4cb4-856a-0d40e5372af3@localhost,TitForTat,C,player_63eb6a22-c7d7-4386-baa3-1bf45ef9c6a3@localhost,SuspiciousTitForTat,D,0,10,2050,2060
412,player_0821b305-f667-4cb4-856a-0d40e5372af3@localhost,TitForTat,D,player_63eb6a22-c7d7-4386-baa3-1bf45ef9c6a3@localhost,SuspiciousTitForTat,C,10,0,2060,2060
413,player_0821b305-f667-4cb4-856a-0d40e5372af3@localhost,TitForTat,C,player_63eb6a22-c7d7-4386-baa3-1bf45ef9c6a3@localhost,SuspiciousTitForTat,D,0,10,2060,2070
414,player_0821b305-f667-4cb4-856a-0d40e5372af3@localhost,TitForTat,D,player_63eb6a22-c7d7-4386-baa3-1bf45ef9c6a3@localhost,SuspiciousTitForTat,C,10,0,2070,2070
415,player_0821b305-f667-4cb4-856a-0d40e5372af3@localhost,TitForTat,C,player_63eb6a22-c7d7-4386-baa3-1bf45ef9c6a3@localhost,SuspiciousTitForTat,D,0,10,2070,2080
416,player_0821b305-f667-4cb4-856a-0d40e5372af3@localhost,TitForTat,D,player_63eb6a22-c7d7-4386-baa3-1bf45ef9c6a3@localhost,SuspiciousTitForTat,C,10,0,2080,2080
417,player_0821b305-f667-4cb4-856a-0d40e5372af3@localhost,TitForTat,C,player_63eb6a22-c7d7-4386-baa3-1bf45ef9c6a3@localhost,SuspiciousTitForTat,D,0,10,2080,2090
418,player_0821b305-f667-4cb4-856a-0d40e5372af3@localhost,TitForTat,D,player_63eb6a22-c7d7-4386-baa3-1bf45ef9c6a3@localhost,SuspiciousTitForTat,C,10,0,2090,2090
419,player_0821b305-f667-4cb4-856a-0d40e5372af3@localhost,TitForTat,C,player_63eb6a22-c7d7-4386-baa3-1bf45ef9c6a3@localhost,SuspiciousTitForTat,D,0,10,2090,2100
420,player_0821b305-f667-4cb4-856a-0d40e5372af3@localhost,TitForTat,D,player_63eb6a22-c7d7-4386-baa3-1bf45ef9c6a3@localhost,SuspiciousTitForTat,C,10,0,2100,2100
421,player_0821b305-f667-4cb4-856a-0d40e5372af3@localhost,TitForTat,C,player_63eb6a22-c7d7-4386-baa3-1bf45ef9c6a3@localhost,SuspiciousTitForTat,D,0,10,2100,2110
422,player_0821b305-f667-4cb4-856a-0d40e5372af3@localhost,TitForTat,D,player_63eb6a22-c7d7-4386-baa3-1bf45ef9c6a3@localhost,SuspiciousTitForTat,C,10,0,2110,2110
423,player_0821b305-f667-4cb4-856a-0d40e5372af3@localhost,TitForTat,C,player_63eb6a22-c7d7-4386-baa3-1bf45ef9c6a3@localhost,SuspiciousTitForTat,D,0,10,2110,2120
424,player_0821b305-f667-4cb4-856a-0d40e5372af3@localhost,TitForTat,D,player_63eb6a22-c7d7-4386-baa3-1bf45ef9c6a3@localhost,SuspiciousTitForTat,C,10,0,2120,2120
425,player_0821b305-f667-4cb4-856a-0d40e5372af3@localhost,TitForTat,C,player_63eb6a22-c7d7-4386-baa3-1bf45ef9c6a3@localhost,SuspiciousTitForTat,D,0,10,2120,2130
426,player_0821b305-f667-4cb4-856a-0d40e5372af3@localhost,TitForTat,D,player_63eb6a22-c7d7-4386-baa3-1bf45ef9c6a3@localhost,SuspiciousTitForTat,C,10,0,2130,2130
427,player_0821b305-f667-4cb4-856a-0d40e5372af3@localhost,TitForTat,C,player_63eb6a22-c7d7-4386-baa3-1bf45ef9c6a3@localhost,SuspiciousTitForTat,D,0,10,2130,2140
428,player_0821b305-f667-4cb4-856a-0d40e5372af3@localhost,TitForTat,D,player_63eb6a22-c7d7-4386-baa3-1bf45ef9c6a3@localhost,SuspiciousTitForTat,C,10,0,2140,2140
429,player_0821b305-f667-4cb4-856a-0d40e5372af3@localhost,TitForTat,C,player_63eb6a22-c7d7-4386-baa3-1bf45ef9c6a3@localhost,SuspiciousTitForTat,D,0,10,2140,2150
430,player_0821b305-f667-4cb4-856a-0d40e5372af3@localhost,TitForTat,D,player_63eb6a22-c7d7-4386-baa3-1bf45ef9c6a3@localhost,SuspiciousTitForTat,C,10,0,2150,2150
431,player_0821b305-f667-4cb4-856a-0d40e5372af3@localhost,TitForTat,C,player_63eb6a22-c7d7-4386-baa3-1bf45ef9c6a3@localhost,SuspiciousTitForTat,D,0,10,2150,2160
432,player_0821b305-f667-4cb4-856a-0d40e5372af3@localhost,TitForTat,D,player_63eb6a22-c7d7-4386-baa3-1bf45ef9c6a3@localhost,SuspiciousTitForTat,C,10,0,2160,2160
433,player_0821b305-f667-4cb4-856a-0d40e5372af3@localhost,TitForTat,C,player_63eb6a22-c7d7-4386-baa3-1bf45ef9c6a3@localhost,SuspiciousTitForTat,D,0,10,2160,2170
434,player_0821b305-f667-4cb4-856a-0d40e5372af3@localhost,TitForTat,D,player_63eb6a22-c7d7-4386-baa3-1bf45ef9c6a3@localhost,SuspiciousTitForTat,C,10,0,2170,2170
435,player_0821b305-f667-4cb4-856a-0d40e5372af3@localhost,TitForTat,C,player_63eb6a22-c7d7-4386-baa3-1bf45ef9c6a3@localhost,SuspiciousTitForTat,D,0,10,2170,2180
436,player_0821b305-f667-4cb4-856a-0d40e5372af3@localhost,TitForTat,D,player_63eb6a22-c7d7-4386-baa3-1bf45ef9c6a3@localhost,SuspiciousTitForTat,C,10,0,2180,2180
437,player_0821b305-f667-4cb4-856a-0d40e5372af3@localhost,TitForTat,C,player_63eb6a22-c7d7-4386-baa3-1bf45ef9c6a3@localhost,SuspiciousTitForTat,D,0,10,2180,2190
438,player_0821b305-f667-4cb4-856a-0d40e5372af3@localhost,TitForTat,D,player_63eb6a22-c7d7-4386-baa3-1bf45ef9c6a3@localhost,SuspiciousTitForTat,C,10,0,2190,2190
439,player_0821b305-f667-4cb4-856a-0d40e5372af3@localhost,TitForTat,C,player_63eb6a22-c7d7-4386-baa3-1bf45ef9c6a3@localhost,SuspiciousTitForTat,D,0,10,2190,2200
440,player_0821b305-f667-4cb4-856a-0d40e5372af3@localhost,TitForTat,D,player_63eb6a22-c7d7-4386-baa3-1bf45ef9c6a3@localhost,SuspiciousTitForTat,C,10,0,2200,2200
441,player_0821b305-f667-4cb4-856a-0d40e5372af3@localhost,TitForTat,C,player_63eb6a22-c7d7-4386-baa3-1bf45ef9c6a3@localhost,SuspiciousTitForTat,D,0,10,2200,2210
442,player_0821b305-f667-4cb4-856a-0d40e5372af3@localhost,TitForTat,D,player_63eb6a22-c7d7-4386-baa3-1bf45ef9c6a3@localhost,SuspiciousTitForTat,C,10,0,2210,2210
443,player_0821b305-f667-4cb4-856a-0d40e5372af3@localhost,TitForTat,C,player_63eb6a22-c7d7-4386-baa3-1bf45ef9c6a3@localhost,SuspiciousTitForTat,D,0,10,2210,2220
444,player_0821b305-f667-4cb4-856a-0d40e5372af3@localhost,TitForTat,D,player_63eb6a22-c7d7-4386-baa3-1bf45ef9c6a3@localhost,SuspiciousTitForTat,C,10,0,2220,2220
445,player_0821b305-f667-4cb4-856a-0d40e5372af3@localhost,TitForTat,C,player_63eb6a22-c7d7-4386-baa3-1bf45ef9c6a3@localhost,SuspiciousTitForTat,D,0,10,2220,2230
446,player_0821b305-f667-4cb4-856a-0d40e5372af3@localhost,TitForTat,D,player_63eb6a22-c7d7-4386-baa3-1bf45ef9c6a3@localhost,SuspiciousTitForTat,C,10,0,2230,2230
447,player_0821b305-f667-4cb4-856a-0d40e5372af3@localhost,TitForTat,C,player_63eb6a22-c7d7-4386-baa3-1bf45ef9c6a3@localhost,SuspiciousTitForTat,D,0,10,2230,2240
448,player_0821b305-f667-4cb4-856a-0d40e5372af3@localhost,TitForTat,D,player_63eb6a22-c7d7-4386-baa3-1bf45ef9c6a3@localhost,SuspiciousTitForTat,C,10,0,2240,2240
449,player_0821b305-f667-4cb4-856a-0d40e5372af3@localhost,TitForTat,C,player_63eb6a22-c7d7-4386-baa3-1bf45ef9c6a3@localhost,SuspiciousTitForTat,D,0,10,2240,2250
450,player_0821b305-f667-4cb4-856a-0d40e5372af3@localhost,TitForTat,D,player_63eb6a22-c7d7-4386-baa3-1bf45ef9c6a3@localhost,SuspiciousTitForTat,C,10,0,2250,2250
451,player_0821b305-f667-4cb4-856a-0d40e5372af3@localhost,TitForTat,C,player_63eb6a22-c7d7-4386-baa3-1bf45ef9c6a3@localhost,SuspiciousTitForTat,D,0,10,2250,2260
452,player_0821b305-f667-4cb4-856a-0d40e5372af3@localhost,TitForTat,D,player_63eb6a22-c7d7-4386-baa3-1bf45ef9c6a3@localhost,SuspiciousTitForTat,C,10,0,2260,2260
453,player_0821b305-f667-4cb4-856a-0d40e5372af3@localhost,TitForTat,C,player_63eb6a22-c7d7-4386-baa3-1bf45ef9c6a3@localhost,SuspiciousTitForTat,D,0,10,2260,2270
454,player_0821b305-f667-4cb4-856a-0d40e5372af3@localhost,TitForTat,D,player_63eb6a22-c7d7-4386-baa3-1bf45ef9c6a3@localhost,SuspiciousTitForTat,C,10,0,2270,2270
455,player_0821b305-f667-4cb4-856a-0d40e5372af3@localhost,TitForTat,C,player_63eb6a22-c7d7-4386-baa3-1bf45ef9c6a3@localhost,SuspiciousTitForTat,D,0,10,2270,2280
456,player_0821b305-f667-4cb4-856a-0d40e5372af3@localhost,TitForTat,D,player_63eb6a22-c7d7-4386-baa3-1bf45ef9c6a3@localhost,SuspiciousTitForTat,C,10,0,2280,2280
457,player_0821b305-f667-4cb4-856a-0d40e5372af3@localhost,TitForTat,C,player_63eb6a22-c7d7-4386-baa3-1bf45ef9c6a3@localhost,SuspiciousTitForTat,D,0,10,2280,2290
458,player_0821b305-f667-4cb4-856a-0d40e5372af3@localhost,TitForTat,D,player_63eb6a22-c7d7-4386-baa3-1bf45ef9c6a3@localhost,SuspiciousTitForTat,C,10,0,2290,2290
459,player_0821b305-f667-4cb4-856a-0d40e5372af3@localhost,TitForTat,C,player_63eb6a22-c7d7-4386-baa3-1bf45ef9c6a3@localhost,SuspiciousTitForTat,D,0,10,2290,2300
460,player_0821b305-f667-4cb4-856a-0d40e5372af3@localhost,TitForTat,D,player_63eb6a22-c7d7-4386-baa3-1bf45ef9c6a3@localhost,SuspiciousTitForTat,C,10,0,2300,2300
461,player_0821b305-f667-4cb4-856a-0d40e5372af3@localhost,TitForTat,C,player_63eb6a22-c7d7-4386-baa3-1bf45ef9c6a3@localhost,SuspiciousTitForTat,D,0,10,2300,2310
462,player_0821b305-f667-4cb4-856a-0d40e5372af3@localhost,TitForTat,D,player_63eb6a22-c7d7-4386-baa3-1bf45ef9c6a3@localhost,SuspiciousTitForTat,C,10,0,2310,2310
463,player_0821b305-f667-4cb4-856a-0d40e5372af3@localhost,TitForTat,C,player_63eb6a22-c7d7-4386-baa3-1bf45ef9c6a3@localhost,SuspiciousTitForTat,D,0,10,2310,2320
464,player_0821b305-f667-4cb4-856a-0d40e5372af3@localhost,TitForTat,D,player_63eb6a22-c7d7-4386-baa3-1bf45ef9c6a3@localhost,SuspiciousTitForTat,C,10,0,2320,2320
465,player_0821b305-f667-4cb4-856a-0d40e5372af3@localhost,TitForTat,C,player_63eb6a22-c7d7-4386-baa3-1bf45ef9c6a3@localhost,SuspiciousTitForTat,D,0,10,2320,2330
466,player_0821b305-f667-4cb4-856a-0d40e5372af3@localhost,TitForTat,D,player_63eb6a22-c7d7-4386-baa3-1bf45ef9c6a3@localhost,SuspiciousTitForTat,C,10,0,2330,2330
467,player_0821b305-f667-4cb4-856a-0d40e5372af3@localhost,TitForTat,C,player_63eb6a22-c7d7-4386-baa3-1bf45ef9c6a3@localhost,SuspiciousTitForTat,D,0,10,2330,2340
468,player_0821b305-f667-4cb4-856a-0d40e5372af3@localhost,TitForTat,D,player_63eb6a22-c7d7-4386-baa3-1bf45ef9c6a3@localhost,SuspiciousTitForTat,C,10,0,2340,2340
469,player_0821b305-f667-4cb4-856a-0d40e5372af3@localhost,TitForTat,C,player_63eb6a22-c7d7-4386-baa3-1bf45ef9c6a3@localhost,SuspiciousTitForTat,D,0,10,2340,2350
470,player_0821b305-f667-4cb4-856a-0d40e5372af3@localhost,TitForTat,D,player_63eb6a22-c7d7-4386-baa3-1bf45ef9c6a3@localhost,SuspiciousTitForTat,C,10,0,2350,2350
471,player_0821b305-f667-4cb4-856a-0d40e5372af3@localhost,TitForTat,C,player_63eb6a22-c7d7-4386-baa3-1bf45ef9c6a3@localhost,SuspiciousTitForTat,D,0,10,2350,2360
472,player_0821b305-f667-4cb4-856a-0d40e5372af3@localhost,TitForTat,D,player_63eb6a22-c7d7-4386-baa3-1bf45ef9c6a3@localhost,SuspiciousTitForTat,C,10,0,2360,2360
473,player_0821b305-f667-4cb4-856a-0d40e5372af3@localhost,TitForTat,C,player_63eb6a22-c7d7-4386-baa3-1bf45ef9c6a3@localhost,SuspiciousTitForTat,D,0,10,2360,2370
474,player_0821b305-f667-4cb4-856a-0d40e5372af3@localhost,TitForTat,D,player_63eb6a22-c7d7-4386-baa3-1bf45ef9c6a3@localhost,SuspiciousTitForTat,C,10,0,2370,2370
475,player_0821b305-f667-4cb4-856a-0d40e5372af3@localhost,TitForTat,C,player_63eb6a22-c7d7-4386-baa3-1bf45ef9c6a3@localhost,SuspiciousTitForTat,D,0,10,2370,2380
476,player_0821b305-f667-4cb4-856a-0d40e5372af3@localhost,TitForTat,D,player_63eb6a22-c7d7-4386-baa3-1bf45ef9c6a3@localhost,SuspiciousTitForTat,C,10,0,2380,2380
477,player_0821b305-f667-4cb4-856a-0d40e5372af3@localhost,TitForTat,C,player_63eb6a22-c7d7-4386-baa3-1bf45ef9c6a3@localhost,SuspiciousTitForTat,D,0,10,2380,2390
478,player_0821b305-f667-4cb4-856a-0d40e5372af3@localhost,TitForTat,D,player_63eb6a22-c7d7-4386-baa3-1bf45ef9c6a3@localhost,SuspiciousTitForTat,C,10,0,2390,2390
479,player_0821b305-f667-4cb4-856a-0d40e5372af3@localhost,TitForTat,C,player_63eb6a22-c7d7-4386-baa3-1bf45ef9c6a3@localhost,SuspiciousTitForTat,D,0,10,2390,2400
480,player_0821b305-f667-4cb4-856a-0d40e5372af3@localhost,TitForTat,D,player_63eb6a22-c7d7-4386-baa3-1bf45ef9c6a3@localhost,SuspiciousTitForTat,C,10,0,2400,2400
481,player_0821b305-f667-4cb4-856a-0d40e5372af3@localhost,TitForTat,C,player_63eb6a22-c7d7-4386-baa3-1bf45ef9c6a3@localhost,SuspiciousTitForTat,D,0,10,2400,2410
482,player_0821b305-f667-4cb4-856a-0d40e5372af3@localhost,TitForTat,D,player_63eb6a22-c7d7-4386-baa3-1bf45ef9c6a3@localhost,SuspiciousTitForTat,C,10,0,2410,2410
483,player_0821b305-f667-4cb4-856a-0d40e5372af3@localhost,TitForTat,C,player_63eb6a22-c7d7-4386-baa3-1bf45ef9c6a3@localhost,SuspiciousTitForTat,D,0,10,2410,2420
484,player_0821b305-f667-4cb4-856a-0d40e5372af3@localhost,TitForTat,D,player_63eb6a22-c7d7-4386-baa3-1bf45ef9c6a3@localhost,SuspiciousTitForTat,C,10,0,2420,2420
485,player_0821b305-f667-4cb4-856a-0d40e5372af3@localhost,TitForTat,C,player_63eb6a22-c7d7-4386-baa3-1bf45ef9c6a3@localhost,SuspiciousTitForTat,D,0,10,2420,2430
486,player_0821b305-f667-4cb4-856a-0d40e5372af3@localhost,TitForTat,D,player_63eb6a22-c7d7-4386-baa3-1bf45ef9c6a3@localhost,SuspiciousTitForTat,C,10,0,2430,2430
487,player_0821b305-f667-4cb4-856a-0d40e5372af3@localhost,TitForTat,C,player_63eb6a22-c7d7-4386-baa3-1bf45ef9c6a3@localhost,SuspiciousTitForTat,D,0,10,2430,2440
488,player_0821b305-f667-4cb4-856a-0d40e5372af3@localhost,TitForTat,D,player_63eb6a22-c7d7-4386-baa3-1bf45ef9c6a3@localhost,SuspiciousTitForTat,C,10,0,2440,2440
489,player_0821b305-f667-4cb4-856a-0d40e5372af3@localhost,TitForTat,C,player_63eb6a22-c7d7-4386-baa3-1bf45ef9c6a3@localhost,SuspiciousTitForTat,D,0,10,2440,2450
490,player_0821b305-f667-4cb4-856a-0d40e5372af3@localhost,TitForTat,D,player_63eb6a22-c7d7-4386-baa3-1bf45ef9c6a3@localhost,SuspiciousTitForTat,C,10,0,2450,2450
491,player_0821b305-f667-4cb4-856a-0d40e5372af3@localhost,TitForTat,C,player_63eb6a22-c7d7-4386-baa3-1bf45ef9c6a3@localhost,SuspiciousTitForTat,D,0,10,2450,2460
492,player_0821b305-f667-4cb4-856a-0d40e5372af3@localhost,TitForTat,D,player_63eb6a22-c7d7-4386-baa3-1bf45ef9c6a3@localhost,SuspiciousTitForTat,C,10,0,2460,2460
493,player_0821b305-f667-4cb4-856a-0d40e5372af3@localhost,TitForTat,C,player_63eb6a22-c7d7-4386-baa3-1bf45ef9c6a3@localhost,SuspiciousTitForTat,D,0,10,2460,2470
494,player_0821b305-f667-4cb4-856a-0d40e5372af3@localhost,TitForTat,D,player_63eb6a22-c7d7-4386-baa3-1bf45ef9c6a3@localhost,SuspiciousTitForTat,C,10,0,2470,2470
495,player_0821b305-f667-4cb4-856a-0d40e5372af3@localhost,TitForTat,C,player_63eb6a22-c7d7-4386-baa3-1bf45ef9c6a3@localhost,SuspiciousTitForTat,D,0,10,2470,2480
496,player_0821b305-f667-4cb4-856a-0d40e5372af3@localhost,TitForTat,D,player_63eb6a22-c7d7-4386-baa3-1bf45ef9c6a3@localhost,SuspiciousTitForTat,C,10,0,2480,2480
497,player_0821b305-f667-4cb4-856a-0d40e5372af3@localhost,TitForTat,C,player_63eb6a22-c7d7-4386-baa3-1bf45ef9c6a3@localhost,SuspiciousTitForTat,D,0,10,2480,2490
498,player_0821b305-f667-4cb4-856a-0d40e5372af3@localhost,TitForTat,D,player_63eb6a22-c7d7-4386-baa3-1bf45ef9c6a3@localhost,SuspiciousTitForTat,C,10,0,2490,2490
499,player_0821b305-f667-4cb4-856a-0d40e5372af3@localhost,TitForTat,C,player_63eb6a22-c7d7-4386-baa3-1bf45ef9c6a3@localhost,SuspiciousTitForTat,D,0,10,2490,2500
500,player_0821b305-f667-4cb4-856a-0d40e5372af3@localhost,TitForTat,D,player_63eb6a22-c7d7-4386-baa3-1bf45ef9c6a3@localhost,SuspiciousTitForTat,C,10,0,2500,2500
501,player_0821b305-f667-4cb4-856a-0d40e5372af3@localhost,TitForTat,C,player_63eb6a22-c7d7-4386-baa3-1bf45ef9c6a3@localhost,SuspiciousTitForTat,D,0,10,2500,2510
502,player_0821b305-f667-4cb4-856a-0d40e5372af3@localhost,TitForTat,D,player_63eb6a22-c7d7-4386-baa3-1bf45ef9c6a3@localhost,SuspiciousTitForTat,C,10,0,2510,2510
503,player_0821b305-f667-4cb4-856a-0d40e5372af3@localhost,TitForTat,C,player_63eb6a22-c7d7-4386-baa3-1bf45ef9c6a3@localhost,SuspiciousTitForTat,D,0,10,2510,2520
504,player_0821b305-f667-4cb4-856a-0d40e5372af3@localhost,TitForTat,D,player_63eb6a22-c7d7-4386-baa3-1bf45ef9c6a3@localhost,SuspiciousTitForTat,C,10,0,2520,2520
505,player_0821b305-f667-4cb4-856a-0d40e5372af3@localhost,TitForTat,C,player_63eb6a22-c7d7-4386-baa3-1bf45ef9c6a3@localhost,SuspiciousTitForTat,D,0,10,2520,2530
506,player_0821b305-f667-4cb4-856a-0d40e5372af3@localhost,TitForTat,D,player_63eb6a22-c7d7-4386-baa3-1bf45ef9c6a3@localhost,SuspiciousTitForTat,C,10,0,2530,2530
507,player_0821b305-f667-4cb4-856a-0d40e5372af3@localhost,TitForTat,C,player_63eb6a22-c7d7-4386-baa3-1bf45ef9c6a3@localhost,SuspiciousTitForTat,D,0,10,2530,2540
508,player_0821b305-f667-4cb4-856a-0d40e5372af3@localhost,TitForTat,D,player_63eb6a22-c7d7-4386-baa3-1bf45ef9c6a3@localhost,SuspiciousTitForTat,C,10,0,2540,2540
509,player_0821b305-f667-4cb4-856a-0d40e5372af3@localhost,TitForTat,C,player_63eb6a22-c7d7-4386-baa3-1bf45ef9c6a3@localhost,SuspiciousTitForTat,D,0,10,2540,2550
510,player_0821b305-f667-4cb4-856a-0d40e5372af3@localhost,TitForTat,D,player_63eb6a22-c7d7-4386-baa3-1bf45ef9c6a3@localhost,SuspiciousTitForTat,C,10,0,2550,2550
511,player_0821b305-f667-4cb4-856a-0d40e5372af3@localhost,TitForTat,C,player_63eb6a22-c7d7-4386-baa3-1bf45ef9c6a3@localhost,SuspiciousTitForTat,D,0,10,2550,2560
512,player_0821b305-f667-4cb4-856a-0d40e5372af3@localhost,TitForTat,D,player_63eb6a22-c7d7-4386-baa3-1bf45ef9c6a3@localhost,SuspiciousTitForTat,C,10,0,2560,2560
513,player_0821b305-f667-4cb4-856a-0d40e5372af3@localhost,TitForTat,C,player_63eb6a22-c7d7-4386-baa3-1bf45ef9c6a3@localhost,SuspiciousTitForTat,D,0,10,2560,2570
514,player_0821b305-f667-4cb4-856a-0d40e5372af3@localhost,TitForTat,D,player_63eb6a22-c7d7-4386-baa3-1bf45ef9c6a3@localhost,SuspiciousTitForTat,C,10,0,2570,2570
515,player_0821b305-f667-4cb4-856a-0d40e5372af3@localhost,TitForTat,C,player_63eb6a22-c7d7-4386-baa3-1bf45ef9c6a3@localhost,SuspiciousTitForTat,D,0,10,2570,2580
516,player_0821b305-f667-4cb4-856a-0d40e5372af3@localhost,TitForTat,D,player_63eb6a22-c7d7-4386-baa3-1bf45ef9c6a3@localhost,SuspiciousTitForTat,C,10,0,2580,2580
517,player_0821b305-f667-4cb4-856a-0d40e5372af3@localhost,TitForTat,C,player_63eb6a22-c7d7-4386-baa3-1bf45ef9c6a3@localhost,SuspiciousTitForTat,D,0,10,2580,2590
518,player_0821b305-f667-4cb4-856a-0d40e5372af3@localhost,TitForTat,D,player_63eb6a22-c7d7-4386-baa3-1bf45ef9c6a3@localhost,SuspiciousTitForTat,C,10,0,2590,2590
519,player_0821b305-f667-4cb4-856a-0d40e5372af3@localhost,TitForTat,C,player_63eb6a22-c7d7-4386-baa3-1bf45ef9c6a3@localhost,SuspiciousTitForTat,D,0,10,2590,2600
520,player_0821b305-f667-4cb4-856a-0d40e5372af3@localhost,TitForTat,D,player_63eb6a22-c7d7-4386-baa3-1bf45ef9c6a3@localhost,SuspiciousTitForTat,C,10,0,2600,2600
521,player_0821b305-f667-4cb4-856a-0d40e5372af3@localhost,TitForTat,C,player_63eb6a22-c7d7-4386-baa3-1bf45ef9c6a3@localhost,SuspiciousTitForTat,D,0,10,2600,2610
522,player_0821b305-f667-4cb4-856a-0d40e5372af3@localhost,TitForTat,D,player_63eb6a22-c7d7-4386-baa3-1bf45ef9c6a3@localhost,SuspiciousTitForTat,C,10,0,2610,2610
523,player_0821b305-f667-4cb4-856a-0d40e5372af3@localhost,TitForTat,C,player_63eb6a22-c7d7-4386-baa3-1bf45ef9c6a3@localhost,SuspiciousTitForTat,D,0,10,2610,2620
524,player_0821b305-f667-4cb4-856a-0d40e5372af3@localhost,TitForTat,D,player_63eb6a22-c7d7-4386-baa3-1bf45ef9c6a3@localhost,SuspiciousTitForTat,C,10,0,2620,2620
525,player_0821b305-f667-4cb4-856a-0d40e5372af3@localhost,TitForTat,C,player_63eb6a22-c7d7-4386-baa3-1bf45ef9c6a3@localhost,SuspiciousTitForTat,D,0,10,2620,2630
526,player_0821b305-f667-4cb4-856a-0d40e5372af3@localhost,TitForTat,D,player_63eb6a22-c7d7-4386-baa3-1bf45ef9c6a3@localhost,SuspiciousTitForTat,C,10,0,2630,2630
527,player_0821b305-f667-4cb4-856a-0d40e5372af3@localhost,TitForTat,C,player_63eb6a22-c7d7-4386-baa3-1bf45ef9c6a3@localhost,SuspiciousTitForTat,D,0,10,2630,2640
528,player_0821b305-f667-4cb4-856a-0d40e5372af3@localhost,TitForTat,D,player_63eb6a22-c7d7-4386-baa3-1bf45ef9c6a3@localhost,SuspiciousTitForTat,C,10,0,2640,2640
529,player_0821b305-f667-4cb4-856a-0d40e5372af3@localhost,TitForTat,C,player_63eb6a22-c7d7-4386-baa3-1bf45ef9c6a3@localhost,SuspiciousTitForTat,D,0,10,2640,2650
530,player_0821b305-f667-4cb4-856a-0d40e5372af3@localhost,TitForTat,D,player_63eb6a22-c7d7-4386-baa3-1bf45ef9c6a3@localhost,SuspiciousTitForTat,C,10,0,2650,2650
531,player_0821b305-f667-4cb4-856a-0d40e5372af3@localhost,TitForTat,C,player_63eb6a22-c7d7-4386-baa3-1bf45ef9c6a3@localhost,SuspiciousTitForTat,D,0,10,2650,2660
532,player_0821b305-f667-4cb4-856a-0d40e5372af3@localhost,TitForTat,D,player_63eb6a22-c7d7-4386-baa3-1bf45ef9c6a3@localhost,SuspiciousTitForTat,C,10,0,2660,2660
533,player_0821b305-f667-4cb4-856a-0d40e5372af3@localhost,TitForTat,C,player_63eb6a22-c7d7-4386-baa3-1bf45ef9c6a3@localhost,SuspiciousTitForTat,D,0,10,2660,2670
534,player_0821b305-f667-4cb4-856a-0d40e5372af3@localhost,TitForTat,D,player_63eb6a22-c7d7-4386-baa3-1bf45ef9c6a3@localhost,SuspiciousTitForTat,C,10,0,2670,2670
535,player_0821b305-f667-4cb4-856a-0d40e5372af3@localhost,TitForTat,C,player_63eb6a22-c7d7-4386-baa3-1bf45ef9c6a3@localhost,SuspiciousTitForTat,D,0,10,2670,2680
536,player_0821b305-f667-4cb4-856a-0d40e5372af3@localhost,TitForTat,D,player_63eb6a22-c7d7-4386-baa3-1bf45ef9c6a3@localhost,SuspiciousTitForTat,C,10,0,2680,2680
537,player_0821b305-f667-4cb4-856a-0d40e5372af3@localhost,TitForTat,C,player_63eb6a22-c7d7-4386-baa3-1bf45ef9c6a3@localhost,SuspiciousTitForTat,D,0,10,2680,2690
538,player_0821b305-f667-4cb4-856a-0d40e5372af3@localhost,TitForTat,D,player_63eb6a22-c7d7-4386-baa3-1bf45ef9c6a3@localhost,SuspiciousTitForTat,C,10,0,2690,2690
539,player_0821b305-f667-4cb4-856a-0d40e5372af3@localhost,TitForTat,C,player_63eb6a22-c7d7-4386-baa3-1bf45ef9c6a3@localhost,SuspiciousTitForTat,D,0,10,2690,2700
540,player_0821b305-f667-4cb4-856a-0d40e5372af3@localhost,TitForTat,D,player_63eb6a22-c7d7-4386-baa3-1bf45ef9c6a3@localhost,SuspiciousTitForTat,C,10,0,2700,2700
541,player_0821b305-f667-4cb4-856a-0d40e5372af3@localhost,TitForTat,C,player_63eb6a22-c7d7-4386-baa3-1bf45ef9c6a3@localhost,SuspiciousTitForTat,D,0,10,2700,2710
542,player_0821b305-f667-4cb4-856a-0d40e5372af3@localhost,TitForTat,D,player_63eb6a22-c7d7-4386-baa3-1bf45ef9c6a3@localhost,SuspiciousTitForTat,C,10,0,2710,2710
543,player_0821b305-f667-4cb4-856a-0d40e5372af3@localhost,TitForTat,C,player_63eb6a22-c7d7-4386-baa3-1bf45ef9c6a3@localhost,SuspiciousTitForTat,D,0,10,2710,2720
544,player_0821b305-f667-4cb4-856a-0d40e5372af3@localhost,TitForTat,D,player_63eb6a22-c7d7-4386-baa3-1bf45ef9c6a3@localhost,SuspiciousTitForTat,C,10,0,2720,2720
545,player_0821b305-f667-4cb4-856a-0d40e5372af3@localhost,TitForTat,C,player_63eb6a22-c7d7-4386-baa3-1bf45ef9c6a3@localhost,SuspiciousTitForTat,D,0,10,2720,2730
546,player_0821b305-f667-4cb4-856a-0d40e5372af3@localhost,TitForTat,D,player_63eb6a22-c7d7-4386-baa3-1bf45ef9c6a3@localhost,SuspiciousTitForTat,C,10,0,2730,2730
547,player_0821b305-f667-4cb4-856a-0d40e5372af3@localhost,TitForTat,C,player_63eb6a22-c7d7-4386-baa3-1bf45ef9c6a3@localhost,SuspiciousTitForTat,D,0,10,2730,2740
548,player_0821b305-f667-4cb4-856a-0d40e5372af3@localhost,TitForTat,D,player_63eb6a22-c7d7-4386-baa3-1bf45ef9c6a3@localhost,SuspiciousTitForTat,C,10,0,2740,2740
549,player_0821b305-f667-4cb4-856a-0d40e5372af3@localhost,TitForTat,C,player_63eb6a22-c7d7-4386-baa3-1bf45ef9c6a3@localhost,SuspiciousTitForTat,D,0,10,2740,2750
550,player_0821b305-f667-4cb4-856a-0d40e5372af3@localhost,TitForTat,D,player_63eb6a22-c7d7-4386-baa3-1bf45ef9c6a3@localhost,SuspiciousTitForTat,C,10,0,2750,2750
551,player_0821b305-f667-4cb4-856a-0d40e5372af3@localhost,TitForTat,C,player_63eb6a22-c7d7-4386-baa3-1bf45ef9c6a3@localhost,SuspiciousTitForTat,D,0,10,2750,2760
552,player_0821b305-f667-4cb4-856a-0d40e5372af3@localhost,TitForTat,D,player_63eb6a22-c7d7-4386-baa3-1bf45ef9c6a3@localhost,SuspiciousTitForTat,C,10,0,2760,2760
553,player_0821b305-f667-4cb4-856a-0d40e5372af3@localhost,TitForTat,C,player_63eb6a22-c7d7-4386-baa3-1bf45ef9c6a3@localhost,SuspiciousTitForTat,D,0,10,2760,2770
554,player_0821b305-f667-4cb4-856a-0d40e5372af3@localhost,TitForTat,D,player_63eb6a22-c7d7-4386-baa3-1bf45ef9c6a3@localhost,SuspiciousTitForTat,C,10,0,2770,2770
555,player_0821b305-f667-4cb4-856a-0d40e5372af3@localhost,TitForTat,C,player_63eb6a22-c7d7-4386-baa3-1bf45ef9c6a3@localhost,SuspiciousTitForTat,D,0,10,2770,2780
556,player_0821b305-f667-4cb4-856a-0d40e5372af3@localhost,TitForTat,D,player_63eb6a22-c7d7-4386-baa3-1bf45ef9c6a3@localhost,SuspiciousTitForTat,C,10,0,2780,2780
557,player_0821b305-f667-4cb4-856a-0d40e5372af3@localhost,TitForTat,C,player_63eb6a22-c7d7-4386-baa3-1bf45ef9c6a3@localhost,SuspiciousTitForTat,D,0,10,2780,2790
558,player_0821b305-f667-4cb4-856a-0d40e5372af3@localhost,TitForTat,D,player_63eb6a22-c7d7-4386-baa3-1bf45ef9c6a3@localhost,SuspiciousTitForTat,C,10,0,2790,2790
559,player_0821b305-f667-4cb4-856a-0d40e5372af3@localhost,TitForTat,C,player_63eb6a22-c7d7-4386-baa3-1bf45ef9c6a3@localhost,SuspiciousTitForTat,D,0,10,2790,2800
560,player_0821b305-f667-4cb4-856a-0d40e5372af3@localhost,TitForTat,D,player_63eb6a22-c7d7-4386-baa3-1bf45ef9c6a3@localhost,SuspiciousTitForTat,C,10,0,2800,2800
561,player_0821b305-f667-4cb4-856a-0d40e5372af3@localhost,TitForTat,C,player_63eb6a22-c7d7-4386-baa3-1bf45ef9c6a3@localhost,SuspiciousTitForTat,D,0,10,2800,2810
562,player_0821b305-f667-4cb4-856a-0d40e5372af3@localhost,TitForTat,D,player_63eb6a22-c7d7-4386-baa3-1bf45ef9c6a3@localhost,SuspiciousTitForTat,C,10,0,2810,2810
563,player_0821b305-f667-4cb4-856a-0d40e5372af3@localhost,TitForTat,C,player_63eb6a22-c7d7-4386-baa3-1bf45ef9c6a3@localhost,SuspiciousTitForTat,D,0,10,2810,2820
564,player_0821b305-f667-4cb4-856a-0d40e5372af3@localhost,TitForTat,D,player_63eb6a22-c7d7-4386-baa3-1bf45ef9c6a3@localhost,SuspiciousTitForTat,C,10,0,2820,2820
565,player_0821b305-f667-4cb4-856a-0d40e5372af3@localhost,TitForTat,C,player_63eb6a22-c7d7-4386-baa3-1bf45ef9c6a3@localhost,SuspiciousTitForTat,D,0,10,2820,2830
566,player_0821b305-f667-4cb4-856a-0d40e5372af3@localhost,TitForTat,D,player_63eb6a22-c7d7-4386-baa3-1bf45ef9c6a3@localhost,SuspiciousTitForTat,C,10,0,2830,2830
567,player_0821b305-f667-4cb4-856a-0d40e5372af3@localhost,TitForTat,C,player_63eb6a22-c7d7-4386-baa3-1bf45ef9c6a3@localhost,SuspiciousTitForTat,D,0,10,2830,2840
568,player_0821b305-f667-4cb4-856a-0d40e5372af3@localhost,TitForTat,D,player_63eb6a22-c7d7-4386-baa3-1bf45ef9c6a3@localhost,SuspiciousTitForTat,C,10,0,2840,2840
569,player_0821b305-f667-4cb4-856a-0d40e5372af3@localhost,TitForTat,C,player_63eb6a22-c7d7-4386-baa3-1bf45ef9c6a3@localhost,SuspiciousTitForTat,D,0,10,2840,2850
570,player_0821b305-f667-4cb4-856a-0d40e5372af3@localhost,TitForTat,D,player_63eb6a22-c7d7-4386-baa3-1bf45ef9c6a3@localhost,SuspiciousTitForTat,C,10,0,2850,2850
571,player_0821b305-f667-4cb4-856a-0d40e5372af3@localhost,TitForTat,C,player_63eb6a22-c7d7-4386-baa3-1bf45ef9c6a3@localhost,SuspiciousTitForTat,D,0,10,2850,2860
572,player_0821b305-f667-4cb4-856a-0d40e5372af3@localhost,TitForTat,D,player_63eb6a22-c7d7-4386-baa3-1bf45ef9c6a3@localhost,SuspiciousTitForTat,C,10,0,2860,2860
573,player_0821b305-f667-4cb4-856a-0d40e5372af3@localhost,TitForTat,C,player_63eb6a22-c7d7-4386-baa3-1bf45ef9c6a3@localhost,SuspiciousTitForTat,D,0,10,2860,2870
574,player_0821b305-f667-4cb4-856a-0d40e5372af3@localhost,TitForTat,D,player_63eb6a22-c7d7-4386-baa3-1bf45ef9c6a3@localhost,SuspiciousTitForTat,C,10,0,2870,2870
575,player_0821b305-f667-4cb4-856a-0d40e5372af3@localhost,TitForTat,C,player_63eb6a22-c7d7-4386-baa3-1bf45ef9c6a3@localhost,SuspiciousTitForTat,D,0,10,2870,2880
576,player_0821b305-f667-4cb4-856a-0d40e5372af3@localhost,TitForTat,D,player_63eb6a22-c7d7-4386-baa3-1bf45ef9c6a3@localhost,SuspiciousTitForTat,C,10,0,2880,2880
577,player_0821b305-f667-4cb4-856a-0d40e5372af3@localhost,TitForTat,C,player_63eb6a22-c7d7-4386-baa3-1bf45ef9c6a3@localhost,SuspiciousTitForTat,D,0,10,2880,2890
578,player_0821b305-f667-4cb4-856a-0d40e5372af3@localhost,TitForTat,D,player_63eb6a22-c7d7-4386-baa3-1bf45ef9c6a3@localhost,SuspiciousTitForTat,C,10,0,2890,2890
579,player_0821b305-f667-4cb4-856a-0d40e5372af3@localhost,TitForTat,C,player_63eb6a22-c7d7-4386-baa3-1bf45ef9c6a3@localhost,SuspiciousTitForTat,D,0,10,2890,2900
580,player_0821b305-f667-4cb4-856a-0d40e5372af3@localhost,TitForTat,D,player_63eb6a22-c7d7-4386-baa3-1bf45ef9c6a3@localhost,SuspiciousTitForTat,C,10,0,2900,2900
581,player_0821b305-f667-4cb4-856a-0d40e5372af3@localhost,TitForTat,C,player_63eb6a22-c7d7-4386-baa3-1bf45ef9c6a3@localhost,SuspiciousTitForTat,D,0,10,2900,2910
582,player_0821b305-f667-4cb4-856a-0d40e5372af3@localhost,TitForTat,D,player_63eb6a22-c7d7-4386-baa3-1bf45ef9c6a3@localhost,SuspiciousTitForTat,C,10,0,2910,2910
583,player_0821b305-f667-4cb4-856a-0d40e5372af3@localhost,TitForTat,C,player_63eb6a22-c7d7-4386-baa3-1bf45ef9c6a3@localhost,SuspiciousTitForTat,D,0,10,2910,2920
584,player_0821b305-f667-4cb4-856a-0d40e5372af3@localhost,TitForTat,D,player_63eb6a22-c7d7-4386-baa3-1bf45ef9c6a3@localhost,SuspiciousTitForTat,C,10,0,2920,2920
585,player_0821b305-f667-4cb4-856a-0d40e5372af3@localhost,TitForTat,C,player_63eb6a22-c7d7-4386-baa3-1bf45ef9c6a3@localhost,SuspiciousTitForTat,D,0,10,2920,2930
586,player_0821b305-f667-4cb4-856a-0d40e5372af3@localhost,TitForTat,D,player_63eb6a22-c7d7-4386-baa3-1bf45ef9c6a3@localhost,SuspiciousTitForTat,C,10,0,2930,2930
587,player_0821b305-f667-4cb4-856a-0d40e5372af3@localhost,TitForTat,C,player_63eb6a22-c7d7-4386-baa3-1bf45ef9c6a3@localhost,SuspiciousTitForTat,D,0,10,2930,2940
588,player_0821b305-f667-4cb4-856a-0d40e5372af3@localhost,TitForTat,D,player_63eb6a22-c7d7-4386-baa3-1bf45ef9c6a3@localhost,SuspiciousTitForTat,C,10,0,2940,2940
589,player_0821b305-f667-4cb4-856a-0d40e5372af3@localhost,TitForTat,C,player_63eb6a22-c7d7-4386-baa3-1bf45ef9c6a3@localhost,SuspiciousTitForTat,D,0,10,2940,2950
590,player_0821b305-f667-4cb4-856a-0d40e5372af3@localhost,TitForTat,D,player_63eb6a22-c7d7-4386-baa3-1bf45ef9c6a3@localhost,SuspiciousTitForTat,C,10,0,2950,2950
591,player_0821b305-f667-4cb4-856a-0d40e5372af3@localhost,TitForTat,C,player_63eb6a22-c7d7-4386-baa3-1bf45ef9c6a3@localhost,SuspiciousTitForTat,D,0,10,2950,2960
592,player_0821b305-f667-4cb4-856a-0d40e5372af3@localhost,TitForTat,D,player_63eb6a22-c7d7-4386-baa3-1bf45ef9c6a3@localhost,SuspiciousTitForTat,C,10,0,2960,2960
593,player_0821b305-f667-4cb4-856a-0d40e5372af3@localhost,TitForTat,C,player_63eb6a22-c7d7-4386-baa3-1bf45ef9c6a3@localhost,SuspiciousTitForTat,D,0,10,2960,2970
594,player_0821b305-f667-4cb4-856a-0d40e5372af3@localhost,TitForTat,D,player_63eb6a22-c7d7-4386-baa3-1bf45ef9c6a3@localhost,SuspiciousTitForTat,C,10,0,2970,2970
595,player_0821b305-f667-4cb4-856a-0d40e5372af3@localhost,TitForTat,C,player_63eb6a22-c7d7-4386-baa3-1bf45ef9c6a3@localhost,SuspiciousTitForTat,D,0,10,2970,2980
596,player_0821b305-f667-4cb4-856a-0d40e5372af3@localhost,TitForTat,D,player_63eb6a22-c7d7-4386-baa3-1bf45ef9c6a3@localhost,SuspiciousTitForTat,C,10,0,2980,2980
597,player_0821b305-f667-4cb4-856a-0d40e5372af3@localhost,TitForTat,C,player_63eb6a22-c7d7-4386-baa3-1bf45ef9c6a3@localhost,SuspiciousTitForTat,D,0,10,2980,2990
598,player_0821b305-f667-4cb4-856a-0d40e5372af3@localhost,TitForTat,D,player_63eb6a22-c7d7-4386-baa3-1bf45ef9c6a3@localhost,SuspiciousTitForTat,C,10,0,2990,2990
599,player_0821b305-f667-4cb4-856a-0d40e5372af3@localhost,TitForTat,C,player_63eb6a22-c7d7-4386-baa3-1bf45ef9c6a3@localhost,SuspiciousTitForTat,D,0,10,2990,3000
600,player_0821b305-f667-4cb4-856a-0d40e5372af3@localhost,TitForTat,D,player_63eb6a22-c7d7-4386-baa3-1bf45ef9c6a3@localhost,SuspiciousTitForTat,C,10,0,3000,3000
601,player_0821b305-f667-4cb4-856a-0d40e5372af3@localhost,TitForTat,C,player_63eb6a22-c7d7-4386-baa3-1bf45ef9c6a3@localhost,SuspiciousTitForTat,D,0,10,3000,3010
602,player_0821b305-f667-4cb4-856a-0d40e5372af3@localhost,TitForTat,D,player_63eb6a22-c7d7-4386-baa3-1bf45ef9c6a3@localhost,SuspiciousTitForTat,C,10,0,3010,3010
603,player_0821b305-f667-4cb4-856a-0d40e5372af3@localhost,TitForTat,C,player_63eb6a22-c7d7-4386-baa3-1bf45ef9c6a3@localhost,SuspiciousTitForTat,D,0,10,3010,3020
604,player_0821b305-f667-4cb4-856a-0d40e5372af3@localhost,TitForTat,D,player_63eb6a22-c7d7-4386-baa3-1bf45ef9c6a3@localhost,SuspiciousTitForTat,C,10,0,3020,3020
605,player_0821b305-f667-4cb4-856a-0d40e5372af3@localhost,TitForTat,C,player_63eb6a22-c7d7-4386-baa3-1bf45ef9c6a3@localhost,SuspiciousTitForTat,D,0,10,3020,3030
606,player_0821b305-f667-4cb4-856a-0d40e5372af3@localhost,TitForTat,D,player_63eb6a22-c7d7-4386-baa3-1bf45ef9c6a3@localhost,SuspiciousTitForTat,C,10,0,3030,3030
607,player_0821b305-f667-4cb4-856a-0d40e5372af3@localhost,TitForTat,C,player_63eb6a22-c7d7-4386-baa3-1bf45ef9c6a3@localhost,SuspiciousTitForTat,D,0,10,3030,3040
608,player_0821b305-f667-4cb4-856a-0d40e5372af3@localhost,TitForTat,D,player_63eb6a22-c7d7-4386-baa3-1bf45ef9c6a3@localhost,SuspiciousTitForTat,C,10,0,3040,3040
609,player_0821b305-f667-4cb4-856a-0d40e5372af3@localhost,TitForTat,C,player_63eb6a22-c7d7-4386-baa3-1bf45ef9c6a3@localhost,SuspiciousTitForTat,D,0,10,3040,3050
610,player_0821b305-f667-4cb4-856a-0d40e5372af3@localhost,TitForTat,D,player_63eb6a22-c7d7-4386-baa3-1bf45ef9c6a3@localhost,SuspiciousTitForTat,C,10,0,3050,3050
611,player_0821b305-f667-4cb4-856a-0d40e5372af3@localhost,TitForTat,C,player_63eb6a22-c7d7-4386-baa3-1bf45ef9c6a3@localhost,SuspiciousTitForTat,D,0,10,3050,3060
612,player_0821b305-f667-4cb4-856a-0d40e5372af3@localhost,TitForTat,D,player_63eb6a22-c7d7-4386-baa3-1bf45ef9c6a3@localhost,SuspiciousTitForTat,C,10,0,3060,3060
613,player_0821b305-f667-4cb4-856a-0d40e5372af3@localhost,TitForTat,C,player_63eb6a22-c7d7-4386-baa3-1bf45ef9c6a3@localhost,SuspiciousTitForTat,D,0,10,3060,3070
614,player_0821b305-f667-4cb4-856a-0d40e5372af3@localhost,TitForTat,D,player_63eb6a22-c7d7-4386-baa3-1bf45ef9c6a3@localhost,SuspiciousTitForTat,C,10,0,3070,3070
615,player_0821b305-f667-4cb4-856a-0d40e5372af3@localhost,TitForTat,C,player_63eb6a22-c7d7-4386-baa3-1bf45ef9c6a3@localhost,SuspiciousTitForTat,D,0,10,3070,3080
616,player_0821b305-f667-4cb4-856a-0d40e5372af3@localhost,TitForTat,D,player_63eb6a22-c7d7-4386-baa3-1bf45ef9c6a3@localhost,SuspiciousTitForTat,C,10,0,3080,3080
617,player_0821b305-f667-4cb4-856a-0d40e5372af3@localhost,TitForTat,C,player_63eb6a22-c7d7-4386-baa3-1bf45ef9c6a3@localhost,SuspiciousTitForTat,D,0,10,3080,3090
618,player_0821b305-f667-4cb4-856a-0d40e5372af3@localhost,TitForTat,D,player_63eb6a22-c7d7-4386-baa3-1bf45ef9c6a3@localhost,SuspiciousTitForTat,C,10,0,3090,3090
619,player_0821b305-f667-4cb4-856a-0d40e5372af3@localhost,TitForTat,C,player_63eb6a22-c7d7-4386-baa3-1bf45ef9c6a3@localhost,SuspiciousTitForTat,D,0,10,3090,3100
620,player_0821b305-f667-4cb4-856a-0d40e5372af3@localhost,TitForTat,D,player_63eb6a22-c7d7-4386-baa3-1bf45ef9c6a3@localhost,SuspiciousTitForTat,C,10,0,3100,3100
621,player_0821b305-f667-4cb4-856a-0d40e5372af3@localhost,TitForTat,C,player_63eb6a22-c7d7-4386-baa3-1bf45ef9c6a3@localhost,SuspiciousTitForTat,D,0,10,3100,3110
622,player_0821b305-f667-4cb4-856a-0d40e5372af3@localhost,TitForTat,D,player_63eb6a22-c7d7-4386-baa3-1bf45ef9c6a3@localhost,SuspiciousTitForTat,C,10,0,3110,3110
623,player_0821b305-f667-4cb4-856a-0d40e5372af3@localhost,TitForTat,C,player_63eb6a22-c7d7-4386-baa3-1bf45ef9c6a3@localhost,SuspiciousTitForTat,D,0,10,3110,3120
624,player_0821b305-f667-4cb4-856a-0d40e5372af3@localhost,TitForTat,D,player_63eb6a22-c7d7-4386-baa3-1bf45ef9c6a3@localhost,SuspiciousTitForTat,C,10,0,3120,3120
625,player_0821b305-f667-4cb4-856a-0d40e5372af3@localhost,TitForTat,C,player_63eb6a22-c7d7-4386-baa3-1bf45ef9c6a3@localhost,SuspiciousTitForTat,D,0,10,3120,3130
626,player_0821b305-f667-4cb4-856a-0d40e5372af3@localhost,TitForTat,D,player_63eb6a22-c7d7-4386-baa3-1bf45ef9c6a3@localhost,SuspiciousTitForTat,C,10,0,3130,3130
627,player_0821b305-f667-4cb4-856a-0d40e5372af3@localhost,TitForTat,C,player_63eb6a22-c7d7-4386-baa3-1bf45ef9c6a3@localhost,SuspiciousTitForTat,D,0,10,3130,3140
628,player_0821b305-f667-4cb4-856a-0d40e5372af3@localhost,TitForTat,D,player_63eb6a22-c7d7-4386-baa3-1bf45ef9c6a3@localhost,SuspiciousTitForTat,C,10,0,3140,3140
629,player_0821b305-f667-4cb4-856a-0d40e5372af3@localhost,TitForTat,C,player_63eb6a22-c7d7-4386-baa3-1bf45ef9c6a3@localhost,SuspiciousTitForTat,D,0,10,3140,3150
630,player_0821b305-f667-4cb4-856a-0d40e5372af3@localhost,TitForTat,D,player_63eb6a22-c7d7-4386-baa3-1bf45ef9c6a3@localhost,SuspiciousTitForTat,C,10,0,3150,3150
631,player_0821b305-f667-4cb4-856a-0d40e5372af3@localhost,TitForTat,C,player_63eb6a22-c7d7-4386-baa3-1bf45ef9c6a3@localhost,SuspiciousTitForTat,D,0,10,3150,3160
632,player_0821b305-f667-4cb4-856a-0d40e5372af3@localhost,TitForTat,D,player_63eb6a22-c7d7-4386-baa3-1bf45ef9c6a3@localhost,SuspiciousTitForTat,C,10,0,3160,3160
633,player_0821b305-f667-4cb4-856a-0d40e5372af3@localhost,TitForTat,C,player_63eb6a22-c7d7-4386-baa3-1bf45ef9c6a3@localhost,SuspiciousTitForTat,D,0,10,3160,3170
634,player_0821b305-f667-4cb4-856a-0d40e5372af3@localhost,TitForTat,D,player_63eb6a22-c7d7-4386-baa3-1bf45ef9c6a3@localhost,SuspiciousTitForTat,C,10,0,3170,3170
635,player_0821b305-f667-4cb4-856a-0d40e5372af3@localhost,TitForTat,C,player_63eb6a22-c7d7-4386-baa3-1bf45ef9c6a3@localhost,SuspiciousTitForTat,D,0,10,3170,3180
636,player_0821b305-f667-4cb4-856a-0d40e5372af3@localhost,TitForTat,D,player_63eb6a22-c7d7-4386-baa3-1bf45ef9c6a3@localhost,SuspiciousTitForTat,C,10,0,3180,3180
637,player_0821b305-f667-4cb4-856a-0d40e5372af3@localhost,TitForTat,C,player_63eb6a22-c7d7-4386-baa3-1bf45ef9c6a3@localhost,SuspiciousTitForTat,D,0,10,3180,3190
638,player_0821b305-f667-4cb4-856a-0d40e5372af3@localhost,TitForTat,D,player_63eb6a22-c7d7-4386-baa3-1bf45ef9c6a3@localhost,SuspiciousTitForTat,C,10,0,3190,3190
639,player_0821b305-f667-4cb4-856a-0d40e5372af3@localhost,TitForTat,C,player_63eb6a22-c7d7-4386-baa3-1bf45ef9c6a3@localhost,SuspiciousTitForTat,D,0,10,3190,3200
640,player_0821b305-f667-4cb4-856a-0d40e5372af3@localhost,TitForTat,D,player_63eb6a22-c7d7-4386-baa3-1bf45ef9c6a3@localhost,SuspiciousTitForTat,C,10,0,3200,3200
641,player_0821b305-f667-4cb4-856a-0d40e5372af3@localhost,TitForTat,C,player_63eb6a22-c7d7-4386-baa3-1bf45ef9c6a3@localhost,SuspiciousTitForTat,D,0,10,3200,3210
642,player_0821b305-f667-4cb4-856a-0d40e5372af3@localhost,TitForTat,D,player_63eb6a22-c7d7-4386-baa3-1bf45ef9c6a3@localhost,SuspiciousTitForTat,C,10,0,3210,3210
643,player_0821b305-f667-4cb4-856a-0d40e5372af3@localhost,TitForTat,C,player_63eb6a22-c7d7-4386-baa3-1bf45ef9c6a3@localhost,SuspiciousTitForTat,D,0,10,3210,3220
644,player_0821b305-f667-4cb4-856a-0d40e5372af3@localhost,TitForTat,D,player_63eb6a22-c7d7-4386-baa3-1bf45ef9c6a3@localhost,SuspiciousTitForTat,C,10,0,3220,3220
645,player_0821b305-f667-4cb4-856a-0d40e5372af3@localhost,TitForTat,C,player_63eb6a22-c7d7-4386-baa3-1bf45ef9c6a3@localhost,SuspiciousTitForTat,D,0,10,3220,3230
646,player_0821b305-f667-4cb4-856a-0d40e5372af3@localhost,TitForTat,D,player_63eb6a22-c7d7-4386-baa3-1bf45ef9c6a3@localhost,SuspiciousTitForTat,C,10,0,3230,3230
647,player_0821b305-f667-4cb4-856a-0d40e5372af3@localhost,TitForTat,C,player_63eb6a22-c7d7-4386-baa3-1bf45ef9c6a3@localhost,SuspiciousTitForTat,D,0,10,3230,3240
648,player_0821b305-f667-4cb4-856a-0d40e5372af3@localhost,TitForTat,D,player_63eb6a22-c7d7-4386-baa3-1bf45ef9c6a3@localhost,SuspiciousTitForTat,C,10,0,3240,3240
649,player_0821b305-f667-4cb4-856a-0d40e5372af3@localhost,TitForTat,C,player_63eb6a22-c7d7-4386-baa3-1bf45ef9c6a3@localhost,SuspiciousTitForTat,D,0,10,3240,3250
650,player_0821b305-f667-4cb4-856a-0d40e5372af3@localhost,TitForTat,D,player_63eb6a22-c7d7-4386-baa3-1bf45ef9c6a3@localhost,SuspiciousTitForTat,C,10,0,3250,3250
651,player_0821b305-f667-4cb4-856a-0d40e5372af3@localhost,TitForTat,C,player_63eb6a22-c7d7-4386-baa3-1bf45ef9c6a3@localhost,SuspiciousTitForTat,D,0,10,3250,3260
652,player_0821b305-f667-4cb4-856a-0d40e5372af3@localhost,TitForTat,D,player_63eb6a22-c7d7-4386-baa3-1bf45ef9c6a3@localhost,SuspiciousTitForTat,C,10,0,3260,3260
653,player_0821b305-f667-4cb4-856a-0d40e5372af3@localhost,TitForTat,C,player_63eb6a22-c7d7-4386-baa3-1bf45ef9c6a3@localhost,SuspiciousTitForTat,D,0,10,3260,3270
654,player_0821b305-f667-4cb4-856a-0d40e5372af3@localhost,TitForTat,D,player_63eb6a22-c7d7-4386-baa3-1bf45ef9c6a3@localhost,SuspiciousTitForTat,C,10,0,3270,3270
655,player_0821b305-f667-4cb4-856a-0d40e5372af3@localhost,TitForTat,C,player_63eb6a22-c7d7-4386-baa3-1bf45ef9c6a3@localhost,SuspiciousTitForTat,D,0,10,3270,3280
656,player_0821b305-f667-4cb4-856a-0d40e5372af3@localhost,TitForTat,D,player_63eb6a22-c7d7-4386-baa3-1bf45ef9c6a3@localhost,SuspiciousTitForTat,C,10,0,3280,3280
657,player_0821b305-f667-4cb4-856a-0d40e5372af3@localhost,TitForTat,C,player_63eb6a22-c7d7-4386-baa3-1bf45ef9c6a3@localhost,SuspiciousTitForTat,D,0,10,3280,3290
658,player_0821b305-f667-4cb4-856a-0d40e5372af3@localhost,TitForTat,D,player_63eb6a22-c7d7-4386-baa3-1bf45ef9c6a3@localhost,SuspiciousTitForTat,C,10,0,3290,3290
659,player_0821b305-f667-4cb4-856a-0d40e5372af3@localhost,TitForTat,C,player_63eb6a22-c7d7-4386-baa3-1bf45ef9c6a3@localhost,SuspiciousTitForTat,D,0,10,3290,3300
660,player_0821b305-f667-4cb4-856a-0d40e5372af3@localhost,TitForTat,D,player_63eb6a22-c7d7-4386-baa3-1bf45ef9c6a3@localhost,SuspiciousTitForTat,C,10,0,3300,3300
661,player_0821b305-f667-4cb4-856a-0d40e5372af3@localhost,TitForTat,C,player_63eb6a22-c7d7-4386-baa3-1bf45ef9c6a3@localhost,SuspiciousTitForTat,D,0,10,3300,3310
662,player_0821b305-f667-4cb4-856a-0d40e5372af3@localhost,TitForTat,D,player_63eb6a22-c7d7-4386-baa3-1bf45ef9c6a3@localhost,SuspiciousTitForTat,C,10,0,3310,3310
663,player_0821b305-f667-4cb4-856a-0d40e5372af3@localhost,TitForTat,C,player_63eb6a22-c7d7-4386-baa3-1bf45ef9c6a3@localhost,SuspiciousTitForTat,D,0,10,3310,3320
664,player_0821b305-f667-4cb4-856a-0d40e5372af3@localhost,TitForTat,D,player_63eb6a22-c7d7-4386-baa3-1bf45ef9c6a3@localhost,SuspiciousTitForTat,C,10,0,3320,3320
665,player_0821b305-f667-4cb4-856a-0d40e5372af3@localhost,TitForTat,C,player_63eb6a22-c7d7-4386-baa3-1bf45ef9c6a3@localhost,SuspiciousTitForTat,D,0,10,3320,3330
666,player_0821b305-f667-4cb4-856a-0d40e5372af3@localhost,TitForTat,D,player_63eb6a22-c7d7-4386-baa3-1bf45ef9c6a3@localhost,SuspiciousTitForTat,C,10,0,3330,3330
667,player_0821b305-f667-4cb4-856a-0d40e5372af3@localhost,TitForTat,C,player_63eb6a22-c7d7-4386-baa3-1bf45ef9c6a3@localhost,SuspiciousTitForTat,D,0,10,3330,3340
668,player_0821b305-f667-4cb4-856a-0d40e5372af3@localhost,TitForTat,D,player_63eb6a22-c7d7-4386-baa3-1bf45ef9c6a3@localhost,SuspiciousTitForTat,C,10,0,3340,3340
669,player_0821b305-f667-4cb4-856a-0d40e5372af3@localhost,TitForTat,C,player_63eb6a22-c7d7-4386-baa3-1bf45ef9c6a3@localhost,SuspiciousTitForTat,D,0,10,3340,3350
670,player_0821b305-f667-4cb4-856a-0d40e5372af3@localhost,TitForTat,D,player_63eb6a22-c7d7-4386-baa3-1bf45ef9c6a3@localhost,SuspiciousTitForTat,C,10,0,3350,3350
671,player_0821b305-f667-4cb4-856a-0d40e5372af3@localhost,TitForTat,C,player_63eb6a22-c7d7-4386-baa3-1bf45ef9c6a3@localhost,SuspiciousTitForTat,D,0,10,3350,3360
672,player_0821b305-f667-4cb4-856a-0d40e5372af3@localhost,TitForTat,D,player_63eb6a22-c7d7-4386-baa3-1bf45ef9c6a3@localhost,SuspiciousTitForTat,C,10,0,3360,3360
673,player_0821b305-f667-4cb4-856a-0d40e5372af3@localhost,TitForTat,C,player_63eb6a22-c7d7-4386-baa3-1bf45ef9c6a3@localhost,SuspiciousTitForTat,D,0,10,3360,3370
674,player_0821b305-f667-4cb4-856a-0d40e5372af3@localhost,TitForTat,D,player_63eb6a22-c7d7-4386-baa3-1bf45ef9c6a3@localhost,SuspiciousTitForTat,C,10,0,3370,3370
675,player_0821b305-f667-4cb4-856a-0d40e5372af3@localhost,TitForTat,C,player_63eb6a22-c7d7-4386-baa3-1bf45ef9c6a3@localhost,SuspiciousTitForTat,D,0,10,3370,3380
676,player_0821b305-f667-4cb4-856a-0d40e5372af3@localhost,TitForTat,D,player_63eb6a22-c7d7-4386-baa3-1bf45ef9c6a3@localhost,SuspiciousTitForTat,C,10,0,3380,3380
677,player_0821b305-f667-4cb4-856a-0d40e5372af3@localhost,TitForTat,C,player_63eb6a22-c7d7-4386-baa3-1bf45ef9c6a3@localhost,SuspiciousTitForTat,D,0,10,3380,3390
678,player_0821b305-f667-4cb4-856a-0d40e5372af3@localhost,TitForTat,D,player_63eb6a22-c7d7-4386-baa3-1bf45ef9c6a3@localhost,SuspiciousTitForTat,C,10,0,3390,3390
679,player_0821b305-f667-4cb4-856a-0d40e5372af3@localhost,TitForTat,C,player_63eb6a22-c7d7-4386-baa3-1bf45ef9c6a3@localhost,SuspiciousTitForTat,D,0,10,3390,3400
680,player_0821b305-f667-4cb4-856a-0d40e5372af3@localhost,TitForTat,D,player_63eb6a22-c7d7-4386-baa3-1bf45ef9c6a3@localhost,SuspiciousTitForTat,C,10,0,3400,3400
681,player_0821b305-f667-4cb4-856a-0d40e5372af3@localhost,TitForTat,C,player_63eb6a22-c7d7-4386-baa3-1bf45ef9c6a3@localhost,SuspiciousTitForTat,D,0,10,3400,3410
682,player_0821b305-f667-4cb4-856a-0d40e5372af3@localhost,TitForTat,D,player_63eb6a22-c7d7-4386-baa3-1bf45ef9c6a3@localhost,SuspiciousTitForTat,C,10,0,3410,3410
683,player_0821b305-f667-4cb4-856a-0d40e5372af3@localhost,TitForTat,C,player_63eb6a22-c7d7-4386-baa3-1bf45ef9c6a3@localhost,SuspiciousTitForTat,D,0,10,3410,3420
684,player_0821b305-f667-4cb4-856a-0d40e5372af3@localhost,TitForTat,D,player_63eb6a22-c7d7-4386-baa3-1bf45ef9c6a3@localhost,SuspiciousTitForTat,C,10,0,3420,3420
685,player_0821b305-f667-4cb4-856a-0d40e5372af3@localhost,TitForTat,C,player_63eb6a22-c7d7-4386-baa3-1bf45ef9c6a3@localhost,SuspiciousTitForTat,D,0,10,3420,3430
686,player_0821b305-f667-4cb4-856a-0d40e5372af3@localhost,TitForTat,D,player_63eb6a22-c7d7-4386-baa3-1bf45ef9c6a3@localhost,SuspiciousTitForTat,C,10,0,3430,3430
687,player_0821b305-f667-4cb4-856a-0d40e5372af3@localhost,TitForTat,C,player_63eb6a22-c7d7-4386-baa3-1bf45ef9c6a3@localhost,SuspiciousTitForTat,D,0,10,3430,3440
688,player_0821b305-f667-4cb4-856a-0d40e5372af3@localhost,TitForTat,D,player_63eb6a22-c7d7-4386-baa3-1bf45ef9c6a3@localhost,SuspiciousTitForTat,C,10,0,3440,3440
689,player_0821b305-f667-4cb4-856a-0d40e5372af3@localhost,TitForTat,C,player_63eb6a22-c7d7-4386-baa3-1bf45ef9c6a3@localhost,SuspiciousTitForTat,D,0,10,3440,3450
690,player_0821b305-f667-4cb4-856a-0d40e5372af3@localhost,TitForTat,D,player_63eb6a22-c7d7-4386-baa3-1bf45ef9c6a3@localhost,SuspiciousTitForTat,C,10,0,3450,3450
691,player_0821b305-f667-4cb4-856a-0d40e5372af3@localhost,TitForTat,C,player_63eb6a22-c7d7-4386-baa3-1bf45ef9c6a3@localhost,SuspiciousTitForTat,D,0,10,3450,3460
692,player_0821b305-f667-4cb4-856a-0d40e5372af3@localhost,TitForTat,D,player_63eb6a22-c7d7-4386-baa3-1bf45ef9c6a3@localhost,SuspiciousTitForTat,C,10,0,3460,3460
693,player_0821b305-f667-4cb4-856a-0d40e5372af3@localhost,TitForTat,C,player_63eb6a22-c7d7-4386-baa3-1bf45ef9c6a3@localhost,SuspiciousTitForTat,D,0,10,3460,3470
694,player_0821b305-f667-4cb4-856a-0d40e5372af3@localhost,TitForTat,D,player_63eb6a22-c7d7-4386-baa3-1bf45ef9c6a3@localhost,SuspiciousTitForTat,C,10,0,3470,3470
695,player_0821b305-f667-4cb4-856a-0d40e5372af3@localhost,TitForTat,C,player_63eb6a22-c7d7-4386-baa3-1bf45ef9c6a3@localhost,SuspiciousTitForTat,D,0,10,3470,3480
696,player_0821b305-f667-4cb4-856a-0d40e5372af3@localhost,TitForTat,D,player_63eb6a22-c7d7-4386-baa3-1bf45ef9c6a3@localhost,SuspiciousTitForTat,C,10,0,3480,3480
697,player_0821b305-f667-4cb4-856a-0d40e5372af3@localhost,TitForTat,C,player_63eb6a22-c7d7-4386-baa3-1bf45ef9c6a3@localhost,SuspiciousTitForTat,D,0,10,3480,3490
698,player_0821b305-f667-4cb4-856a-0d40e5372af3@localhost,TitForTat,D,player_63eb6a22-c7d7-4386-baa3-1bf45ef9c6a3@localhost,SuspiciousTitForTat,C,10,0,3490,3490
699,player_0821b305-f667-4cb4-856a-0d40e5372af3@localhost,TitForTat,C,player_63eb6a22-c7d7-4386-baa3-1bf45ef9c6a3@localhost,SuspiciousTitForTat,D,0,10,3490,3500
700,player_0821b305-f667-4cb4-856a-0d40e5372af3@localhost,TitForTat,D,player_63eb6a22-c7d7-4386-baa3-1bf45ef9c6a3@localhost,SuspiciousTitForTat,C,10,0,3500,3500
701,player_0821b305-f667-4cb4-856a-0d40e5372af3@localhost,TitForTat,C,player_63eb6a22-c7d7-4386-baa3-1bf45ef9c6a3@localhost,SuspiciousTitForTat,D,0,10,3500,3510
702,player_0821b305-f667-4cb4-856a-0d40e5372af3@localhost,TitForTat,D,player_63eb6a22-c7d7-4386-baa3-1bf45ef9c6a3@localhost,SuspiciousTitForTat,C,10,0,3510,3510
703,player_0821b305-f667-4cb4-856a-0d40e5372af3@localhost,TitForTat,C,player_63eb6a22-c7d7-4386-baa3-1bf45ef9c6a3@localhost,SuspiciousTitForTat,D,0,10,3510,3520
704,player_0821b305-f667-4cb4-856a-0d40e5372af3@localhost,TitForTat,D,player_63eb6a22-c7d7-4386-baa3-1bf45ef9c6a3@localhost,SuspiciousTitForTat,C,10,0,3520,3520
705,player_0821b305-f667-4cb4-856a-0d40e5372af3@localhost,TitForTat,C,player_63eb6a22-c7d7-4386-baa3-1bf45ef9c6a3@localhost,SuspiciousTitForTat,D,0,10,3520,3530
706,player_0821b305-f667-4cb4-856a-0d40e5372af3@localhost,TitForTat,D,player_63eb6a22-c7d7-4386-baa3-1bf45ef9c6a3@localhost,SuspiciousTitForTat,C,10,0,3530,3530
707,player_0821b305-f667-4cb4-856a-0d40e5372af3@localhost,TitForTat,C,player_63eb6a22-c7d7-4386-baa3-1bf45ef9c6a3@localhost,SuspiciousTitForTat,D,0,10,3530,3540
708,player_0821b305-f667-4cb4-856a-0d40e5372af3@localhost,TitForTat,D,player_63eb6a22-c7d7-4386-baa3-1bf45ef9c6a3@localhost,SuspiciousTitForTat,C,10,0,3540,3540
709,player_0821b305-f667-4cb4-856a-0d40e5372af3@localhost,TitForTat,C,player_63eb6a22-c7d7-4386-baa3-1bf45ef9c6a3@localhost,SuspiciousTitForTat,D,0,10,3540,3550
710,player_0821b305-f667-4cb4-856a-0d40e5372af3@localhost,TitForTat,D,player_63eb6a22-c7d7-4386-baa3-1bf45ef9c6a3@localhost,SuspiciousTitForTat,C,10,0,3550,3550
711,player_0821b305-f667-4cb4-856a-0d40e5372af3@localhost,TitForTat,C,player_63eb6a22-c7d7-4386-baa3-1bf45ef9c6a3@localhost,SuspiciousTitForTat,D,0,10,3550,3560
712,player_0821b305-f667-4cb4-856a-0d40e5372af3@localhost,TitForTat,D,player_63eb6a22-c7d7-4386-baa3-1bf45ef9c6a3@localhost,SuspiciousTitForTat,C,10,0,3560,3560
713,player_0821b305-f667-4cb4-856a-0d40e5372af3@localhost,TitForTat,C,player_63eb6a22-c7d7-4386-baa3-1bf45ef9c6a3@localhost,SuspiciousTitForTat,D,0,10,3560,3570
714,player_0821b305-f667-4cb4-856a-0d40e5372af3@localhost,TitForTat,D,player_63eb6a22-c7d7-4386-baa3-1bf45ef9c6a3@localhost,SuspiciousTitForTat,C,10,0,3570,3570
715,player_0821b305-f667-4cb4-856a-0d40e5372af3@localhost,TitForTat,C,player_63eb6a22-c7d7-4386-baa3-1bf45ef9c6a3@localhost,SuspiciousTitForTat,D,0,10,3570,3580
716,player_0821b305-f667-4cb4-856a-0d40e5372af3@localhost,TitForTat,D,player_63eb6a22-c7d7-4386-baa3-1bf45ef9c6a3@localhost,SuspiciousTitForTat,C,10,0,3580,3580
717,player_0821b305-f667-4cb4-856a-0d40e5372af3@localhost,TitForTat,C,player_63eb6a22-c7d7-4386-baa3-1bf45ef9c6a3@localhost,SuspiciousTitForTat,D,0,10,3580,3590
718,player_0821b305-f667-4cb4-856a-0d40e5372af3@localhost,TitForTat,D,player_63eb6a22-c7d7-4386-baa3-1bf45ef9c6a3@localhost,SuspiciousTitForTat,C,10,0,3590,3590
719,player_0821b305-f667-4cb4-856a-0d40e5372af3@localhost,TitForTat,C,player_63eb6a22-c7d7-4386-baa3-1bf45ef9c6a3@localhost,SuspiciousTitForTat,D,0,10,3590,3600
720,player_0821b305-f667-4cb4-856a-0d40e5372af3@localhost,TitForTat,D,player_63eb6a22-c7d7-4386-baa3-1bf45ef9c6a3@localhost,SuspiciousTitForTat,C,10,0,3600,3600
721,player_0821b305-f667-4cb4-856a-0d40e5372af3@localhost,TitForTat,C,player_63eb6a22-c7d7-4386-baa3-1bf45ef9c6a3@localhost,SuspiciousTitForTat,D,0,10,3600,3610
722,player_0821b305-f667-4cb4-856a-0d40e5372af3@localhost,TitForTat,D,player_63eb6a22-c7d7-4386-baa3-1bf45ef9c6a3@localhost,SuspiciousTitForTat,C,10,0,3610,3610
723,player_0821b305-f667-4cb4-856a-0d40e5372af3@localhost,TitForTat,C,player_63eb6a22-c7d7-4386-baa3-1bf45ef9c6a3@localhost,SuspiciousTitForTat,D,0,10,3610,3620
724,player_0821b305-f667-4cb4-856a-0d40e5372af3@localhost,TitForTat,D,player_63eb6a22-c7d7-4386-baa3-1bf45ef9c6a3@localhost,SuspiciousTitForTat,C,10,0,3620,3620
725,player_0821b305-f667-4cb4-856a-0d40e5372af3@localhost,TitForTat,C,player_63eb6a22-c7d7-4386-baa3-1bf45ef9c6a3@localhost,SuspiciousTitForTat,D,0,10,3620,3630
726,player_0821b305-f667-4cb4-856a-0d40e5372af3@localhost,TitForTat,D,player_63eb6a22-c7d7-4386-baa3-1bf45ef9c6a3@localhost,SuspiciousTitForTat,C,10,0,3630,3630
727,player_0821b305-f667-4cb4-856a-0d40e5372af3@localhost,TitForTat,C,player_63eb6a22-c7d7-4386-baa3-1bf45ef9c6a3@localhost,SuspiciousTitForTat,D,0,10,3630,3640
728,player_0821b305-f667-4cb4-856a-0d40e5372af3@localhost,TitForTat,D,player_63eb6a22-c7d7-4386-baa3-1bf45ef9c6a3@localhost,SuspiciousTitForTat,C,10,0,3640,3640
729,player_0821b305-f667-4cb4-856a-0d40e5372af3@localhost,TitForTat,C,player_63eb6a22-c7d7-4386-baa3-1bf45ef9c6a3@localhost,SuspiciousTitForTat,D,0,10,3640,3650
730,player_0821b305-f667-4cb4-856a-0d40e5372af3@localhost,TitForTat,D,player_63eb6a22-c7d7-4386-baa3-1bf45ef9c6a3@localhost,SuspiciousTitForTat,C,10,0,3650,3650
731,player_0821b305-f667-4cb4-856a-0d40e5372af3@localhost,TitForTat,C,player_63eb6a22-c7d7-4386-baa3-1bf45ef9c6a3@localhost,SuspiciousTitForTat,D,0,10,3650,3660
732,player_0821b305-f667-4cb4-856a-0d40e5372af3@localhost,TitForTat,D,player_63eb6a22-c7d7-4386-baa3-1bf45ef9c6a3@localhost,SuspiciousTitForTat,C,10,0,3660,3660
733,player_0821b305-f667-4cb4-856a-0d40e5372af3@localhost,TitForTat,C,player_63eb6a22-c7d7-4386-baa3-1bf45ef9c6a3@localhost,SuspiciousTitForTat,D,0,10,3660,3670
734,player_0821b305-f667-4cb4-856a-0d40e5372af3@localhost,TitForTat,D,player_63eb6a22-c7d7-4386-baa3-1bf45ef9c6a3@localhost,SuspiciousTitForTat,C,10,0,3670,3670
735,player_0821b305-f667-4cb4-856a-0d40e5372af3@localhost,TitForTat,C,player_63eb6a22-c7d7-4386-baa3-1bf45ef9c6a3@localhost,SuspiciousTitForTat,D,0,10,3670,3680
736,player_0821b305-f667-4cb4-856a-0d40e5372af3@localhost,TitForTat,D,player_63eb6a22-c7d7-4386-baa3-1bf45ef9c6a3@localhost,SuspiciousTitForTat,C,10,0,3680,3680
737,player_0821b305-f667-4cb4-856a-0d40e5372af3@localhost,TitForTat,C,player_63eb6a22-c7d7-4386-baa3-1bf45ef9c6a3@localhost,SuspiciousTitForTat,D,0,10,3680,3690
738,player_0821b305-f667-4cb4-856a-0d40e5372af3@localhost,TitForTat,D,player_63eb6a22-c7d7-4386-baa3-1bf45ef9c6a3@localhost,SuspiciousTitForTat,C,10,0,3690,3690
739,player_0821b305-f667-4cb4-856a-0d40e5372af3@localhost,TitForTat,C,player_63eb6a22-c7d7-4386-baa3-1bf45ef9c6a3@localhost,SuspiciousTitForTat,D,0,10,3690,3700
740,player_0821b305-f667-4cb4-856a-0d40e5372af3@localhost,TitForTat,D,player_63eb6a22-c7d7-4386-baa3-1bf45ef9c6a3@localhost,SuspiciousTitForTat,C,10,0,3700,3700
741,player_0821b305-f667-4cb4-856a-0d40e5372af3@localhost,TitForTat,C,player_63eb6a22-c7d7-4386-baa3-1bf45ef9c6a3@localhost,SuspiciousTitForTat,D,0,10,3700,3710
742,player_0821b305-f667-4cb4-856a-0d40e5372af3@localhost,TitForTat,D,player_63eb6a22-c7d7-4386-baa3-1bf45ef9c6a3@localhost,SuspiciousTitForTat,C,10,0,3710,3710
743,player_0821b305-f667-4cb4-856a-0d40e5372af3@localhost,TitForTat,C,player_63eb6a22-c7d7-4386-baa3-1bf45ef9c6a3@localhost,SuspiciousTitForTat,D,0,10,3710,3720
744,player_0821b305-f667-4cb4-856a-0d40e5372af3@localhost,TitForTat,D,player_63eb6a22-c7d7-4386-baa3-1bf45ef9c6a3@localhost,SuspiciousTitForTat,C,10,0,3720,3720
745,player_0821b305-f667-4cb4-856a-0d40e5372af3@localhost,TitForTat,C,player_63eb6a22-c7d7-4386-baa3-1bf45ef9c6a3@localhost,SuspiciousTitForTat,D,0,10,3720,3730
746,player_0821b305-f667-4cb4-856a-0d40e5372af3@localhost,TitForTat,D,player_63eb6a22-c7d7-4386-baa3-1bf45ef9c6a3@localhost,SuspiciousTitForTat,C,10,0,3730,3730
747,player_0821b305-f667-4cb4-856a-0d40e5372af3@localhost,TitForTat,C,player_63eb6a22-c7d7-4386-baa3-1bf45ef9c6a3@localhost,SuspiciousTitForTat,D,0,10,3730,3740
748,player_0821b305-f667-4cb4-856a-0d40e5372af3@localhost,TitForTat,D,player_63eb6a22-c7d7-4386-baa3-1bf45ef9c6a3@localhost,SuspiciousTitForTat,C,10,0,3740,3740
749,player_0821b305-f667-4cb4-856a-0d40e5372af3@localhost,TitForTat,C,player_63eb6a22-c7d7-4386-baa3-1bf45ef9c6a3@localhost,SuspiciousTitForTat,D,0,10,3740,3750
750,player_0821b305-f667-4cb4-856a-0d40e5372af3@localhost,TitForTat,D,player_63eb6a22-c7d7-4386-baa3-1bf45ef9c6a3@localhost,SuspiciousTitForTat,C,10,0,3750,3750
751,player_0821b305-f667-4cb4-856a-0d40e5372af3@localhost,TitForTat,C,player_63eb6a22-c7d7-4386-baa3-1bf45ef9c6a3@localhost,SuspiciousTitForTat,D,0,10,3750,3760
752,player_0821b305-f667-4cb4-856a-0d40e5372af3@localhost,TitForTat,D,player_63eb6a22-c7d7-4386-baa3-1bf45ef9c6a3@localhost,SuspiciousTitForTat,C,10,0,3760,3760
753,player_0821b305-f667-4cb4-856a-0d40e5372af3@localhost,TitForTat,C,player_63eb6a22-c7d7-4386-baa3-1bf45ef9c6a3@localhost,SuspiciousTitForTat,D,0,10,3760,3770
754,player_0821b305-f667-4cb4-856a-0d40e5372af3@localhost,TitForTat,D,player_63eb6a22-c7d7-4386-baa3-1bf45ef9c6a3@localhost,SuspiciousTitForTat,C,10,0,3770,3770
755,player_0821b305-f667-4cb4-856a-0d40e5372af3@localhost,TitForTat,C,player_63eb6a22-c7d7-4386-baa3-1bf45ef9c6a3@localhost,SuspiciousTitForTat,D,0,10,3770,3780
756,player_0821b305-f667-4cb4-856a-0d40e5372af3@localhost,TitForTat,D,player_63eb6a22-c7d7-4386-baa3-1bf45ef9c6a3@localhost,SuspiciousTitForTat,C,10,0,3780,3780
757,player_0821b305-f667-4cb4-856a-0d40e5372af3@localhost,TitForTat,C,player_63eb6a22-c7d7-4386-baa3-1bf45ef9c6a3@localhost,SuspiciousTitForTat,D,0,10,3780,3790
758,player_0821b305-f667-4cb4-856a-0d40e5372af3@localhost,TitForTat,D,player_63eb6a22-c7d7-4386-baa3-1bf45ef9c6a3@localhost,SuspiciousTitForTat,C,10,0,3790,3790
759,player_0821b305-f667-4cb4-856a-0d40e5372af3@localhost,TitForTat,C,player_63eb6a22-c7d7-4386-baa3-1bf45ef9c6a3@localhost,SuspiciousTitForTat,D,0,10,3790,3800
760,player_0821b305-f667-4cb4-856a-0d40e5372af3@localhost,TitForTat,D,player_63eb6a22-c7d7-4386-baa3-1bf45ef9c6a3@localhost,SuspiciousTitForTat,C,10,0,3800,3800
761,player_0821b305-f667-4cb4-856a-0d40e5372af3@localhost,TitForTat,C,player_63eb6a22-c7d7-4386-baa3-1bf45ef9c6a3@localhost,SuspiciousTitForTat,D,0,10,3800,3810
762,player_0821b305-f667-4cb4-856a-0d40e5372af3@localhost,TitForTat,D,player_63eb6a22-c7d7-4386-baa3-1bf45ef9c6a3@localhost,SuspiciousTitForTat,C,10,0,3810,3810
763,player_0821b305-f667-4cb4-856a-0d40e5372af3@localhost,TitForTat,C,player_63eb6a22-c7d7-4386-baa3-1bf45ef9c6a3@localhost,SuspiciousTitForTat,D,0,10,3810,3820
764,player_0821b305-f667-4cb4-856a-0d40e5372af3@localhost,TitForTat,D,player_63eb6a22-c7d7-4386-baa3-1bf45ef9c6a3@localhost,SuspiciousTitForTat,C,10,0,3820,3820
765,player_0821b305-f667-4cb4-856a-0d40e5372af3@localhost,TitForTat,C,player_63eb6a22-c7d7-4386-baa3-1bf45ef9c6a3@localhost,SuspiciousTitForTat,D,0,10,3820,3830
766,player_0821b305-f667-4cb4-856a-0d40e5372af3@localhost,TitForTat,D,player_63eb6a22-c7d7-4386-baa3-1bf45ef9c6a3@localhost,SuspiciousTitForTat,C,10,0,3830,3830
767,player_0821b305-f667-4cb4-856a-0d40e5372af3@localhost,TitForTat,C,player_63eb6a22-c7d7-4386-baa3-1bf45ef9c6a3@localhost,SuspiciousTitForTat,D,0,10,3830,3840
768,player_0821b305-f667-4cb4-856a-0d40e5372af3@localhost,TitForTat,D,player_63eb6a22-c7d7-4386-baa3-1bf45ef9c6a3@localhost,SuspiciousTitForTat,C,10,0,3840,3840
769,player_0821b305-f667-4cb4-856a-0d40e5372af3@localhost,TitForTat,C,player_63eb6a22-c7d7-4386-baa3-1bf45ef9c6a3@localhost,SuspiciousTitForTat,D,0,10,3840,3850
770,player_0821b305-f667-4cb4-856a-0d40e5372af3@localhost,TitForTat,D,player_63eb6a22-c7d7-4386-baa3-1bf45ef9c6a3@localhost,SuspiciousTitForTat,C,10,0,3850,3850
771,player_0821b305-f667-4cb4-856a-0d40e5372af3@localhost,TitForTat,C,player_63eb6a22-c7d7-4386-baa3-1bf45ef9c6a3@localhost,SuspiciousTitForTat,D,0,10,3850,3860
772,player_0821b305-f667-4cb4-856a-0d40e5372af3@localhost,TitForTat,D,player_63eb6a22-c7d7-4386-baa3-1bf45ef9c6a3@localhost,SuspiciousTitForTat,C,10,0,3860,3860
773,player_0821b305-f667-4cb4-856a-0d40e5372af3@localhost,TitForTat,C,player_63eb6a22-c7d7-4386-baa3-1bf45ef9c6a3@localhost,SuspiciousTitForTat,D,0,10,3860,3870
774,player_0821b305-f667-4cb4-856a-0d40e5372af3@localhost,TitForTat,D,player_63eb6a22-c7d7-4386-baa3-1bf45ef9c6a3@localhost,SuspiciousTitForTat,C,10,0,3870,3870
775,player_0821b305-f667-4cb4-856a-0d40e5372af3@localhost,TitForTat,C,player_63eb6a22-c7d7-4386-baa3-1bf45ef9c6a3@localhost,SuspiciousTitForTat,D,0,10,3870,3880
776,player_0821b305-f667-4cb4-856a-0d40e5372af3@localhost,TitForTat,D,player_63eb6a22-c7d7-4386-baa3-1bf45ef9c6a3@localhost,SuspiciousTitForTat,C,10,0,3880,3880
777,player_0821b305-f667-4cb4-856a-0d40e5372af3@localhost,TitForTat,C,player_63eb6a22-c7d7-4386-baa3-1bf45ef9c6a3@localhost,SuspiciousTitForTat,D,0,10,3880,3890
778,player_0821b305-f667-4cb4-856a-0d40e5372af3@localhost,TitForTat,D,player_63eb6a22-c7d7-4386-baa3-1bf45ef9c6a3@localhost,SuspiciousTitForTat,C,10,0,3890,3890
779,player_0821b305-f667-4cb4-856a-0d40e5372af3@localhost,TitForTat,C,player_63eb6a22-c7d7-4386-baa3-1bf45ef9c6a3@localhost,SuspiciousTitForTat,D,0,10,3890,3900
780,player_0821b305-f667-4cb4-856a-0d40e5372af3@localhost,TitForTat,D,player_63eb6a22-c7d7-4386-baa3-1bf45ef9c6a3@localhost,SuspiciousTitForTat,C,10,0,3900,3900
781,player_0821b305-f667-4cb4-856a-0d40e5372af3@localhost,TitForTat,C,player_63eb6a22-c7d7-4386-baa3-1bf45ef9c6a3@localhost,SuspiciousTitForTat,D,0,10,3900,3910
782,player_0821b305-f667-4cb4-856a-0d40e5372af3@localhost,TitForTat,D,player_63eb6a22-c7d7-4386-baa3-1bf45ef9c6a3@localhost,SuspiciousTitForTat,C,10,0,3910,3910
783,player_0821b305-f667-4cb4-856a-0d40e5372af3@localhost,TitForTat,C,player_63eb6a22-c7d7-4386-baa3-1bf45ef9c6a3@localhost,SuspiciousTitForTat,D,0,10,3910,3920
784,player_0821b305-f667-4cb4-856a-0d40e5372af3@localhost,TitForTat,D,player_63eb6a22-c7d7-4386-baa3-1bf45ef9c6a3@localhost,SuspiciousTitForTat,C,10,0,3920,3920
785,player_0821b305-f667-4cb4-856a-0d40e5372af3@localhost,TitForTat,C,player_63eb6a22-c7d7-4386-baa3-1bf45ef9c6a3@localhost,SuspiciousTitForTat,D,0,10,3920,3930
786,player_0821b305-f667-4cb4-856a-0d40e5372af3@localhost,TitForTat,D,player_63eb6a22-c7d7-4386-baa3-1bf45ef9c6a3@localhost,SuspiciousTitForTat,C,10,0,3930,3930
787,player_0821b305-f667-4cb4-856a-0d40e5372af3@localhost,TitForTat,C,player_63eb6a22-c7d7-4386-baa3-1bf45ef9c6a3@localhost,SuspiciousTitForTat,D,0,10,3930,3940
788,player_0821b305-f667-4cb4-856a-0d40e5372af3@localhost,TitForTat,D,player_63eb6a22-c7d7-4386-baa3-1bf45ef9c6a3@localhost,SuspiciousTitForTat,C,10,0,3940,3940
789,player_0821b305-f667-4cb4-856a-0d40e5372af3@localhost,TitForTat,C,player_63eb6a22-c7d7-4386-baa3-1bf45ef9c6a3@localhost,SuspiciousTitForTat,D,0,10,3940,3950
790,player_0821b305-f667-4cb4-856a-0d40e5372af3@localhost,TitForTat,D,player_63eb6a22-c7d7-4386-baa3-1bf45ef9c6a3@localhost,SuspiciousTitForTat,C,10,0,3950,3950
791,player_0821b305-f667-4cb4-856a-0d40e5372af3@localhost,TitForTat,C,player_63eb6a22-c7d7-4386-baa3-1bf45ef9c6a3@localhost,SuspiciousTitForTat,D,0,10,3950,3960
792,player_0821b305-f667-4cb4-856a-0d40e5372af3@localhost,TitForTat,D,player_63eb6a22-c7d7-4386-baa3-1bf45ef9c6a3@localhost,SuspiciousTitForTat,C,10,0,3960,3960
793,player_0821b305-f667-4cb4-856a-0d40e5372af3@localhost,TitForTat,C,player_63eb6a22-c7d7-4386-baa3-1bf45ef9c6a3@localhost,SuspiciousTitForTat,D,0,10,3960,3970
794,player_0821b305-f667-4cb4-856a-0d40e5372af3@localhost,TitForTat,D,player_63eb6a22-c7d7-4386-baa3-1bf45ef9c6a3@localhost,SuspiciousTitForTat,C,10,0,3970,3970
795,player_0821b305-f667-4cb4-856a-0d40e5372af3@localhost,TitForTat,C,player_63eb6a22-c7d7-4386-baa3-1bf45ef9c6a3@localhost,SuspiciousTitForTat,D,0,10,3970,3980
796,player_0821b305-f667-4cb4-856a-0d40e5372af3@localhost,TitForTat,D,player_63eb6a22-c7d7-4386-baa3-1bf45ef9c6a3@localhost,SuspiciousTitForTat,C,10,0,3980,3980
797,player_0821b305-f667-4cb4-856a-0d40e5372af3@localhost,TitForTat,C,player_63eb6a22-c7d7-4386-baa3-1bf45ef9c6a3@localhost,SuspiciousTitForTat,D,0,10,3980,3990
798,player_0821b305-f667-4cb4-856a-0d40e5372af3@localhost,TitForTat,D,player_63eb6a22-c7d7-4386-baa3-1bf45ef9c6a3@localhost,SuspiciousTitForTat,C,10,0,3990,3990
799,player_0821b305-f667-4cb4-856a-0d40e5372af3@localhost,TitForTat,C,player_63eb6a22-c7d7-4386-baa3-1bf45ef9c6a3@localhost,SuspiciousTitForTat,D,0,10,3990,4000
800,player_0821b305-f667-4cb4-856a-0d40e5372af3@localhost,TitForTat,D,player_63eb6a22-c7d7-4386-baa3-1bf45ef9c6a3@localhost,SuspiciousTitForTat,C,10,0,4000,4000
801,player_0821b305-f667-4cb4-856a-0d40e5372af3@localhost,TitForTat,C,player_63eb6a22-c7d7-4386-baa3-1bf45ef9c6a3@localhost,SuspiciousTitForTat,D,0,10,4000,4010
802,player_0821b305-f667-4cb4-856a-0d40e5372af3@localhost,TitForTat,D,player_63eb6a22-c7d7-4386-baa3-1bf45ef9c6a3@localhost,SuspiciousTitForTat,C,10,0,4010,4010
803,player_0821b305-f667-4cb4-856a-0d40e5372af3@localhost,TitForTat,C,player_63eb6a22-c7d7-4386-baa3-1bf45ef9c6a3@localhost,SuspiciousTitForTat,D,0,10,4010,4020
804,player_0821b305-f667-4cb4-856a-0d40e5372af3@localhost,TitForTat,D,player_63eb6a22-c7d7-4386-baa3-1bf45ef9c6a3@localhost,SuspiciousTitForTat,C,10,0,4020,4020
805,player_0821b305-f667-4cb4-856a-0d40e5372af3@localhost,TitForTat,C,player_63eb6a22-c7d7-4386-baa3-1bf45ef9c6a3@localhost,SuspiciousTitForTat,D,0,10,4020,4030
806,player_0821b305-f667-4cb4-856a-0d40e5372af3@localhost,TitForTat,D,player_63eb6a22-c7d7-4386-baa3-1bf45ef9c6a3@localhost,SuspiciousTitForTat,C,10,0,4030,4030
807,player_0821b305-f667-4cb4-856a-0d40e5372af3@localhost,TitForTat,C,player_63eb6a22-c7d7-4386-baa3-1bf45ef9c6a3@localhost,SuspiciousTitForTat,D,0,10,4030,4040
808,player_0821b305-f667-4cb4-856a-0d40e5372af3@localhost,TitForTat,D,player_63eb6a22-c7d7-4386-baa3-1bf45ef9c6a3@localhost,SuspiciousTitForTat,C,10,0,4040,4040
809,player_0821b305-f667-4cb4-856a-0d40e5372af3@localhost,TitForTat,C,player_63eb6a22-c7d7-4386-baa3-1bf45ef9c6a3@localhost,SuspiciousTitForTat,D,0,10,4040,4050
810,player_0821b305-f667-4cb4-856a-0d40e5372af3@localhost,TitForTat,D,player_63eb6a22-c7d7-4386-baa3-1bf45ef9c6a3@localhost,SuspiciousTitForTat,C,10,0,4050,4050
811,player_0821b305-f667-4cb4-856a-0d40e5372af3@localhost,TitForTat,C,player_63eb6a22-c7d7-4386-baa3-1bf45ef9c6a3@localhost,SuspiciousTitForTat,D,0,10,4050,4060
812,player_0821b305-f667-4cb4-856a-0d40e5372af3@localhost,TitForTat,D,player_63eb6a22-c7d7-4386-baa3-1bf45ef9c6a3@localhost,SuspiciousTitForTat,C,10,0,4060,4060
813,player_0821b305-f667-4cb4-856a-0d40e5372af3@localhost,TitForTat,C,player_63eb6a22-c7d7-4386-baa3-1bf45ef9c6a3@localhost,SuspiciousTitForTat,D,0,10,4060,4070
814,player_0821b305-f667-4cb4-856a-0d40e5372af3@localhost,TitForTat,D,player_63eb6a22-c7d7-4386-baa3-1bf45ef9c6a3@localhost,SuspiciousTitForTat,C,10,0,4070,4070
815,player_0821b305-f667-4cb4-856a-0d40e5372af3@localhost,TitForTat,C,player_63eb6a22-c7d7-4386-baa3-1bf45ef9c6a3@localhost,SuspiciousTitForTat,D,0,10,4070,4080
816,player_0821b305-f667-4cb4-856a-0d40e5372af3@localhost,TitForTat,D,player_63eb6a22-c7d7-4386-baa3-1bf45ef9c6a3@localhost,SuspiciousTitForTat,C,10,0,4080,4080
817,player_0821b305-f667-4cb4-856a-0d40e5372af3@localhost,TitForTat,C,player_63eb6a22-c7d7-4386-baa3-1bf45ef9c6a3@localhost,SuspiciousTitForTat,D,0,10,4080,4090
818,player_0821b305-f667-4cb4-856a-0d40e5372af3@localhost,TitForTat,D,player_63eb6a22-c7d7-4386-baa3-1bf45ef9c6a3@localhost,SuspiciousTitForTat,C,10,0,4090,4090
819,player_0821b305-f667-4cb4-856a-0d40e5372af3@localhost,TitForTat,C,player_63eb6a22-c7d7-4386-baa3-1bf45ef9c6a3@localhost,SuspiciousTitForTat,D,0,10,4090,4100
820,player_0821b305-f667-4cb4-856a-0d40e5372af3@localhost,TitForTat,D,player_63eb6a22-c7d7-4386-baa3-1bf45ef9c6a3@localhost,SuspiciousTitForTat,C,10,0,4100,4100
821,player_0821b305-f667-4cb4-856a-0d40e5372af3@localhost,TitForTat,C,player_63eb6a22-c7d7-4386-baa3-1bf45ef9c6a3@localhost,SuspiciousTitForTat,D,0,10,4100,4110
822,player_0821b305-f667-4cb4-856a-0d40e5372af3@localhost,TitForTat,D,player_63eb6a22-c7d7-4386-baa3-1bf45ef9c6a3@localhost,SuspiciousTitForTat,C,10,0,4110,4110
823,player_0821b305-f667-4cb4-856a-0d40e5372af3@localhost,TitForTat,C,player_63eb6a22-c7d7-4386-baa3-1bf45ef9c6a3@localhost,SuspiciousTitForTat,D,0,10,4110,4120
824,player_0821b305-f667-4cb4-856a-0d40e5372af3@localhost,TitForTat,D,player_63eb6a22-c7d7-4386-baa3-1bf45ef9c6a3@localhost,SuspiciousTitForTat,C,10,0,4120,4120
825,player_0821b305-f667-4cb4-856a-0d40e5372af3@localhost,TitForTat,C,player_63eb6a22-c7d7-4386-baa3-1bf45ef9c6a3@localhost,SuspiciousTitForTat,D,0,10,4120,4130
826,player_0821b305-f667-4cb4-856a-0d40e5372af3@localhost,TitForTat,D,player_63eb6a22-c7d7-4386-baa3-1bf45ef9c6a3@localhost,SuspiciousTitForTat,C,10,0,4130,4130
827,player_0821b305-f667-4cb4-856a-0d40e5372af3@localhost,TitForTat,C,player_63eb6a22-c7d7-4386-baa3-1bf45ef9c6a3@localhost,SuspiciousTitForTat,D,0,10,4130,4140
828,player_0821b305-f667-4cb4-856a-0d40e5372af3@localhost,TitForTat,D,player_63eb6a22-c7d7-4386-baa3-1bf45ef9c6a3@localhost,SuspiciousTitForTat,C,10,0,4140,4140
829,player_0821b305-f667-4cb4-856a-0d40e5372af3@localhost,TitForTat,C,player_63eb6a22-c7d7-4386-baa3-1bf45ef9c6a3@localhost,SuspiciousTitForTat,D,0,10,4140,4150
830,player_0821b305-f667-4cb4-856a-0d40e5372af3@localhost,TitForTat,D,player_63eb6a22-c7d7-4386-baa3-1bf45ef9c6a3@localhost,SuspiciousTitForTat,C,10,0,4150,4150
831,player_0821b305-f667-4cb4-856a-0d40e5372af3@localhost,TitForTat,C,player_63eb6a22-c7d7-4386-baa3-1bf45ef9c6a3@localhost,SuspiciousTitForTat,D,0,10,4150,4160
832,player_0821b305-f667-4cb4-856a-0d40e5372af3@localhost,TitForTat,D,player_63eb6a22-c7d7-4386-baa3-1bf45ef9c6a3@localhost,SuspiciousTitForTat,C,10,0,4160,4160
833,player_0821b305-f667-4cb4-856a-0d40e5372af3@localhost,TitForTat,C,player_63eb6a22-c7d7-4386-baa3-1bf45ef9c6a3@localhost,SuspiciousTitForTat,D,0,10,4160,4170
834,player_0821b305-f667-4cb4-856a-0d40e5372af3@localhost,TitForTat,D,player_63eb6a22-c7d7-4386-baa3-1bf45ef9c6a3@localhost,SuspiciousTitForTat,C,10,0,4170,4170
835,player_0821b305-f667-4cb4-856a-0d40e5372af3@localhost,TitForTat,C,player_63eb6a22-c7d7-4386-baa3-1bf45ef9c6a3@localhost,SuspiciousTitForTat,D,0,10,4170,4180
836,player_0821b305-f667-4cb4-856a-0d40e5372af3@localhost,TitForTat,D,player_63eb6a22-c7d7-4386-baa3-1bf45ef9c6a3@localhost,SuspiciousTitForTat,C,10,0,4180,4180
837,player_0821b305-f667-4cb4-856a-0d40e5372af3@localhost,TitForTat,C,player_63eb6a22-c7d7-4386-baa3-1bf45ef9c6a3@localhost,SuspiciousTitForTat,D,0,10,4180,4190
838,player_0821b305-f667-4cb4-856a-0d40e5372af3@localhost,TitForTat,D,player_63eb6a22-c7d7-4386-baa3-1bf45ef9c6a3@localhost,SuspiciousTitForTat,C,10,0,4190,4190
839,player_0821b305-f667-4cb4-856a-0d40e5372af3@localhost,TitForTat,C,player_63eb6a22-c7d7-4386-baa3-1bf45ef9c6a3@localhost,SuspiciousTitForTat,D,0,10,4190,4200
840,player_0821b305-f667-4cb4-856a-0d40e5372af3@localhost,TitForTat,D,player_63eb6a22-c7d7-4386-baa3-1bf45ef9c6a3@localhost,SuspiciousTitForTat,C,10,0,4200,4200
841,player_0821b305-f667-4cb4-856a-0d40e5372af3@localhost,TitForTat,C,player_63eb6a22-c7d7-4386-baa3-1bf45ef9c6a3@localhost,SuspiciousTitForTat,D,0,10,4200,4210
842,player_0821b305-f667-4cb4-856a-0d40e5372af3@localhost,TitForTat,D,player_63eb6a22-c7d7-4386-baa3-1bf45ef9c6a3@localhost,SuspiciousTitForTat,C,10,0,4210,4210
843,player_0821b305-f667-4cb4-856a-0d40e5372af3@localhost,TitForTat,C,player_63eb6a22-c7d7-4386-baa3-1bf45ef9c6a3@localhost,SuspiciousTitForTat,D,0,10,4210,4220
844,player_0821b305-f667-4cb4-856a-0d40e5372af3@localhost,TitForTat,D,player_63eb6a22-c7d7-4386-baa3-1bf45ef9c6a3@localhost,SuspiciousTitForTat,C,10,0,4220,4220
845,player_0821b305-f667-4cb4-856a-0d40e5372af3@localhost,TitForTat,C,player_63eb6a22-c7d7-4386-baa3-1bf45ef9c6a3@localhost,SuspiciousTitForTat,D,0,10,4220,4230
846,player_0821b305-f667-4cb4-856a-0d40e5372af3@localhost,TitForTat,D,player_63eb6a22-c7d7-4386-baa3-1bf45ef9c6a3@localhost,SuspiciousTitForTat,C,10,0,4230,4230
847,player_0821b305-f667-4cb4-856a-0d40e5372af3@localhost,TitForTat,C,player_63eb6a22-c7d7-4386-baa3-1bf45ef9c6a3@localhost,SuspiciousTitForTat,D,0,10,4230,4240
848,player_0821b305-f667-4cb4-856a-0d40e5372af3@localhost,TitForTat,D,player_63eb6a22-c7d7-4386-baa3-1bf45ef9c6a3@localhost,SuspiciousTitForTat,C,10,0,4240,4240
849,player_0821b305-f667-4cb4-856a-0d40e5372af3@localhost,TitForTat,C,player_63eb6a22-c7d7-4386-baa3-1bf45ef9c6a3@localhost,SuspiciousTitForTat,D,0,10,4240,4250
850,player_0821b305-f667-4cb4-856a-0d40e5372af3@localhost,TitForTat,D,player_63eb6a22-c7d7-4386-baa3-1bf45ef9c6a3@localhost,SuspiciousTitForTat,C,10,0,4250,4250
851,player_0821b305-f667-4cb4-856a-0d40e5372af3@localhost,TitForTat,C,player_63eb6a22-c7d7-4386-baa3-1bf45ef9c6a3@localhost,SuspiciousTitForTat,D,0,10,4250,4260
852,player_0821b305-f667-4cb4-856a-0d40e5372af3@localhost,TitForTat,D,player_63eb6a22-c7d7-4386-baa3-1bf45ef9c6a3@localhost,SuspiciousTitForTat,C,10,0,4260,4260
853,player_0821b305-f667-4cb4-856a-0d40e5372af3@localhost,TitForTat,C,player_63eb6a22-c7d7-4386-baa3-1bf45ef9c6a3@localhost,SuspiciousTitForTat,D,0,10,4260,4270
854,player_0821b305-f667-4cb4-856a-0d40e5372af3@localhost,TitForTat,D,player_63eb6a22-c7d7-4386-baa3-1bf45ef9c6a3@localhost,SuspiciousTitForTat,C,10,0,4270,4270
855,player_0821b305-f667-4cb4-856a-0d40e5372af3@localhost,TitForTat,C,player_63eb6a22-c7d7-4386-baa3-1bf45ef9c6a3@localhost,SuspiciousTitForTat,D,0,10,4270,4280
856,player_0821b305-f667-4cb4-856a-0d40e5372af3@localhost,TitForTat,D,player_63eb6a22-c7d7-4386-baa3-1bf45ef9c6a3@localhost,SuspiciousTitForTat,C,10,0,4280,4280
857,player_0821b305-f667-4cb4-856a-0d40e5372af3@localhost,TitForTat,C,player_63eb6a22-c7d7-4386-baa3-1bf45ef9c6a3@localhost,SuspiciousTitForTat,D,0,10,4280,4290
858,player_0821b305-f667-4cb4-856a-0d40e5372af3@localhost,TitForTat,D,player_63eb6a22-c7d7-4386-baa3-1bf45ef9c6a3@localhost,SuspiciousTitForTat,C,10,0,4290,4290
859,player_0821b305-f667-4cb4-856a-0d40e5372af3@localhost,TitForTat,C,player_63eb6a22-c7d7-4386-baa3-1bf45ef9c6a3@localhost,SuspiciousTitForTat,D,0,10,4290,4300
860,player_0821b305-f667-4cb4-856a-0d40e5372af3@localhost,TitForTat,D,player_63eb6a22-c7d7-4386-baa3-1bf45ef9c6a3@localhost,SuspiciousTitForTat,C,10,0,4300,4300
861,player_0821b305-f667-4cb4-856a-0d40e5372af3@localhost,TitForTat,C,player_63eb6a22-c7d7-4386-baa3-1bf45ef9c6a3@localhost,SuspiciousTitForTat,D,0,10,4300,4310
862,player_0821b305-f667-4cb4-856a-0d40e5372af3@localhost,TitForTat,D,player_63eb6a22-c7d7-4386-baa3-1bf45ef9c6a3@localhost,SuspiciousTitForTat,C,10,0,4310,4310
863,player_0821b305-f667-4cb4-856a-0d40e5372af3@localhost,TitForTat,C,player_63eb6a22-c7d7-4386-baa3-1bf45ef9c6a3@localhost,SuspiciousTitForTat,D,0,10,4310,4320
864,player_0821b305-f667-4cb4-856a-0d40e5372af3@localhost,TitForTat,D,player_63eb6a22-c7d7-4386-baa3-1bf45ef9c6a3@localhost,SuspiciousTitForTat,C,10,0,4320,4320
865,player_0821b305-f667-4cb4-856a-0d40e5372af3@localhost,TitForTat,C,player_63eb6a22-c7d7-4386-baa3-1bf45ef9c6a3@localhost,SuspiciousTitForTat,D,0,10,4320,4330
866,player_0821b305-f667-4cb4-856a-0d40e5372af3@localhost,TitForTat,D,player_63eb6a22-c7d7-4386-baa3-1bf45ef9c6a3@localhost,SuspiciousTitForTat,C,10,0,4330,4330
867,player_0821b305-f667-4cb4-856a-0d40e5372af3@localhost,TitForTat,C,player_63eb6a22-c7d7-4386-baa3-1bf45ef9c6a3@localhost,SuspiciousTitForTat,D,0,10,4330,4340
868,player_0821b305-f667-4cb4-856a-0d40e5372af3@localhost,TitForTat,D,player_63eb6a22-c7d7-4386-baa3-1bf45ef9c6a3@localhost,SuspiciousTitForTat,C,10,0,4340,4340
869,player_0821b305-f667-4cb4-856a-0d40e5372af3@localhost,TitForTat,C,player_63eb6a22-c7d7-4386-baa3-1bf45ef9c6a3@localhost,SuspiciousTitForTat,D,0,10,4340,4350
870,player_0821b305-f667-4cb4-856a-0d40e5372af3@localhost,TitForTat,D,player_63eb6a22-c7d7-4386-baa3-1bf45ef9c6a3@localhost,SuspiciousTitForTat,C,10,0,4350,4350
871,player_0821b305-f667-4cb4-856a-0d40e5372af3@localhost,TitForTat,C,player_63eb6a22-c7d7-4386-baa3-1bf45ef9c6a3@localhost,SuspiciousTitForTat,D,0,10,4350,4360
872,player_0821b305-f667-4cb4-856a-0d40e5372af3@localhost,TitForTat,D,player_63eb6a22-c7d7-4386-baa3-1bf45ef9c6a3@localhost,SuspiciousTitForTat,C,10,0,4360,4360
873,player_0821b305-f667-4cb4-856a-0d40e5372af3@localhost,TitForTat,C,player_63eb6a22-c7d7-4386-baa3-1bf45ef9c6a3@localhost,SuspiciousTitForTat,D,0,10,4360,4370
874,player_0821b305-f667-4cb4-856a-0d40e5372af3@localhost,TitForTat,D,player_63eb6a22-c7d7-4386-baa3-1bf45ef9c6a3@localhost,SuspiciousTitForTat,C,10,0,4370,4370
875,player_0821b305-f667-4cb4-856a-0d40e5372af3@localhost,TitForTat,C,player_63eb6a22-c7d7-4386-baa3-1bf45ef9c6a3@localhost,SuspiciousTitForTat,D,0,10,4370,4380
876,player_0821b305-f667-4cb4-856a-0d40e5372af3@localhost,TitForTat,D,player_63eb6a22-c7d7-4386-baa3-1bf45ef9c6a3@localhost,SuspiciousTitForTat,C,10,0,4380,4380
877,player_0821b305-f667-4cb4-856a-0d40e5372af3@localhost,TitForTat,C,player_63eb6a22-c7d7-4386-baa3-1bf45ef9c6a3@localhost,SuspiciousTitForTat,D,0,10,4380,4390
878,player_0821b305-f667-4cb4-856a-0d40e5372af3@localhost,TitForTat,D,player_63eb6a22-c7d7-4386-baa3-1bf45ef9c6a3@localhost,SuspiciousTitForTat,C,10,0,4390,4390
879,player_0821b305-f667-4cb4-856a-0d40e5372af3@localhost,TitForTat,C,player_63eb6a22-c7d7-4386-baa3-1bf45ef9c6a3@localhost,SuspiciousTitForTat,D,0,10,4390,4400
880,player_0821b305-f667-4cb4-856a-0d40e5372af3@localhost,TitForTat,D,player_63eb6a22-c7d7-4386-baa3-1bf45ef9c6a3@localhost,SuspiciousTitForTat,C,10,0,4400,4400
881,player_0821b305-f667-4cb4-856a-0d40e5372af3@localhost,TitForTat,C,player_63eb6a22-c7d7-4386-baa3-1bf45ef9c6a3@localhost,SuspiciousTitForTat,D,0,10,4400,4410
882,player_0821b305-f667-4cb4-856a-0d40e5372af3@localhost,TitForTat,D,player_63eb6a22-c7d7-4386-baa3-1bf45ef9c6a3@localhost,SuspiciousTitForTat,C,10,0,4410,4410
883,player_0821b305-f667-4cb4-856a-0d40e5372af3@localhost,TitForTat,C,player_63eb6a22-c7d7-4386-baa3-1bf45ef9c6a3@localhost,SuspiciousTitForTat,D,0,10,4410,4420
884,player_0821b305-f667-4cb4-856a-0d40e5372af3@localhost,TitForTat,D,player_63eb6a22-c7d7-4386-baa3-1bf45ef9c6a3@localhost,SuspiciousTitForTat,C,10,0,4420,4420
885,player_0821b305-f667-4cb4-856a-0d40e5372af3@localhost,TitForTat,C,player_63eb6a22-c7d7-4386-baa3-1bf45ef9c6a3@localhost,SuspiciousTitForTat,D,0,10,4420,4430
886,player_0821b305-f667-4cb4-856a-0d40e5372af3@localhost,TitForTat,D,player_63eb6a22-c7d7-4386-baa3-1bf45ef9c6a3@localhost,SuspiciousTitForTat,C,10,0,4430,4430
887,player_0821b305-f667-4cb4-856a-0d40e5372af3@localhost,TitForTat,C,player_63eb6a22-c7d7-4386-baa3-1bf45ef9c6a3@localhost,SuspiciousTitForTat,D,0,10,4430,4440
888,player_0821b305-f667-4cb4-856a-0d40e5372af3@localhost,TitForTat,D,player_63eb6a22-c7d7-4386-baa3-1bf45ef9c6a3@localhost,SuspiciousTitForTat,C,10,0,4440,4440
889,player_0821b305-f667-4cb4-856a-0d40e5372af3@localhost,TitForTat,C,player_63eb6a22-c7d7-4386-baa3-1bf45ef9c6a3@localhost,SuspiciousTitForTat,D,0,10,4440,4450
890,player_0821b305-f667-4cb4-856a-0d40e5372af3@localhost,TitForTat,D,player_63eb6a22-c7d7-4386-baa3-1bf45ef9c6a3@localhost,SuspiciousTitForTat,C,10,0,4450,4450
891,player_0821b305-f667-4cb4-856a-0d40e5372af3@localhost,TitForTat,C,player_63eb6a22-c7d7-4386-baa3-1bf45ef9c6a3@localhost,SuspiciousTitForTat,D,0,10,4450,4460
892,player_0821b305-f667-4cb4-856a-0d40e5372af3@localhost,TitForTat,D,player_63eb6a22-c7d7-4386-baa3-1bf45ef9c6a3@localhost,SuspiciousTitForTat,C,10,0,4460,4460
893,player_0821b305-f667-4cb4-856a-0d40e5372af3@localhost,TitForTat,C,player_63eb6a22-c7d7-4386-baa3-1bf45ef9c6a3@localhost,SuspiciousTitForTat,D,0,10,4460,4470
894,player_0821b305-f667-4cb4-856a-0d40e5372af3@localhost,TitForTat,D,player_63eb6a22-c7d7-4386-baa3-1bf45ef9c6a3@localhost,SuspiciousTitForTat,C,10,0,4470,4470
895,player_0821b305-f667-4cb4-856a-0d40e5372af3@localhost,TitForTat,C,player_63eb6a22-c7d7-4386-baa3-1bf45ef9c6a3@localhost,SuspiciousTitForTat,D,0,10,4470,4480
896,player_0821b305-f667-4cb4-856a-0d40e5372af3@localhost,TitForTat,D,player_63eb6a22-c7d7-4386-baa3-1bf45ef9c6a3@localhost,SuspiciousTitForTat,C,10,0,4480,4480
897,player_0821b305-f667-4cb4-856a-0d40e5372af3@localhost,TitForTat,C,player_63eb6a22-c7d7-4386-baa3-1bf45ef9c6a3@localhost,SuspiciousTitForTat,D,0,10,4480,4490
898,player_0821b305-f667-4cb4-856a-0d40e5372af3@localhost,TitForTat,D,player_63eb6a22-c7d7-4386-baa3-1bf45ef9c6a3@localhost,SuspiciousTitForTat,C,10,0,4490,4490
899,player_0821b305-f667-4cb4-856a-0d40e5372af3@localhost,TitForTat,C,player_63eb6a22-c7d7-4386-baa3-1bf45ef9c6a3@localhost,SuspiciousTitForTat,D,0,10,4490,4500
900,player_0821b305-f667-4cb4-856a-0d40e5372af3@localhost,TitForTat,D,player_63eb6a22-c7d7-4386-baa3-1bf45ef9c6a3@localhost,SuspiciousTitForTat,C,10,0,4500,4500
901,player_0821b305-f667-4cb4-856a-0d40e5372af3@localhost,TitForTat,C,player_63eb6a22-c7d7-4386-baa3-1bf45ef9c6a3@localhost,SuspiciousTitForTat,D,0,10,4500,4510
902,player_0821b305-f667-4cb4-856a-0d40e5372af3@localhost,TitForTat,D,player_63eb6a22-c7d7-4386-baa3-1bf45ef9c6a3@localhost,SuspiciousTitForTat,C,10,0,4510,4510
903,player_0821b305-f667-4cb4-856a-0d40e5372af3@localhost,TitForTat,C,player_63eb6a22-c7d7-4386-baa3-1bf45ef9c6a3@localhost,SuspiciousTitForTat,D,0,10,4510,4520
904,player_0821b305-f667-4cb4-856a-0d40e5372af3@localhost,TitForTat,D,player_63eb6a22-c7d7-4386-baa3-1bf45ef9c6a3@localhost,SuspiciousTitForTat,C,10,0,4520,4520
905,player_0821b305-f667-4cb4-856a-0d40e5372af3@localhost,TitForTat,C,player_63eb6a22-c7d7-4386-baa3-1bf45ef9c6a3@localhost,SuspiciousTitForTat,D,0,10,4520,4530
906,player_0821b305-f667-4cb4-856a-0d40e5372af3@localhost,TitForTat,D,player_63eb6a22-c7d7-4386-baa3-1bf45ef9c6a3@localhost,SuspiciousTitForTat,C,10,0,4530,4530
907,player_0821b305-f667-4cb4-856a-0d40e5372af3@localhost,TitForTat,C,player_63eb6a22-c7d7-4386-baa3-1bf45ef9c6a3@localhost,SuspiciousTitForTat,D,0,10,4530,4540
908,player_0821b305-f667-4cb4-856a-0d40e5372af3@localhost,TitForTat,D,player_63eb6a22-c7d7-4386-baa3-1bf45ef9c6a3@localhost,SuspiciousTitForTat,C,10,0,4540,4540
909,player_0821b305-f667-4cb4-856a-0d40e5372af3@localhost,TitForTat,C,player_63eb6a22-c7d7-4386-baa3-1bf45ef9c6a3@localhost,SuspiciousTitForTat,D,0,10,4540,4550
910,player_0821b305-f667-4cb4-856a-0d40e5372af3@localhost,TitForTat,D,player_63eb6a22-c7d7-4386-baa3-1bf45ef9c6a3@localhost,SuspiciousTitForTat,C,10,0,4550,4550
911,player_0821b305-f667-4cb4-856a-0d40e5372af3@localhost,TitForTat,C,player_63eb6a22-c7d7-4386-baa3-1bf45ef9c6a3@localhost,SuspiciousTitForTat,D,0,10,4550,4560
912,player_0821b305-f667-4cb4-856a-0d40e5372af3@localhost,TitForTat,D,player_63eb6a22-c7d7-4386-baa3-1bf45ef9c6a3@localhost,SuspiciousTitForTat,C,10,0,4560,4560
913,player_0821b305-f667-4cb4-856a-0d40e5372af3@localhost,TitForTat,C,player_63eb6a22-c7d7-4386-baa3-1bf45ef9c6a3@localhost,SuspiciousTitForTat,D,0,10,4560,4570
914,player_0821b305-f667-4cb4-856a-0d40e5372af3@localhost,TitForTat,D,player_63eb6a22-c7d7-4386-baa3-1bf45ef9c6a3@localhost,SuspiciousTitForTat,C,10,0,4570,4570
915,player_0821b305-f667-4cb4-856a-0d40e5372af3@localhost,TitForTat,C,player_63eb6a22-c7d7-4386-baa3-1bf45ef9c6a3@localhost,SuspiciousTitForTat,D,0,10,4570,4580
916,player_0821b305-f667-4cb4-856a-0d40e5372af3@localhost,TitForTat,D,player_63eb6a22-c7d7-4386-baa3-1bf45ef9c6a3@localhost,SuspiciousTitForTat,C,10,0,4580,4580
917,player_0821b305-f667-4cb4-856a-0d40e5372af3@localhost,TitForTat,C,player_63eb6a22-c7d7-4386-baa3-1bf45ef9c6a3@localhost,SuspiciousTitForTat,D,0,10,4580,4590
918,player_0821b305-f667-4cb4-856a-0d40e5372af3@localhost,TitForTat,D,player_63eb6a22-c7d7-4386-baa3-1bf45ef9c6a3@localhost,SuspiciousTitForTat,C,10,0,4590,4590
919,player_0821b305-f667-4cb4-856a-0d40e5372af3@localhost,TitForTat,C,player_63eb6a22-c7d7-4386-baa3-1bf45ef9c6a3@localhost,SuspiciousTitForTat,D,0,10,4590,4600
920,player_0821b305-f667-4cb4-856a-0d40e5372af3@localhost,TitForTat,D,player_63eb6a22-c7d7-4386-baa3-1bf45ef9c6a3@localhost,SuspiciousTitForTat,C,10,0,4600,4600
921,player_0821b305-f667-4cb4-856a-0d40e5372af3@localhost,TitForTat,C,player_63eb6a22-c7d7-4386-baa3-1bf45ef9c6a3@localhost,SuspiciousTitForTat,D,0,10,4600,4610
922,player_0821b305-f667-4cb4-856a-0d40e5372af3@localhost,TitForTat,D,player_63eb6a22-c7d7-4386-baa3-1bf45ef9c6a3@localhost,SuspiciousTitForTat,C,10,0,4610,4610
923,player_0821b305-f667-4cb4-856a-0d40e5372af3@localhost,TitForTat,C,player_63eb6a22-c7d7-4386-baa3-1bf45ef9c6a3@localhost,SuspiciousTitForTat,D,0,10,4610,4620
924,player_0821b305-f667-4cb4-856a-0d40e5372af3@localhost,TitForTat,D,player_63eb6a22-c7d7-4386-baa3-1bf45ef9c6a3@localhost,SuspiciousTitForTat,C,10,0,4620,4620
925,player_0821b305-f667-4cb4-856a-0d40e5372af3@localhost,TitForTat,C,player_63eb6a22-c7d7-4386-baa3-1bf45ef9c6a3@localhost,SuspiciousTitForTat,D,0,10,4620,4630
926,player_0821b305-f667-4cb4-856a-0d40e5372af3@localhost,TitForTat,D,player_63eb6a22-c7d7-4386-baa3-1bf45ef9c6a3@localhost,SuspiciousTitForTat,C,10,0,4630,4630
927,player_0821b305-f667-4cb4-856a-0d40e5372af3@localhost,TitForTat,C,player_63eb6a22-c7d7-4386-baa3-1bf45ef9c6a3@localhost,SuspiciousTitForTat,D,0,10,4630,4640
928,player_0821b305-f667-4cb4-856a-0d40e5372af3@localhost,TitForTat,D,player_63eb6a22-c7d7-4386-baa3-1bf45ef9c6a3@localhost,SuspiciousTitForTat,C,10,0,4640,4640
929,player_0821b305-f667-4cb4-856a-0d40e5372af3@localhost,TitForTat,C,player_63eb6a22-c7d7-4386-baa3-1bf45ef9c6a3@localhost,SuspiciousTitForTat,D,0,10,4640,4650
930,player_0821b305-f667-4cb4-856a-0d40e5372af3@localhost,TitForTat,D,player_63eb6a22-c7d7-4386-baa3-1bf45ef9c6a3@localhost,SuspiciousTitForTat,C,10,0,4650,4650
931,player_0821b305-f667-4cb4-856a-0d40e5372af3@localhost,TitForTat,C,player_63eb6a22-c7d7-4386-baa3-1bf45ef9c6a3@localhost,SuspiciousTitForTat,D,0,10,4650,4660
932,player_0821b305-f667-4cb4-856a-0d40e5372af3@localhost,TitForTat,D,player_63eb6a22-c7d7-4386-baa3-1bf45ef9c6a3@localhost,SuspiciousTitForTat,C,10,0,4660,4660
933,player_0821b305-f667-4cb4-856a-0d40e5372af3@localhost,TitForTat,C,player_63eb6a22-c7d7-4386-baa3-1bf45ef9c6a3@localhost,SuspiciousTitForTat,D,0,10,4660,4670
934,player_0821b305-f667-4cb4-856a-0d40e5372af3@localhost,TitForTat,D,player_63eb6a22-c7d7-4386-baa3-1bf45ef9c6a3@localhost,SuspiciousTitForTat,C,10,0,4670,4670
935,player_0821b305-f667-4cb4-856a-0d40e5372af3@localhost,TitForTat,C,player_63eb6a22-c7d7-4386-baa3-1bf45ef9c6a3@localhost,SuspiciousTitForTat,D,0,10,4670,4680
936,player_0821b305-f667-4cb4-856a-0d40e5372af3@localhost,TitForTat,D,player_63eb6a22-c7d7-4386-baa3-1bf45ef9c6a3@localhost,SuspiciousTitForTat,C,10,0,4680,4680
937,player_0821b305-f667-4cb4-856a-0d40e5372af3@localhost,TitForTat,C,player_63eb6a22-c7d7-4386-baa3-1bf45ef9c6a3@localhost,SuspiciousTitForTat,D,0,10,4680,4690
938,player_0821b305-f667-4cb4-856a-0d40e5372af3@localhost,TitForTat,D,player_63eb6a22-c7d7-4386-baa3-1bf45ef9c6a3@localhost,SuspiciousTitForTat,C,10,0,4690,4690
939,player_0821b305-f667-4cb4-856a-0d40e5372af3@localhost,TitForTat,C,player_63eb6a22-c7d7-4386-baa3-1bf45ef9c6a3@localhost,SuspiciousTitForTat,D,0,10,4690,4700
940,player_0821b305-f667-4cb4-856a-0d40e5372af3@localhost,TitForTat,D,player_63eb6a22-c7d7-4386-baa3-1bf45ef9c6a3@localhost,SuspiciousTitForTat,C,10,0,4700,4700
941,player_0821b305-f667-4cb4-856a-0d40e5372af3@localhost,TitForTat,C,player_63eb6a22-c7d7-4386-baa3-1bf45ef9c6a3@localhost,SuspiciousTitForTat,D,0,10,4700,4710
942,player_0821b305-f667-4cb4-856a-0d40e5372af3@localhost,TitForTat,D,player_63eb6a22-c7d7-4386-baa3-1bf45ef9c6a3@localhost,SuspiciousTitForTat,C,10,0,4710,4710
943,player_0821b305-f667-4cb4-856a-0d40e5372af3@localhost,TitForTat,C,player_63eb6a22-c7d7-4386-baa3-1bf45ef9c6a3@localhost,SuspiciousTitForTat,D,0,10,4710,4720
944,player_0821b305-f667-4cb4-856a-0d40e5372af3@localhost,TitForTat,D,player_63eb6a22-c7d7-4386-baa3-1bf45ef9c6a3@localhost,SuspiciousTitForTat,C,10,0,4720,4720
945,player_0821b305-f667-4cb4-856a-0d40e5372af3@localhost,TitForTat,C,player_63eb6a22-c7d7-4386-baa3-1bf45ef9c6a3@localhost,SuspiciousTitForTat,D,0,10,4720,4730
946,player_0821b305-f667-4cb4-856a-0d40e5372af3@localhost,TitForTat,D,player_63eb6a22-c7d7-4386-baa3-1bf45ef9c6a3@localhost,SuspiciousTitForTat,C,10,0,4730,4730
947,player_0821b305-f667-4cb4-856a-0d40e5372af3@localhost,TitForTat,C,player_63eb6a22-c7d7-4386-baa3-1bf45ef9c6a3@localhost,SuspiciousTitForTat,D,0,10,4730,4740
948,player_0821b305-f667-4cb4-856a-0d40e5372af3@localhost,TitForTat,D,player_63eb6a22-c7d7-4386-baa3-1bf45ef9c6a3@localhost,SuspiciousTitForTat,C,10,0,4740,4740
949,player_0821b305-f667-4cb4-856a-0d40e5372af3@localhost,TitForTat,C,player_63eb6a22-c7d7-4386-baa3-1bf45ef9c6a3@localhost,SuspiciousTitForTat,D,0,10,4740,4750
950,player_0821b305-f667-4cb4-856a-0d40e5372af3@localhost,TitForTat,D,player_63eb6a22-c7d7-4386-baa3-1bf45ef9c6a3@localhost,SuspiciousTitForTat,C,10,0,4750,4750
951,player_0821b305-f667-4cb4-856a-0d40e5372af3@localhost,TitForTat,C,player_63eb6a22-c7d7-4386-baa3-1bf45ef9c6a3@localhost,SuspiciousTitForTat,D,0,10,4750,4760
952,player_0821b305-f667-4cb4-856a-0d40e5372af3@localhost,TitForTat,D,player_63eb6a22-c7d7-4386-baa3-1bf45ef9c6a3@localhost,SuspiciousTitForTat,C,10,0,4760,4760
953,player_0821b305-f667-4cb4-856a-0d40e5372af3@localhost,TitForTat,C,player_63eb6a22-c7d7-4386-baa3-1bf45ef9c6a3@localhost,SuspiciousTitForTat,D,0,10,4760,4770
954,player_0821b305-f667-4cb4-856a-0d40e5372af3@localhost,TitForTat,D,player_63eb6a22-c7d7-4386-baa3-1bf45ef9c6a3@localhost,SuspiciousTitForTat,C,10,0,4770,4770
955,player_0821b305-f667-4cb4-856a-0d40e5372af3@localhost,TitForTat,C,player_63eb6a22-c7d7-4386-baa3-1bf45ef9c6a3@localhost,SuspiciousTitForTat,D,0,10,4770,4780
956,player_0821b305-f667-4cb4-856a-0d40e5372af3@localhost,TitForTat,D,player_63eb6a22-c7d7-4386-baa3-1bf45ef9c6a3@localhost,SuspiciousTitForTat,C,10,0,4780,4780
957,player_0821b305-f667-4cb4-856a-0d40e5372af3@localhost,TitForTat,C,player_63eb6a22-c7d7-4386-baa3-1bf45ef9c6a3@localhost,SuspiciousTitForTat,D,0,10,4780,4790
958,player_0821b305-f667-4cb4-856a-0d40e5372af3@localhost,TitForTat,D,player_63eb6a22-c7d7-4386-baa3-1bf45ef9c6a3@localhost,SuspiciousTitForTat,C,10,0,4790,4790
959,player_0821b305-f667-4cb4-856a-0d40e5372af3@localhost,TitForTat,C,player_63eb6a22-c7d7-4386-baa3-1bf45ef9c6a3@localhost,SuspiciousTitForTat,D,0,10,4790,4800
960,player_0821b305-f667-4cb4-856a-0d40e5372af3@localhost,TitForTat,D,player_63eb6a22-c7d7-4386-baa3-1bf45ef9c6a3@localhost,SuspiciousTitForTat,C,10,0,4800,4800
961,player_0821b305-f667-4cb4-856a-0d40e5372af3@localhost,TitForTat,C,player_63eb6a22-c7d7-4386-baa3-1bf45ef9c6a3@localhost,SuspiciousTitForTat,D,0,10,4800,4810
962,player_0821b305-f667-4cb4-856a-0d40e5372af3@localhost,TitForTat,D,player_63eb6a22-c7d7-4386-baa3-1bf45ef9c6a3@localhost,SuspiciousTitForTat,C,10,0,4810,4810
963,player_0821b305-f667-4cb4-856a-0d40e5372af3@localhost,TitForTat,C,player_63eb6a22-c7d7-4386-baa3-1bf45ef9c6a3@localhost,SuspiciousTitForTat,D,0,10,4810,4820
964,player_0821b305-f667-4cb4-856a-0d40e5372af3@localhost,TitForTat,D,player_63eb6a22-c7d7-4386-baa3-1bf45ef9c6a3@localhost,SuspiciousTitForTat,C,10,0,4820,4820
965,player_0821b305-f667-4cb4-856a-0d40e5372af3@localhost,TitForTat,C,player_63eb6a22-c7d7-4386-baa3-1bf45ef9c6a3@localhost,SuspiciousTitForTat,D,0,10,4820,4830
966,player_0821b305-f667-4cb4-856a-0d40e5372af3@localhost,TitForTat,D,player_63eb6a22-c7d7-4386-baa3-1bf45ef9c6a3@localhost,SuspiciousTitForTat,C,10,0,4830,4830
967,player_0821b305-f667-4cb4-856a-0d40e5372af3@localhost,TitForTat,C,player_63eb6a22-c7d7-4386-baa3-1bf45ef9c6a3@localhost,SuspiciousTitForTat,D,0,10,4830,4840
968,player_0821b305-f667-4cb4-856a-0d40e5372af3@localhost,TitForTat,D,player_63eb6a22-c7d7-4386-baa3-1bf45ef9c6a3@localhost,SuspiciousTitForTat,C,10,0,4840,4840
969,player_0821b305-f667-4cb4-856a-0d40e5372af3@localhost,TitForTat,C,player_63eb6a22-c7d7-4386-baa3-1bf45ef9c6a3@localhost,SuspiciousTitForTat,D,0,10,4840,4850
970,player_0821b305-f667-4cb4-856a-0d40e5372af3@localhost,TitForTat,D,player_63eb6a22-c7d7-4386-baa3-1bf45ef9c6a3@localhost,SuspiciousTitForTat,C,10,0,4850,4850
971,player_0821b305-f667-4cb4-856a-0d40e5372af3@localhost,TitForTat,C,player_63eb6a22-c7d7-4386-baa3-1bf45ef9c6a3@localhost,SuspiciousTitForTat,D,0,10,4850,4860
972,player_0821b305-f667-4cb4-856a-0d40e5372af3@localhost,TitForTat,D,player_63eb6a22-c7d7-4386-baa3-1bf45ef9c6a3@localhost,SuspiciousTitForTat,C,10,0,4860,4860
973,player_0821b305-f667-4cb4-856a-0d40e5372af3@localhost,TitForTat,C,player_63eb6a22-c7d7-4386-baa3-1bf45ef9c6a3@localhost,SuspiciousTitForTat,D,0,10,4860,4870
974,player_0821b305-f667-4cb4-856a-0d40e5372af3@localhost,TitForTat,D,player_63eb6a22-c7d7-4386-baa3-1bf45ef9c6a3@localhost,SuspiciousTitForTat,C,10,0,4870,4870
975,player_0821b305-f667-4cb4-856a-0d40e5372af3@localhost,TitForTat,C,player_63eb6a22-c7d7-4386-baa3-1bf45ef9c6a3@localhost,SuspiciousTitForTat,D,0,10,4870,4880
976,player_0821b305-f667-4cb4-856a-0d40e5372af3@localhost,TitForTat,D,player_63eb6a22-c7d7-4386-baa3-1bf45ef9c6a3@localhost,SuspiciousTitForTat,C,10,0,4880,4880
977,player_0821b305-f667-4cb4-856a-0d40e5372af3@localhost,TitForTat,C,player_63eb6a22-c7d7-4386-baa3-1bf45ef9c6a3@localhost,SuspiciousTitForTat,D,0,10,4880,4890
978,player_0821b305-f667-4cb4-856a-0d40e5372af3@localhost,TitForTat,D,player_63eb6a22-c7d7-4386-baa3-1bf45ef9c6a3@localhost,SuspiciousTitForTat,C,10,0,4890,4890
979,player_0821b305-f667-4cb4-856a-0d40e5372af3@localhost,TitForTat,C,player_63eb6a22-c7d7-4386-baa3-1bf45ef9c6a3@localhost,SuspiciousTitForTat,D,0,10,4890,4900
980,player_0821b305-f667-4cb4-856a-0d40e5372af3@localhost,TitForTat,D,player_63eb6a22-c7d7-4386-baa3-1bf45ef9c6a3@localhost,SuspiciousTitForTat,C,10,0,4900,4900
981,player_0821b305-f667-4cb4-856a-0d40e5372af3@localhost,TitForTat,C,player_63eb6a22-c7d7-4386-baa3-1bf45ef9c6a3@localhost,SuspiciousTitForTat,D,0,10,4900,4910
982,player_0821b305-f667-4cb4-856a-0d40e5372af3@localhost,TitForTat,D,player_63eb6a22-c7d7-4386-baa3-1bf45ef9c6a3@localhost,SuspiciousTitForTat,C,10,0,4910,4910
983,player_0821b305-f667-4cb4-856a-0d40e5372af3@localhost,TitForTat,C,player_63eb6a22-c7d7-4386-baa3-1bf45ef9c6a3@localhost,SuspiciousTitForTat,D,0,10,4910,4920
984,player_0821b305-f667-4cb4-856a-0d40e5372af3@localhost,TitForTat,D,player_63eb6a22-c7d7-4386-baa3-1bf45ef9c6a3@localhost,SuspiciousTitForTat,C,10,0,4920,4920
985,player_0821b305-f667-4cb4-856a-0d40e5372af3@localhost,TitForTat,C,player_63eb6a22-c7d7-4386-baa3-1bf45ef9c6a3@localhost,SuspiciousTitForTat,D,0,10,4920,4930
986,player_0821b305-f667-4cb4-856a-0d40e5372af3@localhost,TitForTat,D,player_63eb6a22-c7d7-4386-baa3-1bf45ef9c6a3@localhost,SuspiciousTitForTat,C,10,0,4930,4930
987,player_0821b305-f667-4cb4-856a-0d40e5372af3@localhost,TitForTat,C,player_63eb6a22-c7d7-4386-baa3-1bf45ef9c6a3@localhost,SuspiciousTitForTat,D,0,10,4930,4940
988,player_0821b305-f667-4cb4-856a-0d40e5372af3@localhost,TitForTat,D,player_63eb6a22-c7d7-4386-baa3-1bf45ef9c6a3@localhost,SuspiciousTitForTat,C,10,0,4940,4940
989,player_0821b305-f667-4cb4-856a-0d40e5372af3@localhost,TitForTat,C,player_63eb6a22-c7d7-4386-baa3-1bf45ef9c6a3@localhost,SuspiciousTitForTat,D,0,10,4940,4950
990,player_0821b305-f667-4cb4-856a-0d40e5372af3@localhost,TitForTat,D,player_63eb6a22-c7d7-4386-baa3-1bf45ef9c6a3@localhost,SuspiciousTitForTat,C,10,0,4950,4950
991,player_0821b305-f667-4cb4-856a-0d40e5372af3@localhost,TitForTat,C,player_63eb6a22-c7d7-4386-baa3-1bf45ef9c6a3@localhost,SuspiciousTitForTat,D,0,10,4950,4960
992,player_0821b305-f667-4cb4-856a-0d40e5372af3@localhost,TitForTat,D,player_63eb6a22-c7d7-4386-baa3-1bf45ef9c6a3@localhost,SuspiciousTitForTat,C,10,0,4960,4960
993,player_0821b305-f667-4cb4-856a-0d40e5372af3@localhost,TitForTat,C,player_63eb6a22-c7d7-4386-baa3-1bf45ef9c6a3@localhost,SuspiciousTitForTat,D,0,10,4960,4970
994,player_0821b305-f667-4cb4-856a-0d40e5372af3@localhost,TitForTat,D,player_63eb6a22-c7d7-4386-baa3-1bf45ef9c6a3@localhost,SuspiciousTitForTat,C,10,0,4970,4970
995,player_0821b305-f667-4cb4-856a-0d40e5372af3@localhost,TitForTat,C,player_63eb6a22-c7d7-4386-baa3-1bf45ef9c6a3@localhost,SuspiciousTitForTat,D,0,10,4970,4980
996,player_0821b305-f667-4cb4-856a-0d40e5372af3@localhost,TitForTat,D,player_63eb6a22-c7d7-4386-baa3-1bf45ef9c6a3@localhost,SuspiciousTitForTat,C,10,0,4980,4980
997,player_0821b305-f667-4cb4-856a-0d40e5372af3@localhost,TitForTat,C,player_63eb6a22-c7d7-4386-baa3-1bf45ef9c6a3@localhost,SuspiciousTitForTat,D,0,10,4980,4990
998,player_0821b305-f667-4cb4-856a-0d40e5372af3@localhost,TitForTat,D,player_63eb6a22-c7d7-4386-baa3-1bf45ef9c6a3@localhost,SuspiciousTitForTat,C,10,0,4990,4990
999,player_0821b305-f667-4cb4-856a-0d40e5372af3@localhost,TitForTat,C,player_63eb6a22-c7d7-4386-baa3-1bf45ef9c6a3@localhost,SuspiciousTitForTat,D,0,10,4990,5000
1000,player_0821b305-f667-4cb4-856a-0d40e5372af3@localhost,TitForTat,D,player_63eb6a22-c7d7-4386-baa3-1bf45ef9c6a3@localhost,SuspiciousTitForTat,C,10,0,5000,5000
,,,,,,,,,,
# AGGREGATED METRICS
# p1_jid,player_0821b305-f667-4cb4-856a-0d40e5372af3@localhost
# p2_jid,player_63eb6a22-c7d7-4386-baa3-1bf45ef9c6a3@localhost
# total_rounds,1000
# cooperation_rate_p1,0.5000
# cooperation_rate_p2,0.5000
# defection_rate_p1,0.5000
# defection_rate_p2,0.5000
# total_payoff_p1,5000
# total_payoff_p2,5000
# avg_payoff_p1,5.0000
# avg_payoff_p2,5.0000
