round,p1_jid,p1_strategy,p1_action,p2_jid,p2_strategy,p2_action,p1_payoff,p2_payoff,p1_cumulative,p2_cumulative
1,player_3f00b0bc-851d-4237-9446-d4ceb6e17319@localhost,TitForTatWithForgiveness,C,player_a9565aa4-0755-49b9-8903-cdf17a18a613@localhost,SuspiciousTitForTat,D,0,10,0,10
2,player_3f00b0bc-851d-4237-9446-d4ceb6e17319@localhost,TitForTatWithForgiveness,D,player_a9565aa4-0755-49b9-8903-cdf17a18a613@localhost,SuspiciousTitForTat,C,10,0,10,10
3,player_3f00b0bc-851d-4237-9446-d4ceb6e17319@localhost,TitForTatWithForgiveness,C,player_a9565aa4-0755-49b9-8903-cdf17a18a613@localhost,SuspiciousTitForTat,D,0,10,10,20
4,player_3f00b0bc-851d-4237-9446-d4ceb6e17319@localhost,TitForTatWithForgiveness,D,player_a9565aa4-0755-49b9-8903-cdf17a18a613@localhost,SuspiciousTitForTat,C,10,0,20,20
5,player_3f00b0bc-851d-4237-9446-d4ceb6e17319@localhost,TitForTatWithForgiveness,C,player_a9565aa4-0755-49b9-8903-cdf17a18a613@localhost,SuspiciousTitForTat,D,0,10,20,30
6,player_3f00b0bc-851d-4237-9446-d4ceb6e17319@localhost,TitForTatWithForgiveness,D,player_a9565aa4-0755-49b9-8903-cdf17a18a613@localhost,SuspiciousTitForTat,C,10,0,30,30
7,player_3f00b0bc-851d-4237-9446-d4ceb6e17319@localhost,TitForTatWithForgiveness,C,player_a9565aa4-0755-49b9-8903-cdf17a18a613@localhost,SuspiciousTitForTat,D,0,10,30,40
8,player_3f00b0bc-851d-4237-9446-d4ceb6e17319@localhost,TitForTatWithForgiveness,D,player_a9565aa4-0755-49b9-8903-cdf17a18a613@localhost,SuspiciousTitForTat,C,10,0,40,40
9,player_3f00b0bc-851d-4237-9446-d4ceb6e17319@localhost,TitForTatWithForgiveness,C,player_a9565aa4-0755-49b9-8903-cdf17a18a613@localhost,SuspiciousTitForTat,D,0,10,40,50
10,player_3f00b0bc-851d-4237-9446-d4ceb6e17319@localhost,TitForTatWithForgiveness,D,player_a9565aa4-0755-49b9-8903-cdf17a18a613@localhost,SuspiciousTitForTat,C,10,0,50,50
11,player_3f00b0bc-851d-4237-9446-d4ceb6e17319@localhost,TitForTatWithForgiveness,C,player_a9565aa4-0755-49b9-8903-cdf17a18a613@localhost,SuspiciousTitForTat,D,0,10,50,60
12,player_3f00b0bc-851d-4237-9446-d4ceb6e17319@localhost,TitForTatWithForgiveness,D,player_a9565aa4-0755-49b9-8903-cdf17a18a613@localhost,SuspiciousTitForTat,C,10,0,60,60
13,player_3f00b0bc-851d-4237-9446-d4ceb6e17319@localhost,TitForTatWithForgiveness,C,player_a9565aa4-0755-49b9-8903-cdf17a18a613@localhost,SuspiciousTitForTat,D,0,10,60,70
14,player_3f00b0bc-851d-4237-9446-d4ceb6e17319@localhost,TitForTatWithForgiveness,D,player_a9565aa4-0755-49b9-8903-cdf17a18a613@localhost,SuspiciousTitForTat,C,10,0,70,70
15,player_3f00b0bc-851d-4237-9446-d4ceb6e17319@localhost,TitForTatWithForgiveness,C,player_a9565aa4-0755-49b9-8903-cdf17a18a613@localhost,SuspiciousTitForTat,D,0,10,70,80
16,player_3f00b0bc-851d-4237-9446-d4ceb6e17319@localhost,TitForTatWithForgiveness,D,player_a9565aa4-0755-49b9-8903-cdf17a18a613@localhost,SuspiciousTitForTat,C,10,0,80,80
17,player_3f00b0bc-851d-4237-9446-d4ceb6e17319@localhost,TitForTatWithForgiveness,C,player_a9565aa4-0755-49b9-8903-cdf17a18a613@localhost,SuspiciousTitForTat,D,0,10,80,90
18,player_3f00b0bc-851d-4237-9446-d4ceb6e17319@localhost,TitForTatWithForgiveness,C,player_a9565aa4-0755-49b9-8903-cdf17a18a613@localhost,SuspiciousTitForTat,C,5,5,85,95
19,player_3f00b0bc-851d-4237-9446-d4ceb6e17319@localhost,TitForTatWithForgiveness,C,player_a9565aa4-0755-49b9-8903-cdf17a18a613@localhost,SuspiciousTitForTat,C,5,5,90,100
20,player_3f00b0bc-851d-4237-9446-d4ceb6e17319@localhost,TitForTatWithForgiveness,C,player_a9565aa4-0755-49b9-8903-cdf17a18a613@localhost,SuspiciousTitForTat,C,5,5,95,105
21,player_3f00b0bc-851d-4237-9446-d4ceb6e17319@localhost,TitForTatWithForgiveness,C,player_a9565aa4-0755-49b9-8903-cdf17a18a613@localhost,SuspiciousTitForTat,C,5,5,100,110
22,player_3f00b0bc-851d-4237-9446-d4ceb6e17319@localhost,TitForTatWithForgiveness,C,player_a9565aa4-0755-49b9-8903-cdf17a18a613@localhost,SuspiciousTitForTat,C,5,5,105,115
23,player_3f00b0bc-851d-4237-9446-d4ceb6e17319@localhost,TitForTatWithForgiveness,C,player_a9565aa4-0755-49b9-8903-cdf17a18a613@localhost,SuspiciousTitForTat,C,5,5,110,120
24,player_3f00b0bc-851d-4237-9446-d4ceb6e17319@localhost,TitForTatWithForgiveness,C,player_a9565aa4-0755-49b9-8903-cdf17a18a613@localhost,SuspiciousTitForTat,C,5,5,115,125
25,player_3f00b0bc-851d-4237-9446-d4ceb6e17319@localhost,TitForTatWithForgiveness,C,player_a9565aa4-0755-49b9-8903-cdf17a18a613@localhost,SuspiciousTitForTat,C,5,5,120,130
26,player_3f00b0bc-851d-4237-9446-d4ceb6e17319@localhost,TitForTatWithForgiveness,C,player_a9565aa4-0755-49b9-8903-cdf17a18a613@localhost,SuspiciousTitForTat,C,5,5,125,135
27,player_3f00b0bc-851d-4237-9446-d4ceb6e17319@localhost,TitForTatWithForgiveness,C,player_a9565aa4-0755-49b9-8903-cdf17a18a613@localhost,SuspiciousTitForTat,C,5,5,130,140
28,player_3f00b0bc-851d-4237-9446-d4ceb6e17319@localhost,TitForTatWithForgiveness,C,player_a9565aa4-0755-49b9-8903-cdf17a18a613@localhost,SuspiciousTitForTat,C,5,5,135,145
29,player_3f00b0bc-851d-4237-9446-d4ceb6e17319@localhost,TitForTatWithForgiveness,C,player_a9565aa4-0755-49b9-8903-cdf17a18a613@localhost,SuspiciousTitForTat,C,5,5,140,150
30,player_3f00b0bc-851d-4237-9446-d4ceb6e17319@localhost,TitForTatWithForgiveness,C,player_a9565aa4-0755-49b9-8903-cdf17a18a613@localhost,SuspiciousTitForTat,C,5,5,145,155
31,player_3f00b0bc-851d-4237-9446-d4ceb6e17319@localhost,TitForTatWithForgiveness,C,player_a9565aa4-0755-49b9-8903-cdf17a18a613@localhost,SuspiciousTitForTat,C,5,5,150,160
32,player_3f00b0bc-851d-4237-9446-d4ceb6e17319@localhost,TitForTatWithForgiveness,C,player_a9565aa4-0755-49b9-8903-cdf17a18a613@localhost,SuspiciousTitForTat,C,5,5,155,165
33,player_3f00b0bc-851d-4237-9446-d4ceb6e17319@localhost,TitForTatWithForgiveness,C,player_a9565aa4-0755-49b9-8903-cdf17a18a613@localhost,SuspiciousTitForTat,C,5,5,160,170
34,player_3f00b0bc-851d-4237-9446-d4ceb6e17319@localhost,TitForTatWithForgiveness,C,player_a9565aa4-0755-49b9-8903-cdf17a18a613@localhost,SuspiciousTitForTat,C,5,5,165,175
35,player_3f00b0bc-851d-4237-9446-d4ceb6e17319@localhost,TitForTatWithForgiveness,C,player_a9565aa4-0755-49b9-8903-cdf17a18a613@localhost,SuspiciousTitForTat,C,5,5,170,180
36,player_3f00b0bc-851d-4237-9446-d4ceb6e17319@localhost,TitForTatWithForgiveness,C,player_a9565aa4-0755-49b9-8903-cdf17a18a613@localhost,SuspiciousTitForTat,C,5,5,175,185
37,player_3f00b0bc-851d-4237-9446-d4ceb6e17319@localhost,TitForTatWithForgiveness,C,player_a9565aa4-0755-49b9-8903-cdf17a18a613@localhost,SuspiciousTitForTat,C,5,5,180,190
38,player_3f00b0bc-851d-4237-9446-d4ceb6e17319@localhost,TitForTatWithForgiveness,C,player_a9565aa4-0755-49b9-8903-cdf17a18a613@localhost,SuspiciousTitForTat,C,5,5,185,195
39,player_3f00b0bc-851d-4237-9446-d4ceb6e17319@localhost,TitForTatWithForgiveness,C,player_a9565aa4-0755-49b9-8903-cdf17a18a613@localhost,SuspiciousTitForTat,C,5,5,190,200
40,player_3f00b0bc-851d-4237-9446-d4ceb6e17319@localhost,TitForTatWithForgiveness,C,player_a9565aa4-0755-49b9-8903-cdf17a18a613@localhost,SuspiciousTitForTat,C,5,5,195,205
41,player_3f00b0bc-851d-4237-9446-d4ceb6e17319@localhost,TitForTatWithForgiveness,C,player_a9565aa4-0755-49b9-8903-cdf17a18a613@localhost,SuspiciousTitForTat,C,5,5,200,210
42,player_3f00b0bc-851d-4237-9446-d4ceb6e17319@localhost,TitForTatWithForgiveness,C,player_a9565aa4-0755-49b9-8903-cdf17a18a613@localhost,SuspiciousTitForTat,C,5,5,205,215
43,player_3f00b0bc-851d-4237-9446-d4ceb6e17319@localhost,TitForTatWithForgiveness,C,player_a9565aa4-0755-49b9-8903-cdf17a18a613@localhost,SuspiciousTitForTat,C,5,5,210,220
44,player_3f00b0bc-851d-4237-9446-d4ceb6e17319@localhost,TitForTatWithForgiveness,C,player_a9565aa4-0755-49b9-8903-cdf17a18a613@localhost,SuspiciousTitForTat,C,5,5,215,225
45,player_3f00b0bc-851d-4237-9446-d4ceb6e17319@localhost,TitForTatWithForgiveness,C,player_a9565aa4-0755-49b9-8903-cdf17a18a613@localhost,SuspiciousTitForTat,C,5,5,220,230
46,player_3f00b0bc-851d-4237-9446-d4ceb6e17319@localhost,TitForTatWithForgiveness,C,player_a9565aa4-0755-49b9-8903-cdf17a18a613@localhost,SuspiciousTitForTat,C,5,5,225,235
47,player_3f00b0bc-851d-4237-9446-d4ceb6e17319@localhost,TitForTatWithForgiveness,C,player_a9565aa4-0755-49b9-8903-cdf17a18a613@localhost,SuspiciousTitForTat,C,5,5,230,240
48,player_3f00b0bc-851d-4237-9446-d4ceb6e17319@localhost,TitForTatWithForgiveness,C,player_a9565aa4-0755-49b9-8903-cdf17a18a613@localhost,SuspiciousTitForTat,C,5,5,235,245
49,player_3f00b0bc-851d-4237-9446-d4ceb6e17319@localhost,TitForTatWithForgiveness,C,player_a9565aa4-0755-49b9-8903-cdf17a18a613@localhost,SuspiciousTitForTat,C,5,5,240,250
50,player_3f00b0bc-851d-4237-9446-d4ceb6e17319@localhost,TitForTatWithForgiveness,C,player_a9565aa4-0755-49b9-8903-cdf17a18a613@localhost,SuspiciousTitForTat,C,5,5,245,255
51,player_3f00b0bc-851d-4237-9446-d4ceb6e17319@localhost,TitForTatWithForgiveness,C,player_a9565aa4-0755-49b9-8903-cdf17a18a613@localhost,SuspiciousTitForTat,C,5,5,250,260
52,player_3f00b0bc-851d-4237-9446-d4ceb6e17319@localhost,TitForTatWithForgiveness,C,player_a9565aa4-0755-49b9-8903-cdf17a18a613@localhost,SuspiciousTitForTat,C,5,5,255,265
53,player_3f00b0bc-851d-4237-9446-d4ceb6e17319@localhost,TitForTatWithForgiveness,C,player_a9565aa4-0755-49b9-8903-cdf17a18a613@localhost,SuspiciousTitForTat,C,5,5,260,270
54,player_3f00b0bc-851d-4237-9446-d4ceb6e17319@localhost,TitForTatWithForgiveness,C,player_a9565aa4-0755-49b9-8903-cdf17a18a613@localhost,SuspiciousTitForTat,C,5,5,265,275
55,player_3f00b0bc-851d-4237-9446-d4ceb6e17319@localhost,TitForTatWithForgiveness,C,player_a9565aa4-0755-49b9-8903-cdf17a18a613@localhost,SuspiciousTitForTat,C,5,5,270,280
56,player_3f00b0bc-851d-4237-9446-d4ceb6e17319@localhost,TitForTatWithForgiveness,C,player_a9565aa4-0755-49b9-8903-cdf17a18a613@localhost,SuspiciousTitForTat,C,5,5,275,285
57,player_3f00b0bc-851d-4237-9446-d4ceb6e17319@localhost,TitForTatWithForgiveness,C,player_a9565aa4-0755-49b9-8903-cdf17a18a613@localhost,SuspiciousTitForTat,C,5,5,280,290
58,player_3f00b0bc-851d-4237-9446-d4ceb6e17319@localhost,TitForTatWithForgiveness,C,player_a9565aa4-0755-49b9-8903-cdf17a18a613@localhost,SuspiciousTitForTat,C,5,5,285,295
59,player_3f00b0bc-851d-4237-9446-d4ceb6e17319@localhost,TitForTatWithForgiveness,C,player_a9565aa4-0755-49b9-8903-cdf17a18a613@localhost,SuspiciousTitForTat,C,5,5,290,300
60,player_3f00b0bc-851d-4237-9446-d4ceb6e17319@localhost,TitForTatWithForgiveness,C,player_a9565aa4-0755-49b9-8903-cdf17a18a613@localhost,SuspiciousTitForTat,C,5,5,295,305
61,player_3f00b0bc-851d-4237-9446-d4ceb6e17319@localhost,TitForTatWithForgiveness,C,player_a9565aa4-0755-49b9-8903-cdf17a18a613@localhost,SuspiciousTitForTat,C,5,5,300,310
62,player_3f00b0bc-851d-4237-9446-d4ceb6e17319@localhost,TitForTatWithForgiveness,C,player_a9565aa4-0755-49b9-8903-cdf17a18a613@localhost,SuspiciousTitForTat,C,5,5,305,315
63,player_3f00b0bc-851d-4237-9446-d4ceb6e17319@localhost,TitForTatWithForgiveness,C,player_a9565aa4-0755-49b9-8903-cdf17a18a613@localhost,SuspiciousTitForTat,C,5,5,310,320
64,player_3f00b0bc-851d-4237-9446-d4ceb6e17319@localhost,TitForTatWithForgiveness,C,player_a9565aa4-0755-49b9-8903-cdf17a18a613@localhost,SuspiciousTitForTat,C,5,5,315,325
65,player_3f00b0bc-851d-4237-9446-d4ceb6e17319@localhost,TitForTatWithForgiveness,C,player_a9565aa4-0755-49b9-8903-cdf17a18a613@localhost,SuspiciousTitForTat,C,5,5,320,330
66,player_3f00b0bc-851d-4237-9446-d4ceb6e17319@localhost,TitForTatWithForgiveness,C,player_a9565aa4-0755-49b9-8903-cdf17a18a613@localhost,SuspiciousTitForTat,C,5,5,325,335
67,player_3f00b0bc-851d-4237-9446-d4ceb6e17319@localhost,TitForTatWithForgiveness,C,player_a9565aa4-0755-49b9-8903-cdf17a18a613@localhost,SuspiciousTitForTat,C,5,5,330,340
68,player_3f00b0bc-851d-4237-9446-d4ceb6e17319@localhost,TitForTatWithForgiveness,C,player_a9565aa4-0755-49b9-8903-cdf17a18a613@localhost,SuspiciousTitForTat,C,5,5,335,345
69,player_3f00b0bc-851d-4237-9446-d4ceb6e17319@localhost,TitForTatWithForgiveness,C,player_a9565aa4-0755-49b9-8903-cdf17a18a613@localhost,SuspiciousTitForTat,C,5,5,340,350
70,player_3f00b0bc-851d-4237-9446-d4ceb6e17319@localhost,TitForTatWithForgiveness,C,player_a9565aa4-0755-49b9-8903-cdf17a18a613@localhost,SuspiciousTitForTat,C,5,5,345,355
71,player_3f00b0bc-851d-4237-9446-d4ceb6e17319@localhost,TitForTatWithForgiveness,C,player_a9565aa4-0755-49b9-8903-cdf17a18a613@localhost,SuspiciousTitForTat,C,5,5,350,360
72,player_3f00b0bc-851d-4237-9446-d4ceb6e17319@localhost,TitForTatWithForgiveness,C,player_a9565aa4-0755-49b9-8903-cdf17a18a613@localhost,SuspiciousTitForTat,C,5,5,355,365
73,player_3f00b0bc-851d-4237-9446-d4ceb6e17319@localhost,TitForTatWithForgiveness,C,player_a9565aa4-0755-49b9-8903-cdf17a18a613@localhost,SuspiciousTitForTat,C,5,5,360,370
74,player_3f00b0bc-851d-4237-9446-d4ceb6e17319@localhost,TitForTatWithForgiveness,C,player_a9565aa4-0755-49b9-8903-cdf17a18a613@localhost,SuspiciousTitForTat,C,5,5,365,375
75,player_3f00b0bc-851d-4237-9446-d4ceb6e17319@localhost,TitForTatWithForgiveness,C,player_a9565aa4-0755-49b9-8903-cdf17a18a613@localhost,SuspiciousTitForTat,C,5,5,370,380
76,player_3f00b0bc-851d-4237-9446-d4ceb6e17319@localhost,TitForTatWithForgiveness,C,player_a9565aa4-0755-49b9-8903-cdf17a18a613@localhost,SuspiciousTitForTat,C,5,5,375,385
77,player_3f00b0bc-851d-4237-9446-d4ceb6e17319@localhost,TitForTatWithForgiveness,C,player_a9565aa4-0755-49b9-8903-cdf17a18a613@localhost,SuspiciousTitForTat,C,5,5,380,390
78,player_3f00b0bc-851d-4237-9446-d4ceb6e17319@localhost,TitForTatWithForgiveness,C,player_a9565aa4-0755-49b9-8903-cdf17a18a613@localhost,SuspiciousTitForTat,C,5,5,385,395
79,player_3f00b0bc-851d-4237-9446-d4ceb6e17319@localhost,TitForTatWithForgiveness,C,player_a9565aa4-0755-49b9-8903-cdf17a18a613@localhost,SuspiciousTitForTat,C,5,5,390,400
80,player_3f00b0bc-851d-4237-9446-d4ceb6e17319@localhost,TitForTatWithForgiveness,C,player_a9565aa4-0755-49b9-8903-cdf17a18a613@localhost,SuspiciousTitForTat,C,5,5,395,405
81,player_3f00b0bc-851d-4237-9446-d4ceb6e17319@localhost,TitForTatWithForgiveness,C,player_a9565aa4-0755-49b9-8903-cdf17a18a613@localhost,SuspiciousTitForTat,C,5,5,400,410
82,player_3f00b0bc-851d-4237-9446-d4ceb6e17319@localhost,TitForTatWithForgiveness,C,player_a9565aa4-0755-49b9-8903-cdf17a18a613@localhost,SuspiciousTitForTat,C,5,5,405,415
83,player_3f00b0bc-851d-4237-9446-d4ceb6e17319@localhost,TitForTatWithForgiveness,C,player_a9565aa4-0755-49b9-8903-cdf17a18a613@localhost,SuspiciousTitForTat,C,5,5,410,420
84,player_3f00b0bc-851d-4237-9446-d4ceb6e17319@localhost,TitForTatWithForgiveness,C,player_a9565aa4-0755-49b9-8903-cdf17a18a613@localhost,SuspiciousTitForTat,C,5,5,415,425
85,player_3f00b0bc-851d-4237-9446-d4ceb6e17319@localhost,TitForTatWithForgiveness,C,player_a9565aa4-0755-49b9-8903-cdf17a18a613@localhost,SuspiciousTitForTat,C,5,5,420,430
86,player_3f00b0bc-851d-4237-9446-d4ceb6e17319@localhost,TitForTatWithForgiveness,C,player_a9565aa4-0755-49b9-8903-cdf17a18a613@localhost,SuspiciousTitForTat,C,5,5,425,435
87,player_3f00b0bc-851d-4237-9446-d4ceb6e17319@localhost,TitForTatWithForgiveness,C,player_a9565aa4-0755-49b9-8903-cdf17a18a613@localhost,SuspiciousTitForTat,C,5,5,430,440
88,player_3f00b0bc-851d-4237-9446-d4ceb6e17319@localhost,TitForTatWithForgiveness,C,player_a9565aa4-0755-49b9-8903-cdf17a18a613@localhost,SuspiciousTitForTat,C,5,5,435,445
89,player_3f00b0bc-851d-4237-9446-d4ceb6e17319@localhost,TitForTatWithForgiveness,C,player_a9565aa4-0755-49b9-8903-cdf17a18a613@localhost,SuspiciousTitForTat,C,5,5,440,450
90,player_3f00b0bc-851d-4237-9446-d4ceb6e17319@localhost,TitForTatWithForgiveness,C,player_a9565aa4-0755-49b9-8903-cdf17a18a613@localhost,SuspiciousTitForTat,C,5,5,445,455
91,player_3f00b0bc-851d-4237-9446-d4ceb6e17319@localhost,TitForTatWithForgiveness,C,player_a9565aa4-0755-49b9-8903-cdf17a18a613@localhost,SuspiciousTitForTat,C,5,5,450,460
92,player_3f00b0bc-851d-4237-9446-d4ceb6e17319@localhost,TitForTatWithForgiveness,C,player_a9565aa4-0755-49b9-8903-cdf17a18a613@localhost,SuspiciousTitForTat,C,5,5,455,465
93,player_3f00b0bc-851d-4237-9446-d4ceb6e17319@localhost,TitForTatWithForgiveness,C,player_a9565aa4-0755-49b9-8903-cdf17a18a613@localhost,SuspiciousTitForTat,C,5,5,460,470
94,player_3f00b0bc-851d-4237-9446-d4ceb6e17319@localhost,TitForTatWithForgiveness,C,player_a9565aa4-0755-49b9-8903-cdf17a18a613@localhost,SuspiciousTitForTat,C,5,5,465,475
95,player_3f00b0bc-851d-4237-9446-d4ceb6e17319@localhost,TitForTatWithForgiveness,C,player_a9565aa4-0755-49b9-8903-cdf17a18a613@localhost,SuspiciousTitForTat,C,5,5,470,480
96,player_3f00b0bc-851d-4237-9446-d4ceb6e17319@localhost,TitForTatWithForgiveness,C,player_a9565aa4-0755-49b9-8903-cdf17a18a613@localhost,SuspiciousTitForTat,C,5,5,475,485
97,player_3f00b0bc-851d-4237-9446-d4ceb6e17319@localhost,TitForTatWithForgiveness,C,player_a9565aa4-0755-49b9-8903-cdf17a18a613@localhost,SuspiciousTitForTat,C,5,5,480,490
98,player_3f00b0bc-851d-4237-9446-d4ceb6e17319@localhost,TitForTatWithForgiveness,C,player_a9565aa4-0755-49b9-8903-cdf17a18a613@localhost,SuspiciousTitForTat,C,5,5,485,495
99,player_3f00b0bc-851d-4237-9446-d4ceb6e17319@localhost,TitForTatWithForgiveness,C,player_a9565aa4-0755-49b9-8903-cdf17a18a613@localhost,SuspiciousTitForTat,C,5,5,490,500
100,player_3f00b0bc-851d-4237-9446-d4ceb6e17319@localhost,TitForTatWithForgiveness,C,player_a9565aa4-0755-49b9-8903-cdf17a18a613@localhost,SuspiciousTitForTat,C,5,5,495,505
101,player_3f00b0bc-851d-4237-9446-d4ceb6e17319@localhost,TitForTatWithForgiveness,C,player_a9565aa4-0755-49b9-8903-cdf17a18a613@localhost,SuspiciousTitForTat,C,5,5,500,510
102,player_3f00b0bc-851d-4237-9446-d4ceb6e17319@localhost,TitForTatWithForgiveness,C,player_a9565aa4-0755-49b9-8903-cdf17a18a613@localhost,SuspiciousTitForTat,C,5,5,505,515
103,player_3f00b0bc-851d-4237-9446-d4ceb6e17319@localhost,TitForTatWithForgiveness,C,player_a9565aa4-0755-49b9-8903-cdf17a18a613@localhost,SuspiciousTitForTat,C,5,5,510,520
104,player_3f00b0bc-851d-4237-9446-d4ceb6e17319@localhost,TitForTatWithForgiveness,C,player_a9565aa4-0755-49b9-8903-cdf17a18a613@localhost,SuspiciousTitForTat,C,5,5,515,525
105,player_3f00b0bc-851d-4237-9446-d4ceb6e17319@localhost,TitForTatWithForgiveness,C,player_a9565aa4-0755-49b9-8903-cdf17a18a613@localhost,SuspiciousTitForTat,C,5,5,520,530
106,player_3f00b0bc-851d-4237-9446-d4ceb6e17319@localhost,TitForTatWithForgiveness,C,player_a9565aa4-0755-49b9-8903-cdf17a18a613@localhost,SuspiciousTitForTat,C,5,5,525,535
107,player_3f00b0bc-851d-4237-9446-d4ceb6e17319@localhost,TitForTatWithForgiveness,C,player_a9565aa4-0755-49b9-8903-cdf17a18a613@localhost,SuspiciousTitForTat,C,5,5,530,540
108,player_3f00b0bc-851d-4237-9446-d4ceb6e17319@localhost,TitForTatWithForgiveness,C,player_a9565aa4-0755-49b9-8903-cdf17a18a613@localhost,SuspiciousTitForTat,C,5,5,535,545
109,player_3f00b0bc-851d-4237-9446-d4ceb6e17319@localhost,TitForTatWithForgiveness,C,player_a9565aa4-0755-49b9-8903-cdf17a18a613@localhost,SuspiciousTitForTat,C,5,5,540,550
110,player_3f00b0bc-851d-4237-9446-d4ceb6e17319@localhost,TitForTatWithForgiveness,C,player_a9565aa4-0755-49b9-8903-cdf17a18a613@localhost,SuspiciousTitForTat,C,5,5,545,555
111,player_3f00b0bc-851d-4237-9446-d4ceb6e17319@localhost,TitForTatWithForgiveness,C,player_a9565aa4-0755-49b9-8903-cdf17a18a613@localhost,SuspiciousTitForTat,C,5,5,550,560
112,player_3f00b0bc-851d-4237-9446-d4ceb6e17319@localhost,TitForTatWithForgiveness,C,player_a9565aa4-0755-49b9-8903-cdf17a18a613@localhost,SuspiciousTitForTat,C,5,5,555,565
113,player_3f00b0bc-851d-4237-9446-d4ceb6e17319@localhost,TitForTatWithForgiveness,C,player_a9565aa4-0755-49b9-8903-cdf17a18a613@localhost,SuspiciousTitForTat,C,5,5,560,570
114,player_3f00b0bc-851d-4237-9446-d4ceb6e17319@localhost,TitForTatWithForgiveness,C,player_a9565aa4-0755-49b9-8903-cdf17a18a613@localhost,SuspiciousTitForTat,C,5,5,565,575
115,player_3f00b0bc-851d-4237-9446-d4ceb6e17319@localhost,TitForTatWithForgiveness,C,player_a9565aa4-0755-49b9-8903-cdf17a18a613@localhost,SuspiciousTitForTat,C,5,5,570,580
116,player_3f00b0bc-851d-4237-9446-d4ceb6e17319@localhost,TitForTatWithForgiveness,C,player_a9565aa4-0755-49b9-8903-cdf17a18a613@localhost,SuspiciousTitForTat,C,5,5,575,585
117,player_3f00b0bc-851d-4237-9446-d4ceb6e17319@localhost,TitForTatWithForgiveness,C,player_a9565aa4-0755-49b9-8903-cdf17a18a613@localhost,SuspiciousTitForTat,C,5,5,580,590
118,player_3f00b0bc-851d-4237-9446-d4ceb6e17319@localhost,TitForTatWithForgiveness,C,player_a9565aa4-0755-49b9-8903-cdf17a18a613@localhost,SuspiciousTitForTat,C,5,5,585,595
119,player_3f00b0bc-851d-4237-9446-d4ceb6e17319@localhost,TitForTatWithForgiveness,C,player_a9565aa4-0755-49b9-8903-cdf17a18a613@localhost,SuspiciousTitForTat,C,5,5,590,600
120,player_3f00b0bc-851d-4237-9446-d4ceb6e17319@localhost,TitForTatWithForgiveness,C,player_a9565aa4-0755-49b9-8903-cdf17a18a613@localhost,SuspiciousTitForTat,C,5,5,595,605
121,player_3f00b0bc-851d-4237-9446-d4ceb6e17319@localhost,TitForTatWithForgiveness,C,player_a9565aa4-0755-49b9-8903-cdf17a18a613@localhost,SuspiciousTitForTat,C,5,5,600,610
122,player_3f00b0bc-851d-4237-9446-d4ceb6e17319@localhost,TitForTatWithForgiveness,C,player_a9565aa4-0755-49b9-8903-cdf17a18a613@localhost,SuspiciousTitForTat,C,5,5,605,615
123,player_3f00b0bc-851d-4237-9446-d4ceb6e17319@localhost,TitForTatWithForgiveness,C,player_a9565aa4-0755-49b9-8903-cdf17a18a613@localhost,SuspiciousTitForTat,C,5,5,610,620
124,player_3f00b0bc-851d-4237-9446-d4ceb6e17319@localhost,TitForTatWithForgiveness,C,player_a9565aa4-0755-49b9-8903-cdf17a18a613@localhost,SuspiciousTitForTat,C,5,5,615,625
125,player_3f00b0bc-851d-4237-9446-d4ceb6e17319@localhost,TitForTatWithForgiveness,C,player_a9565aa4-0755-49b9-8903-cdf17a18a613@localhost,SuspiciousTitForTat,C,5,5,620,630
126,player_3f00b0bc-851d-4237-9446-d4ceb6e17319@localhost,TitForTatWithForgiveness,C,player_a9565aa4-0755-49b9-8903-cdf17a18a613@localhost,SuspiciousTitForTat,C,5,5,625,635
127,player_3f00b0bc-851d-4237-9446-d4ceb6e17319@localhost,TitForTatWithForgiveness,C,player_a9565aa4-0755-49b9-8903-cdf17a18a613@localhost,SuspiciousTitForTat,C,5,5,630,640
128,player_3f00b0bc-851d-4237-9446-d4ceb6e17319@localhost,TitForTatWithForgiveness,C,player_a9565aa4-0755-49b9-8903-cdf17a18a613@localhost,SuspiciousTitForTat,C,5,5,635,645
129,player_3f00b0bc-851d-4237-9446-d4ceb6e17319@localhost,TitForTatWithForgiveness,C,player_a9565aa4-0755-49b9-8903-cdf17a18a613@localhost,SuspiciousTitForTat,C,5,5,640,650
130,player_3f00b0bc-851d-4237-9446-d4ceb6e17319@localhost,TitForTatWithForgiveness,C,player_a9565aa4-0755-49b9-8903-cdf17a18a613@localhost,SuspiciousTitForTat,C,5,5,645,655
131,player_3f00b0bc-851d-4237-9446-d4ceb6e17319@localhost,TitForTatWithForgiveness,C,player_a9565aa4-0755-49b9-8903-cdf17a18a613@localhost,SuspiciousTitForTat,C,5,5,650,660
132,player_3f00b0bc-851d-4237-9446-d4ceb6e17319@localhost,TitForTatWithForgiveness,C,player_a9565aa4-0755-49b9-8903-cdf17a18a613@localhost,SuspiciousTitForTat,C,5,5,655,665
133,player_3f00b0bc-851d-4237-9446-d4ceb6e17319@localhost,TitForTatWithForgiveness,C,player_a9565aa4-0755-49b9-8903-cdf17a18a613@localhost,SuspiciousTitForTat,C,5,5,660,670
134,player_3f00b0bc-851d-4237-9446-d4ceb6e17319@localhost,TitForTatWithForgiveness,C,player_a9565aa4-0755-49b9-8903-cdf17a18a613@localhost,SuspiciousTitForTat,C,5,5,665,675
135,player_3f00b0bc-851d-4237-9446-d4ceb6e17319@localhost,TitForTatWithForgiveness,C,player_a9565aa4-0755-49b9-8903-cdf17a18a613@localhost,SuspiciousTitForTat,C,5,5,670,680
136,player_3f00b0bc-851d-4237-9446-d4ceb6e17319@localhost,TitForTatWithForgiveness,C,player_a9565aa4-0755-49b9-8903-cdf17a18a613@localhost,SuspiciousTitForTat,C,5,5,675,685
137,player_3f00b0bc-851d-4237-9446-d4ceb6e17319@localhost,TitForTatWithForgiveness,C,player_a9565aa4-0755-49b9-8903-cdf17a18a613@localhost,SuspiciousTitForTat,C,5,5,680,690
138,player_3f00b0bc-851d-4237-9446-d4ceb6e17319@localhost,TitForTatWithForgiveness,C,player_a9565aa4-0755-49b9-8903-cdf17a18a613@localhost,SuspiciousTitForTat,C,5,5,685,695
139,player_3f00b0bc-851d-4237-9446-d4ceb6e17319@localhost,TitForTatWithForgiveness,C,player_a9565aa4-0755-49b9-8903-cdf17a18a613@localhost,SuspiciousTitForTat,C,5,5,690,700
140,player_3f00b0bc-851d-4237-9446-d4ceb6e17319@localhost,TitForTatWithForgiveness,C,player_a9565aa4-0755-49b9-8903-cdf17a18a613@localhost,SuspiciousTitForTat,C,5,5,695,705
141,player_3f00b0bc-851d-4237-9446-d4ceb6e17319@localhost,TitForTatWithForgiveness,C,player_a9565aa4-0755-49b9-8903-cdf17a18a613@localhost,SuspiciousTitForTat,C,5,5,700,710
142,player_3f00b0bc-851d-4237-9446-d4ceb6e17319@localhost,TitForTatWithForgiveness,C,player_a9565aa4-0755-49b9-8903-cdf17a18a613@localhost,SuspiciousTitForTat,C,5,5,705,715
143,player_3f00b0bc-851d-4237-9446-d4ceb6e17319@localhost,TitForTatWithForgiveness,C,player_a9565aa4-0755-49b9-8903-cdf17a18a613@localhost,SuspiciousTitForTat,C,5,5,710,720
144,player_3f00b0bc-851d-4237-9446-d4ceb6e17319@localhost,TitForTatWithForgiveness,C,player_a9565aa4-0755-49b9-8903-cdf17a18a613@localhost,SuspiciousTitForTat,C,5,5,715,725
145,player_3f00b0bc-851d-4237-9446-d4ceb6e17319@localhost,TitForTatWithForgiveness,C,player_a9565aa4-0755-49b9-8903-cdf17a18a613@localhost,SuspiciousTitForTat,C,5,5,720,730
146,player_3f00b0bc-851d-4237-9446-d4ceb6e17319@localhost,TitForTatWithForgiveness,C,player_a9565aa4-0755-49b9-8903-cdf17a18a613@localhost,SuspiciousTitForTat,C,5,5,725,735
147,player_3f00b0bc-851d-4237-9446-d4ceb6e17319@localhost,TitForTatWithForgiveness,C,player_a9565aa4-0755-49b9-8903-cdf17a18a613@localhost,SuspiciousTitForTat,C,5,5,730,740
148,player_3f00b0bc-851d-4237-9446-d4ceb6e17319@localhost,TitForTatWithForgiveness,C,player_a9565aa4-0755-49b9-8903-cdf17a18a613@localhost,SuspiciousTitForTat,C,5,5,735,745
149,player_3f00b0bc-851d-4237-9446-d4ceb6e17319@localhost,TitForTatWithForgiveness,C,player_a9565aa4-0755-49b9-8903-cdf17a18a613@localhost,SuspiciousTitForTat,C,5,5,740,750
150,player_3f00b0bc-851d-4237-9446-d4ceb6e17319@localhost,TitForTatWithForgiveness,C,player_a9565aa4-0755-49b9-8903-cdf17a18a613@localhost,SuspiciousTitForTat,C,5,5,745,755
151,player_3f00b0bc-851d-4237-9446-d4ceb6e17319@localhost,TitForTatWithForgiveness,C,player_a9565aa4-0755-49b9-8903-cdf17a18a613@localhost,SuspiciousTitForTat,C,5,5,750,760
152,player_3f00b0bc-851d-4237-9446-d4ceb6e17319@localhost,TitForTatWithForgiveness,C,player_a9565aa4-0755-49b9-8903-cdf17a18a613@localhost,SuspiciousTitForTat,C,5,5,755,765
153,player_3f00b0bc-851d-4237-9446-d4ceb6e17319@localhost,TitForTatWithForgiveness,C,player_a9565aa4-0755-49b9-8903-cdf17a18a613@localhost,SuspiciousTitForTat,C,5,5,760,770
154,player_3f00b0bc-851d-4237-9446-d4ceb6e17319@localhost,TitForTatWithForgiveness,C,player_a9565aa4-0755-49b9-8903-cdf17a18a613@localhost,SuspiciousTitForTat,C,5,5,765,775
155,player_3f00b0bc-851d-4237-9446-d4ceb6e17319@localhost,TitForTatWithForgiveness,C,player_a9565aa4-0755-49b9-8903-cdf17a18a613@localhost,SuspiciousTitForTat,C,5,5,770,780
156,player_3f00b0bc-851d-4237-9446-d4ceb6e17319@localhost,TitForTatWithForgiveness,C,player_a9565aa4-0755-49b9-8903-cdf17a18a613@localhost,SuspiciousTitForTat,C,5,5,775,785
157,player_3f00b0bc-851d-4237-9446-d4ceb6e17319@localhost,TitForTatWithForgiveness,C,player_a9565aa4-0755-49b9-8903-cdf17a18a613@localhost,SuspiciousTitForTat,C,5,5,780,790
158,player_3f00b0bc-851d-4237-9446-d4ceb6e17319@localhost,TitForTatWithForgiveness,C,player_a9565aa4-0755-49b9-8903-cdf17a18a613@localhost,SuspiciousTitForTat,C,5,5,785,795
159,player_3f00b0bc-851d-4237-9446-d4ceb6e17319@localhost,TitForTatWithForgiveness,C,player_a9565aa4-0755-49b9-8903-cdf17a18a613@localhost,SuspiciousTitForTat,C,5,5,790,800
160,player_3f00b0bc-851d-4237-9446-d4ceb6e17319@localhost,TitForTatWithForgiveness,C,player_a9565aa4-0755-49b9-8903-cdf17a18a613@localhost,SuspiciousTitForTat,C,5,5,795,805
161,player_3f00b0bc-851d-4237-9446-d4ceb6e17319@localhost,TitForTatWithForgiveness,C,player_a9565aa4-0755-49b9-8903-cdf17a18a613@localhost,SuspiciousTitForTat,C,5,5,800,810
162,player_3f00b0bc-851d-4237-9446-d4ceb6e17319@localhost,TitForTatWithForgiveness,C,player_a9565aa4-0755-49b9-8903-cdf17a18a613@localhost,SuspiciousTitForTat,C,5,5,805,815
163,player_3f00b0bc-851d-4237-9446-d4ceb6e17319@localhost,TitForTatWithForgiveness,C,player_a9565aa4-0755-49b9-8903-cdf17a18a613@localhost,SuspiciousTitForTat,C,5,5,810,820
164,player_3f00b0bc-851d-4237-9446-d4ceb6e17319@localhost,TitForTatWithForgiveness,C,player_a9565aa4-0755-49b9-8903-cdf17a18a613@localhost,SuspiciousTitForTat,C,5,5,815,825
165,player_3f00b0bc-851d-4237-9446-d4ceb6e17319@localhost,TitForTatWithForgiveness,C,player_a9565aa4-0755-49b9-8903-cdf17a18a613@localhost,SuspiciousTitForTat,C,5,5,820,830
166,player_3f00b0bc-851d-4237-9446-d4ceb6e17319@localhost,TitForTatWithForgiveness,C,player_a9565aa4-0755-49b9-8903-cdf17a18a613@localhost,SuspiciousTitForTat,C,5,5,825,835
167,player_3f00b0bc-851d-4237-9446-d4ceb6e17319@localhost,TitForTatWithForgiveness,C,player_a9565aa4-0755-49b9-8903-cdf17a18a613@localhost,SuspiciousTitForTat,C,5,5,830,840
168,player_3f00b0bc-851d-4237-9446-d4ceb6e17319@localhost,TitForTatWithForgiveness,C,player_a9565aa4-0755-49b9-8903-cdf17a18a613@localhost,SuspiciousTitForTat,C,5,5,835,845
169,player_3f00b0bc-851d-4237-9446-d4ceb6e17319@localhost,TitForTatWithForgiveness,C,player_a9565aa4-0755-49b9-8903-cdf17a18a613@localhost,SuspiciousTitForTat,C,5,5,840,850
170,player_3f00b0bc-851d-4237-9446-d4ceb6e17319@localhost,TitForTatWithForgiveness,C,player_a9565aa4-0755-49b9-8903-cdf17a18a613@localhost,SuspiciousTitForTat,C,5,5,845,855
171,player_3f00b0bc-851d-4237-9446-d4ceb6e17319@localhost,TitForTatWithForgiveness,C,player_a9565aa4-0755-49b9-8903-cdf17a18a613@localhost,SuspiciousTitForTat,C,5,5,850,860
172,player_3f00b0bc-851d-4237-9446-d4ceb6e17319@localhost,TitForTatWithForgiveness,C,player_a9565aa4-0755-49b9-8903-cdf17a18a613@localhost,SuspiciousTitForTat,C,5,5,855,865
173,player_3f00b0bc-851d-4237-9446-d4ceb6e17319@localhost,TitForTatWithForgiveness,C,player_a9565aa4-0755-49b9-8903-cdf17a18a613@localhost,SuspiciousTitForTat,C,5,5,860,870
174,player_3f00b0bc-851d-4237-9446-d4ceb6e17319@localhost,TitForTatWithForgiveness,C,player_a9565aa4-0755-49b9-8903-cdf17a18a613@localhost,SuspiciousTitForTat,C,5,5,865,875
175,player_3f00b0bc-851d-4237-9446-d4ceb6e17319@localhost,TitForTatWithForgiveness,C,player_a9565aa4-0755-49b9-8903-cdf17a18a613@localhost,SuspiciousTitForTat,C,5,5,870,880
176,player_3f00b0bc-851d-4237-9446-d4ceb6e17319@localhost,TitForTatWithForgiveness,C,player_a9565aa4-0755-49b9-8903-cdf17a18a613@localhost,SuspiciousTitForTat,C,5,5,875,885
177,player_3f00b0bc-851d-4237-9446-d4ceb6e17319@localhost,TitForTatWithForgiveness,C,player_a9565aa4-0755-49b9-8903-cdf17a18a613@localhost,SuspiciousTitForTat,C,5,5,880,890
178,player_3f00b0bc-851d-4237-9446-d4ceb6e17319@localhost,TitForTatWithForgiveness,C,player_a9565aa4-0755-49b9-8903-cdf17a18a613@localhost,SuspiciousTitForTat,C,5,5,885,895
179,player_3f00b0bc-851d-4237-9446-d4ceb6e17319@localhost,TitForTatWithForgiveness,C,player_a9565aa4-0755-49b9-8903-cdf17a18a613@localhost,SuspiciousTitForTat,C,5,5,890,900
180,player_3f00b0bc-851d-4237-9446-d4ceb6e17319@localhost,TitForTatWithForgiveness,C,player_a9565aa4-0755-49b9-8903-cdf17a18a613@localhost,SuspiciousTitForTat,C,5,5,895,905
181,player_3f00b0bc-851d-4237-9446-d4ceb6e17319@localhost,TitForTatWithForgiveness,C,player_a9565aa4-0755-49b9-8903-cdf17a18a613@localhost,SuspiciousTitForTat,C,5,5,900,910
182,player_3f00b0bc-851d-4237-9446-d4ceb6e17319@localhost,TitForTatWithForgiveness,C,player_a9565aa4-0755-49b9-8903-cdf17a18a613@localhost,SuspiciousTitForTat,C,5,5,905,915
183,player_3f00b0bc-851d-4237-9446-d4ceb6e17319@localhost,TitForTatWithForgiveness,C,player_a9565aa4-0755-49b9-8903-cdf17a18a613@localhost,SuspiciousTitForTat,C,5,5,910,920
184,player_3f00b0bc-851d-4237-9446-d4ceb6e17319@localhost,TitForTatWithForgiveness,C,player_a9565aa4-0755-49b9-8903-cdf17a18a613@localhost,SuspiciousTitForTat,C,5,5,915,925
185,player_3f00b0bc-851d-4237-9446-d4ceb6e17319@localhost,TitForTatWithForgiveness,C,player_a9565aa4-0755-49b9-8903-cdf17a18a613@localhost,SuspiciousTitForTat,C,5,5,920,930
186,player_3f00b0bc-851d-4237-9446-d4ceb6e17319@localhost,TitForTatWithForgiveness,C,player_a9565aa4-0755-49b9-8903-cdf17a18a613@localhost,SuspiciousTitForTat,C,5,5,925,935
187,player_3f00b0bc-851d-4237-9446-d4ceb6e17319@localhost,TitForTatWithForgiveness,C,player_a9565aa4-0755-49b9-8903-cdf17a18a613@localhost,SuspiciousTitForTat,C,5,5,930,940
188,player_3f00b0bc-851d-4237-9446-d4ceb6e17319@localhost,TitForTatWithForgiveness,C,player_a9565aa4-0755-49b9-8903-cdf17a18a613@localhost,SuspiciousTitForTat,C,5,5,935,945
189,player_3f00b0bc-851d-4237-9446-d4ceb6e17319@localhost,TitForTatWithForgiveness,C,player_a9565aa4-0755-49b9-8903-cdf17a18a613@localhost,SuspiciousTitForTat,C,5,5,940,950
190,player_3f00b0bc-851d-4237-9446-d4ceb6e17319@localhost,TitForTatWithForgiveness,C,player_a9565aa4-0755-49b9-8903-cdf17a18a613@localhost,SuspiciousTitForTat,C,5,5,945,955
191,player_3f00b0bc-851d-4237-9446-d4ceb6e17319@localhost,TitForTatWithForgiveness,C,player_a9565aa4-0755-49b9-8903-cdf17a18a613@localhost,SuspiciousTitForTat,C,5,5,950,960
192,player_3f00b0bc-851d-4237-9446-d4ceb6e17319@localhost,TitForTatWithForgiveness,C,player_a9565aa4-0755-49b9-8903-cdf17a18a613@localhost,SuspiciousTitForTat,C,5,5,955,965
193,player_3f00b0bc-851d-4237-9446-d4ceb6e17319@localhost,TitForTatWithForgiveness,C,player_a9565aa4-0755-49b9-8903-cdf17a18a613@localhost,SuspiciousTitForTat,C,5,5,960,970
194,player_3f00b0bc-851d-4237-9446-d4ceb6e17319@localhost,TitForTatWithForgiveness,C,player_a9565aa4-0755-49b9-8903-cdf17a18a613@localhost,SuspiciousTitForTat,C,5,5,965,975
195,player_3f00b0bc-851d-4237-9446-d4ceb6e17319@localhost,TitForTatWithForgiveness,C,player_a9565aa4-0755-49b9-8903-cdf17a18a613@localhost,SuspiciousTitForTat,C,5,5,970,980
196,player_3f00b0bc-851d-4237-9446-d4ceb6e17319@localhost,TitForTatWithForgiveness,C,player_a9565aa4-0755-49b9-8903-cdf17a18a613@localhost,SuspiciousTitForTat,C,5,5,975,985
197,player_3f00b0bc-851d-4237-9446-d4ceb6e17319@localhost,TitForTatWithForgiveness,C,player_a9565aa4-0755-49b9-8903-cdf17a18a613@localhost,SuspiciousTitForTat,C,5,5,980,990
198,player_3f00b0bc-851d-4237-9446-d4ceb6e17319@localhost,TitForTatWithForgiveness,C,player_a9565aa4-0755-49b9-8903-cdf17a18a613@localhost,SuspiciousTitForTat,C,5,5,985,995
199,player_3f00b0bc-851d-4237-9446-d4ceb6e17319@localhost,TitForTatWithForgiveness,C,player_a9565aa4-0755-49b9-8903-cdf17a18a613@localhost,SuspiciousTitForTat,C,5,5,990,1000
200,player_3f00b0bc-851d-4237-9446-d4ceb6e17319@localhost,TitForTatWithForgiveness,C,player_a9565aa4-0755-49b9-8903-cdf17a18a613@localhost,SuspiciousTitForTat,C,5,5,995,1005
201,player_3f00b0bc-851d-4237-9446-d4ceb6e17319@localhost,TitForTatWithForgiveness,C,player_a9565aa4-0755-49b9-8903-cdf17a18a613@localhost,SuspiciousTitForTat,C,5,5,1000,1010
202,player_3f00b0bc-851d-4237-9446-d4ceb6e17319@localhost,TitForTatWithForgiveness,C,player_a9565aa4-0755-49b9-8903-cdf17a18a613@localhost,SuspiciousTitForTat,C,5,5,1005,1015
203,player_3f00b0bc-851d-4237-9446-d4ceb6e17319@localhost,TitForTatWithForgiveness,C,player_a9565aa4-0755-49b9-8903-cdf17a18a613@localhost,SuspiciousTitForTat,C,5,5,1010,1020
204,player_3f00b0bc-851d-4237-9446-d4ceb6e17319@localhost,TitForTatWithForgiveness,C,player_a9565aa4-0755-49b9-8903-cdf17a18a613@localhost,SuspiciousTitForTat,C,5,5,1015,1025
205,player_3f00b0bc-851d-4237-9446-d4ceb6e17319@localhost,TitForTatWithForgiveness,C,player_a9565aa4-0755-49b9-8903-cdf17a18a613@localhost,SuspiciousTitForTat,C,5,5,1020,1030
206,player_3f00b0bc-851d-4237-9446-d4ceb6e17319@localhost,TitForTatWithForgiveness,C,player_a9565aa4-0755-49b9-8903-cdf17a18a613@localhost,SuspiciousTitForTat,C,5,5,1025,1035
207,player_3f00b0bc-851d-4237-9446-d4ceb6e17319@localhost,TitForTatWithForgiveness,C,player_a9565aa4-0755-49b9-8903-cdf17a18a613@localhost,SuspiciousTitForTat,C,5,5,1030,1040
208,player_3f00b0bc-851d-4237-9446-d4ceb6e17319@localhost,TitForTatWithForgiveness,C,player_a9565aa4-0755-49b9-8903-cdf17a18a613@localhost,SuspiciousTitForTat,C,5,5,1035,1045
209,player_3f00b0bc-851d-4237-9446-d4ceb6e17319@localhost,TitForTatWithForgiveness,C,player_a9565aa4-0755-49b9-8903-cdf17a18a613@localhost,SuspiciousTitForTat,C,5,5,1040,1050
210,player_3f00b0bc-851d-4237-9446-d4ceb6e17319@localhost,TitForTatWithForgiveness,C,player_a9565aa4-0755-49b9-8903-cdf17a18a613@localhost,SuspiciousTitForTat,C,5,5,1045,1055
211,player_3f00b0bc-851d-4237-9446-d4ceb6e17319@localhost,TitForTatWithForgiveness,C,player_a9565aa4-0755-49b9-8903-cdf17a18a613@localhost,SuspiciousTitForTat,C,5,5,1050,1060
212,player_3f00b0bc-851d-4237-9446-d4ceb6e17319@localhost,TitForTatWithForgiveness,C,player_a9565aa4-0755-49b9-8903-cdf17a18a613@localhost,SuspiciousTitForTat,C,5,5,1055,1065
213,player_3f00b0bc-851d-4237-9446-d4ceb6e17319@localhost,TitForTatWithForgiveness,C,player_a9565aa4-0755-49b9-8903-cdf17a18a613@localhost,SuspiciousTitForTat,C,5,5,1060,1070
214,player_3f00b0bc-851d-4237-9446-d4ceb6e17319@localhost,TitForTatWithForgiveness,C,player_a9565aa4-0755-49b9-8903-cdf17a18a613@localhost,SuspiciousTitForTat,C,5,5,1065,1075
215,player_3f00b0bc-851d-4237-9446-d4ceb6e17319@localhost,TitForTatWithForgiveness,C,player_a9565aa4-0755-49b9-8903-cdf17a18a613@localhost,SuspiciousTitForTat,C,5,5,1070,1080
216,player_3f00b0bc-851d-4237-9446-d4ceb6e17319@localhost,TitForTatWithForgiveness,C,player_a9565aa4-0755-49b9-8903-cdf17a18a613@localhost,SuspiciousTitForTat,C,5,5,1075,1085
217,player_3f00b0bc-851d-4237-9446-d4ceb6e17319@localhost,TitForTatWithForgiveness,C,player_a9565aa4-0755-49b9-8903-cdf17a18a613@localhost,SuspiciousTitForTat,C,5,5,1080,1090
218,player_3f00b0bc-851d-4237-9446-d4ceb6e17319@localhost,TitForTatWithForgiveness,C,player_a9565aa4-0755-49b9-8903-cdf17a18a613@localhost,SuspiciousTitForTat,C,5,5,1085,1095
219,player_3f00b0bc-851d-4237-9446-d4ceb6e17319@localhost,TitForTatWithForgiveness,C,player_a9565aa4-0755-49b9-8903-cdf17a18a613@localhost,SuspiciousTitForTat,C,5,5,1090,1100
220,player_3f00b0bc-851d-4237-9446-d4ceb6e17319@localhost,TitForTatWithForgiveness,C,player_a9565aa4-0755-49b9-8903-cdf17a18a613@localhost,SuspiciousTitForTat,C,5,5,1095,1105
221,player_3f00b0bc-851d-4237-9446-d4ceb6e17319@localhost,TitForTatWithForgiveness,C,player_a9565aa4-0755-49b9-8903-cdf17a18a613@localhost,SuspiciousTitForTat,C,5,5,1100,1110
222,player_3f00b0bc-851d-4237-9446-d4ceb6e17319@localhost,TitForTatWithForgiveness,C,player_a9565aa4-0755-49b9-8903-cdf17a18a613@localhost,SuspiciousTitForTat,C,5,5,1105,1115
223,player_3f00b0bc-851d-4237-9446-d4ceb6e17319@localhost,TitForTatWithForgiveness,C,player_a9565aa4-0755-49b9-8903-cdf17a18a613@localhost,SuspiciousTitForTat,C,5,5,1110,1120
224,player_3f00b0bc-851d-4237-9446-d4ceb6e17319@localhost,TitForTatWithForgiveness,C,player_a9565aa4-0755-49b9-8903-cdf17a18a613@localhost,SuspiciousTitForTat,C,5,5,1115,1125
225,player_3f00b0bc-851d-4237-9446-d4ceb6e17319@localhost,TitForTatWithForgiveness,C,player_a9565aa4-0755-49b9-8903-cdf17a18a613@localhost,SuspiciousTitForTat,C,5,5,1120,1130
226,player_3f00b0bc-851d-4237-9446-d4ceb6e17319@localhost,TitForTatWithForgiveness,C,player_a9565aa4-0755-49b9-8903-cdf17a18a613@localhost,SuspiciousTitForTat,C,5,5,1125,1135
227,player_3f00b0bc-851d-4237-9446-d4ceb6e17319@localhost,TitForTatWithForgiveness,C,player_a9565aa4-0755-49b9-8903-cdf17a18a613@localhost,SuspiciousTitForTat,C,5,5,1130,1140
228,player_3f00b0bc-851d-4237-9446-d4ceb6e17319@localhost,TitForTatWithForgiveness,C,player_a9565aa4-0755-49b9-8903-cdf17a18a613@localhost,SuspiciousTitForTat,C,5,5,1135,1145
229,player_3f00b0bc-851d-4237-9446-d4ceb6e17319@localhost,TitForTatWithForgiveness,C,player_a9565aa4-0755-49b9-8903-cdf17a18a613@localhost,SuspiciousTitForTat,C,5,5,1140,1150
230,player_3f00b0bc-851d-4237-9446-d4ceb6e17319@localhost,TitForTatWithForgiveness,C,player_a9565aa4-0755-49b9-8903-cdf17a18a613@localhost,SuspiciousTitForTat,C,5,5,1145,1155
231,player_3f00b0bc-851d-4237-9446-d4ceb6e17319@localhost,TitForTatWithForgiveness,C,player_a9565aa4-0755-49b9-8903-cdf17a18a613@localhost,SuspiciousTitForTat,C,5,5,1150,1160
232,player_3f00b0bc-851d-4237-9446-d4ceb6e17319@localhost,TitForTatWithForgiveness,C,player_a9565aa4-0755-49b9-8903-cdf17a18a613@localhost,SuspiciousTitForTat,C,5,5,1155,1165
233,player_3f00b0bc-851d-4237-9446-d4ceb6e17319@localhost,TitForTatWithForgiveness,C,player_a9565aa4-0755-49b9-8903-cdf17a18a613@localhost,SuspiciousTitForTat,C,5,5,1160,1170
234,player_3f00b0bc-851d-4237-9446-d4ceb6e17319@localhost,TitForTatWithForgiveness,C,player_a9565aa4-0755-49b9-8903-cdf17a18a613@localhost,SuspiciousTitForTat,C,5,5,1165,1175
235,player_3f00b0bc-851d-4237-9446-d4ceb6e17319@localhost,TitForTatWithForgiveness,C,player_a9565aa4-0755-49b9-8903-cdf17a18a613@localhost,SuspiciousTitForTat,C,5,5,1170,1180
236,player_3f00b0bc-851d-4237-9446-d4ceb6e17319@localhost,TitForTatWithForgiveness,C,player_a9565aa4-0755-49b9-8903-cdf17a18a613@localhost,SuspiciousTitForTat,C,5,5,1175,1185
237,player_3f00b0bc-851d-4237-9446-d4ceb6e17319@localhost,TitForTatWithForgiveness,C,player_a9565aa4-0755-49b9-8903-cdf17a18a613@localhost,SuspiciousTitForTat,C,5,5,1180,1190
238,player_3f00b0bc-851d-4237-9446-d4ceb6e17319@localhost,TitForTatWithForgiveness,C,player_a9565aa4-0755-49b9-8903-cdf17a18a613@localhost,SuspiciousTitForTat,C,5,5,1185,1195
239,player_3f00b0bc-851d-4237-9446-d4ceb6e17319@localhost,TitForTatWithForgiveness,C,player_a9565aa4-0755-49b9-8903-cdf17a18a613@localhost,SuspiciousTitForTat,C,5,5,1190,1200
240,player_3f00b0bc-851d-4237-9446-d4ceb6e17319@localhost,TitForTatWithForgiveness,C,player_a9565aa4-0755-49b9-8903-cdf17a18a613@localhost,SuspiciousTitForTat,C,5,5,1195,1205
241,player_3f00b0bc-851d-4237-9446-d4ceb6e17319@localhost,TitForTatWithForgiveness,C,player_a9565aa4-0755-49b9-8903-cdf17a18a613@localhost,SuspiciousTitForTat,C,5,5,1200,1210
242,player_3f00b0bc-851d-4237-9446-d4ceb6e17319@localhost,TitForTatWithForgiveness,C,player_a9565aa4-0755-49b9-8903-cdf17a18a613@localhost,SuspiciousTitForTat,C,5,5,1205,1215
243,player_3f00b0bc-851d-4237-9446-d4ceb6e17319@localhost,TitForTatWithForgiveness,C,player_a9565aa4-0755-49b9-8903-cdf17a18a613@localhost,SuspiciousTitForTat,C,5,5,1210,1220
244,player_3f00b0bc-851d-4237-9446-d4ceb6e17319@localhost,TitForTatWithForgiveness,C,player_a9565aa4-0755-49b9-8903-cdf17a18a613@localhost,SuspiciousTitForTat,C,5,5,1215,1225
245,player_3f00b0bc-851d-4237-9446-d4ceb6e17319@localhost,TitForTatWithForgiveness,C,player_a9565aa4-0755-49b9-8903-cdf17a18a613@localhost,SuspiciousTitForTat,C,5,5,1220,1230
246,player_3f00b0bc-851d-4237-9446-d4ceb6e17319@localhost,TitForTatWithForgiveness,C,player_a9565aa4-0755-49b9-8903-cdf17a18a613@localhost,SuspiciousTitForTat,C,5,5,1225,1235
247,player_3f00b0bc-851d-4237-9446-d4ceb6e17319@localhost,TitForTatWithForgiveness,C,player_a9565aa4-0755-49b9-8903-cdf17a18a613@localhost,SuspiciousTitForTat,C,5,5,1230,1240
248,player_3f00b0bc-851d-4237-9446-d4ceb6e17319@localhost,TitForTatWithForgiveness,C,player_a9565aa4-0755-49b9-8903-cdf17a18a613@localhost,SuspiciousTitForTat,C,5,5,1235,1245
249,player_3f00b0bc-851d-4237-9446-d4ceb6e17319@localhost,TitForTatWithForgiveness,C,player_a9565aa4-0755-49b9-8903-cdf17a18a613@localhost,SuspiciousTitForTat,C,5,5,1240,1250
250,player_3f00b0bc-851d-4237-9446-d4ceb6e17319@localhost,TitForTatWithForgiveness,C,player_a9565aa4-0755-49b9-8903-cdf17a18a613@localhost,SuspiciousTitForTat,C,5,5,1245,1255
251,player_3f00b0bc-851d-4237-9446-d4ceb6e17319@localhost,TitForTatWithForgiveness,C,player_a9565aa4-0755-49b9-8903-cdf17a18a613@localhost,SuspiciousTitForTat,C,5,5,1250,1260
252,player_3f00b0bc-851d-4237-9446-d4ceb6e17319@localhost,TitForTatWithForgiveness,C,player_a9565aa4-0755-49b9-8903-cdf17a18a613@localhost,SuspiciousTitForTat,C,5,5,1255,1265
253,player_3f00b0bc-851d-4237-9446-d4ceb6e17319@localhost,TitForTatWithForgiveness,C,player_a9565aa4-0755-49b9-8903-cdf17a18a613@localhost,SuspiciousTitForTat,C,5,5,1260,1270
254,player_3f00b0bc-851d-4237-9446-d4ceb6e17319@localhost,TitForTatWithForgiveness,C,player_a9565aa4-0755-49b9-8903-cdf17a18a613@localhost,SuspiciousTitForTat,C,5,5,1265,1275
255,player_3f00b0bc-851d-4237-9446-d4ceb6e17319@localhost,TitForTatWithForgiveness,C,player_a9565aa4-0755-49b9-8903-cdf17a18a613@localhost,SuspiciousTitForTat,C,5,5,1270,1280
256,player_3f00b0bc-851d-4237-9446-d4ceb6e17319@localhost,TitForTatWithForgiveness,C,player_a9565aa4-0755-49b9-8903-cdf17a18a613@localhost,SuspiciousTitForTat,C,5,5,1275,1285
257,player_3f00b0bc-851d-4237-9446-d4ceb6e17319@localhost,TitForTatWithForgiveness,C,player_a9565aa4-0755-49b9-8903-cdf17a18a613@localhost,SuspiciousTitForTat,C,5,5,1280,1290
258,player_3f00b0bc-851d-4237-9446-d4ceb6e17319@localhost,TitForTatWithForgiveness,C,player_a9565aa4-0755-49b9-8903-cdf17a18a613@localhost,SuspiciousTitForTat,C,5,5,1285,1295
259,player_3f00b0bc-851d-4237-9446-d4ceb6e17319@localhost,TitForTatWithForgiveness,C,player_a9565aa4-0755-49b9-8903-cdf17a18a613@localhost,SuspiciousTitForTat,C,5,5,1290,1300
260,player_3f00b0bc-851d-4237-9446-d4ceb6e17319@localhost,TitForTatWithForgiveness,C,player_a9565aa4-0755-49b9-8903-cdf17a18a613@localhost,SuspiciousTitForTat,C,5,5,1295,1305
261,player_3f00b0bc-851d-4237-9446-d4ceb6e17319@localhost,TitForTatWithForgiveness,C,player_a9565aa4-0755-49b9-8903-cdf17a18a613@localhost,SuspiciousTitForTat,C,5,5,1300,1310
262,player_3f00b0bc-851d-4237-9446-d4ceb6e17319@localhost,TitForTatWithForgiveness,C,player_a9565aa4-0755-49b9-8903-cdf17a18a613@localhost,SuspiciousTitForTat,C,5,5,1305,1315
263,player_3f00b0bc-851d-4237-9446-d4ceb6e17319@localhost,TitForTatWithForgiveness,C,player_a9565aa4-0755-49b9-8903-cdf17a18a613@localhost,SuspiciousTitForTat,C,5,5,1310,1320
264,player_3f00b0bc-851d-4237-9446-d4ceb6e17319@localhost,TitForTatWithForgiveness,C,player_a9565aa4-0755-49b9-8903-cdf17a18a613@localhost,SuspiciousTitForTat,C,5,5,1315,1325
265,player_3f00b0bc-851d-4237-9446-d4ceb6e17319@localhost,TitForTatWithForgiveness,C,player_a9565aa4-0755-49b9-8903-cdf17a18a613@localhost,SuspiciousTitForTat,C,5,5,1320,1330
266,player_3f00b0bc-851d-4237-9446-d4ceb6e17319@localhost,TitForTatWithForgiveness,C,player_a9565aa4-0755-49b9-8903-cdf17a18a613@localhost,SuspiciousTitForTat,C,5,5,1325,1335
267,player_3f00b0bc-851d-4237-9446-d4ceb6e17319@localhost,TitForTatWithForgiveness,C,player_a9565aa4-0755-49b9-8903-cdf17a18a613@localhost,SuspiciousTitForTat,C,5,5,1330,1340
268,player_3f00b0bc-851d-4237-9446-d4ceb6e17319@localhost,TitForTatWithForgiveness,C,player_a9565aa4-0755-49b9-8903-cdf17a18a613@localhost,SuspiciousTitForTat,C,5,5,1335,1345
269,player_3f00b0bc-851d-4237-9446-d4ceb6e17319@localhost,TitForTatWithForgiveness,C,player_a9565aa4-0755-49b9-8903-cdf17a18a613@localhost,SuspiciousTitForTat,C,5,5,1340,1350
270,player_3f00b0bc-851d-4237-9446-d4ceb6e17319@localhost,TitForTatWithForgiveness,C,player_a9565aa4-0755-49b9-8903-cdf17a18a613@localhost,SuspiciousTitForTat,C,5,5,1345,1355
271,player_3f00b0bc-851d-4237-9446-d4ceb6e17319@localhost,TitForTatWithForgiveness,C,player_a9565aa4-0755-49b9-8903-cdf17a18a613@localhost,SuspiciousTitForTat,C,5,5,1350,1360
272,player_3f00b0bc-851d-4237-9446-d4ceb6e17319@localhost,TitForTatWithForgiveness,C,player_a9565aa4-0755-49b9-8903-cdf17a18a613@localhost,SuspiciousTitForTat,C,5,5,1355,1365
273,player_3f00b0bc-851d-4237-9446-d4ceb6e17319@localhost,TitForTatWithForgiveness,C,player_a9565aa4-0755-49b9-8903-cdf17a18a613@localhost,SuspiciousTitForTat,C,5,5,1360,1370
274,player_3f00b0bc-851d-4237-9446-d4ceb6e17319@localhost,TitForTatWithForgiveness,C,player_a9565aa4-0755-49b9-8903-cdf17a18a613@localhost,SuspiciousTitForTat,C,5,5,1365,1375
275,player_3f00b0bc-851d-4237-9446-d4ceb6e17319@localhost,TitForTatWithForgiveness,C,player_a9565aa4-0755-49b9-8903-cdf17a18a613@localhost,SuspiciousTitForTat,C,5,5,1370,1380
276,player_3f00b0bc-851d-4237-9446-d4ceb6e17319@localhost,TitForTatWithForgiveness,C,player_a9565aa4-0755-49b9-8903-cdf17a18a613@localhost,SuspiciousTitForTat,C,5,5,1375,1385
277,player_3f00b0bc-851d-4237-9446-d4ceb6e17319@localhost,TitForTatWithForgiveness,C,player_a9565aa4-0755-49b9-8903-cdf17a18a613@localhost,SuspiciousTitForTat,C,5,5,1380,1390
278,player_3f00b0bc-851d-4237-9446-d4ceb6e17319@localhost,TitForTatWithForgiveness,C,player_a9565aa4-0755-49b9-8903-cdf17a18a613@localhost,SuspiciousTitForTat,C,5,5,1385,1395
279,player_3f00b0bc-851d-4237-9446-d4ceb6e17319@localhost,TitForTatWithForgiveness,C,player_a9565aa4-0755-49b9-8903-cdf17a18a613@localhost,SuspiciousTitForTat,C,5,5,1390,1400
280,player_3f00b0bc-851d-4237-9446-d4ceb6e17319@localhost,TitForTatWithForgiveness,C,player_a9565aa4-0755-49b9-8903-cdf17a18a613@localhost,SuspiciousTitForTat,C,5,5,1395,1405
281,player_3f00b0bc-851d-4237-9446-d4ceb6e17319@localhost,TitForTatWithForgiveness,C,player_a9565aa4-0755-49b9-8903-cdf17a18a613@localhost,SuspiciousTitForTat,C,5,5,1400,1410
282,player_3f00b0bc-851d-4237-9446-d4ceb6e17319@localhost,TitForTatWithForgiveness,C,player_a9565aa4-0755-49b9-8903-cdf17a18a613@localhost,SuspiciousTitForTat,C,5,5,1405,1415
283,player_3f00b0bc-851d-4237-9446-d4ceb6e17319@localhost,TitForTatWithForgiveness,C,player_a9565aa4-0755-49b9-8903-cdf17a18a613@localhost,SuspiciousTitForTat,C,5,5,1410,1420
284,player_3f00b0bc-851d-4237-9446-d4ceb6e17319@localhost,TitForTatWithForgiveness,C,player_a9565aa4-0755-49b9-8903-cdf17a18a613@localhost,SuspiciousTitForTat,C,5,5,1415,1425
285,player_3f00b0bc-851d-4237-9446-d4ceb6e17319@localhost,TitForTatWithForgiveness,C,player_a9565aa4-0755-49b9-8903-cdf17a18a613@localhost,SuspiciousTitForTat,C,5,5,1420,1430
286,player_3f00b0bc-851d-4237-9446-d4ceb6e17319@localhost,TitForTatWithForgiveness,C,player_a9565aa4-0755-49b9-8903-cdf17a18a613@localhost,SuspiciousTitForTat,C,5,5,1425,1435
287,player_3f00b0bc-851d-4237-9446-d4ceb6e17319@localhost,TitForTatWithForgiveness,C,player_a9565aa4-0755-49b9-8903-cdf17a18a613@localhost,SuspiciousTitForTat,C,5,5,1430,1440
288,player_3f00b0bc-851d-4237-9446-d4ceb6e17319@localhost,TitForTatWithForgiveness,C,player_a9565aa4-0755-49b9-8903-cdf17a18a613@localhost,SuspiciousTitForTat,C,5,5,1435,1445
289,player_3f00b0bc-851d-4237-9446-d4ceb6e17319@localhost,TitForTatWithForgiveness,C,player_a9565aa4-0755-49b9-8903-cdf17a18a613@localhost,SuspiciousTitForTat,C,5,5,1440,1450
290,player_3f00b0bc-851d-4237-9446-d4ceb6e17319@localhost,TitForTatWithForgiveness,C,player_a9565aa4-0755-49b9-8903-cdf17a18a613@localhost,SuspiciousTitForTat,C,5,5,1445,1455
291,player_3f00b0bc-851d-4237-9446-d4ceb6e17319@localhost,TitForTatWithForgiveness,C,player_a9565aa4-0755-49b9-8903-cdf17a18a613@localhost,SuspiciousTitForTat,C,5,5,1450,1460
292,player_3f00b0bc-851d-4237-9446-d4ceb6e17319@localhost,TitForTatWithForgiveness,C,player_a9565aa4-0755-49b9-8903-cdf17a18a613@localhost,SuspiciousTitForTat,C,5,5,1455,1465
293,player_3f00b0bc-851d-4237-9446-d4ceb6e17319@localhost,TitForTatWithForgiveness,C,player_a9565aa4-0755-49b9-8903-cdf17a18a613@localhost,SuspiciousTitForTat,C,5,5,1460,1470
294,player_3f00b0bc-851d-4237-9446-d4ceb6e17319@localhost,TitForTatWithForgiveness,C,player_a9565aa4-0755-49b9-8903-cdf17a18a613@localhost,SuspiciousTitForTat,C,5,5,1465,1475
295,player_3f00b0bc-851d-4237-9446-d4ceb6e17319@localhost,TitForTatWithForgiveness,C,player_a9565aa4-0755-49b9-8903-cdf17a18a613@localhost,SuspiciousTitForTat,C,5,5,1470,1480
296,player_3f00b0bc-851d-4237-9446-d4ceb6e17319@localhost,TitForTatWithForgiveness,C,player_a9565aa4-0755-49b9-8903-cdf17a18a613@localhost,SuspiciousTitForTat,C,5,5,1475,1485
297,player_3f00b0bc-851d-4237-9446-d4ceb6e17319@localhost,TitForTatWithForgiveness,C,player_a9565aa4-0755-49b9-8903-cdf17a18a613@localhost,SuspiciousTitForTat,C,5,5,1480,1490
298,player_3f00b0bc-851d-4237-9446-d4ceb6e17319@localhost,TitForTatWithForgiveness,C,player_a9565aa4-0755-49b9-8903-cdf17a18a613@localhost,SuspiciousTitForTat,C,5,5,1485,1495
299,player_3f00b0bc-851d-4237-9446-d4ceb6e17319@localhost,TitForTatWithForgiveness,C,player_a9565aa4-0755-49b9-8903-cdf17a18a613@localhost,SuspiciousTitForTat,C,5,5,1490,1500
300,player_3f00b0bc-851d-4237-9446-d4ceb6e17319@localhost,TitForTatWithForgiveness,C,player_a9565aa4-0755-49b9-8903-cdf17a18a613@localhost,SuspiciousTitForTat,C,5,5,1495,1505
301,player_3f00b0bc-851d-4237-9446-d4ceb6e17319@localhost,TitForTatWithForgiveness,C,player_a9565aa4-0755-49b9-8903-cdf17a18a613@localhost,SuspiciousTitForTat,C,5,5,1500,1510
302,player_3f00b0bc-851d-4237-9446-d4ceb6e17319@localhost,TitForTatWithForgiveness,C,player_a9565aa4-0755-49b9-8903-cdf17a18a613@localhost,SuspiciousTitForTat,C,5,5,1505,1515
303,player_3f00b0bc-851d-4237-9446-d4ceb6e17319@localhost,TitForTatWithForgiveness,C,player_a9565aa4-0755-49b9-8903-cdf17a18a613@localhost,SuspiciousTitForTat,C,5,5,1510,1520
304,player_3f00b0bc-851d-4237-9446-d4ceb6e17319@localhost,TitForTatWithForgiveness,C,player_a9565aa4-0755-49b9-8903-cdf17a18a613@localhost,SuspiciousTitForTat,C,5,5,1515,1525
305,player_3f00b0bc-851d-4237-9446-d4ceb6e17319@localhost,TitForTatWithForgiveness,C,player_a9565aa4-0755-49b9-8903-cdf17a18a613@localhost,SuspiciousTitForTat,C,5,5,1520,1530
306,player_3f00b0bc-851d-4237-9446-d4ceb6e17319@localhost,TitForTatWithForgiveness,C,player_a9565aa4-0755-49b9-8903-cdf17a18a613@localhost,SuspiciousTitForTat,C,5,5,1525,1535
307,player_3f00b0bc-851d-4237-9446-d4ceb6e17319@localhost,TitForTatWithForgiveness,C,player_a9565aa4-0755-49b9-8903-cdf17a18a613@localhost,SuspiciousTitForTat,C,5,5,1530,1540
308,player_3f00b0bc-851d-4237-9446-d4ceb6e17319@localhost,TitForTatWithForgiveness,C,player_a9565aa4-0755-49b9-8903-cdf17a18a613@localhost,SuspiciousTitForTat,C,5,5,1535,1545
309,player_3f00b0bc-851d-4237-9446-d4ceb6e17319@localhost,TitForTatWithForgiveness,C,player_a9565aa4-0755-49b9-8903-cdf17a18a613@localhost,SuspiciousTitForTat,C,5,5,1540,1550
310,player_3f00b0bc-851d-4237-9446-d4ceb6e17319@localhost,TitForTatWithForgiveness,C,player_a9565aa4-0755-49b9-8903-cdf17a18a613@localhost,SuspiciousTitForTat,C,5,5,1545,1555
311,player_3f00b0bc-851d-4237-9446-d4ceb6e17319@localhost,TitForTatWithForgiveness,C,player_a9565aa4-0755-49b9-8903-cdf17a18a613@localhost,SuspiciousTitForTat,C,5,5,1550,1560
312,player_3f00b0bc-851d-4237-9446-d4ceb6e17319@localhost,TitForTatWithForgiveness,C,player_a9565aa4-0755-49b9-8903-cdf17a18a613@localhost,SuspiciousTitForTat,C,5,5,1555,1565
313,player_3f00b0bc-851d-4237-9446-d4ceb6e17319@localhost,TitForTatWithForgiveness,C,player_a9565aa4-0755-49b9-8903-cdf17a18a613@localhost,SuspiciousTitForTat,C,5,5,1560,1570
314,player_3f00b0bc-851d-4237-9446-d4ceb6e17319@localhost,TitForTatWithForgiveness,C,player_a9565aa4-0755-49b9-8903-cdf17a18a613@localhost,SuspiciousTitForTat,C,5,5,1565,1575
315,player_3f00b0bc-851d-4237-9446-d4ceb6e17319@localhost,TitForTatWithForgiveness,C,player_a9565aa4-0755-49b9-8903-cdf17a18a613@localhost,SuspiciousTitForTat,C,5,5,1570,1580
316,player_3f00b0bc-851d-4237-9446-d4ceb6e17319@localhost,TitForTatWithForgiveness,C,player_a9565aa4-0755-49b9-8903-cdf17a18a613@localhost,SuspiciousTitForTat,C,5,5,1575,1585
317,player_3f00b0bc-851d-4237-9446-d4ceb6e17319@localhost,TitForTatWithForgiveness,C,player_a9565aa4-0755-49b9-8903-cdf17a18a613@localhost,SuspiciousTitForTat,C,5,5,1580,1590
318,player_3f00b0bc-851d-4237-9446-d4ceb6e17319@localhost,TitForTatWithForgiveness,C,player_a9565aa4-0755-49b9-8903-cdf17a18a613@localhost,SuspiciousTitForTat,C,5,5,1585,1595
319,player_3f00b0bc-851d-4237-9446-d4ceb6e17319@localhost,TitForTatWithForgiveness,C,player_a9565aa4-0755-49b9-8903-cdf17a18a613@localhost,SuspiciousTitForTat,C,5,5,1590,1600
320,player_3f00b0bc-851d-4237-9446-d4ceb6e17319@localhost,TitForTatWithForgiveness,C,player_a9565aa4-0755-49b9-8903-cdf17a18a613@localhost,SuspiciousTitForTat,C,5,5,1595,1605
321,player_3f00b0bc-851d-4237-9446-d4ceb6e17319@localhost,TitForTatWithForgiveness,C,player_a9565aa4-0755-49b9-8903-cdf17a18a613@localhost,SuspiciousTitForTat,C,5,5,1600,1610
322,player_3f00b0bc-851d-4237-9446-d4ceb6e17319@localhost,TitForTatWithForgiveness,C,player_a9565aa4-0755-49b9-8903-cdf17a18a613@localhost,SuspiciousTitForTat,C,5,5,1605,1615
323,player_3f00b0bc-851d-4237-9446-d4ceb6e17319@localhost,TitForTatWithForgiveness,C,player_a9565aa4-0755-49b9-8903-cdf17a18a613@localhost,SuspiciousTitForTat,C,5,5,1610,1620
324,player_3f00b0bc-851d-4237-9446-d4ceb6e17319@localhost,TitForTatWithForgiveness,C,player_a9565aa4-0755-49b9-8903-cdf17a18a613@localhost,SuspiciousTitForTat,C,5,5,1615,1625
325,player_3f00b0bc-851d-4237-9446-d4ceb6e17319@localhost,TitForTatWithForgiveness,C,player_a9565aa4-0755-49b9-8903-cdf17a18a613@localhost,SuspiciousTitForTat,C,5,5,1620,1630
326,player_3f00b0bc-851d-4237-9446-d4ceb6e17319@localhost,TitForTatWithForgiveness,C,player_a9565aa4-0755-49b9-8903-cdf17a18a613@localhost,SuspiciousTitForTat,C,5,5,1625,1635
327,player_3f00b0bc-851d-4237-9446-d4ceb6e17319@localhost,TitForTatWithForgiveness,C,player_a9565aa4-0755-49b9-8903-cdf17a18a613@localhost,SuspiciousTitForTat,C,5,5,1630,1640
328,player_3f00b0bc-851d-4237-9446-d4ceb6e17319@localhost,TitForTatWithForgiveness,C,player_a9565aa4-0755-49b9-8903-cdf17a18a613@localhost,SuspiciousTitForTat,C,5,5,1635,1645
329,player_3f00b0bc-851d-4237-9446-d4ceb6e17319@localhost,TitForTatWithForgiveness,C,player_a9565aa4-0755-49b9-8903-cdf17a18a613@localhost,SuspiciousTitForTat,C,5,5,1640,1650
330,player_3f00b0bc-851d-4237-9446-d4ceb6e17319@localhost,TitForTatWithForgiveness,C,player_a9565aa4-0755-49b9-8903-cdf17a18a613@localhost,SuspiciousTitForTat,C,5,5,1645,1655
331,player_3f00b0bc-851d-4237-9446-d4ceb6e17319@localhost,TitForTatWithForgiveness,C,player_a9565aa4-0755-49b9-8903-cdf17a18a613@localhost,SuspiciousTitForTat,C,5,5,1650,1660
332,player_3f00b0bc-851d-4237-9446-d4ceb6e17319@localhost,TitForTatWithForgiveness,C,player_a9565aa4-0755-49b9-8903-cdf17a18a613@localhost,SuspiciousTitForTat,C,5,5,1655,1665
333,player_3f00b0bc-851d-4237-9446-d4ceb6e17319@localhost,TitForTatWithForgiveness,C,player_a9565aa4-0755-49b9-8903-cdf17a18a613@localhost,SuspiciousTitForTat,C,5,5,1660,1670
334,player_3f00b0bc-851d-4237-9446-d4ceb6e17319@localhost,TitForTatWithForgiveness,C,player_a9565aa4-0755-49b9-8903-cdf17a18a613@localhost,SuspiciousTitForTat,C,5,5,1665,1675
335,player_3f00b0bc-851d-4237-9446-d4ceb6e17319@localhost,TitForTatWithForgiveness,C,player_a9565aa4-0755-49b9-8903-cdf17a18a613@localhost,SuspiciousTitForTat,C,5,5,1670,1680
336,player_3f00b0bc-851d-4237-9446-d4ceb6e17319@localhost,TitForTatWithForgiveness,C,player_a9565aa4-0755-49b9-8903-cdf17a18a613@localhost,SuspiciousTitForTat,C,5,5,1675,1685
337,player_3f00b0bc-851d-4237-9446-d4ceb6e17319@localhost,TitForTatWithForgiveness,C,player_a9565aa4-0755-49b9-8903-cdf17a18a613@localhost,SuspiciousTitForTat,C,5,5,1680,1690
338,player_3f00b0bc-851d-4237-9446-d4ceb6e17319@localhost,TitForTatWithForgiveness,C,player_a9565aa4-0755-49b9-8903-cdf17a18a613@localhost,SuspiciousTitForTat,C,5,5,1685,1695
339,player_3f00b0bc-851d-4237-9446-d4ceb6e17319@localhost,TitForTatWithForgiveness,C,player_a9565aa4-0755-49b9-8903-cdf17a18a613@localhost,SuspiciousTitForTat,C,5,5,1690,1700
340,player_3f00b0bc-851d-4237-9446-d4ceb6e17319@localhost,TitForTatWithForgiveness,C,player_a9565aa4-0755-49b9-8903-cdf17a18a613@localhost,SuspiciousTitForTat,C,5,5,1695,1705
341,player_3f00b0bc-851d-4237-9446-d4ceb6e17319@localhost,TitForTatWithForgiveness,C,player_a9565aa4-0755-49b9-8903-cdf17a18a613@localhost,SuspiciousTitForTat,C,5,5,1700,1710
342,player_3f00b0bc-851d-4237-9446-d4ceb6e17319@localhost,TitForTatWithForgiveness,C,player_a9565aa4-0755-49b9-8903-cdf17a18a613@localhost,SuspiciousTitForTat,C,5,5,1705,1715
343,player_3f00b0bc-851d-4237-9446-d4ceb6e17319@localhost,TitForTatWithForgiveness,C,player_a9565aa4-0755-49b9-8903-cdf17a18a613@localhost,SuspiciousTitForTat,C,5,5,1710,1720
344,player_3f00b0bc-851d-4237-9446-d4ceb6e17319@localhost,TitForTatWithForgiveness,C,player_a9565aa4-0755-49b9-8903-cdf17a18a613@localhost,SuspiciousTitForTat,C,5,5,1715,1725
345,player_3f00b0bc-851d-4237-9446-d4ceb6e17319@localhost,TitForTatWithForgiveness,C,player_a9565aa4-0755-49b9-8903-cdf17a18a613@localhost,SuspiciousTitForTat,C,5,5,1720,1730
346,player_3f00b0bc-851d-4237-9446-d4ceb6e17319@localhost,TitForTatWithForgiveness,C,player_a9565aa4-0755-49b9-8903-cdf17a18a613@localhost,SuspiciousTitForTat,C,5,5,1725,1735
347,player_3f00b0bc-851d-4237-9446-d4ceb6e17319@localhost,TitForTatWithForgiveness,C,player_a9565aa4-0755-49b9-8903-cdf17a18a613@localhost,SuspiciousTitForTat,C,5,5,1730,1740
348,player_3f00b0bc-851d-4237-9446-d4ceb6e17319@localhost,TitForTatWithForgiveness,C,player_a9565aa4-0755-49b9-8903-cdf17a18a613@localhost,SuspiciousTitForTat,C,5,5,1735,1745
349,player_3f00b0bc-851d-4237-9446-d4ceb6e17319@localhost,TitForTatWithForgiveness,C,player_a9565aa4-0755-49b9-8903-cdf17a18a613@localhost,SuspiciousTitForTat,C,5,5,1740,1750
350,player_3f00b0bc-851d-4237-9446-d4ceb6e17319@localhost,TitForTatWithForgiveness,C,player_a9565aa4-0755-49b9-8903-cdf17a18a613@localhost,SuspiciousTitForTat,C,5,5,1745,1755
351,player_3f00b0bc-851d-4237-9446-d4ceb6e17319@localhost,TitForTatWithForgiveness,C,player_a9565aa4-0755-49b9-8903-cdf17a18a613@localhost,SuspiciousTitForTat,C,5,5,1750,1760
352,player_3f00b0bc-851d-4237-9446-d4ceb6e17319@localhost,TitForTatWithForgiveness,C,player_a9565aa4-0755-49b9-8903-cdf17a18a613@localhost,SuspiciousTitForTat,C,5,5,1755,1765
353,player_3f00b0bc-851d-4237-9446-d4ceb6e17319@localhost,TitForTatWithForgiveness,C,player_a9565aa4-0755-49b9-8903-cdf17a18a613@localhost,SuspiciousTitForTat,C,5,5,1760,1770
354,player_3f00b0bc-851d-4237-9446-d4ceb6e17319@localhost,TitForTatWithForgiveness,C,player_a9565aa4-0755-49b9-8903-cdf17a18a613@localhost,SuspiciousTitForTat,C,5,5,1765,1775
355,player_3f00b0bc-851d-4237-9446-d4ceb6e17319@localhost,TitForTatWithForgiveness,C,player_a9565aa4-0755-49b9-8903-cdf17a18a613@localhost,SuspiciousTitForTat,C,5,5,1770,1780
356,player_3f00b0bc-851d-4237-9446-d4ceb6e17319@localhost,TitForTatWithForgiveness,C,player_a9565aa4-0755-49b9-8903-cdf17a18a613@localhost,SuspiciousTitForTat,C,5,5,1775,1785
357,player_3f00b0bc-851d-4237-9446-d4ceb6e17319@localhost,TitForTatWithForgiveness,C,player_a9565aa4-0755-49b9-8903-cdf17a18a613@localhost,SuspiciousTitForTat,C,5,5,1780,1790
358,player_3f00b0bc-851d-4237-9446-d4ceb6e17319@localhost,TitForTatWithForgiveness,C,player_a9565aa4-0755-49b9-8903-cdf17a18a613@localhost,SuspiciousTitForTat,C,5,5,1785,1795
359,player_3f00b0bc-851d-4237-9446-d4ceb6e17319@localhost,TitForTatWithForgiveness,C,player_a9565aa4-0755-49b9-8903-cdf17a18a613@localhost,SuspiciousTitForTat,C,5,5,1790,1800
360,player_3f00b0bc-851d-4237-9446-d4ceb6e17319@localhost,TitForTatWithForgiveness,C,player_a9565aa4-0755-49b9-8903-cdf17a18a613@localhost,SuspiciousTitForTat,C,5,5,1795,1805
361,player_3f00b0bc-851d-4237-9446-d4ceb6e17319@localhost,TitForTatWithForgiveness,C,player_a9565aa4-0755-49b9-8903-cdf17a18a613@localhost,SuspiciousTitForTat,C,5,5,1800,1810
362,player_3f00b0bc-851d-4237-9446-d4ceb6e17319@localhost,TitForTatWithForgiveness,C,player_a9565aa4-0755-49b9-8903-cdf17a18a613@localhost,SuspiciousTitForTat,C,5,5,1805,1815
363,player_3f00b0bc-851d-4237-9446-d4ceb6e17319@localhost,TitForTatWithForgiveness,C,player_a9565aa4-0755-49b9-8903-cdf17a18a613@localhost,SuspiciousTitForTat,C,5,5,1810,1820
364,player_3f00b0bc-851d-4237-9446-d4ceb6e17319@localhost,TitForTatWithForgiveness,C,player_a9565aa4-0755-49b9-8903-cdf17a18a613@localhost,SuspiciousTitForTat,C,5,5,1815,1825
365,player_3f00b0bc-851d-4237-9446-d4ceb6e17319@localhost,TitForTatWithForgiveness,C,player_a9565aa4-0755-49b9-8903-cdf17a18a613@localhost,SuspiciousTitForTat,C,5,5,1820,1830
366,player_3f00b0bc-851d-4237-9446-d4ceb6e17319@localhost,TitForTatWithForgiveness,C,player_a9565aa4-0755-49b9-8903-cdf17a18a613@localhost,SuspiciousTitForTat,C,5,5,1825,1835
367,player_3f00b0bc-851d-4237-9446-d4ceb6e17319@localhost,TitForTatWithForgiveness,C,player_a9565aa4-0755-49b9-8903-cdf17a18a613@localhost,SuspiciousTitForTat,C,5,5,1830,1840
368,player_3f00b0bc-851d-4237-9446-d4ceb6e17319@localhost,TitForTatWithForgiveness,C,player_a9565aa4-0755-49b9-8903-cdf17a18a613@localhost,SuspiciousTitForTat,C,5,5,1835,1845
369,player_3f00b0bc-851d-4237-9446-d4ceb6e17319@localhost,TitForTatWithForgiveness,C,player_a9565aa4-0755-49b9-8903-cdf17a18a613@localhost,SuspiciousTitForTat,C,5,5,1840,1850
370,player_3f00b0bc-851d-4237-9446-d4ceb6e17319@localhost,TitForTatWithForgiveness,C,player_a9565aa4-0755-49b9-8903-cdf17a18a613@localhost,SuspiciousTitForTat,C,5,5,1845,1855
371,player_3f00b0bc-851d-4237-9446-d4ceb6e17319@localhost,TitForTatWithForgiveness,C,player_a9565aa4-0755-49b9-8903-cdf17a18a613@localhost,SuspiciousTitForTat,C,5,5,1850,1860
372,player_3f00b0bc-851d-4237-9446-d4ceb6e17319@localhost,TitForTatWithForgiveness,C,player_a9565aa4-0755-49b9-8903-cdf17a18a613@localhost,SuspiciousTitForTat,C,5,5,1855,1865
373,player_3f00b0bc-851d-4237-9446-d4ceb6e17319@localhost,TitForTatWithForgiveness,C,player_a9565aa4-0755-49b9-8903-cdf17a18a613@localhost,SuspiciousTitForTat,C,5,5,1860,1870
374,player_3f00b0bc-851d-4237-9446-d4ceb6e17319@localhost,TitForTatWithForgiveness,C,player_a9565aa4-0755-49b9-8903-cdf17a18a613@localhost,SuspiciousTitForTat,C,5,5,1865,1875
375,player_3f00b0bc-851d-4237-9446-d4ceb6e17319@localhost,TitForTatWithForgiveness,C,player_a9565aa4-0755-49b9-8903-cdf17a18a613@localhost,SuspiciousTitForTat,C,5,5,1870,1880
376,player_3f00b0bc-851d-4237-9446-d4ceb6e17319@localhost,TitForTatWithForgiveness,C,player_a9565aa4-0755-49b9-8903-cdf17a18a613@localhost,SuspiciousTitForTat,C,5,5,1875,1885
377,player_3f00b0bc-851d-4237-9446-d4ceb6e17319@localhost,TitForTatWithForgiveness,C,player_a9565aa4-0755-49b9-8903-cdf17a18a613@localhost,SuspiciousTitForTat,C,5,5,1880,1890
378,player_3f00b0bc-851d-4237-9446-d4ceb6e17319@localhost,TitForTatWithForgiveness,C,player_a9565aa4-0755-49b9-8903-cdf17a18a613@localhost,SuspiciousTitForTat,C,5,5,1885,1895
379,player_3f00b0bc-851d-4237-9446-d4ceb6e17319@localhost,TitForTatWithForgiveness,C,player_a9565aa4-0755-49b9-8903-cdf17a18a613@localhost,SuspiciousTitForTat,C,5,5,1890,1900
380,player_3f00b0bc-851d-4237-9446-d4ceb6e17319@localhost,TitForTatWithForgiveness,C,player_a9565aa4-0755-49b9-8903-cdf17a18a613@localhost,SuspiciousTitForTat,C,5,5,1895,1905
381,player_3f00b0bc-851d-4237-9446-d4ceb6e17319@localhost,TitForTatWithForgiveness,C,player_a9565aa4-0755-49b9-8903-cdf17a18a613@localhost,SuspiciousTitForTat,C,5,5,1900,1910
382,player_3f00b0bc-851d-4237-9446-d4ceb6e17319@localhost,TitForTatWithForgiveness,C,player_a9565aa4-0755-49b9-8903-cdf17a18a613@localhost,SuspiciousTitForTat,C,5,5,1905,1915
383,player_3f00b0bc-851d-4237-9446-d4ceb6e17319@localhost,TitForTatWithForgiveness,C,player_a9565aa4-0755-49b9-8903-cdf17a18a613@localhost,SuspiciousTitForTat,C,5,5,1910,1920
384,player_3f00b0bc-851d-4237-9446-d4ceb6e17319@localhost,TitForTatWithForgiveness,C,player_a9565aa4-0755-49b9-8903-cdf17a18a613@localhost,SuspiciousTitForTat,C,5,5,1915,1925
385,player_3f00b0bc-851d-4237-9446-d4ceb6e17319@localhost,TitForTatWithForgiveness,C,player_a9565aa4-0755-49b9-8903-cdf17a18a613@localhost,SuspiciousTitForTat,C,5,5,1920,1930
386,player_3f00b0bc-851d-4237-9446-d4ceb6e17319@localhost,TitForTatWithForgiveness,C,player_a9565aa4-0755-49b9-8903-cdf17a18a613@localhost,SuspiciousTitForTat,C,5,5,1925,1935
387,player_3f00b0bc-851d-4237-9446-d4ceb6e17319@localhost,TitForTatWithForgiveness,C,player_a9565aa4-0755-49b9-8903-cdf17a18a613@localhost,SuspiciousTitForTat,C,5,5,1930,1940
388,player_3f00b0bc-851d-4237-9446-d4ceb6e17319@localhost,TitForTatWithForgiveness,C,player_a9565aa4-0755-49b9-8903-cdf17a18a613@localhost,SuspiciousTitForTat,C,5,5,1935,1945
389,player_3f00b0bc-851d-4237-9446-d4ceb6e17319@localhost,TitForTatWithForgiveness,C,player_a9565aa4-0755-49b9-8903-cdf17a18a613@localhost,SuspiciousTitForTat,C,5,5,1940,1950
390,player_3f00b0bc-851d-4237-9446-d4ceb6e17319@localhost,TitForTatWithForgiveness,C,player_a9565aa4-0755-49b9-8903-cdf17a18a613@localhost,SuspiciousTitForTat,C,5,5,1945,1955
391,player_3f00b0bc-851d-4237-9446-d4ceb6e17319@localhost,TitForTatWithForgiveness,C,player_a9565aa4-0755-49b9-8903-cdf17a18a613@localhost,SuspiciousTitForTat,C,5,5,1950,1960
392,player_3f00b0bc-851d-4237-9446-d4ceb6e17319@localhost,TitForTatWithForgiveness,C,player_a9565aa4-0755-49b9-8903-cdf17a18a613@localhost,SuspiciousTitForTat,C,5,5,1955,1965
393,player_3f00b0bc-851d-4237-9446-d4ceb6e17319@localhost,TitForTatWithForgiveness,C,player_a9565aa4-0755-49b9-8903-cdf17a18a613@localhost,SuspiciousTitForTat,C,5,5,1960,1970
394,player_3f00b0bc-851d-4237-9446-d4ceb6e17319@localhost,TitForTatWithForgiveness,C,player_a9565aa4-0755-49b9-8903-cdf17a18a613@localhost,SuspiciousTitForTat,C,5,5,1965,1975
395,player_3f00b0bc-851d-4237-9446-d4ceb6e17319@localhost,TitForTatWithForgiveness,C,player_a9565aa4-0755-49b9-8903-cdf17a18a613@localhost,SuspiciousTitForTat,C,5,5,1970,1980
396,player_3f00b0bc-851d-4237-9446-d4ceb6e17319@localhost,TitForTatWithForgiveness,C,player_a9565aa4-0755-49b9-8903-cdf17a18a613@localhost,SuspiciousTitForTat,C,5,5,1975,1985
397,player_3f00b0bc-851d-4237-9446-d4ceb6e17319@localhost,TitForTatWithForgiveness,C,player_a9565aa4-0755-49b9-8903-cdf17a18a613@localhost,SuspiciousTitForTat,C,5,5,1980,1990
398,player_3f00b0bc-851d-4237-9446-d4ceb6e17319@localhost,TitForTatWithForgiveness,C,player_a9565aa4-0755-49b9-8903-cdf17a18a613@localhost,SuspiciousTitForTat,C,5,5,1985,1995
399,player_3f00b0bc-851d-4237-9446-d4ceb6e17319@localhost,TitForTatWithForgiveness,C,player_a9565aa4-0755-49b9-8903-cdf17a18a613@localhost,SuspiciousTitForTat,C,5,5,1990,2000
400,player_3f00b0bc-851d-4237-9446-d4ceb6e17319@localhost,TitForTatWithForgiveness,C,player_a9565aa4-0755-49b9-8903-cdf17a18a613@localhost,SuspiciousTitForTat,C,5,5,1995,2005
401,player_3f00b0bc-851d-4237-9446-d4ceb6e17319@localhost,TitForTatWithForgiveness,C,player_a9565aa4-0755-49b9-8903-cdf17a18a613@localhost,SuspiciousTitForTat,C,5,5,2000,2010
402,player_3f00b0bc-851d-4237-9446-d4ceb6e17319@localhost,TitForTatWithForgiveness,C,player_a9565aa4-0755-49b9-8903-cdf17a18a613@localhost,SuspiciousTitForTat,C,5,5,2005,2015
403,player_3f00b0bc-851d-4237-9446-d4ceb6e17319@localhost,TitForTatWithForgiveness,C,player_a9565aa4-0755-49b9-8903-cdf17a18a613@localhost,SuspiciousTitForTat,C,5,5,2010,2020
404,player_3f00b0bc-851d-4237-9446-d4ceb6e17319@localhost,TitForTatWithForgiveness,C,player_a9565aa4-0755-49b9-8903-cdf17a18a613@localhost,SuspiciousTitForTat,C,5,5,2015,2025
405,player_3f00b0bc-851d-4237-9446-d4ceb6e17319@localhost,TitForTatWithForgiveness,C,player_a9565aa4-0755-49b9-8903-cdf17a18a613@localhost,SuspiciousTitForTat,C,5,5,2020,2030
406,player_3f00b0bc-851d-4237-9446-d4ceb6e17319@localhost,TitForTatWithForgiveness,C,player_a9565aa4-0755-49b9-8903-cdf17a18a613@localhost,SuspiciousTitForTat,C,5,5,2025,2035
407,player_3f00b0bc-851d-4237-9446-d4ceb6e17319@localhost,TitForTatWithForgiveness,C,player_a9565aa4-0755-49b9-8903-cdf17a18a613@localhost,SuspiciousTitForTat,C,5,5,2030,2040
408,player_3f00b0bc-851d-4237-9446-d4ceb6e17319@localhost,TitForTatWithForgiveness,C,player_a9565aa4-0755-49b9-8903-cdf17a18a613@localhost,SuspiciousTitForTat,C,5,5,2035,2045
409,player_3f00b0bc-851d-4237-9446-d4ceb6e17319@localhost,TitForTatWithForgiveness,C,player_a9565aa4-0755-49b9-8903-cdf17a18a613@localhost,SuspiciousTitForTat,C,5,5,2040,2050
410,player_3f00b0bc-851d-4237-9446-d4ceb6e17319@localhost,TitForTatWithForgiveness,C,player_a9565aa4-0755-49b9-8903-cdf17a18a613@localhost,SuspiciousTitForTat,C,5,5,2045,2055
411,player_3f00b0bc-851d-4237-9446-d4ceb6e17319@localhost,TitForTatWithForgiveness,C,player_a9565aa4-0755-49b9-8903-cdf17a18a613@localhost,SuspiciousTitForTat,C,5,5,2050,2060
412,player_3f00b0bc-851d-4237-9446-d4ceb6e17319@localhost,TitForTatWithForgiveness,C,player_a9565aa4-0755-49b9-8903-cdf17a18a613@localhost,SuspiciousTitForTat,C,5,5,2055,2065
413,player_3f00b0bc-851d-4237-9446-d4ceb6e17319@localhost,TitForTatWithForgiveness,C,player_a9565aa4-0755-49b9-8903-cdf17a18a613@localhost,SuspiciousTitForTat,C,5,5,2060,2070
414,player_3f00b0bc-851d-4237-9446-d4ceb6e17319@localhost,TitForTatWithForgiveness,C,player_a9565aa4-0755-49b9-8903-cdf17a18a613@localhost,SuspiciousTitForTat,C,5,5,2065,2075
415,player_3f00b0bc-851d-4237-9446-d4ceb6e17319@localhost,TitForTatWithForgiveness,C,player_a9565aa4-0755-49b9-8903-cdf17a18a613@localhost,SuspiciousTitForTat,C,5,5,2070,2080
416,player_3f00b0bc-851d-4237-9446-d4ceb6e17319@localhost,TitForTatWithForgiveness,C,player_a9565aa4-0755-49b9-8903-cdf17a18a613@localhost,SuspiciousTitForTat,C,5,5,2075,2085
417,player_3f00b0bc-851d-4237-9446-d4ceb6e17319@localhost,TitForTatWithForgiveness,C,player_a9565aa4-0755-49b9-8903-cdf17a18a613@localhost,SuspiciousTitForTat,C,5,5,2080,2090
418,player_3f00b0bc-851d-4237-9446-d4ceb6e17319@localhost,TitForTatWithForgiveness,C,player_a9565aa4-0755-49b9-8903-cdf17a18a613@localhost,SuspiciousTitForTat,C,5,5,2085,2095
419,player_3f00b0bc-851d-4237-9446-d4ceb6e17319@localhost,TitForTatWithForgiveness,C,player_a9565aa4-0755-49b9-8903-cdf17a18a613@localhost,SuspiciousTitForTat,C,5,5,2090,2100
420,player_3f00b0bc-851d-4237-9446-d4ceb6e17319@localhost,TitForTatWithForgiveness,C,player_a9565aa4-0755-49b9-8903-cdf17a18a613@localhost,SuspiciousTitForTat,C,5,5,2095,2105
421,player_3f00b0bc-851d-4237-9446-d4ceb6e17319@localhost,TitForTatWithForgiveness,C,player_a9565aa4-0755-49b9-8903-cdf17a18a613@localhost,SuspiciousTitForTat,C,5,5,2100,2110
422,player_3f00b0bc-851d-4237-9446-d4ceb6e17319@localhost,TitForTatWithForgiveness,C,player_a9565aa4-0755-49b9-8903-cdf17a18a613@localhost,SuspiciousTitForTat,C,5,5,2105,2115
423,player_3f00b0bc-851d-4237-9446-d4ceb6e17319@localhost,TitForTatWithForgiveness,C,player_a9565aa4-0755-49b9-8903-cdf17a18a613@localhost,SuspiciousTitForTat,C,5,5,2110,2120
424,player_3f00b0bc-851d-4237-9446-d4ceb6e17319@localhost,TitForTatWithForgiveness,C,player_a9565aa4-0755-49b9-8903-cdf17a18a613@localhost,SuspiciousTitForTat,C,5,5,2115,2125
425,player_3f00b0bc-851d-4237-9446-d4ceb6e17319@localhost,TitForTatWithForgiveness,C,player_a9565aa4-0755-49b9-8903-cdf17a18a613@localhost,SuspiciousTitForTat,C,5,5,2120,2130
426,player_3f00b0bc-851d-4237-9446-d4ceb6e17319@localhost,TitForTatWithForgiveness,C,player_a9565aa4-0755-49b9-8903-cdf17a18a613@localhost,SuspiciousTitForTat,C,5,5,2125,2135
427,player_3f00b0bc-851d-4237-9446-d4ceb6e17319@localhost,TitForTatWithForgiveness,C,player_a9565aa4-0755-49b9-8903-cdf17a18a613@localhost,SuspiciousTitForTat,C,5,5,2130,2140
428,player_3f00b0bc-851d-4237-9446-d4ceb6e17319@localhost,TitForTatWithForgiveness,C,player_a9565aa4-0755-49b9-8903-cdf17a18a613@localhost,SuspiciousTitForTat,C,5,5,2135,2145
429,player_3f00b0bc-851d-4237-9446-d4ceb6e17319@localhost,TitForTatWithForgiveness,C,player_a9565aa4-0755-49b9-8903-cdf17a18a613@localhost,SuspiciousTitForTat,C,5,5,2140,2150
430,player_3f00b0bc-851d-4237-9446-d4ceb6e17319@localhost,TitForTatWithForgiveness,C,player_a9565aa4-0755-49b9-8903-cdf17a18a613@localhost,SuspiciousTitForTat,C,5,5,2145,2155
431,player_3f00b0bc-851d-4237-9446-d4ceb6e17319@localhost,TitForTatWithForgiveness,C,player_a9565aa4-0755-49b9-8903-cdf17a18a613@localhost,SuspiciousTitForTat,C,5,5,2150,2160
432,player_3f00b0bc-851d-4237-9446-d4ceb6e17319@localhost,TitForTatWithForgiveness,C,player_a9565aa4-0755-49b9-8903-cdf17a18a613@localhost,SuspiciousTitForTat,C,5,5,2155,2165
433,player_3f00b0bc-851d-4237-9446-d4ceb6e17319@localhost,TitForTatWithForgiveness,C,player_a9565aa4-0755-49b9-8903-cdf17a18a613@localhost,SuspiciousTitForTat,C,5,5,2160,2170
434,player_3f00b0bc-851d-4237-9446-d4ceb6e17319@localhost,TitForTatWithForgiveness,C,player_a9565aa4-0755-49b9-8903-cdf17a18a613@localhost,SuspiciousTitForTat,C,5,5,2165,2175
435,player_3f00b0bc-851d-4237-9446-d4ceb6e17319@localhost,TitForTatWithForgiveness,C,player_a9565aa4-0755-49b9-8903-cdf17a18a613@localhost,SuspiciousTitForTat,C,5,5,2170,2180
436,player_3f00b0bc-851d-4237-9446-d4ceb6e17319@localhost,TitForTatWithForgiveness,C,player_a9565aa4-0755-49b9-8903-cdf17a18a613@localhost,SuspiciousTitForTat,C,5,5,2175,2185
437,player_3f00b0bc-851d-4237-9446-d4ceb6e17319@localhost,TitForTatWithForgiveness,C,player_a9565aa4-0755-49b9-8903-cdf17a18a613@localhost,SuspiciousTitForTat,C,5,5,2180,2190
438,player_3f00b0bc-851d-4237-9446-d4ceb6e17319@localhost,TitForTatWithForgiveness,C,player_a9565aa4-0755-49b9-8903-cdf17a18a613@localhost,SuspiciousTitForTat,C,5,5,2185,2195
439,player_3f00b0bc-851d-4237-9446-d4ceb6e17319@localhost,TitForTatWithForgiveness,C,player_a9565aa4-0755-49b9-8903-cdf17a18a613@localhost,SuspiciousTitForTat,C,5,5,2190,2200
440,player_3f00b0bc-851d-4237-9446-d4ceb6e17319@localhost,TitForTatWithForgiveness,C,player_a9565aa4-0755-49b9-8903-cdf17a18a613@localhost,SuspiciousTitForTat,C,5,5,2195,2205
441,player_3f00b0bc-851d-4237-9446-d4ceb6e17319@localhost,TitForTatWithForgiveness,C,player_a9565aa4-0755-49b9-8903-cdf17a18a613@localhost,SuspiciousTitForTat,C,5,5,2200,2210
442,player_3f00b0bc-851d-4237-9446-d4ceb6e17319@localhost,TitForTatWithForgiveness,C,player_a9565aa4-0755-49b9-8903-cdf17a18a613@localhost,SuspiciousTitForTat,C,5,5,2205,2215
443,player_3f00b0bc-851d-4237-9446-d4ceb6e17319@localhost,TitForTatWithForgiveness,C,player_a9565aa4-0755-49b9-8903-cdf17a18a613@localhost,SuspiciousTitForTat,C,5,5,2210,2220
444,player_3f00b0bc-851d-4237-9446-d4ceb6e17319@localhost,TitForTatWithForgiveness,C,player_a9565aa4-0755-49b9-8903-cdf17a18a613@localhost,SuspiciousTitForTat,C,5,5,2215,2225
445,player_3f00b0bc-851d-4237-9446-d4ceb6e17319@localhost,TitForTatWithForgiveness,C,player_a9565aa4-0755-49b9-8903-cdf17a18a613@localhost,SuspiciousTitForTat,C,5,5,2220,2230
446,player_3f00b0bc-851d-4237-9446-d4ceb6e17319@localhost,TitForTatWithForgiveness,C,player_a9565aa4-0755-49b9-8903-cdf17a18a613@localhost,SuspiciousTitForTat,C,5,5,2225,2235
447,player_3f00b0bc-851d-4237-9446-d4ceb6e17319@localhost,TitForTatWithForgiveness,C,player_a9565aa4-0755-49b9-8903-cdf17a18a613@localhost,SuspiciousTitForTat,C,5,5,2230,2240
448,player_3f00b0bc-851d-4237-9446-d4ceb6e17319@localhost,TitForTatWithForgiveness,C,player_a9565aa4-0755-49b9-8903-cdf17a18a613@localhost,SuspiciousTitForTat,C,5,5,2235,2245
449,player_3f00b0bc-851d-4237-9446-d4ceb6e17319@localhost,TitForTatWithForgiveness,C,player_a9565aa4-0755-49b9-8903-cdf17a18a613@localhost,SuspiciousTitForTat,C,5,5,2240,2250
450,player_3f00b0bc-851d-4237-9446-d4ceb6e17319@localhost,TitForTatWithForgiveness,C,player_a9565aa4-0755-49b9-8903-cdf17a18a613@localhost,SuspiciousTitForTat,C,5,5,2245,2255
451,player_3f00b0bc-851d-4237-9446-d4ceb6e17319@localhost,TitForTatWithForgiveness,C,player_a9565aa4-0755-49b9-8903-cdf17a18a613@localhost,SuspiciousTitForTat,C,5,5,2250,2260
452,player_3f00b0bc-851d-4237-9446-d4ceb6e17319@localhost,TitForTatWithForgiveness,C,player_a9565aa4-0755-49b9-8903-cdf17a18a613@localhost,SuspiciousTitForTat,C,5,5,2255,2265
453,player_3f00b0bc-851d-4237-9446-d4ceb6e17319@localhost,TitForTatWithForgiveness,C,player_a9565aa4-0755-49b9-8903-cdf17a18a613@localhost,SuspiciousTitForTat,C,5,5,2260,2270
454,player_3f00b0bc-851d-4237-9446-d4ceb6e17319@localhost,TitForTatWithForgiveness,C,player_a9565aa4-0755-49b9-8903-cdf17a18a613@localhost,SuspiciousTitForTat,C,5,5,2265,2275
455,player_3f00b0bc-851d-4237-9446-d4ceb6e17319@localhost,TitForTatWithForgiveness,C,player_a9565aa4-0755-49b9-8903-cdf17a18a613@localhost,SuspiciousTitForTat,C,5,5,2270,2280
456,player_3f00b0bc-851d-4237-9446-d4ceb6e17319@localhost,TitForTatWithForgiveness,C,player_a9565aa4-0755-49b9-8903-cdf17a18a613@localhost,SuspiciousTitForTat,C,5,5,2275,2285
457,player_3f00b0bc-851d-4237-9446-d4ceb6e17319@localhost,TitForTatWithForgiveness,C,player_a9565aa4-0755-49b9-8903-cdf17a18a613@localhost,SuspiciousTitForTat,C,5,5,2280,2290
458,player_3f00b0bc-851d-4237-9446-d4ceb6e17319@localhost,TitForTatWithForgiveness,C,player_a9565aa4-0755-49b9-8903-cdf17a18a613@localhost,SuspiciousTitForTat,C,5,5,2285,2295
459,player_3f00b0bc-851d-4237-9446-d4ceb6e17319@localhost,TitForTatWithForgiveness,C,player_a9565aa4-0755-49b9-8903-cdf17a18a613@localhost,SuspiciousTitForTat,C,5,5,2290,2300
460,player_3f00b0bc-851d-4237-9446-d4ceb6e17319@localhost,TitForTatWithForgiveness,C,player_a9565aa4-0755-49b9-8903-cdf17a18a613@localhost,SuspiciousTitForTat,C,5,5,2295,2305
461,player_3f00b0bc-851d-4237-9446-d4ceb6e17319@localhost,TitForTatWithForgiveness,C,player_a9565aa4-0755-49b9-8903-cdf17a18a613@localhost,SuspiciousTitForTat,C,5,5,2300,2310
462,player_3f00b0bc-851d-4237-9446-d4ceb6e17319@localhost,TitForTatWithForgiveness,C,player_a9565aa4-0755-49b9-8903-cdf17a18a613@localhost,SuspiciousTitForTat,C,5,5,2305,2315
463,player_3f00b0bc-851d-4237-9446-d4ceb6e17319@localhost,TitForTatWithForgiveness,C,player_a9565aa4-0755-49b9-8903-cdf17a18a613@localhost,SuspiciousTitForTat,C,5,5,2310,2320
464,player_3f00b0bc-851d-4237-9446-d4ceb6e17319@localhost,TitForTatWithForgiveness,C,player_a9565aa4-0755-49b9-8903-cdf17a18a613@localhost,SuspiciousTitForTat,C,5,5,2315,2325
465,player_3f00b0bc-851d-4237-9446-d4ceb6e17319@localhost,TitForTatWithForgiveness,C,player_a9565aa4-0755-49b9-8903-cdf17a18a613@localhost,SuspiciousTitForTat,C,5,5,2320,2330
466,player_3f00b0bc-851d-4237-9446-d4ceb6e17319@localhost,TitForTatWithForgiveness,C,player_a9565aa4-0755-49b9-8903-cdf17a18a613@localhost,SuspiciousTitForTat,C,5,5,2325,2335
467,player_3f00b0bc-851d-4237-9446-d4ceb6e17319@localhost,TitForTatWithForgiveness,C,player_a9565aa4-0755-49b9-8903-cdf17a18a613@localhost,SuspiciousTitForTat,C,5,5,2330,2340
468,player_3f00b0bc-851d-4237-9446-d4ceb6e17319@localhost,TitForTatWithForgiveness,C,player_a9565aa4-0755-49b9-8903-cdf17a18a613@localhost,SuspiciousTitForTat,C,5,5,2335,2345
469,player_3f00b0bc-851d-4237-9446-d4ceb6e17319@localhost,TitForTatWithForgiveness,C,player_a9565aa4-0755-49b9-8903-cdf17a18a613@localhost,SuspiciousTitForTat,C,5,5,2340,2350
470,player_3f00b0bc-851d-4237-9446-d4ceb6e17319@localhost,TitForTatWithForgiveness,C,player_a9565aa4-0755-49b9-8903-cdf17a18a613@localhost,SuspiciousTitForTat,C,5,5,2345,2355
471,player_3f00b0bc-851d-4237-9446-d4ceb6e17319@localhost,TitForTatWithForgiveness,C,player_a9565aa4-0755-49b9-8903-cdf17a18a613@localhost,SuspiciousTitForTat,C,5,5,2350,2360
472,player_3f00b0bc-851d-4237-9446-d4ceb6e17319@localhost,TitForTatWithForgiveness,C,player_a9565aa4-0755-49b9-8903-cdf17a18a613@localhost,SuspiciousTitForTat,C,5,5,2355,2365
473,player_3f00b0bc-851d-4237-9446-d4ceb6e17319@localhost,TitForTatWithForgiveness,C,player_a9565aa4-0755-49b9-8903-cdf17a18a613@localhost,SuspiciousTitForTat,C,5,5,2360,2370
474,player_3f00b0bc-851d-4237-9446-d4ceb6e17319@localhost,TitForTatWithForgiveness,C,player_a9565aa4-0755-49b9-8903-cdf17a18a613@localhost,SuspiciousTitForTat,C,5,5,2365,2375
475,player_3f00b0bc-851d-4237-9446-d4ceb6e17319@localhost,TitForTatWithForgiveness,C,player_a9565aa4-0755-49b9-8903-cdf17a18a613@localhost,SuspiciousTitForTat,C,5,5,2370,2380
476,player_3f00b0bc-851d-4237-9446-d4ceb6e17319@localhost,TitForTatWithForgiveness,C,player_a9565aa4-0755-49b9-8903-cdf17a18a613@localhost,SuspiciousTitForTat,C,5,5,2375,2385
477,player_3f00b0bc-851d-4237-9446-d4ceb6e17319@localhost,TitForTatWithForgiveness,C,player_a9565aa4-0755-49b9-8903-cdf17a18a613@localhost,SuspiciousTitForTat,C,5,5,2380,2390
478,player_3f00b0bc-851d-4237-9446-d4ceb6e17319@localhost,TitForTatWithForgiveness,C,player_a9565aa4-0755-49b9-8903-cdf17a18a613@localhost,SuspiciousTitForTat,C,5,5,2385,2395
479,player_3f00b0bc-851d-4237-9446-d4ceb6e17319@localhost,TitForTatWithForgiveness,C,player_a9565aa4-0755-49b9-8903-cdf17a18a613@localhost,SuspiciousTitForTat,C,5,5,2390,2400
480,player_3f00b0bc-851d-4237-9446-d4ceb6e17319@localhost,TitForTatWithForgiveness,C,player_a9565aa4-0755-49b9-8903-cdf17a18a613@localhost,SuspiciousTitForTat,C,5,5,2395,2405
481,player_3f00b0bc-851d-4237-9446-d4ceb6e17319@localhost,TitForTatWithForgiveness,C,player_a9565aa4-0755-49b9-8903-cdf17a18a613@localhost,SuspiciousTitForTat,C,5,5,2400,2410
482,player_3f00b0bc-851d-4237-9446-d4ceb6e17319@localhost,TitForTatWithForgiveness,C,player_a9565aa4-0755-49b9-8903-cdf17a18a613@localhost,SuspiciousTitForTat,C,5,5,2405,2415
483,player_3f00b0bc-851d-4237-9446-d4ceb6e17319@localhost,TitForTatWithForgiveness,C,player_a9565aa4-0755-49b9-8903-cdf17a18a613@localhost,SuspiciousTitForTat,C,5,5,2410,2420
484,player_3f00b0bc-851d-4237-9446-d4ceb6e17319@localhost,TitForTatWithForgiveness,C,player_a9565aa4-0755-49b9-8903-cdf17a18a613@localhost,SuspiciousTitForTat,C,5,5,2415,2425
485,player_3f00b0bc-851d-4237-9446-d4ceb6e17319@localhost,TitForTatWithForgiveness,C,player_a9565aa4-0755-49b9-8903-cdf17a18a613@localhost,SuspiciousTitForTat,C,5,5,2420,2430
486,player_3f00b0bc-851d-4237-9446-d4ceb6e17319@localhost,TitForTatWithForgiveness,C,player_a9565aa4-0755-49b9-8903-cdf17a18a613@localhost,SuspiciousTitForTat,C,5,5,2425,2435
487,player_3f00b0bc-851d-4237-9446-d4ceb6e17319@localhost,TitForTatWithForgiveness,C,player_a9565aa4-0755-49b9-8903-cdf17a18a613@localhost,SuspiciousTitForTat,C,5,5,2430,2440
488,player_3f00b0bc-851d-4237-9446-d4ceb6e17319@localhost,TitForTatWithForgiveness,C,player_a9565aa4-0755-49b9-8903-cdf17a18a613@localhost,SuspiciousTitForTat,C,5,5,2435,2445
489,player_3f00b0bc-851d-4237-9446-d4ceb6e17319@localhost,TitForTatWithForgiveness,C,player_a9565aa4-0755-49b9-8903-cdf17a18a613@localhost,SuspiciousTitForTat,C,5,5,2440,2450
490,player_3f00b0bc-851d-4237-9446-d4ceb6e17319@localhost,TitForTatWithForgiveness,C,player_a9565aa4-0755-49b9-8903-cdf17a18a613@localhost,SuspiciousTitForTat,C,5,5,2445,2455
491,player_3f00b0bc-851d-4237-9446-d4ceb6e17319@localhost,TitForTatWithForgiveness,C,player_a9565aa4-0755-49b9-8903-cdf17a18a613@localhost,SuspiciousTitForTat,C,5,5,2450,2460
492,player_3f00b0bc-851d-4237-9446-d4ceb6e17319@localhost,TitForTatWithForgiveness,C,player_a9565aa4-0755-49b9-8903-cdf17a18a613@localhost,SuspiciousTitForTat,C,5,5,2455,2465
493,player_3f00b0bc-851d-4237-9446-d4ceb6e17319@localhost,TitForTatWithForgiveness,C,player_a9565aa4-0755-49b9-8903-cdf17a18a613@localhost,SuspiciousTitForTat,C,5,5,2460,2470
494,player_3f00b0bc-851d-4237-9446-d4ceb6e17319@localhost,TitForTatWithForgiveness,C,player_a9565aa4-0755-49b9-8903-cdf17a18a613@localhost,SuspiciousTitForTat,C,5,5,2465,2475
495,player_3f00b0bc-851d-4237-9446-d4ceb6e17319@localhost,TitForTatWithForgiveness,C,player_a9565aa4-0755-49b9-8903-cdf17a18a613@localhost,SuspiciousTitForTat,C,5,5,2470,2480
496,player_3f00b0bc-851d-4237-9446-d4ceb6e17319@localhost,TitForTatWithForgiveness,C,player_a9565aa4-0755-49b9-8903-cdf17a18a613@localhost,SuspiciousTitForTat,C,5,5,2475,2485
497,player_3f00b0bc-851d-4237-9446-d4ceb6e17319@localhost,TitForTatWithForgiveness,C,player_a9565aa4-0755-49b9-8903-cdf17a18a613@localhost,SuspiciousTitForTat,C,5,5,2480,2490
498,player_3f00b0bc-851d-4237-9446-d4ceb6e17319@localhost,TitForTatWithForgiveness,C,player_a9565aa4-0755-49b9-8903-cdf17a18a613@localhost,SuspiciousTitForTat,C,5,5,2485,2495
499,player_3f00b0bc-851d-4237-9446-d4ceb6e17319@localhost,TitForTatWithForgiveness,C,player_a9565aa4-0755-49b9-8903-cdf17a18a613@localhost,SuspiciousTitForTat,C,5,5,2490,2500
500,player_3f00b0bc-851d-4237-9446-d4ceb6e17319@localhost,TitForTatWithForgiveness,C,player_a9565aa4-0755-49b9-8903-cdf17a18a613@localhost,SuspiciousTitForTat,C,5,5,2495,2505
501,player_3f00b0bc-851d-4237-9446-d4ceb6e17319@localhost,TitForTatWithForgiveness,C,player_a9565aa4-0755-49b9-8903-cdf17a18a613@localhost,SuspiciousTitForTat,C,5,5,2500,2510
502,player_3f00b0bc-851d-4237-9446-d4ceb6e17319@localhost,TitForTatWithForgiveness,C,player_a9565aa4-0755-49b9-8903-cdf17a18a613@localhost,SuspiciousTitForTat,C,5,5,2505,2515
503,player_3f00b0bc-851d-4237-9446-d4ceb6e17319@localhost,TitForTatWithForgiveness,C,player_a9565aa4-0755-49b9-8903-cdf17a18a613@localhost,SuspiciousTitForTat,C,5,5,2510,2520
504,player_3f00b0bc-851d-4237-9446-d4ceb6e17319@localhost,TitForTatWithForgiveness,C,player_a9565aa4-0755-49b9-8903-cdf17a18a613@localhost,SuspiciousTitForTat,C,5,5,2515,2525
505,player_3f00b0bc-851d-4237-9446-d4ceb6e17319@localhost,TitForTatWithForgiveness,C,player_a9565aa4-0755-49b9-8903-cdf17a18a613@localhost,SuspiciousTitForTat,C,5,5,2520,2530
506,player_3f00b0bc-851d-4237-9446-d4ceb6e17319@localhost,TitForTatWithForgiveness,C,player_a9565aa4-0755-49b9-8903-cdf17a18a613@localhost,SuspiciousTitForTat,C,5,5,2525,2535
507,player_3f00b0bc-851d-4237-9446-d4ceb6e17319@localhost,TitForTatWithForgiveness,C,player_a9565aa4-0755-49b9-8903-cdf17a18a613@localhost,SuspiciousTitForTat,C,5,5,2530,2540
508,player_3f00b0bc-851d-4237-9446-d4ceb6e17319@localhost,TitForTatWithForgiveness,C,player_a9565aa4-0755-49b9-8903-cdf17a18a613@localhost,SuspiciousTitForTat,C,5,5,2535,2545
509,player_3f00b0bc-851d-4237-9446-d4ceb6e17319@localhost,TitForTatWithForgiveness,C,player_a9565aa4-0755-49b9-8903-cdf17a18a613@localhost,SuspiciousTitForTat,C,5,5,2540,2550
510,player_3f00b0bc-851d-4237-9446-d4ceb6e17319@localhost,TitForTatWithForgiveness,C,player_a9565aa4-0755-49b9-8903-cdf17a18a613@localhost,SuspiciousTitForTat,C,5,5,2545,2555
511,player_3f00b0bc-851d-4237-9446-d4ceb6e17319@localhost,TitForTatWithForgiveness,C,player_a9565aa4-0755-49b9-8903-cdf17a18a613@localhost,SuspiciousTitForTat,C,5,5,2550,2560
512,player_3f00b0bc-851d-4237-9446-d4ceb6e17319@localhost,TitForTatWithForgiveness,C,player_a9565aa4-0755-49b9-8903-cdf17a18a613@localhost,SuspiciousTitForTat,C,5,5,2555,2565
513,player_3f00b0bc-851d-4237-9446-d4ceb6e17319@localhost,TitForTatWithForgiveness,C,player_a9565aa4-0755-49b9-8903-cdf17a18a613@localhost,SuspiciousTitForTat,C,5,5,2560,2570
514,player_3f00b0bc-851d-4237-9446-d4ceb6e17319@localhost,TitForTatWithForgiveness,C,player_a9565aa4-0755-49b9-8903-cdf17a18a613@localhost,SuspiciousTitForTat,C,5,5,2565,2575
515,player_3f00b0bc-851d-4237-9446-d4ceb6e17319@localhost,TitForTatWithForgiveness,C,player_a9565aa4-0755-49b9-8903-cdf17a18a613@localhost,SuspiciousTitForTat,C,5,5,2570,2580
516,player_3f00b0bc-851d-4237-9446-d4ceb6e17319@localhost,TitForTatWithForgiveness,C,player_a9565aa4-0755-49b9-8903-cdf17a18a613@localhost,SuspiciousTitForTat,C,5,5,2575,2585
517,player_3f00b0bc-851d-4237-9446-d4ceb6e17319@localhost,TitForTatWithForgiveness,C,player_a9565aa4-0755-49b9-8903-cdf17a18a613@localhost,SuspiciousTitForTat,C,5,5,2580,2590
518,player_3f00b0bc-851d-4237-9446-d4ceb6e17319@localhost,TitForTatWithForgiveness,C,player_a9565aa4-0755-49b9-8903-cdf17a18a613@localhost,SuspiciousTitForTat,C,5,5,2585,2595
519,player_3f00b0bc-851d-4237-9446-d4ceb6e17319@localhost,TitForTatWithForgiveness,C,player_a9565aa4-0755-49b9-8903-cdf17a18a613@localhost,SuspiciousTitForTat,C,5,5,2590,2600
520,player_3f00b0bc-851d-4237-9446-d4ceb6e17319@localhost,TitForTatWithForgiveness,C,player_a9565aa4-0755-49b9-8903-cdf17a18a613@localhost,SuspiciousTitForTat,C,5,5,2595,2605
521,player_3f00b0bc-851d-4237-9446-d4ceb6e17319@localhost,TitForTatWithForgiveness,C,player_a9565aa4-0755-49b9-8903-cdf17a18a613@localhost,SuspiciousTitForTat,C,5,5,2600,2610
522,player_3f00b0bc-851d-4237-9446-d4ceb6e17319@localhost,TitForTatWithForgiveness,C,player_a9565aa4-0755-49b9-8903-cdf17a18a613@localhost,SuspiciousTitForTat,C,5,5,2605,2615
523,player_3f00b0bc-851d-4237-9446-d4ceb6e17319@localhost,TitForTatWithForgiveness,C,player_a9565aa4-0755-49b9-8903-cdf17a18a613@localhost,SuspiciousTitForTat,C,5,5,2610,2620
524,player_3f00b0bc-851d-4237-9446-d4ceb6e17319@localhost,TitForTatWithForgiveness,C,player_a9565aa4-0755-49b9-8903-cdf17a18a613@localhost,SuspiciousTitForTat,C,5,5,2615,2625
525,player_3f00b0bc-851d-4237-9446-d4ceb6e17319@localhost,TitForTatWithForgiveness,C,player_a9565aa4-0755-49b9-8903-cdf17a18a613@localhost,SuspiciousTitForTat,C,5,5,2620,2630
526,player_3f00b0bc-851d-4237-9446-d4ceb6e17319@localhost,TitForTatWithForgiveness,C,player_a9565aa4-0755-49b9-8903-cdf17a18a613@localhost,SuspiciousTitForTat,C,5,5,2625,2635
527,player_3f00b0bc-851d-4237-9446-d4ceb6e17319@localhost,TitForTatWithForgiveness,C,player_a9565aa4-0755-49b9-8903-cdf17a18a613@localhost,SuspiciousTitForTat,C,5,5,2630,2640
528,player_3f00b0bc-851d-4237-9446-d4ceb6e17319@localhost,TitForTatWithForgiveness,C,player_a9565aa4-0755-49b9-8903-cdf17a18a613@localhost,SuspiciousTitForTat,C,5,5,2635,2645
529,player_3f00b0bc-851d-4237-9446-d4ceb6e17319@localhost,TitForTatWithForgiveness,C,player_a9565aa4-0755-49b9-8903-cdf17a18a613@localhost,SuspiciousTitForTat,C,5,5,2640,2650
530,player_3f00b0bc-851d-4237-9446-d4ceb6e17319@localhost,TitForTatWithForgiveness,C,player_a9565aa4-0755-49b9-8903-cdf17a18a613@localhost,SuspiciousTitForTat,C,5,5,2645,2655
531,player_3f00b0bc-851d-4237-9446-d4ceb6e17319@localhost,TitForTatWithForgiveness,C,player_a9565aa4-0755-49b9-8903-cdf17a18a613@localhost,SuspiciousTitForTat,C,5,5,2650,2660
532,player_3f00b0bc-851d-4237-9446-d4ceb6e17319@localhost,TitForTatWithForgiveness,C,player_a9565aa4-0755-49b9-8903-cdf17a18a613@localhost,SuspiciousTitForTat,C,5,5,2655,2665
533,player_3f00b0bc-851d-4237-9446-d4ceb6e17319@localhost,TitForTatWithForgiveness,C,player_a9565aa4-0755-49b9-8903-cdf17a18a613@localhost,SuspiciousTitForTat,C,5,5,2660,2670
534,player_3f00b0bc-851d-4237-9446-d4ceb6e17319@localhost,TitForTatWithForgiveness,C,player_a9565aa4-0755-49b9-8903-cdf17a18a613@localhost,SuspiciousTitForTat,C,5,5,2665,2675
535,player_3f00b0bc-851d-4237-9446-d4ceb6e17319@localhost,TitForTatWithForgiveness,C,player_a9565aa4-0755-49b9-8903-cdf17a18a613@localhost,SuspiciousTitForTat,C,5,5,2670,2680
536,player_3f00b0bc-851d-4237-9446-d4ceb6e17319@localhost,TitForTatWithForgiveness,C,player_a9565aa4-0755-49b9-8903-cdf17a18a613@localhost,SuspiciousTitForTat,C,5,5,2675,2685
537,player_3f00b0bc-851d-4237-9446-d4ceb6e17319@localhost,TitForTatWithForgiveness,C,player_a9565aa4-0755-49b9-8903-cdf17a18a613@localhost,SuspiciousTitForTat,C,5,5,2680,2690
538,player_3f00b0bc-851d-4237-9446-d4ceb6e17319@localhost,TitForTatWithForgiveness,C,player_a9565aa4-0755-49b9-8903-cdf17a18a613@localhost,SuspiciousTitForTat,C,5,5,2685,2695
539,player_3f00b0bc-851d-4237-9446-d4ceb6e17319@localhost,TitForTatWithForgiveness,C,player_a9565aa4-0755-49b9-8903-cdf17a18a613@localhost,SuspiciousTitForTat,C,5,5,2690,2700
540,player_3f00b0bc-851d-4237-9446-d4ceb6e17319@localhost,TitForTatWithForgiveness,C,player_a9565aa4-0755-49b9-8903-cdf17a18a613@localhost,SuspiciousTitForTat,C,5,5,2695,2705
541,player_3f00b0bc-851d-4237-9446-d4ceb6e17319@localhost,TitForTatWithForgiveness,C,player_a9565aa4-0755-49b9-8903-cdf17a18a613@localhost,SuspiciousTitForTat,C,5,5,2700,2710
542,player_3f00b0bc-851d-4237-9446-d4ceb6e17319@localhost,TitForTatWithForgiveness,C,player_a9565aa4-0755-49b9-8903-cdf17a18a613@localhost,SuspiciousTitForTat,C,5,5,2705,2715
543,player_3f00b0bc-851d-4237-9446-d4ceb6e17319@localhost,TitForTatWithForgiveness,C,player_a9565aa4-0755-49b9-8903-cdf17a18a613@localhost,SuspiciousTitForTat,C,5,5,2710,2720
544,player_3f00b0bc-851d-4237-9446-d4ceb6e17319@localhost,TitForTatWithForgiveness,C,player_a9565aa4-0755-49b9-8903-cdf17a18a613@localhost,SuspiciousTitForTat,C,5,5,2715,2725
545,player_3f00b0bc-851d-4237-9446-d4ceb6e17319@localhost,TitForTatWithForgiveness,C,player_a9565aa4-0755-49b9-8903-cdf17a18a613@localhost,SuspiciousTitForTat,C,5,5,2720,2730
546,player_3f00b0bc-851d-4237-9446-d4ceb6e17319@localhost,TitForTatWithForgiveness,C,player_a9565aa4-0755-49b9-8903-cdf17a18a613@localhost,SuspiciousTitForTat,C,5,5,2725,2735
547,player_3f00b0bc-851d-4237-9446-d4ceb6e17319@localhost,TitForTatWithForgiveness,C,player_a9565aa4-0755-49b9-8903-cdf17a18a613@localhost,SuspiciousTitForTat,C,5,5,2730,2740
548,player_3f00b0bc-851d-4237-9446-d4ceb6e17319@localhost,TitForTatWithForgiveness,C,player_a9565aa4-0755-49b9-8903-cdf17a18a613@localhost,SuspiciousTitForTat,C,5,5,2735,2745
549,player_3f00b0bc-851d-4237-9446-d4ceb6e17319@localhost,TitForTatWithForgiveness,C,player_a9565aa4-0755-49b9-8903-cdf17a18a613@localhost,SuspiciousTitForTat,C,5,5,2740,2750
550,player_3f00b0bc-851d-4237-9446-d4ceb6e17319@localhost,TitForTatWithForgiveness,C,player_a9565aa4-0755-49b9-8903-cdf17a18a613@localhost,SuspiciousTitForTat,C,5,5,2745,2755
551,player_3f00b0bc-851d-4237-9446-d4ceb6e17319@localhost,TitForTatWithForgiveness,C,player_a9565aa4-0755-49b9-8903-cdf17a18a613@localhost,SuspiciousTitForTat,C,5,5,2750,2760
552,player_3f00b0bc-851d-4237-9446-d4ceb6e17319@localhost,TitForTatWithForgiveness,C,player_a9565aa4-0755-49b9-8903-cdf17a18a613@localhost,SuspiciousTitForTat,C,5,5,2755,2765
553,player_3f00b0bc-851d-4237-9446-d4ceb6e17319@localhost,TitForTatWithForgiveness,C,player_a9565aa4-0755-49b9-8903-cdf17a18a613@localhost,SuspiciousTitForTat,C,5,5,2760,2770
554,player_3f00b0bc-851d-4237-9446-d4ceb6e17319@localhost,TitForTatWithForgiveness,C,player_a9565aa4-0755-49b9-8903-cdf17a18a613@localhost,SuspiciousTitForTat,C,5,5,2765,2775
555,player_3f00b0bc-851d-4237-9446-d4ceb6e17319@localhost,TitForTatWithForgiveness,C,player_a9565aa4-0755-49b9-8903-cdf17a18a613@localhost,SuspiciousTitForTat,C,5,5,2770,2780
556,player_3f00b0bc-851d-4237-9446-d4ceb6e17319@localhost,TitForTatWithForgiveness,C,player_a9565aa4-0755-49b9-8903-cdf17a18a613@localhost,SuspiciousTitForTat,C,5,5,2775,2785
557,player_3f00b0bc-851d-4237-9446-d4ceb6e17319@localhost,TitForTatWithForgiveness,C,player_a9565aa4-0755-49b9-8903-cdf17a18a613@localhost,SuspiciousTitForTat,C,5,5,2780,2790
558,player_3f00b0bc-851d-4237-9446-d4ceb6e17319@localhost,TitForTatWithForgiveness,C,player_a9565aa4-0755-49b9-8903-cdf17a18a613@localhost,SuspiciousTitForTat,C,5,5,2785,2795
559,player_3f00b0bc-851d-4237-9446-d4ceb6e17319@localhost,TitForTatWithForgiveness,C,player_a9565aa4-0755-49b9-8903-cdf17a18a613@localhost,SuspiciousTitForTat,C,5,5,2790,2800
560,player_3f00b0bc-851d-4237-9446-d4ceb6e17319@localhost,TitForTatWithForgiveness,C,player_a9565aa4-0755-49b9-8903-cdf17a18a613@localhost,SuspiciousTitForTat,C,5,5,2795,2805
561,player_3f00b0bc-851d-4237-9446-d4ceb6e17319@localhost,TitForTatWithForgiveness,C,player_a9565aa4-0755-49b9-8903-cdf17a18a613@localhost,SuspiciousTitForTat,C,5,5,2800,2810
562,player_3f00b0bc-851d-4237-9446-d4ceb6e17319@localhost,TitForTatWithForgiveness,C,player_a9565aa4-0755-49b9-8903-cdf17a18a613@localhost,SuspiciousTitForTat,C,5,5,2805,2815
563,player_3f00b0bc-851d-4237-9446-d4ceb6e17319@localhost,TitForTatWithForgiveness,C,player_a9565aa4-0755-49b9-8903-cdf17a18a613@localhost,SuspiciousTitForTat,C,5,5,2810,2820
564,player_3f00b0bc-851d-4237-9446-d4ceb6e17319@localhost,TitForTatWithForgiveness,C,player_a9565aa4-0755-49b9-8903-cdf17a18a613@localhost,SuspiciousTitForTat,C,5,5,2815,2825
565,player_3f00b0bc-851d-4237-9446-d4ceb6e17319@localhost,TitForTatWithForgiveness,C,player_a9565aa4-0755-49b9-8903-cdf17a18a613@localhost,SuspiciousTitForTat,C,5,5,2820,2830
566,player_3f00b0bc-851d-4237-9446-d4ceb6e17319@localhost,TitForTatWithForgiveness,C,player_a9565aa4-0755-49b9-8903-cdf17a18a613@localhost,SuspiciousTitForTat,C,5,5,2825,2835
567,player_3f00b0bc-851d-4237-9446-d4ceb6e17319@localhost,TitForTatWithForgiveness,C,player_a9565aa4-0755-49b9-8903-cdf17a18a613@localhost,SuspiciousTitForTat,C,5,5,2830,2840
568,player_3f00b0bc-851d-4237-9446-d4ceb6e17319@localhost,TitForTatWithForgiveness,C,player_a9565aa4-0755-49b9-8903-cdf17a18a613@localhost,SuspiciousTitForTat,C,5,5,2835,2845
569,player_3f00b0bc-851d-4237-9446-d4ceb6e17319@localhost,TitForTatWithForgiveness,C,player_a9565aa4-0755-49b9-8903-cdf17a18a613@localhost,SuspiciousTitForTat,C,5,5,2840,2850
570,player_3f00b0bc-851d-4237-9446-d4ceb6e17319@localhost,TitForTatWithForgiveness,C,player_a9565aa4-0755-49b9-8903-cdf17a18a613@localhost,SuspiciousTitForTat,C,5,5,2845,2855
571,player_3f00b0bc-851d-4237-9446-d4ceb6e17319@localhost,TitForTatWithForgiveness,C,player_a9565aa4-0755-49b9-8903-cdf17a18a613@localhost,SuspiciousTitForTat,C,5,5,2850,2860
572,player_3f00b0bc-851d-4237-9446-d4ceb6e17319@localhost,TitForTatWithForgiveness,C,player_a9565aa4-0755-49b9-8903-cdf17a18a613@localhost,SuspiciousTitForTat,C,5,5,2855,2865
573,player_3f00b0bc-851d-4237-9446-d4ceb6e17319@localhost,TitForTatWithForgiveness,C,player_a9565aa4-0755-49b9-8903-cdf17a18a613@localhost,SuspiciousTitForTat,C,5,5,2860,2870
574,player_3f00b0bc-851d-4237-9446-d4ceb6e17319@localhost,TitForTatWithForgiveness,C,player_a9565aa4-0755-49b9-8903-cdf17a18a613@localhost,SuspiciousTitForTat,C,5,5,2865,2875
575,player_3f00b0bc-851d-4237-9446-d4ceb6e17319@localhost,TitForTatWithForgiveness,C,player_a9565aa4-0755-49b9-8903-cdf17a18a613@localhost,SuspiciousTitForTat,C,5,5,2870,2880
576,player_3f00b0bc-851d-4237-9446-d4ceb6e17319@localhost,TitForTatWithForgiveness,C,player_a9565aa4-0755-49b9-8903-cdf17a18a613@localhost,SuspiciousTitForTat,C,5,5,2875,2885
577,player_3f00b0bc-851d-4237-9446-d4ceb6e17319@localhost,TitForTatWithForgiveness,C,player_a9565aa4-0755-49b9-8903-cdf17a18a613@localhost,SuspiciousTitForTat,C,5,5,2880,2890
578,player_3f00b0bc-851d-4237-9446-d4ceb6e17319@localhost,TitForTatWithForgiveness,C,player_a9565aa4-0755-49b9-8903-cdf17a18a613@localhost,SuspiciousTitForTat,C,5,5,2885,2895
579,player_3f00b0bc-851d-4237-9446-d4ceb6e17319@localhost,TitForTatWithForgiveness,C,player_a9565aa4-0755-49b9-8903-cdf17a18a613@localhost,SuspiciousTitForTat,C,5,5,2890,2900
580,player_3f00b0bc-851d-4237-9446-d4ceb6e17319@localhost,TitForTatWithForgiveness,C,player_a9565aa4-0755-49b9-8903-cdf17a18a613@localhost,SuspiciousTitForTat,C,5,5,2895,2905
581,player_3f00b0bc-851d-4237-9446-d4ceb6e17319@localhost,TitForTatWithForgiveness,C,player_a9565aa4-0755-49b9-8903-cdf17a18a613@localhost,SuspiciousTitForTat,C,5,5,2900,2910
582,player_3f00b0bc-851d-4237-9446-d4ceb6e17319@localhost,TitForTatWithForgiveness,C,player_a9565aa4-0755-49b9-8903-cdf17a18a613@localhost,SuspiciousTitForTat,C,5,5,2905,2915
583,player_3f00b0bc-851d-4237-9446-d4ceb6e17319@localhost,TitForTatWithForgiveness,C,player_a9565aa4-0755-49b9-8903-cdf17a18a613@localhost,SuspiciousTitForTat,C,5,5,2910,2920
584,player_3f00b0bc-851d-4237-9446-d4ceb6e17319@localhost,TitForTatWithForgiveness,C,player_a9565aa4-0755-49b9-8903-cdf17a18a613@localhost,SuspiciousTitForTat,C,5,5,2915,2925
585,player_3f00b0bc-851d-4237-9446-d4ceb6e17319@localhost,TitForTatWithForgiveness,C,player_a9565aa4-0755-49b9-8903-cdf17a18a613@localhost,SuspiciousTitForTat,C,5,5,2920,2930
586,player_3f00b0bc-851d-4237-9446-d4ceb6e17319@localhost,TitForTatWithForgiveness,C,player_a9565aa4-0755-49b9-8903-cdf17a18a613@localhost,SuspiciousTitForTat,C,5,5,2925,2935
587,player_3f00b0bc-851d-4237-9446-d4ceb6e17319@localhost,TitForTatWithForgiveness,C,player_a9565aa4-0755-49b9-8903-cdf17a18a613@localhost,SuspiciousTitForTat,C,5,5,2930,2940
588,player_3f00b0bc-851d-4237-9446-d4ceb6e17319@localhost,TitForTatWithForgiveness,C,player_a9565aa4-0755-49b9-8903-cdf17a18a613@localhost,SuspiciousTitForTat,C,5,5,2935,2945
589,player_3f00b0bc-851d-4237-9446-d4ceb6e17319@localhost,TitForTatWithForgiveness,C,player_a9565aa4-0755-49b9-8903-cdf17a18a613@localhost,SuspiciousTitForTat,C,5,5,2940,2950
590,player_3f00b0bc-851d-4237-9446-d4ceb6e17319@localhost,TitForTatWithForgiveness,C,player_a9565aa4-0755-49b9-8903-cdf17a18a613@localhost,SuspiciousTitForTat,C,5,5,2945,2955
591,player_3f00b0bc-851d-4237-9446-d4ceb6e17319@localhost,TitForTatWithForgiveness,C,player_a9565aa4-0755-49b9-8903-cdf17a18a613@localhost,SuspiciousTitForTat,C,5,5,2950,2960
592,player_3f00b0bc-851d-4237-9446-d4ceb6e17319@localhost,TitForTatWithForgiveness,C,player_a9565aa4-0755-49b9-8903-cdf17a18a613@localhost,SuspiciousTitForTat,C,5,5,2955,2965
593,player_3f00b0bc-851d-4237-9446-d4ceb6e17319@localhost,TitForTatWithForgiveness,C,player_a9565aa4-0755-49b9-8903-cdf17a18a613@localhost,SuspiciousTitForTat,C,5,5,2960,2970
594,player_3f00b0bc-851d-4237-9446-d4ceb6e17319@localhost,TitForTatWithForgiveness,C,player_a9565aa4-0755-49b9-8903-cdf17a18a613@localhost,SuspiciousTitForTat,C,5,5,2965,2975
595,player_3f00b0bc-851d-4237-9446-d4ceb6e17319@localhost,TitForTatWithForgiveness,C,player_a9565aa4-0755-49b9-8903-cdf17a18a613@localhost,SuspiciousTitForTat,C,5,5,2970,2980
596,player_3f00b0bc-851d-4237-9446-d4ceb6e17319@localhost,TitForTatWithForgiveness,C,player_a9565aa4-0755-49b9-8903-cdf17a18a613@localhost,SuspiciousTitForTat,C,5,5,2975,2985
597,player_3f00b0bc-851d-4237-9446-d4ceb6e17319@localhost,TitForTatWithForgiveness,C,player_a9565aa4-0755-49b9-8903-cdf17a18a613@localhost,SuspiciousTitForTat,C,5,5,2980,2990
598,player_3f00b0bc-851d-4237-9446-d4ceb6e17319@localhost,TitForTatWithForgiveness,C,player_a9565aa4-0755-49b9-8903-cdf17a18a613@localhost,SuspiciousTitForTat,C,5,5,2985,2995
599,player_3f00b0bc-851d-4237-9446-d4ceb6e17319@localhost,TitForTatWithForgiveness,C,player_a9565aa4-0755-49b9-8903-cdf17a18a613@localhost,SuspiciousTitForTat,C,5,5,2990,3000
600,player_3f00b0bc-851d-4237-9446-d4ceb6e17319@localhost,TitForTatWithForgiveness,C,player_a9565aa4-0755-49b9-8903-cdf17a18a613@localhost,SuspiciousTitForTat,C,5,5,2995,3005
601,player_3f00b0bc-851d-4237-9446-d4ceb6e17319@localhost,TitForTatWithForgiveness,C,player_a9565aa4-0755-49b9-8903-cdf17a18a613@localhost,SuspiciousTitForTat,C,5,5,3000,3010
602,player_3f00b0bc-851d-4237-9446-d4ceb6e17319@localhost,TitForTatWithForgiveness,C,player_a9565aa4-0755-49b9-8903-cdf17a18a613@localhost,SuspiciousTitForTat,C,5,5,3005,3015
603,player_3f00b0bc-851d-4237-9446-d4ceb6e17319@localhost,TitForTatWithForgiveness,C,player_a9565aa4-0755-49b9-8903-cdf17a18a613@localhost,SuspiciousTitForTat,C,5,5,3010,3020
604,player_3f00b0bc-851d-4237-9446-d4ceb6e17319@localhost,TitForTatWithForgiveness,C,player_a9565aa4-0755-49b9-8903-cdf17a18a613@localhost,SuspiciousTitForTat,C,5,5,3015,3025
605,player_3f00b0bc-851d-4237-9446-d4ceb6e17319@localhost,TitForTatWithForgiveness,C,player_a9565aa4-0755-49b9-8903-cdf17a18a613@localhost,SuspiciousTitForTat,C,5,5,3020,3030
606,player_3f00b0bc-851d-4237-9446-d4ceb6e17319@localhost,TitForTatWithForgiveness,C,player_a9565aa4-0755-49b9-8903-cdf17a18a613@localhost,SuspiciousTitForTat,C,5,5,3025,3035
607,player_3f00b0bc-851d-4237-9446-d4ceb6e17319@localhost,TitForTatWithForgiveness,C,player_a9565aa4-0755-49b9-8903-cdf17a18a613@localhost,SuspiciousTitForTat,C,5,5,3030,3040
608,player_3f00b0bc-851d-4237-9446-d4ceb6e17319@localhost,TitForTatWithForgiveness,C,player_a9565aa4-0755-49b9-8903-cdf17a18a613@localhost,SuspiciousTitForTat,C,5,5,3035,3045
609,player_3f00b0bc-851d-4237-9446-d4ceb6e17319@localhost,TitForTatWithForgiveness,C,player_a9565aa4-0755-49b9-8903-cdf17a18a613@localhost,SuspiciousTitForTat,C,5,5,3040,3050
610,player_3f00b0bc-851d-4237-9446-d4ceb6e17319@localhost,TitForTatWithForgiveness,C,player_a9565aa4-0755-49b9-8903-cdf17a18a613@localhost,SuspiciousTitForTat,C,5,5,3045,3055
611,player_3f00b0bc-851d-4237-9446-d4ceb6e17319@localhost,TitForTatWithForgiveness,C,player_a9565aa4-0755-49b9-8903-cdf17a18a613@localhost,SuspiciousTitForTat,C,5,5,3050,3060
612,player_3f00b0bc-851d-4237-9446-d4ceb6e17319@localhost,TitForTatWithForgiveness,C,player_a9565aa4-0755-49b9-8903-cdf17a18a613@localhost,SuspiciousTitForTat,C,5,5,3055,3065
613,player_3f00b0bc-851d-4237-9446-d4ceb6e17319@localhost,TitForTatWithForgiveness,C,player_a9565aa4-0755-49b9-8903-cdf17a18a613@localhost,SuspiciousTitForTat,C,5,5,3060,3070
614,player_3f00b0bc-851d-4237-9446-d4ceb6e17319@localhost,TitForTatWithForgiveness,C,player_a9565aa4-0755-49b9-8903-cdf17a18a613@localhost,SuspiciousTitForTat,C,5,5,3065,3075
615,player_3f00b0bc-851d-4237-9446-d4ceb6e17319@localhost,TitForTatWithForgiveness,C,player_a9565aa4-0755-49b9-8903-cdf17a18a613@localhost,SuspiciousTitForTat,C,5,5,3070,3080
616,player_3f00b0bc-851d-4237-9446-d4ceb6e17319@localhost,TitForTatWithForgiveness,C,player_a9565aa4-0755-49b9-8903-cdf17a18a613@localhost,SuspiciousTitForTat,C,5,5,3075,3085
617,player_3f00b0bc-851d-4237-9446-d4ceb6e17319@localhost,TitForTatWithForgiveness,C,player_a9565aa4-0755-49b9-8903-cdf17a18a613@localhost,SuspiciousTitForTat,C,5,5,3080,3090
618,player_3f00b0bc-851d-4237-9446-d4ceb6e17319@localhost,TitForTatWithForgiveness,C,player_a9565aa4-0755-49b9-8903-cdf17a18a613@localhost,SuspiciousTitForTat,C,5,5,3085,3095
619,player_3f00b0bc-851d-4237-9446-d4ceb6e17319@localhost,TitForTatWithForgiveness,C,player_a9565aa4-0755-49b9-8903-cdf17a18a613@localhost,SuspiciousTitForTat,C,5,5,3090,3100
620,player_3f00b0bc-851d-4237-9446-d4ceb6e17319@localhost,TitForTatWithForgiveness,C,player_a9565aa4-0755-49b9-8903-cdf17a18a613@localhost,SuspiciousTitForTat,C,5,5,3095,3105
621,player_3f00b0bc-851d-4237-9446-d4ceb6e17319@localhost,TitForTatWithForgiveness,C,player_a9565aa4-0755-49b9-8903-cdf17a18a613@localhost,SuspiciousTitForTat,C,5,5,3100,3110
622,player_3f00b0bc-851d-4237-9446-d4ceb6e17319@localhost,TitForTatWithForgiveness,C,player_a9565aa4-0755-49b9-8903-cdf17a18a613@localhost,SuspiciousTitForTat,C,5,5,3105,3115
623,player_3f00b0bc-851d-4237-9446-d4ceb6e17319@localhost,TitForTatWithForgiveness,C,player_a9565aa4-0755-49b9-8903-cdf17a18a613@localhost,SuspiciousTitForTat,C,5,5,3110,3120
624,player_3f00b0bc-851d-4237-9446-d4ceb6e17319@localhost,TitForTatWithForgiveness,C,player_a9565aa4-0755-49b9-8903-cdf17a18a613@localhost,SuspiciousTitForTat,C,5,5,3115,3125
625,player_3f00b0bc-851d-4237-9446-d4ceb6e17319@localhost,TitForTatWithForgiveness,C,player_a9565aa4-0755-49b9-8903-cdf17a18a613@localhost,SuspiciousTitForTat,C,5,5,3120,3130
626,player_3f00b0bc-851d-4237-9446-d4ceb6e17319@localhost,TitForTatWithForgiveness,C,player_a9565aa4-0755-49b9-8903-cdf17a18a613@localhost,SuspiciousTitForTat,C,5,5,3125,3135
627,player_3f00b0bc-851d-4237-9446-d4ceb6e17319@localhost,TitForTatWithForgiveness,C,player_a9565aa4-0755-49b9-8903-cdf17a18a613@localhost,SuspiciousTitForTat,C,5,5,3130,3140
628,player_3f00b0bc-851d-4237-9446-d4ceb6e17319@localhost,TitForTatWithForgiveness,C,player_a9565aa4-0755-49b9-8903-cdf17a18a613@localhost,SuspiciousTitForTat,C,5,5,3135,3145
629,player_3f00b0bc-851d-4237-9446-d4ceb6e17319@localhost,TitForTatWithForgiveness,C,player_a9565aa4-0755-49b9-8903-cdf17a18a613@localhost,SuspiciousTitForTat,C,5,5,3140,3150
630,player_3f00b0bc-851d-4237-9446-d4ceb6e17319@localhost,TitForTatWithForgiveness,C,player_a9565aa4-0755-49b9-8903-cdf17a18a613@localhost,SuspiciousTitForTat,C,5,5,3145,3155
631,player_3f00b0bc-851d-4237-9446-d4ceb6e17319@localhost,TitForTatWithForgiveness,C,player_a9565aa4-0755-49b9-8903-cdf17a18a613@localhost,SuspiciousTitForTat,C,5,5,3150,3160
632,player_3f00b0bc-851d-4237-9446-d4ceb6e17319@localhost,TitForTatWithForgiveness,C,player_a9565aa4-0755-49b9-8903-cdf17a18a613@localhost,SuspiciousTitForTat,C,5,5,3155,3165
633,player_3f00b0bc-851d-4237-9446-d4ceb6e17319@localhost,TitForTatWithForgiveness,C,player_a9565aa4-0755-49b9-8903-cdf17a18a613@localhost,SuspiciousTitForTat,C,5,5,3160,3170
634,player_3f00b0bc-851d-4237-9446-d4ceb6e17319@localhost,TitForTatWithForgiveness,C,player_a9565aa4-0755-49b9-8903-cdf17a18a613@localhost,SuspiciousTitForTat,C,5,5,3165,3175
635,player_3f00b0bc-851d-4237-9446-d4ceb6e17319@localhost,TitForTatWithForgiveness,C,player_a9565aa4-0755-49b9-8903-cdf17a18a613@localhost,SuspiciousTitForTat,C,5,5,3170,3180
636,player_3f00b0bc-851d-4237-9446-d4ceb6e17319@localhost,TitForTatWithForgiveness,C,player_a9565aa4-0755-49b9-8903-cdf17a18a613@localhost,SuspiciousTitForTat,C,5,5,3175,3185
637,player_3f00b0bc-851d-4237-9446-d4ceb6e17319@localhost,TitForTatWithForgiveness,C,player_a9565aa4-0755-49b9-8903-cdf17a18a613@localhost,SuspiciousTitForTat,C,5,5,3180,3190
638,player_3f00b0bc-851d-4237-9446-d4ceb6e17319@localhost,TitForTatWithForgiveness,C,player_a9565aa4-0755-49b9-8903-cdf17a18a613@localhost,SuspiciousTitForTat,C,5,5,3185,3195
639,player_3f00b0bc-851d-4237-9446-d4ceb6e17319@localhost,TitForTatWithForgiveness,C,player_a9565aa4-0755-49b9-8903-cdf17a18a613@localhost,SuspiciousTitForTat,C,5,5,3190,3200
640,player_3f00b0bc-851d-4237-9446-d4ceb6e17319@localhost,TitForTatWithForgiveness,C,player_a9565aa4-0755-49b9-8903-cdf17a18a613@localhost,SuspiciousTitForTat,C,5,5,3195,3205
641,player_3f00b0bc-851d-4237-9446-d4ceb6e17319@localhost,TitForTatWithForgiveness,C,player_a9565aa4-0755-49b9-8903-cdf17a18a613@localhost,SuspiciousTitForTat,C,5,5,3200,3210
642,player_3f00b0bc-851d-4237-9446-d4ceb6e17319@localhost,TitForTatWithForgiveness,C,player_a9565aa4-0755-49b9-8903-cdf17a18a613@localhost,SuspiciousTitForTat,C,5,5,3205,3215
643,player_3f00b0bc-851d-4237-9446-d4ceb6e17319@localhost,TitForTatWithForgiveness,C,player_a9565aa4-0755-49b9-8903-cdf17a18a613@localhost,SuspiciousTitForTat,C,5,5,3210,3220
644,player_3f00b0bc-851d-4237-9446-d4ceb6e17319@localhost,TitForTatWithForgiveness,C,player_a9565aa4-0755-49b9-8903-cdf17a18a613@localhost,SuspiciousTitForTat,C,5,5,3215,3225
645,player_3f00b0bc-851d-4237-9446-d4ceb6e17319@localhost,TitForTatWithForgiveness,C,player_a9565aa4-0755-49b9-8903-cdf17a18a613@localhost,SuspiciousTitForTat,C,5,5,3220,3230
646,player_3f00b0bc-851d-4237-9446-d4ceb6e17319@localhost,TitForTatWithForgiveness,C,player_a9565aa4-0755-49b9-8903-cdf17a18a613@localhost,SuspiciousTitForTat,C,5,5,3225,3235
647,player_3f00b0bc-851d-4237-9446-d4ceb6e17319@localhost,TitForTatWithForgiveness,C,player_a9565aa4-0755-49b9-8903-cdf17a18a613@localhost,SuspiciousTitForTat,C,5,5,3230,3240
648,player_3f00b0bc-851d-4237-9446-d4ceb6e17319@localhost,TitForTatWithForgiveness,C,player_a9565aa4-0755-49b9-8903-cdf17a18a613@localhost,SuspiciousTitForTat,C,5,5,3235,3245
649,player_3f00b0bc-851d-4237-9446-d4ceb6e17319@localhost,TitForTatWithForgiveness,C,player_a9565aa4-0755-49b9-8903-cdf17a18a613@localhost,SuspiciousTitForTat,C,5,5,3240,3250
650,player_3f00b0bc-851d-4237-9446-d4ceb6e17319@localhost,TitForTatWithForgiveness,C,player_a9565aa4-0755-49b9-8903-cdf17a18a613@localhost,SuspiciousTitForTat,C,5,5,3245,3255
651,player_3f00b0bc-851d-4237-9446-d4ceb6e17319@localhost,TitForTatWithForgiveness,C,player_a9565aa4-0755-49b9-8903-cdf17a18a613@localhost,SuspiciousTitForTat,C,5,5,3250,3260
652,player_3f00b0bc-851d-4237-9446-d4ceb6e17319@localhost,TitForTatWithForgiveness,C,player_a9565aa4-0755-49b9-8903-cdf17a18a613@localhost,SuspiciousTitForTat,C,5,5,3255,3265
653,player_3f00b0bc-851d-4237-9446-d4ceb6e17319@localhost,TitForTatWithForgiveness,C,player_a9565aa4-0755-49b9-8903-cdf17a18a613@localhost,SuspiciousTitForTat,C,5,5,3260,3270
654,player_3f00b0bc-851d-4237-9446-d4ceb6e17319@localhost,TitForTatWithForgiveness,C,player_a9565aa4-0755-49b9-8903-cdf17a18a613@localhost,SuspiciousTitForTat,C,5,5,3265,3275
655,player_3f00b0bc-851d-4237-9446-d4ceb6e17319@localhost,TitForTatWithForgiveness,C,player_a9565aa4-0755-49b9-8903-cdf17a18a613@localhost,SuspiciousTitForTat,C,5,5,3270,3280
656,player_3f00b0bc-851d-4237-9446-d4ceb6e17319@localhost,TitForTatWithForgiveness,C,player_a9565aa4-0755-49b9-8903-cdf17a18a613@localhost,SuspiciousTitForTat,C,5,5,3275,3285
657,player_3f00b0bc-851d-4237-9446-d4ceb6e17319@localhost,TitForTatWithForgiveness,C,player_a9565aa4-0755-49b9-8903-cdf17a18a613@localhost,SuspiciousTitForTat,C,5,5,3280,3290
658,player_3f00b0bc-851d-4237-9446-d4ceb6e17319@localhost,TitForTatWithForgiveness,C,player_a9565aa4-0755-49b9-8903-cdf17a18a613@localhost,SuspiciousTitForTat,C,5,5,3285,3295
659,player_3f00b0bc-851d-4237-9446-d4ceb6e17319@localhost,TitForTatWithForgiveness,C,player_a9565aa4-0755-49b9-8903-cdf17a18a613@localhost,SuspiciousTitForTat,C,5,5,3290,3300
660,player_3f00b0bc-851d-4237-9446-d4ceb6e17319@localhost,TitForTatWithForgiveness,C,player_a9565aa4-0755-49b9-8903-cdf17a18a613@localhost,SuspiciousTitForTat,C,5,5,3295,3305
661,player_3f00b0bc-851d-4237-9446-d4ceb6e17319@localhost,TitForTatWithForgiveness,C,player_a9565aa4-0755-49b9-8903-cdf17a18a613@localhost,SuspiciousTitForTat,C,5,5,3300,3310
662,player_3f00b0bc-851d-4237-9446-d4ceb6e17319@localhost,TitForTatWithForgiveness,C,player_a9565aa4-0755-49b9-8903-cdf17a18a613@localhost,SuspiciousTitForTat,C,5,5,3305,3315
663,player_3f00b0bc-851d-4237-9446-d4ceb6e17319@localhost,TitForTatWithForgiveness,C,player_a9565aa4-0755-49b9-8903-cdf17a18a613@localhost,SuspiciousTitForTat,C,5,5,3310,3320
664,player_3f00b0bc-851d-4237-9446-d4ceb6e17319@localhost,TitForTatWithForgiveness,C,player_a9565aa4-0755-49b9-8903-cdf17a18a613@localhost,SuspiciousTitForTat,C,5,5,3315,3325
665,player_3f00b0bc-851d-4237-9446-d4ceb6e17319@localhost,TitForTatWithForgiveness,C,player_a9565aa4-0755-49b9-8903-cdf17a18a613@localhost,SuspiciousTitForTat,C,5,5,3320,3330
666,player_3f00b0bc-851d-4237-9446-d4ceb6e17319@localhost,TitForTatWithForgiveness,C,player_a9565aa4-0755-49b9-8903-cdf17a18a613@localhost,SuspiciousTitForTat,C,5,5,3325,3335
667,player_3f00b0bc-851d-4237-9446-d4ceb6e17319@localhost,TitForTatWithForgiveness,C,player_a9565aa4-0755-49b9-8903-cdf17a18a613@localhost,SuspiciousTitForTat,C,5,5,3330,3340
668,player_3f00b0bc-851d-4237-9446-d4ceb6e17319@localhost,TitForTatWithForgiveness,C,player_a9565aa4-0755-49b9-8903-cdf17a18a613@localhost,SuspiciousTitForTat,C,5,5,3335,3345
669,player_3f00b0bc-851d-4237-9446-d4ceb6e17319@localhost,TitForTatWithForgiveness,C,player_a9565aa4-0755-49b9-8903-cdf17a18a613@localhost,SuspiciousTitForTat,C,5,5,3340,3350
670,player_3f00b0bc-851d-4237-9446-d4ceb6e17319@localhost,TitForTatWithForgiveness,C,player_a9565aa4-0755-49b9-8903-cdf17a18a613@localhost,SuspiciousTitForTat,C,5,5,3345,3355
671,player_3f00b0bc-851d-4237-9446-d4ceb6e17319@localhost,TitForTatWithForgiveness,C,player_a9565aa4-0755-49b9-8903-cdf17a18a613@localhost,SuspiciousTitForTat,C,5,5,3350,3360
672,player_3f00b0bc-851d-4237-9446-d4ceb6e17319@localhost,TitForTatWithForgiveness,C,player_a9565aa4-0755-49b9-8903-cdf17a18a613@localhost,SuspiciousTitForTat,C,5,5,3355,3365
673,player_3f00b0bc-851d-4237-9446-d4ceb6e17319@localhost,TitForTatWithForgiveness,C,player_a9565aa4-0755-49b9-8903-cdf17a18a613@localhost,SuspiciousTitForTat,C,5,5,3360,3370
674,player_3f00b0bc-851d-4237-9446-d4ceb6e17319@localhost,TitForTatWithForgiveness,C,player_a9565aa4-0755-49b9-8903-cdf17a18a613@localhost,SuspiciousTitForTat,C,5,5,3365,3375
675,player_3f00b0bc-851d-4237-9446-d4ceb6e17319@localhost,TitForTatWithForgiveness,C,player_a9565aa4-0755-49b9-8903-cdf17a18a613@localhost,SuspiciousTitForTat,C,5,5,3370,3380
676,player_3f00b0bc-851d-4237-9446-d4ceb6e17319@localhost,TitForTatWithForgiveness,C,player_a9565aa4-0755-49b9-8903-cdf17a18a613@localhost,SuspiciousTitForTat,C,5,5,3375,3385
677,player_3f00b0bc-851d-4237-9446-d4ceb6e17319@localhost,TitForTatWithForgiveness,C,player_a9565aa4-0755-49b9-8903-cdf17a18a613@localhost,SuspiciousTitForTat,C,5,5,3380,3390
678,player_3f00b0bc-851d-4237-9446-d4ceb6e17319@localhost,TitForTatWithForgiveness,C,player_a9565aa4-0755-49b9-8903-cdf17a18a613@localhost,SuspiciousTitForTat,C,5,5,3385,3395
679,player_3f00b0bc-851d-4237-9446-d4ceb6e17319@localhost,TitForTatWithForgiveness,C,player_a9565aa4-0755-49b9-8903-cdf17a18a613@localhost,SuspiciousTitForTat,C,5,5,3390,3400
680,player_3f00b0bc-851d-4237-9446-d4ceb6e17319@localhost,TitForTatWithForgiveness,C,player_a9565aa4-0755-49b9-8903-cdf17a18a613@localhost,SuspiciousTitForTat,C,5,5,3395,3405
681,player_3f00b0bc-851d-4237-9446-d4ceb6e17319@localhost,TitForTatWithForgiveness,C,player_a9565aa4-0755-49b9-8903-cdf17a18a613@localhost,SuspiciousTitForTat,C,5,5,3400,3410
682,player_3f00b0bc-851d-4237-9446-d4ceb6e17319@localhost,TitForTatWithForgiveness,C,player_a9565aa4-0755-49b9-8903-cdf17a18a613@localhost,SuspiciousTitForTat,C,5,5,3405,3415
683,player_3f00b0bc-851d-4237-9446-d4ceb6e17319@localhost,TitForTatWithForgiveness,C,player_a9565aa4-0755-49b9-8903-cdf17a18a613@localhost,SuspiciousTitForTat,C,5,5,3410,3420
684,player_3f00b0bc-851d-4237-9446-d4ceb6e17319@localhost,TitForTatWithForgiveness,C,player_a9565aa4-0755-49b9-8903-cdf17a18a613@localhost,SuspiciousTitForTat,C,5,5,3415,3425
685,player_3f00b0bc-851d-4237-9446-d4ceb6e17319@localhost,TitForTatWithForgiveness,C,player_a9565aa4-0755-49b9-8903-cdf17a18a613@localhost,SuspiciousTitForTat,C,5,5,3420,3430
686,player_3f00b0bc-851d-4237-9446-d4ceb6e17319@localhost,TitForTatWithForgiveness,C,player_a9565aa4-0755-49b9-8903-cdf17a18a613@localhost,SuspiciousTitForTat,C,5,5,3425,3435
687,player_3f00b0bc-851d-4237-9446-d4ceb6e17319@localhost,TitForTatWithForgiveness,C,player_a9565aa4-0755-49b9-8903-cdf17a18a613@localhost,SuspiciousTitForTat,C,5,5,3430,3440
688,player_3f00b0bc-851d-4237-9446-d4ceb6e17319@localhost,TitForTatWithForgiveness,C,player_a9565aa4-0755-49b9-8903-cdf17a18a613@localhost,SuspiciousTitForTat,C,5,5,3435,3445
689,player_3f00b0bc-851d-4237-9446-d4ceb6e17319@localhost,TitForTatWithForgiveness,C,player_a9565aa4-0755-49b9-8903-cdf17a18a613@localhost,SuspiciousTitForTat,C,5,5,3440,3450
690,player_3f00b0bc-851d-4237-9446-d4ceb6e17319@localhost,TitForTatWithForgiveness,C,player_a9565aa4-0755-49b9-8903-cdf17a18a613@localhost,SuspiciousTitForTat,C,5,5,3445,3455
691,player_3f00b0bc-851d-4237-9446-d4ceb6e17319@localhost,TitForTatWithForgiveness,C,player_a9565aa4-0755-49b9-8903-cdf17a18a613@localhost,SuspiciousTitForTat,C,5,5,3450,3460
692,player_3f00b0bc-851d-4237-9446-d4ceb6e17319@localhost,TitForTatWithForgiveness,C,player_a9565aa4-0755-49b9-8903-cdf17a18a613@localhost,SuspiciousTitForTat,C,5,5,3455,3465
693,player_3f00b0bc-851d-4237-9446-d4ceb6e17319@localhost,TitForTatWithForgiveness,C,player_a9565aa4-0755-49b9-8903-cdf17a18a613@localhost,SuspiciousTitForTat,C,5,5,3460,3470
694,player_3f00b0bc-851d-4237-9446-d4ceb6e17319@localhost,TitForTatWithForgiveness,C,player_a9565aa4-0755-49b9-8903-cdf17a18a613@localhost,SuspiciousTitForTat,C,5,5,3465,3475
695,player_3f00b0bc-851d-4237-9446-d4ceb6e17319@localhost,TitForTatWithForgiveness,C,player_a9565aa4-0755-49b9-8903-cdf17a18a613@localhost,SuspiciousTitForTat,C,5,5,3470,3480
696,player_3f00b0bc-851d-4237-9446-d4ceb6e17319@localhost,TitForTatWithForgiveness,C,player_a9565aa4-0755-49b9-8903-cdf17a18a613@localhost,SuspiciousTitForTat,C,5,5,3475,3485
697,player_3f00b0bc-851d-4237-9446-d4ceb6e17319@localhost,TitForTatWithForgiveness,C,player_a9565aa4-0755-49b9-8903-cdf17a18a613@localhost,SuspiciousTitForTat,C,5,5,3480,3490
698,player_3f00b0bc-851d-4237-9446-d4ceb6e17319@localhost,TitForTatWithForgiveness,C,player_a9565aa4-0755-49b9-8903-cdf17a18a613@localhost,SuspiciousTitForTat,C,5,5,3485,3495
699,player_3f00b0bc-851d-4237-9446-d4ceb6e17319@localhost,TitForTatWithForgiveness,C,player_a9565aa4-0755-49b9-8903-cdf17a18a613@localhost,SuspiciousTitForTat,C,5,5,3490,3500
700,player_3f00b0bc-851d-4237-9446-d4ceb6e17319@localhost,TitForTatWithForgiveness,C,player_a9565aa4-0755-49b9-8903-cdf17a18a613@localhost,SuspiciousTitForTat,C,5,5,3495,3505
701,player_3f00b0bc-851d-4237-9446-d4ceb6e17319@localhost,TitForTatWithForgiveness,C,player_a9565aa4-0755-49b9-8903-cdf17a18a613@localhost,SuspiciousTitForTat,C,5,5,3500,3510
702,player_3f00b0bc-851d-4237-9446-d4ceb6e17319@localhost,TitForTatWithForgiveness,C,player_a9565aa4-0755-49b9-8903-cdf17a18a613@localhost,SuspiciousTitForTat,C,5,5,3505,3515
703,player_3f00b0bc-851d-4237-9446-d4ceb6e17319@localhost,TitForTatWithForgiveness,C,player_a9565aa4-0755-49b9-8903-cdf17a18a613@localhost,SuspiciousTitForTat,C,5,5,3510,3520
704,player_3f00b0bc-851d-4237-9446-d4ceb6e17319@localhost,TitForTatWithForgiveness,C,player_a9565aa4-0755-49b9-8903-cdf17a18a613@localhost,SuspiciousTitForTat,C,5,5,3515,3525
705,player_3f00b0bc-851d-4237-9446-d4ceb6e17319@localhost,TitForTatWithForgiveness,C,player_a9565aa4-0755-49b9-8903-cdf17a18a613@localhost,SuspiciousTitForTat,C,5,5,3520,3530
706,player_3f00b0bc-851d-4237-9446-d4ceb6e17319@localhost,TitForTatWithForgiveness,C,player_a9565aa4-0755-49b9-8903-cdf17a18a613@localhost,SuspiciousTitForTat,C,5,5,3525,3535
707,player_3f00b0bc-851d-4237-9446-d4ceb6e17319@localhost,TitForTatWithForgiveness,C,player_a9565aa4-0755-49b9-8903-cdf17a18a613@localhost,SuspiciousTitForTat,C,5,5,3530,3540
708,player_3f00b0bc-851d-4237-9446-d4ceb6e17319@localhost,TitForTatWithForgiveness,C,player_a9565aa4-0755-49b9-8903-cdf17a18a613@localhost,SuspiciousTitForTat,C,5,5,3535,3545
709,player_3f00b0bc-851d-4237-9446-d4ceb6e17319@localhost,TitForTatWithForgiveness,C,player_a9565aa4-0755-49b9-8903-cdf17a18a613@localhost,SuspiciousTitForTat,C,5,5,3540,3550
710,player_3f00b0bc-851d-4237-9446-d4ceb6e17319@localhost,TitForTatWithForgiveness,C,player_a9565aa4-0755-49b9-8903-cdf17a18a613@localhost,SuspiciousTitForTat,C,5,5,3545,3555
711,player_3f00b0bc-851d-4237-9446-d4ceb6e17319@localhost,TitForTatWithForgiveness,C,player_a9565aa4-0755-49b9-8903-cdf17a18a613@localhost,SuspiciousTitForTat,C,5,5,3550,3560
712,player_3f00b0bc-851d-4237-9446-d4ceb6e17319@localhost,TitForTatWithForgiveness,C,player_a9565aa4-0755-49b9-8903-cdf17a18a613@localhost,SuspiciousTitForTat,C,5,5,3555,3565
713,player_3f00b0bc-851d-4237-9446-d4ceb6e17319@localhost,TitForTatWithForgiveness,C,player_a9565aa4-0755-49b9-8903-cdf17a18a613@localhost,SuspiciousTitForTat,C,5,5,3560,3570
714,player_3f00b0bc-851d-4237-9446-d4ceb6e17319@localhost,TitForTatWithForgiveness,C,player_a9565aa4-0755-49b9-8903-cdf17a18a613@localhost,SuspiciousTitForTat,C,5,5,3565,3575
715,player_3f00b0bc-851d-4237-9446-d4ceb6e17319@localhost,TitForTatWithForgiveness,C,player_a9565aa4-0755-49b9-8903-cdf17a18a613@localhost,SuspiciousTitForTat,C,5,5,3570,3580
716,player_3f00b0bc-851d-4237-9446-d4ceb6e17319@localhost,TitForTatWithForgiveness,C,player_a9565aa4-0755-49b9-8903-cdf17a18a613@localhost,SuspiciousTitForTat,C,5,5,3575,3585
717,player_3f00b0bc-851d-4237-9446-d4ceb6e17319@localhost,TitForTatWithForgiveness,C,player_a9565aa4-0755-49b9-8903-cdf17a18a613@localhost,SuspiciousTitForTat,C,5,5,3580,3590
718,player_3f00b0bc-851d-4237-9446-d4ceb6e17319@localhost,TitForTatWithForgiveness,C,player_a9565aa4-0755-49b9-8903-cdf17a18a613@localhost,SuspiciousTitForTat,C,5,5,3585,3595
719,player_3f00b0bc-851d-4237-9446-d4ceb6e17319@localhost,TitForTatWithForgiveness,C,player_a9565aa4-0755-49b9-8903-cdf17a18a613@localhost,SuspiciousTitForTat,C,5,5,3590,3600
720,player_3f00b0bc-851d-4237-9446-d4ceb6e17319@localhost,TitForTatWithForgiveness,C,player_a9565aa4-0755-49b9-8903-cdf17a18a613@localhost,SuspiciousTitForTat,C,5,5,3595,3605
721,player_3f00b0bc-851d-4237-9446-d4ceb6e17319@localhost,TitForTatWithForgiveness,C,player_a9565aa4-0755-49b9-8903-cdf17a18a613@localhost,SuspiciousTitForTat,C,5,5,3600,3610
722,player_3f00b0bc-851d-4237-9446-d4ceb6e17319@localhost,TitForTatWithForgiveness,C,player_a9565aa4-0755-49b9-8903-cdf17a18a613@localhost,SuspiciousTitForTat,C,5,5,3605,3615
723,player_3f00b0bc-851d-4237-9446-d4ceb6e17319@localhost,TitForTatWithForgiveness,C,player_a9565aa4-0755-49b9-8903-cdf17a18a613@localhost,SuspiciousTitForTat,C,5,5,3610,3620
724,player_3f00b0bc-851d-4237-9446-d4ceb6e17319@localhost,TitForTatWithForgiveness,C,player_a9565aa4-0755-49b9-8903-cdf17a18a613@localhost,SuspiciousTitForTat,C,5,5,3615,3625
725,player_3f00b0bc-851d-4237-9446-d4ceb6e17319@localhost,TitForTatWithForgiveness,C,player_a9565aa4-0755-49b9-8903-cdf17a18a613@localhost,SuspiciousTitForTat,C,5,5,3620,3630
726,player_3f00b0bc-851d-4237-9446-d4ceb6e17319@localhost,TitForTatWithForgiveness,C,player_a9565aa4-0755-49b9-8903-cdf17a18a613@localhost,SuspiciousTitForTat,C,5,5,3625,3635
727,player_3f00b0bc-851d-4237-9446-d4ceb6e17319@localhost,TitForTatWithForgiveness,C,player_a9565aa4-0755-49b9-8903-cdf17a18a613@localhost,SuspiciousTitForTat,C,5,5,3630,3640
728,player_3f00b0bc-851d-4237-9446-d4ceb6e17319@localhost,TitForTatWithForgiveness,C,player_a9565aa4-0755-49b9-8903-cdf17a18a613@localhost,SuspiciousTitForTat,C,5,5,3635,3645
729,player_3f00b0bc-851d-4237-9446-d4ceb6e17319@localhost,TitForTatWithForgiveness,C,player_a9565aa4-0755-49b9-8903-cdf17a18a613@localhost,SuspiciousTitForTat,C,5,5,3640,3650
730,player_3f00b0bc-851d-4237-9446-d4ceb6e17319@localhost,TitForTatWithForgiveness,C,player_a9565aa4-0755-49b9-8903-cdf17a18a613@localhost,SuspiciousTitForTat,C,5,5,3645,3655
731,player_3f00b0bc-851d-4237-9446-d4ceb6e17319@localhost,TitForTatWithForgiveness,C,player_a9565aa4-0755-49b9-8903-cdf17a18a613@localhost,SuspiciousTitForTat,C,5,5,3650,3660
732,player_3f00b0bc-851d-4237-9446-d4ceb6e17319@localhost,TitForTatWithForgiveness,C,player_a9565aa4-0755-49b9-8903-cdf17a18a613@localhost,SuspiciousTitForTat,C,5,5,3655,3665
733,player_3f00b0bc-851d-4237-9446-d4ceb6e17319@localhost,TitForTatWithForgiveness,C,player_a9565aa4-0755-49b9-8903-cdf17a18a613@localhost,SuspiciousTitForTat,C,5,5,3660,3670
734,player_3f00b0bc-851d-4237-9446-d4ceb6e17319@localhost,TitForTatWithForgiveness,C,player_a9565aa4-0755-49b9-8903-cdf17a18a613@localhost,SuspiciousTitForTat,C,5,5,3665,3675
735,player_3f00b0bc-851d-4237-9446-d4ceb6e17319@localhost,TitForTatWithForgiveness,C,player_a9565aa4-0755-49b9-8903-cdf17a18a613@localhost,SuspiciousTitForTat,C,5,5,3670,3680
736,player_3f00b0bc-851d-4237-9446-d4ceb6e17319@localhost,TitForTatWithForgiveness,C,player_a9565aa4-0755-49b9-8903-cdf17a18a613@localhost,SuspiciousTitForTat,C,5,5,3675,3685
737,player_3f00b0bc-851d-4237-9446-d4ceb6e17319@localhost,TitForTatWithForgiveness,C,player_a9565aa4-0755-49b9-8903-cdf17a18a613@localhost,SuspiciousTitForTat,C,5,5,3680,3690
738,player_3f00b0bc-851d-4237-9446-d4ceb6e17319@localhost,TitForTatWithForgiveness,C,player_a9565aa4-0755-49b9-8903-cdf17a18a613@localhost,SuspiciousTitForTat,C,5,5,3685,3695
739,player_3f00b0bc-851d-4237-9446-d4ceb6e17319@localhost,TitForTatWithForgiveness,C,player_a9565aa4-0755-49b9-8903-cdf17a18a613@localhost,SuspiciousTitForTat,C,5,5,3690,3700
740,player_3f00b0bc-851d-4237-9446-d4ceb6e17319@localhost,TitForTatWithForgiveness,C,player_a9565aa4-0755-49b9-8903-cdf17a18a613@localhost,SuspiciousTitForTat,C,5,5,3695,3705
741,player_3f00b0bc-851d-4237-9446-d4ceb6e17319@localhost,TitForTatWithForgiveness,C,player_a9565aa4-0755-49b9-8903-cdf17a18a613@localhost,SuspiciousTitForTat,C,5,5,3700,3710
742,player_3f00b0bc-851d-4237-9446-d4ceb6e17319@localhost,TitForTatWithForgiveness,C,player_a9565aa4-0755-49b9-8903-cdf17a18a613@localhost,SuspiciousTitForTat,C,5,5,3705,3715
743,player_3f00b0bc-851d-4237-9446-d4ceb6e17319@localhost,TitForTatWithForgiveness,C,player_a9565aa4-0755-49b9-8903-cdf17a18a613@localhost,SuspiciousTitForTat,C,5,5,3710,3720
744,player_3f00b0bc-851d-4237-9446-d4ceb6e17319@localhost,TitForTatWithForgiveness,C,player_a9565aa4-0755-49b9-8903-cdf17a18a613@localhost,SuspiciousTitForTat,C,5,5,3715,3725
745,player_3f00b0bc-851d-4237-9446-d4ceb6e17319@localhost,TitForTatWithForgiveness,C,player_a9565aa4-0755-49b9-8903-cdf17a18a613@localhost,SuspiciousTitForTat,C,5,5,3720,3730
746,player_3f00b0bc-851d-4237-9446-d4ceb6e17319@localhost,TitForTatWithForgiveness,C,player_a9565aa4-0755-49b9-8903-cdf17a18a613@localhost,SuspiciousTitForTat,C,5,5,3725,3735
747,player_3f00b0bc-851d-4237-9446-d4ceb6e17319@localhost,TitForTatWithForgiveness,C,player_a9565aa4-0755-49b9-8903-cdf17a18a613@localhost,SuspiciousTitForTat,C,5,5,3730,3740
748,player_3f00b0bc-851d-4237-9446-d4ceb6e17319@localhost,TitForTatWithForgiveness,C,player_a9565aa4-0755-49b9-8903-cdf17a18a613@localhost,SuspiciousTitForTat,C,5,5,3735,3745
749,player_3f00b0bc-851d-4237-9446-d4ceb6e17319@localhost,TitForTatWithForgiveness,C,player_a9565aa4-0755-49b9-8903-cdf17a18a613@localhost,SuspiciousTitForTat,C,5,5,3740,3750
750,player_3f00b0bc-851d-4237-9446-d4ceb6e17319@localhost,TitForTatWithForgiveness,C,player_a9565aa4-0755-49b9-8903-cdf17a18a613@localhost,SuspiciousTitForTat,C,5,5,3745,3755
751,player_3f00b0bc-851d-4237-9446-d4ceb6e17319@localhost,TitForTatWithForgiveness,C,player_a9565aa4-0755-49b9-8903-cdf17a18a613@localhost,SuspiciousTitForTat,C,5,5,3750,3760
752,player_3f00b0bc-851d-4237-9446-d4ceb6e17319@localhost,TitForTatWithForgiveness,C,player_a9565aa4-0755-49b9-8903-cdf17a18a613@localhost,SuspiciousTitForTat,C,5,5,3755,3765
753,player_3f00b0bc-851d-4237-9446-d4ceb6e17319@localhost,TitForTatWithForgiveness,C,player_a9565aa4-0755-49b9-8903-cdf17a18a613@localhost,SuspiciousTitForTat,C,5,5,3760,3770
754,player_3f00b0bc-851d-4237-9446-d4ceb6e17319@localhost,TitForTatWithForgiveness,C,player_a9565aa4-0755-49b9-8903-cdf17a18a613@localhost,SuspiciousTitForTat,C,5,5,3765,3775
755,player_3f00b0bc-851d-4237-9446-d4ceb6e17319@localhost,TitForTatWithForgiveness,C,player_a9565aa4-0755-49b9-8903-cdf17a18a613@localhost,SuspiciousTitForTat,C,5,5,3770,3780
756,player_3f00b0bc-851d-4237-9446-d4ceb6e17319@localhost,TitForTatWithForgiveness,C,player_a9565aa4-0755-49b9-8903-cdf17a18a613@localhost,SuspiciousTitForTat,C,5,5,3775,3785
757,player_3f00b0bc-851d-4237-9446-d4ceb6e17319@localhost,TitForTatWithForgiveness,C,player_a9565aa4-0755-49b9-8903-cdf17a18a613@localhost,SuspiciousTitForTat,C,5,5,3780,3790
758,player_3f00b0bc-851d-4237-9446-d4ceb6e17319@localhost,TitForTatWithForgiveness,C,player_a9565aa4-0755-49b9-8903-cdf17a18a613@localhost,SuspiciousTitForTat,C,5,5,3785,3795
759,player_3f00b0bc-851d-4237-9446-d4ceb6e17319@localhost,TitForTatWithForgiveness,C,player_a9565aa4-0755-49b9-8903-cdf17a18a613@localhost,SuspiciousTitForTat,C,5,5,3790,3800
760,player_3f00b0bc-851d-4237-9446-d4ceb6e17319@localhost,TitForTatWithForgiveness,C,player_a9565aa4-0755-49b9-8903-cdf17a18a613@localhost,SuspiciousTitForTat,C,5,5,3795,3805
761,player_3f00b0bc-851d-4237-9446-d4ceb6e17319@localhost,TitForTatWithForgiveness,C,player_a9565aa4-0755-49b9-8903-cdf17a18a613@localhost,SuspiciousTitForTat,C,5,5,3800,3810
762,player_3f00b0bc-851d-4237-9446-d4ceb6e17319@localhost,TitForTatWithForgiveness,C,player_a9565aa4-0755-49b9-8903-cdf17a18a613@localhost,SuspiciousTitForTat,C,5,5,3805,3815
763,player_3f00b0bc-851d-4237-9446-d4ceb6e17319@localhost,TitForTatWithForgiveness,C,player_a9565aa4-0755-49b9-8903-cdf17a18a613@localhost,SuspiciousTitForTat,C,5,5,3810,3820
764,player_3f00b0bc-851d-4237-9446-d4ceb6e17319@localhost,TitForTatWithForgiveness,C,player_a9565aa4-0755-49b9-8903-cdf17a18a613@localhost,SuspiciousTitForTat,C,5,5,3815,3825
765,player_3f00b0bc-851d-4237-9446-d4ceb6e17319@localhost,TitForTatWithForgiveness,C,player_a9565aa4-0755-49b9-8903-cdf17a18a613@localhost,SuspiciousTitForTat,C,5,5,3820,3830
766,player_3f00b0bc-851d-4237-9446-d4ceb6e17319@localhost,TitForTatWithForgiveness,C,player_a9565aa4-0755-49b9-8903-cdf17a18a613@localhost,SuspiciousTitForTat,C,5,5,3825,3835
767,player_3f00b0bc-851d-4237-9446-d4ceb6e17319@localhost,TitForTatWithForgiveness,C,player_a9565aa4-0755-49b9-8903-cdf17a18a613@localhost,SuspiciousTitForTat,C,5,5,3830,3840
768,player_3f00b0bc-851d-4237-9446-d4ceb6e17319@localhost,TitForTatWithForgiveness,C,player_a9565aa4-0755-49b9-8903-cdf17a18a613@localhost,SuspiciousTitForTat,C,5,5,3835,3845
769,player_3f00b0bc-851d-4237-9446-d4ceb6e17319@localhost,TitForTatWithForgiveness,C,player_a9565aa4-0755-49b9-8903-cdf17a18a613@localhost,SuspiciousTitForTat,C,5,5,3840,3850
770,player_3f00b0bc-851d-4237-9446-d4ceb6e17319@localhost,TitForTatWithForgiveness,C,player_a9565aa4-0755-49b9-8903-cdf17a18a613@localhost,SuspiciousTitForTat,C,5,5,3845,3855
771,player_3f00b0bc-851d-4237-9446-d4ceb6e17319@localhost,TitForTatWithForgiveness,C,player_a9565aa4-0755-49b9-8903-cdf17a18a613@localhost,SuspiciousTitForTat,C,5,5,3850,3860
772,player_3f00b0bc-851d-4237-9446-d4ceb6e17319@localhost,TitForTatWithForgiveness,C,player_a9565aa4-0755-49b9-8903-cdf17a18a613@localhost,SuspiciousTitForTat,C,5,5,3855,3865
773,player_3f00b0bc-851d-4237-9446-d4ceb6e17319@localhost,TitForTatWithForgiveness,C,player_a9565aa4-0755-49b9-8903-cdf17a18a613@localhost,SuspiciousTitForTat,C,5,5,3860,3870
774,player_3f00b0bc-851d-4237-9446-d4ceb6e17319@localhost,TitForTatWithForgiveness,C,player_a9565aa4-0755-49b9-8903-cdf17a18a613@localhost,SuspiciousTitForTat,C,5,5,3865,3875
775,player_3f00b0bc-851d-4237-9446-d4ceb6e17319@localhost,TitForTatWithForgiveness,C,player_a9565aa4-0755-49b9-8903-cdf17a18a613@localhost,SuspiciousTitForTat,C,5,5,3870,3880
776,player_3f00b0bc-851d-4237-9446-d4ceb6e17319@localhost,TitForTatWithForgiveness,C,player_a9565aa4-0755-49b9-8903-cdf17a18a613@localhost,SuspiciousTitForTat,C,5,5,3875,3885
777,player_3f00b0bc-851d-4237-9446-d4ceb6e17319@localhost,TitForTatWithForgiveness,C,player_a9565aa4-0755-49b9-8903-cdf17a18a613@localhost,SuspiciousTitForTat,C,5,5,3880,3890
778,player_3f00b0bc-851d-4237-9446-d4ceb6e17319@localhost,TitForTatWithForgiveness,C,player_a9565aa4-0755-49b9-8903-cdf17a18a613@localhost,SuspiciousTitForTat,C,5,5,3885,3895
779,player_3f00b0bc-851d-4237-9446-d4ceb6e17319@localhost,TitForTatWithForgiveness,C,player_a9565aa4-0755-49b9-8903-cdf17a18a613@localhost,SuspiciousTitForTat,C,5,5,3890,3900
780,player_3f00b0bc-851d-4237-9446-d4ceb6e17319@localhost,TitForTatWithForgiveness,C,player_a9565aa4-0755-49b9-8903-cdf17a18a613@localhost,SuspiciousTitForTat,C,5,5,3895,3905
781,player_3f00b0bc-851d-4237-9446-d4ceb6e17319@localhost,TitForTatWithForgiveness,C,player_a9565aa4-0755-49b9-8903-cdf17a18a613@localhost,SuspiciousTitForTat,C,5,5,3900,3910
782,player_3f00b0bc-851d-4237-9446-d4ceb6e17319@localhost,TitForTatWithForgiveness,C,player_a9565aa4-0755-49b9-8903-cdf17a18a613@localhost,SuspiciousTitForTat,C,5,5,3905,3915
783,player_3f00b0bc-851d-4237-9446-d4ceb6e17319@localhost,TitForTatWithForgiveness,C,player_a9565aa4-0755-49b9-8903-cdf17a18a613@localhost,SuspiciousTitForTat,C,5,5,3910,3920
784,player_3f00b0bc-851d-4237-9446-d4ceb6e17319@localhost,TitForTatWithForgiveness,C,player_a9565aa4-0755-49b9-8903-cdf17a18a613@localhost,SuspiciousTitForTat,C,5,5,3915,3925
785,player_3f00b0bc-851d-4237-9446-d4ceb6e17319@localhost,TitForTatWithForgiveness,C,player_a9565aa4-0755-49b9-8903-cdf17a18a613@localhost,SuspiciousTitForTat,C,5,5,3920,3930
786,player_3f00b0bc-851d-4237-9446-d4ceb6e17319@localhost,TitForTatWithForgiveness,C,player_a9565aa4-0755-49b9-8903-cdf17a18a613@localhost,SuspiciousTitForTat,C,5,5,3925,3935
787,player_3f00b0bc-851d-4237-9446-d4ceb6e17319@localhost,TitForTatWithForgiveness,C,player_a9565aa4-0755-49b9-8903-cdf17a18a613@localhost,SuspiciousTitForTat,C,5,5,3930,3940
788,player_3f00b0bc-851d-4237-9446-d4ceb6e17319@localhost,TitForTatWithForgiveness,C,player_a9565aa4-0755-49b9-8903-cdf17a18a613@localhost,SuspiciousTitForTat,C,5,5,3935,3945
789,player_3f00b0bc-851d-4237-9446-d4ceb6e17319@localhost,TitForTatWithForgiveness,C,player_a9565aa4-0755-49b9-8903-cdf17a18a613@localhost,SuspiciousTitForTat,C,5,5,3940,3950
790,player_3f00b0bc-851d-4237-9446-d4ceb6e17319@localhost,TitForTatWithForgiveness,C,player_a9565aa4-0755-49b9-8903-cdf17a18a613@localhost,SuspiciousTitForTat,C,5,5,3945,3955
791,player_3f00b0bc-851d-4237-9446-d4ceb6e17319@localhost,TitForTatWithForgiveness,C,player_a9565aa4-0755-49b9-8903-cdf17a18a613@localhost,SuspiciousTitForTat,C,5,5,3950,3960
792,player_3f00b0bc-851d-4237-9446-d4ceb6e17319@localhost,TitForTatWithForgiveness,C,player_a9565aa4-0755-49b9-8903-cdf17a18a613@localhost,SuspiciousTitForTat,C,5,5,3955,3965
793,player_3f00b0bc-851d-4237-9446-d4ceb6e17319@localhost,TitForTatWithForgiveness,C,player_a9565aa4-0755-49b9-8903-cdf17a18a613@localhost,SuspiciousTitForTat,C,5,5,3960,3970
794,player_3f00b0bc-851d-4237-9446-d4ceb6e17319@localhost,TitForTatWithForgiveness,C,player_a9565aa4-0755-49b9-8903-cdf17a18a613@localhost,SuspiciousTitForTat,C,5,5,3965,3975
795,player_3f00b0bc-851d-4237-9446-d4ceb6e17319@localhost,TitForTatWithForgiveness,C,player_a9565aa4-0755-49b9-8903-cdf17a18a613@localhost,SuspiciousTitForTat,C,5,5,3970,3980
796,player_3f00b0bc-851d-4237-9446-d4ceb6e17319@localhost,TitForTatWithForgiveness,C,player_a9565aa4-0755-49b9-8903-cdf17a18a613@localhost,SuspiciousTitForTat,C,5,5,3975,3985
797,player_3f00b0bc-851d-4237-9446-d4ceb6e17319@localhost,TitForTatWithForgiveness,C,player_a9565aa4-0755-49b9-8903-cdf17a18a613@localhost,SuspiciousTitForTat,C,5,5,3980,3990
798,player_3f00b0bc-851d-4237-9446-d4ceb6e17319@localhost,TitForTatWithForgiveness,C,player_a9565aa4-0755-49b9-8903-cdf17a18a613@localhost,SuspiciousTitForTat,C,5,5,3985,3995
799,player_3f00b0bc-851d-4237-9446-d4ceb6e17319@localhost,TitForTatWithForgiveness,C,player_a9565aa4-0755-49b9-8903-cdf17a18a613@localhost,SuspiciousTitForTat,C,5,5,3990,4000
800,player_3f00b0bc-851d-4237-9446-d4ceb6e17319@localhost,TitForTatWithForgiveness,C,player_a9565aa4-0755-49b9-8903-cdf17a18a613@localhost,SuspiciousTitForTat,C,5,5,3995,4005
801,player_3f00b0bc-851d-4237-9446-d4ceb6e17319@localhost,TitForTatWithForgiveness,C,player_a9565aa4-0755-49b9-8903-cdf17a18a613@localhost,SuspiciousTitForTat,C,5,5,4000,4010
802,player_3f00b0bc-851d-4237-9446-d4ceb6e17319@localhost,TitForTatWithForgiveness,C,player_a9565aa4-0755-49b9-8903-cdf17a18a613@localhost,SuspiciousTitForTat,C,5,5,4005,4015
803,player_3f00b0bc-851d-4237-9446-d4ceb6e17319@localhost,TitForTatWithForgiveness,C,player_a9565aa4-0755-49b9-8903-cdf17a18a613@localhost,SuspiciousTitForTat,C,5,5,4010,4020
804,player_3f00b0bc-851d-4237-9446-d4ceb6e17319@localhost,TitForTatWithForgiveness,C,player_a9565aa4-0755-49b9-8903-cdf17a18a613@localhost,SuspiciousTitForTat,C,5,5,4015,4025
805,player_3f00b0bc-851d-4237-9446-d4ceb6e17319@localhost,TitForTatWithForgiveness,C,player_a9565aa4-0755-49b9-8903-cdf17a18a613@localhost,SuspiciousTitForTat,C,5,5,4020,4030
806,player_3f00b0bc-851d-4237-9446-d4ceb6e17319@localhost,TitForTatWithForgiveness,C,player_a9565aa4-0755-49b9-8903-cdf17a18a613@localhost,SuspiciousTitForTat,C,5,5,4025,4035
807,player_3f00b0bc-851d-4237-9446-d4ceb6e17319@localhost,TitForTatWithForgiveness,C,player_a9565aa4-0755-49b9-8903-cdf17a18a613@localhost,SuspiciousTitForTat,C,5,5,4030,4040
808,player_3f00b0bc-851d-4237-9446-d4ceb6e17319@localhost,TitForTatWithForgiveness,C,player_a9565aa4-0755-49b9-8903-cdf17a18a613@localhost,SuspiciousTitForTat,C,5,5,4035,4045
809,player_3f00b0bc-851d-4237-9446-d4ceb6e17319@localhost,TitForTatWithForgiveness,C,player_a9565aa4-0755-49b9-8903-cdf17a18a613@localhost,SuspiciousTitForTat,C,5,5,4040,4050
810,player_3f00b0bc-851d-4237-9446-d4ceb6e17319@localhost,TitForTatWithForgiveness,C,player_a9565aa4-0755-49b9-8903-cdf17a18a613@localhost,SuspiciousTitForTat,C,5,5,4045,4055
811,player_3f00b0bc-851d-4237-9446-d4ceb6e17319@localhost,TitForTatWithForgiveness,C,player_a9565aa4-0755-49b9-8903-cdf17a18a613@localhost,SuspiciousTitForTat,C,5,5,4050,4060
812,player_3f00b0bc-851d-4237-9446-d4ceb6e17319@localhost,TitForTatWithForgiveness,C,player_a9565aa4-0755-49b9-8903-cdf17a18a613@localhost,SuspiciousTitForTat,C,5,5,4055,4065
813,player_3f00b0bc-851d-4237-9446-d4ceb6e17319@localhost,TitForTatWithForgiveness,C,player_a9565aa4-0755-49b9-8903-cdf17a18a613@localhost,SuspiciousTitForTat,C,5,5,4060,4070
814,player_3f00b0bc-851d-4237-9446-d4ceb6e17319@localhost,TitForTatWithForgiveness,C,player_a9565aa4-0755-49b9-8903-cdf17a18a613@localhost,SuspiciousTitForTat,C,5,5,4065,4075
815,player_3f00b0bc-851d-4237-9446-d4ceb6e17319@localhost,TitForTatWithForgiveness,C,player_a9565aa4-0755-49b9-8903-cdf17a18a613@localhost,SuspiciousTitForTat,C,5,5,4070,4080
816,player_3f00b0bc-851d-4237-9446-d4ceb6e17319@localhost,TitForTatWithForgiveness,C,player_a9565aa4-0755-49b9-8903-cdf17a18a613@localhost,SuspiciousTitForTat,C,5,5,4075,4085
817,player_3f00b0bc-851d-4237-9446-d4ceb6e17319@localhost,TitForTatWithForgiveness,C,player_a9565aa4-0755-49b9-8903-cdf17a18a613@localhost,SuspiciousTitForTat,C,5,5,4080,4090
818,player_3f00b0bc-851d-4237-9446-d4ceb6e17319@localhost,TitForTatWithForgiveness,C,player_a9565aa4-0755-49b9-8903-cdf17a18a613@localhost,SuspiciousTitForTat,C,5,5,4085,4095
819,player_3f00b0bc-851d-4237-9446-d4ceb6e17319@localhost,TitForTatWithForgiveness,C,player_a9565aa4-0755-49b9-8903-cdf17a18a613@localhost,SuspiciousTitForTat,C,5,5,4090,4100
820,player_3f00b0bc-851d-4237-9446-d4ceb6e17319@localhost,TitForTatWithForgiveness,C,player_a9565aa4-0755-49b9-8903-cdf17a18a613@localhost,SuspiciousTitForTat,C,5,5,4095,4105
821,player_3f00b0bc-851d-4237-9446-d4ceb6e17319@localhost,TitForTatWithForgiveness,C,player_a9565aa4-0755-49b9-8903-cdf17a18a613@localhost,SuspiciousTitForTat,C,5,5,4100,4110
822,player_3f00b0bc-851d-4237-9446-d4ceb6e17319@localhost,TitForTatWithForgiveness,C,player_a9565aa4-0755-49b9-8903-cdf17a18a613@localhost,SuspiciousTitForTat,C,5,5,4105,4115
823,player_3f00b0bc-851d-4237-9446-d4ceb6e17319@localhost,TitForTatWithForgiveness,C,player_a9565aa4-0755-49b9-8903-cdf17a18a613@localhost,SuspiciousTitForTat,C,5,5,4110,4120
824,player_3f00b0bc-851d-4237-9446-d4ceb6e17319@localhost,TitForTatWithForgiveness,C,player_a9565aa4-0755-49b9-8903-cdf17a18a613@localhost,SuspiciousTitForTat,C,5,5,4115,4125
825,player_3f00b0bc-851d-4237-9446-d4ceb6e17319@localhost,TitForTatWithForgiveness,C,player_a9565aa4-0755-49b9-8903-cdf17a18a613@localhost,SuspiciousTitForTat,C,5,5,4120,4130
826,player_3f00b0bc-851d-4237-9446-d4ceb6e17319@localhost,TitForTatWithForgiveness,C,player_a9565aa4-0755-49b9-8903-cdf17a18a613@localhost,SuspiciousTitForTat,C,5,5,4125,4135
827,player_3f00b0bc-851d-4237-9446-d4ceb6e17319@localhost,TitForTatWithForgiveness,C,player_a9565aa4-0755-49b9-8903-cdf17a18a613@localhost,SuspiciousTitForTat,C,5,5,4130,4140
828,player_3f00b0bc-851d-4237-9446-d4ceb6e17319@localhost,TitForTatWithForgiveness,C,player_a9565aa4-0755-49b9-8903-cdf17a18a613@localhost,SuspiciousTitForTat,C,5,5,4135,4145
829,player_3f00b0bc-851d-4237-9446-d4ceb6e17319@localhost,TitForTatWithForgiveness,C,player_a9565aa4-0755-49b9-8903-cdf17a18a613@localhost,SuspiciousTitForTat,C,5,5,4140,4150
830,player_3f00b0bc-851d-4237-9446-d4ceb6e17319@localhost,TitForTatWithForgiveness,C,player_a9565aa4-0755-49b9-8903-cdf17a18a613@localhost,SuspiciousTitForTat,C,5,5,4145,4155
831,player_3f00b0bc-851d-4237-9446-d4ceb6e17319@localhost,TitForTatWithForgiveness,C,player_a9565aa4-0755-49b9-8903-cdf17a18a613@localhost,SuspiciousTitForTat,C,5,5,4150,4160
832,player_3f00b0bc-851d-4237-9446-d4ceb6e17319@localhost,TitForTatWithForgiveness,C,player_a9565aa4-0755-49b9-8903-cdf17a18a613@localhost,SuspiciousTitForTat,C,5,5,4155,4165
833,player_3f00b0bc-851d-4237-9446-d4ceb6e17319@localhost,TitForTatWithForgiveness,C,player_a9565aa4-0755-49b9-8903-cdf17a18a613@localhost,SuspiciousTitForTat,C,5,5,4160,4170
834,player_3f00b0bc-851d-4237-9446-d4ceb6e17319@localhost,TitForTatWithForgiveness,C,player_a9565aa4-0755-49b9-8903-cdf17a18a613@localhost,SuspiciousTitForTat,C,5,5,4165,4175
835,player_3f00b0bc-851d-4237-9446-d4ceb6e17319@localhost,TitForTatWithForgiveness,C,player_a9565aa4-0755-49b9-8903-cdf17a18a613@localhost,SuspiciousTitForTat,C,5,5,4170,4180
836,player_3f00b0bc-851d-4237-9446-d4ceb6e17319@localhost,TitForTatWithForgiveness,C,player_a9565aa4-0755-49b9-8903-cdf17a18a613@localhost,SuspiciousTitForTat,C,5,5,4175,4185
837,player_3f00b0bc-851d-4237-9446-d4ceb6e17319@localhost,TitForTatWithForgiveness,C,player_a9565aa4-0755-49b9-8903-cdf17a18a613@localhost,SuspiciousTitForTat,C,5,5,4180,4190
838,player_3f00b0bc-851d-4237-9446-d4ceb6e17319@localhost,TitForTatWithForgiveness,C,player_a9565aa4-0755-49b9-8903-cdf17a18a613@localhost,SuspiciousTitForTat,C,5,5,4185,4195
839,player_3f00b0bc-851d-4237-9446-d4ceb6e17319@localhost,TitForTatWithForgiveness,C,player_a9565aa4-0755-49b9-8903-cdf17a18a613@localhost,SuspiciousTitForTat,C,5,5,4190,4200
840,player_3f00b0bc-851d-4237-9446-d4ceb6e17319@localhost,TitForTatWithForgiveness,C,player_a9565aa4-0755-49b9-8903-cdf17a18a613@localhost,SuspiciousTitForTat,C,5,5,4195,4205
841,player_3f00b0bc-851d-4237-9446-d4ceb6e17319@localhost,TitForTatWithForgiveness,C,player_a9565aa4-0755-49b9-8903-cdf17a18a613@localhost,SuspiciousTitForTat,C,5,5,4200,4210
842,player_3f00b0bc-851d-4237-9446-d4ceb6e17319@localhost,TitForTatWithForgiveness,C,player_a9565aa4-0755-49b9-8903-cdf17a18a613@localhost,SuspiciousTitForTat,C,5,5,4205,4215
843,player_3f00b0bc-851d-4237-9446-d4ceb6e17319@localhost,TitForTatWithForgiveness,C,player_a9565aa4-0755-49b9-8903-cdf17a18a613@localhost,SuspiciousTitForTat,C,5,5,4210,4220
844,player_3f00b0bc-851d-4237-9446-d4ceb6e17319@localhost,TitForTatWithForgiveness,C,player_a9565aa4-0755-49b9-8903-cdf17a18a613@localhost,SuspiciousTitForTat,C,5,5,4215,4225
845,player_3f00b0bc-851d-4237-9446-d4ceb6e17319@localhost,TitForTatWithForgiveness,C,player_a9565aa4-0755-49b9-8903-cdf17a18a613@localhost,SuspiciousTitForTat,C,5,5,4220,4230
846,player_3f00b0bc-851d-4237-9446-d4ceb6e17319@localhost,TitForTatWithForgiveness,C,player_a9565aa4-0755-49b9-8903-cdf17a18a613@localhost,SuspiciousTitForTat,C,5,5,4225,4235
847,player_3f00b0bc-851d-4237-9446-d4ceb6e17319@localhost,TitForTatWithForgiveness,C,player_a9565aa4-0755-49b9-8903-cdf17a18a613@localhost,SuspiciousTitForTat,C,5,5,4230,4240
848,player_3f00b0bc-851d-4237-9446-d4ceb6e17319@localhost,TitForTatWithForgiveness,C,player_a9565aa4-0755-49b9-8903-cdf17a18a613@localhost,SuspiciousTitForTat,C,5,5,4235,4245
849,player_3f00b0bc-851d-4237-9446-d4ceb6e17319@localhost,TitForTatWithForgiveness,C,player_a9565aa4-0755-49b9-8903-cdf17a18a613@localhost,SuspiciousTitForTat,C,5,5,4240,4250
850,player_3f00b0bc-851d-4237-9446-d4ceb6e17319@localhost,TitForTatWithForgiveness,C,player_a9565aa4-0755-49b9-8903-cdf17a18a613@localhost,SuspiciousTitForTat,C,5,5,4245,4255
851,player_3f00b0bc-851d-4237-9446-d4ceb6e17319@localhost,TitForTatWithForgiveness,C,player_a9565aa4-0755-49b9-8903-cdf17a18a613@localhost,SuspiciousTitForTat,C,5,5,4250,4260
852,player_3f00b0bc-851d-4237-9446-d4ceb6e17319@localhost,TitForTatWithForgiveness,C,player_a9565aa4-0755-49b9-8903-cdf17a18a613@localhost,SuspiciousTitForTat,C,5,5,4255,4265
853,player_3f00b0bc-851d-4237-9446-d4ceb6e17319@localhost,TitForTatWithForgiveness,C,player_a9565aa4-0755-49b9-8903-cdf17a18a613@localhost,SuspiciousTitForTat,C,5,5,4260,4270
854,player_3f00b0bc-851d-4237-9446-d4ceb6e17319@localhost,TitForTatWithForgiveness,C,player_a9565aa4-0755-49b9-8903-cdf17a18a613@localhost,SuspiciousTitForTat,C,5,5,4265,4275
855,player_3f00b0bc-851d-4237-9446-d4ceb6e17319@localhost,TitForTatWithForgiveness,C,player_a9565aa4-0755-49b9-8903-cdf17a18a613@localhost,SuspiciousTitForTat,C,5,5,4270,4280
856,player_3f00b0bc-851d-4237-9446-d4ceb6e17319@localhost,TitForTatWithForgiveness,C,player_a9565aa4-0755-49b9-8903-cdf17a18a613@localhost,SuspiciousTitForTat,C,5,5,4275,4285
857,player_3f00b0bc-851d-4237-9446-d4ceb6e17319@localhost,TitForTatWithForgiveness,C,player_a9565aa4-0755-49b9-8903-cdf17a18a613@localhost,SuspiciousTitForTat,C,5,5,4280,4290
858,player_3f00b0bc-851d-4237-9446-d4ceb6e17319@localhost,TitForTatWithForgiveness,C,player_a9565aa4-0755-49b9-8903-cdf17a18a613@localhost,SuspiciousTitForTat,C,5,5,4285,4295
859,player_3f00b0bc-851d-4237-9446-d4ceb6e17319@localhost,TitForTatWithForgiveness,C,player_a9565aa4-0755-49b9-8903-cdf17a18a613@localhost,SuspiciousTitForTat,C,5,5,4290,4300
860,player_3f00b0bc-851d-4237-9446-d4ceb6e17319@localhost,TitForTatWithForgiveness,C,player_a9565aa4-0755-49b9-8903-cdf17a18a613@localhost,SuspiciousTitForTat,C,5,5,4295,4305
861,player_3f00b0bc-851d-4237-9446-d4ceb6e17319@localhost,TitForTatWithForgiveness,C,player_a9565aa4-0755-49b9-8903-cdf17a18a613@localhost,SuspiciousTitForTat,C,5,5,4300,4310
862,player_3f00b0bc-851d-4237-9446-d4ceb6e17319@localhost,TitForTatWithForgiveness,C,player_a9565aa4-0755-49b9-8903-cdf17a18a613@localhost,SuspiciousTitForTat,C,5,5,4305,4315
863,player_3f00b0bc-851d-4237-9446-d4ceb6e17319@localhost,TitForTatWithForgiveness,C,player_a9565aa4-0755-49b9-8903-cdf17a18a613@localhost,SuspiciousTitForTat,C,5,5,4310,4320
864,player_3f00b0bc-851d-4237-9446-d4ceb6e17319@localhost,TitForTatWithForgiveness,C,player_a9565aa4-0755-49b9-8903-cdf17a18a613@localhost,SuspiciousTitForTat,C,5,5,4315,4325
865,player_3f00b0bc-851d-4237-9446-d4ceb6e17319@localhost,TitForTatWithForgiveness,C,player_a9565aa4-0755-49b9-8903-cdf17a18a613@localhost,SuspiciousTitForTat,C,5,5,4320,4330
866,player_3f00b0bc-851d-4237-9446-d4ceb6e17319@localhost,TitForTatWithForgiveness,C,player_a9565aa4-0755-49b9-8903-cdf17a18a613@localhost,SuspiciousTitForTat,C,5,5,4325,4335
867,player_3f00b0bc-851d-4237-9446-d4ceb6e17319@localhost,TitForTatWithForgiveness,C,player_a9565aa4-0755-49b9-8903-cdf17a18a613@localhost,SuspiciousTitForTat,C,5,5,4330,4340
868,player_3f00b0bc-851d-4237-9446-d4ceb6e17319@localhost,TitForTatWithForgiveness,C,player_a9565aa4-0755-49b9-8903-cdf17a18a613@localhost,SuspiciousTitForTat,C,5,5,4335,4345
869,player_3f00b0bc-851d-4237-9446-d4ceb6e17319@localhost,TitForTatWithForgiveness,C,player_a9565aa4-0755-49b9-8903-cdf17a18a613@localhost,SuspiciousTitForTat,C,5,5,4340,4350
870,player_3f00b0bc-851d-4237-9446-d4ceb6e17319@localhost,TitForTatWithForgiveness,C,player_a9565aa4-0755-49b9-8903-cdf17a18a613@localhost,SuspiciousTitForTat,C,5,5,4345,4355
871,player_3f00b0bc-851d-4237-9446-d4ceb6e17319@localhost,TitForTatWithForgiveness,C,player_a9565aa4-0755-49b9-8903-cdf17a18a613@localhost,SuspiciousTitForTat,C,5,5,4350,4360
872,player_3f00b0bc-851d-4237-9446-d4ceb6e17319@localhost,TitForTatWithForgiveness,C,player_a9565aa4-0755-49b9-8903-cdf17a18a613@localhost,SuspiciousTitForTat,C,5,5,4355,4365
873,player_3f00b0bc-851d-4237-9446-d4ceb6e17319@localhost,TitForTatWithForgiveness,C,player_a9565aa4-0755-49b9-8903-cdf17a18a613@localhost,SuspiciousTitForTat,C,5,5,4360,4370
874,player_3f00b0bc-851d-4237-9446-d4ceb6e17319@localhost,TitForTatWithForgiveness,C,player_a9565aa4-0755-49b9-8903-cdf17a18a613@localhost,SuspiciousTitForTat,C,5,5,4365,4375
875,player_3f00b0bc-851d-4237-9446-d4ceb6e17319@localhost,TitForTatWithForgiveness,C,player_a9565aa4-0755-49b9-8903-cdf17a18a613@localhost,SuspiciousTitForTat,C,5,5,4370,4380
876,player_3f00b0bc-851d-4237-9446-d4ceb6e17319@localhost,TitForTatWithForgiveness,C,player_a9565aa4-0755-49b9-8903-cdf17a18a613@localhost,SuspiciousTitForTat,C,5,5,4375,4385
877,player_3f00b0bc-851d-4237-9446-d4ceb6e17319@localhost,TitForTatWithForgiveness,C,player_a9565aa4-0755-49b9-8903-cdf17a18a613@localhost,SuspiciousTitForTat,C,5,5,4380,4390
878,player_3f00b0bc-851d-4237-9446-d4ceb6e17319@localhost,TitForTatWithForgiveness,C,player_a9565aa4-0755-49b9-8903-cdf17a18a613@localhost,SuspiciousTitForTat,C,5,5,4385,4395
879,player_3f00b0bc-851d-4237-9446-d4ceb6e17319@localhost,TitForTatWithForgiveness,C,player_a9565aa4-0755-49b9-8903-cdf17a18a613@localhost,SuspiciousTitForTat,C,5,5,4390,4400
880,player_3f00b0bc-851d-4237-9446-d4ceb6e17319@localhost,TitForTatWithForgiveness,C,player_a9565aa4-0755-49b9-8903-cdf17a18a613@localhost,SuspiciousTitForTat,C,5,5,4395,4405
881,player_3f00b0bc-851d-4237-9446-d4ceb6e17319@localhost,TitForTatWithForgiveness,C,player_a9565aa4-0755-49b9-8903-cdf17a18a613@localhost,SuspiciousTitForTat,C,5,5,4400,4410
882,player_3f00b0bc-851d-4237-9446-d4ceb6e17319@localhost,TitForTatWithForgiveness,C,player_a9565aa4-0755-49b9-8903-cdf17a18a613@localhost,SuspiciousTitForTat,C,5,5,4405,4415
883,player_3f00b0bc-851d-4237-9446-d4ceb6e17319@localhost,TitForTatWithForgiveness,C,player_a9565aa4-0755-49b9-8903-cdf17a18a613@localhost,SuspiciousTitForTat,C,5,5,4410,4420
884,player_3f00b0bc-851d-4237-9446-d4ceb6e17319@localhost,TitForTatWithForgiveness,C,player_a9565aa4-0755-49b9-8903-cdf17a18a613@localhost,SuspiciousTitForTat,C,5,5,4415,4425
885,player_3f00b0bc-851d-4237-9446-d4ceb6e17319@localhost,TitForTatWithForgiveness,C,player_a9565aa4-0755-49b9-8903-cdf17a18a613@localhost,SuspiciousTitForTat,C,5,5,4420,4430
886,player_3f00b0bc-851d-4237-9446-d4ceb6e17319@localhost,TitForTatWithForgiveness,C,player_a9565aa4-0755-49b9-8903-cdf17a18a613@localhost,SuspiciousTitForTat,C,5,5,4425,4435
887,player_3f00b0bc-851d-4237-9446-d4ceb6e17319@localhost,TitForTatWithForgiveness,C,player_a9565aa4-0755-49b9-8903-cdf17a18a613@localhost,SuspiciousTitForTat,C,5,5,4430,4440
888,player_3f00b0bc-851d-4237-9446-d4ceb6e17319@localhost,TitForTatWithForgiveness,C,player_a9565aa4-0755-49b9-8903-cdf17a18a613@localhost,SuspiciousTitForTat,C,5,5,4435,4445
889,player_3f00b0bc-851d-4237-9446-d4ceb6e17319@localhost,TitForTatWithForgiveness,C,player_a9565aa4-0755-49b9-8903-cdf17a18a613@localhost,SuspiciousTitForTat,C,5,5,4440,4450
890,player_3f00b0bc-851d-4237-9446-d4ceb6e17319@localhost,TitForTatWithForgiveness,C,player_a9565aa4-0755-49b9-8903-cdf17a18a613@localhost,SuspiciousTitForTat,C,5,5,4445,4455
891,player_3f00b0bc-851d-4237-9446-d4ceb6e17319@localhost,TitForTatWithForgiveness,C,player_a9565aa4-0755-49b9-8903-cdf17a18a613@localhost,SuspiciousTitForTat,C,5,5,4450,4460
892,player_3f00b0bc-851d-4237-9446-d4ceb6e17319@localhost,TitForTatWithForgiveness,C,player_a9565aa4-0755-49b9-8903-cdf17a18a613@localhost,SuspiciousTitForTat,C,5,5,4455,4465
893,player_3f00b0bc-851d-4237-9446-d4ceb6e17319@localhost,TitForTatWithForgiveness,C,player_a9565aa4-0755-49b9-8903-cdf17a18a613@localhost,SuspiciousTitForTat,C,5,5,4460,4470
894,player_3f00b0bc-851d-4237-9446-d4ceb6e17319@localhost,TitForTatWithForgiveness,C,player_a9565aa4-0755-49b9-8903-cdf17a18a613@localhost,SuspiciousTitForTat,C,5,5,4465,4475
895,player_3f00b0bc-851d-4237-9446-d4ceb6e17319@localhost,TitForTatWithForgiveness,C,player_a9565aa4-0755-49b9-8903-cdf17a18a613@localhost,SuspiciousTitForTat,C,5,5,4470,4480
896,player_3f00b0bc-851d-4237-9446-d4ceb6e17319@localhost,TitForTatWithForgiveness,C,player_a9565aa4-0755-49b9-8903-cdf17a18a613@localhost,SuspiciousTitForTat,C,5,5,4475,4485
897,player_3f00b0bc-851d-4237-9446-d4ceb6e17319@localhost,TitForTatWithForgiveness,C,player_a9565aa4-0755-49b9-8903-cdf17a18a613@localhost,SuspiciousTitForTat,C,5,5,4480,4490
898,player_3f00b0bc-851d-4237-9446-d4ceb6e17319@localhost,TitForTatWithForgiveness,C,player_a9565aa4-0755-49b9-8903-cdf17a18a613@localhost,SuspiciousTitForTat,C,5,5,4485,4495
899,player_3f00b0bc-851d-4237-9446-d4ceb6e17319@localhost,TitForTatWithForgiveness,C,player_a9565aa4-0755-49b9-8903-cdf17a18a613@localhost,SuspiciousTitForTat,C,5,5,4490,4500
900,player_3f00b0bc-851d-4237-9446-d4ceb6e17319@localhost,TitForTatWithForgiveness,C,player_a9565aa4-0755-49b9-8903-cdf17a18a613@localhost,SuspiciousTitForTat,C,5,5,4495,4505
901,player_3f00b0bc-851d-4237-9446-d4ceb6e17319@localhost,TitForTatWithForgiveness,C,player_a9565aa4-0755-49b9-8903-cdf17a18a613@localhost,SuspiciousTitForTat,C,5,5,4500,4510
902,player_3f00b0bc-851d-4237-9446-d4ceb6e17319@localhost,TitForTatWithForgiveness,C,player_a9565aa4-0755-49b9-8903-cdf17a18a613@localhost,SuspiciousTitForTat,C,5,5,4505,4515
903,player_3f00b0bc-851d-4237-9446-d4ceb6e17319@localhost,TitForTatWithForgiveness,C,player_a9565aa4-0755-49b9-8903-cdf17a18a613@localhost,SuspiciousTitForTat,C,5,5,4510,4520
904,player_3f00b0bc-851d-4237-9446-d4ceb6e17319@localhost,TitForTatWithForgiveness,C,player_a9565aa4-0755-49b9-8903-cdf17a18a613@localhost,SuspiciousTitForTat,C,5,5,4515,4525
905,player_3f00b0bc-851d-4237-9446-d4ceb6e17319@localhost,TitForTatWithForgiveness,C,player_a9565aa4-0755-49b9-8903-cdf17a18a613@localhost,SuspiciousTitForTat,C,5,5,4520,4530
906,player_3f00b0bc-851d-4237-9446-d4ceb6e17319@localhost,TitForTatWithForgiveness,C,player_a9565aa4-0755-49b9-8903-cdf17a18a613@localhost,SuspiciousTitForTat,C,5,5,4525,4535
907,player_3f00b0bc-851d-4237-9446-d4ceb6e17319@localhost,TitForTatWithForgiveness,C,player_a9565aa4-0755-49b9-8903-cdf17a18a613@localhost,SuspiciousTitForTat,C,5,5,4530,4540
908,player_3f00b0bc-851d-4237-9446-d4ceb6e17319@localhost,TitForTatWithForgiveness,C,player_a9565aa4-0755-49b9-8903-cdf17a18a613@localhost,SuspiciousTitForTat,C,5,5,4535,4545
909,player_3f00b0bc-851d-4237-9446-d4ceb6e17319@localhost,TitForTatWithForgiveness,C,player_a9565aa4-0755-49b9-8903-cdf17a18a613@localhost,SuspiciousTitForTat,C,5,5,4540,4550
910,player_3f00b0bc-851d-4237-9446-d4ceb6e17319@localhost,TitForTatWithForgiveness,C,player_a9565aa4-0755-49b9-8903-cdf17a18a613@localhost,SuspiciousTitForTat,C,5,5,4545,4555
911,player_3f00b0bc-851d-4237-9446-d4ceb6e17319@localhost,TitForTatWithForgiveness,C,player_a9565aa4-0755-49b9-8903-cdf17a18a613@localhost,SuspiciousTitForTat,C,5,5,4550,4560
912,player_3f00b0bc-851d-4237-9446-d4ceb6e17319@localhost,TitForTatWithForgiveness,C,player_a9565aa4-0755-49b9-8903-cdf17a18a613@localhost,SuspiciousTitForTat,C,5,5,4555,4565
913,player_3f00b0bc-851d-4237-9446-d4ceb6e17319@localhost,TitForTatWithForgiveness,C,player_a9565aa4-0755-49b9-8903-cdf17a18a613@localhost,SuspiciousTitForTat,C,5,5,4560,4570
914,player_3f00b0bc-851d-4237-9446-d4ceb6e17319@localhost,TitForTatWithForgiveness,C,player_a9565aa4-0755-49b9-8903-cdf17a18a613@localhost,SuspiciousTitForTat,C,5,5,4565,4575
915,player_3f00b0bc-851d-4237-9446-d4ceb6e17319@localhost,TitForTatWithForgiveness,C,player_a9565aa4-0755-49b9-8903-cdf17a18a613@localhost,SuspiciousTitForTat,C,5,5,4570,4580
916,player_3f00b0bc-851d-4237-9446-d4ceb6e17319@localhost,TitForTatWithForgiveness,C,player_a9565aa4-0755-49b9-8903-cdf17a18a613@localhost,SuspiciousTitForTat,C,5,5,4575,4585
917,player_3f00b0bc-851d-4237-9446-d4ceb6e17319@localhost,TitForTatWithForgiveness,C,player_a9565aa4-0755-49b9-8903-cdf17a18a613@localhost,SuspiciousTitForTat,C,5,5,4580,4590
918,player_3f00b0bc-851d-4237-9446-d4ceb6e17319@localhost,TitForTatWithForgiveness,C,player_a9565aa4-0755-49b9-8903-cdf17a18a613@localhost,SuspiciousTitForTat,C,5,5,4585,4595
919,player_3f00b0bc-851d-4237-9446-d4ceb6e17319@localhost,TitForTatWithForgiveness,C,player_a9565aa4-0755-49b9-8903-cdf17a18a613@localhost,SuspiciousTitForTat,C,5,5,4590,4600
920,player_3f00b0bc-851d-4237-9446-d4ceb6e17319@localhost,TitForTatWithForgiveness,C,player_a9565aa4-0755-49b9-8903-cdf17a18a613@localhost,SuspiciousTitForTat,C,5,5,4595,4605
921,player_3f00b0bc-851d-4237-9446-d4ceb6e17319@localhost,TitForTatWithForgiveness,C,player_a9565aa4-0755-49b9-8903-cdf17a18a613@localhost,SuspiciousTitForTat,C,5,5,4600,4610
922,player_3f00b0bc-851d-4237-9446-d4ceb6e17319@localhost,TitForTatWithForgiveness,C,player_a9565aa4-0755-49b9-8903-cdf17a18a613@localhost,SuspiciousTitForTat,C,5,5,4605,4615
923,player_3f00b0bc-851d-4237-9446-d4ceb6e17319@localhost,TitForTatWithForgiveness,C,player_a9565aa4-0755-49b9-8903-cdf17a18a613@localhost,SuspiciousTitForTat,C,5,5,4610,4620
924,player_3f00b0bc-851d-4237-9446-d4ceb6e17319@localhost,TitForTatWithForgiveness,C,player_a9565aa4-0755-49b9-8903-cdf17a18a613@localhost,SuspiciousTitForTat,C,5,5,4615,4625
925,player_3f00b0bc-851d-4237-9446-d4ceb6e17319@localhost,TitForTatWithForgiveness,C,player_a9565aa4-0755-49b9-8903-cdf17a18a613@localhost,SuspiciousTitForTat,C,5,5,4620,4630
926,player_3f00b0bc-851d-4237-9446-d4ceb6e17319@localhost,TitForTatWithForgiveness,C,player_a9565aa4-0755-49b9-8903-cdf17a18a613@localhost,SuspiciousTitForTat,C,5,5,4625,4635
927,player_3f00b0bc-851d-4237-9446-d4ceb6e17319@localhost,TitForTatWithForgiveness,C,player_a9565aa4-0755-49b9-8903-cdf17a18a613@localhost,SuspiciousTitForTat,C,5,5,4630,4640
928,player_3f00b0bc-851d-4237-9446-d4ceb6e17319@localhost,TitForTatWithForgiveness,C,player_a9565aa4-0755-49b9-8903-cdf17a18a613@localhost,SuspiciousTitForTat,C,5,5,4635,4645
929,player_3f00b0bc-851d-4237-9446-d4ceb6e17319@localhost,TitForTatWithForgiveness,C,player_a9565aa4-0755-49b9-8903-cdf17a18a613@localhost,SuspiciousTitForTat,C,5,5,4640,4650
930,player_3f00b0bc-851d-4237-9446-d4ceb6e17319@localhost,TitForTatWithForgiveness,C,player_a9565aa4-0755-49b9-8903-cdf17a18a613@localhost,SuspiciousTitForTat,C,5,5,4645,4655
931,player_3f00b0bc-851d-4237-9446-d4ceb6e17319@localhost,TitForTatWithForgiveness,C,player_a9565aa4-0755-49b9-8903-cdf17a18a613@localhost,SuspiciousTitForTat,C,5,5,4650,4660
932,player_3f00b0bc-851d-4237-9446-d4ceb6e17319@localhost,TitForTatWithForgiveness,C,player_a9565aa4-0755-49b9-8903-cdf17a18a613@localhost,SuspiciousTitForTat,C,5,5,4655,4665
933,player_3f00b0bc-851d-4237-9446-d4ceb6e17319@localhost,TitForTatWithForgiveness,C,player_a9565aa4-0755-49b9-8903-cdf17a18a613@localhost,SuspiciousTitForTat,C,5,5,4660,4670
934,player_3f00b0bc-851d-4237-9446-d4ceb6e17319@localhost,TitForTatWithForgiveness,C,player_a9565aa4-0755-49b9-8903-cdf17a18a613@localhost,SuspiciousTitForTat,C,5,5,4665,4675
935,player_3f00b0bc-851d-4237-9446-d4ceb6e17319@localhost,TitForTatWithForgiveness,C,player_a9565aa4-0755-49b9-8903-cdf17a18a613@localhost,SuspiciousTitForTat,C,5,5,4670,4680
936,player_3f00b0bc-851d-4237-9446-d4ceb6e17319@localhost,TitForTatWithForgiveness,C,player_a9565aa4-0755-49b9-8903-cdf17a18a613@localhost,SuspiciousTitForTat,C,5,5,4675,4685
937,player_3f00b0bc-851d-4237-9446-d4ceb6e17319@localhost,TitForTatWithForgiveness,C,player_a9565aa4-0755-49b9-8903-cdf17a18a613@localhost,SuspiciousTitForTat,C,5,5,4680,4690
938,player_3f00b0bc-851d-4237-9446-d4ceb6e17319@localhost,TitForTatWithForgiveness,C,player_a9565aa4-0755-49b9-8903-cdf17a18a613@localhost,SuspiciousTitForTat,C,5,5,4685,4695
939,player_3f00b0bc-851d-4237-9446-d4ceb6e17319@localhost,TitForTatWithForgiveness,C,player_a9565aa4-0755-49b9-8903-cdf17a18a613@localhost,SuspiciousTitForTat,C,5,5,4690,4700
940,player_3f00b0bc-851d-4237-9446-d4ceb6e17319@localhost,TitForTatWithForgiveness,C,player_a9565aa4-0755-49b9-8903-cdf17a18a613@localhost,SuspiciousTitForTat,C,5,5,4695,4705
941,player_3f00b0bc-851d-4237-9446-d4ceb6e17319@localhost,TitForTatWithForgiveness,C,player_a9565aa4-0755-49b9-8903-cdf17a18a613@localhost,SuspiciousTitForTat,C,5,5,4700,4710
942,player_3f00b0bc-851d-4237-9446-d4ceb6e17319@localhost,TitForTatWithForgiveness,C,player_a9565aa4-0755-49b9-8903-cdf17a18a613@localhost,SuspiciousTitForTat,C,5,5,4705,4715
943,player_3f00b0bc-851d-4237-9446-d4ceb6e17319@localhost,TitForTatWithForgiveness,C,player_a9565aa4-0755-49b9-8903-cdf17a18a613@localhost,SuspiciousTitForTat,C,5,5,4710,4720
944,player_3f00b0bc-851d-4237-9446-d4ceb6e17319@localhost,TitForTatWithForgiveness,C,player_a9565aa4-0755-49b9-8903-cdf17a18a613@localhost,SuspiciousTitForTat,C,5,5,4715,4725
945,player_3f00b0bc-851d-4237-9446-d4ceb6e17319@localhost,TitForTatWithForgiveness,C,player_a9565aa4-0755-49b9-8903-cdf17a18a613@localhost,SuspiciousTitForTat,C,5,5,4720,4730
946,player_3f00b0bc-851d-4237-9446-d4ceb6e17319@localhost,TitForTatWithForgiveness,C,player_a9565aa4-0755-49b9-8903-cdf17a18a613@localhost,SuspiciousTitForTat,C,5,5,4725,4735
947,player_3f00b0bc-851d-4237-9446-d4ceb6e17319@localhost,TitForTatWithForgiveness,C,player_a9565aa4-0755-49b9-8903-cdf17a18a613@localhost,SuspiciousTitForTat,C,5,5,4730,4740
948,player_3f00b0bc-851d-4237-9446-d4ceb6e17319@localhost,TitForTatWithForgiveness,C,player_a9565aa4-0755-49b9-8903-cdf17a18a613@localhost,SuspiciousTitForTat,C,5,5,4735,4745
949,player_3f00b0bc-851d-4237-9446-d4ceb6e17319@localhost,TitForTatWithForgiveness,C,player_a9565aa4-0755-49b9-8903-cdf17a18a613@localhost,SuspiciousTitForTat,C,5,5,4740,4750
950,player_3f00b0bc-851d-4237-9446-d4ceb6e17319@localhost,TitForTatWithForgiveness,C,player_a9565aa4-0755-49b9-8903-cdf17a18a613@localhost,SuspiciousTitForTat,C,5,5,4745,4755
951,player_3f00b0bc-851d-4237-9446-d4ceb6e17319@localhost,TitForTatWithForgiveness,C,player_a9565aa4-0755-49b9-8903-cdf17a18a613@localhost,SuspiciousTitForTat,C,5,5,4750,4760
952,player_3f00b0bc-851d-4237-9446-d4ceb6e17319@localhost,TitForTatWithForgiveness,C,player_a9565aa4-0755-49b9-8903-cdf17a18a613@localhost,SuspiciousTitForTat,C,5,5,4755,4765
953,player_3f00b0bc-851d-4237-9446-d4ceb6e17319@localhost,TitForTatWithForgiveness,C,player_a9565aa4-0755-49b9-8903-cdf17a18a613@localhost,SuspiciousTitForTat,C,5,5,4760,4770
954,player_3f00b0bc-851d-4237-9446-d4ceb6e17319@localhost,TitForTatWithForgiveness,C,player_a9565aa4-0755-49b9-8903-cdf17a18a613@localhost,SuspiciousTitForTat,C,5,5,4765,4775
955,player_3f00b0bc-851d-4237-9446-d4ceb6e17319@localhost,TitForTatWithForgiveness,C,player_a9565aa4-0755-49b9-8903-cdf17a18a613@localhost,SuspiciousTitForTat,C,5,5,4770,4780
956,player_3f00b0bc-851d-4237-9446-d4ceb6e17319@localhost,TitForTatWithForgiveness,C,player_a9565aa4-0755-49b9-8903-cdf17a18a613@localhost,SuspiciousTitForTat,C,5,5,4775,4785
957,player_3f00b0bc-851d-4237-9446-d4ceb6e17319@localhost,TitForTatWithForgiveness,C,player_a9565aa4-0755-49b9-8903-cdf17a18a613@localhost,SuspiciousTitForTat,C,5,5,4780,4790
958,player_3f00b0bc-851d-4237-9446-d4ceb6e17319@localhost,TitForTatWithForgiveness,C,player_a9565aa4-0755-49b9-8903-cdf17a18a613@localhost,SuspiciousTitForTat,C,5,5,4785,4795
959,player_3f00b0bc-851d-4237-9446-d4ceb6e17319@localhost,TitForTatWithForgiveness,C,player_a9565aa4-0755-49b9-8903-cdf17a18a613@localhost,SuspiciousTitForTat,C,5,5,4790,4800
960,player_3f00b0bc-851d-4237-9446-d4ceb6e17319@localhost,TitForTatWithForgiveness,C,player_a9565aa4-0755-49b9-8903-cdf17a18a613@localhost,SuspiciousTitForTat,C,5,5,4795,4805
961,player_3f00b0bc-851d-4237-9446-d4ceb6e17319@localhost,TitForTatWithForgiveness,C,player_a9565aa4-0755-49b9-8903-cdf17a18a613@localhost,SuspiciousTitForTat,C,5,5,4800,4810
962,player_3f00b0bc-851d-4237-9446-d4ceb6e17319@localhost,TitForTatWithForgiveness,C,player_a9565aa4-0755-49b9-8903-cdf17a18a613@localhost,SuspiciousTitForTat,C,5,5,4805,4815
963,player_3f00b0bc-851d-4237-9446-d4ceb6e17319@localhost,TitForTatWithForgiveness,C,player_a9565aa4-0755-49b9-8903-cdf17a18a613@localhost,SuspiciousTitForTat,C,5,5,4810,4820
964,player_3f00b0bc-851d-4237-9446-d4ceb6e17319@localhost,TitForTatWithForgiveness,C,player_a9565aa4-0755-49b9-8903-cdf17a18a613@localhost,SuspiciousTitForTat,C,5,5,4815,4825
965,player_3f00b0bc-851d-4237-9446-d4ceb6e17319@localhost,TitForTatWithForgiveness,C,player_a9565aa4-0755-49b9-8903-cdf17a18a613@localhost,SuspiciousTitForTat,C,5,5,4820,4830
966,player_3f00b0bc-851d-4237-9446-d4ceb6e17319@localhost,TitForTatWithForgiveness,C,player_a9565aa4-0755-49b9-8903-cdf17a18a613@localhost,SuspiciousTitForTat,C,5,5,4825,4835
967,player_3f00b0bc-851d-4237-9446-d4ceb6e17319@localhost,TitForTatWithForgiveness,C,player_a9565aa4-0755-49b9-8903-cdf17a18a613@localhost,SuspiciousTitForTat,C,5,5,4830,4840
968,player_3f00b0bc-851d-4237-9446-d4ceb6e17319@localhost,TitForTatWithForgiveness,C,player_a9565aa4-0755-49b9-8903-cdf17a18a613@localhost,SuspiciousTitForTat,C,5,5,4835,4845
969,player_3f00b0bc-851d-4237-9446-d4ceb6e17319@localhost,TitForTatWithForgiveness,C,player_a9565aa4-0755-49b9-8903-cdf17a18a613@localhost,SuspiciousTitForTat,C,5,5,4840,4850
970,player_3f00b0bc-851d-4237-9446-d4ceb6e17319@localhost,TitForTatWithForgiveness,C,player_a9565aa4-0755-49b9-8903-cdf17a18a613@localhost,SuspiciousTitForTat,C,5,5,4845,4855
971,player_3f00b0bc-851d-4237-9446-d4ceb6e17319@localhost,TitForTatWithForgiveness,C,player_a9565aa4-0755-49b9-8903-cdf17a18a613@localhost,SuspiciousTitForTat,C,5,5,4850,4860
972,player_3f00b0bc-851d-4237-9446-d4ceb6e17319@localhost,TitForTatWithForgiveness,C,player_a9565aa4-0755-49b9-8903-cdf17a18a613@localhost,SuspiciousTitForTat,C,5,5,4855,4865
973,player_3f00b0bc-851d-4237-9446-d4ceb6e17319@localhost,TitForTatWithForgiveness,C,player_a9565aa4-0755-49b9-8903-cdf17a18a613@localhost,SuspiciousTitForTat,C,5,5,4860,4870
974,player_3f00b0bc-851d-4237-9446-d4ceb6e17319@localhost,TitForTatWithForgiveness,C,player_a9565aa4-0755-49b9-8903-cdf17a18a613@localhost,SuspiciousTitForTat,C,5,5,4865,4875
975,player_3f00b0bc-851d-4237-9446-d4ceb6e17319@localhost,TitForTatWithForgiveness,C,player_a9565aa4-0755-49b9-8903-cdf17a18a613@localhost,SuspiciousTitForTat,C,5,5,4870,4880
976,player_3f00b0bc-851d-4237-9446-d4ceb6e17319@localhost,TitForTatWithForgiveness,C,player_a9565aa4-0755-49b9-8903-cdf17a18a613@localhost,SuspiciousTitForTat,C,5,5,4875,4885
977,player_3f00b0bc-851d-4237-9446-d4ceb6e17319@localhost,TitForTatWithForgiveness,C,player_a9565aa4-0755-49b9-8903-cdf17a18a613@localhost,SuspiciousTitForTat,C,5,5,4880,4890
978,player_3f00b0bc-851d-4237-9446-d4ceb6e17319@localhost,TitForTatWithForgiveness,C,player_a9565aa4-0755-49b9-8903-cdf17a18a613@localhost,SuspiciousTitForTat,C,5,5,4885,4895
979,player_3f00b0bc-851d-4237-9446-d4ceb6e17319@localhost,TitForTatWithForgiveness,C,player_a9565aa4-0755-49b9-8903-cdf17a18a613@localhost,SuspiciousTitForTat,C,5,5,4890,4900
980,player_3f00b0bc-851d-4237-9446-d4ceb6e17319@localhost,TitForTatWithForgiveness,C,player_a9565aa4-0755-49b9-8903-cdf17a18a613@localhost,SuspiciousTitForTat,C,5,5,4895,4905
981,player_3f00b0bc-851d-4237-9446-d4ceb6e17319@localhost,TitForTatWithForgiveness,C,player_a9565aa4-0755-49b9-8903-cdf17a18a613@localhost,SuspiciousTitForTat,C,5,5,4900,4910
982,player_3f00b0bc-851d-4237-9446-d4ceb6e17319@localhost,TitForTatWithForgiveness,C,player_a9565aa4-0755-49b9-8903-cdf17a18a613@localhost,SuspiciousTitForTat,C,5,5,4905,4915
983,player_3f00b0bc-851d-4237-9446-d4ceb6e17319@localhost,TitForTatWithForgiveness,C,player_a9565aa4-0755-49b9-8903-cdf17a18a613@localhost,SuspiciousTitForTat,C,5,5,4910,4920
984,player_3f00b0bc-851d-4237-9446-d4ceb6e17319@localhost,TitForTatWithForgiveness,C,player_a9565aa4-0755-49b9-8903-cdf17a18a613@localhost,SuspiciousTitForTat,C,5,5,4915,4925
985,player_3f00b0bc-851d-4237-9446-d4ceb6e17319@localhost,TitForTatWithForgiveness,C,player_a9565aa4-0755-49b9-8903-cdf17a18a613@localhost,SuspiciousTitForTat,C,5,5,4920,4930
986,player_3f00b0bc-851d-4237-9446-d4ceb6e17319@localhost,TitForTatWithForgiveness,C,player_a9565aa4-0755-49b9-8903-cdf17a18a613@localhost,SuspiciousTitForTat,C,5,5,4925,4935
987,player_3f00b0bc-851d-4237-9446-d4ceb6e17319@localhost,TitForTatWithForgiveness,C,player_a9565aa4-0755-49b9-8903-cdf17a18a613@localhost,SuspiciousTitForTat,C,5,5,4930,4940
988,player_3f00b0bc-851d-4237-9446-d4ceb6e17319@localhost,TitForTatWithForgiveness,C,player_a9565aa4-0755-49b9-8903-cdf17a18a613@localhost,SuspiciousTitForTat,C,5,5,4935,4945
989,player_3f00b0bc-851d-4237-9446-d4ceb6e17319@localhost,TitForTatWithForgiveness,C,player_a9565aa4-0755-49b9-8903-cdf17a18a613@localhost,SuspiciousTitForTat,C,5,5,4940,4950
990,player_3f00b0bc-851d-4237-9446-d4ceb6e17319@localhost,TitForTatWithForgiveness,C,player_a9565aa4-0755-49b9-8903-cdf17a18a613@localhost,SuspiciousTitForTat,C,5,5,4945,4955
991,player_3f00b0bc-851d-4237-9446-d4ceb6e17319@localhost,TitForTatWithForgiveness,C,player_a9565aa4-0755-49b9-8903-cdf17a18a613@localhost,SuspiciousTitForTat,C,5,5,4950,4960
992,player_3f00b0bc-851d-4237-9446-d4ceb6e17319@localhost,TitForTatWithForgiveness,C,player_a9565aa4-0755-49b9-8903-cdf17a18a613@localhost,SuspiciousTitForTat,C,5,5,4955,4965
993,player_3f00b0bc-851d-4237-9446-d4ceb6e17319@localhost,TitForTatWithForgiveness,C,player_a9565aa4-0755-49b9-8903-cdf17a18a613@localhost,SuspiciousTitForTat,C,5,5,4960,4970
994,player_3f00b0bc-851d-4237-9446-d4ceb6e17319@localhost,TitForTatWithForgiveness,C,player_a9565aa4-0755-49b9-8903-cdf17a18a613@localhost,SuspiciousTitForTat,C,5,5,4965,4975
995,player_3f00b0bc-851d-4237-9446-d4ceb6e17319@localhost,TitForTatWithForgiveness,C,player_a9565aa4-0755-49b9-8903-cdf17a18a613@localhost,SuspiciousTitForTat,C,5,5,4970,4980
996,player_3f00b0bc-851d-4237-9446-d4ceb6e17319@localhost,TitForTatWithForgiveness,C,player_a9565aa4-0755-49b9-8903-cdf17a18a613@localhost,SuspiciousTitForTat,C,5,5,4975,4985
997,player_3f00b0bc-851d-4237-9446-d4ceb6e17319@localhost,TitForTatWithForgiveness,C,player_a9565aa4-0755-49b9-8903-cdf17a18a613@localhost,SuspiciousTitForTat,C,5,5,4980,4990
998,player_3f00b0bc-851d-4237-9446-d4ceb6e17319@localhost,TitForTatWithForgiveness,C,player_a9565aa4-0755-49b9-8903-cdf17a18a613@localhost,SuspiciousTitForTat,C,5,5,4985,4995
999,player_3f00b0bc-851d-4237-9446-d4ceb6e17319@localhost,TitForTatWithForgiveness,C,player_a9565aa4-0755-49b9-8903-cdf17a18a613@localhost,SuspiciousTitForTat,C,5,5,4990,5000
1000,player_3f00b0bc-851d-4237-9446-d4ceb6e17319@localhost,TitForTatWithForgiveness,C,player_a9565aa4-0755-49b9-8903-cdf17a18a613@localhost,SuspiciousTitForTat,C,5,5,4995,5005
,,,,,,,,,,
# AGGREGATED METRICS
# p1_jid,player_3f00b0bc-851d-4237-9446-d4ceb6e17319@localhost
# p2_jid,player_a9565aa4-0755-49b9-8903-cdf17a18a613@localhost
# total_rounds,1000
# cooperation_rate_p1,0.9920
# cooperation_rate_p2,0.9910
# defection_rate_p1,0.0080
# defection_rate_p2,0.0090
# total_payoff_p1,4995
# total_payoff_p2,5005
# avg_payoff_p1,4.9950
# avg_payoff_p2,5.0050
