round,p1_jid,p1_strategy,p1_action,p2_jid,p2_strategy,p2_action,p1_payoff,p2_payoff,p1_cumulative,p2_cumulative
1,player_0a7d5f5f-11f4-4995-b9fa-e700fa0d2495@localhost,WinStayLoseShift,C,player_0542e414-c49b-4ae0-88a3-bdce4e1eb073@localhost,SuspiciousTitForTat,D,0,10,0,10
2,player_0a7d5f5f-11f4-4995-b9fa-e700fa0d2495@localhost,WinStayLoseShift,D,player_0542e414-c49b-4ae0-88a3-bdce4e1eb073@localhost,SuspiciousTitForTat,C,10,0,10,10
3,player_0a7d5f5f-11f4-4995-b9fa-e700fa0d2495@localhost,WinStayLoseShift,D,player_0542e414-c49b-4ae0-88a3-bdce4e1eb073@localhost,SuspiciousTitForTat,D,1,1,11,11
4,player_0a7d5f5f-11f4-4995-b9fa-e700fa0d2495@localhost,WinStayLoseShift,C,player_0542e414-c49b-4ae0-88a3-bdce4e1eb073@localhost,SuspiciousTitForTat,D,0,10,11,21
5,player_0a7d5f5f-11f4-4995-b9fa-e700fa0d2495@localhost,WinStayLoseShift,D,player_0542e414-c49b-4ae0-88a3-bdce4e1eb073@localhost,SuspiciousTitForTat,C,10,0,21,21
6,player_0a7d5f5f-11f4-4995-b9fa-e700fa0d2495@localhost,WinStayLoseShift,D,player_0542e414-c49b-4ae0-88a3-bdce4e1eb073@localhost,SuspiciousTitForTat,D,1,1,22,22
7,player_0a7d5f5f-11f4-4995-b9fa-e700fa0d2495@localhost,WinStayLoseShift,C,player_0542e414-c49b-4ae0-88a3-bdce4e1eb073@localhost,SuspiciousTitForTat,D,0,10,22,32
8,player_0a7d5f5f-11f4-4995-b9fa-e700fa0d2495@localhost,WinStayLoseShift,D,player_0542e414-c49b-4ae0-88a3-bdce4e1eb073@localhost,SuspiciousTitForTat,C,10,0,32,32
9,player_0a7d5f5f-11f4-4995-b9fa-e700fa0d2495@localhost,WinStayLoseShift,D,player_0542e414-c49b-4ae0-88a3-bdce4e1eb073@localhost,SuspiciousTitForTat,D,1,1,33,33
10,player_0a7d5f5f-11f4-4995-b9fa-e700fa0d2495@localhost,WinStayLoseShift,C,player_0542e414-c49b-4ae0-88a3-bdce4e1eb073@localhost,SuspiciousTitForTat,D,0,10,33,43
11,player_0a7d5f5f-11f4-4995-b9fa-e700fa0d2495@localhost,WinStayLoseShift,D,player_0542e414-c49b-4ae0-88a3-bdce4e1eb073@localhost,SuspiciousTitForTat,C,10,0,43,43
12,player_0a7d5f5f-11f4-4995-b9fa-e700fa0d2495@localhost,WinStayLoseShift,D,player_0542e414-c49b-4ae0-88a3-bdce4e1eb073@localhost,SuspiciousTitForTat,D,1,1,44,44
13,player_0a7d5f5f-11f4-4995-b9fa-e700fa0d2495@localhost,WinStayLoseShift,C,player_0542e414-c49b-4ae0-88a3-bdce4e1eb073@localhost,SuspiciousTitForTat,D,0,10,44,54
14,player_0a7d5f5f-11f4-4995-b9fa-e700fa0d2495@localhost,WinStayLoseShift,D,player_0542e414-c49b-4ae0-88a3-bdce4e1eb073@localhost,SuspiciousTitForTat,C,10,0,54,54
15,player_0a7d5f5f-11f4-4995-b9fa-e700fa0d2495@localhost,WinStayLoseShift,D,player_0542e414-c49b-4ae0-88a3-bdce4e1eb073@localhost,SuspiciousTitForTat,D,1,1,55,55
16,player_0a7d5f5f-11f4-4995-b9fa-e700fa0d2495@localhost,WinStayLoseShift,C,player_0542e414-c49b-4ae0-88a3-bdce4e1eb073@localhost,SuspiciousTitForTat,D,0,10,55,65
17,player_0a7d5f5f-11f4-4995-b9fa-e700fa0d2495@localhost,WinStayLoseShift,D,player_0542e414-c49b-4ae0-88a3-bdce4e1eb073@localhost,SuspiciousTitForTat,C,10,0,65,65
18,player_0a7d5f5f-11f4-4995-b9fa-e700fa0d2495@localhost,WinStayLoseShift,D,player_0542e414-c49b-4ae0-88a3-bdce4e1eb073@localhost,SuspiciousTitForTat,D,1,1,66,66
19,player_0a7d5f5f-11f4-4995-b9fa-e700fa0d2495@localhost,WinStayLoseShift,C,player_0542e414-c49b-4ae0-88a3-bdce4e1eb073@localhost,SuspiciousTitForTat,D,0,10,66,76
20,player_0a7d5f5f-11f4-4995-b9fa-e700fa0d2495@localhost,WinStayLoseShift,D,player_0542e414-c49b-4ae0-88a3-bdce4e1eb073@localhost,SuspiciousTitForTat,C,10,0,76,76
21,player_0a7d5f5f-11f4-4995-b9fa-e700fa0d2495@localhost,WinStayLoseShift,D,player_0542e414-c49b-4ae0-88a3-bdce4e1eb073@localhost,SuspiciousTitForTat,D,1,1,77,77
22,player_0a7d5f5f-11f4-4995-b9fa-e700fa0d2495@localhost,WinStayLoseShift,C,player_0542e414-c49b-4ae0-88a3-bdce4e1eb073@localhost,SuspiciousTitForTat,D,0,10,77,87
23,player_0a7d5f5f-11f4-4995-b9fa-e700fa0d2495@localhost,WinStayLoseShift,D,player_0542e414-c49b-4ae0-88a3-bdce4e1eb073@localhost,SuspiciousTitForTat,C,10,0,87,87
24,player_0a7d5f5f-11f4-4995-b9fa-e700fa0d2495@localhost,WinStayLoseShift,D,player_0542e414-c49b-4ae0-88a3-bdce4e1eb073@localhost,SuspiciousTitForTat,D,1,1,88,88
25,player_0a7d5f5f-11f4-4995-b9fa-e700fa0d2495@localhost,WinStayLoseShift,C,player_0542e414-c49b-4ae0-88a3-bdce4e1eb073@localhost,SuspiciousTitForTat,D,0,10,88,98
26,player_0a7d5f5f-11f4-4995-b9fa-e700fa0d2495@localhost,WinStayLoseShift,D,player_0542e414-c49b-4ae0-88a3-bdce4e1eb073@localhost,SuspiciousTitForTat,C,10,0,98,98
27,player_0a7d5f5f-11f4-4995-b9fa-e700fa0d2495@localhost,WinStayLoseShift,D,player_0542e414-c49b-4ae0-88a3-bdce4e1eb073@localhost,SuspiciousTitForTat,D,1,1,99,99
28,player_0a7d5f5f-11f4-4995-b9fa-e700fa0d2495@localhost,WinStayLoseShift,C,player_0542e414-c49b-4ae0-88a3-bdce4e1eb073@localhost,SuspiciousTitForTat,D,0,10,99,109
29,player_0a7d5f5f-11f4-4995-b9fa-e700fa0d2495@localhost,WinStayLoseShift,D,player_0542e414-c49b-4ae0-88a3-bdce4e1eb073@localhost,SuspiciousTitForTat,C,10,0,109,109
30,player_0a7d5f5f-11f4-4995-b9fa-e700fa0d2495@localhost,WinStayLoseShift,D,player_0542e414-c49b-4ae0-88a3-bdce4e1eb073@localhost,SuspiciousTitForTat,D,1,1,110,110
31,player_0a7d5f5f-11f4-4995-b9fa-e700fa0d2495@localhost,WinStayLoseShift,C,player_0542e414-c49b-4ae0-88a3-bdce4e1eb073@localhost,SuspiciousTitForTat,D,0,10,110,120
32,player_0a7d5f5f-11f4-4995-b9fa-e700fa0d2495@localhost,WinStayLoseShift,D,player_0542e414-c49b-4ae0-88a3-bdce4e1eb073@localhost,SuspiciousTitForTat,C,10,0,120,120
33,player_0a7d5f5f-11f4-4995-b9fa-e700fa0d2495@localhost,WinStayLoseShift,D,player_0542e414-c49b-4ae0-88a3-bdce4e1eb073@localhost,SuspiciousTitForTat,D,1,1,121,121
34,player_0a7d5f5f-11f4-4995-b9fa-e700fa0d2495@localhost,WinStayLoseShift,C,player_0542e414-c49b-4ae0-88a3-bdce4e1eb073@localhost,SuspiciousTitForTat,D,0,10,121,131
35,player_0a7d5f5f-11f4-4995-b9fa-e700fa0d2495@localhost,WinStayLoseShift,D,player_0542e414-c49b-4ae0-88a3-bdce4e1eb073@localhost,SuspiciousTitForTat,C,10,0,131,131
36,player_0a7d5f5f-11f4-4995-b9fa-e700fa0d2495@localhost,WinStayLoseShift,D,player_0542e414-c49b-4ae0-88a3-bdce4e1eb073@localhost,SuspiciousTitForTat,D,1,1,132,132
37,player_0a7d5f5f-11f4-4995-b9fa-e700fa0d2495@localhost,WinStayLoseShift,C,player_0542e414-c49b-4ae0-88a3-bdce4e1eb073@localhost,SuspiciousTitForTat,D,0,10,132,142
38,player_0a7d5f5f-11f4-4995-b9fa-e700fa0d2495@localhost,WinStayLoseShift,D,player_0542e414-c49b-4ae0-88a3-bdce4e1eb073@localhost,SuspiciousTitForTat,C,10,0,142,142
39,player_0a7d5f5f-11f4-4995-b9fa-e700fa0d2495@localhost,WinStayLoseShift,D,player_0542e414-c49b-4ae0-88a3-bdce4e1eb073@localhost,SuspiciousTitForTat,D,1,1,143,143
40,player_0a7d5f5f-11f4-4995-b9fa-e700fa0d2495@localhost,WinStayLoseShift,C,player_0542e414-c49b-4ae0-88a3-bdce4e1eb073@localhost,SuspiciousTitForTat,D,0,10,143,153
41,player_0a7d5f5f-11f4-4995-b9fa-e700fa0d2495@localhost,WinStayLoseShift,D,player_0542e414-c49b-4ae0-88a3-bdce4e1eb073@localhost,SuspiciousTitForTat,C,10,0,153,153
42,player_0a7d5f5f-11f4-4995-b9fa-e700fa0d2495@localhost,WinStayLoseShift,D,player_0542e414-c49b-4ae0-88a3-bdce4e1eb073@localhost,SuspiciousTitForTat,D,1,1,154,154
43,player_0a7d5f5f-11f4-4995-b9fa-e700fa0d2495@localhost,WinStayLoseShift,C,player_0542e414-c49b-4ae0-88a3-bdce4e1eb073@localhost,SuspiciousTitForTat,D,0,10,154,164
44,player_0a7d5f5f-11f4-4995-b9fa-e700fa0d2495@localhost,WinStayLoseShift,D,player_0542e414-c49b-4ae0-88a3-bdce4e1eb073@localhost,SuspiciousTitForTat,C,10,0,164,164
45,player_0a7d5f5f-11f4-4995-b9fa-e700fa0d2495@localhost,WinStayLoseShift,D,player_0542e414-c49b-4ae0-88a3-bdce4e1eb073@localhost,SuspiciousTitForTat,D,1,1,165,165
46,player_0a7d5f5f-11f4-4995-b9fa-e700fa0d2495@localhost,WinStayLoseShift,C,player_0542e414-c49b-4ae0-88a3-bdce4e1eb073@localhost,SuspiciousTitForTat,D,0,10,165,175
47,player_0a7d5f5f-11f4-4995-b9fa-e700fa0d2495@localhost,WinStayLoseShift,D,player_0542e414-c49b-4ae0-88a3-bdce4e1eb073@localhost,SuspiciousTitForTat,C,10,0,175,175
48,player_0a7d5f5f-11f4-4995-b9fa-e700fa0d2495@localhost,WinStayLoseShift,D,player_0542e414-c49b-4ae0-88a3-bdce4e1eb073@localhost,SuspiciousTitForTat,D,1,1,176,176
49,player_0a7d5f5f-11f4-4995-b9fa-e700fa0d2495@localhost,WinStayLoseShift,C,player_0542e414-c49b-4ae0-88a3-bdce4e1eb073@localhost,SuspiciousTitForTat,D,0,10,176,186
50,player_0a7d5f5f-11f4-4995-b9fa-e700fa0d2495@localhost,WinStayLoseShift,D,player_0542e414-c49b-4ae0-88a3-bdce4e1eb073@localhost,SuspiciousTitForTat,C,10,0,186,186
51,player_0a7d5f5f-11f4-4995-b9fa-e700fa0d2495@localhost,WinStayLoseShift,D,player_0542e414-c49b-4ae0-88a3-bdce4e1eb073@localhost,SuspiciousTitForTat,D,1,1,187,187
52,player_0a7d5f5f-11f4-4995-b9fa-e700fa0d2495@localhost,WinStayLoseShift,C,player_0542e414-c49b-4ae0-88a3-bdce4e1eb073@localhost,SuspiciousTitForTat,D,0,10,187,197
53,player_0a7d5f5f-11f4-4995-b9fa-e700fa0d2495@localhost,WinStayLoseShift,D,player_0542e414-c49b-4ae0-88a3-bdce4e1eb073@localhost,SuspiciousTitForTat,C,10,0,197,197
54,player_0a7d5f5f-11f4-4995-b9fa-e700fa0d2495@localhost,WinStayLoseShift,D,player_0542e414-c49b-4ae0-88a3-bdce4e1eb073@localhost,SuspiciousTitForTat,D,1,1,198,198
55,player_0a7d5f5f-11f4-4995-b9fa-e700fa0d2495@localhost,WinStayLoseShift,C,player_0542e414-c49b-4ae0-88a3-bdce4e1eb073@localhost,SuspiciousTitForTat,D,0,10,198,208
56,player_0a7d5f5f-11f4-4995-b9fa-e700fa0d2495@localhost,WinStayLoseShift,D,player_0542e414-c49b-4ae0-88a3-bdce4e1eb073@localhost,SuspiciousTitForTat,C,10,0,208,208
57,player_0a7d5f5f-11f4-4995-b9fa-e700fa0d2495@localhost,WinStayLoseShift,D,player_0542e414-c49b-4ae0-88a3-bdce4e1eb073@localhost,SuspiciousTitForTat,D,1,1,209,209
58,player_0a7d5f5f-11f4-4995-b9fa-e700fa0d2495@localhost,WinStayLoseShift,C,player_0542e414-c49b-4ae0-88a3-bdce4e1eb073@localhost,SuspiciousTitForTat,D,0,10,209,219
59,player_0a7d5f5f-11f4-4995-b9fa-e700fa0d2495@localhost,WinStayLoseShift,D,player_0542e414-c49b-4ae0-88a3-bdce4e1eb073@localhost,SuspiciousTitForTat,C,10,0,219,219
60,player_0a7d5f5f-11f4-4995-b9fa-e700fa0d2495@localhost,WinStayLoseShift,D,player_0542e414-c49b-4ae0-88a3-bdce4e1eb073@localhost,SuspiciousTitForTat,D,1,1,220,220
61,player_0a7d5f5f-11f4-4995-b9fa-e700fa0d2495@localhost,WinStayLoseShift,C,player_0542e414-c49b-4ae0-88a3-bdce4e1eb073@localhost,SuspiciousTitForTat,D,0,10,220,230
62,player_0a7d5f5f-11f4-4995-b9fa-e700fa0d2495@localhost,WinStayLoseShift,D,player_0542e414-c49b-4ae0-88a3-bdce4e1eb073@localhost,SuspiciousTitForTat,C,10,0,230,230
63,player_0a7d5f5f-11f4-4995-b9fa-e700fa0d2495@localhost,WinStayLoseShift,D,player_0542e414-c49b-4ae0-88a3-bdce4e1eb073@localhost,SuspiciousTitForTat,D,1,1,231,231
64,player_0a7d5f5f-11f4-4995-b9fa-e700fa0d2495@localhost,WinStayLoseShift,C,player_0542e414-c49b-4ae0-88a3-bdce4e1eb073@localhost,SuspiciousTitForTat,D,0,10,231,241
65,player_0a7d5f5f-11f4-4995-b9fa-e700fa0d2495@localhost,WinStayLoseShift,D,player_0542e414-c49b-4ae0-88a3-bdce4e1eb073@localhost,SuspiciousTitForTat,C,10,0,241,241
66,player_0a7d5f5f-11f4-4995-b9fa-e700fa0d2495@localhost,WinStayLoseShift,D,player_0542e414-c49b-4ae0-88a3-bdce4e1eb073@localhost,SuspiciousTitForTat,D,1,1,242,242
67,player_0a7d5f5f-11f4-4995-b9fa-e700fa0d2495@localhost,WinStayLoseShift,C,player_0542e414-c49b-4ae0-88a3-bdce4e1eb073@localhost,SuspiciousTitForTat,D,0,10,242,252
68,player_0a7d5f5f-11f4-4995-b9fa-e700fa0d2495@localhost,WinStayLoseShift,D,player_0542e414-c49b-4ae0-88a3-bdce4e1eb073@localhost,SuspiciousTitForTat,C,10,0,252,252
69,player_0a7d5f5f-11f4-4995-b9fa-e700fa0d2495@localhost,WinStayLoseShift,D,player_0542e414-c49b-4ae0-88a3-bdce4e1eb073@localhost,SuspiciousTitForTat,D,1,1,253,253
70,player_0a7d5f5f-11f4-4995-b9fa-e700fa0d2495@localhost,WinStayLoseShift,C,player_0542e414-c49b-4ae0-88a3-bdce4e1eb073@localhost,SuspiciousTitForTat,D,0,10,253,263
71,player_0a7d5f5f-11f4-4995-b9fa-e700fa0d2495@localhost,WinStayLoseShift,D,player_0542e414-c49b-4ae0-88a3-bdce4e1eb073@localhost,SuspiciousTitForTat,C,10,0,263,263
72,player_0a7d5f5f-11f4-4995-b9fa-e700fa0d2495@localhost,WinStayLoseShift,D,player_0542e414-c49b-4ae0-88a3-bdce4e1eb073@localhost,SuspiciousTitForTat,D,1,1,264,264
73,player_0a7d5f5f-11f4-4995-b9fa-e700fa0d2495@localhost,WinStayLoseShift,C,player_0542e414-c49b-4ae0-88a3-bdce4e1eb073@localhost,SuspiciousTitForTat,D,0,10,264,274
74,player_0a7d5f5f-11f4-4995-b9fa-e700fa0d2495@localhost,WinStayLoseShift,D,player_0542e414-c49b-4ae0-88a3-bdce4e1eb073@localhost,SuspiciousTitForTat,C,10,0,274,274
75,player_0a7d5f5f-11f4-4995-b9fa-e700fa0d2495@localhost,WinStayLoseShift,D,player_0542e414-c49b-4ae0-88a3-bdce4e1eb073@localhost,SuspiciousTitForTat,D,1,1,275,275
76,player_0a7d5f5f-11f4-4995-b9fa-e700fa0d2495@localhost,WinStayLoseShift,C,player_0542e414-c49b-4ae0-88a3-bdce4e1eb073@localhost,SuspiciousTitForTat,D,0,10,275,285
77,player_0a7d5f5f-11f4-4995-b9fa-e700fa0d2495@localhost,WinStayLoseShift,D,player_0542e414-c49b-4ae0-88a3-bdce4e1eb073@localhost,SuspiciousTitForTat,C,10,0,285,285
78,player_0a7d5f5f-11f4-4995-b9fa-e700fa0d2495@localhost,WinStayLoseShift,D,player_0542e414-c49b-4ae0-88a3-bdce4e1eb073@localhost,SuspiciousTitForTat,D,1,1,286,286
79,player_0a7d5f5f-11f4-4995-b9fa-e700fa0d2495@localhost,WinStayLoseShift,C,player_0542e414-c49b-4ae0-88a3-bdce4e1eb073@localhost,SuspiciousTitForTat,D,0,10,286,296
80,player_0a7d5f5f-11f4-4995-b9fa-e700fa0d2495@localhost,WinStayLoseShift,D,player_0542e414-c49b-4ae0-88a3-bdce4e1eb073@localhost,SuspiciousTitForTat,C,10,0,296,296
81,player_0a7d5f5f-11f4-4995-b9fa-e700fa0d2495@localhost,WinStayLoseShift,D,player_0542e414-c49b-4ae0-88a3-bdce4e1eb073@localhost,SuspiciousTitForTat,D,1,1,297,297
82,player_0a7d5f5f-11f4-4995-b9fa-e700fa0d2495@localhost,WinStayLoseShift,C,player_0542e414-c49b-4ae0-88a3-bdce4e1eb073@localhost,SuspiciousTitForTat,D,0,10,297,307
83,player_0a7d5f5f-11f4-4995-b9fa-e700fa0d2495@localhost,WinStayLoseShift,D,player_0542e414-c49b-4ae0-88a3-bdce4e1eb073@localhost,SuspiciousTitForTat,C,10,0,307,307
84,player_0a7d5f5f-11f4-4995-b9fa-e700fa0d2495@localhost,WinStayLoseShift,D,player_0542e414-c49b-4ae0-88a3-bdce4e1eb073@localhost,SuspiciousTitForTat,D,1,1,308,308
85,player_0a7d5f5f-11f4-4995-b9fa-e700fa0d2495@localhost,WinStayLoseShift,C,player_0542e414-c49b-4ae0-88a3-bdce4e1eb073@localhost,SuspiciousTitForTat,D,0,10,308,318
86,player_0a7d5f5f-11f4-4995-b9fa-e700fa0d2495@localhost,WinStayLoseShift,D,player_0542e414-c49b-4ae0-88a3-bdce4e1eb073@localhost,SuspiciousTitForTat,C,10,0,318,318
87,player_0a7d5f5f-11f4-4995-b9fa-e700fa0d2495@localhost,WinStayLoseShift,D,player_0542e414-c49b-4ae0-88a3-bdce4e1eb073@localhost,SuspiciousTitForTat,D,1,1,319,319
88,player_0a7d5f5f-11f4-4995-b9fa-e700fa0d2495@localhost,WinStayLoseShift,C,player_0542e414-c49b-4ae0-88a3-bdce4e1eb073@localhost,SuspiciousTitForTat,D,0,10,319,329
89,player_0a7d5f5f-11f4-4995-b9fa-e700fa0d2495@localhost,WinStayLoseShift,D,player_0542e414-c49b-4ae0-88a3-bdce4e1eb073@localhost,SuspiciousTitForTat,C,10,0,329,329
90,player_0a7d5f5f-11f4-4995-b9fa-e700fa0d2495@localhost,WinStayLoseShift,D,player_0542e414-c49b-4ae0-88a3-bdce4e1eb073@localhost,SuspiciousTitForTat,D,1,1,330,330
91,player_0a7d5f5f-11f4-4995-b9fa-e700fa0d2495@localhost,WinStayLoseShift,C,player_0542e414-c49b-4ae0-88a3-bdce4e1eb073@localhost,SuspiciousTitForTat,D,0,10,330,340
92,player_0a7d5f5f-11f4-4995-b9fa-e700fa0d2495@localhost,WinStayLoseShift,D,player_0542e414-c49b-4ae0-88a3-bdce4e1eb073@localhost,SuspiciousTitForTat,C,10,0,340,340
93,player_0a7d5f5f-11f4-4995-b9fa-e700fa0d2495@localhost,WinStayLoseShift,D,player_0542e414-c49b-4ae0-88a3-bdce4e1eb073@localhost,SuspiciousTitForTat,D,1,1,341,341
94,player_0a7d5f5f-11f4-4995-b9fa-e700fa0d2495@localhost,WinStayLoseShift,C,player_0542e414-c49b-4ae0-88a3-bdce4e1eb073@localhost,SuspiciousTitForTat,D,0,10,341,351
95,player_0a7d5f5f-11f4-4995-b9fa-e700fa0d2495@localhost,WinStayLoseShift,D,player_0542e414-c49b-4ae0-88a3-bdce4e1eb073@localhost,SuspiciousTitForTat,C,10,0,351,351
96,player_0a7d5f5f-11f4-4995-b9fa-e700fa0d2495@localhost,WinStayLoseShift,D,player_0542e414-c49b-4ae0-88a3-bdce4e1eb073@localhost,SuspiciousTitForTat,D,1,1,352,352
97,player_0a7d5f5f-11f4-4995-b9fa-e700fa0d2495@localhost,WinStayLoseShift,C,player_0542e414-c49b-4ae0-88a3-bdce4e1eb073@localhost,SuspiciousTitForTat,D,0,10,352,362
98,player_0a7d5f5f-11f4-4995-b9fa-e700fa0d2495@localhost,WinStayLoseShift,D,player_0542e414-c49b-4ae0-88a3-bdce4e1eb073@localhost,SuspiciousTitForTat,C,10,0,362,362
99,player_0a7d5f5f-11f4-4995-b9fa-e700fa0d2495@localhost,WinStayLoseShift,D,player_0542e414-c49b-4ae0-88a3-bdce4e1eb073@localhost,SuspiciousTitForTat,D,1,1,363,363
100,player_0a7d5f5f-11f4-4995-b9fa-e700fa0d2495@localhost,WinStayLoseShift,C,player_0542e414-c49b-4ae0-88a3-bdce4e1eb073@localhost,SuspiciousTitForTat,D,0,10,363,373
101,player_0a7d5f5f-11f4-4995-b9fa-e700fa0d2495@localhost,WinStayLoseShift,D,player_0542e414-c49b-4ae0-88a3-bdce4e1eb073@localhost,SuspiciousTitForTat,C,10,0,373,373
102,player_0a7d5f5f-11f4-4995-b9fa-e700fa0d2495@localhost,WinStayLoseShift,D,player_0542e414-c49b-4ae0-88a3-bdce4e1eb073@localhost,SuspiciousTitForTat,D,1,1,374,374
103,player_0a7d5f5f-11f4-4995-b9fa-e700fa0d2495@localhost,WinStayLoseShift,C,player_0542e414-c49b-4ae0-88a3-bdce4e1eb073@localhost,SuspiciousTitForTat,D,0,10,374,384
104,player_0a7d5f5f-11f4-4995-b9fa-e700fa0d2495@localhost,WinStayLoseShift,D,player_0542e414-c49b-4ae0-88a3-bdce4e1eb073@localhost,SuspiciousTitForTat,C,10,0,384,384
105,player_0a7d5f5f-11f4-4995-b9fa-e700fa0d2495@localhost,WinStayLoseShift,D,player_0542e414-c49b-4ae0-88a3-bdce4e1eb073@localhost,SuspiciousTitForTat,D,1,1,385,385
106,player_0a7d5f5f-11f4-4995-b9fa-e700fa0d2495@localhost,WinStayLoseShift,C,player_0542e414-c49b-4ae0-88a3-bdce4e1eb073@localhost,SuspiciousTitForTat,D,0,10,385,395
107,player_0a7d5f5f-11f4-4995-b9fa-e700fa0d2495@localhost,WinStayLoseShift,D,player_0542e414-c49b-4ae0-88a3-bdce4e1eb073@localhost,SuspiciousTitForTat,C,10,0,395,395
108,player_0a7d5f5f-11f4-4995-b9fa-e700fa0d2495@localhost,WinStayLoseShift,D,player_0542e414-c49b-4ae0-88a3-bdce4e1eb073@localhost,SuspiciousTitForTat,D,1,1,396,396
109,player_0a7d5f5f-11f4-4995-b9fa-e700fa0d2495@localhost,WinStayLoseShift,C,player_0542e414-c49b-4ae0-88a3-bdce4e1eb073@localhost,SuspiciousTitForTat,D,0,10,396,406
110,player_0a7d5f5f-11f4-4995-b9fa-e700fa0d2495@localhost,WinStayLoseShift,D,player_0542e414-c49b-4ae0-88a3-bdce4e1eb073@localhost,SuspiciousTitForTat,C,10,0,406,406
111,player_0a7d5f5f-11f4-4995-b9fa-e700fa0d2495@localhost,WinStayLoseShift,D,player_0542e414-c49b-4ae0-88a3-bdce4e1eb073@localhost,SuspiciousTitForTat,D,1,1,407,407
112,player_0a7d5f5f-11f4-4995-b9fa-e700fa0d2495@localhost,WinStayLoseShift,C,player_0542e414-c49b-4ae0-88a3-bdce4e1eb073@localhost,SuspiciousTitForTat,D,0,10,407,417
113,player_0a7d5f5f-11f4-4995-b9fa-e700fa0d2495@localhost,WinStayLoseShift,D,player_0542e414-c49b-4ae0-88a3-bdce4e1eb073@localhost,SuspiciousTitForTat,C,10,0,417,417
114,player_0a7d5f5f-11f4-4995-b9fa-e700fa0d2495@localhost,WinStayLoseShift,D,player_0542e414-c49b-4ae0-88a3-bdce4e1eb073@localhost,SuspiciousTitForTat,D,1,1,418,418
115,player_0a7d5f5f-11f4-4995-b9fa-e700fa0d2495@localhost,WinStayLoseShift,C,player_0542e414-c49b-4ae0-88a3-bdce4e1eb073@localhost,SuspiciousTitForTat,D,0,10,418,428
116,player_0a7d5f5f-11f4-4995-b9fa-e700fa0d2495@localhost,WinStayLoseShift,D,player_0542e414-c49b-4ae0-88a3-bdce4e1eb073@localhost,SuspiciousTitForTat,C,10,0,428,428
117,player_0a7d5f5f-11f4-4995-b9fa-e700fa0d2495@localhost,WinStayLoseShift,D,player_0542e414-c49b-4ae0-88a3-bdce4e1eb073@localhost,SuspiciousTitForTat,D,1,1,429,429
118,player_0a7d5f5f-11f4-4995-b9fa-e700fa0d2495@localhost,WinStayLoseShift,C,player_0542e414-c49b-4ae0-88a3-bdce4e1eb073@localhost,SuspiciousTitForTat,D,0,10,429,439
119,player_0a7d5f5f-11f4-4995-b9fa-e700fa0d2495@localhost,WinStayLoseShift,D,player_0542e414-c49b-4ae0-88a3-bdce4e1eb073@localhost,SuspiciousTitForTat,C,10,0,439,439
120,player_0a7d5f5f-11f4-4995-b9fa-e700fa0d2495@localhost,WinStayLoseShift,D,player_0542e414-c49b-4ae0-88a3-bdce4e1eb073@localhost,SuspiciousTitForTat,D,1,1,440,440
121,player_0a7d5f5f-11f4-4995-b9fa-e700fa0d2495@localhost,WinStayLoseShift,C,player_0542e414-c49b-4ae0-88a3-bdce4e1eb073@localhost,SuspiciousTitForTat,D,0,10,440,450
122,player_0a7d5f5f-11f4-4995-b9fa-e700fa0d2495@localhost,WinStayLoseShift,D,player_0542e414-c49b-4ae0-88a3-bdce4e1eb073@localhost,SuspiciousTitForTat,C,10,0,450,450
123,player_0a7d5f5f-11f4-4995-b9fa-e700fa0d2495@localhost,WinStayLoseShift,D,player_0542e414-c49b-4ae0-88a3-bdce4e1eb073@localhost,SuspiciousTitForTat,D,1,1,451,451
124,player_0a7d5f5f-11f4-4995-b9fa-e700fa0d2495@localhost,WinStayLoseShift,C,player_0542e414-c49b-4ae0-88a3-bdce4e1eb073@localhost,SuspiciousTitForTat,D,0,10,451,461
125,player_0a7d5f5f-11f4-4995-b9fa-e700fa0d2495@localhost,WinStayLoseShift,D,player_0542e414-c49b-4ae0-88a3-bdce4e1eb073@localhost,SuspiciousTitForTat,C,10,0,461,461
126,player_0a7d5f5f-11f4-4995-b9fa-e700fa0d2495@localhost,WinStayLoseShift,D,player_0542e414-c49b-4ae0-88a3-bdce4e1eb073@localhost,SuspiciousTitForTat,D,1,1,462,462
127,player_0a7d5f5f-11f4-4995-b9fa-e700fa0d2495@localhost,WinStayLoseShift,C,player_0542e414-c49b-4ae0-88a3-bdce4e1eb073@localhost,SuspiciousTitForTat,D,0,10,462,472
128,player_0a7d5f5f-11f4-4995-b9fa-e700fa0d2495@localhost,WinStayLoseShift,D,player_0542e414-c49b-4ae0-88a3-bdce4e1eb073@localhost,SuspiciousTitForTat,C,10,0,472,472
129,player_0a7d5f5f-11f4-4995-b9fa-e700fa0d2495@localhost,WinStayLoseShift,D,player_0542e414-c49b-4ae0-88a3-bdce4e1eb073@localhost,SuspiciousTitForTat,D,1,1,473,473
130,player_0a7d5f5f-11f4-4995-b9fa-e700fa0d2495@localhost,WinStayLoseShift,C,player_0542e414-c49b-4ae0-88a3-bdce4e1eb073@localhost,SuspiciousTitForTat,D,0,10,473,483
131,player_0a7d5f5f-11f4-4995-b9fa-e700fa0d2495@localhost,WinStayLoseShift,D,player_0542e414-c49b-4ae0-88a3-bdce4e1eb073@localhost,SuspiciousTitForTat,C,10,0,483,483
132,player_0a7d5f5f-11f4-4995-b9fa-e700fa0d2495@localhost,WinStayLoseShift,D,player_0542e414-c49b-4ae0-88a3-bdce4e1eb073@localhost,SuspiciousTitForTat,D,1,1,484,484
133,player_0a7d5f5f-11f4-4995-b9fa-e700fa0d2495@localhost,WinStayLoseShift,C,player_0542e414-c49b-4ae0-88a3-bdce4e1eb073@localhost,SuspiciousTitForTat,D,0,10,484,494
134,player_0a7d5f5f-11f4-4995-b9fa-e700fa0d2495@localhost,WinStayLoseShift,D,player_0542e414-c49b-4ae0-88a3-bdce4e1eb073@localhost,SuspiciousTitForTat,C,10,0,494,494
135,player_0a7d5f5f-11f4-4995-b9fa-e700fa0d2495@localhost,WinStayLoseShift,D,player_0542e414-c49b-4ae0-88a3-bdce4e1eb073@localhost,SuspiciousTitForTat,D,1,1,495,495
136,player_0a7d5f5f-11f4-4995-b9fa-e700fa0d2495@localhost,WinStayLoseShift,C,player_0542e414-c49b-4ae0-88a3-bdce4e1eb073@localhost,SuspiciousTitForTat,D,0,10,495,505
137,player_0a7d5f5f-11f4-4995-b9fa-e700fa0d2495@localhost,WinStayLoseShift,D,player_0542e414-c49b-4ae0-88a3-bdce4e1eb073@localhost,SuspiciousTitForTat,C,10,0,505,505
138,player_0a7d5f5f-11f4-4995-b9fa-e700fa0d2495@localhost,WinStayLoseShift,D,player_0542e414-c49b-4ae0-88a3-bdce4e1eb073@localhost,SuspiciousTitForTat,D,1,1,506,506
139,player_0a7d5f5f-11f4-4995-b9fa-e700fa0d2495@localhost,WinStayLoseShift,C,player_0542e414-c49b-4ae0-88a3-bdce4e1eb073@localhost,SuspiciousTitForTat,D,0,10,506,516
140,player_0a7d5f5f-11f4-4995-b9fa-e700fa0d2495@localhost,WinStayLoseShift,D,player_0542e414-c49b-4ae0-88a3-bdce4e1eb073@localhost,SuspiciousTitForTat,C,10,0,516,516
141,player_0a7d5f5f-11f4-4995-b9fa-e700fa0d2495@localhost,WinStayLoseShift,D,player_0542e414-c49b-4ae0-88a3-bdce4e1eb073@localhost,SuspiciousTitForTat,D,1,1,517,517
142,player_0a7d5f5f-11f4-4995-b9fa-e700fa0d2495@localhost,WinStayLoseShift,C,player_0542e414-c49b-4ae0-88a3-bdce4e1eb073@localhost,SuspiciousTitForTat,D,0,10,517,527
143,player_0a7d5f5f-11f4-4995-b9fa-e700fa0d2495@localhost,WinStayLoseShift,D,player_0542e414-c49b-4ae0-88a3-bdce4e1eb073@localhost,SuspiciousTitForTat,C,10,0,527,527
144,player_0a7d5f5f-11f4-4995-b9fa-e700fa0d2495@localhost,WinStayLoseShift,D,player_0542e414-c49b-4ae0-88a3-bdce4e1eb073@localhost,SuspiciousTitForTat,D,1,1,528,528
145,player_0a7d5f5f-11f4-4995-b9fa-e700fa0d2495@localhost,WinStayLoseShift,C,player_0542e414-c49b-4ae0-88a3-bdce4e1eb073@localhost,SuspiciousTitForTat,D,0,10,528,538
146,player_0a7d5f5f-11f4-4995-b9fa-e700fa0d2495@localhost,WinStayLoseShift,D,player_0542e414-c49b-4ae0-88a3-bdce4e1eb073@localhost,SuspiciousTitForTat,C,10,0,538,538
147,player_0a7d5f5f-11f4-4995-b9fa-e700fa0d2495@localhost,WinStayLoseShift,D,player_0542e414-c49b-4ae0-88a3-bdce4e1eb073@localhost,SuspiciousTitForTat,D,1,1,539,539
148,player_0a7d5f5f-11f4-4995-b9fa-e700fa0d2495@localhost,WinStayLoseShift,C,player_0542e414-c49b-4ae0-88a3-bdce4e1eb073@localhost,SuspiciousTitForTat,D,0,10,539,549
149,player_0a7d5f5f-11f4-4995-b9fa-e700fa0d2495@localhost,WinStayLoseShift,D,player_0542e414-c49b-4ae0-88a3-bdce4e1eb073@localhost,SuspiciousTitForTat,C,10,0,549,549
150,player_0a7d5f5f-11f4-4995-b9fa-e700fa0d2495@localhost,WinStayLoseShift,D,player_0542e414-c49b-4ae0-88a3-bdce4e1eb073@localhost,SuspiciousTitForTat,D,1,1,550,550
151,player_0a7d5f5f-11f4-4995-b9fa-e700fa0d2495@localhost,WinStayLoseShift,C,player_0542e414-c49b-4ae0-88a3-bdce4e1eb073@localhost,SuspiciousTitForTat,D,0,10,550,560
152,player_0a7d5f5f-11f4-4995-b9fa-e700fa0d2495@localhost,WinStayLoseShift,D,player_0542e414-c49b-4ae0-88a3-bdce4e1eb073@localhost,SuspiciousTitForTat,C,10,0,560,560
153,player_0a7d5f5f-11f4-4995-b9fa-e700fa0d2495@localhost,WinStayLoseShift,D,player_0542e414-c49b-4ae0-88a3-bdce4e1eb073@localhost,SuspiciousTitForTat,D,1,1,561,561
154,player_0a7d5f5f-11f4-4995-b9fa-e700fa0d2495@localhost,WinStayLoseShift,C,player_0542e414-c49b-4ae0-88a3-bdce4e1eb073@localhost,SuspiciousTitForTat,D,0,10,561,571
155,player_0a7d5f5f-11f4-4995-b9fa-e700fa0d2495@localhost,WinStayLoseShift,D,player_0542e414-c49b-4ae0-88a3-bdce4e1eb073@localhost,SuspiciousTitForTat,C,10,0,571,571
156,player_0a7d5f5f-11f4-4995-b9fa-e700fa0d2495@localhost,WinStayLoseShift,D,player_0542e414-c49b-4ae0-88a3-bdce4e1eb073@localhost,SuspiciousTitForTat,D,1,1,572,572
157,player_0a7d5f5f-11f4-4995-b9fa-e700fa0d2495@localhost,WinStayLoseShift,C,player_0542e414-c49b-4ae0-88a3-bdce4e1eb073@localhost,SuspiciousTitForTat,D,0,10,572,582
158,player_0a7d5f5f-11f4-4995-b9fa-e700fa0d2495@localhost,WinStayLoseShift,D,player_0542e414-c49b-4ae0-88a3-bdce4e1eb073@localhost,SuspiciousTitForTat,C,10,0,582,582
159,player_0a7d5f5f-11f4-4995-b9fa-e700fa0d2495@localhost,WinStayLoseShift,D,player_0542e414-c49b-4ae0-88a3-bdce4e1eb073@localhost,SuspiciousTitForTat,D,1,1,583,583
160,player_0a7d5f5f-11f4-4995-b9fa-e700fa0d2495@localhost,WinStayLoseShift,C,player_0542e414-c49b-4ae0-88a3-bdce4e1eb073@localhost,SuspiciousTitForTat,D,0,10,583,593
161,player_0a7d5f5f-11f4-4995-b9fa-e700fa0d2495@localhost,WinStayLoseShift,D,player_0542e414-c49b-4ae0-88a3-bdce4e1eb073@localhost,SuspiciousTitForTat,C,10,0,593,593
162,player_0a7d5f5f-11f4-4995-b9fa-e700fa0d2495@localhost,WinStayLoseShift,D,player_0542e414-c49b-4ae0-88a3-bdce4e1eb073@localhost,SuspiciousTitForTat,D,1,1,594,594
163,player_0a7d5f5f-11f4-4995-b9fa-e700fa0d2495@localhost,WinStayLoseShift,C,player_0542e414-c49b-4ae0-88a3-bdce4e1eb073@localhost,SuspiciousTitForTat,D,0,10,594,604
164,player_0a7d5f5f-11f4-4995-b9fa-e700fa0d2495@localhost,WinStayLoseShift,D,player_0542e414-c49b-4ae0-88a3-bdce4e1eb073@localhost,SuspiciousTitForTat,C,10,0,604,604
165,player_0a7d5f5f-11f4-4995-b9fa-e700fa0d2495@localhost,WinStayLoseShift,D,player_0542e414-c49b-4ae0-88a3-bdce4e1eb073@localhost,SuspiciousTitForTat,D,1,1,605,605
166,player_0a7d5f5f-11f4-4995-b9fa-e700fa0d2495@localhost,WinStayLoseShift,C,player_0542e414-c49b-4ae0-88a3-bdce4e1eb073@localhost,SuspiciousTitForTat,D,0,10,605,615
167,player_0a7d5f5f-11f4-4995-b9fa-e700fa0d2495@localhost,WinStayLoseShift,D,player_0542e414-c49b-4ae0-88a3-bdce4e1eb073@localhost,SuspiciousTitForTat,C,10,0,615,615
168,player_0a7d5f5f-11f4-4995-b9fa-e700fa0d2495@localhost,WinStayLoseShift,D,player_0542e414-c49b-4ae0-88a3-bdce4e1eb073@localhost,SuspiciousTitForTat,D,1,1,616,616
169,player_0a7d5f5f-11f4-4995-b9fa-e700fa0d2495@localhost,WinStayLoseShift,C,player_0542e414-c49b-4ae0-88a3-bdce4e1eb073@localhost,SuspiciousTitForTat,D,0,10,616,626
170,player_0a7d5f5f-11f4-4995-b9fa-e700fa0d2495@localhost,WinStayLoseShift,D,player_0542e414-c49b-4ae0-88a3-bdce4e1eb073@localhost,SuspiciousTitForTat,C,10,0,626,626
171,player_0a7d5f5f-11f4-4995-b9fa-e700fa0d2495@localhost,WinStayLoseShift,D,player_0542e414-c49b-4ae0-88a3-bdce4e1eb073@localhost,SuspiciousTitForTat,D,1,1,627,627
172,player_0a7d5f5f-11f4-4995-b9fa-e700fa0d2495@localhost,WinStayLoseShift,C,player_0542e414-c49b-4ae0-88a3-bdce4e1eb073@localhost,SuspiciousTitForTat,D,0,10,627,637
173,player_0a7d5f5f-11f4-4995-b9fa-e700fa0d2495@localhost,WinStayLoseShift,D,player_0542e414-c49b-4ae0-88a3-bdce4e1eb073@localhost,SuspiciousTitForTat,C,10,0,637,637
174,player_0a7d5f5f-11f4-4995-b9fa-e700fa0d2495@localhost,WinStayLoseShift,D,player_0542e414-c49b-4ae0-88a3-bdce4e1eb073@localhost,SuspiciousTitForTat,D,1,1,638,638
175,player_0a7d5f5f-11f4-4995-b9fa-e700fa0d2495@localhost,WinStayLoseShift,C,player_0542e414-c49b-4ae0-88a3-bdce4e1eb073@localhost,SuspiciousTitForTat,D,0,10,638,648
176,player_0a7d5f5f-11f4-4995-b9fa-e700fa0d2495@localhost,WinStayLoseShift,D,player_0542e414-c49b-4ae0-88a3-bdce4e1eb073@localhost,SuspiciousTitForTat,C,10,0,648,648
177,player_0a7d5f5f-11f4-4995-b9fa-e700fa0d2495@localhost,WinStayLoseShift,D,player_0542e414-c49b-4ae0-88a3-bdce4e1eb073@localhost,SuspiciousTitForTat,D,1,1,649,649
178,player_0a7d5f5f-11f4-4995-b9fa-e700fa0d2495@localhost,WinStayLoseShift,C,player_0542e414-c49b-4ae0-88a3-bdce4e1eb073@localhost,SuspiciousTitForTat,D,0,10,649,659
179,player_0a7d5f5f-11f4-4995-b9fa-e700fa0d2495@localhost,WinStayLoseShift,D,player_0542e414-c49b-4ae0-88a3-bdce4e1eb073@localhost,SuspiciousTitForTat,C,10,0,659,659
180,player_0a7d5f5f-11f4-4995-b9fa-e700fa0d2495@localhost,WinStayLoseShift,D,player_0542e414-c49b-4ae0-88a3-bdce4e1eb073@localhost,SuspiciousTitForTat,D,1,1,660,660
181,player_0a7d5f5f-11f4-4995-b9fa-e700fa0d2495@localhost,WinStayLoseShift,C,player_0542e414-c49b-4ae0-88a3-bdce4e1eb073@localhost,SuspiciousTitForTat,D,0,10,660,670
182,player_0a7d5f5f-11f4-4995-b9fa-e700fa0d2495@localhost,WinStayLoseShift,D,player_0542e414-c49b-4ae0-88a3-bdce4e1eb073@localhost,SuspiciousTitForTat,C,10,0,670,670
183,player_0a7d5f5f-11f4-4995-b9fa-e700fa0d2495@localhost,WinStayLoseShift,D,player_0542e414-c49b-4ae0-88a3-bdce4e1eb073@localhost,SuspiciousTitForTat,D,1,1,671,671
184,player_0a7d5f5f-11f4-4995-b9fa-e700fa0d2495@localhost,WinStayLoseShift,C,player_0542e414-c49b-4ae0-88a3-bdce4e1eb073@localhost,SuspiciousTitForTat,D,0,10,671,681
185,player_0a7d5f5f-11f4-4995-b9fa-e700fa0d2495@localhost,WinStayLoseShift,D,player_0542e414-c49b-4ae0-88a3-bdce4e1eb073@localhost,SuspiciousTitForTat,C,10,0,681,681
186,player_0a7d5f5f-11f4-4995-b9fa-e700fa0d2495@localhost,WinStayLoseShift,D,player_0542e414-c49b-4ae0-88a3-bdce4e1eb073@localhost,SuspiciousTitForTat,D,1,1,682,682
187,player_0a7d5f5f-11f4-4995-b9fa-e700fa0d2495@localhost,WinStayLoseShift,C,player_0542e414-c49b-4ae0-88a3-bdce4e1eb073@localhost,SuspiciousTitForTat,D,0,10,682,692
188,player_0a7d5f5f-11f4-4995-b9fa-e700fa0d2495@localhost,WinStayLoseShift,D,player_0542e414-c49b-4ae0-88a3-bdce4e1eb073@localhost,SuspiciousTitForTat,C,10,0,692,692
189,player_0a7d5f5f-11f4-4995-b9fa-e700fa0d2495@localhost,WinStayLoseShift,D,player_0542e414-c49b-4ae0-88a3-bdce4e1eb073@localhost,SuspiciousTitForTat,D,1,1,693,693
190,player_0a7d5f5f-11f4-4995-b9fa-e700fa0d2495@localhost,WinStayLoseShift,C,player_0542e414-c49b-4ae0-88a3-bdce4e1eb073@localhost,SuspiciousTitForTat,D,0,10,693,703
191,player_0a7d5f5f-11f4-4995-b9fa-e700fa0d2495@localhost,WinStayLoseShift,D,player_0542e414-c49b-4ae0-88a3-bdce4e1eb073@localhost,SuspiciousTitForTat,C,10,0,703,703
192,player_0a7d5f5f-11f4-4995-b9fa-e700fa0d2495@localhost,WinStayLoseShift,D,player_0542e414-c49b-4ae0-88a3-bdce4e1eb073@localhost,SuspiciousTitForTat,D,1,1,704,704
193,player_0a7d5f5f-11f4-4995-b9fa-e700fa0d2495@localhost,WinStayLoseShift,C,player_0542e414-c49b-4ae0-88a3-bdce4e1eb073@localhost,SuspiciousTitForTat,D,0,10,704,714
194,player_0a7d5f5f-11f4-4995-b9fa-e700fa0d2495@localhost,WinStayLoseShift,D,player_0542e414-c49b-4ae0-88a3-bdce4e1eb073@localhost,SuspiciousTitForTat,C,10,0,714,714
195,player_0a7d5f5f-11f4-4995-b9fa-e700fa0d2495@localhost,WinStayLoseShift,D,player_0542e414-c49b-4ae0-88a3-bdce4e1eb073@localhost,SuspiciousTitForTat,D,1,1,715,715
196,player_0a7d5f5f-11f4-4995-b9fa-e700fa0d2495@localhost,WinStayLoseShift,C,player_0542e414-c49b-4ae0-88a3-bdce4e1eb073@localhost,SuspiciousTitForTat,D,0,10,715,725
197,player_0a7d5f5f-11f4-4995-b9fa-e700fa0d2495@localhost,WinStayLoseShift,D,player_0542e414-c49b-4ae0-88a3-bdce4e1eb073@localhost,SuspiciousTitForTat,C,10,0,725,725
198,player_0a7d5f5f-11f4-4995-b9fa-e700fa0d2495@localhost,WinStayLoseShift,D,player_0542e414-c49b-4ae0-88a3-bdce4e1eb073@localhost,SuspiciousTitForTat,D,1,1,726,726
199,player_0a7d5f5f-11f4-4995-b9fa-e700fa0d2495@localhost,WinStayLoseShift,C,player_0542e414-c49b-4ae0-88a3-bdce4e1eb073@localhost,SuspiciousTitForTat,D,0,10,726,736
200,player_0a7d5f5f-11f4-4995-b9fa-e700fa0d2495@localhost,WinStayLoseShift,D,player_0542e414-c49b-4ae0-88a3-bdce4e1eb073@localhost,SuspiciousTitForTat,C,10,0,736,736
201,player_0a7d5f5f-11f4-4995-b9fa-e700fa0d2495@localhost,WinStayLoseShift,D,player_0542e414-c49b-4ae0-88a3-bdce4e1eb073@localhost,SuspiciousTitForTat,D,1,1,737,737
202,player_0a7d5f5f-11f4-4995-b9fa-e700fa0d2495@localhost,WinStayLoseShift,C,player_0542e414-c49b-4ae0-88a3-bdce4e1eb073@localhost,SuspiciousTitForTat,D,0,10,737,747
203,player_0a7d5f5f-11f4-4995-b9fa-e700fa0d2495@localhost,WinStayLoseShift,D,player_0542e414-c49b-4ae0-88a3-bdce4e1eb073@localhost,SuspiciousTitForTat,C,10,0,747,747
204,player_0a7d5f5f-11f4-4995-b9fa-e700fa0d2495@localhost,WinStayLoseShift,D,player_0542e414-c49b-4ae0-88a3-bdce4e1eb073@localhost,SuspiciousTitForTat,D,1,1,748,748
205,player_0a7d5f5f-11f4-4995-b9fa-e700fa0d2495@localhost,WinStayLoseShift,C,player_0542e414-c49b-4ae0-88a3-bdce4e1eb073@localhost,SuspiciousTitForTat,D,0,10,748,758
206,player_0a7d5f5f-11f4-4995-b9fa-e700fa0d2495@localhost,WinStayLoseShift,D,player_0542e414-c49b-4ae0-88a3-bdce4e1eb073@localhost,SuspiciousTitForTat,C,10,0,758,758
207,player_0a7d5f5f-11f4-4995-b9fa-e700fa0d2495@localhost,WinStayLoseShift,D,player_0542e414-c49b-4ae0-88a3-bdce4e1eb073@localhost,SuspiciousTitForTat,D,1,1,759,759
208,player_0a7d5f5f-11f4-4995-b9fa-e700fa0d2495@localhost,WinStayLoseShift,C,player_0542e414-c49b-4ae0-88a3-bdce4e1eb073@localhost,SuspiciousTitForTat,D,0,10,759,769
209,player_0a7d5f5f-11f4-4995-b9fa-e700fa0d2495@localhost,WinStayLoseShift,D,player_0542e414-c49b-4ae0-88a3-bdce4e1eb073@localhost,SuspiciousTitForTat,C,10,0,769,769
210,player_0a7d5f5f-11f4-4995-b9fa-e700fa0d2495@localhost,WinStayLoseShift,D,player_0542e414-c49b-4ae0-88a3-bdce4e1eb073@localhost,SuspiciousTitForTat,D,1,1,770,770
211,player_0a7d5f5f-11f4-4995-b9fa-e700fa0d2495@localhost,WinStayLoseShift,C,player_0542e414-c49b-4ae0-88a3-bdce4e1eb073@localhost,SuspiciousTitForTat,D,0,10,770,780
212,player_0a7d5f5f-11f4-4995-b9fa-e700fa0d2495@localhost,WinStayLoseShift,D,player_0542e414-c49b-4ae0-88a3-bdce4e1eb073@localhost,SuspiciousTitForTat,C,10,0,780,780
213,player_0a7d5f5f-11f4-4995-b9fa-e700fa0d2495@localhost,WinStayLoseShift,D,player_0542e414-c49b-4ae0-88a3-bdce4e1eb073@localhost,SuspiciousTitForTat,D,1,1,781,781
214,player_0a7d5f5f-11f4-4995-b9fa-e700fa0d2495@localhost,WinStayLoseShift,C,player_0542e414-c49b-4ae0-88a3-bdce4e1eb073@localhost,SuspiciousTitForTat,D,0,10,781,791
215,player_0a7d5f5f-11f4-4995-b9fa-e700fa0d2495@localhost,WinStayLoseShift,D,player_0542e414-c49b-4ae0-88a3-bdce4e1eb073@localhost,SuspiciousTitForTat,C,10,0,791,791
216,player_0a7d5f5f-11f4-4995-b9fa-e700fa0d2495@localhost,WinStayLoseShift,D,player_0542e414-c49b-4ae0-88a3-bdce4e1eb073@localhost,SuspiciousTitForTat,D,1,1,792,792
217,player_0a7d5f5f-11f4-4995-b9fa-e700fa0d2495@localhost,WinStayLoseShift,C,player_0542e414-c49b-4ae0-88a3-bdce4e1eb073@localhost,SuspiciousTitForTat,D,0,10,792,802
218,player_0a7d5f5f-11f4-4995-b9fa-e700fa0d2495@localhost,WinStayLoseShift,D,player_0542e414-c49b-4ae0-88a3-bdce4e1eb073@localhost,SuspiciousTitForTat,C,10,0,802,802
219,player_0a7d5f5f-11f4-4995-b9fa-e700fa0d2495@localhost,WinStayLoseShift,D,player_0542e414-c49b-4ae0-88a3-bdce4e1eb073@localhost,SuspiciousTitForTat,D,1,1,803,803
220,player_0a7d5f5f-11f4-4995-b9fa-e700fa0d2495@localhost,WinStayLoseShift,C,player_0542e414-c49b-4ae0-88a3-bdce4e1eb073@localhost,SuspiciousTitForTat,D,0,10,803,813
221,player_0a7d5f5f-11f4-4995-b9fa-e700fa0d2495@localhost,WinStayLoseShift,D,player_0542e414-c49b-4ae0-88a3-bdce4e1eb073@localhost,SuspiciousTitForTat,C,10,0,813,813
222,player_0a7d5f5f-11f4-4995-b9fa-e700fa0d2495@localhost,WinStayLoseShift,D,player_0542e414-c49b-4ae0-88a3-bdce4e1eb073@localhost,SuspiciousTitForTat,D,1,1,814,814
223,player_0a7d5f5f-11f4-4995-b9fa-e700fa0d2495@localhost,WinStayLoseShift,C,player_0542e414-c49b-4ae0-88a3-bdce4e1eb073@localhost,SuspiciousTitForTat,D,0,10,814,824
224,player_0a7d5f5f-11f4-4995-b9fa-e700fa0d2495@localhost,WinStayLoseShift,D,player_0542e414-c49b-4ae0-88a3-bdce4e1eb073@localhost,SuspiciousTitForTat,C,10,0,824,824
225,player_0a7d5f5f-11f4-4995-b9fa-e700fa0d2495@localhost,WinStayLoseShift,D,player_0542e414-c49b-4ae0-88a3-bdce4e1eb073@localhost,SuspiciousTitForTat,D,1,1,825,825
226,player_0a7d5f5f-11f4-4995-b9fa-e700fa0d2495@localhost,WinStayLoseShift,C,player_0542e414-c49b-4ae0-88a3-bdce4e1eb073@localhost,SuspiciousTitForTat,D,0,10,825,835
227,player_0a7d5f5f-11f4-4995-b9fa-e700fa0d2495@localhost,WinStayLoseShift,D,player_0542e414-c49b-4ae0-88a3-bdce4e1eb073@localhost,SuspiciousTitForTat,C,10,0,835,835
228,player_0a7d5f5f-11f4-4995-b9fa-e700fa0d2495@localhost,WinStayLoseShift,D,player_0542e414-c49b-4ae0-88a3-bdce4e1eb073@localhost,SuspiciousTitForTat,D,1,1,836,836
229,player_0a7d5f5f-11f4-4995-b9fa-e700fa0d2495@localhost,WinStayLoseShift,C,player_0542e414-c49b-4ae0-88a3-bdce4e1eb073@localhost,SuspiciousTitForTat,D,0,10,836,846
230,player_0a7d5f5f-11f4-4995-b9fa-e700fa0d2495@localhost,WinStayLoseShift,D,player_0542e414-c49b-4ae0-88a3-bdce4e1eb073@localhost,SuspiciousTitForTat,C,10,0,846,846
231,player_0a7d5f5f-11f4-4995-b9fa-e700fa0d2495@localhost,WinStayLoseShift,D,player_0542e414-c49b-4ae0-88a3-bdce4e1eb073@localhost,SuspiciousTitForTat,D,1,1,847,847
232,player_0a7d5f5f-11f4-4995-b9fa-e700fa0d2495@localhost,WinStayLoseShift,C,player_0542e414-c49b-4ae0-88a3-bdce4e1eb073@localhost,SuspiciousTitForTat,D,0,10,847,857
233,player_0a7d5f5f-11f4-4995-b9fa-e700fa0d2495@localhost,WinStayLoseShift,D,player_0542e414-c49b-4ae0-88a3-bdce4e1eb073@localhost,SuspiciousTitForTat,C,10,0,857,857
234,player_0a7d5f5f-11f4-4995-b9fa-e700fa0d2495@localhost,WinStayLoseShift,D,player_0542e414-c49b-4ae0-88a3-bdce4e1eb073@localhost,SuspiciousTitForTat,D,1,1,858,858
235,player_0a7d5f5f-11f4-4995-b9fa-e700fa0d2495@localhost,WinStayLoseShift,C,player_0542e414-c49b-4ae0-88a3-bdce4e1eb073@localhost,SuspiciousTitForTat,D,0,10,858,868
236,player_0a7d5f5f-11f4-4995-b9fa-e700fa0d2495@localhost,WinStayLoseShift,D,player_0542e414-c49b-4ae0-88a3-bdce4e1eb073@localhost,SuspiciousTitForTat,C,10,0,868,868
237,player_0a7d5f5f-11f4-4995-b9fa-e700fa0d2495@localhost,WinStayLoseShift,D,player_0542e414-c49b-4ae0-88a3-bdce4e1eb073@localhost,SuspiciousTitForTat,D,1,1,869,869
238,player_0a7d5f5f-11f4-4995-b9fa-e700fa0d2495@localhost,WinStayLoseShift,C,player_0542e414-c49b-4ae0-88a3-bdce4e1eb073@localhost,SuspiciousTitForTat,D,0,10,869,879
239,player_0a7d5f5f-11f4-4995-b9fa-e700fa0d2495@localhost,WinStayLoseShift,D,player_0542e414-c49b-4ae0-88a3-bdce4e1eb073@localhost,SuspiciousTitForTat,C,10,0,879,879
240,player_0a7d5f5f-11f4-4995-b9fa-e700fa0d2495@localhost,WinStayLoseShift,D,player_0542e414-c49b-4ae0-88a3-bdce4e1eb073@localhost,SuspiciousTitForTat,D,1,1,880,880
241,player_0a7d5f5f-11f4-4995-b9fa-e700fa0d2495@localhost,WinStayLoseShift,C,player_0542e414-c49b-4ae0-88a3-bdce4e1eb073@localhost,SuspiciousTitForTat,D,0,10,880,890
242,player_0a7d5f5f-11f4-4995-b9fa-e700fa0d2495@localhost,WinStayLoseShift,D,player_0542e414-c49b-4ae0-88a3-bdce4e1eb073@localhost,SuspiciousTitForTat,C,10,0,890,890
243,player_0a7d5f5f-11f4-4995-b9fa-e700fa0d2495@localhost,WinStayLoseShift,D,player_0542e414-c49b-4ae0-88a3-bdce4e1eb073@localhost,SuspiciousTitForTat,D,1,1,891,891
244,player_0a7d5f5f-11f4-4995-b9fa-e700fa0d2495@localhost,WinStayLoseShift,C,player_0542e414-c49b-4ae0-88a3-bdce4e1eb073@localhost,SuspiciousTitForTat,D,0,10,891,901
245,player_0a7d5f5f-11f4-4995-b9fa-e700fa0d2495@localhost,WinStayLoseShift,D,player_0542e414-c49b-4ae0-88a3-bdce4e1eb073@localhost,SuspiciousTitForTat,C,10,0,901,901
246,player_0a7d5f5f-11f4-4995-b9fa-e700fa0d2495@localhost,WinStayLoseShift,D,player_0542e414-c49b-4ae0-88a3-bdce4e1eb073@localhost,SuspiciousTitForTat,D,1,1,902,902
247,player_0a7d5f5f-11f4-4995-b9fa-e700fa0d2495@localhost,WinStayLoseShift,C,player_0542e414-c49b-4ae0-88a3-bdce4e1eb073@localhost,SuspiciousTitForTat,D,0,10,902,912
248,player_0a7d5f5f-11f4-4995-b9fa-e700fa0d2495@localhost,WinStayLoseShift,D,player_0542e414-c49b-4ae0-88a3-bdce4e1eb073@localhost,SuspiciousTitForTat,C,10,0,912,912
249,player_0a7d5f5f-11f4-4995-b9fa-e700fa0d2495@localhost,WinStayLoseShift,D,player_0542e414-c49b-4ae0-88a3-bdce4e1eb073@localhost,SuspiciousTitForTat,D,1,1,913,913
250,player_0a7d5f5f-11f4-4995-b9fa-e700fa0d2495@localhost,WinStayLoseShift,C,player_0542e414-c49b-4ae0-88a3-bdce4e1eb073@localhost,SuspiciousTitForTat,D,0,10,913,923
251,player_0a7d5f5f-11f4-4995-b9fa-e700fa0d2495@localhost,WinStayLoseShift,D,player_0542e414-c49b-4ae0-88a3-bdce4e1eb073@localhost,SuspiciousTitForTat,C,10,0,923,923
252,player_0a7d5f5f-11f4-4995-b9fa-e700fa0d2495@localhost,WinStayLoseShift,D,player_0542e414-c49b-4ae0-88a3-bdce4e1eb073@localhost,SuspiciousTitForTat,D,1,1,924,924
253,player_0a7d5f5f-11f4-4995-b9fa-e700fa0d2495@localhost,WinStayLoseShift,C,player_0542e414-c49b-4ae0-88a3-bdce4e1eb073@localhost,SuspiciousTitForTat,D,0,10,924,934
254,player_0a7d5f5f-11f4-4995-b9fa-e700fa0d2495@localhost,WinStayLoseShift,D,player_0542e414-c49b-4ae0-88a3-bdce4e1eb073@localhost,SuspiciousTitForTat,C,10,0,934,934
255,player_0a7d5f5f-11f4-4995-b9fa-e700fa0d2495@localhost,WinStayLoseShift,D,player_0542e414-c49b-4ae0-88a3-bdce4e1eb073@localhost,SuspiciousTitForTat,D,1,1,935,935
256,player_0a7d5f5f-11f4-4995-b9fa-e700fa0d2495@localhost,WinStayLoseShift,C,player_0542e414-c49b-4ae0-88a3-bdce4e1eb073@localhost,SuspiciousTitForTat,D,0,10,935,945
257,player_0a7d5f5f-11f4-4995-b9fa-e700fa0d2495@localhost,WinStayLoseShift,D,player_0542e414-c49b-4ae0-88a3-bdce4e1eb073@localhost,SuspiciousTitForTat,C,10,0,945,945
258,player_0a7d5f5f-11f4-4995-b9fa-e700fa0d2495@localhost,WinStayLoseShift,D,player_0542e414-c49b-4ae0-88a3-bdce4e1eb073@localhost,SuspiciousTitForTat,D,1,1,946,946
259,player_0a7d5f5f-11f4-4995-b9fa-e700fa0d2495@localhost,WinStayLoseShift,C,player_0542e414-c49b-4ae0-88a3-bdce4e1eb073@localhost,SuspiciousTitForTat,D,0,10,946,956
260,player_0a7d5f5f-11f4-4995-b9fa-e700fa0d2495@localhost,WinStayLoseShift,D,player_0542e414-c49b-4ae0-88a3-bdce4e1eb073@localhost,SuspiciousTitForTat,C,10,0,956,956
261,player_0a7d5f5f-11f4-4995-b9fa-e700fa0d2495@localhost,WinStayLoseShift,D,player_0542e414-c49b-4ae0-88a3-bdce4e1eb073@localhost,SuspiciousTitForTat,D,1,1,957,957
262,player_0a7d5f5f-11f4-4995-b9fa-e700fa0d2495@localhost,WinStayLoseShift,C,player_0542e414-c49b-4ae0-88a3-bdce4e1eb073@localhost,SuspiciousTitForTat,D,0,10,957,967
263,player_0a7d5f5f-11f4-4995-b9fa-e700fa0d2495@localhost,WinStayLoseShift,D,player_0542e414-c49b-4ae0-88a3-bdce4e1eb073@localhost,SuspiciousTitForTat,C,10,0,967,967
264,player_0a7d5f5f-11f4-4995-b9fa-e700fa0d2495@localhost,WinStayLoseShift,D,player_0542e414-c49b-4ae0-88a3-bdce4e1eb073@localhost,SuspiciousTitForTat,D,1,1,968,968
265,player_0a7d5f5f-11f4-4995-b9fa-e700fa0d2495@localhost,WinStayLoseShift,C,player_0542e414-c49b-4ae0-88a3-bdce4e1eb073@localhost,SuspiciousTitForTat,D,0,10,968,978
266,player_0a7d5f5f-11f4-4995-b9fa-e700fa0d2495@localhost,WinStayLoseShift,D,player_0542e414-c49b-4ae0-88a3-bdce4e1eb073@localhost,SuspiciousTitForTat,C,10,0,978,978
267,player_0a7d5f5f-11f4-4995-b9fa-e700fa0d2495@localhost,WinStayLoseShift,D,player_0542e414-c49b-4ae0-88a3-bdce4e1eb073@localhost,SuspiciousTitForTat,D,1,1,979,979
268,player_0a7d5f5f-11f4-4995-b9fa-e700fa0d2495@localhost,WinStayLoseShift,C,player_0542e414-c49b-4ae0-88a3-bdce4e1eb073@localhost,SuspiciousTitForTat,D,0,10,979,989
269,player_0a7d5f5f-11f4-4995-b9fa-e700fa0d2495@localhost,WinStayLoseShift,D,player_0542e414-c49b-4ae0-88a3-bdce4e1eb073@localhost,SuspiciousTitForTat,C,10,0,989,989
270,player_0a7d5f5f-11f4-4995-b9fa-e700fa0d2495@localhost,WinStayLoseShift,D,player_0542e414-c49b-4ae0-88a3-bdce4e1eb073@localhost,SuspiciousTitForTat,D,1,1,990,990
271,player_0a7d5f5f-11f4-4995-b9fa-e700fa0d2495@localhost,WinStayLoseShift,C,player_0542e414-c49b-4ae0-88a3-bdce4e1eb073@localhost,SuspiciousTitForTat,D,0,10,990,1000
272,player_0a7d5f5f-11f4-4995-b9fa-e700fa0d2495@localhost,WinStayLoseShift,D,player_0542e414-c49b-4ae0-88a3-bdce4e1eb073@localhost,SuspiciousTitForTat,C,10,0,1000,1000
273,player_0a7d5f5f-11f4-4995-b9fa-e700fa0d2495@localhost,WinStayLoseShift,D,player_0542e414-c49b-4ae0-88a3-bdce4e1eb073@localhost,SuspiciousTitForTat,D,1,1,1001,1001
274,player_0a7d5f5f-11f4-4995-b9fa-e700fa0d2495@localhost,WinStayLoseShift,C,player_0542e414-c49b-4ae0-88a3-bdce4e1eb073@localhost,SuspiciousTitForTat,D,0,10,1001,1011
275,player_0a7d5f5f-11f4-4995-b9fa-e700fa0d2495@localhost,WinStayLoseShift,D,player_0542e414-c49b-4ae0-88a3-bdce4e1eb073@localhost,SuspiciousTitForTat,C,10,0,1011,1011
276,player_0a7d5f5f-11f4-4995-b9fa-e700fa0d2495@localhost,WinStayLoseShift,D,player_0542e414-c49b-4ae0-88a3-bdce4e1eb073@localhost,SuspiciousTitForTat,D,1,1,1012,1012
277,player_0a7d5f5f-11f4-4995-b9fa-e700fa0d2495@localhost,WinStayLoseShift,C,player_0542e414-c49b-4ae0-88a3-bdce4e1eb073@localhost,SuspiciousTitForTat,D,0,10,1012,1022
278,player_0a7d5f5f-11f4-4995-b9fa-e700fa0d2495@localhost,WinStayLoseShift,D,player_0542e414-c49b-4ae0-88a3-bdce4e1eb073@localhost,SuspiciousTitForTat,C,10,0,1022,1022
279,player_0a7d5f5f-11f4-4995-b9fa-e700fa0d2495@localhost,WinStayLoseShift,D,player_0542e414-c49b-4ae0-88a3-bdce4e1eb073@localhost,SuspiciousTitForTat,D,1,1,1023,1023
280,player_0a7d5f5f-11f4-4995-b9fa-e700fa0d2495@localhost,WinStayLoseShift,C,player_0542e414-c49b-4ae0-88a3-bdce4e1eb073@localhost,SuspiciousTitForTat,D,0,10,1023,1033
281,player_0a7d5f5f-11f4-4995-b9fa-e700fa0d2495@localhost,WinStayLoseShift,D,player_0542e414-c49b-4ae0-88a3-bdce4e1eb073@localhost,SuspiciousTitForTat,C,10,0,1033,1033
282,player_0a7d5f5f-11f4-4995-b9fa-e700fa0d2495@localhost,WinStayLoseShift,D,player_0542e414-c49b-4ae0-88a3-bdce4e1eb073@localhost,SuspiciousTitForTat,D,1,1,1034,1034
283,player_0a7d5f5f-11f4-4995-b9fa-e700fa0d2495@localhost,WinStayLoseShift,C,player_0542e414-c49b-4ae0-88a3-bdce4e1eb073@localhost,SuspiciousTitForTat,D,0,10,1034,1044
284,player_0a7d5f5f-11f4-4995-b9fa-e700fa0d2495@localhost,WinStayLoseShift,D,player_0542e414-c49b-4ae0-88a3-bdce4e1eb073@localhost,SuspiciousTitForTat,C,10,0,1044,1044
285,player_0a7d5f5f-11f4-4995-b9fa-e700fa0d2495@localhost,WinStayLoseShift,D,player_0542e414-c49b-4ae0-88a3-bdce4e1eb073@localhost,SuspiciousTitForTat,D,1,1,1045,1045
286,player_0a7d5f5f-11f4-4995-b9fa-e700fa0d2495@localhost,WinStayLoseShift,C,player_0542e414-c49b-4ae0-88a3-bdce4e1eb073@localhost,SuspiciousTitForTat,D,0,10,1045,1055
287,player_0a7d5f5f-11f4-4995-b9fa-e700fa0d2495@localhost,WinStayLoseShift,D,player_0542e414-c49b-4ae0-88a3-bdce4e1eb073@localhost,SuspiciousTitForTat,C,10,0,1055,1055
288,player_0a7d5f5f-11f4-4995-b9fa-e700fa0d2495@localhost,WinStayLoseShift,D,player_0542e414-c49b-4ae0-88a3-bdce4e1eb073@localhost,SuspiciousTitForTat,D,1,1,1056,1056
289,player_0a7d5f5f-11f4-4995-b9fa-e700fa0d2495@localhost,WinStayLoseShift,C,player_0542e414-c49b-4ae0-88a3-bdce4e1eb073@localhost,SuspiciousTitForTat,D,0,10,1056,1066
290,player_0a7d5f5f-11f4-4995-b9fa-e700fa0d2495@localhost,WinStayLoseShift,D,player_0542e414-c49b-4ae0-88a3-bdce4e1eb073@localhost,SuspiciousTitForTat,C,10,0,1066,1066
291,player_0a7d5f5f-11f4-4995-b9fa-e700fa0d2495@localhost,WinStayLoseShift,D,player_0542e414-c49b-4ae0-88a3-bdce4e1eb073@localhost,SuspiciousTitForTat,D,1,1,1067,1067
292,player_0a7d5f5f-11f4-4995-b9fa-e700fa0d2495@localhost,WinStayLoseShift,C,player_0542e414-c49b-4ae0-88a3-bdce4e1eb073@localhost,SuspiciousTitForTat,D,0,10,1067,1077
293,player_0a7d5f5f-11f4-4995-b9fa-e700fa0d2495@localhost,WinStayLoseShift,D,player_0542e414-c49b-4ae0-88a3-bdce4e1eb073@localhost,SuspiciousTitForTat,C,10,0,1077,1077
294,player_0a7d5f5f-11f4-4995-b9fa-e700fa0d2495@localhost,WinStayLoseShift,D,player_0542e414-c49b-4ae0-88a3-bdce4e1eb073@localhost,SuspiciousTitForTat,D,1,1,1078,1078
295,player_0a7d5f5f-11f4-4995-b9fa-e700fa0d2495@localhost,WinStayLoseShift,C,player_0542e414-c49b-4ae0-88a3-bdce4e1eb073@localhost,SuspiciousTitForTat,D,0,10,1078,1088
296,player_0a7d5f5f-11f4-4995-b9fa-e700fa0d2495@localhost,WinStayLoseShift,D,player_0542e414-c49b-4ae0-88a3-bdce4e1eb073@localhost,SuspiciousTitForTat,C,10,0,1088,1088
297,player_0a7d5f5f-11f4-4995-b9fa-e700fa0d2495@localhost,WinStayLoseShift,D,player_0542e414-c49b-4ae0-88a3-bdce4e1eb073@localhost,SuspiciousTitForTat,D,1,1,1089,1089
298,player_0a7d5f5f-11f4-4995-b9fa-e700fa0d2495@localhost,WinStayLoseShift,C,player_0542e414-c49b-4ae0-88a3-bdce4e1eb073@localhost,SuspiciousTitForTat,D,0,10,1089,1099
299,player_0a7d5f5f-11f4-4995-b9fa-e700fa0d2495@localhost,WinStayLoseShift,D,player_0542e414-c49b-4ae0-88a3-bdce4e1eb073@localhost,SuspiciousTitForTat,C,10,0,1099,1099
300,player_0a7d5f5f-11f4-4995-b9fa-e700fa0d2495@localhost,WinStayLoseShift,D,player_0542e414-c49b-4ae0-88a3-bdce4e1eb073@localhost,SuspiciousTitForTat,D,1,1,1100,1100
301,player_0a7d5f5f-11f4-4995-b9fa-e700fa0d2495@localhost,WinStayLoseShift,C,player_0542e414-c49b-4ae0-88a3-bdce4e1eb073@localhost,SuspiciousTitForTat,D,0,10,1100,1110
302,player_0a7d5f5f-11f4-4995-b9fa-e700fa0d2495@localhost,WinStayLoseShift,D,player_0542e414-c49b-4ae0-88a3-bdce4e1eb073@localhost,SuspiciousTitForTat,C,10,0,1110,1110
303,player_0a7d5f5f-11f4-4995-b9fa-e700fa0d2495@localhost,WinStayLoseShift,D,player_0542e414-c49b-4ae0-88a3-bdce4e1eb073@localhost,SuspiciousTitForTat,D,1,1,1111,1111
304,player_0a7d5f5f-11f4-4995-b9fa-e700fa0d2495@localhost,WinStayLoseShift,C,player_0542e414-c49b-4ae0-88a3-bdce4e1eb073@localhost,SuspiciousTitForTat,D,0,10,1111,1121
305,player_0a7d5f5f-11f4-4995-b9fa-e700fa0d2495@localhost,WinStayLoseShift,D,player_0542e414-c49b-4ae0-88a3-bdce4e1eb073@localhost,SuspiciousTitForTat,C,10,0,1121,1121
306,player_0a7d5f5f-11f4-4995-b9fa-e700fa0d2495@localhost,WinStayLoseShift,D,player_0542e414-c49b-4ae0-88a3-bdce4e1eb073@localhost,SuspiciousTitForTat,D,1,1,1122,1122
307,player_0a7d5f5f-11f4-4995-b9fa-e700fa0d2495@localhost,WinStayLoseShift,C,player_0542e414-c49b-4ae0-88a3-bdce4e1eb073@localhost,SuspiciousTitForTat,D,0,10,1122,1132
308,player_0a7d5f5f-11f4-4995-b9fa-e700fa0d2495@localhost,WinStayLoseShift,D,player_0542e414-c49b-4ae0-88a3-bdce4e1eb073@localhost,SuspiciousTitForTat,C,10,0,1132,1132
309,player_0a7d5f5f-11f4-4995-b9fa-e700fa0d2495@localhost,WinStayLoseShift,D,player_0542e414-c49b-4ae0-88a3-bdce4e1eb073@localhost,SuspiciousTitForTat,D,1,1,1133,1133
310,player_0a7d5f5f-11f4-4995-b9fa-e700fa0d2495@localhost,WinStayLoseShift,C,player_0542e414-c49b-4ae0-88a3-bdce4e1eb073@localhost,SuspiciousTitForTat,D,0,10,1133,1143
311,player_0a7d5f5f-11f4-4995-b9fa-e700fa0d2495@localhost,WinStayLoseShift,D,player_0542e414-c49b-4ae0-88a3-bdce4e1eb073@localhost,SuspiciousTitForTat,C,10,0,1143,1143
312,player_0a7d5f5f-11f4-4995-b9fa-e700fa0d2495@localhost,WinStayLoseShift,D,player_0542e414-c49b-4ae0-88a3-bdce4e1eb073@localhost,SuspiciousTitForTat,D,1,1,1144,1144
313,player_0a7d5f5f-11f4-4995-b9fa-e700fa0d2495@localhost,WinStayLoseShift,C,player_0542e414-c49b-4ae0-88a3-bdce4e1eb073@localhost,SuspiciousTitForTat,D,0,10,1144,1154
314,player_0a7d5f5f-11f4-4995-b9fa-e700fa0d2495@localhost,WinStayLoseShift,D,player_0542e414-c49b-4ae0-88a3-bdce4e1eb073@localhost,SuspiciousTitForTat,C,10,0,1154,1154
315,player_0a7d5f5f-11f4-4995-b9fa-e700fa0d2495@localhost,WinStayLoseShift,D,player_0542e414-c49b-4ae0-88a3-bdce4e1eb073@localhost,SuspiciousTitForTat,D,1,1,1155,1155
316,player_0a7d5f5f-11f4-4995-b9fa-e700fa0d2495@localhost,WinStayLoseShift,C,player_0542e414-c49b-4ae0-88a3-bdce4e1eb073@localhost,SuspiciousTitForTat,D,0,10,1155,1165
317,player_0a7d5f5f-11f4-4995-b9fa-e700fa0d2495@localhost,WinStayLoseShift,D,player_0542e414-c49b-4ae0-88a3-bdce4e1eb073@localhost,SuspiciousTitForTat,C,10,0,1165,1165
318,player_0a7d5f5f-11f4-4995-b9fa-e700fa0d2495@localhost,WinStayLoseShift,D,player_0542e414-c49b-4ae0-88a3-bdce4e1eb073@localhost,SuspiciousTitForTat,D,1,1,1166,1166
319,player_0a7d5f5f-11f4-4995-b9fa-e700fa0d2495@localhost,WinStayLoseShift,C,player_0542e414-c49b-4ae0-88a3-bdce4e1eb073@localhost,SuspiciousTitForTat,D,0,10,1166,1176
320,player_0a7d5f5f-11f4-4995-b9fa-e700fa0d2495@localhost,WinStayLoseShift,D,player_0542e414-c49b-4ae0-88a3-bdce4e1eb073@localhost,SuspiciousTitForTat,C,10,0,1176,1176
321,player_0a7d5f5f-11f4-4995-b9fa-e700fa0d2495@localhost,WinStayLoseShift,D,player_0542e414-c49b-4ae0-88a3-bdce4e1eb073@localhost,SuspiciousTitForTat,D,1,1,1177,1177
322,player_0a7d5f5f-11f4-4995-b9fa-e700fa0d2495@localhost,WinStayLoseShift,C,player_0542e414-c49b-4ae0-88a3-bdce4e1eb073@localhost,SuspiciousTitForTat,D,0,10,1177,1187
323,player_0a7d5f5f-11f4-4995-b9fa-e700fa0d2495@localhost,WinStayLoseShift,D,player_0542e414-c49b-4ae0-88a3-bdce4e1eb073@localhost,SuspiciousTitForTat,C,10,0,1187,1187
324,player_0a7d5f5f-11f4-4995-b9fa-e700fa0d2495@localhost,WinStayLoseShift,D,player_0542e414-c49b-4ae0-88a3-bdce4e1eb073@localhost,SuspiciousTitForTat,D,1,1,1188,1188
325,player_0a7d5f5f-11f4-4995-b9fa-e700fa0d2495@localhost,WinStayLoseShift,C,player_0542e414-c49b-4ae0-88a3-bdce4e1eb073@localhost,SuspiciousTitForTat,D,0,10,1188,1198
326,player_0a7d5f5f-11f4-4995-b9fa-e700fa0d2495@localhost,WinStayLoseShift,D,player_0542e414-c49b-4ae0-88a3-bdce4e1eb073@localhost,SuspiciousTitForTat,C,10,0,1198,1198
327,player_0a7d5f5f-11f4-4995-b9fa-e700fa0d2495@localhost,WinStayLoseShift,D,player_0542e414-c49b-4ae0-88a3-bdce4e1eb073@localhost,SuspiciousTitForTat,D,1,1,1199,1199
328,player_0a7d5f5f-11f4-4995-b9fa-e700fa0d2495@localhost,WinStayLoseShift,C,player_0542e414-c49b-4ae0-88a3-bdce4e1eb073@localhost,SuspiciousTitForTat,D,0,10,1199,1209
329,player_0a7d5f5f-11f4-4995-b9fa-e700fa0d2495@localhost,WinStayLoseShift,D,player_0542e414-c49b-4ae0-88a3-bdce4e1eb073@localhost,SuspiciousTitForTat,C,10,0,1209,1209
330,player_0a7d5f5f-11f4-4995-b9fa-e700fa0d2495@localhost,WinStayLoseShift,D,player_0542e414-c49b-4ae0-88a3-bdce4e1eb073@localhost,SuspiciousTitForTat,D,1,1,1210,1210
331,player_0a7d5f5f-11f4-4995-b9fa-e700fa0d2495@localhost,WinStayLoseShift,C,player_0542e414-c49b-4ae0-88a3-bdce4e1eb073@localhost,SuspiciousTitForTat,D,0,10,1210,1220
332,player_0a7d5f5f-11f4-4995-b9fa-e700fa0d2495@localhost,WinStayLoseShift,D,player_0542e414-c49b-4ae0-88a3-bdce4e1eb073@localhost,SuspiciousTitForTat,C,10,0,1220,1220
333,player_0a7d5f5f-11f4-4995-b9fa-e700fa0d2495@localhost,WinStayLoseShift,D,player_0542e414-c49b-4ae0-88a3-bdce4e1eb073@localhost,SuspiciousTitForTat,D,1,1,1221,1221
334,player_0a7d5f5f-11f4-4995-b9fa-e700fa0d2495@localhost,WinStayLoseShift,C,player_0542e414-c49b-4ae0-88a3-bdce4e1eb073@localhost,SuspiciousTitForTat,D,0,10,1221,1231
335,player_0a7d5f5f-11f4-4995-b9fa-e700fa0d2495@localhost,WinStayLoseShift,D,player_0542e414-c49b-4ae0-88a3-bdce4e1eb073@localhost,SuspiciousTitForTat,C,10,0,1231,1231
336,player_0a7d5f5f-11f4-4995-b9fa-e700fa0d2495@localhost,WinStayLoseShift,D,player_0542e414-c49b-4ae0-88a3-bdce4e1eb073@localhost,SuspiciousTitForTat,D,1,1,1232,1232
337,player_0a7d5f5f-11f4-4995-b9fa-e700fa0d2495@localhost,WinStayLoseShift,C,player_0542e414-c49b-4ae0-88a3-bdce4e1eb073@localhost,SuspiciousTitForTat,D,0,10,1232,1242
338,player_0a7d5f5f-11f4-4995-b9fa-e700fa0d2495@localhost,WinStayLoseShift,D,player_0542e414-c49b-4ae0-88a3-bdce4e1eb073@localhost,SuspiciousTitForTat,C,10,0,1242,1242
339,player_0a7d5f5f-11f4-4995-b9fa-e700fa0d2495@localhost,WinStayLoseShift,D,player_0542e414-c49b-4ae0-88a3-bdce4e1eb073@localhost,SuspiciousTitForTat,D,1,1,1243,1243
340,player_0a7d5f5f-11f4-4995-b9fa-e700fa0d2495@localhost,WinStayLoseShift,C,player_0542e414-c49b-4ae0-88a3-bdce4e1eb073@localhost,SuspiciousTitForTat,D,0,10,1243,1253
341,player_0a7d5f5f-11f4-4995-b9fa-e700fa0d2495@localhost,WinStayLoseShift,D,player_0542e414-c49b-4ae0-88a3-bdce4e1eb073@localhost,SuspiciousTitForTat,C,10,0,1253,1253
342,player_0a7d5f5f-11f4-4995-b9fa-e700fa0d2495@localhost,WinStayLoseShift,D,player_0542e414-c49b-4ae0-88a3-bdce4e1eb073@localhost,SuspiciousTitForTat,D,1,1,1254,1254
343,player_0a7d5f5f-11f4-4995-b9fa-e700fa0d2495@localhost,WinStayLoseShift,C,player_0542e414-c49b-4ae0-88a3-bdce4e1eb073@localhost,SuspiciousTitForTat,D,0,10,1254,1264
344,player_0a7d5f5f-11f4-4995-b9fa-e700fa0d2495@localhost,WinStayLoseShift,D,player_0542e414-c49b-4ae0-88a3-bdce4e1eb073@localhost,SuspiciousTitForTat,C,10,0,1264,1264
345,player_0a7d5f5f-11f4-4995-b9fa-e700fa0d2495@localhost,WinStayLoseShift,D,player_0542e414-c49b-4ae0-88a3-bdce4e1eb073@localhost,SuspiciousTitForTat,D,1,1,1265,1265
346,player_0a7d5f5f-11f4-4995-b9fa-e700fa0d2495@localhost,WinStayLoseShift,C,player_0542e414-c49b-4ae0-88a3-bdce4e1eb073@localhost,SuspiciousTitForTat,D,0,10,1265,1275
347,player_0a7d5f5f-11f4-4995-b9fa-e700fa0d2495@localhost,WinStayLoseShift,D,player_0542e414-c49b-4ae0-88a3-bdce4e1eb073@localhost,SuspiciousTitForTat,C,10,0,1275,1275
348,player_0a7d5f5f-11f4-4995-b9fa-e700fa0d2495@localhost,WinStayLoseShift,D,player_0542e414-c49b-4ae0-88a3-bdce4e1eb073@localhost,SuspiciousTitForTat,D,1,1,1276,1276
349,player_0a7d5f5f-11f4-4995-b9fa-e700fa0d2495@localhost,WinStayLoseShift,C,player_0542e414-c49b-4ae0-88a3-bdce4e1eb073@localhost,SuspiciousTitForTat,D,0,10,1276,1286
350,player_0a7d5f5f-11f4-4995-b9fa-e700fa0d2495@localhost,WinStayLoseShift,D,player_0542e414-c49b-4ae0-88a3-bdce4e1eb073@localhost,SuspiciousTitForTat,C,10,0,1286,1286
351,player_0a7d5f5f-11f4-4995-b9fa-e700fa0d2495@localhost,WinStayLoseShift,D,player_0542e414-c49b-4ae0-88a3-bdce4e1eb073@localhost,SuspiciousTitForTat,D,1,1,1287,1287
352,player_0a7d5f5f-11f4-4995-b9fa-e700fa0d2495@localhost,WinStayLoseShift,C,player_0542e414-c49b-4ae0-88a3-bdce4e1eb073@localhost,SuspiciousTitForTat,D,0,10,1287,1297
353,player_0a7d5f5f-11f4-4995-b9fa-e700fa0d2495@localhost,WinStayLoseShift,D,player_0542e414-c49b-4ae0-88a3-bdce4e1eb073@localhost,SuspiciousTitForTat,C,10,0,1297,1297
354,player_0a7d5f5f-11f4-4995-b9fa-e700fa0d2495@localhost,WinStayLoseShift,D,player_0542e414-c49b-4ae0-88a3-bdce4e1eb073@localhost,SuspiciousTitForTat,D,1,1,1298,1298
355,player_0a7d5f5f-11f4-4995-b9fa-e700fa0d2495@localhost,WinStayLoseShift,C,player_0542e414-c49b-4ae0-88a3-bdce4e1eb073@localhost,SuspiciousTitForTat,D,0,10,1298,1308
356,player_0a7d5f5f-11f4-4995-b9fa-e700fa0d2495@localhost,WinStayLoseShift,D,player_0542e414-c49b-4ae0-88a3-bdce4e1eb073@localhost,SuspiciousTitForTat,C,10,0,1308,1308
357,player_0a7d5f5f-11f4-4995-b9fa-e700fa0d2495@localhost,WinStayLoseShift,D,player_0542e414-c49b-4ae0-88a3-bdce4e1eb073@localhost,SuspiciousTitForTat,D,1,1,1309,1309
358,player_0a7d5f5f-11f4-4995-b9fa-e700fa0d2495@localhost,WinStayLoseShift,C,player_0542e414-c49b-4ae0-88a3-bdce4e1eb073@localhost,SuspiciousTitForTat,D,0,10,1309,1319
359,player_0a7d5f5f-11f4-4995-b9fa-e700fa0d2495@localhost,WinStayLoseShift,D,player_0542e414-c49b-4ae0-88a3-bdce4e1eb073@localhost,SuspiciousTitForTat,C,10,0,1319,1319
360,player_0a7d5f5f-11f4-4995-b9fa-e700fa0d2495@localhost,WinStayLoseShift,D,player_0542e414-c49b-4ae0-88a3-bdce4e1eb073@localhost,SuspiciousTitForTat,D,1,1,1320,1320
361,player_0a7d5f5f-11f4-4995-b9fa-e700fa0d2495@localhost,WinStayLoseShift,C,player_0542e414-c49b-4ae0-88a3-bdce4e1eb073@localhost,SuspiciousTitForTat,D,0,10,1320,1330
362,player_0a7d5f5f-11f4-4995-b9fa-e700fa0d2495@localhost,WinStayLoseShift,D,player_0542e414-c49b-4ae0-88a3-bdce4e1eb073@localhost,SuspiciousTitForTat,C,10,0,1330,1330
363,player_0a7d5f5f-11f4-4995-b9fa-e700fa0d2495@localhost,WinStayLoseShift,D,player_0542e414-c49b-4ae0-88a3-bdce4e1eb073@localhost,SuspiciousTitForTat,D,1,1,1331,1331
364,player_0a7d5f5f-11f4-4995-b9fa-e700fa0d2495@localhost,WinStayLoseShift,C,player_0542e414-c49b-4ae0-88a3-bdce4e1eb073@localhost,SuspiciousTitForTat,D,0,10,1331,1341
365,player_0a7d5f5f-11f4-4995-b9fa-e700fa0d2495@localhost,WinStayLoseShift,D,player_0542e414-c49b-4ae0-88a3-bdce4e1eb073@localhost,SuspiciousTitForTat,C,10,0,1341,1341
366,player_0a7d5f5f-11f4-4995-b9fa-e700fa0d2495@localhost,WinStayLoseShift,D,player_0542e414-c49b-4ae0-88a3-bdce4e1eb073@localhost,SuspiciousTitForTat,D,1,1,1342,1342
367,player_0a7d5f5f-11f4-4995-b9fa-e700fa0d2495@localhost,WinStayLoseShift,C,player_0542e414-c49b-4ae0-88a3-bdce4e1eb073@localhost,SuspiciousTitForTat,D,0,10,1342,1352
368,player_0a7d5f5f-11f4-4995-b9fa-e700fa0d2495@localhost,WinStayLoseShift,D,player_0542e414-c49b-4ae0-88a3-bdce4e1eb073@localhost,SuspiciousTitForTat,C,10,0,1352,1352
369,player_0a7d5f5f-11f4-4995-b9fa-e700fa0d2495@localhost,WinStayLoseShift,D,player_0542e414-c49b-4ae0-88a3-bdce4e1eb073@localhost,SuspiciousTitForTat,D,1,1,1353,1353
370,player_0a7d5f5f-11f4-4995-b9fa-e700fa0d2495@localhost,WinStayLoseShift,C,player_0542e414-c49b-4ae0-88a3-bdce4e1eb073@localhost,SuspiciousTitForTat,D,0,10,1353,1363
371,player_0a7d5f5f-11f4-4995-b9fa-e700fa0d2495@localhost,WinStayLoseShift,D,player_0542e414-c49b-4ae0-88a3-bdce4e1eb073@localhost,SuspiciousTitForTat,C,10,0,1363,1363
372,player_0a7d5f5f-11f4-4995-b9fa-e700fa0d2495@localhost,WinStayLoseShift,D,player_0542e414-c49b-4ae0-88a3-bdce4e1eb073@localhost,SuspiciousTitForTat,D,1,1,1364,1364
373,player_0a7d5f5f-11f4-4995-b9fa-e700fa0d2495@localhost,WinStayLoseShift,C,player_0542e414-c49b-4ae0-88a3-bdce4e1eb073@localhost,SuspiciousTitForTat,D,0,10,1364,1374
374,player_0a7d5f5f-11f4-4995-b9fa-e700fa0d2495@localhost,WinStayLoseShift,D,player_0542e414-c49b-4ae0-88a3-bdce4e1eb073@localhost,SuspiciousTitForTat,C,10,0,1374,1374
375,player_0a7d5f5f-11f4-4995-b9fa-e700fa0d2495@localhost,WinStayLoseShift,D,player_0542e414-c49b-4ae0-88a3-bdce4e1eb073@localhost,SuspiciousTitForTat,D,1,1,1375,1375
376,player_0a7d5f5f-11f4-4995-b9fa-e700fa0d2495@localhost,WinStayLoseShift,C,player_0542e414-c49b-4ae0-88a3-bdce4e1eb073@localhost,SuspiciousTitForTat,D,0,10,1375,1385
377,player_0a7d5f5f-11f4-4995-b9fa-e700fa0d2495@localhost,WinStayLoseShift,D,player_0542e414-c49b-4ae0-88a3-bdce4e1eb073@localhost,SuspiciousTitForTat,C,10,0,1385,1385
378,player_0a7d5f5f-11f4-4995-b9fa-e700fa0d2495@localhost,WinStayLoseShift,D,player_0542e414-c49b-4ae0-88a3-bdce4e1eb073@localhost,SuspiciousTitForTat,D,1,1,1386,1386
379,player_0a7d5f5f-11f4-4995-b9fa-e700fa0d2495@localhost,WinStayLoseShift,C,player_0542e414-c49b-4ae0-88a3-bdce4e1eb073@localhost,SuspiciousTitForTat,D,0,10,1386,1396
380,player_0a7d5f5f-11f4-4995-b9fa-e700fa0d2495@localhost,WinStayLoseShift,D,player_0542e414-c49b-4ae0-88a3-bdce4e1eb073@localhost,SuspiciousTitForTat,C,10,0,1396,1396
381,player_0a7d5f5f-11f4-4995-b9fa-e700fa0d2495@localhost,WinStayLoseShift,D,player_0542e414-c49b-4ae0-88a3-bdce4e1eb073@localhost,SuspiciousTitForTat,D,1,1,1397,1397
382,player_0a7d5f5f-11f4-4995-b9fa-e700fa0d2495@localhost,WinStayLoseShift,C,player_0542e414-c49b-4ae0-88a3-bdce4e1eb073@localhost,SuspiciousTitForTat,D,0,10,1397,1407
383,player_0a7d5f5f-11f4-4995-b9fa-e700fa0d2495@localhost,WinStayLoseShift,D,player_0542e414-c49b-4ae0-88a3-bdce4e1eb073@localhost,SuspiciousTitForTat,C,10,0,1407,1407
384,player_0a7d5f5f-11f4-4995-b9fa-e700fa0d2495@localhost,WinStayLoseShift,D,player_0542e414-c49b-4ae0-88a3-bdce4e1eb073@localhost,SuspiciousTitForTat,D,1,1,1408,1408
385,player_0a7d5f5f-11f4-4995-b9fa-e700fa0d2495@localhost,WinStayLoseShift,C,player_0542e414-c49b-4ae0-88a3-bdce4e1eb073@localhost,SuspiciousTitForTat,D,0,10,1408,1418
386,player_0a7d5f5f-11f4-4995-b9fa-e700fa0d2495@localhost,WinStayLoseShift,D,player_0542e414-c49b-4ae0-88a3-bdce4e1eb073@localhost,SuspiciousTitForTat,C,10,0,1418,1418
387,player_0a7d5f5f-11f4-4995-b9fa-e700fa0d2495@localhost,WinStayLoseShift,D,player_0542e414-c49b-4ae0-88a3-bdce4e1eb073@localhost,SuspiciousTitForTat,D,1,1,1419,1419
388,player_0a7d5f5f-11f4-4995-b9fa-e700fa0d2495@localhost,WinStayLoseShift,C,player_0542e414-c49b-4ae0-88a3-bdce4e1eb073@localhost,SuspiciousTitForTat,D,0,10,1419,1429
389,player_0a7d5f5f-11f4-4995-b9fa-e700fa0d2495@localhost,WinStayLoseShift,D,player_0542e414-c49b-4ae0-88a3-bdce4e1eb073@localhost,SuspiciousTitForTat,C,10,0,1429,1429
390,player_0a7d5f5f-11f4-4995-b9fa-e700fa0d2495@localhost,WinStayLoseShift,D,player_0542e414-c49b-4ae0-88a3-bdce4e1eb073@localhost,SuspiciousTitForTat,D,1,1,1430,1430
391,player_0a7d5f5f-11f4-4995-b9fa-e700fa0d2495@localhost,WinStayLoseShift,C,player_0542e414-c49b-4ae0-88a3-bdce4e1eb073@localhost,SuspiciousTitForTat,D,0,10,1430,1440
392,player_0a7d5f5f-11f4-4995-b9fa-e700fa0d2495@localhost,WinStayLoseShift,D,player_0542e414-c49b-4ae0-88a3-bdce4e1eb073@localhost,SuspiciousTitForTat,C,10,0,1440,1440
393,player_0a7d5f5f-11f4-4995-b9fa-e700fa0d2495@localhost,WinStayLoseShift,D,player_0542e414-c49b-4ae0-88a3-bdce4e1eb073@localhost,SuspiciousTitForTat,D,1,1,1441,1441
394,player_0a7d5f5f-11f4-4995-b9fa-e700fa0d2495@localhost,WinStayLoseShift,C,player_0542e414-c49b-4ae0-88a3-bdce4e1eb073@localhost,SuspiciousTitForTat,D,0,10,1441,1451
395,player_0a7d5f5f-11f4-4995-b9fa-e700fa0d2495@localhost,WinStayLoseShift,D,player_0542e414-c49b-4ae0-88a3-bdce4e1eb073@localhost,SuspiciousTitForTat,C,10,0,1451,1451
396,player_0a7d5f5f-11f4-4995-b9fa-e700fa0d2495@localhost,WinStayLoseShift,D,player_0542e414-c49b-4ae0-88a3-bdce4e1eb073@localhost,SuspiciousTitForTat,D,1,1,1452,1452
397,player_0a7d5f5f-11f4-4995-b9fa-e700fa0d2495@localhost,WinStayLoseShift,C,player_0542e414-c49b-4ae0-88a3-bdce4e1eb073@localhost,SuspiciousTitForTat,D,0,10,1452,1462
398,player_0a7d5f5f-11f4-4995-b9fa-e700fa0d2495@localhost,WinStayLoseShift,D,player_0542e414-c49b-4ae0-88a3-bdce4e1eb073@localhost,SuspiciousTitForTat,C,10,0,1462,1462
399,player_0a7d5f5f-11f4-4995-b9fa-e700fa0d2495@localhost,WinStayLoseShift,D,player_0542e414-c49b-4ae0-88a3-bdce4e1eb073@localhost,SuspiciousTitForTat,D,1,1,1463,1463
400,player_0a7d5f5f-11f4-4995-b9fa-e700fa0d2495@localhost,WinStayLoseShift,C,player_0542e414-c49b-4ae0-88a3-bdce4e1eb073@localhost,SuspiciousTitForTat,D,0,10,1463,1473
401,player_0a7d5f5f-11f4-4995-b9fa-e700fa0d2495@localhost,WinStayLoseShift,D,player_0542e414-c49b-4ae0-88a3-bdce4e1eb073@localhost,SuspiciousTitForTat,C,10,0,1473,1473
402,player_0a7d5f5f-11f4-4995-b9fa-e700fa0d2495@localhost,WinStayLoseShift,D,player_0542e414-c49b-4ae0-88a3-bdce4e1eb073@localhost,SuspiciousTitForTat,D,1,1,1474,1474
403,player_0a7d5f5f-11f4-4995-b9fa-e700fa0d2495@localhost,WinStayLoseShift,C,player_0542e414-c49b-4ae0-88a3-bdce4e1eb073@localhost,SuspiciousTitForTat,D,0,10,1474,1484
404,player_0a7d5f5f-11f4-4995-b9fa-e700fa0d2495@localhost,WinStayLoseShift,D,player_0542e414-c49b-4ae0-88a3-bdce4e1eb073@localhost,SuspiciousTitForTat,C,10,0,1484,1484
405,player_0a7d5f5f-11f4-4995-b9fa-e700fa0d2495@localhost,WinStayLoseShift,D,player_0542e414-c49b-4ae0-88a3-bdce4e1eb073@localhost,SuspiciousTitForTat,D,1,1,1485,1485
406,player_0a7d5f5f-11f4-4995-b9fa-e700fa0d2495@localhost,WinStayLoseShift,C,player_0542e414-c49b-4ae0-88a3-bdce4e1eb073@localhost,SuspiciousTitForTat,D,0,10,1485,1495
407,player_0a7d5f5f-11f4-4995-b9fa-e700fa0d2495@localhost,WinStayLoseShift,D,player_0542e414-c49b-4ae0-88a3-bdce4e1eb073@localhost,SuspiciousTitForTat,C,10,0,1495,1495
408,player_0a7d5f5f-11f4-4995-b9fa-e700fa0d2495@localhost,WinStayLoseShift,D,player_0542e414-c49b-4ae0-88a3-bdce4e1eb073@localhost,SuspiciousTitForTat,D,1,1,1496,1496
409,player_0a7d5f5f-11f4-4995-b9fa-e700fa0d2495@localhost,WinStayLoseShift,C,player_0542e414-c49b-4ae0-88a3-bdce4e1eb073@localhost,SuspiciousTitForTat,D,0,10,1496,1506
410,player_0a7d5f5f-11f4-4995-b9fa-e700fa0d2495@localhost,WinStayLoseShift,D,player_0542e414-c49b-4ae0-88a3-bdce4e1eb073@localhost,SuspiciousTitForTat,C,10,0,1506,1506
411,player_0a7d5f5f-11f4-4995-b9fa-e700fa0d2495@localhost,WinStayLoseShift,D,player_0542e414-c49b-4ae0-88a3-bdce4e1eb073@localhost,SuspiciousTitForTat,D,1,1,1507,1507
412,player_0a7d5f5f-11f4-4995-b9fa-e700fa0d2495@localhost,WinStayLoseShift,C,player_0542e414-c49b-4ae0-88a3-bdce4e1eb073@localhost,SuspiciousTitForTat,D,0,10,1507,1517
413,player_0a7d5f5f-11f4-4995-b9fa-e700fa0d2495@localhost,WinStayLoseShift,D,player_0542e414-c49b-4ae0-88a3-bdce4e1eb073@localhost,SuspiciousTitForTat,C,10,0,1517,1517
414,player_0a7d5f5f-11f4-4995-b9fa-e700fa0d2495@localhost,WinStayLoseShift,D,player_0542e414-c49b-4ae0-88a3-bdce4e1eb073@localhost,SuspiciousTitForTat,D,1,1,1518,1518
415,player_0a7d5f5f-11f4-4995-b9fa-e700fa0d2495@localhost,WinStayLoseShift,C,player_0542e414-c49b-4ae0-88a3-bdce4e1eb073@localhost,SuspiciousTitForTat,D,0,10,1518,1528
416,player_0a7d5f5f-11f4-4995-b9fa-e700fa0d2495@localhost,WinStayLoseShift,D,player_0542e414-c49b-4ae0-88a3-bdce4e1eb073@localhost,SuspiciousTitForTat,C,10,0,1528,1528
417,player_0a7d5f5f-11f4-4995-b9fa-e700fa0d2495@localhost,WinStayLoseShift,D,player_0542e414-c49b-4ae0-88a3-bdce4e1eb073@localhost,SuspiciousTitForTat,D,1,1,1529,1529
418,player_0a7d5f5f-11f4-4995-b9fa-e700fa0d2495@localhost,WinStayLoseShift,C,player_0542e414-c49b-4ae0-88a3-bdce4e1eb073@localhost,SuspiciousTitForTat,D,0,10,1529,1539
419,player_0a7d5f5f-11f4-4995-b9fa-e700fa0d2495@localhost,WinStayLoseShift,D,player_0542e414-c49b-4ae0-88a3-bdce4e1eb073@localhost,SuspiciousTitForTat,C,10,0,1539,1539
420,player_0a7d5f5f-11f4-4995-b9fa-e700fa0d2495@localhost,WinStayLoseShift,D,player_0542e414-c49b-4ae0-88a3-bdce4e1eb073@localhost,SuspiciousTitForTat,D,1,1,1540,1540
421,player_0a7d5f5f-11f4-4995-b9fa-e700fa0d2495@localhost,WinStayLoseShift,C,player_0542e414-c49b-4ae0-88a3-bdce4e1eb073@localhost,SuspiciousTitForTat,D,0,10,1540,1550
422,player_0a7d5f5f-11f4-4995-b9fa-e700fa0d2495@localhost,WinStayLoseShift,D,player_0542e414-c49b-4ae0-88a3-bdce4e1eb073@localhost,SuspiciousTitForTat,C,10,0,1550,1550
423,player_0a7d5f5f-11f4-4995-b9fa-e700fa0d2495@localhost,WinStayLoseShift,D,player_0542e414-c49b-4ae0-88a3-bdce4e1eb073@localhost,SuspiciousTitForTat,D,1,1,1551,1551
424,player_0a7d5f5f-11f4-4995-b9fa-e700fa0d2495@localhost,WinStayLoseShift,C,player_0542e414-c49b-4ae0-88a3-bdce4e1eb073@localhost,SuspiciousTitForTat,D,0,10,1551,1561
425,player_0a7d5f5f-11f4-4995-b9fa-e700fa0d2495@localhost,WinStayLoseShift,D,player_0542e414-c49b-4ae0-88a3-bdce4e1eb073@localhost,SuspiciousTitForTat,C,10,0,1561,1561
426,player_0a7d5f5f-11f4-4995-b9fa-e700fa0d2495@localhost,WinStayLoseShift,D,player_0542e414-c49b-4ae0-88a3-bdce4e1eb073@localhost,SuspiciousTitForTat,D,1,1,1562,1562
427,player_0a7d5f5f-11f4-4995-b9fa-e700fa0d2495@localhost,WinStayLoseShift,C,player_0542e414-c49b-4ae0-88a3-bdce4e1eb073@localhost,SuspiciousTitForTat,D,0,10,1562,1572
428,player_0a7d5f5f-11f4-4995-b9fa-e700fa0d2495@localhost,WinStayLoseShift,D,player_0542e414-c49b-4ae0-88a3-bdce4e1eb073@localhost,SuspiciousTitForTat,C,10,0,1572,1572
429,player_0a7d5f5f-11f4-4995-b9fa-e700fa0d2495@localhost,WinStayLoseShift,D,player_0542e414-c49b-4ae0-88a3-bdce4e1eb073@localhost,SuspiciousTitForTat,D,1,1,1573,1573
430,player_0a7d5f5f-11f4-4995-b9fa-e700fa0d2495@localhost,WinStayLoseShift,C,player_0542e414-c49b-4ae0-88a3-bdce4e1eb073@localhost,SuspiciousTitForTat,D,0,10,1573,1583
431,player_0a7d5f5f-11f4-4995-b9fa-e700fa0d2495@localhost,WinStayLoseShift,D,player_0542e414-c49b-4ae0-88a3-bdce4e1eb073@localhost,SuspiciousTitForTat,C,10,0,1583,1583
432,player_0a7d5f5f-11f4-4995-b9fa-e700fa0d2495@localhost,WinStayLoseShift,D,player_0542e414-c49b-4ae0-88a3-bdce4e1eb073@localhost,SuspiciousTitForTat,D,1,1,1584,1584
433,player_0a7d5f5f-11f4-4995-b9fa-e700fa0d2495@localhost,WinStayLoseShift,C,player_0542e414-c49b-4ae0-88a3-bdce4e1eb073@localhost,SuspiciousTitForTat,D,0,10,1584,1594
434,player_0a7d5f5f-11f4-4995-b9fa-e700fa0d2495@localhost,WinStayLoseShift,D,player_0542e414-c49b-4ae0-88a3-bdce4e1eb073@localhost,SuspiciousTitForTat,C,10,0,1594,1594
435,player_0a7d5f5f-11f4-4995-b9fa-e700fa0d2495@localhost,WinStayLoseShift,D,player_0542e414-c49b-4ae0-88a3-bdce4e1eb073@localhost,SuspiciousTitForTat,D,1,1,1595,1595
436,player_0a7d5f5f-11f4-4995-b9fa-e700fa0d2495@localhost,WinStayLoseShift,C,player_0542e414-c49b-4ae0-88a3-bdce4e1eb073@localhost,SuspiciousTitForTat,D,0,10,1595,1605
437,player_0a7d5f5f-11f4-4995-b9fa-e700fa0d2495@localhost,WinStayLoseShift,D,player_0542e414-c49b-4ae0-88a3-bdce4e1eb073@localhost,SuspiciousTitForTat,C,10,0,1605,1605
438,player_0a7d5f5f-11f4-4995-b9fa-e700fa0d2495@localhost,WinStayLoseShift,D,player_0542e414-c49b-4ae0-88a3-bdce4e1eb073@localhost,SuspiciousTitForTat,D,1,1,1606,1606
439,player_0a7d5f5f-11f4-4995-b9fa-e700fa0d2495@localhost,WinStayLoseShift,C,player_0542e414-c49b-4ae0-88a3-bdce4e1eb073@localhost,SuspiciousTitForTat,D,0,10,1606,1616
440,player_0a7d5f5f-11f4-4995-b9fa-e700fa0d2495@localhost,WinStayLoseShift,D,player_0542e414-c49b-4ae0-88a3-bdce4e1eb073@localhost,SuspiciousTitForTat,C,10,0,1616,1616
441,player_0a7d5f5f-11f4-4995-b9fa-e700fa0d2495@localhost,WinStayLoseShift,D,player_0542e414-c49b-4ae0-88a3-bdce4e1eb073@localhost,SuspiciousTitForTat,D,1,1,1617,1617
442,player_0a7d5f5f-11f4-4995-b9fa-e700fa0d2495@localhost,WinStayLoseShift,C,player_0542e414-c49b-4ae0-88a3-bdce4e1eb073@localhost,SuspiciousTitForTat,D,0,10,1617,1627
443,player_0a7d5f5f-11f4-4995-b9fa-e700fa0d2495@localhost,WinStayLoseShift,D,player_0542e414-c49b-4ae0-88a3-bdce4e1eb073@localhost,SuspiciousTitForTat,C,10,0,1627,1627
444,player_0a7d5f5f-11f4-4995-b9fa-e700fa0d2495@localhost,WinStayLoseShift,D,player_0542e414-c49b-4ae0-88a3-bdce4e1eb073@localhost,SuspiciousTitForTat,D,1,1,1628,1628
445,player_0a7d5f5f-11f4-4995-b9fa-e700fa0d2495@localhost,WinStayLoseShift,C,player_0542e414-c49b-4ae0-88a3-bdce4e1eb073@localhost,SuspiciousTitForTat,D,0,10,1628,1638
446,player_0a7d5f5f-11f4-4995-b9fa-e700fa0d2495@localhost,WinStayLoseShift,D,player_0542e414-c49b-4ae0-88a3-bdce4e1eb073@localhost,SuspiciousTitForTat,C,10,0,1638,1638
447,player_0a7d5f5f-11f4-4995-b9fa-e700fa0d2495@localhost,WinStayLoseShift,D,player_0542e414-c49b-4ae0-88a3-bdce4e1eb073@localhost,SuspiciousTitForTat,D,1,1,1639,1639
448,player_0a7d5f5f-11f4-4995-b9fa-e700fa0d2495@localhost,WinStayLoseShift,C,player_0542e414-c49b-4ae0-88a3-bdce4e1eb073@localhost,SuspiciousTitForTat,D,0,10,1639,1649
449,player_0a7d5f5f-11f4-4995-b9fa-e700fa0d2495@localhost,WinStayLoseShift,D,player_0542e414-c49b-4ae0-88a3-bdce4e1eb073@localhost,SuspiciousTitForTat,C,10,0,1649,1649
450,player_0a7d5f5f-11f4-4995-b9fa-e700fa0d2495@localhost,WinStayLoseShift,D,player_0542e414-c49b-4ae0-88a3-bdce4e1eb073@localhost,SuspiciousTitForTat,D,1,1,1650,1650
451,player_0a7d5f5f-11f4-4995-b9fa-e700fa0d2495@localhost,WinStayLoseShift,C,player_0542e414-c49b-4ae0-88a3-bdce4e1eb073@localhost,SuspiciousTitForTat,D,0,10,1650,1660
452,player_0a7d5f5f-11f4-4995-b9fa-e700fa0d2495@localhost,WinStayLoseShift,D,player_0542e414-c49b-4ae0-88a3-bdce4e1eb073@localhost,SuspiciousTitForTat,C,10,0,1660,1660
453,player_0a7d5f5f-11f4-4995-b9fa-e700fa0d2495@localhost,WinStayLoseShift,D,player_0542e414-c49b-4ae0-88a3-bdce4e1eb073@localhost,SuspiciousTitForTat,D,1,1,1661,1661
454,player_0a7d5f5f-11f4-4995-b9fa-e700fa0d2495@localhost,WinStayLoseShift,C,player_0542e414-c49b-4ae0-88a3-bdce4e1eb073@localhost,SuspiciousTitForTat,D,0,10,1661,1671
455,player_0a7d5f5f-11f4-4995-b9fa-e700fa0d2495@localhost,WinStayLoseShift,D,player_0542e414-c49b-4ae0-88a3-bdce4e1eb073@localhost,SuspiciousTitForTat,C,10,0,1671,1671
456,player_0a7d5f5f-11f4-4995-b9fa-e700fa0d2495@localhost,WinStayLoseShift,D,player_0542e414-c49b-4ae0-88a3-bdce4e1eb073@localhost,SuspiciousTitForTat,D,1,1,1672,1672
457,player_0a7d5f5f-11f4-4995-b9fa-e700fa0d2495@localhost,WinStayLoseShift,C,player_0542e414-c49b-4ae0-88a3-bdce4e1eb073@localhost,SuspiciousTitForTat,D,0,10,1672,1682
458,player_0a7d5f5f-11f4-4995-b9fa-e700fa0d2495@localhost,WinStayLoseShift,D,player_0542e414-c49b-4ae0-88a3-bdce4e1eb073@localhost,SuspiciousTitForTat,C,10,0,1682,1682
459,player_0a7d5f5f-11f4-4995-b9fa-e700fa0d2495@localhost,WinStayLoseShift,D,player_0542e414-c49b-4ae0-88a3-bdce4e1eb073@localhost,SuspiciousTitForTat,D,1,1,1683,1683
460,player_0a7d5f5f-11f4-4995-b9fa-e700fa0d2495@localhost,WinStayLoseShift,C,player_0542e414-c49b-4ae0-88a3-bdce4e1eb073@localhost,SuspiciousTitForTat,D,0,10,1683,1693
461,player_0a7d5f5f-11f4-4995-b9fa-e700fa0d2495@localhost,WinStayLoseShift,D,player_0542e414-c49b-4ae0-88a3-bdce4e1eb073@localhost,SuspiciousTitForTat,C,10,0,1693,1693
462,player_0a7d5f5f-11f4-4995-b9fa-e700fa0d2495@localhost,WinStayLoseShift,D,player_0542e414-c49b-4ae0-88a3-bdce4e1eb073@localhost,SuspiciousTitForTat,D,1,1,1694,1694
463,player_0a7d5f5f-11f4-4995-b9fa-e700fa0d2495@localhost,WinStayLoseShift,C,player_0542e414-c49b-4ae0-88a3-bdce4e1eb073@localhost,SuspiciousTitForTat,D,0,10,1694,1704
464,player_0a7d5f5f-11f4-4995-b9fa-e700fa0d2495@localhost,WinStayLoseShift,D,player_0542e414-c49b-4ae0-88a3-bdce4e1eb073@localhost,SuspiciousTitForTat,C,10,0,1704,1704
465,player_0a7d5f5f-11f4-4995-b9fa-e700fa0d2495@localhost,WinStayLoseShift,D,player_0542e414-c49b-4ae0-88a3-bdce4e1eb073@localhost,SuspiciousTitForTat,D,1,1,1705,1705
466,player_0a7d5f5f-11f4-4995-b9fa-e700fa0d2495@localhost,WinStayLoseShift,C,player_0542e414-c49b-4ae0-88a3-bdce4e1eb073@localhost,SuspiciousTitForTat,D,0,10,1705,1715
467,player_0a7d5f5f-11f4-4995-b9fa-e700fa0d2495@localhost,WinStayLoseShift,D,player_0542e414-c49b-4ae0-88a3-bdce4e1eb073@localhost,SuspiciousTitForTat,C,10,0,1715,1715
468,player_0a7d5f5f-11f4-4995-b9fa-e700fa0d2495@localhost,WinStayLoseShift,D,player_0542e414-c49b-4ae0-88a3-bdce4e1eb073@localhost,SuspiciousTitForTat,D,1,1,1716,1716
469,player_0a7d5f5f-11f4-4995-b9fa-e700fa0d2495@localhost,WinStayLoseShift,C,player_0542e414-c49b-4ae0-88a3-bdce4e1eb073@localhost,SuspiciousTitForTat,D,0,10,1716,1726
470,player_0a7d5f5f-11f4-4995-b9fa-e700fa0d2495@localhost,WinStayLoseShift,D,player_0542e414-c49b-4ae0-88a3-bdce4e1eb073@localhost,SuspiciousTitForTat,C,10,0,1726,1726
471,player_0a7d5f5f-11f4-4995-b9fa-e700fa0d2495@localhost,WinStayLoseShift,D,player_0542e414-c49b-4ae0-88a3-bdce4e1eb073@localhost,SuspiciousTitForTat,D,1,1,1727,1727
472,player_0a7d5f5f-11f4-4995-b9fa-e700fa0d2495@localhost,WinStayLoseShift,C,player_0542e414-c49b-4ae0-88a3-bdce4e1eb073@localhost,SuspiciousTitForTat,D,0,10,1727,1737
473,player_0a7d5f5f-11f4-4995-b9fa-e700fa0d2495@localhost,WinStayLoseShift,D,player_0542e414-c49b-4ae0-88a3-bdce4e1eb073@localhost,SuspiciousTitForTat,C,10,0,1737,1737
474,player_0a7d5f5f-11f4-4995-b9fa-e700fa0d2495@localhost,WinStayLoseShift,D,player_0542e414-c49b-4ae0-88a3-bdce4e1eb073@localhost,SuspiciousTitForTat,D,1,1,1738,1738
475,player_0a7d5f5f-11f4-4995-b9fa-e700fa0d2495@localhost,WinStayLoseShift,C,player_0542e414-c49b-4ae0-88a3-bdce4e1eb073@localhost,SuspiciousTitForTat,D,0,10,1738,1748
476,player_0a7d5f5f-11f4-4995-b9fa-e700fa0d2495@localhost,WinStayLoseShift,D,player_0542e414-c49b-4ae0-88a3-bdce4e1eb073@localhost,SuspiciousTitForTat,C,10,0,1748,1748
477,player_0a7d5f5f-11f4-4995-b9fa-e700fa0d2495@localhost,WinStayLoseShift,D,player_0542e414-c49b-4ae0-88a3-bdce4e1eb073@localhost,SuspiciousTitForTat,D,1,1,1749,1749
478,player_0a7d5f5f-11f4-4995-b9fa-e700fa0d2495@localhost,WinStayLoseShift,C,player_0542e414-c49b-4ae0-88a3-bdce4e1eb073@localhost,SuspiciousTitForTat,D,0,10,1749,1759
479,player_0a7d5f5f-11f4-4995-b9fa-e700fa0d2495@localhost,WinStayLoseShift,D,player_0542e414-c49b-4ae0-88a3-bdce4e1eb073@localhost,SuspiciousTitForTat,C,10,0,1759,1759
480,player_0a7d5f5f-11f4-4995-b9fa-e700fa0d2495@localhost,WinStayLoseShift,D,player_0542e414-c49b-4ae0-88a3-bdce4e1eb073@localhost,SuspiciousTitForTat,D,1,1,1760,1760
481,player_0a7d5f5f-11f4-4995-b9fa-e700fa0d2495@localhost,WinStayLoseShift,C,player_0542e414-c49b-4ae0-88a3-bdce4e1eb073@localhost,SuspiciousTitForTat,D,0,10,1760,1770
482,player_0a7d5f5f-11f4-4995-b9fa-e700fa0d2495@localhost,WinStayLoseShift,D,player_0542e414-c49b-4ae0-88a3-bdce4e1eb073@localhost,SuspiciousTitForTat,C,10,0,1770,1770
483,player_0a7d5f5f-11f4-4995-b9fa-e700fa0d2495@localhost,WinStayLoseShift,D,player_0542e414-c49b-4ae0-88a3-bdce4e1eb073@localhost,SuspiciousTitForTat,D,1,1,1771,1771
484,player_0a7d5f5f-11f4-4995-b9fa-e700fa0d2495@localhost,WinStayLoseShift,C,player_0542e414-c49b-4ae0-88a3-bdce4e1eb073@localhost,SuspiciousTitForTat,D,0,10,1771,1781
485,player_0a7d5f5f-11f4-4995-b9fa-e700fa0d2495@localhost,WinStayLoseShift,D,player_0542e414-c49b-4ae0-88a3-bdce4e1eb073@localhost,SuspiciousTitForTat,C,10,0,1781,1781
486,player_0a7d5f5f-11f4-4995-b9fa-e700fa0d2495@localhost,WinStayLoseShift,D,player_0542e414-c49b-4ae0-88a3-bdce4e1eb073@localhost,SuspiciousTitForTat,D,1,1,1782,1782
487,player_0a7d5f5f-11f4-4995-b9fa-e700fa0d2495@localhost,WinStayLoseShift,C,player_0542e414-c49b-4ae0-88a3-bdce4e1eb073@localhost,SuspiciousTitForTat,D,0,10,1782,1792
488,player_0a7d5f5f-11f4-4995-b9fa-e700fa0d2495@localhost,WinStayLoseShift,D,player_0542e414-c49b-4ae0-88a3-bdce4e1eb073@localhost,SuspiciousTitForTat,C,10,0,1792,1792
489,player_0a7d5f5f-11f4-4995-b9fa-e700fa0d2495@localhost,WinStayLoseShift,D,player_0542e414-c49b-4ae0-88a3-bdce4e1eb073@localhost,SuspiciousTitForTat,D,1,1,1793,1793
490,player_0a7d5f5f-11f4-4995-b9fa-e700fa0d2495@localhost,WinStayLoseShift,C,player_0542e414-c49b-4ae0-88a3-bdce4e1eb073@localhost,SuspiciousTitForTat,D,0,10,1793,1803
491,player_0a7d5f5f-11f4-4995-b9fa-e700fa0d2495@localhost,WinStayLoseShift,D,player_0542e414-c49b-4ae0-88a3-bdce4e1eb073@localhost,SuspiciousTitForTat,C,10,0,1803,1803
492,player_0a7d5f5f-11f4-4995-b9fa-e700fa0d2495@localhost,WinStayLoseShift,D,player_0542e414-c49b-4ae0-88a3-bdce4e1eb073@localhost,SuspiciousTitForTat,D,1,1,1804,1804
493,player_0a7d5f5f-11f4-4995-b9fa-e700fa0d2495@localhost,WinStayLoseShift,C,player_0542e414-c49b-4ae0-88a3-bdce4e1eb073@localhost,SuspiciousTitForTat,D,0,10,1804,1814
494,player_0a7d5f5f-11f4-4995-b9fa-e700fa0d2495@localhost,WinStayLoseShift,D,player_0542e414-c49b-4ae0-88a3-bdce4e1eb073@localhost,SuspiciousTitForTat,C,10,0,1814,1814
495,player_0a7d5f5f-11f4-4995-b9fa-e700fa0d2495@localhost,WinStayLoseShift,D,player_0542e414-c49b-4ae0-88a3-bdce4e1eb073@localhost,SuspiciousTitForTat,D,1,1,1815,1815
496,player_0a7d5f5f-11f4-4995-b9fa-e700fa0d2495@localhost,WinStayLoseShift,C,player_0542e414-c49b-4ae0-88a3-bdce4e1eb073@localhost,SuspiciousTitForTat,D,0,10,1815,1825
497,player_0a7d5f5f-11f4-4995-b9fa-e700fa0d2495@localhost,WinStayLoseShift,D,player_0542e414-c49b-4ae0-88a3-bdce4e1eb073@localhost,SuspiciousTitForTat,C,10,0,1825,1825
498,player_0a7d5f5f-11f4-4995-b9fa-e700fa0d2495@localhost,WinStayLoseShift,D,player_0542e414-c49b-4ae0-88a3-bdce4e1eb073@localhost,SuspiciousTitForTat,D,1,1,1826,1826
499,player_0a7d5f5f-11f4-4995-b9fa-e700fa0d2495@localhost,WinStayLoseShift,C,player_0542e414-c49b-4ae0-88a3-bdce4e1eb073@localhost,SuspiciousTitForTat,D,0,10,1826,1836
500,player_0a7d5f5f-11f4-4995-b9fa-e700fa0d2495@localhost,WinStayLoseShift,D,player_0542e414-c49b-4ae0-88a3-bdce4e1eb073@localhost,SuspiciousTitForTat,C,10,0,1836,1836
501,player_0a7d5f5f-11f4-4995-b9fa-e700fa0d2495@localhost,WinStayLoseShift,D,player_0542e414-c49b-4ae0-88a3-bdce4e1eb073@localhost,SuspiciousTitForTat,D,1,1,1837,1837
502,player_0a7d5f5f-11f4-4995-b9fa-e700fa0d2495@localhost,WinStayLoseShift,C,player_0542e414-c49b-4ae0-88a3-bdce4e1eb073@localhost,SuspiciousTitForTat,D,0,10,1837,1847
503,player_0a7d5f5f-11f4-4995-b9fa-e700fa0d2495@localhost,WinStayLoseShift,D,player_0542e414-c49b-4ae0-88a3-bdce4e1eb073@localhost,SuspiciousTitForTat,C,10,0,1847,1847
504,player_0a7d5f5f-11f4-4995-b9fa-e700fa0d2495@localhost,WinStayLoseShift,D,player_0542e414-c49b-4ae0-88a3-bdce4e1eb073@localhost,SuspiciousTitForTat,D,1,1,1848,1848
505,player_0a7d5f5f-11f4-4995-b9fa-e700fa0d2495@localhost,WinStayLoseShift,C,player_0542e414-c49b-4ae0-88a3-bdce4e1eb073@localhost,SuspiciousTitForTat,D,0,10,1848,1858
506,player_0a7d5f5f-11f4-4995-b9fa-e700fa0d2495@localhost,WinStayLoseShift,D,player_0542e414-c49b-4ae0-88a3-bdce4e1eb073@localhost,SuspiciousTitForTat,C,10,0,1858,1858
507,player_0a7d5f5f-11f4-4995-b9fa-e700fa0d2495@localhost,WinStayLoseShift,D,player_0542e414-c49b-4ae0-88a3-bdce4e1eb073@localhost,SuspiciousTitForTat,D,1,1,1859,1859
508,player_0a7d5f5f-11f4-4995-b9fa-e700fa0d2495@localhost,WinStayLoseShift,C,player_0542e414-c49b-4ae0-88a3-bdce4e1eb073@localhost,SuspiciousTitForTat,D,0,10,1859,1869
509,player_0a7d5f5f-11f4-4995-b9fa-e700fa0d2495@localhost,WinStayLoseShift,D,player_0542e414-c49b-4ae0-88a3-bdce4e1eb073@localhost,SuspiciousTitForTat,C,10,0,1869,1869
510,player_0a7d5f5f-11f4-4995-b9fa-e700fa0d2495@localhost,WinStayLoseShift,D,player_0542e414-c49b-4ae0-88a3-bdce4e1eb073@localhost,SuspiciousTitForTat,D,1,1,1870,1870
511,player_0a7d5f5f-11f4-4995-b9fa-e700fa0d2495@localhost,WinStayLoseShift,C,player_0542e414-c49b-4ae0-88a3-bdce4e1eb073@localhost,SuspiciousTitForTat,D,0,10,1870,1880
512,player_0a7d5f5f-11f4-4995-b9fa-e700fa0d2495@localhost,WinStayLoseShift,D,player_0542e414-c49b-4ae0-88a3-bdce4e1eb073@localhost,SuspiciousTitForTat,C,10,0,1880,1880
513,player_0a7d5f5f-11f4-4995-b9fa-e700fa0d2495@localhost,WinStayLoseShift,D,player_0542e414-c49b-4ae0-88a3-bdce4e1eb073@localhost,SuspiciousTitForTat,D,1,1,1881,1881
514,player_0a7d5f5f-11f4-4995-b9fa-e700fa0d2495@localhost,WinStayLoseShift,C,player_0542e414-c49b-4ae0-88a3-bdce4e1eb073@localhost,SuspiciousTitForTat,D,0,10,1881,1891
515,player_0a7d5f5f-11f4-4995-b9fa-e700fa0d2495@localhost,WinStayLoseShift,D,player_0542e414-c49b-4ae0-88a3-bdce4e1eb073@localhost,SuspiciousTitForTat,C,10,0,1891,1891
516,player_0a7d5f5f-11f4-4995-b9fa-e700fa0d2495@localhost,WinStayLoseShift,D,player_0542e414-c49b-4ae0-88a3-bdce4e1eb073@localhost,SuspiciousTitForTat,D,1,1,1892,1892
517,player_0a7d5f5f-11f4-4995-b9fa-e700fa0d2495@localhost,WinStayLoseShift,C,player_0542e414-c49b-4ae0-88a3-bdce4e1eb073@localhost,SuspiciousTitForTat,D,0,10,1892,1902
518,player_0a7d5f5f-11f4-4995-b9fa-e700fa0d2495@localhost,WinStayLoseShift,D,player_0542e414-c49b-4ae0-88a3-bdce4e1eb073@localhost,SuspiciousTitForTat,C,10,0,1902,1902
519,player_0a7d5f5f-11f4-4995-b9fa-e700fa0d2495@localhost,WinStayLoseShift,D,player_0542e414-c49b-4ae0-88a3-bdce4e1eb073@localhost,SuspiciousTitForTat,D,1,1,1903,1903
520,player_0a7d5f5f-11f4-4995-b9fa-e700fa0d2495@localhost,WinStayLoseShift,C,player_0542e414-c49b-4ae0-88a3-bdce4e1eb073@localhost,SuspiciousTitForTat,D,0,10,1903,1913
521,player_0a7d5f5f-11f4-4995-b9fa-e700fa0d2495@localhost,WinStayLoseShift,D,player_0542e414-c49b-4ae0-88a3-bdce4e1eb073@localhost,SuspiciousTitForTat,C,10,0,1913,1913
522,player_0a7d5f5f-11f4-4995-b9fa-e700fa0d2495@localhost,WinStayLoseShift,D,player_0542e414-c49b-4ae0-88a3-bdce4e1eb073@localhost,SuspiciousTitForTat,D,1,1,1914,1914
523,player_0a7d5f5f-11f4-4995-b9fa-e700fa0d2495@localhost,WinStayLoseShift,C,player_0542e414-c49b-4ae0-88a3-bdce4e1eb073@localhost,SuspiciousTitForTat,D,0,10,1914,1924
524,player_0a7d5f5f-11f4-4995-b9fa-e700fa0d2495@localhost,WinStayLoseShift,D,player_0542e414-c49b-4ae0-88a3-bdce4e1eb073@localhost,SuspiciousTitForTat,C,10,0,1924,1924
525,player_0a7d5f5f-11f4-4995-b9fa-e700fa0d2495@localhost,WinStayLoseShift,D,player_0542e414-c49b-4ae0-88a3-bdce4e1eb073@localhost,SuspiciousTitForTat,D,1,1,1925,1925
526,player_0a7d5f5f-11f4-4995-b9fa-e700fa0d2495@localhost,WinStayLoseShift,C,player_0542e414-c49b-4ae0-88a3-bdce4e1eb073@localhost,SuspiciousTitForTat,D,0,10,1925,1935
527,player_0a7d5f5f-11f4-4995-b9fa-e700fa0d2495@localhost,WinStayLoseShift,D,player_0542e414-c49b-4ae0-88a3-bdce4e1eb073@localhost,SuspiciousTitForTat,C,10,0,1935,1935
528,player_0a7d5f5f-11f4-4995-b9fa-e700fa0d2495@localhost,WinStayLoseShift,D,player_0542e414-c49b-4ae0-88a3-bdce4e1eb073@localhost,SuspiciousTitForTat,D,1,1,1936,1936
529,player_0a7d5f5f-11f4-4995-b9fa-e700fa0d2495@localhost,WinStayLoseShift,C,player_0542e414-c49b-4ae0-88a3-bdce4e1eb073@localhost,SuspiciousTitForTat,D,0,10,1936,1946
530,player_0a7d5f5f-11f4-4995-b9fa-e700fa0d2495@localhost,WinStayLoseShift,D,player_0542e414-c49b-4ae0-88a3-bdce4e1eb073@localhost,SuspiciousTitForTat,C,10,0,1946,1946
531,player_0a7d5f5f-11f4-4995-b9fa-e700fa0d2495@localhost,WinStayLoseShift,D,player_0542e414-c49b-4ae0-88a3-bdce4e1eb073@localhost,SuspiciousTitForTat,D,1,1,1947,1947
532,player_0a7d5f5f-11f4-4995-b9fa-e700fa0d2495@localhost,WinStayLoseShift,C,player_0542e414-c49b-4ae0-88a3-bdce4e1eb073@localhost,SuspiciousTitForTat,D,0,10,1947,1957
533,player_0a7d5f5f-11f4-4995-b9fa-e700fa0d2495@localhost,WinStayLoseShift,D,player_0542e414-c49b-4ae0-88a3-bdce4e1eb073@localhost,SuspiciousTitForTat,C,10,0,1957,1957
534,player_0a7d5f5f-11f4-4995-b9fa-e700fa0d2495@localhost,WinStayLoseShift,D,player_0542e414-c49b-4ae0-88a3-bdce4e1eb073@localhost,SuspiciousTitForTat,D,1,1,1958,1958
535,player_0a7d5f5f-11f4-4995-b9fa-e700fa0d2495@localhost,WinStayLoseShift,C,player_0542e414-c49b-4ae0-88a3-bdce4e1eb073@localhost,SuspiciousTitForTat,D,0,10,1958,1968
536,player_0a7d5f5f-11f4-4995-b9fa-e700fa0d2495@localhost,WinStayLoseShift,D,player_0542e414-c49b-4ae0-88a3-bdce4e1eb073@localhost,SuspiciousTitForTat,C,10,0,1968,1968
537,player_0a7d5f5f-11f4-4995-b9fa-e700fa0d2495@localhost,WinStayLoseShift,D,player_0542e414-c49b-4ae0-88a3-bdce4e1eb073@localhost,SuspiciousTitForTat,D,1,1,1969,1969
538,player_0a7d5f5f-11f4-4995-b9fa-e700fa0d2495@localhost,WinStayLoseShift,C,player_0542e414-c49b-4ae0-88a3-bdce4e1eb073@localhost,SuspiciousTitForTat,D,0,10,1969,1979
539,player_0a7d5f5f-11f4-4995-b9fa-e700fa0d2495@localhost,WinStayLoseShift,D,player_0542e414-c49b-4ae0-88a3-bdce4e1eb073@localhost,SuspiciousTitForTat,C,10,0,1979,1979
540,player_0a7d5f5f-11f4-4995-b9fa-e700fa0d2495@localhost,WinStayLoseShift,D,player_0542e414-c49b-4ae0-88a3-bdce4e1eb073@localhost,SuspiciousTitForTat,D,1,1,1980,1980
541,player_0a7d5f5f-11f4-4995-b9fa-e700fa0d2495@localhost,WinStayLoseShift,C,player_0542e414-c49b-4ae0-88a3-bdce4e1eb073@localhost,SuspiciousTitForTat,D,0,10,1980,1990
542,player_0a7d5f5f-11f4-4995-b9fa-e700fa0d2495@localhost,WinStayLoseShift,D,player_0542e414-c49b-4ae0-88a3-bdce4e1eb073@localhost,SuspiciousTitForTat,C,10,0,1990,1990
543,player_0a7d5f5f-11f4-4995-b9fa-e700fa0d2495@localhost,WinStayLoseShift,D,player_0542e414-c49b-4ae0-88a3-bdce4e1eb073@localhost,SuspiciousTitForTat,D,1,1,1991,1991
544,player_0a7d5f5f-11f4-4995-b9fa-e700fa0d2495@localhost,WinStayLoseShift,C,player_0542e414-c49b-4ae0-88a3-bdce4e1eb073@localhost,SuspiciousTitForTat,D,0,10,1991,2001
545,player_0a7d5f5f-11f4-4995-b9fa-e700fa0d2495@localhost,WinStayLoseShift,D,player_0542e414-c49b-4ae0-88a3-bdce4e1eb073@localhost,SuspiciousTitForTat,C,10,0,2001,2001
546,player_0a7d5f5f-11f4-4995-b9fa-e700fa0d2495@localhost,WinStayLoseShift,D,player_0542e414-c49b-4ae0-88a3-bdce4e1eb073@localhost,SuspiciousTitForTat,D,1,1,2002,2002
547,player_0a7d5f5f-11f4-4995-b9fa-e700fa0d2495@localhost,WinStayLoseShift,C,player_0542e414-c49b-4ae0-88a3-bdce4e1eb073@localhost,SuspiciousTitForTat,D,0,10,2002,2012
548,player_0a7d5f5f-11f4-4995-b9fa-e700fa0d2495@localhost,WinStayLoseShift,D,player_0542e414-c49b-4ae0-88a3-bdce4e1eb073@localhost,SuspiciousTitForTat,C,10,0,2012,2012
549,player_0a7d5f5f-11f4-4995-b9fa-e700fa0d2495@localhost,WinStayLoseShift,D,player_0542e414-c49b-4ae0-88a3-bdce4e1eb073@localhost,SuspiciousTitForTat,D,1,1,2013,2013
550,player_0a7d5f5f-11f4-4995-b9fa-e700fa0d2495@localhost,WinStayLoseShift,C,player_0542e414-c49b-4ae0-88a3-bdce4e1eb073@localhost,SuspiciousTitForTat,D,0,10,2013,2023
551,player_0a7d5f5f-11f4-4995-b9fa-e700fa0d2495@localhost,WinStayLoseShift,D,player_0542e414-c49b-4ae0-88a3-bdce4e1eb073@localhost,SuspiciousTitForTat,C,10,0,2023,2023
552,player_0a7d5f5f-11f4-4995-b9fa-e700fa0d2495@localhost,WinStayLoseShift,D,player_0542e414-c49b-4ae0-88a3-bdce4e1eb073@localhost,SuspiciousTitForTat,D,1,1,2024,2024
553,player_0a7d5f5f-11f4-4995-b9fa-e700fa0d2495@localhost,WinStayLoseShift,C,player_0542e414-c49b-4ae0-88a3-bdce4e1eb073@localhost,SuspiciousTitForTat,D,0,10,2024,2034
554,player_0a7d5f5f-11f4-4995-b9fa-e700fa0d2495@localhost,WinStayLoseShift,D,player_0542e414-c49b-4ae0-88a3-bdce4e1eb073@localhost,SuspiciousTitForTat,C,10,0,2034,2034
555,player_0a7d5f5f-11f4-4995-b9fa-e700fa0d2495@localhost,WinStayLoseShift,D,player_0542e414-c49b-4ae0-88a3-bdce4e1eb073@localhost,SuspiciousTitForTat,D,1,1,2035,2035
556,player_0a7d5f5f-11f4-4995-b9fa-e700fa0d2495@localhost,WinStayLoseShift,C,player_0542e414-c49b-4ae0-88a3-bdce4e1eb073@localhost,SuspiciousTitForTat,D,0,10,2035,2045
557,player_0a7d5f5f-11f4-4995-b9fa-e700fa0d2495@localhost,WinStayLoseShift,D,player_0542e414-c49b-4ae0-88a3-bdce4e1eb073@localhost,SuspiciousTitForTat,C,10,0,2045,2045
558,player_0a7d5f5f-11f4-4995-b9fa-e700fa0d2495@localhost,WinStayLoseShift,D,player_0542e414-c49b-4ae0-88a3-bdce4e1eb073@localhost,SuspiciousTitForTat,D,1,1,2046,2046
559,player_0a7d5f5f-11f4-4995-b9fa-e700fa0d2495@localhost,WinStayLoseShift,C,player_0542e414-c49b-4ae0-88a3-bdce4e1eb073@localhost,SuspiciousTitForTat,D,0,10,2046,2056
560,player_0a7d5f5f-11f4-4995-b9fa-e700fa0d2495@localhost,WinStayLoseShift,D,player_0542e414-c49b-4ae0-88a3-bdce4e1eb073@localhost,SuspiciousTitForTat,C,10,0,2056,2056
561,player_0a7d5f5f-11f4-4995-b9fa-e700fa0d2495@localhost,WinStayLoseShift,D,player_0542e414-c49b-4ae0-88a3-bdce4e1eb073@localhost,SuspiciousTitForTat,D,1,1,2057,2057
562,player_0a7d5f5f-11f4-4995-b9fa-e700fa0d2495@localhost,WinStayLoseShift,C,player_0542e414-c49b-4ae0-88a3-bdce4e1eb073@localhost,SuspiciousTitForTat,D,0,10,2057,2067
563,player_0a7d5f5f-11f4-4995-b9fa-e700fa0d2495@localhost,WinStayLoseShift,D,player_0542e414-c49b-4ae0-88a3-bdce4e1eb073@localhost,SuspiciousTitForTat,C,10,0,2067,2067
564,player_0a7d5f5f-11f4-4995-b9fa-e700fa0d2495@localhost,WinStayLoseShift,D,player_0542e414-c49b-4ae0-88a3-bdce4e1eb073@localhost,SuspiciousTitForTat,D,1,1,2068,2068
565,player_0a7d5f5f-11f4-4995-b9fa-e700fa0d2495@localhost,WinStayLoseShift,C,player_0542e414-c49b-4ae0-88a3-bdce4e1eb073@localhost,SuspiciousTitForTat,D,0,10,2068,2078
566,player_0a7d5f5f-11f4-4995-b9fa-e700fa0d2495@localhost,WinStayLoseShift,D,player_0542e414-c49b-4ae0-88a3-bdce4e1eb073@localhost,SuspiciousTitForTat,C,10,0,2078,2078
567,player_0a7d5f5f-11f4-4995-b9fa-e700fa0d2495@localhost,WinStayLoseShift,D,player_0542e414-c49b-4ae0-88a3-bdce4e1eb073@localhost,SuspiciousTitForTat,D,1,1,2079,2079
568,player_0a7d5f5f-11f4-4995-b9fa-e700fa0d2495@localhost,WinStayLoseShift,C,player_0542e414-c49b-4ae0-88a3-bdce4e1eb073@localhost,SuspiciousTitForTat,D,0,10,2079,2089
569,player_0a7d5f5f-11f4-4995-b9fa-e700fa0d2495@localhost,WinStayLoseShift,D,player_0542e414-c49b-4ae0-88a3-bdce4e1eb073@localhost,SuspiciousTitForTat,C,10,0,2089,2089
570,player_0a7d5f5f-11f4-4995-b9fa-e700fa0d2495@localhost,WinStayLoseShift,D,player_0542e414-c49b-4ae0-88a3-bdce4e1eb073@localhost,SuspiciousTitForTat,D,1,1,2090,2090
571,player_0a7d5f5f-11f4-4995-b9fa-e700fa0d2495@localhost,WinStayLoseShift,C,player_0542e414-c49b-4ae0-88a3-bdce4e1eb073@localhost,SuspiciousTitForTat,D,0,10,2090,2100
572,player_0a7d5f5f-11f4-4995-b9fa-e700fa0d2495@localhost,WinStayLoseShift,D,player_0542e414-c49b-4ae0-88a3-bdce4e1eb073@localhost,SuspiciousTitForTat,C,10,0,2100,2100
573,player_0a7d5f5f-11f4-4995-b9fa-e700fa0d2495@localhost,WinStayLoseShift,D,player_0542e414-c49b-4ae0-88a3-bdce4e1eb073@localhost,SuspiciousTitForTat,D,1,1,2101,2101
574,player_0a7d5f5f-11f4-4995-b9fa-e700fa0d2495@localhost,WinStayLoseShift,C,player_0542e414-c49b-4ae0-88a3-bdce4e1eb073@localhost,SuspiciousTitForTat,D,0,10,2101,2111
575,player_0a7d5f5f-11f4-4995-b9fa-e700fa0d2495@localhost,WinStayLoseShift,D,player_0542e414-c49b-4ae0-88a3-bdce4e1eb073@localhost,SuspiciousTitForTat,C,10,0,2111,2111
576,player_0a7d5f5f-11f4-4995-b9fa-e700fa0d2495@localhost,WinStayLoseShift,D,player_0542e414-c49b-4ae0-88a3-bdce4e1eb073@localhost,SuspiciousTitForTat,D,1,1,2112,2112
577,player_0a7d5f5f-11f4-4995-b9fa-e700fa0d2495@localhost,WinStayLoseShift,C,player_0542e414-c49b-4ae0-88a3-bdce4e1eb073@localhost,SuspiciousTitForTat,D,0,10,2112,2122
578,player_0a7d5f5f-11f4-4995-b9fa-e700fa0d2495@localhost,WinStayLoseShift,D,player_0542e414-c49b-4ae0-88a3-bdce4e1eb073@localhost,SuspiciousTitForTat,C,10,0,2122,2122
579,player_0a7d5f5f-11f4-4995-b9fa-e700fa0d2495@localhost,WinStayLoseShift,D,player_0542e414-c49b-4ae0-88a3-bdce4e1eb073@localhost,SuspiciousTitForTat,D,1,1,2123,2123
580,player_0a7d5f5f-11f4-4995-b9fa-e700fa0d2495@localhost,WinStayLoseShift,C,player_0542e414-c49b-4ae0-88a3-bdce4e1eb073@localhost,SuspiciousTitForTat,D,0,10,2123,2133
581,player_0a7d5f5f-11f4-4995-b9fa-e700fa0d2495@localhost,WinStayLoseShift,D,player_0542e414-c49b-4ae0-88a3-bdce4e1eb073@localhost,SuspiciousTitForTat,C,10,0,2133,2133
582,player_0a7d5f5f-11f4-4995-b9fa-e700fa0d2495@localhost,WinStayLoseShift,D,player_0542e414-c49b-4ae0-88a3-bdce4e1eb073@localhost,SuspiciousTitForTat,D,1,1,2134,2134
583,player_0a7d5f5f-11f4-4995-b9fa-e700fa0d2495@localhost,WinStayLoseShift,C,player_0542e414-c49b-4ae0-88a3-bdce4e1eb073@localhost,SuspiciousTitForTat,D,0,10,2134,2144
584,player_0a7d5f5f-11f4-4995-b9fa-e700fa0d2495@localhost,WinStayLoseShift,D,player_0542e414-c49b-4ae0-88a3-bdce4e1eb073@localhost,SuspiciousTitForTat,C,10,0,2144,2144
585,player_0a7d5f5f-11f4-4995-b9fa-e700fa0d2495@localhost,WinStayLoseShift,D,player_0542e414-c49b-4ae0-88a3-bdce4e1eb073@localhost,SuspiciousTitForTat,D,1,1,2145,2145
586,player_0a7d5f5f-11f4-4995-b9fa-e700fa0d2495@localhost,WinStayLoseShift,C,player_0542e414-c49b-4ae0-88a3-bdce4e1eb073@localhost,SuspiciousTitForTat,D,0,10,2145,2155
587,player_0a7d5f5f-11f4-4995-b9fa-e700fa0d2495@localhost,WinStayLoseShift,D,player_0542e414-c49b-4ae0-88a3-bdce4e1eb073@localhost,SuspiciousTitForTat,C,10,0,2155,2155
588,player_0a7d5f5f-11f4-4995-b9fa-e700fa0d2495@localhost,WinStayLoseShift,D,player_0542e414-c49b-4ae0-88a3-bdce4e1eb073@localhost,SuspiciousTitForTat,D,1,1,2156,2156
589,player_0a7d5f5f-11f4-4995-b9fa-e700fa0d2495@localhost,WinStayLoseShift,C,player_0542e414-c49b-4ae0-88a3-bdce4e1eb073@localhost,SuspiciousTitForTat,D,0,10,2156,2166
590,player_0a7d5f5f-11f4-4995-b9fa-e700fa0d2495@localhost,WinStayLoseShift,D,player_0542e414-c49b-4ae0-88a3-bdce4e1eb073@localhost,SuspiciousTitForTat,C,10,0,2166,2166
591,player_0a7d5f5f-11f4-4995-b9fa-e700fa0d2495@localhost,WinStayLoseShift,D,player_0542e414-c49b-4ae0-88a3-bdce4e1eb073@localhost,SuspiciousTitForTat,D,1,1,2167,2167
592,player_0a7d5f5f-11f4-4995-b9fa-e700fa0d2495@localhost,WinStayLoseShift,C,player_0542e414-c49b-4ae0-88a3-bdce4e1eb073@localhost,SuspiciousTitForTat,D,0,10,2167,2177
593,player_0a7d5f5f-11f4-4995-b9fa-e700fa0d2495@localhost,WinStayLoseShift,D,player_0542e414-c49b-4ae0-88a3-bdce4e1eb073@localhost,SuspiciousTitForTat,C,10,0,2177,2177
594,player_0a7d5f5f-11f4-4995-b9fa-e700fa0d2495@localhost,WinStayLoseShift,D,player_0542e414-c49b-4ae0-88a3-bdce4e1eb073@localhost,SuspiciousTitForTat,D,1,1,2178,2178
595,player_0a7d5f5f-11f4-4995-b9fa-e700fa0d2495@localhost,WinStayLoseShift,C,player_0542e414-c49b-4ae0-88a3-bdce4e1eb073@localhost,SuspiciousTitForTat,D,0,10,2178,2188
596,player_0a7d5f5f-11f4-4995-b9fa-e700fa0d2495@localhost,WinStayLoseShift,D,player_0542e414-c49b-4ae0-88a3-bdce4e1eb073@localhost,SuspiciousTitForTat,C,10,0,2188,2188
597,player_0a7d5f5f-11f4-4995-b9fa-e700fa0d2495@localhost,WinStayLoseShift,D,player_0542e414-c49b-4ae0-88a3-bdce4e1eb073@localhost,SuspiciousTitForTat,D,1,1,2189,2189
598,player_0a7d5f5f-11f4-4995-b9fa-e700fa0d2495@localhost,WinStayLoseShift,C,player_0542e414-c49b-4ae0-88a3-bdce4e1eb073@localhost,SuspiciousTitForTat,D,0,10,2189,2199
599,player_0a7d5f5f-11f4-4995-b9fa-e700fa0d2495@localhost,WinStayLoseShift,D,player_0542e414-c49b-4ae0-88a3-bdce4e1eb073@localhost,SuspiciousTitForTat,C,10,0,2199,2199
600,player_0a7d5f5f-11f4-4995-b9fa-e700fa0d2495@localhost,WinStayLoseShift,D,player_0542e414-c49b-4ae0-88a3-bdce4e1eb073@localhost,SuspiciousTitForTat,D,1,1,2200,2200
601,player_0a7d5f5f-11f4-4995-b9fa-e700fa0d2495@localhost,WinStayLoseShift,C,player_0542e414-c49b-4ae0-88a3-bdce4e1eb073@localhost,SuspiciousTitForTat,D,0,10,2200,2210
602,player_0a7d5f5f-11f4-4995-b9fa-e700fa0d2495@localhost,WinStayLoseShift,D,player_0542e414-c49b-4ae0-88a3-bdce4e1eb073@localhost,SuspiciousTitForTat,C,10,0,2210,2210
603,player_0a7d5f5f-11f4-4995-b9fa-e700fa0d2495@localhost,WinStayLoseShift,D,player_0542e414-c49b-4ae0-88a3-bdce4e1eb073@localhost,SuspiciousTitForTat,D,1,1,2211,2211
604,player_0a7d5f5f-11f4-4995-b9fa-e700fa0d2495@localhost,WinStayLoseShift,C,player_0542e414-c49b-4ae0-88a3-bdce4e1eb073@localhost,SuspiciousTitForTat,D,0,10,2211,2221
605,player_0a7d5f5f-11f4-4995-b9fa-e700fa0d2495@localhost,WinStayLoseShift,D,player_0542e414-c49b-4ae0-88a3-bdce4e1eb073@localhost,SuspiciousTitForTat,C,10,0,2221,2221
606,player_0a7d5f5f-11f4-4995-b9fa-e700fa0d2495@localhost,WinStayLoseShift,D,player_0542e414-c49b-4ae0-88a3-bdce4e1eb073@localhost,SuspiciousTitForTat,D,1,1,2222,2222
607,player_0a7d5f5f-11f4-4995-b9fa-e700fa0d2495@localhost,WinStayLoseShift,C,player_0542e414-c49b-4ae0-88a3-bdce4e1eb073@localhost,SuspiciousTitForTat,D,0,10,2222,2232
608,player_0a7d5f5f-11f4-4995-b9fa-e700fa0d2495@localhost,WinStayLoseShift,D,player_0542e414-c49b-4ae0-88a3-bdce4e1eb073@localhost,SuspiciousTitForTat,C,10,0,2232,2232
609,player_0a7d5f5f-11f4-4995-b9fa-e700fa0d2495@localhost,WinStayLoseShift,D,player_0542e414-c49b-4ae0-88a3-bdce4e1eb073@localhost,SuspiciousTitForTat,D,1,1,2233,2233
610,player_0a7d5f5f-11f4-4995-b9fa-e700fa0d2495@localhost,WinStayLoseShift,C,player_0542e414-c49b-4ae0-88a3-bdce4e1eb073@localhost,SuspiciousTitForTat,D,0,10,2233,2243
611,player_0a7d5f5f-11f4-4995-b9fa-e700fa0d2495@localhost,WinStayLoseShift,D,player_0542e414-c49b-4ae0-88a3-bdce4e1eb073@localhost,SuspiciousTitForTat,C,10,0,2243,2243
612,player_0a7d5f5f-11f4-4995-b9fa-e700fa0d2495@localhost,WinStayLoseShift,D,player_0542e414-c49b-4ae0-88a3-bdce4e1eb073@localhost,SuspiciousTitForTat,D,1,1,2244,2244
613,player_0a7d5f5f-11f4-4995-b9fa-e700fa0d2495@localhost,WinStayLoseShift,C,player_0542e414-c49b-4ae0-88a3-bdce4e1eb073@localhost,SuspiciousTitForTat,D,0,10,2244,2254
614,player_0a7d5f5f-11f4-4995-b9fa-e700fa0d2495@localhost,WinStayLoseShift,D,player_0542e414-c49b-4ae0-88a3-bdce4e1eb073@localhost,SuspiciousTitForTat,C,10,0,2254,2254
615,player_0a7d5f5f-11f4-4995-b9fa-e700fa0d2495@localhost,WinStayLoseShift,D,player_0542e414-c49b-4ae0-88a3-bdce4e1eb073@localhost,SuspiciousTitForTat,D,1,1,2255,2255
616,player_0a7d5f5f-11f4-4995-b9fa-e700fa0d2495@localhost,WinStayLoseShift,C,player_0542e414-c49b-4ae0-88a3-bdce4e1eb073@localhost,SuspiciousTitForTat,D,0,10,2255,2265
617,player_0a7d5f5f-11f4-4995-b9fa-e700fa0d2495@localhost,WinStayLoseShift,D,player_0542e414-c49b-4ae0-88a3-bdce4e1eb073@localhost,SuspiciousTitForTat,C,10,0,2265,2265
618,player_0a7d5f5f-11f4-4995-b9fa-e700fa0d2495@localhost,WinStayLoseShift,D,player_0542e414-c49b-4ae0-88a3-bdce4e1eb073@localhost,SuspiciousTitForTat,D,1,1,2266,2266
619,player_0a7d5f5f-11f4-4995-b9fa-e700fa0d2495@localhost,WinStayLoseShift,C,player_0542e414-c49b-4ae0-88a3-bdce4e1eb073@localhost,SuspiciousTitForTat,D,0,10,2266,2276
620,player_0a7d5f5f-11f4-4995-b9fa-e700fa0d2495@localhost,WinStayLoseShift,D,player_0542e414-c49b-4ae0-88a3-bdce4e1eb073@localhost,SuspiciousTitForTat,C,10,0,2276,2276
621,player_0a7d5f5f-11f4-4995-b9fa-e700fa0d2495@localhost,WinStayLoseShift,D,player_0542e414-c49b-4ae0-88a3-bdce4e1eb073@localhost,SuspiciousTitForTat,D,1,1,2277,2277
622,player_0a7d5f5f-11f4-4995-b9fa-e700fa0d2495@localhost,WinStayLoseShift,C,player_0542e414-c49b-4ae0-88a3-bdce4e1eb073@localhost,SuspiciousTitForTat,D,0,10,2277,2287
623,player_0a7d5f5f-11f4-4995-b9fa-e700fa0d2495@localhost,WinStayLoseShift,D,player_0542e414-c49b-4ae0-88a3-bdce4e1eb073@localhost,SuspiciousTitForTat,C,10,0,2287,2287
624,player_0a7d5f5f-11f4-4995-b9fa-e700fa0d2495@localhost,WinStayLoseShift,D,player_0542e414-c49b-4ae0-88a3-bdce4e1eb073@localhost,SuspiciousTitForTat,D,1,1,2288,2288
625,player_0a7d5f5f-11f4-4995-b9fa-e700fa0d2495@localhost,WinStayLoseShift,C,player_0542e414-c49b-4ae0-88a3-bdce4e1eb073@localhost,SuspiciousTitForTat,D,0,10,2288,2298
626,player_0a7d5f5f-11f4-4995-b9fa-e700fa0d2495@localhost,WinStayLoseShift,D,player_0542e414-c49b-4ae0-88a3-bdce4e1eb073@localhost,SuspiciousTitForTat,C,10,0,2298,2298
627,player_0a7d5f5f-11f4-4995-b9fa-e700fa0d2495@localhost,WinStayLoseShift,D,player_0542e414-c49b-4ae0-88a3-bdce4e1eb073@localhost,SuspiciousTitForTat,D,1,1,2299,2299
628,player_0a7d5f5f-11f4-4995-b9fa-e700fa0d2495@localhost,WinStayLoseShift,C,player_0542e414-c49b-4ae0-88a3-bdce4e1eb073@localhost,SuspiciousTitForTat,D,0,10,2299,2309
629,player_0a7d5f5f-11f4-4995-b9fa-e700fa0d2495@localhost,WinStayLoseShift,D,player_0542e414-c49b-4ae0-88a3-bdce4e1eb073@localhost,SuspiciousTitForTat,C,10,0,2309,2309
630,player_0a7d5f5f-11f4-4995-b9fa-e700fa0d2495@localhost,WinStayLoseShift,D,player_0542e414-c49b-4ae0-88a3-bdce4e1eb073@localhost,SuspiciousTitForTat,D,1,1,2310,2310
631,player_0a7d5f5f-11f4-4995-b9fa-e700fa0d2495@localhost,WinStayLoseShift,C,player_0542e414-c49b-4ae0-88a3-bdce4e1eb073@localhost,SuspiciousTitForTat,D,0,10,2310,2320
632,player_0a7d5f5f-11f4-4995-b9fa-e700fa0d2495@localhost,WinStayLoseShift,D,player_0542e414-c49b-4ae0-88a3-bdce4e1eb073@localhost,SuspiciousTitForTat,C,10,0,2320,2320
633,player_0a7d5f5f-11f4-4995-b9fa-e700fa0d2495@localhost,WinStayLoseShift,D,player_0542e414-c49b-4ae0-88a3-bdce4e1eb073@localhost,SuspiciousTitForTat,D,1,1,2321,2321
634,player_0a7d5f5f-11f4-4995-b9fa-e700fa0d2495@localhost,WinStayLoseShift,C,player_0542e414-c49b-4ae0-88a3-bdce4e1eb073@localhost,SuspiciousTitForTat,D,0,10,2321,2331
635,player_0a7d5f5f-11f4-4995-b9fa-e700fa0d2495@localhost,WinStayLoseShift,D,player_0542e414-c49b-4ae0-88a3-bdce4e1eb073@localhost,SuspiciousTitForTat,C,10,0,2331,2331
636,player_0a7d5f5f-11f4-4995-b9fa-e700fa0d2495@localhost,WinStayLoseShift,D,player_0542e414-c49b-4ae0-88a3-bdce4e1eb073@localhost,SuspiciousTitForTat,D,1,1,2332,2332
637,player_0a7d5f5f-11f4-4995-b9fa-e700fa0d2495@localhost,WinStayLoseShift,C,player_0542e414-c49b-4ae0-88a3-bdce4e1eb073@localhost,SuspiciousTitForTat,D,0,10,2332,2342
638,player_0a7d5f5f-11f4-4995-b9fa-e700fa0d2495@localhost,WinStayLoseShift,D,player_0542e414-c49b-4ae0-88a3-bdce4e1eb073@localhost,SuspiciousTitForTat,C,10,0,2342,2342
639,player_0a7d5f5f-11f4-4995-b9fa-e700fa0d2495@localhost,WinStayLoseShift,D,player_0542e414-c49b-4ae0-88a3-bdce4e1eb073@localhost,SuspiciousTitForTat,D,1,1,2343,2343
640,player_0a7d5f5f-11f4-4995-b9fa-e700fa0d2495@localhost,WinStayLoseShift,C,player_0542e414-c49b-4ae0-88a3-bdce4e1eb073@localhost,SuspiciousTitForTat,D,0,10,2343,2353
641,player_0a7d5f5f-11f4-4995-b9fa-e700fa0d2495@localhost,WinStayLoseShift,D,player_0542e414-c49b-4ae0-88a3-bdce4e1eb073@localhost,SuspiciousTitForTat,C,10,0,2353,2353
642,player_0a7d5f5f-11f4-4995-b9fa-e700fa0d2495@localhost,WinStayLoseShift,D,player_0542e414-c49b-4ae0-88a3-bdce4e1eb073@localhost,SuspiciousTitForTat,D,1,1,2354,2354
643,player_0a7d5f5f-11f4-4995-b9fa-e700fa0d2495@localhost,WinStayLoseShift,C,player_0542e414-c49b-4ae0-88a3-bdce4e1eb073@localhost,SuspiciousTitForTat,D,0,10,2354,2364
644,player_0a7d5f5f-11f4-4995-b9fa-e700fa0d2495@localhost,WinStayLoseShift,D,player_0542e414-c49b-4ae0-88a3-bdce4e1eb073@localhost,SuspiciousTitForTat,C,10,0,2364,2364
645,player_0a7d5f5f-11f4-4995-b9fa-e700fa0d2495@localhost,WinStayLoseShift,D,player_0542e414-c49b-4ae0-88a3-bdce4e1eb073@localhost,SuspiciousTitForTat,D,1,1,2365,2365
646,player_0a7d5f5f-11f4-4995-b9fa-e700fa0d2495@localhost,WinStayLoseShift,C,player_0542e414-c49b-4ae0-88a3-bdce4e1eb073@localhost,SuspiciousTitForTat,D,0,10,2365,2375
647,player_0a7d5f5f-11f4-4995-b9fa-e700fa0d2495@localhost,WinStayLoseShift,D,player_0542e414-c49b-4ae0-88a3-bdce4e1eb073@localhost,SuspiciousTitForTat,C,10,0,2375,2375
648,player_0a7d5f5f-11f4-4995-b9fa-e700fa0d2495@localhost,WinStayLoseShift,D,player_0542e414-c49b-4ae0-88a3-bdce4e1eb073@localhost,SuspiciousTitForTat,D,1,1,2376,2376
649,player_0a7d5f5f-11f4-4995-b9fa-e700fa0d2495@localhost,WinStayLoseShift,C,player_0542e414-c49b-4ae0-88a3-bdce4e1eb073@localhost,SuspiciousTitForTat,D,0,10,2376,2386
650,player_0a7d5f5f-11f4-4995-b9fa-e700fa0d2495@localhost,WinStayLoseShift,D,player_0542e414-c49b-4ae0-88a3-bdce4e1eb073@localhost,SuspiciousTitForTat,C,10,0,2386,2386
651,player_0a7d5f5f-11f4-4995-b9fa-e700fa0d2495@localhost,WinStayLoseShift,D,player_0542e414-c49b-4ae0-88a3-bdce4e1eb073@localhost,SuspiciousTitForTat,D,1,1,2387,2387
652,player_0a7d5f5f-11f4-4995-b9fa-e700fa0d2495@localhost,WinStayLoseShift,C,player_0542e414-c49b-4ae0-88a3-bdce4e1eb073@localhost,SuspiciousTitForTat,D,0,10,2387,2397
653,player_0a7d5f5f-11f4-4995-b9fa-e700fa0d2495@localhost,WinStayLoseShift,D,player_0542e414-c49b-4ae0-88a3-bdce4e1eb073@localhost,SuspiciousTitForTat,C,10,0,2397,2397
654,player_0a7d5f5f-11f4-4995-b9fa-e700fa0d2495@localhost,WinStayLoseShift,D,player_0542e414-c49b-4ae0-88a3-bdce4e1eb073@localhost,SuspiciousTitForTat,D,1,1,2398,2398
655,player_0a7d5f5f-11f4-4995-b9fa-e700fa0d2495@localhost,WinStayLoseShift,C,player_0542e414-c49b-4ae0-88a3-bdce4e1eb073@localhost,SuspiciousTitForTat,D,0,10,2398,2408
656,player_0a7d5f5f-11f4-4995-b9fa-e700fa0d2495@localhost,WinStayLoseShift,D,player_0542e414-c49b-4ae0-88a3-bdce4e1eb073@localhost,SuspiciousTitForTat,C,10,0,2408,2408
657,player_0a7d5f5f-11f4-4995-b9fa-e700fa0d2495@localhost,WinStayLoseShift,D,player_0542e414-c49b-4ae0-88a3-bdce4e1eb073@localhost,SuspiciousTitForTat,D,1,1,2409,2409
658,player_0a7d5f5f-11f4-4995-b9fa-e700fa0d2495@localhost,WinStayLoseShift,C,player_0542e414-c49b-4ae0-88a3-bdce4e1eb073@localhost,SuspiciousTitForTat,D,0,10,2409,2419
659,player_0a7d5f5f-11f4-4995-b9fa-e700fa0d2495@localhost,WinStayLoseShift,D,player_0542e414-c49b-4ae0-88a3-bdce4e1eb073@localhost,SuspiciousTitForTat,C,10,0,2419,2419
660,player_0a7d5f5f-11f4-4995-b9fa-e700fa0d2495@localhost,WinStayLoseShift,D,player_0542e414-c49b-4ae0-88a3-bdce4e1eb073@localhost,SuspiciousTitForTat,D,1,1,2420,2420
661,player_0a7d5f5f-11f4-4995-b9fa-e700fa0d2495@localhost,WinStayLoseShift,C,player_0542e414-c49b-4ae0-88a3-bdce4e1eb073@localhost,SuspiciousTitForTat,D,0,10,2420,2430
662,player_0a7d5f5f-11f4-4995-b9fa-e700fa0d2495@localhost,WinStayLoseShift,D,player_0542e414-c49b-4ae0-88a3-bdce4e1eb073@localhost,SuspiciousTitForTat,C,10,0,2430,2430
663,player_0a7d5f5f-11f4-4995-b9fa-e700fa0d2495@localhost,WinStayLoseShift,D,player_0542e414-c49b-4ae0-88a3-bdce4e1eb073@localhost,SuspiciousTitForTat,D,1,1,2431,2431
664,player_0a7d5f5f-11f4-4995-b9fa-e700fa0d2495@localhost,WinStayLoseShift,C,player_0542e414-c49b-4ae0-88a3-bdce4e1eb073@localhost,SuspiciousTitForTat,D,0,10,2431,2441
665,player_0a7d5f5f-11f4-4995-b9fa-e700fa0d2495@localhost,WinStayLoseShift,D,player_0542e414-c49b-4ae0-88a3-bdce4e1eb073@localhost,SuspiciousTitForTat,C,10,0,2441,2441
666,player_0a7d5f5f-11f4-4995-b9fa-e700fa0d2495@localhost,WinStayLoseShift,D,player_0542e414-c49b-4ae0-88a3-bdce4e1eb073@localhost,SuspiciousTitForTat,D,1,1,2442,2442
667,player_0a7d5f5f-11f4-4995-b9fa-e700fa0d2495@localhost,WinStayLoseShift,C,player_0542e414-c49b-4ae0-88a3-bdce4e1eb073@localhost,SuspiciousTitForTat,D,0,10,2442,2452
668,player_0a7d5f5f-11f4-4995-b9fa-e700fa0d2495@localhost,WinStayLoseShift,D,player_0542e414-c49b-4ae0-88a3-bdce4e1eb073@localhost,SuspiciousTitForTat,C,10,0,2452,2452
669,player_0a7d5f5f-11f4-4995-b9fa-e700fa0d2495@localhost,WinStayLoseShift,D,player_0542e414-c49b-4ae0-88a3-bdce4e1eb073@localhost,SuspiciousTitForTat,D,1,1,2453,2453
670,player_0a7d5f5f-11f4-4995-b9fa-e700fa0d2495@localhost,WinStayLoseShift,C,player_0542e414-c49b-4ae0-88a3-bdce4e1eb073@localhost,SuspiciousTitForTat,D,0,10,2453,2463
671,player_0a7d5f5f-11f4-4995-b9fa-e700fa0d2495@localhost,WinStayLoseShift,D,player_0542e414-c49b-4ae0-88a3-bdce4e1eb073@localhost,SuspiciousTitForTat,C,10,0,2463,2463
672,player_0a7d5f5f-11f4-4995-b9fa-e700fa0d2495@localhost,WinStayLoseShift,D,player_0542e414-c49b-4ae0-88a3-bdce4e1eb073@localhost,SuspiciousTitForTat,D,1,1,2464,2464
673,player_0a7d5f5f-11f4-4995-b9fa-e700fa0d2495@localhost,WinStayLoseShift,C,player_0542e414-c49b-4ae0-88a3-bdce4e1eb073@localhost,SuspiciousTitForTat,D,0,10,2464,2474
674,player_0a7d5f5f-11f4-4995-b9fa-e700fa0d2495@localhost,WinStayLoseShift,D,player_0542e414-c49b-4ae0-88a3-bdce4e1eb073@localhost,SuspiciousTitForTat,C,10,0,2474,2474
675,player_0a7d5f5f-11f4-4995-b9fa-e700fa0d2495@localhost,WinStayLoseShift,D,player_0542e414-c49b-4ae0-88a3-bdce4e1eb073@localhost,SuspiciousTitForTat,D,1,1,2475,2475
676,player_0a7d5f5f-11f4-4995-b9fa-e700fa0d2495@localhost,WinStayLoseShift,C,player_0542e414-c49b-4ae0-88a3-bdce4e1eb073@localhost,SuspiciousTitForTat,D,0,10,2475,2485
677,player_0a7d5f5f-11f4-4995-b9fa-e700fa0d2495@localhost,WinStayLoseShift,D,player_0542e414-c49b-4ae0-88a3-bdce4e1eb073@localhost,SuspiciousTitForTat,C,10,0,2485,2485
678,player_0a7d5f5f-11f4-4995-b9fa-e700fa0d2495@localhost,WinStayLoseShift,D,player_0542e414-c49b-4ae0-88a3-bdce4e1eb073@localhost,SuspiciousTitForTat,D,1,1,2486,2486
679,player_0a7d5f5f-11f4-4995-b9fa-e700fa0d2495@localhost,WinStayLoseShift,C,player_0542e414-c49b-4ae0-88a3-bdce4e1eb073@localhost,SuspiciousTitForTat,D,0,10,2486,2496
680,player_0a7d5f5f-11f4-4995-b9fa-e700fa0d2495@localhost,WinStayLoseShift,D,player_0542e414-c49b-4ae0-88a3-bdce4e1eb073@localhost,SuspiciousTitForTat,C,10,0,2496,2496
681,player_0a7d5f5f-11f4-4995-b9fa-e700fa0d2495@localhost,WinStayLoseShift,D,player_0542e414-c49b-4ae0-88a3-bdce4e1eb073@localhost,SuspiciousTitForTat,D,1,1,2497,2497
682,player_0a7d5f5f-11f4-4995-b9fa-e700fa0d2495@localhost,WinStayLoseShift,C,player_0542e414-c49b-4ae0-88a3-bdce4e1eb073@localhost,SuspiciousTitForTat,D,0,10,2497,2507
683,player_0a7d5f5f-11f4-4995-b9fa-e700fa0d2495@localhost,WinStayLoseShift,D,player_0542e414-c49b-4ae0-88a3-bdce4e1eb073@localhost,SuspiciousTitForTat,C,10,0,2507,2507
684,player_0a7d5f5f-11f4-4995-b9fa-e700fa0d2495@localhost,WinStayLoseShift,D,player_0542e414-c49b-4ae0-88a3-bdce4e1eb073@localhost,SuspiciousTitForTat,D,1,1,2508,2508
685,player_0a7d5f5f-11f4-4995-b9fa-e700fa0d2495@localhost,WinStayLoseShift,C,player_0542e414-c49b-4ae0-88a3-bdce4e1eb073@localhost,SuspiciousTitForTat,D,0,10,2508,2518
686,player_0a7d5f5f-11f4-4995-b9fa-e700fa0d2495@localhost,WinStayLoseShift,D,player_0542e414-c49b-4ae0-88a3-bdce4e1eb073@localhost,SuspiciousTitForTat,C,10,0,2518,2518
687,player_0a7d5f5f-11f4-4995-b9fa-e700fa0d2495@localhost,WinStayLoseShift,D,player_0542e414-c49b-4ae0-88a3-bdce4e1eb073@localhost,SuspiciousTitForTat,D,1,1,2519,2519
688,player_0a7d5f5f-11f4-4995-b9fa-e700fa0d2495@localhost,WinStayLoseShift,C,player_0542e414-c49b-4ae0-88a3-bdce4e1eb073@localhost,SuspiciousTitForTat,D,0,10,2519,2529
689,player_0a7d5f5f-11f4-4995-b9fa-e700fa0d2495@localhost,WinStayLoseShift,D,player_0542e414-c49b-4ae0-88a3-bdce4e1eb073@localhost,SuspiciousTitForTat,C,10,0,2529,2529
690,player_0a7d5f5f-11f4-4995-b9fa-e700fa0d2495@localhost,WinStayLoseShift,D,player_0542e414-c49b-4ae0-88a3-bdce4e1eb073@localhost,SuspiciousTitForTat,D,1,1,2530,2530
691,player_0a7d5f5f-11f4-4995-b9fa-e700fa0d2495@localhost,WinStayLoseShift,C,player_0542e414-c49b-4ae0-88a3-bdce4e1eb073@localhost,SuspiciousTitForTat,D,0,10,2530,2540
692,player_0a7d5f5f-11f4-4995-b9fa-e700fa0d2495@localhost,WinStayLoseShift,D,player_0542e414-c49b-4ae0-88a3-bdce4e1eb073@localhost,SuspiciousTitForTat,C,10,0,2540,2540
693,player_0a7d5f5f-11f4-4995-b9fa-e700fa0d2495@localhost,WinStayLoseShift,D,player_0542e414-c49b-4ae0-88a3-bdce4e1eb073@localhost,SuspiciousTitForTat,D,1,1,2541,2541
694,player_0a7d5f5f-11f4-4995-b9fa-e700fa0d2495@localhost,WinStayLoseShift,C,player_0542e414-c49b-4ae0-88a3-bdce4e1eb073@localhost,SuspiciousTitForTat,D,0,10,2541,2551
695,player_0a7d5f5f-11f4-4995-b9fa-e700fa0d2495@localhost,WinStayLoseShift,D,player_0542e414-c49b-4ae0-88a3-bdce4e1eb073@localhost,SuspiciousTitForTat,C,10,0,2551,2551
696,player_0a7d5f5f-11f4-4995-b9fa-e700fa0d2495@localhost,WinStayLoseShift,D,player_0542e414-c49b-4ae0-88a3-bdce4e1eb073@localhost,SuspiciousTitForTat,D,1,1,2552,2552
697,player_0a7d5f5f-11f4-4995-b9fa-e700fa0d2495@localhost,WinStayLoseShift,C,player_0542e414-c49b-4ae0-88a3-bdce4e1eb073@localhost,SuspiciousTitForTat,D,0,10,2552,2562
698,player_0a7d5f5f-11f4-4995-b9fa-e700fa0d2495@localhost,WinStayLoseShift,D,player_0542e414-c49b-4ae0-88a3-bdce4e1eb073@localhost,SuspiciousTitForTat,C,10,0,2562,2562
699,player_0a7d5f5f-11f4-4995-b9fa-e700fa0d2495@localhost,WinStayLoseShift,D,player_0542e414-c49b-4ae0-88a3-bdce4e1eb073@localhost,SuspiciousTitForTat,D,1,1,2563,2563
700,player_0a7d5f5f-11f4-4995-b9fa-e700fa0d2495@localhost,WinStayLoseShift,C,player_0542e414-c49b-4ae0-88a3-bdce4e1eb073@localhost,SuspiciousTitForTat,D,0,10,2563,2573
701,player_0a7d5f5f-11f4-4995-b9fa-e700fa0d2495@localhost,WinStayLoseShift,D,player_0542e414-c49b-4ae0-88a3-bdce4e1eb073@localhost,SuspiciousTitForTat,C,10,0,2573,2573
702,player_0a7d5f5f-11f4-4995-b9fa-e700fa0d2495@localhost,WinStayLoseShift,D,player_0542e414-c49b-4ae0-88a3-bdce4e1eb073@localhost,SuspiciousTitForTat,D,1,1,2574,2574
703,player_0a7d5f5f-11f4-4995-b9fa-e700fa0d2495@localhost,WinStayLoseShift,C,player_0542e414-c49b-4ae0-88a3-bdce4e1eb073@localhost,SuspiciousTitForTat,D,0,10,2574,2584
704,player_0a7d5f5f-11f4-4995-b9fa-e700fa0d2495@localhost,WinStayLoseShift,D,player_0542e414-c49b-4ae0-88a3-bdce4e1eb073@localhost,SuspiciousTitForTat,C,10,0,2584,2584
705,player_0a7d5f5f-11f4-4995-b9fa-e700fa0d2495@localhost,WinStayLoseShift,D,player_0542e414-c49b-4ae0-88a3-bdce4e1eb073@localhost,SuspiciousTitForTat,D,1,1,2585,2585
706,player_0a7d5f5f-11f4-4995-b9fa-e700fa0d2495@localhost,WinStayLoseShift,C,player_0542e414-c49b-4ae0-88a3-bdce4e1eb073@localhost,SuspiciousTitForTat,D,0,10,2585,2595
707,player_0a7d5f5f-11f4-4995-b9fa-e700fa0d2495@localhost,WinStayLoseShift,D,player_0542e414-c49b-4ae0-88a3-bdce4e1eb073@localhost,SuspiciousTitForTat,C,10,0,2595,2595
708,player_0a7d5f5f-11f4-4995-b9fa-e700fa0d2495@localhost,WinStayLoseShift,D,player_0542e414-c49b-4ae0-88a3-bdce4e1eb073@localhost,SuspiciousTitForTat,D,1,1,2596,2596
709,player_0a7d5f5f-11f4-4995-b9fa-e700fa0d2495@localhost,WinStayLoseShift,C,player_0542e414-c49b-4ae0-88a3-bdce4e1eb073@localhost,SuspiciousTitForTat,D,0,10,2596,2606
710,player_0a7d5f5f-11f4-4995-b9fa-e700fa0d2495@localhost,WinStayLoseShift,D,player_0542e414-c49b-4ae0-88a3-bdce4e1eb073@localhost,SuspiciousTitForTat,C,10,0,2606,2606
711,player_0a7d5f5f-11f4-4995-b9fa-e700fa0d2495@localhost,WinStayLoseShift,D,player_0542e414-c49b-4ae0-88a3-bdce4e1eb073@localhost,SuspiciousTitForTat,D,1,1,2607,2607
712,player_0a7d5f5f-11f4-4995-b9fa-e700fa0d2495@localhost,WinStayLoseShift,C,player_0542e414-c49b-4ae0-88a3-bdce4e1eb073@localhost,SuspiciousTitForTat,D,0,10,2607,2617
713,player_0a7d5f5f-11f4-4995-b9fa-e700fa0d2495@localhost,WinStayLoseShift,D,player_0542e414-c49b-4ae0-88a3-bdce4e1eb073@localhost,SuspiciousTitForTat,C,10,0,2617,2617
714,player_0a7d5f5f-11f4-4995-b9fa-e700fa0d2495@localhost,WinStayLoseShift,D,player_0542e414-c49b-4ae0-88a3-bdce4e1eb073@localhost,SuspiciousTitForTat,D,1,1,2618,2618
715,player_0a7d5f5f-11f4-4995-b9fa-e700fa0d2495@localhost,WinStayLoseShift,C,player_0542e414-c49b-4ae0-88a3-bdce4e1eb073@localhost,SuspiciousTitForTat,D,0,10,2618,2628
716,player_0a7d5f5f-11f4-4995-b9fa-e700fa0d2495@localhost,WinStayLoseShift,D,player_0542e414-c49b-4ae0-88a3-bdce4e1eb073@localhost,SuspiciousTitForTat,C,10,0,2628,2628
717,player_0a7d5f5f-11f4-4995-b9fa-e700fa0d2495@localhost,WinStayLoseShift,D,player_0542e414-c49b-4ae0-88a3-bdce4e1eb073@localhost,SuspiciousTitForTat,D,1,1,2629,2629
718,player_0a7d5f5f-11f4-4995-b9fa-e700fa0d2495@localhost,WinStayLoseShift,C,player_0542e414-c49b-4ae0-88a3-bdce4e1eb073@localhost,SuspiciousTitForTat,D,0,10,2629,2639
719,player_0a7d5f5f-11f4-4995-b9fa-e700fa0d2495@localhost,WinStayLoseShift,D,player_0542e414-c49b-4ae0-88a3-bdce4e1eb073@localhost,SuspiciousTitForTat,C,10,0,2639,2639
720,player_0a7d5f5f-11f4-4995-b9fa-e700fa0d2495@localhost,WinStayLoseShift,D,player_0542e414-c49b-4ae0-88a3-bdce4e1eb073@localhost,SuspiciousTitForTat,D,1,1,2640,2640
721,player_0a7d5f5f-11f4-4995-b9fa-e700fa0d2495@localhost,WinStayLoseShift,C,player_0542e414-c49b-4ae0-88a3-bdce4e1eb073@localhost,SuspiciousTitForTat,D,0,10,2640,2650
722,player_0a7d5f5f-11f4-4995-b9fa-e700fa0d2495@localhost,WinStayLoseShift,D,player_0542e414-c49b-4ae0-88a3-bdce4e1eb073@localhost,SuspiciousTitForTat,C,10,0,2650,2650
723,player_0a7d5f5f-11f4-4995-b9fa-e700fa0d2495@localhost,WinStayLoseShift,D,player_0542e414-c49b-4ae0-88a3-bdce4e1eb073@localhost,SuspiciousTitForTat,D,1,1,2651,2651
724,player_0a7d5f5f-11f4-4995-b9fa-e700fa0d2495@localhost,WinStayLoseShift,C,player_0542e414-c49b-4ae0-88a3-bdce4e1eb073@localhost,SuspiciousTitForTat,D,0,10,2651,2661
725,player_0a7d5f5f-11f4-4995-b9fa-e700fa0d2495@localhost,WinStayLoseShift,D,player_0542e414-c49b-4ae0-88a3-bdce4e1eb073@localhost,SuspiciousTitForTat,C,10,0,2661,2661
726,player_0a7d5f5f-11f4-4995-b9fa-e700fa0d2495@localhost,WinStayLoseShift,D,player_0542e414-c49b-4ae0-88a3-bdce4e1eb073@localhost,SuspiciousTitForTat,D,1,1,2662,2662
727,player_0a7d5f5f-11f4-4995-b9fa-e700fa0d2495@localhost,WinStayLoseShift,C,player_0542e414-c49b-4ae0-88a3-bdce4e1eb073@localhost,SuspiciousTitForTat,D,0,10,2662,2672
728,player_0a7d5f5f-11f4-4995-b9fa-e700fa0d2495@localhost,WinStayLoseShift,D,player_0542e414-c49b-4ae0-88a3-bdce4e1eb073@localhost,SuspiciousTitForTat,C,10,0,2672,2672
729,player_0a7d5f5f-11f4-4995-b9fa-e700fa0d2495@localhost,WinStayLoseShift,D,player_0542e414-c49b-4ae0-88a3-bdce4e1eb073@localhost,SuspiciousTitForTat,D,1,1,2673,2673
730,player_0a7d5f5f-11f4-4995-b9fa-e700fa0d2495@localhost,WinStayLoseShift,C,player_0542e414-c49b-4ae0-88a3-bdce4e1eb073@localhost,SuspiciousTitForTat,D,0,10,2673,2683
731,player_0a7d5f5f-11f4-4995-b9fa-e700fa0d2495@localhost,WinStayLoseShift,D,player_0542e414-c49b-4ae0-88a3-bdce4e1eb073@localhost,SuspiciousTitForTat,C,10,0,2683,2683
732,player_0a7d5f5f-11f4-4995-b9fa-e700fa0d2495@localhost,WinStayLoseShift,D,player_0542e414-c49b-4ae0-88a3-bdce4e1eb073@localhost,SuspiciousTitForTat,D,1,1,2684,2684
733,player_0a7d5f5f-11f4-4995-b9fa-e700fa0d2495@localhost,WinStayLoseShift,C,player_0542e414-c49b-4ae0-88a3-bdce4e1eb073@localhost,SuspiciousTitForTat,D,0,10,2684,2694
734,player_0a7d5f5f-11f4-4995-b9fa-e700fa0d2495@localhost,WinStayLoseShift,D,player_0542e414-c49b-4ae0-88a3-bdce4e1eb073@localhost,SuspiciousTitForTat,C,10,0,2694,2694
735,player_0a7d5f5f-11f4-4995-b9fa-e700fa0d2495@localhost,WinStayLoseShift,D,player_0542e414-c49b-4ae0-88a3-bdce4e1eb073@localhost,SuspiciousTitForTat,D,1,1,2695,2695
736,player_0a7d5f5f-11f4-4995-b9fa-e700fa0d2495@localhost,WinStayLoseShift,C,player_0542e414-c49b-4ae0-88a3-bdce4e1eb073@localhost,SuspiciousTitForTat,D,0,10,2695,2705
737,player_0a7d5f5f-11f4-4995-b9fa-e700fa0d2495@localhost,WinStayLoseShift,D,player_0542e414-c49b-4ae0-88a3-bdce4e1eb073@localhost,SuspiciousTitForTat,C,10,0,2705,2705
738,player_0a7d5f5f-11f4-4995-b9fa-e700fa0d2495@localhost,WinStayLoseShift,D,player_0542e414-c49b-4ae0-88a3-bdce4e1eb073@localhost,SuspiciousTitForTat,D,1,1,2706,2706
739,player_0a7d5f5f-11f4-4995-b9fa-e700fa0d2495@localhost,WinStayLoseShift,C,player_0542e414-c49b-4ae0-88a3-bdce4e1eb073@localhost,SuspiciousTitForTat,D,0,10,2706,2716
740,player_0a7d5f5f-11f4-4995-b9fa-e700fa0d2495@localhost,WinStayLoseShift,D,player_0542e414-c49b-4ae0-88a3-bdce4e1eb073@localhost,SuspiciousTitForTat,C,10,0,2716,2716
741,player_0a7d5f5f-11f4-4995-b9fa-e700fa0d2495@localhost,WinStayLoseShift,D,player_0542e414-c49b-4ae0-88a3-bdce4e1eb073@localhost,SuspiciousTitForTat,D,1,1,2717,2717
742,player_0a7d5f5f-11f4-4995-b9fa-e700fa0d2495@localhost,WinStayLoseShift,C,player_0542e414-c49b-4ae0-88a3-bdce4e1eb073@localhost,SuspiciousTitForTat,D,0,10,2717,2727
743,player_0a7d5f5f-11f4-4995-b9fa-e700fa0d2495@localhost,WinStayLoseShift,D,player_0542e414-c49b-4ae0-88a3-bdce4e1eb073@localhost,SuspiciousTitForTat,C,10,0,2727,2727
744,player_0a7d5f5f-11f4-4995-b9fa-e700fa0d2495@localhost,WinStayLoseShift,D,player_0542e414-c49b-4ae0-88a3-bdce4e1eb073@localhost,SuspiciousTitForTat,D,1,1,2728,2728
745,player_0a7d5f5f-11f4-4995-b9fa-e700fa0d2495@localhost,WinStayLoseShift,C,player_0542e414-c49b-4ae0-88a3-bdce4e1eb073@localhost,SuspiciousTitForTat,D,0,10,2728,2738
746,player_0a7d5f5f-11f4-4995-b9fa-e700fa0d2495@localhost,WinStayLoseShift,D,player_0542e414-c49b-4ae0-88a3-bdce4e1eb073@localhost,SuspiciousTitForTat,C,10,0,2738,2738
747,player_0a7d5f5f-11f4-4995-b9fa-e700fa0d2495@localhost,WinStayLoseShift,D,player_0542e414-c49b-4ae0-88a3-bdce4e1eb073@localhost,SuspiciousTitForTat,D,1,1,2739,2739
748,player_0a7d5f5f-11f4-4995-b9fa-e700fa0d2495@localhost,WinStayLoseShift,C,player_0542e414-c49b-4ae0-88a3-bdce4e1eb073@localhost,SuspiciousTitForTat,D,0,10,2739,2749
749,player_0a7d5f5f-11f4-4995-b9fa-e700fa0d2495@localhost,WinStayLoseShift,D,player_0542e414-c49b-4ae0-88a3-bdce4e1eb073@localhost,SuspiciousTitForTat,C,10,0,2749,2749
750,player_0a7d5f5f-11f4-4995-b9fa-e700fa0d2495@localhost,WinStayLoseShift,D,player_0542e414-c49b-4ae0-88a3-bdce4e1eb073@localhost,SuspiciousTitForTat,D,1,1,2750,2750
751,player_0a7d5f5f-11f4-4995-b9fa-e700fa0d2495@localhost,WinStayLoseShift,C,player_0542e414-c49b-4ae0-88a3-bdce4e1eb073@localhost,SuspiciousTitForTat,D,0,10,2750,2760
752,player_0a7d5f5f-11f4-4995-b9fa-e700fa0d2495@localhost,WinStayLoseShift,D,player_0542e414-c49b-4ae0-88a3-bdce4e1eb073@localhost,SuspiciousTitForTat,C,10,0,2760,2760
753,player_0a7d5f5f-11f4-4995-b9fa-e700fa0d2495@localhost,WinStayLoseShift,D,player_0542e414-c49b-4ae0-88a3-bdce4e1eb073@localhost,SuspiciousTitForTat,D,1,1,2761,2761
754,player_0a7d5f5f-11f4-4995-b9fa-e700fa0d2495@localhost,WinStayLoseShift,C,player_0542e414-c49b-4ae0-88a3-bdce4e1eb073@localhost,SuspiciousTitForTat,D,0,10,2761,2771
755,player_0a7d5f5f-11f4-4995-b9fa-e700fa0d2495@localhost,WinStayLoseShift,D,player_0542e414-c49b-4ae0-88a3-bdce4e1eb073@localhost,SuspiciousTitForTat,C,10,0,2771,2771
756,player_0a7d5f5f-11f4-4995-b9fa-e700fa0d2495@localhost,WinStayLoseShift,D,player_0542e414-c49b-4ae0-88a3-bdce4e1eb073@localhost,SuspiciousTitForTat,D,1,1,2772,2772
757,player_0a7d5f5f-11f4-4995-b9fa-e700fa0d2495@localhost,WinStayLoseShift,C,player_0542e414-c49b-4ae0-88a3-bdce4e1eb073@localhost,SuspiciousTitForTat,D,0,10,2772,2782
758,player_0a7d5f5f-11f4-4995-b9fa-e700fa0d2495@localhost,WinStayLoseShift,D,player_0542e414-c49b-4ae0-88a3-bdce4e1eb073@localhost,SuspiciousTitForTat,C,10,0,2782,2782
759,player_0a7d5f5f-11f4-4995-b9fa-e700fa0d2495@localhost,WinStayLoseShift,D,player_0542e414-c49b-4ae0-88a3-bdce4e1eb073@localhost,SuspiciousTitForTat,D,1,1,2783,2783
760,player_0a7d5f5f-11f4-4995-b9fa-e700fa0d2495@localhost,WinStayLoseShift,C,player_0542e414-c49b-4ae0-88a3-bdce4e1eb073@localhost,SuspiciousTitForTat,D,0,10,2783,2793
761,player_0a7d5f5f-11f4-4995-b9fa-e700fa0d2495@localhost,WinStayLoseShift,D,player_0542e414-c49b-4ae0-88a3-bdce4e1eb073@localhost,SuspiciousTitForTat,C,10,0,2793,2793
762,player_0a7d5f5f-11f4-4995-b9fa-e700fa0d2495@localhost,WinStayLoseShift,D,player_0542e414-c49b-4ae0-88a3-bdce4e1eb073@localhost,SuspiciousTitForTat,D,1,1,2794,2794
763,player_0a7d5f5f-11f4-4995-b9fa-e700fa0d2495@localhost,WinStayLoseShift,C,player_0542e414-c49b-4ae0-88a3-bdce4e1eb073@localhost,SuspiciousTitForTat,D,0,10,2794,2804
764,player_0a7d5f5f-11f4-4995-b9fa-e700fa0d2495@localhost,WinStayLoseShift,D,player_0542e414-c49b-4ae0-88a3-bdce4e1eb073@localhost,SuspiciousTitForTat,C,10,0,2804,2804
765,player_0a7d5f5f-11f4-4995-b9fa-e700fa0d2495@localhost,WinStayLoseShift,D,player_0542e414-c49b-4ae0-88a3-bdce4e1eb073@localhost,SuspiciousTitForTat,D,1,1,2805,2805
766,player_0a7d5f5f-11f4-4995-b9fa-e700fa0d2495@localhost,WinStayLoseShift,C,player_0542e414-c49b-4ae0-88a3-bdce4e1eb073@localhost,SuspiciousTitForTat,D,0,10,2805,2815
767,player_0a7d5f5f-11f4-4995-b9fa-e700fa0d2495@localhost,WinStayLoseShift,D,player_0542e414-c49b-4ae0-88a3-bdce4e1eb073@localhost,SuspiciousTitForTat,C,10,0,2815,2815
768,player_0a7d5f5f-11f4-4995-b9fa-e700fa0d2495@localhost,WinStayLoseShift,D,player_0542e414-c49b-4ae0-88a3-bdce4e1eb073@localhost,SuspiciousTitForTat,D,1,1,2816,2816
769,player_0a7d5f5f-11f4-4995-b9fa-e700fa0d2495@localhost,WinStayLoseShift,C,player_0542e414-c49b-4ae0-88a3-bdce4e1eb073@localhost,SuspiciousTitForTat,D,0,10,2816,2826
770,player_0a7d5f5f-11f4-4995-b9fa-e700fa0d2495@localhost,WinStayLoseShift,D,player_0542e414-c49b-4ae0-88a3-bdce4e1eb073@localhost,SuspiciousTitForTat,C,10,0,2826,2826
771,player_0a7d5f5f-11f4-4995-b9fa-e700fa0d2495@localhost,WinStayLoseShift,D,player_0542e414-c49b-4ae0-88a3-bdce4e1eb073@localhost,SuspiciousTitForTat,D,1,1,2827,2827
772,player_0a7d5f5f-11f4-4995-b9fa-e700fa0d2495@localhost,WinStayLoseShift,C,player_0542e414-c49b-4ae0-88a3-bdce4e1eb073@localhost,SuspiciousTitForTat,D,0,10,2827,2837
773,player_0a7d5f5f-11f4-4995-b9fa-e700fa0d2495@localhost,WinStayLoseShift,D,player_0542e414-c49b-4ae0-88a3-bdce4e1eb073@localhost,SuspiciousTitForTat,C,10,0,2837,2837
774,player_0a7d5f5f-11f4-4995-b9fa-e700fa0d2495@localhost,WinStayLoseShift,D,player_0542e414-c49b-4ae0-88a3-bdce4e1eb073@localhost,SuspiciousTitForTat,D,1,1,2838,2838
775,player_0a7d5f5f-11f4-4995-b9fa-e700fa0d2495@localhost,WinStayLoseShift,C,player_0542e414-c49b-4ae0-88a3-bdce4e1eb073@localhost,SuspiciousTitForTat,D,0,10,2838,2848
776,player_0a7d5f5f-11f4-4995-b9fa-e700fa0d2495@localhost,WinStayLoseShift,D,player_0542e414-c49b-4ae0-88a3-bdce4e1eb073@localhost,SuspiciousTitForTat,C,10,0,2848,2848
777,player_0a7d5f5f-11f4-4995-b9fa-e700fa0d2495@localhost,WinStayLoseShift,D,player_0542e414-c49b-4ae0-88a3-bdce4e1eb073@localhost,SuspiciousTitForTat,D,1,1,2849,2849
778,player_0a7d5f5f-11f4-4995-b9fa-e700fa0d2495@localhost,WinStayLoseShift,C,player_0542e414-c49b-4ae0-88a3-bdce4e1eb073@localhost,SuspiciousTitForTat,D,0,10,2849,2859
779,player_0a7d5f5f-11f4-4995-b9fa-e700fa0d2495@localhost,WinStayLoseShift,D,player_0542e414-c49b-4ae0-88a3-bdce4e1eb073@localhost,SuspiciousTitForTat,C,10,0,2859,2859
780,player_0a7d5f5f-11f4-4995-b9fa-e700fa0d2495@localhost,WinStayLoseShift,D,player_0542e414-c49b-4ae0-88a3-bdce4e1eb073@localhost,SuspiciousTitForTat,D,1,1,2860,2860
781,player_0a7d5f5f-11f4-4995-b9fa-e700fa0d2495@localhost,WinStayLoseShift,C,player_0542e414-c49b-4ae0-88a3-bdce4e1eb073@localhost,SuspiciousTitForTat,D,0,10,2860,2870
782,player_0a7d5f5f-11f4-4995-b9fa-e700fa0d2495@localhost,WinStayLoseShift,D,player_0542e414-c49b-4ae0-88a3-bdce4e1eb073@localhost,SuspiciousTitForTat,C,10,0,2870,2870
783,player_0a7d5f5f-11f4-4995-b9fa-e700fa0d2495@localhost,WinStayLoseShift,D,player_0542e414-c49b-4ae0-88a3-bdce4e1eb073@localhost,SuspiciousTitForTat,D,1,1,2871,2871
784,player_0a7d5f5f-11f4-4995-b9fa-e700fa0d2495@localhost,WinStayLoseShift,C,player_0542e414-c49b-4ae0-88a3-bdce4e1eb073@localhost,SuspiciousTitForTat,D,0,10,2871,2881
785,player_0a7d5f5f-11f4-4995-b9fa-e700fa0d2495@localhost,WinStayLoseShift,D,player_0542e414-c49b-4ae0-88a3-bdce4e1eb073@localhost,SuspiciousTitForTat,C,10,0,2881,2881
786,player_0a7d5f5f-11f4-4995-b9fa-e700fa0d2495@localhost,WinStayLoseShift,D,player_0542e414-c49b-4ae0-88a3-bdce4e1eb073@localhost,SuspiciousTitForTat,D,1,1,2882,2882
787,player_0a7d5f5f-11f4-4995-b9fa-e700fa0d2495@localhost,WinStayLoseShift,C,player_0542e414-c49b-4ae0-88a3-bdce4e1eb073@localhost,SuspiciousTitForTat,D,0,10,2882,2892
788,player_0a7d5f5f-11f4-4995-b9fa-e700fa0d2495@localhost,WinStayLoseShift,D,player_0542e414-c49b-4ae0-88a3-bdce4e1eb073@localhost,SuspiciousTitForTat,C,10,0,2892,2892
789,player_0a7d5f5f-11f4-4995-b9fa-e700fa0d2495@localhost,WinStayLoseShift,D,player_0542e414-c49b-4ae0-88a3-bdce4e1eb073@localhost,SuspiciousTitForTat,D,1,1,2893,2893
790,player_0a7d5f5f-11f4-4995-b9fa-e700fa0d2495@localhost,WinStayLoseShift,C,player_0542e414-c49b-4ae0-88a3-bdce4e1eb073@localhost,SuspiciousTitForTat,D,0,10,2893,2903
791,player_0a7d5f5f-11f4-4995-b9fa-e700fa0d2495@localhost,WinStayLoseShift,D,player_0542e414-c49b-4ae0-88a3-bdce4e1eb073@localhost,SuspiciousTitForTat,C,10,0,2903,2903
792,player_0a7d5f5f-11f4-4995-b9fa-e700fa0d2495@localhost,WinStayLoseShift,D,player_0542e414-c49b-4ae0-88a3-bdce4e1eb073@localhost,SuspiciousTitForTat,D,1,1,2904,2904
793,player_0a7d5f5f-11f4-4995-b9fa-e700fa0d2495@localhost,WinStayLoseShift,C,player_0542e414-c49b-4ae0-88a3-bdce4e1eb073@localhost,SuspiciousTitForTat,D,0,10,2904,2914
794,player_0a7d5f5f-11f4-4995-b9fa-e700fa0d2495@localhost,WinStayLoseShift,D,player_0542e414-c49b-4ae0-88a3-bdce4e1eb073@localhost,SuspiciousTitForTat,C,10,0,2914,2914
795,player_0a7d5f5f-11f4-4995-b9fa-e700fa0d2495@localhost,WinStayLoseShift,D,player_0542e414-c49b-4ae0-88a3-bdce4e1eb073@localhost,SuspiciousTitForTat,D,1,1,2915,2915
796,player_0a7d5f5f-11f4-4995-b9fa-e700fa0d2495@localhost,WinStayLoseShift,C,player_0542e414-c49b-4ae0-88a3-bdce4e1eb073@localhost,SuspiciousTitForTat,D,0,10,2915,2925
797,player_0a7d5f5f-11f4-4995-b9fa-e700fa0d2495@localhost,WinStayLoseShift,D,player_0542e414-c49b-4ae0-88a3-bdce4e1eb073@localhost,SuspiciousTitForTat,C,10,0,2925,2925
798,player_0a7d5f5f-11f4-4995-b9fa-e700fa0d2495@localhost,WinStayLoseShift,D,player_0542e414-c49b-4ae0-88a3-bdce4e1eb073@localhost,SuspiciousTitForTat,D,1,1,2926,2926
799,player_0a7d5f5f-11f4-4995-b9fa-e700fa0d2495@localhost,WinStayLoseShift,C,player_0542e414-c49b-4ae0-88a3-bdce4e1eb073@localhost,SuspiciousTitForTat,D,0,10,2926,2936
800,player_0a7d5f5f-11f4-4995-b9fa-e700fa0d2495@localhost,WinStayLoseShift,D,player_0542e414-c49b-4ae0-88a3-bdce4e1eb073@localhost,SuspiciousTitForTat,C,10,0,2936,2936
801,player_0a7d5f5f-11f4-4995-b9fa-e700fa0d2495@localhost,WinStayLoseShift,D,player_0542e414-c49b-4ae0-88a3-bdce4e1eb073@localhost,SuspiciousTitForTat,D,1,1,2937,2937
802,player_0a7d5f5f-11f4-4995-b9fa-e700fa0d2495@localhost,WinStayLoseShift,C,player_0542e414-c49b-4ae0-88a3-bdce4e1eb073@localhost,SuspiciousTitForTat,D,0,10,2937,2947
803,player_0a7d5f5f-11f4-4995-b9fa-e700fa0d2495@localhost,WinStayLoseShift,D,player_0542e414-c49b-4ae0-88a3-bdce4e1eb073@localhost,SuspiciousTitForTat,C,10,0,2947,2947
804,player_0a7d5f5f-11f4-4995-b9fa-e700fa0d2495@localhost,WinStayLoseShift,D,player_0542e414-c49b-4ae0-88a3-bdce4e1eb073@localhost,SuspiciousTitForTat,D,1,1,2948,2948
805,player_0a7d5f5f-11f4-4995-b9fa-e700fa0d2495@localhost,WinStayLoseShift,C,player_0542e414-c49b-4ae0-88a3-bdce4e1eb073@localhost,SuspiciousTitForTat,D,0,10,2948,2958
806,player_0a7d5f5f-11f4-4995-b9fa-e700fa0d2495@localhost,WinStayLoseShift,D,player_0542e414-c49b-4ae0-88a3-bdce4e1eb073@localhost,SuspiciousTitForTat,C,10,0,2958,2958
807,player_0a7d5f5f-11f4-4995-b9fa-e700fa0d2495@localhost,WinStayLoseShift,D,player_0542e414-c49b-4ae0-88a3-bdce4e1eb073@localhost,SuspiciousTitForTat,D,1,1,2959,2959
808,player_0a7d5f5f-11f4-4995-b9fa-e700fa0d2495@localhost,WinStayLoseShift,C,player_0542e414-c49b-4ae0-88a3-bdce4e1eb073@localhost,SuspiciousTitForTat,D,0,10,2959,2969
809,player_0a7d5f5f-11f4-4995-b9fa-e700fa0d2495@localhost,WinStayLoseShift,D,player_0542e414-c49b-4ae0-88a3-bdce4e1eb073@localhost,SuspiciousTitForTat,C,10,0,2969,2969
810,player_0a7d5f5f-11f4-4995-b9fa-e700fa0d2495@localhost,WinStayLoseShift,D,player_0542e414-c49b-4ae0-88a3-bdce4e1eb073@localhost,SuspiciousTitForTat,D,1,1,2970,2970
811,player_0a7d5f5f-11f4-4995-b9fa-e700fa0d2495@localhost,WinStayLoseShift,C,player_0542e414-c49b-4ae0-88a3-bdce4e1eb073@localhost,SuspiciousTitForTat,D,0,10,2970,2980
812,player_0a7d5f5f-11f4-4995-b9fa-e700fa0d2495@localhost,WinStayLoseShift,D,player_0542e414-c49b-4ae0-88a3-bdce4e1eb073@localhost,SuspiciousTitForTat,C,10,0,2980,2980
813,player_0a7d5f5f-11f4-4995-b9fa-e700fa0d2495@localhost,WinStayLoseShift,D,player_0542e414-c49b-4ae0-88a3-bdce4e1eb073@localhost,SuspiciousTitForTat,D,1,1,2981,2981
814,player_0a7d5f5f-11f4-4995-b9fa-e700fa0d2495@localhost,WinStayLoseShift,C,player_0542e414-c49b-4ae0-88a3-bdce4e1eb073@localhost,SuspiciousTitForTat,D,0,10,2981,2991
815,player_0a7d5f5f-11f4-4995-b9fa-e700fa0d2495@localhost,WinStayLoseShift,D,player_0542e414-c49b-4ae0-88a3-bdce4e1eb073@localhost,SuspiciousTitForTat,C,10,0,2991,2991
816,player_0a7d5f5f-11f4-4995-b9fa-e700fa0d2495@localhost,WinStayLoseShift,D,player_0542e414-c49b-4ae0-88a3-bdce4e1eb073@localhost,SuspiciousTitForTat,D,1,1,2992,2992
817,player_0a7d5f5f-11f4-4995-b9fa-e700fa0d2495@localhost,WinStayLoseShift,C,player_0542e414-c49b-4ae0-88a3-bdce4e1eb073@localhost,SuspiciousTitForTat,D,0,10,2992,3002
818,player_0a7d5f5f-11f4-4995-b9fa-e700fa0d2495@localhost,WinStayLoseShift,D,player_0542e414-c49b-4ae0-88a3-bdce4e1eb073@localhost,SuspiciousTitForTat,C,10,0,3002,3002
819,player_0a7d5f5f-11f4-4995-b9fa-e700fa0d2495@localhost,WinStayLoseShift,D,player_0542e414-c49b-4ae0-88a3-bdce4e1eb073@localhost,SuspiciousTitForTat,D,1,1,3003,3003
820,player_0a7d5f5f-11f4-4995-b9fa-e700fa0d2495@localhost,WinStayLoseShift,C,player_0542e414-c49b-4ae0-88a3-bdce4e1eb073@localhost,SuspiciousTitForTat,D,0,10,3003,3013
821,player_0a7d5f5f-11f4-4995-b9fa-e700fa0d2495@localhost,WinStayLoseShift,D,player_0542e414-c49b-4ae0-88a3-bdce4e1eb073@localhost,SuspiciousTitForTat,C,10,0,3013,3013
822,player_0a7d5f5f-11f4-4995-b9fa-e700fa0d2495@localhost,WinStayLoseShift,D,player_0542e414-c49b-4ae0-88a3-bdce4e1eb073@localhost,SuspiciousTitForTat,D,1,1,3014,3014
823,player_0a7d5f5f-11f4-4995-b9fa-e700fa0d2495@localhost,WinStayLoseShift,C,player_0542e414-c49b-4ae0-88a3-bdce4e1eb073@localhost,SuspiciousTitForTat,D,0,10,3014,3024
824,player_0a7d5f5f-11f4-4995-b9fa-e700fa0d2495@localhost,WinStayLoseShift,D,player_0542e414-c49b-4ae0-88a3-bdce4e1eb073@localhost,SuspiciousTitForTat,C,10,0,3024,3024
825,player_0a7d5f5f-11f4-4995-b9fa-e700fa0d2495@localhost,WinStayLoseShift,D,player_0542e414-c49b-4ae0-88a3-bdce4e1eb073@localhost,SuspiciousTitForTat,D,1,1,3025,3025
826,player_0a7d5f5f-11f4-4995-b9fa-e700fa0d2495@localhost,WinStayLoseShift,C,player_0542e414-c49b-4ae0-88a3-bdce4e1eb073@localhost,SuspiciousTitForTat,D,0,10,3025,3035
827,player_0a7d5f5f-11f4-4995-b9fa-e700fa0d2495@localhost,WinStayLoseShift,D,player_0542e414-c49b-4ae0-88a3-bdce4e1eb073@localhost,SuspiciousTitForTat,C,10,0,3035,3035
828,player_0a7d5f5f-11f4-4995-b9fa-e700fa0d2495@localhost,WinStayLoseShift,D,player_0542e414-c49b-4ae0-88a3-bdce4e1eb073@localhost,SuspiciousTitForTat,D,1,1,3036,3036
829,player_0a7d5f5f-11f4-4995-b9fa-e700fa0d2495@localhost,WinStayLoseShift,C,player_0542e414-c49b-4ae0-88a3-bdce4e1eb073@localhost,SuspiciousTitForTat,D,0,10,3036,3046
830,player_0a7d5f5f-11f4-4995-b9fa-e700fa0d2495@localhost,WinStayLoseShift,D,player_0542e414-c49b-4ae0-88a3-bdce4e1eb073@localhost,SuspiciousTitForTat,C,10,0,3046,3046
831,player_0a7d5f5f-11f4-4995-b9fa-e700fa0d2495@localhost,WinStayLoseShift,D,player_0542e414-c49b-4ae0-88a3-bdce4e1eb073@localhost,SuspiciousTitForTat,D,1,1,3047,3047
832,player_0a7d5f5f-11f4-4995-b9fa-e700fa0d2495@localhost,WinStayLoseShift,C,player_0542e414-c49b-4ae0-88a3-bdce4e1eb073@localhost,SuspiciousTitForTat,D,0,10,3047,3057
833,player_0a7d5f5f-11f4-4995-b9fa-e700fa0d2495@localhost,WinStayLoseShift,D,player_0542e414-c49b-4ae0-88a3-bdce4e1eb073@localhost,SuspiciousTitForTat,C,10,0,3057,3057
834,player_0a7d5f5f-11f4-4995-b9fa-e700fa0d2495@localhost,WinStayLoseShift,D,player_0542e414-c49b-4ae0-88a3-bdce4e1eb073@localhost,SuspiciousTitForTat,D,1,1,3058,3058
835,player_0a7d5f5f-11f4-4995-b9fa-e700fa0d2495@localhost,WinStayLoseShift,C,player_0542e414-c49b-4ae0-88a3-bdce4e1eb073@localhost,SuspiciousTitForTat,D,0,10,3058,3068
836,player_0a7d5f5f-11f4-4995-b9fa-e700fa0d2495@localhost,WinStayLoseShift,D,player_0542e414-c49b-4ae0-88a3-bdce4e1eb073@localhost,SuspiciousTitForTat,C,10,0,3068,3068
837,player_0a7d5f5f-11f4-4995-b9fa-e700fa0d2495@localhost,WinStayLoseShift,D,player_0542e414-c49b-4ae0-88a3-bdce4e1eb073@localhost,SuspiciousTitForTat,D,1,1,3069,3069
838,player_0a7d5f5f-11f4-4995-b9fa-e700fa0d2495@localhost,WinStayLoseShift,C,player_0542e414-c49b-4ae0-88a3-bdce4e1eb073@localhost,SuspiciousTitForTat,D,0,10,3069,3079
839,player_0a7d5f5f-11f4-4995-b9fa-e700fa0d2495@localhost,WinStayLoseShift,D,player_0542e414-c49b-4ae0-88a3-bdce4e1eb073@localhost,SuspiciousTitForTat,C,10,0,3079,3079
840,player_0a7d5f5f-11f4-4995-b9fa-e700fa0d2495@localhost,WinStayLoseShift,D,player_0542e414-c49b-4ae0-88a3-bdce4e1eb073@localhost,SuspiciousTitForTat,D,1,1,3080,3080
841,player_0a7d5f5f-11f4-4995-b9fa-e700fa0d2495@localhost,WinStayLoseShift,C,player_0542e414-c49b-4ae0-88a3-bdce4e1eb073@localhost,SuspiciousTitForTat,D,0,10,3080,3090
842,player_0a7d5f5f-11f4-4995-b9fa-e700fa0d2495@localhost,WinStayLoseShift,D,player_0542e414-c49b-4ae0-88a3-bdce4e1eb073@localhost,SuspiciousTitForTat,C,10,0,3090,3090
843,player_0a7d5f5f-11f4-4995-b9fa-e700fa0d2495@localhost,WinStayLoseShift,D,player_0542e414-c49b-4ae0-88a3-bdce4e1eb073@localhost,SuspiciousTitForTat,D,1,1,3091,3091
844,player_0a7d5f5f-11f4-4995-b9fa-e700fa0d2495@localhost,WinStayLoseShift,C,player_0542e414-c49b-4ae0-88a3-bdce4e1eb073@localhost,SuspiciousTitForTat,D,0,10,3091,3101
845,player_0a7d5f5f-11f4-4995-b9fa-e700fa0d2495@localhost,WinStayLoseShift,D,player_0542e414-c49b-4ae0-88a3-bdce4e1eb073@localhost,SuspiciousTitForTat,C,10,0,3101,3101
846,player_0a7d5f5f-11f4-4995-b9fa-e700fa0d2495@localhost,WinStayLoseShift,D,player_0542e414-c49b-4ae0-88a3-bdce4e1eb073@localhost,SuspiciousTitForTat,D,1,1,3102,3102
847,player_0a7d5f5f-11f4-4995-b9fa-e700fa0d2495@localhost,WinStayLoseShift,C,player_0542e414-c49b-4ae0-88a3-bdce4e1eb073@localhost,SuspiciousTitForTat,D,0,10,3102,3112
848,player_0a7d5f5f-11f4-4995-b9fa-e700fa0d2495@localhost,WinStayLoseShift,D,player_0542e414-c49b-4ae0-88a3-bdce4e1eb073@localhost,SuspiciousTitForTat,C,10,0,3112,3112
849,player_0a7d5f5f-11f4-4995-b9fa-e700fa0d2495@localhost,WinStayLoseShift,D,player_0542e414-c49b-4ae0-88a3-bdce4e1eb073@localhost,SuspiciousTitForTat,D,1,1,3113,3113
850,player_0a7d5f5f-11f4-4995-b9fa-e700fa0d2495@localhost,WinStayLoseShift,C,player_0542e414-c49b-4ae0-88a3-bdce4e1eb073@localhost,SuspiciousTitForTat,D,0,10,3113,3123
851,player_0a7d5f5f-11f4-4995-b9fa-e700fa0d2495@localhost,WinStayLoseShift,D,player_0542e414-c49b-4ae0-88a3-bdce4e1eb073@localhost,SuspiciousTitForTat,C,10,0,3123,3123
852,player_0a7d5f5f-11f4-4995-b9fa-e700fa0d2495@localhost,WinStayLoseShift,D,player_0542e414-c49b-4ae0-88a3-bdce4e1eb073@localhost,SuspiciousTitForTat,D,1,1,3124,3124
853,player_0a7d5f5f-11f4-4995-b9fa-e700fa0d2495@localhost,WinStayLoseShift,C,player_0542e414-c49b-4ae0-88a3-bdce4e1eb073@localhost,SuspiciousTitForTat,D,0,10,3124,3134
854,player_0a7d5f5f-11f4-4995-b9fa-e700fa0d2495@localhost,WinStayLoseShift,D,player_0542e414-c49b-4ae0-88a3-bdce4e1eb073@localhost,SuspiciousTitForTat,C,10,0,3134,3134
855,player_0a7d5f5f-11f4-4995-b9fa-e700fa0d2495@localhost,WinStayLoseShift,D,player_0542e414-c49b-4ae0-88a3-bdce4e1eb073@localhost,SuspiciousTitForTat,D,1,1,3135,3135
856,player_0a7d5f5f-11f4-4995-b9fa-e700fa0d2495@localhost,WinStayLoseShift,C,player_0542e414-c49b-4ae0-88a3-bdce4e1eb073@localhost,SuspiciousTitForTat,D,0,10,3135,3145
857,player_0a7d5f5f-11f4-4995-b9fa-e700fa0d2495@localhost,WinStayLoseShift,D,player_0542e414-c49b-4ae0-88a3-bdce4e1eb073@localhost,SuspiciousTitForTat,C,10,0,3145,3145
858,player_0a7d5f5f-11f4-4995-b9fa-e700fa0d2495@localhost,WinStayLoseShift,D,player_0542e414-c49b-4ae0-88a3-bdce4e1eb073@localhost,SuspiciousTitForTat,D,1,1,3146,3146
859,player_0a7d5f5f-11f4-4995-b9fa-e700fa0d2495@localhost,WinStayLoseShift,C,player_0542e414-c49b-4ae0-88a3-bdce4e1eb073@localhost,SuspiciousTitForTat,D,0,10,3146,3156
860,player_0a7d5f5f-11f4-4995-b9fa-e700fa0d2495@localhost,WinStayLoseShift,D,player_0542e414-c49b-4ae0-88a3-bdce4e1eb073@localhost,SuspiciousTitForTat,C,10,0,3156,3156
861,player_0a7d5f5f-11f4-4995-b9fa-e700fa0d2495@localhost,WinStayLoseShift,D,player_0542e414-c49b-4ae0-88a3-bdce4e1eb073@localhost,SuspiciousTitForTat,D,1,1,3157,3157
862,player_0a7d5f5f-11f4-4995-b9fa-e700fa0d2495@localhost,WinStayLoseShift,C,player_0542e414-c49b-4ae0-88a3-bdce4e1eb073@localhost,SuspiciousTitForTat,D,0,10,3157,3167
863,player_0a7d5f5f-11f4-4995-b9fa-e700fa0d2495@localhost,WinStayLoseShift,D,player_0542e414-c49b-4ae0-88a3-bdce4e1eb073@localhost,SuspiciousTitForTat,C,10,0,3167,3167
864,player_0a7d5f5f-11f4-4995-b9fa-e700fa0d2495@localhost,WinStayLoseShift,D,player_0542e414-c49b-4ae0-88a3-bdce4e1eb073@localhost,SuspiciousTitForTat,D,1,1,3168,3168
865,player_0a7d5f5f-11f4-4995-b9fa-e700fa0d2495@localhost,WinStayLoseShift,C,player_0542e414-c49b-4ae0-88a3-bdce4e1eb073@localhost,SuspiciousTitForTat,D,0,10,3168,3178
866,player_0a7d5f5f-11f4-4995-b9fa-e700fa0d2495@localhost,WinStayLoseShift,D,player_0542e414-c49b-4ae0-88a3-bdce4e1eb073@localhost,SuspiciousTitForTat,C,10,0,3178,3178
867,player_0a7d5f5f-11f4-4995-b9fa-e700fa0d2495@localhost,WinStayLoseShift,D,player_0542e414-c49b-4ae0-88a3-bdce4e1eb073@localhost,SuspiciousTitForTat,D,1,1,3179,3179
868,player_0a7d5f5f-11f4-4995-b9fa-e700fa0d2495@localhost,WinStayLoseShift,C,player_0542e414-c49b-4ae0-88a3-bdce4e1eb073@localhost,SuspiciousTitForTat,D,0,10,3179,3189
869,player_0a7d5f5f-11f4-4995-b9fa-e700fa0d2495@localhost,WinStayLoseShift,D,player_0542e414-c49b-4ae0-88a3-bdce4e1eb073@localhost,SuspiciousTitForTat,C,10,0,3189,3189
870,player_0a7d5f5f-11f4-4995-b9fa-e700fa0d2495@localhost,WinStayLoseShift,D,player_0542e414-c49b-4ae0-88a3-bdce4e1eb073@localhost,SuspiciousTitForTat,D,1,1,3190,3190
871,player_0a7d5f5f-11f4-4995-b9fa-e700fa0d2495@localhost,WinStayLoseShift,C,player_0542e414-c49b-4ae0-88a3-bdce4e1eb073@localhost,SuspiciousTitForTat,D,0,10,3190,3200
872,player_0a7d5f5f-11f4-4995-b9fa-e700fa0d2495@localhost,WinStayLoseShift,D,player_0542e414-c49b-4ae0-88a3-bdce4e1eb073@localhost,SuspiciousTitForTat,C,10,0,3200,3200
873,player_0a7d5f5f-11f4-4995-b9fa-e700fa0d2495@localhost,WinStayLoseShift,D,player_0542e414-c49b-4ae0-88a3-bdce4e1eb073@localhost,SuspiciousTitForTat,D,1,1,3201,3201
874,player_0a7d5f5f-11f4-4995-b9fa-e700fa0d2495@localhost,WinStayLoseShift,C,player_0542e414-c49b-4ae0-88a3-bdce4e1eb073@localhost,SuspiciousTitForTat,D,0,10,3201,3211
875,player_0a7d5f5f-11f4-4995-b9fa-e700fa0d2495@localhost,WinStayLoseShift,D,player_0542e414-c49b-4ae0-88a3-bdce4e1eb073@localhost,SuspiciousTitForTat,C,10,0,3211,3211
876,player_0a7d5f5f-11f4-4995-b9fa-e700fa0d2495@localhost,WinStayLoseShift,D,player_0542e414-c49b-4ae0-88a3-bdce4e1eb073@localhost,SuspiciousTitForTat,D,1,1,3212,3212
877,player_0a7d5f5f-11f4-4995-b9fa-e700fa0d2495@localhost,WinStayLoseShift,C,player_0542e414-c49b-4ae0-88a3-bdce4e1eb073@localhost,SuspiciousTitForTat,D,0,10,3212,3222
878,player_0a7d5f5f-11f4-4995-b9fa-e700fa0d2495@localhost,WinStayLoseShift,D,player_0542e414-c49b-4ae0-88a3-bdce4e1eb073@localhost,SuspiciousTitForTat,C,10,0,3222,3222
879,player_0a7d5f5f-11f4-4995-b9fa-e700fa0d2495@localhost,WinStayLoseShift,D,player_0542e414-c49b-4ae0-88a3-bdce4e1eb073@localhost,SuspiciousTitForTat,D,1,1,3223,3223
880,player_0a7d5f5f-11f4-4995-b9fa-e700fa0d2495@localhost,WinStayLoseShift,C,player_0542e414-c49b-4ae0-88a3-bdce4e1eb073@localhost,SuspiciousTitForTat,D,0,10,3223,3233
881,player_0a7d5f5f-11f4-4995-b9fa-e700fa0d2495@localhost,WinStayLoseShift,D,player_0542e414-c49b-4ae0-88a3-bdce4e1eb073@localhost,SuspiciousTitForTat,C,10,0,3233,3233
882,player_0a7d5f5f-11f4-4995-b9fa-e700fa0d2495@localhost,WinStayLoseShift,D,player_0542e414-c49b-4ae0-88a3-bdce4e1eb073@localhost,SuspiciousTitForTat,D,1,1,3234,3234
883,player_0a7d5f5f-11f4-4995-b9fa-e700fa0d2495@localhost,WinStayLoseShift,C,player_0542e414-c49b-4ae0-88a3-bdce4e1eb073@localhost,SuspiciousTitForTat,D,0,10,3234,3244
884,player_0a7d5f5f-11f4-4995-b9fa-e700fa0d2495@localhost,WinStayLoseShift,D,player_0542e414-c49b-4ae0-88a3-bdce4e1eb073@localhost,SuspiciousTitForTat,C,10,0,3244,3244
885,player_0a7d5f5f-11f4-4995-b9fa-e700fa0d2495@localhost,WinStayLoseShift,D,player_0542e414-c49b-4ae0-88a3-bdce4e1eb073@localhost,SuspiciousTitForTat,D,1,1,3245,3245
886,player_0a7d5f5f-11f4-4995-b9fa-e700fa0d2495@localhost,WinStayLoseShift,C,player_0542e414-c49b-4ae0-88a3-bdce4e1eb073@localhost,SuspiciousTitForTat,D,0,10,3245,3255
887,player_0a7d5f5f-11f4-4995-b9fa-e700fa0d2495@localhost,WinStayLoseShift,D,player_0542e414-c49b-4ae0-88a3-bdce4e1eb073@localhost,SuspiciousTitForTat,C,10,0,3255,3255
888,player_0a7d5f5f-11f4-4995-b9fa-e700fa0d2495@localhost,WinStayLoseShift,D,player_0542e414-c49b-4ae0-88a3-bdce4e1eb073@localhost,SuspiciousTitForTat,D,1,1,3256,3256
889,player_0a7d5f5f-11f4-4995-b9fa-e700fa0d2495@localhost,WinStayLoseShift,C,player_0542e414-c49b-4ae0-88a3-bdce4e1eb073@localhost,SuspiciousTitForTat,D,0,10,3256,3266
890,player_0a7d5f5f-11f4-4995-b9fa-e700fa0d2495@localhost,WinStayLoseShift,D,player_0542e414-c49b-4ae0-88a3-bdce4e1eb073@localhost,SuspiciousTitForTat,C,10,0,3266,3266
891,player_0a7d5f5f-11f4-4995-b9fa-e700fa0d2495@localhost,WinStayLoseShift,D,player_0542e414-c49b-4ae0-88a3-bdce4e1eb073@localhost,SuspiciousTitForTat,D,1,1,3267,3267
892,player_0a7d5f5f-11f4-4995-b9fa-e700fa0d2495@localhost,WinStayLoseShift,C,player_0542e414-c49b-4ae0-88a3-bdce4e1eb073@localhost,SuspiciousTitForTat,D,0,10,3267,3277
893,player_0a7d5f5f-11f4-4995-b9fa-e700fa0d2495@localhost,WinStayLoseShift,D,player_0542e414-c49b-4ae0-88a3-bdce4e1eb073@localhost,SuspiciousTitForTat,C,10,0,3277,3277
894,player_0a7d5f5f-11f4-4995-b9fa-e700fa0d2495@localhost,WinStayLoseShift,D,player_0542e414-c49b-4ae0-88a3-bdce4e1eb073@localhost,SuspiciousTitForTat,D,1,1,3278,3278
895,player_0a7d5f5f-11f4-4995-b9fa-e700fa0d2495@localhost,WinStayLoseShift,C,player_0542e414-c49b-4ae0-88a3-bdce4e1eb073@localhost,SuspiciousTitForTat,D,0,10,3278,3288
896,player_0a7d5f5f-11f4-4995-b9fa-e700fa0d2495@localhost,WinStayLoseShift,D,player_0542e414-c49b-4ae0-88a3-bdce4e1eb073@localhost,SuspiciousTitForTat,C,10,0,3288,3288
897,player_0a7d5f5f-11f4-4995-b9fa-e700fa0d2495@localhost,WinStayLoseShift,D,player_0542e414-c49b-4ae0-88a3-bdce4e1eb073@localhost,SuspiciousTitForTat,D,1,1,3289,3289
898,player_0a7d5f5f-11f4-4995-b9fa-e700fa0d2495@localhost,WinStayLoseShift,C,player_0542e414-c49b-4ae0-88a3-bdce4e1eb073@localhost,SuspiciousTitForTat,D,0,10,3289,3299
899,player_0a7d5f5f-11f4-4995-b9fa-e700fa0d2495@localhost,WinStayLoseShift,D,player_0542e414-c49b-4ae0-88a3-bdce4e1eb073@localhost,SuspiciousTitForTat,C,10,0,3299,3299
900,player_0a7d5f5f-11f4-4995-b9fa-e700fa0d2495@localhost,WinStayLoseShift,D,player_0542e414-c49b-4ae0-88a3-bdce4e1eb073@localhost,SuspiciousTitForTat,D,1,1,3300,3300
901,player_0a7d5f5f-11f4-4995-b9fa-e700fa0d2495@localhost,WinStayLoseShift,C,player_0542e414-c49b-4ae0-88a3-bdce4e1eb073@localhost,SuspiciousTitForTat,D,0,10,3300,3310
902,player_0a7d5f5f-11f4-4995-b9fa-e700fa0d2495@localhost,WinStayLoseShift,D,player_0542e414-c49b-4ae0-88a3-bdce4e1eb073@localhost,SuspiciousTitForTat,C,10,0,3310,3310
903,player_0a7d5f5f-11f4-4995-b9fa-e700fa0d2495@localhost,WinStayLoseShift,D,player_0542e414-c49b-4ae0-88a3-bdce4e1eb073@localhost,SuspiciousTitForTat,D,1,1,3311,3311
904,player_0a7d5f5f-11f4-4995-b9fa-e700fa0d2495@localhost,WinStayLoseShift,C,player_0542e414-c49b-4ae0-88a3-bdce4e1eb073@localhost,SuspiciousTitForTat,D,0,10,3311,3321
905,player_0a7d5f5f-11f4-4995-b9fa-e700fa0d2495@localhost,WinStayLoseShift,D,player_0542e414-c49b-4ae0-88a3-bdce4e1eb073@localhost,SuspiciousTitForTat,C,10,0,3321,3321
906,player_0a7d5f5f-11f4-4995-b9fa-e700fa0d2495@localhost,WinStayLoseShift,D,player_0542e414-c49b-4ae0-88a3-bdce4e1eb073@localhost,SuspiciousTitForTat,D,1,1,3322,3322
907,player_0a7d5f5f-11f4-4995-b9fa-e700fa0d2495@localhost,WinStayLoseShift,C,player_0542e414-c49b-4ae0-88a3-bdce4e1eb073@localhost,SuspiciousTitForTat,D,0,10,3322,3332
908,player_0a7d5f5f-11f4-4995-b9fa-e700fa0d2495@localhost,WinStayLoseShift,D,player_0542e414-c49b-4ae0-88a3-bdce4e1eb073@localhost,SuspiciousTitForTat,C,10,0,3332,3332
909,player_0a7d5f5f-11f4-4995-b9fa-e700fa0d2495@localhost,WinStayLoseShift,D,player_0542e414-c49b-4ae0-88a3-bdce4e1eb073@localhost,SuspiciousTitForTat,D,1,1,3333,3333
910,player_0a7d5f5f-11f4-4995-b9fa-e700fa0d2495@localhost,WinStayLoseShift,C,player_0542e414-c49b-4ae0-88a3-bdce4e1eb073@localhost,SuspiciousTitForTat,D,0,10,3333,3343
911,player_0a7d5f5f-11f4-4995-b9fa-e700fa0d2495@localhost,WinStayLoseShift,D,player_0542e414-c49b-4ae0-88a3-bdce4e1eb073@localhost,SuspiciousTitForTat,C,10,0,3343,3343
912,player_0a7d5f5f-11f4-4995-b9fa-e700fa0d2495@localhost,WinStayLoseShift,D,player_0542e414-c49b-4ae0-88a3-bdce4e1eb073@localhost,SuspiciousTitForTat,D,1,1,3344,3344
913,player_0a7d5f5f-11f4-4995-b9fa-e700fa0d2495@localhost,WinStayLoseShift,C,player_0542e414-c49b-4ae0-88a3-bdce4e1eb073@localhost,SuspiciousTitForTat,D,0,10,3344,3354
914,player_0a7d5f5f-11f4-4995-b9fa-e700fa0d2495@localhost,WinStayLoseShift,D,player_0542e414-c49b-4ae0-88a3-bdce4e1eb073@localhost,SuspiciousTitForTat,C,10,0,3354,3354
915,player_0a7d5f5f-11f4-4995-b9fa-e700fa0d2495@localhost,WinStayLoseShift,D,player_0542e414-c49b-4ae0-88a3-bdce4e1eb073@localhost,SuspiciousTitForTat,D,1,1,3355,3355
916,player_0a7d5f5f-11f4-4995-b9fa-e700fa0d2495@localhost,WinStayLoseShift,C,player_0542e414-c49b-4ae0-88a3-bdce4e1eb073@localhost,SuspiciousTitForTat,D,0,10,3355,3365
917,player_0a7d5f5f-11f4-4995-b9fa-e700fa0d2495@localhost,WinStayLoseShift,D,player_0542e414-c49b-4ae0-88a3-bdce4e1eb073@localhost,SuspiciousTitForTat,C,10,0,3365,3365
918,player_0a7d5f5f-11f4-4995-b9fa-e700fa0d2495@localhost,WinStayLoseShift,D,player_0542e414-c49b-4ae0-88a3-bdce4e1eb073@localhost,SuspiciousTitForTat,D,1,1,3366,3366
919,player_0a7d5f5f-11f4-4995-b9fa-e700fa0d2495@localhost,WinStayLoseShift,C,player_0542e414-c49b-4ae0-88a3-bdce4e1eb073@localhost,SuspiciousTitForTat,D,0,10,3366,3376
920,player_0a7d5f5f-11f4-4995-b9fa-e700fa0d2495@localhost,WinStayLoseShift,D,player_0542e414-c49b-4ae0-88a3-bdce4e1eb073@localhost,SuspiciousTitForTat,C,10,0,3376,3376
921,player_0a7d5f5f-11f4-4995-b9fa-e700fa0d2495@localhost,WinStayLoseShift,D,player_0542e414-c49b-4ae0-88a3-bdce4e1eb073@localhost,SuspiciousTitForTat,D,1,1,3377,3377
922,player_0a7d5f5f-11f4-4995-b9fa-e700fa0d2495@localhost,WinStayLoseShift,C,player_0542e414-c49b-4ae0-88a3-bdce4e1eb073@localhost,SuspiciousTitForTat,D,0,10,3377,3387
923,player_0a7d5f5f-11f4-4995-b9fa-e700fa0d2495@localhost,WinStayLoseShift,D,player_0542e414-c49b-4ae0-88a3-bdce4e1eb073@localhost,SuspiciousTitForTat,C,10,0,3387,3387
924,player_0a7d5f5f-11f4-4995-b9fa-e700fa0d2495@localhost,WinStayLoseShift,D,player_0542e414-c49b-4ae0-88a3-bdce4e1eb073@localhost,SuspiciousTitForTat,D,1,1,3388,3388
925,player_0a7d5f5f-11f4-4995-b9fa-e700fa0d2495@localhost,WinStayLoseShift,C,player_0542e414-c49b-4ae0-88a3-bdce4e1eb073@localhost,SuspiciousTitForTat,D,0,10,3388,3398
926,player_0a7d5f5f-11f4-4995-b9fa-e700fa0d2495@localhost,WinStayLoseShift,D,player_0542e414-c49b-4ae0-88a3-bdce4e1eb073@localhost,SuspiciousTitForTat,C,10,0,3398,3398
927,player_0a7d5f5f-11f4-4995-b9fa-e700fa0d2495@localhost,WinStayLoseShift,D,player_0542e414-c49b-4ae0-88a3-bdce4e1eb073@localhost,SuspiciousTitForTat,D,1,1,3399,3399
928,player_0a7d5f5f-11f4-4995-b9fa-e700fa0d2495@localhost,WinStayLoseShift,C,player_0542e414-c49b-4ae0-88a3-bdce4e1eb073@localhost,SuspiciousTitForTat,D,0,10,3399,3409
929,player_0a7d5f5f-11f4-4995-b9fa-e700fa0d2495@localhost,WinStayLoseShift,D,player_0542e414-c49b-4ae0-88a3-bdce4e1eb073@localhost,SuspiciousTitForTat,C,10,0,3409,3409
930,player_0a7d5f5f-11f4-4995-b9fa-e700fa0d2495@localhost,WinStayLoseShift,D,player_0542e414-c49b-4ae0-88a3-bdce4e1eb073@localhost,SuspiciousTitForTat,D,1,1,3410,3410
931,player_0a7d5f5f-11f4-4995-b9fa-e700fa0d2495@localhost,WinStayLoseShift,C,player_0542e414-c49b-4ae0-88a3-bdce4e1eb073@localhost,SuspiciousTitForTat,D,0,10,3410,3420
932,player_0a7d5f5f-11f4-4995-b9fa-e700fa0d2495@localhost,WinStayLoseShift,D,player_0542e414-c49b-4ae0-88a3-bdce4e1eb073@localhost,SuspiciousTitForTat,C,10,0,3420,3420
933,player_0a7d5f5f-11f4-4995-b9fa-e700fa0d2495@localhost,WinStayLoseShift,D,player_0542e414-c49b-4ae0-88a3-bdce4e1eb073@localhost,SuspiciousTitForTat,D,1,1,3421,3421
934,player_0a7d5f5f-11f4-4995-b9fa-e700fa0d2495@localhost,WinStayLoseShift,C,player_0542e414-c49b-4ae0-88a3-bdce4e1eb073@localhost,SuspiciousTitForTat,D,0,10,3421,3431
935,player_0a7d5f5f-11f4-4995-b9fa-e700fa0d2495@localhost,WinStayLoseShift,D,player_0542e414-c49b-4ae0-88a3-bdce4e1eb073@localhost,SuspiciousTitForTat,C,10,0,3431,3431
936,player_0a7d5f5f-11f4-4995-b9fa-e700fa0d2495@localhost,WinStayLoseShift,D,player_0542e414-c49b-4ae0-88a3-bdce4e1eb073@localhost,SuspiciousTitForTat,D,1,1,3432,3432
937,player_0a7d5f5f-11f4-4995-b9fa-e700fa0d2495@localhost,WinStayLoseShift,C,player_0542e414-c49b-4ae0-88a3-bdce4e1eb073@localhost,SuspiciousTitForTat,D,0,10,3432,3442
938,player_0a7d5f5f-11f4-4995-b9fa-e700fa0d2495@localhost,WinStayLoseShift,D,player_0542e414-c49b-4ae0-88a3-bdce4e1eb073@localhost,SuspiciousTitForTat,C,10,0,3442,3442
939,player_0a7d5f5f-11f4-4995-b9fa-e700fa0d2495@localhost,WinStayLoseShift,D,player_0542e414-c49b-4ae0-88a3-bdce4e1eb073@localhost,SuspiciousTitForTat,D,1,1,3443,3443
940,player_0a7d5f5f-11f4-4995-b9fa-e700fa0d2495@localhost,WinStayLoseShift,C,player_0542e414-c49b-4ae0-88a3-bdce4e1eb073@localhost,SuspiciousTitForTat,D,0,10,3443,3453
941,player_0a7d5f5f-11f4-4995-b9fa-e700fa0d2495@localhost,WinStayLoseShift,D,player_0542e414-c49b-4ae0-88a3-bdce4e1eb073@localhost,SuspiciousTitForTat,C,10,0,3453,3453
942,player_0a7d5f5f-11f4-4995-b9fa-e700fa0d2495@localhost,WinStayLoseShift,D,player_0542e414-c49b-4ae0-88a3-bdce4e1eb073@localhost,SuspiciousTitForTat,D,1,1,3454,3454
943,player_0a7d5f5f-11f4-4995-b9fa-e700fa0d2495@localhost,WinStayLoseShift,C,player_0542e414-c49b-4ae0-88a3-bdce4e1eb073@localhost,SuspiciousTitForTat,D,0,10,3454,3464
944,player_0a7d5f5f-11f4-4995-b9fa-e700fa0d2495@localhost,WinStayLoseShift,D,player_0542e414-c49b-4ae0-88a3-bdce4e1eb073@localhost,SuspiciousTitForTat,C,10,0,3464,3464
945,player_0a7d5f5f-11f4-4995-b9fa-e700fa0d2495@localhost,WinStayLoseShift,D,player_0542e414-c49b-4ae0-88a3-bdce4e1eb073@localhost,SuspiciousTitForTat,D,1,1,3465,3465
946,player_0a7d5f5f-11f4-4995-b9fa-e700fa0d2495@localhost,WinStayLoseShift,C,player_0542e414-c49b-4ae0-88a3-bdce4e1eb073@localhost,SuspiciousTitForTat,D,0,10,3465,3475
947,player_0a7d5f5f-11f4-4995-b9fa-e700fa0d2495@localhost,WinStayLoseShift,D,player_0542e414-c49b-4ae0-88a3-bdce4e1eb073@localhost,SuspiciousTitForTat,C,10,0,3475,3475
948,player_0a7d5f5f-11f4-4995-b9fa-e700fa0d2495@localhost,WinStayLoseShift,D,player_0542e414-c49b-4ae0-88a3-bdce4e1eb073@localhost,SuspiciousTitForTat,D,1,1,3476,3476
949,player_0a7d5f5f-11f4-4995-b9fa-e700fa0d2495@localhost,WinStayLoseShift,C,player_0542e414-c49b-4ae0-88a3-bdce4e1eb073@localhost,SuspiciousTitForTat,D,0,10,3476,3486
950,player_0a7d5f5f-11f4-4995-b9fa-e700fa0d2495@localhost,WinStayLoseShift,D,player_0542e414-c49b-4ae0-88a3-bdce4e1eb073@localhost,SuspiciousTitForTat,C,10,0,3486,3486
951,player_0a7d5f5f-11f4-4995-b9fa-e700fa0d2495@localhost,WinStayLoseShift,D,player_0542e414-c49b-4ae0-88a3-bdce4e1eb073@localhost,SuspiciousTitForTat,D,1,1,3487,3487
952,player_0a7d5f5f-11f4-4995-b9fa-e700fa0d2495@localhost,WinStayLoseShift,C,player_0542e414-c49b-4ae0-88a3-bdce4e1eb073@localhost,SuspiciousTitForTat,D,0,10,3487,3497
953,player_0a7d5f5f-11f4-4995-b9fa-e700fa0d2495@localhost,WinStayLoseShift,D,player_0542e414-c49b-4ae0-88a3-bdce4e1eb073@localhost,SuspiciousTitForTat,C,10,0,3497,3497
954,player_0a7d5f5f-11f4-4995-b9fa-e700fa0d2495@localhost,WinStayLoseShift,D,player_0542e414-c49b-4ae0-88a3-bdce4e1eb073@localhost,SuspiciousTitForTat,D,1,1,3498,3498
955,player_0a7d5f5f-11f4-4995-b9fa-e700fa0d2495@localhost,WinStayLoseShift,C,player_0542e414-c49b-4ae0-88a3-bdce4e1eb073@localhost,SuspiciousTitForTat,D,0,10,3498,3508
956,player_0a7d5f5f-11f4-4995-b9fa-e700fa0d2495@localhost,WinStayLoseShift,D,player_0542e414-c49b-4ae0-88a3-bdce4e1eb073@localhost,SuspiciousTitForTat,C,10,0,3508,3508
957,player_0a7d5f5f-11f4-4995-b9fa-e700fa0d2495@localhost,WinStayLoseShift,D,player_0542e414-c49b-4ae0-88a3-bdce4e1eb073@localhost,SuspiciousTitForTat,D,1,1,3509,3509
958,player_0a7d5f5f-11f4-4995-b9fa-e700fa0d2495@localhost,WinStayLoseShift,C,player_0542e414-c49b-4ae0-88a3-bdce4e1eb073@localhost,SuspiciousTitForTat,D,0,10,3509,3519
959,player_0a7d5f5f-11f4-4995-b9fa-e700fa0d2495@localhost,WinStayLoseShift,D,player_0542e414-c49b-4ae0-88a3-bdce4e1eb073@localhost,SuspiciousTitForTat,C,10,0,3519,3519
960,player_0a7d5f5f-11f4-4995-b9fa-e700fa0d2495@localhost,WinStayLoseShift,D,player_0542e414-c49b-4ae0-88a3-bdce4e1eb073@localhost,SuspiciousTitForTat,D,1,1,3520,3520
961,player_0a7d5f5f-11f4-4995-b9fa-e700fa0d2495@localhost,WinStayLoseShift,C,player_0542e414-c49b-4ae0-88a3-bdce4e1eb073@localhost,SuspiciousTitForTat,D,0,10,3520,3530
962,player_0a7d5f5f-11f4-4995-b9fa-e700fa0d2495@localhost,WinStayLoseShift,D,player_0542e414-c49b-4ae0-88a3-bdce4e1eb073@localhost,SuspiciousTitForTat,C,10,0,3530,3530
963,player_0a7d5f5f-11f4-4995-b9fa-e700fa0d2495@localhost,WinStayLoseShift,D,player_0542e414-c49b-4ae0-88a3-bdce4e1eb073@localhost,SuspiciousTitForTat,D,1,1,3531,3531
964,player_0a7d5f5f-11f4-4995-b9fa-e700fa0d2495@localhost,WinStayLoseShift,C,player_0542e414-c49b-4ae0-88a3-bdce4e1eb073@localhost,SuspiciousTitForTat,D,0,10,3531,3541
965,player_0a7d5f5f-11f4-4995-b9fa-e700fa0d2495@localhost,WinStayLoseShift,D,player_0542e414-c49b-4ae0-88a3-bdce4e1eb073@localhost,SuspiciousTitForTat,C,10,0,3541,3541
966,player_0a7d5f5f-11f4-4995-b9fa-e700fa0d2495@localhost,WinStayLoseShift,D,player_0542e414-c49b-4ae0-88a3-bdce4e1eb073@localhost,SuspiciousTitForTat,D,1,1,3542,3542
967,player_0a7d5f5f-11f4-4995-b9fa-e700fa0d2495@localhost,WinStayLoseShift,C,player_0542e414-c49b-4ae0-88a3-bdce4e1eb073@localhost,SuspiciousTitForTat,D,0,10,3542,3552
968,player_0a7d5f5f-11f4-4995-b9fa-e700fa0d2495@localhost,WinStayLoseShift,D,player_0542e414-c49b-4ae0-88a3-bdce4e1eb073@localhost,SuspiciousTitForTat,C,10,0,3552,3552
969,player_0a7d5f5f-11f4-4995-b9fa-e700fa0d2495@localhost,WinStayLoseShift,D,player_0542e414-c49b-4ae0-88a3-bdce4e1eb073@localhost,SuspiciousTitForTat,D,1,1,3553,3553
970,player_0a7d5f5f-11f4-4995-b9fa-e700fa0d2495@localhost,WinStayLoseShift,C,player_0542e414-c49b-4ae0-88a3-bdce4e1eb073@localhost,SuspiciousTitForTat,D,0,10,3553,3563
971,player_0a7d5f5f-11f4-4995-b9fa-e700fa0d2495@localhost,WinStayLoseShift,D,player_0542e414-c49b-4ae0-88a3-bdce4e1eb073@localhost,SuspiciousTitForTat,C,10,0,3563,3563
972,player_0a7d5f5f-11f4-4995-b9fa-e700fa0d2495@localhost,WinStayLoseShift,D,player_0542e414-c49b-4ae0-88a3-bdce4e1eb073@localhost,SuspiciousTitForTat,D,1,1,3564,3564
973,player_0a7d5f5f-11f4-4995-b9fa-e700fa0d2495@localhost,WinStayLoseShift,C,player_0542e414-c49b-4ae0-88a3-bdce4e1eb073@localhost,SuspiciousTitForTat,D,0,10,3564,3574
974,player_0a7d5f5f-11f4-4995-b9fa-e700fa0d2495@localhost,WinStayLoseShift,D,player_0542e414-c49b-4ae0-88a3-bdce4e1eb073@localhost,SuspiciousTitForTat,C,10,0,3574,3574
975,player_0a7d5f5f-11f4-4995-b9fa-e700fa0d2495@localhost,WinStayLoseShift,D,player_0542e414-c49b-4ae0-88a3-bdce4e1eb073@localhost,SuspiciousTitForTat,D,1,1,3575,3575
976,player_0a7d5f5f-11f4-4995-b9fa-e700fa0d2495@localhost,WinStayLoseShift,C,player_0542e414-c49b-4ae0-88a3-bdce4e1eb073@localhost,SuspiciousTitForTat,D,0,10,3575,3585
977,player_0a7d5f5f-11f4-4995-b9fa-e700fa0d2495@localhost,WinStayLoseShift,D,player_0542e414-c49b-4ae0-88a3-bdce4e1eb073@localhost,SuspiciousTitForTat,C,10,0,3585,3585
978,player_0a7d5f5f-11f4-4995-b9fa-e700fa0d2495@localhost,WinStayLoseShift,D,player_0542e414-c49b-4ae0-88a3-bdce4e1eb073@localhost,SuspiciousTitForTat,D,1,1,3586,3586
979,player_0a7d5f5f-11f4-4995-b9fa-e700fa0d2495@localhost,WinStayLoseShift,C,player_0542e414-c49b-4ae0-88a3-bdce4e1eb073@localhost,SuspiciousTitForTat,D,0,10,3586,3596
980,player_0a7d5f5f-11f4-4995-b9fa-e700fa0d2495@localhost,WinStayLoseShift,D,player_0542e414-c49b-4ae0-88a3-bdce4e1eb073@localhost,SuspiciousTitForTat,C,10,0,3596,3596
981,player_0a7d5f5f-11f4-4995-b9fa-e700fa0d2495@localhost,WinStayLoseShift,D,player_0542e414-c49b-4ae0-88a3-bdce4e1eb073@localhost,SuspiciousTitForTat,D,1,1,3597,3597
982,player_0a7d5f5f-11f4-4995-b9fa-e700fa0d2495@localhost,WinStayLoseShift,C,player_0542e414-c49b-4ae0-88a3-bdce4e1eb073@localhost,SuspiciousTitForTat,D,0,10,3597,3607
983,player_0a7d5f5f-11f4-4995-b9fa-e700fa0d2495@localhost,WinStayLoseShift,D,player_0542e414-c49b-4ae0-88a3-bdce4e1eb073@localhost,SuspiciousTitForTat,C,10,0,3607,3607
984,player_0a7d5f5f-11f4-4995-b9fa-e700fa0d2495@localhost,WinStayLoseShift,D,player_0542e414-c49b-4ae0-88a3-bdce4e1eb073@localhost,SuspiciousTitForTat,D,1,1,3608,3608
985,player_0a7d5f5f-11f4-4995-b9fa-e700fa0d2495@localhost,WinStayLoseShift,C,player_0542e414-c49b-4ae0-88a3-bdce4e1eb073@localhost,SuspiciousTitForTat,D,0,10,3608,3618
986,player_0a7d5f5f-11f4-4995-b9fa-e700fa0d2495@localhost,WinStayLoseShift,D,player_0542e414-c49b-4ae0-88a3-bdce4e1eb073@localhost,SuspiciousTitForTat,C,10,0,3618,3618
987,player_0a7d5f5f-11f4-4995-b9fa-e700fa0d2495@localhost,WinStayLoseShift,D,player_0542e414-c49b-4ae0-88a3-bdce4e1eb073@localhost,SuspiciousTitForTat,D,1,1,3619,3619
988,player_0a7d5f5f-11f4-4995-b9fa-e700fa0d2495@localhost,WinStayLoseShift,C,player_0542e414-c49b-4ae0-88a3-bdce4e1eb073@localhost,SuspiciousTitForTat,D,0,10,3619,3629
989,player_0a7d5f5f-11f4-4995-b9fa-e700fa0d2495@localhost,WinStayLoseShift,D,player_0542e414-c49b-4ae0-88a3-bdce4e1eb073@localhost,SuspiciousTitForTat,C,10,0,3629,3629
990,player_0a7d5f5f-11f4-4995-b9fa-e700fa0d2495@localhost,WinStayLoseShift,D,player_0542e414-c49b-4ae0-88a3-bdce4e1eb073@localhost,SuspiciousTitForTat,D,1,1,3630,3630
991,player_0a7d5f5f-11f4-4995-b9fa-e700fa0d2495@localhost,WinStayLoseShift,C,player_0542e414-c49b-4ae0-88a3-bdce4e1eb073@localhost,SuspiciousTitForTat,D,0,10,3630,3640
992,player_0a7d5f5f-11f4-4995-b9fa-e700fa0d2495@localhost,WinStayLoseShift,D,player_0542e414-c49b-4ae0-88a3-bdce4e1eb073@localhost,SuspiciousTitForTat,C,10,0,3640,3640
993,player_0a7d5f5f-11f4-4995-b9fa-e700fa0d2495@localhost,WinStayLoseShift,D,player_0542e414-c49b-4ae0-88a3-bdce4e1eb073@localhost,SuspiciousTitForTat,D,1,1,3641,3641
994,player_0a7d5f5f-11f4-4995-b9fa-e700fa0d2495@localhost,WinStayLoseShift,C,player_0542e414-c49b-4ae0-88a3-bdce4e1eb073@localhost,SuspiciousTitForTat,D,0,10,3641,3651
995,player_0a7d5f5f-11f4-4995-b9fa-e700fa0d2495@localhost,WinStayLoseShift,D,player_0542e414-c49b-4ae0-88a3-bdce4e1eb073@localhost,SuspiciousTitForTat,C,10,0,3651,3651
996,player_0a7d5f5f-11f4-4995-b9fa-e700fa0d2495@localhost,WinStayLoseShift,D,player_0542e414-c49b-4ae0-88a3-bdce4e1eb073@localhost,SuspiciousTitForTat,D,1,1,3652,3652
997,player_0a7d5f5f-11f4-4995-b9fa-e700fa0d2495@localhost,WinStayLoseShift,C,player_0542e414-c49b-4ae0-88a3-bdce4e1eb073@localhost,SuspiciousTitForTat,D,0,10,3652,3662
998,player_0a7d5f5f-11f4-4995-b9fa-e700fa0d2495@localhost,WinStayLoseShift,D,player_0542e414-c49b-4ae0-88a3-bdce4e1eb073@localhost,SuspiciousTitForTat,C,10,0,3662,3662
999,player_0a7d5f5f-11f4-4995-b9fa-e700fa0d2495@localhost,WinStayLoseShift,D,player_0542e414-c49b-4ae0-88a3-bdce4e1eb073@localhost,SuspiciousTitForTat,D,1,1,3663,3663
1000,player_0a7d5f5f-11f4-4995-b9fa-e700fa0d2495@localhost,WinStayLoseShift,C,player_0542e414-c49b-4ae0-88a3-bdce4e1eb073@localhost,SuspiciousTitForTat,D,0,10,3663,3673
,,,,,,,,,,
# AGGREGATED METRICS
# p1_jid,player_0a7d5f5f-11f4-4995-b9fa-e700fa0d2495@localhost
# p2_jid,player_0542e414-c49b-4ae0-88a3-bdce4e1eb073@localhost
# total_rounds,1000
# cooperation_rate_p1,0.3340
# cooperation_rate_p2,0.3330
# defection_rate_p1,0.6660
# defection_rate_p2,0.6670
# total_payoff_p1,3663
# total_payoff_p2,3673
# avg_payoff_p1,3.6630
# avg_payoff_p2,3.6730
